B11,B12,B2,B3,B4,B5,B6,B7,B8,B8A,date,Actual,RATIO_B2_B3,ND_B2_B3,RATIO_B2_B4,ND_B2_B4,RATIO_B2_B5,ND_B2_B5,RATIO_B2_B6,ND_B2_B6,RATIO_B2_B7,ND_B2_B7,RATIO_B2_B8,ND_B2_B8,RATIO_B2_B8A,ND_B2_B8A,RATIO_B2_B11,ND_B2_B11,RATIO_B2_B12,ND_B2_B12,RATIO_B3_B2,ND_B3_B2,RATIO_B3_B4,ND_B3_B4,RATIO_B3_B5,ND_B3_B5,RATIO_B3_B6,ND_B3_B6,RATIO_B3_B7,ND_B3_B7,RATIO_B3_B8,ND_B3_B8,RATIO_B3_B8A,ND_B3_B8A,RATIO_B3_B11,ND_B3_B11,RATIO_B3_B12,ND_B3_B12,RATIO_B4_B2,ND_B4_B2,RATIO_B4_B3,ND_B4_B3,RATIO_B4_B5,ND_B4_B5,RATIO_B4_B6,ND_B4_B6,RATIO_B4_B7,ND_B4_B7,RATIO_B4_B8,ND_B4_B8,RATIO_B4_B8A,ND_B4_B8A,RATIO_B4_B11,ND_B4_B11,RATIO_B4_B12,ND_B4_B12,RATIO_B5_B2,ND_B5_B2,RATIO_B5_B3,ND_B5_B3,RATIO_B5_B4,ND_B5_B4,RATIO_B5_B6,ND_B5_B6,RATIO_B5_B7,ND_B5_B7,RATIO_B5_B8,ND_B5_B8,RATIO_B5_B8A,ND_B5_B8A,RATIO_B5_B11,ND_B5_B11,RATIO_B5_B12,ND_B5_B12,RATIO_B6_B2,ND_B6_B2,RATIO_B6_B3,ND_B6_B3,RATIO_B6_B4,ND_B6_B4,RATIO_B6_B5,ND_B6_B5,RATIO_B6_B7,ND_B6_B7,RATIO_B6_B8,ND_B6_B8,RATIO_B6_B8A,ND_B6_B8A,RATIO_B6_B11,ND_B6_B11,RATIO_B6_B12,ND_B6_B12,RATIO_B7_B2,ND_B7_B2,RATIO_B7_B3,ND_B7_B3,RATIO_B7_B4,ND_B7_B4,RATIO_B7_B5,ND_B7_B5,RATIO_B7_B6,ND_B7_B6,RATIO_B7_B8,ND_B7_B8,RATIO_B7_B8A,ND_B7_B8A,RATIO_B7_B11,ND_B7_B11,RATIO_B7_B12,ND_B7_B12,RATIO_B8_B2,ND_B8_B2,RATIO_B8_B3,ND_B8_B3,RATIO_B8_B4,ND_B8_B4,RATIO_B8_B5,ND_B8_B5,RATIO_B8_B6,ND_B8_B6,RATIO_B8_B7,ND_B8_B7,RATIO_B8_B8A,ND_B8_B8A,RATIO_B8_B11,ND_B8_B11,RATIO_B8_B12,ND_B8_B12,RATIO_B8A_B2,ND_B8A_B2,RATIO_B8A_B3,ND_B8A_B3,RATIO_B8A_B4,ND_B8A_B4,RATIO_B8A_B5,ND_B8A_B5,RATIO_B8A_B6,ND_B8A_B6,RATIO_B8A_B7,ND_B8A_B7,RATIO_B8A_B8,ND_B8A_B8,RATIO_B8A_B11,ND_B8A_B11,RATIO_B8A_B12,ND_B8A_B12,RATIO_B11_B2,ND_B11_B2,RATIO_B11_B3,ND_B11_B3,RATIO_B11_B4,ND_B11_B4,RATIO_B11_B5,ND_B11_B5,RATIO_B11_B6,ND_B11_B6,RATIO_B11_B7,ND_B11_B7,RATIO_B11_B8,ND_B11_B8,RATIO_B11_B8A,ND_B11_B8A,RATIO_B11_B12,ND_B11_B12,RATIO_B12_B2,ND_B12_B2,RATIO_B12_B3,ND_B12_B3,RATIO_B12_B4,ND_B12_B4,RATIO_B12_B5,ND_B12_B5,RATIO_B12_B6,ND_B12_B6,RATIO_B12_B7,ND_B12_B7,RATIO_B12_B8,ND_B12_B8,RATIO_B12_B8A,ND_B12_B8A,RATIO_B12_B11,ND_B12_B11
37,39,267,456,298,255,52,53,41,25,11/23/2024,35.46,0.585526316,-0.261410788,0.895973154,-0.054867257,1.047058824,0.022988506,5.134615385,0.673981191,5.037735849,0.66875,6.512195122,0.733766234,10.68,0.828767123,7.216216216,0.756578947,6.846153846,0.745098039,1.707865169,0.261410788,1.530201342,0.209549072,1.788235294,0.282700422,8.769230769,0.795275591,8.603773585,0.791748527,11.12195122,0.83501006,18.24,0.896049896,12.32432432,0.84989858,11.69230769,0.842424242,1.116104869,0.054867257,0.653508772,-0.209549072,1.168627451,0.077757685,5.730769231,0.702857143,5.622641509,0.698005698,7.268292683,0.758112094,11.92,0.845201238,8.054054054,0.779104478,7.641025641,0.768545994,0.95505618,-0.022988506,0.559210526,-0.282700422,0.855704698,-0.077757685,4.903846154,0.661237785,4.811320755,0.655844156,6.219512195,0.722972973,10.2,0.821428571,6.891891892,0.746575342,6.538461538,0.734693878,0.194756554,-0.673981191,0.114035088,-0.795275591,0.174496644,-0.702857143,0.203921569,-0.661237785,0.981132075,-0.00952381,1.268292683,0.11827957,2.08,0.350649351,1.405405405,0.168539326,1.333333333,0.142857143,0.198501873,-0.66875,0.11622807,-0.791748527,0.177852349,-0.698005698,0.207843137,-0.655844156,1.019230769,0.00952381,1.292682927,0.127659574,2.12,0.358974359,1.432432432,0.177777778,1.358974359,0.152173913,0.153558052,-0.733766234,0.089912281,-0.83501006,0.137583893,-0.758112094,0.160784314,-0.722972973,0.788461538,-0.11827957,0.773584906,-0.127659574,1.64,0.242424242,1.108108108,0.051282051,1.051282051,0.025,0.093632959,-0.828767123,0.054824561,-0.896049896,0.083892617,-0.845201238,0.098039216,-0.821428571,0.480769231,-0.350649351,0.471698113,-0.358974359,0.609756098,-0.242424242,0.675675676,-0.193548387,0.641025641,-0.21875,0.138576779,-0.756578947,0.081140351,-0.84989858,0.124161074,-0.779104478,0.145098039,-0.746575342,0.711538462,-0.168539326,0.698113208,-0.177777778,0.902439024,-0.051282051,1.48,0.193548387,0.948717949,-0.026315789,0.146067416,-0.745098039,0.085526316,-0.842424242,0.130872483,-0.768545994,0.152941176,-0.734693878,0.75,-0.142857143,0.735849057,-0.152173913,0.951219512,-0.025,1.56,0.21875,1.054054054,0.026315789
335,307,751,879,705,371,301,431,353,337,5/27/2024,0.61,0.854379977,-0.078527607,1.065248227,0.031593407,2.02425876,0.338680927,2.495016611,0.427756654,1.742459397,0.27072758,2.127478754,0.360507246,2.228486647,0.380514706,2.241791045,0.38305709,2.446254072,0.419659735,1.170439414,0.078527607,1.246808511,0.109848485,2.369272237,0.4064,2.920265781,0.489830508,2.039443155,0.341984733,2.490084986,0.426948052,2.608308605,0.445723684,2.623880597,0.448105437,2.863192182,0.482293423,0.938748336,-0.031593407,0.802047782,-0.109848485,1.900269542,0.310408922,2.342192691,0.401590457,1.635730858,0.241197183,1.997167139,0.332703214,2.091988131,0.353166987,2.104477612,0.355769231,2.296416938,0.393280632,0.494007989,-0.338680927,0.422070535,-0.4064,0.526241135,-0.310408922,1.23255814,0.104166667,0.860788863,-0.074812968,1.050991501,0.024861878,1.100890208,0.048022599,1.107462687,0.050991501,1.208469055,0.09439528,0.400798935,-0.427756654,0.342434585,-0.489830508,0.426950355,-0.401590457,0.811320755,-0.104166667,0.69837587,-0.177595628,0.852691218,-0.079510703,0.893175074,-0.056426332,0.898507463,-0.053459119,0.980456026,-0.009868421,0.573901465,-0.27072758,0.49032992,-0.341984733,0.611347518,-0.241197183,1.161725067,0.074812968,1.431893688,0.177595628,1.220963173,0.099489796,1.278931751,0.122395833,1.286567164,0.125326371,1.403908795,0.16802168,0.470039947,-0.360507246,0.401592719,-0.426948052,0.50070922,-0.332703214,0.95148248,-0.024861878,1.172757475,0.079510703,0.819025522,-0.099489796,1.047477745,0.023188406,1.053731343,0.026162791,1.149837134,0.06969697,0.44873502,-0.380514706,0.383390216,-0.445723684,0.478014184,-0.353166987,0.908355795,-0.048022599,1.119601329,0.056426332,0.781902552,-0.122395833,0.954674221,-0.023188406,1.005970149,0.00297619,1.09771987,0.046583851,0.446071904,-0.38305709,0.381114903,-0.448105437,0.475177305,-0.355769231,0.90296496,-0.050991501,1.112956811,0.053459119,0.777262181,-0.125326371,0.949008499,-0.026162791,0.994065282,-0.00297619,1.091205212,0.043613707,0.408788282,-0.419659735,0.349260523,-0.482293423,0.435460993,-0.393280632,0.827493261,-0.09439528,1.019933555,0.009868421,0.712296984,-0.16802168,0.869688385,-0.06969697,0.910979228,-0.046583851,0.91641791,-0.043613707
24,19,77,69,69,53,27,32,37,13,11/25/2025,97.58,1.115942029,0.054794521,1.115942029,0.054794521,1.452830189,0.184615385,2.851851852,0.480769231,2.40625,0.412844037,2.081081081,0.350877193,5.923076923,0.711111111,3.208333333,0.524752475,4.052631579,0.604166667,0.896103896,-0.054794521,1.0,0.0,1.301886792,0.131147541,2.555555556,0.4375,2.15625,0.366336634,1.864864865,0.301886792,5.307692308,0.682926829,2.875,0.483870968,3.631578947,0.568181818,0.896103896,-0.054794521,1.0,0.0,1.301886792,0.131147541,2.555555556,0.4375,2.15625,0.366336634,1.864864865,0.301886792,5.307692308,0.682926829,2.875,0.483870968,3.631578947,0.568181818,0.688311688,-0.184615385,0.768115942,-0.131147541,0.768115942,-0.131147541,1.962962963,0.325,1.65625,0.247058824,1.432432432,0.177777778,4.076923077,0.606060606,2.208333333,0.376623377,2.789473684,0.472222222,0.350649351,-0.480769231,0.391304348,-0.4375,0.391304348,-0.4375,0.509433962,-0.325,0.84375,-0.084745763,0.72972973,-0.15625,2.076923077,0.35,1.125,0.058823529,1.421052632,0.173913043,0.415584416,-0.412844037,0.463768116,-0.366336634,0.463768116,-0.366336634,0.603773585,-0.247058824,1.185185185,0.084745763,0.864864865,-0.072463768,2.461538462,0.422222222,1.333333333,0.142857143,1.684210526,0.254901961,0.480519481,-0.350877193,0.536231884,-0.301886792,0.536231884,-0.301886792,0.698113208,-0.177777778,1.37037037,0.15625,1.15625,0.072463768,2.846153846,0.48,1.541666667,0.213114754,1.947368421,0.321428571,0.168831169,-0.711111111,0.188405797,-0.682926829,0.188405797,-0.682926829,0.245283019,-0.606060606,0.481481481,-0.35,0.40625,-0.422222222,0.351351351,-0.48,0.541666667,-0.297297297,0.684210526,-0.1875,0.311688312,-0.524752475,0.347826087,-0.483870968,0.347826087,-0.483870968,0.452830189,-0.376623377,0.888888889,-0.058823529,0.75,-0.142857143,0.648648649,-0.213114754,1.846153846,0.297297297,1.263157895,0.11627907,0.246753247,-0.604166667,0.275362319,-0.568181818,0.275362319,-0.568181818,0.358490566,-0.472222222,0.703703704,-0.173913043,0.59375,-0.254901961,0.513513514,-0.321428571,1.461538462,0.1875,0.791666667,-0.11627907
545,490,631,706,612,653,536,510,476,490,8/20/2025,27.22,0.893767705,-0.056095737,1.031045752,0.015285599,0.966309342,-0.017133956,1.177238806,0.081405313,1.237254902,0.106047327,1.325630252,0.140018067,1.287755102,0.125780553,1.157798165,0.073129252,1.287755102,0.125780553,1.118858954,0.056095737,1.153594771,0.071320182,1.081163859,0.038999264,1.317164179,0.136876006,1.384313725,0.161184211,1.483193277,0.194585448,1.440816327,0.180602007,1.295412844,0.128697042,1.440816327,0.180602007,0.969889065,-0.015285599,0.866855524,-0.071320182,0.937212864,-0.032411067,1.141791045,0.066202091,1.2,0.090909091,1.285714286,0.125,1.248979592,0.110707804,1.12293578,0.057908384,1.248979592,0.110707804,1.034865293,0.017133956,0.924929178,-0.038999264,1.066993464,0.032411067,1.218283582,0.098402019,1.280392157,0.122957868,1.371848739,0.156775908,1.332653061,0.142607174,1.198165138,0.09015025,1.332653061,0.142607174,0.849445325,-0.081405313,0.759206799,-0.136876006,0.875816993,-0.066202091,0.820826953,-0.098402019,1.050980392,0.024856597,1.12605042,0.059288538,1.093877551,0.044834308,0.983486239,-0.008325624,1.093877551,0.044834308,0.808240887,-0.106047327,0.722379603,-0.161184211,0.833333333,-0.090909091,0.78101072,-0.122957868,0.951492537,-0.024856597,1.071428571,0.034482759,1.040816327,0.02,0.935779817,-0.033175355,1.040816327,0.02,0.754358162,-0.140018067,0.674220963,-0.194585448,0.777777778,-0.125,0.728943338,-0.156775908,0.888059701,-0.059288538,0.933333333,-0.034482759,0.971428571,-0.014492754,0.873394495,-0.067580803,0.971428571,-0.014492754,0.776545166,-0.125780553,0.694050992,-0.180602007,0.800653595,-0.110707804,0.750382848,-0.142607174,0.914179104,-0.044834308,0.960784314,-0.02,1.029411765,0.014492754,0.899082569,-0.053140097,1.0,0.0,0.863708399,-0.073129252,0.771954674,-0.128697042,0.890522876,-0.057908384,0.834609495,-0.09015025,1.016791045,0.008325624,1.068627451,0.033175355,1.144957983,0.067580803,1.112244898,0.053140097,1.112244898,0.053140097,0.776545166,-0.125780553,0.694050992,-0.180602007,0.800653595,-0.110707804,0.750382848,-0.142607174,0.914179104,-0.044834308,0.960784314,-0.02,1.029411765,0.014492754,1.0,0.0,0.899082569,-0.053140097
587,564,1115,1307,808,754,639,687,602,626,4/17/2024,4.23,0.853098699,-0.079273328,1.379950495,0.159646386,1.478779841,0.193151418,1.744913928,0.271379704,1.622998544,0.237513873,1.852159468,0.298776937,1.78115016,0.280873061,1.899488927,0.310223267,1.976950355,0.328171531,1.172197309,0.079273328,1.617574257,0.235933806,1.733421751,0.268316351,2.045383412,0.343268243,1.902474527,0.310932798,2.171096346,0.3693033,2.087859425,0.352302121,2.226575809,0.380147835,2.317375887,0.397113843,0.724663677,-0.159646386,0.61820964,-0.235933806,1.071618037,0.034571063,1.264475743,0.116793366,1.176128093,0.080936455,1.342192691,0.146099291,1.290734824,0.126917713,1.37649063,0.158422939,1.432624113,0.177842566,0.676233184,-0.193151418,0.57689365,-0.268316351,0.933168317,-0.034571063,1.179968701,0.082555635,1.097525473,0.046495489,1.252491694,0.112094395,1.204472843,0.092753623,1.284497445,0.12453393,1.336879433,0.144157815,0.57309417,-0.271379704,0.488905891,-0.343268243,0.790841584,-0.116793366,0.847480106,-0.082555635,0.930131004,-0.036199095,1.061461794,0.029814666,1.020766773,0.01027668,1.088586031,0.042414356,1.132978723,0.06234414,0.616143498,-0.237513873,0.525631217,-0.310932798,0.850247525,-0.080936455,0.911140584,-0.046495489,1.075117371,0.036199095,1.141196013,0.065942591,1.097444089,0.046458492,1.170357751,0.078492936,1.218085106,0.098321343,0.539910314,-0.298776937,0.460596787,-0.3693033,0.745049505,-0.146099291,0.798408488,-0.112094395,0.942097027,-0.029814666,0.876273654,-0.065942591,0.961661342,-0.019543974,1.025553663,0.012615643,1.067375887,0.032590051,0.561434978,-0.280873061,0.478959449,-0.352302121,0.774752475,-0.126917713,0.830238727,-0.092753623,0.979655712,-0.01027668,0.911208151,-0.046458492,1.03986711,0.019543974,1.066439523,0.03215169,1.109929078,0.05210084,0.526457399,-0.310223267,0.449120122,-0.380147835,0.726485149,-0.158422939,0.778514589,-0.12453393,0.918622848,-0.042414356,0.854439592,-0.078492936,0.975083056,-0.012615643,0.937699681,-0.03215169,1.040780142,0.019982624,0.505829596,-0.328171531,0.431522571,-0.397113843,0.698019802,-0.177842566,0.74801061,-0.144157815,0.882629108,-0.06234414,0.820960699,-0.098321343,0.936877076,-0.032590051,0.900958466,-0.05210084,0.960817717,-0.019982624
80,59,130,170,157,163,74,145,66,81,11/8/2025,63.19,0.764705882,-0.133333333,0.828025478,-0.094076655,0.797546012,-0.112627986,1.756756757,0.274509804,0.896551724,-0.054545455,1.96969697,0.326530612,1.604938272,0.232227488,1.625,0.238095238,2.203389831,0.375661376,1.307692308,0.133333333,1.082802548,0.039755352,1.042944785,0.021021021,2.297297297,0.393442623,1.172413793,0.079365079,2.575757576,0.440677966,2.098765432,0.354581673,2.125,0.36,2.881355932,0.484716157,1.207692308,0.094076655,0.923529412,-0.039755352,0.963190184,-0.01875,2.121621622,0.359307359,1.082758621,0.039735099,2.378787879,0.408071749,1.938271605,0.319327731,1.9625,0.324894515,2.661016949,0.453703704,1.253846154,0.112627986,0.958823529,-0.021021021,1.038216561,0.01875,2.202702703,0.375527426,1.124137931,0.058441558,2.46969697,0.423580786,2.012345679,0.336065574,2.0375,0.341563786,2.762711864,0.468468468,0.569230769,-0.274509804,0.435294118,-0.393442623,0.47133758,-0.359307359,0.45398773,-0.375527426,0.510344828,-0.324200913,1.121212121,0.057142857,0.913580247,-0.04516129,0.925,-0.038961039,1.254237288,0.112781955,1.115384615,0.054545455,0.852941176,-0.079365079,0.923566879,-0.039735099,0.889570552,-0.058441558,1.959459459,0.324200913,2.196969697,0.374407583,1.790123457,0.283185841,1.8125,0.288888889,2.457627119,0.421568627,0.507692308,-0.326530612,0.388235294,-0.440677966,0.420382166,-0.408071749,0.404907975,-0.423580786,0.891891892,-0.057142857,0.455172414,-0.374407583,0.814814815,-0.102040816,0.825,-0.095890411,1.118644068,0.056,0.623076923,-0.232227488,0.476470588,-0.354581673,0.515923567,-0.319327731,0.496932515,-0.336065574,1.094594595,0.04516129,0.55862069,-0.283185841,1.227272727,0.102040816,1.0125,0.00621118,1.372881356,0.157142857,0.615384615,-0.238095238,0.470588235,-0.36,0.50955414,-0.324894515,0.490797546,-0.341563786,1.081081081,0.038961039,0.551724138,-0.288888889,1.212121212,0.095890411,0.987654321,-0.00621118,1.355932203,0.151079137,0.453846154,-0.375661376,0.347058824,-0.484716157,0.375796178,-0.453703704,0.36196319,-0.468468468,0.797297297,-0.112781955,0.406896552,-0.421568627,0.893939394,-0.056,0.728395062,-0.157142857,0.7375,-0.151079137
130,136,289,388,244,242,160,164,130,159,10/25/2023,24.58,0.744845361,-0.146233383,1.18442623,0.084427767,1.194214876,0.088512241,1.80625,0.287305122,1.762195122,0.27593819,2.223076923,0.37947494,1.817610063,0.290178571,2.223076923,0.37947494,2.125,0.36,1.342560554,0.146233383,1.590163934,0.227848101,1.603305785,0.231746032,2.425,0.416058394,2.365853659,0.405797101,2.984615385,0.498069498,2.440251572,0.418647166,2.984615385,0.498069498,2.852941176,0.480916031,0.844290657,-0.084427767,0.628865979,-0.227848101,1.008264463,0.004115226,1.525,0.207920792,1.487804878,0.196078431,1.876923077,0.304812834,1.534591195,0.210918114,1.876923077,0.304812834,1.794117647,0.284210526,0.837370242,-0.088512241,0.62371134,-0.231746032,0.991803279,-0.004115226,1.5125,0.2039801,1.475609756,0.192118227,1.861538462,0.301075269,1.522012579,0.206982544,1.861538462,0.301075269,1.779411765,0.28042328,0.553633218,-0.287305122,0.412371134,-0.416058394,0.655737705,-0.207920792,0.661157025,-0.2039801,0.975609756,-0.012345679,1.230769231,0.103448276,1.006289308,0.003134796,1.230769231,0.103448276,1.176470588,0.081081081,0.567474048,-0.27593819,0.422680412,-0.405797101,0.672131148,-0.196078431,0.67768595,-0.192118227,1.025,0.012345679,1.261538462,0.115646259,1.031446541,0.015479876,1.261538462,0.115646259,1.205882353,0.093333333,0.44982699,-0.37947494,0.335051546,-0.498069498,0.532786885,-0.304812834,0.537190083,-0.301075269,0.8125,-0.103448276,0.792682927,-0.115646259,0.817610063,-0.100346021,1.0,0.0,0.955882353,-0.022556391,0.55017301,-0.290178571,0.409793814,-0.418647166,0.651639344,-0.210918114,0.657024793,-0.206982544,0.99375,-0.003134796,0.969512195,-0.015479876,1.223076923,0.100346021,1.223076923,0.100346021,1.169117647,0.077966102,0.44982699,-0.37947494,0.335051546,-0.498069498,0.532786885,-0.304812834,0.537190083,-0.301075269,0.8125,-0.103448276,0.792682927,-0.115646259,1.0,0.0,0.817610063,-0.100346021,0.955882353,-0.022556391,0.470588235,-0.36,0.350515464,-0.480916031,0.557377049,-0.284210526,0.561983471,-0.28042328,0.85,-0.081081081,0.829268293,-0.093333333,1.046153846,0.022556391,0.855345912,-0.077966102,1.046153846,0.022556391
138,112,457,416,363,386,367,290,319,300,3/18/2025,125.43,1.098557692,0.04696449,1.258953168,0.114634146,1.183937824,0.084223013,1.245231608,0.109223301,1.575862069,0.22356091,1.432601881,0.177835052,1.523333333,0.207397622,3.311594203,0.536134454,4.080357143,0.606326889,0.910284464,-0.04696449,1.14600551,0.068035944,1.077720207,0.037406484,1.133514986,0.062579821,1.434482759,0.178470255,1.304075235,0.131972789,1.386666667,0.162011173,3.014492754,0.501805054,3.714285714,0.575757576,0.794310722,-0.114634146,0.872596154,-0.068035944,0.940414508,-0.03070761,0.989100817,-0.005479452,1.251724138,0.11179173,1.137931034,0.064516129,1.21,0.095022624,2.630434783,0.449101796,3.241071429,0.528421053,0.84463895,-0.084223013,0.927884615,-0.037406484,1.063360882,0.03070761,1.051771117,0.025232404,1.331034483,0.142011834,1.210031348,0.095035461,1.286666667,0.125364431,2.797101449,0.473282443,3.446428571,0.550200803,0.803063457,-0.109223301,0.882211538,-0.062579821,1.011019284,0.005479452,0.950777202,-0.025232404,1.265517241,0.117199391,1.150470219,0.069970845,1.223333333,0.100449775,2.65942029,0.453465347,3.276785714,0.532359081,0.634573304,-0.22356091,0.697115385,-0.178470255,0.798898072,-0.11179173,0.751295337,-0.142011834,0.790190736,-0.117199391,0.909090909,-0.047619048,0.966666667,-0.016949153,2.101449275,0.355140187,2.589285714,0.44278607,0.698030635,-0.177835052,0.766826923,-0.131972789,0.878787879,-0.064516129,0.82642487,-0.095035461,0.869209809,-0.069970845,1.1,0.047619048,1.063333333,0.030694669,2.311594203,0.396061269,2.848214286,0.480278422,0.656455142,-0.207397622,0.721153846,-0.162011173,0.826446281,-0.095022624,0.777202073,-0.125364431,0.817438692,-0.100449775,1.034482759,0.016949153,0.940438871,-0.030694669,2.173913043,0.369863014,2.678571429,0.45631068,0.301969365,-0.536134454,0.331730769,-0.501805054,0.380165289,-0.449101796,0.357512953,-0.473282443,0.376021798,-0.453465347,0.475862069,-0.355140187,0.432601881,-0.396061269,0.46,-0.369863014,1.232142857,0.104,0.245076586,-0.606326889,0.269230769,-0.575757576,0.308539945,-0.528421053,0.29015544,-0.550200803,0.305177112,-0.532359081,0.386206897,-0.44278607,0.351097179,-0.480278422,0.373333333,-0.45631068,0.811594203,-0.104
44,37,87,61,79,63,30,23,12,24,12/23/2024,171.91,1.426229508,0.175675676,1.101265823,0.048192771,1.380952381,0.16,2.9,0.487179487,3.782608696,0.581818182,7.25,0.757575758,3.625,0.567567568,1.977272727,0.328244275,2.351351351,0.403225806,0.701149425,-0.175675676,0.772151899,-0.128571429,0.968253968,-0.016129032,2.033333333,0.340659341,2.652173913,0.452380952,5.083333333,0.671232877,2.541666667,0.435294118,1.386363636,0.161904762,1.648648649,0.244897959,0.908045977,-0.048192771,1.295081967,0.128571429,1.253968254,0.112676056,2.633333333,0.449541284,3.434782609,0.549019608,6.583333333,0.736263736,3.291666667,0.533980583,1.795454545,0.284552846,2.135135135,0.362068966,0.724137931,-0.16,1.032786885,0.016129032,0.797468354,-0.112676056,2.1,0.35483871,2.739130435,0.465116279,5.25,0.68,2.625,0.448275862,1.431818182,0.177570093,1.702702703,0.26,0.344827586,-0.487179487,0.491803279,-0.340659341,0.379746835,-0.449541284,0.476190476,-0.35483871,1.304347826,0.132075472,2.5,0.428571429,1.25,0.111111111,0.681818182,-0.189189189,0.810810811,-0.104477612,0.264367816,-0.581818182,0.37704918,-0.452380952,0.291139241,-0.549019608,0.365079365,-0.465116279,0.766666667,-0.132075472,1.916666667,0.314285714,0.958333333,-0.021276596,0.522727273,-0.313432836,0.621621622,-0.233333333,0.137931034,-0.757575758,0.196721311,-0.671232877,0.151898734,-0.736263736,0.19047619,-0.68,0.4,-0.428571429,0.52173913,-0.314285714,0.5,-0.333333333,0.272727273,-0.571428571,0.324324324,-0.510204082,0.275862069,-0.567567568,0.393442623,-0.435294118,0.303797468,-0.533980583,0.380952381,-0.448275862,0.8,-0.111111111,1.043478261,0.021276596,2.0,0.333333333,0.545454545,-0.294117647,0.648648649,-0.213114754,0.505747126,-0.328244275,0.721311475,-0.161904762,0.556962025,-0.284552846,0.698412698,-0.177570093,1.466666667,0.189189189,1.913043478,0.313432836,3.666666667,0.571428571,1.833333333,0.294117647,1.189189189,0.086419753,0.425287356,-0.403225806,0.606557377,-0.244897959,0.46835443,-0.362068966,0.587301587,-0.26,1.233333333,0.104477612,1.608695652,0.233333333,3.083333333,0.510204082,1.541666667,0.213114754,0.840909091,-0.086419753
787,687,837,916,906,889,813,794,769,790,7/26/2025,53.71,0.913755459,-0.045065602,0.92384106,-0.039586919,0.941507312,-0.030127462,1.029520295,0.014545455,1.054156171,0.026364194,1.088426528,0.04234122,1.059493671,0.028887523,1.063532402,0.030788177,1.218340611,0.098425197,1.094384707,0.045065602,1.011037528,0.005488474,1.030371204,0.014958449,1.126691267,0.059572007,1.153652393,0.071345029,1.191157347,0.087240356,1.159493671,0.073856975,1.163913596,0.075748679,1.333333333,0.142857143,1.082437276,0.039586919,0.989082969,-0.005488474,1.01912261,0.009470752,1.114391144,0.054101222,1.141057935,0.065882353,1.178153446,0.081791045,1.146835443,0.068396226,1.151207116,0.070289427,1.318777293,0.13747646,1.062126643,0.030127462,0.970524017,-0.014958449,0.981236203,-0.009470752,1.093480935,0.044653349,1.119647355,0.056446821,1.156046814,0.072376357,1.125316456,0.058963669,1.129606099,0.060859189,1.294032023,0.128172589,0.971326165,-0.014545455,0.887554585,-0.059572007,0.897350993,-0.054101222,0.914510686,-0.044653349,1.023929471,0.011823273,1.057217165,0.027812895,1.029113924,0.014348097,1.033036849,0.01625,1.183406114,0.084,0.948626045,-0.026364194,0.866812227,-0.071345029,0.876379691,-0.065882353,0.893138358,-0.056446821,0.976629766,-0.011823273,1.032509753,0.015994882,1.005063291,0.002525253,1.008894536,0.004427577,1.155749636,0.072248481,0.918757467,-0.04234122,0.839519651,-0.087240356,0.848785872,-0.081791045,0.865016873,-0.072376357,0.945879459,-0.027812895,0.968513854,-0.015994882,0.973417722,-0.013470173,0.977128335,-0.011568123,1.119359534,0.056318681,0.943847073,-0.028887523,0.862445415,-0.073856975,0.87196468,-0.068396226,0.88863892,-0.058963669,0.971709717,-0.014348097,0.994962217,-0.002525253,1.027308192,0.013470173,1.003811944,0.001902346,1.14992722,0.069735951,0.940262843,-0.030788177,0.859170306,-0.075748679,0.868653422,-0.070289427,0.885264342,-0.060859189,0.96801968,-0.01625,0.991183879,-0.004427577,1.023407022,0.011568123,0.996202532,-0.001902346,1.145560408,0.067842605,0.82078853,-0.098425197,0.75,-0.142857143,0.758278146,-0.13747646,0.772778403,-0.128172589,0.84501845,-0.084,0.865239295,-0.072248481,0.89336801,-0.056318681,0.869620253,-0.069735951,0.872935197,-0.067842605
106,98,89,97,100,99,73,81,115,80,12/8/2024,170.41,0.917525773,-0.043010753,0.89,-0.058201058,0.898989899,-0.053191489,1.219178082,0.098765432,1.098765432,0.047058824,0.773913043,-0.12745098,1.1125,0.053254438,0.839622642,-0.087179487,0.908163265,-0.048128342,1.08988764,0.043010753,0.97,-0.015228426,0.97979798,-0.010204082,1.328767123,0.141176471,1.197530864,0.08988764,0.843478261,-0.08490566,1.2125,0.096045198,0.91509434,-0.044334975,0.989795918,-0.005128205,1.123595506,0.058201058,1.030927835,0.015228426,1.01010101,0.005025126,1.369863014,0.156069364,1.234567901,0.104972376,0.869565217,-0.069767442,1.25,0.111111111,0.943396226,-0.029126214,1.020408163,0.01010101,1.112359551,0.053191489,1.020618557,0.010204082,0.99,-0.005025126,1.356164384,0.151162791,1.222222222,0.1,0.860869565,-0.074766355,1.2375,0.106145251,0.933962264,-0.034146341,1.010204082,0.005076142,0.820224719,-0.098765432,0.75257732,-0.141176471,0.73,-0.156069364,0.737373737,-0.151162791,0.901234568,-0.051948052,0.634782609,-0.223404255,0.9125,-0.045751634,0.688679245,-0.184357542,0.744897959,-0.14619883,0.91011236,-0.047058824,0.835051546,-0.08988764,0.81,-0.104972376,0.818181818,-0.1,1.109589041,0.051948052,0.704347826,-0.173469388,1.0125,0.00621118,0.764150943,-0.13368984,0.826530612,-0.094972067,1.292134831,0.12745098,1.18556701,0.08490566,1.15,0.069767442,1.161616162,0.074766355,1.575342466,0.223404255,1.419753086,0.173469388,1.4375,0.179487179,1.08490566,0.040723982,1.173469388,0.079812207,0.898876404,-0.053254438,0.824742268,-0.096045198,0.8,-0.111111111,0.808080808,-0.106145251,1.095890411,0.045751634,0.987654321,-0.00621118,0.695652174,-0.179487179,0.754716981,-0.139784946,0.816326531,-0.101123596,1.191011236,0.087179487,1.092783505,0.044334975,1.06,0.029126214,1.070707071,0.034146341,1.452054795,0.184357542,1.308641975,0.13368984,0.92173913,-0.040723982,1.325,0.139784946,1.081632653,0.039215686,1.101123596,0.048128342,1.010309278,0.005128205,0.98,-0.01010101,0.98989899,-0.005076142,1.342465753,0.14619883,1.209876543,0.094972067,0.852173913,-0.079812207,1.225,0.101123596,0.924528302,-0.039215686
1061,944,885,1009,928,1037,1037,1053,878,1091,4/27/2025,14.98,0.877106046,-0.065469905,0.953663793,-0.023717595,0.853423337,-0.079084287,0.853423337,-0.079084287,0.84045584,-0.086687307,1.007972665,0.003970505,0.811182401,-0.104251012,0.834118756,-0.090441932,0.9375,-0.032258065,1.140112994,0.065469905,1.087284483,0.041817243,0.972999036,-0.013685239,0.972999036,-0.013685239,0.958214625,-0.021338506,1.149202733,0.069422364,0.924839597,-0.039047619,0.950989632,-0.025120773,1.068855932,0.03328213,1.048587571,0.023717595,0.919722498,-0.041817243,0.894889103,-0.055470738,0.894889103,-0.055470738,0.881291548,-0.063099445,1.056947608,0.027685493,0.850595784,-0.080733036,0.87464656,-0.066867773,0.983050847,-0.008547009,1.171751412,0.079084287,1.027750248,0.013685239,1.117456897,0.055470738,1.0,0.0,0.984805318,-0.007655502,1.181093394,0.083028721,0.950504125,-0.02537594,0.97737983,-0.011439466,1.098516949,0.046945987,1.171751412,0.079084287,1.027750248,0.013685239,1.117456897,0.055470738,1.0,0.0,0.984805318,-0.007655502,1.181093394,0.083028721,0.950504125,-0.02537594,0.97737983,-0.011439466,1.098516949,0.046945987,1.189830508,0.086687307,1.043607532,0.021338506,1.134698276,0.063099445,1.015429122,0.007655502,1.015429122,0.007655502,1.199316629,0.090626618,0.965169569,-0.017723881,0.992459943,-0.003784295,1.115466102,0.054581873,0.992090395,-0.003970505,0.870168484,-0.069422364,0.94612069,-0.027685493,0.846673095,-0.083028721,0.846673095,-0.083028721,0.833808167,-0.090626618,0.804766269,-0.108176739,0.827521206,-0.094378546,0.930084746,-0.03622393,1.232768362,0.104251012,1.081268583,0.039047619,1.175646552,0.080733036,1.052073288,0.02537594,1.052073288,0.02537594,1.036087369,0.017723881,1.242596811,0.108176739,1.028275212,0.01394052,1.155720339,0.072235872,1.198870056,0.090441932,1.051536174,0.025120773,1.143318966,0.066867773,1.023143684,0.011439466,1.023143684,0.011439466,1.007597341,0.003784295,1.208428246,0.094378546,0.972502291,-0.01394052,1.123940678,0.058354115,1.066666667,0.032258065,0.935579782,-0.03328213,1.017241379,0.008547009,0.910318226,-0.046945987,0.910318226,-0.046945987,0.89648623,-0.054581873,1.075170843,0.03622393,0.865261228,-0.072235872,0.889726673,-0.058354115
25,9,215,332,258,246,25,40,22,9,11/19/2023,59.71,0.647590361,-0.213893967,0.833333333,-0.090909091,0.87398374,-0.067245119,8.6,0.791666667,5.375,0.68627451,9.772727273,0.814345992,23.88888889,0.919642857,8.6,0.791666667,23.88888889,0.919642857,1.544186047,0.213893967,1.286821705,0.125423729,1.349593496,0.148788927,13.28,0.859943978,8.3,0.784946237,15.09090909,0.875706215,36.88888889,0.947214076,13.28,0.859943978,36.88888889,0.947214076,1.2,0.090909091,0.777108434,-0.125423729,1.048780488,0.023809524,10.32,0.823321555,6.45,0.731543624,11.72727273,0.842857143,28.66666667,0.93258427,10.32,0.823321555,28.66666667,0.93258427,1.144186047,0.067245119,0.740963855,-0.148788927,0.953488372,-0.023809524,9.84,0.815498155,6.15,0.72027972,11.18181818,0.835820896,27.33333333,0.929411765,9.84,0.815498155,27.33333333,0.929411765,0.11627907,-0.791666667,0.075301205,-0.859943978,0.096899225,-0.823321555,0.101626016,-0.815498155,0.625,-0.230769231,1.136363636,0.063829787,2.777777778,0.470588235,1.0,0.0,2.777777778,0.470588235,0.186046512,-0.68627451,0.120481928,-0.784946237,0.15503876,-0.731543624,0.162601626,-0.72027972,1.6,0.230769231,1.818181818,0.290322581,4.444444444,0.632653061,1.6,0.230769231,4.444444444,0.632653061,0.102325581,-0.814345992,0.06626506,-0.875706215,0.085271318,-0.842857143,0.089430894,-0.835820896,0.88,-0.063829787,0.55,-0.290322581,2.444444444,0.419354839,0.88,-0.063829787,2.444444444,0.419354839,0.041860465,-0.919642857,0.027108434,-0.947214076,0.034883721,-0.93258427,0.036585366,-0.929411765,0.36,-0.470588235,0.225,-0.632653061,0.409090909,-0.419354839,0.36,-0.470588235,1.0,0.0,0.11627907,-0.791666667,0.075301205,-0.859943978,0.096899225,-0.823321555,0.101626016,-0.815498155,1.0,0.0,0.625,-0.230769231,1.136363636,0.063829787,2.777777778,0.470588235,2.777777778,0.470588235,0.041860465,-0.919642857,0.027108434,-0.947214076,0.034883721,-0.93258427,0.036585366,-0.929411765,0.36,-0.470588235,0.225,-0.632653061,0.409090909,-0.419354839,1.0,0.0,0.36,-0.470588235
569,547,586,599,576,645,598,641,548,596,8/20/2025,76.99,0.978297162,-0.010970464,1.017361111,0.008605852,0.908527132,-0.047928513,0.97993311,-0.010135135,0.914196568,-0.044824776,1.069343066,0.0335097,0.983221477,-0.008460237,1.029876977,0.014718615,1.071297989,0.034421889,1.0221843,0.010970464,1.039930556,0.019574468,0.928682171,-0.036977492,1.001672241,0.000835422,0.934477379,-0.033870968,1.093065693,0.044463819,1.005033557,0.00251046,1.052724077,0.025684932,1.095063985,0.045375218,0.982935154,-0.008605852,0.961602671,-0.019574468,0.893023256,-0.056511057,0.963210702,-0.018739353,0.898595944,-0.053410025,1.051094891,0.024911032,0.966442953,-0.017064846,1.012302285,0.006113537,1.053016453,0.025823687,1.100682594,0.047928513,1.076794658,0.036977492,1.119791667,0.056511057,1.078595318,0.037811746,1.00624025,0.00311042,1.177007299,0.081307628,1.082214765,0.039484287,1.133567663,0.062602965,1.179159049,0.082214765,1.020477816,0.010135135,0.998330551,-0.000835422,1.038194444,0.018739353,0.927131783,-0.037811746,0.932917317,-0.034705408,1.091240876,0.043630017,1.003355705,0.001675042,1.050966608,0.024850043,1.093235832,0.044541485,1.093856655,0.044824776,1.070116861,0.033870968,1.112847222,0.053410025,0.99379845,-0.00311042,1.071906355,0.034705408,1.169708029,0.078216989,1.075503356,0.036378335,1.126537786,0.059504132,1.171846435,0.079124579,0.935153584,-0.0335097,0.914858097,-0.044463819,0.951388889,-0.024911032,0.849612403,-0.081307628,0.91638796,-0.043630017,0.854914197,-0.078216989,0.919463087,-0.041958042,0.963093146,-0.018800358,1.001828154,0.000913242,1.017064846,0.008460237,0.994991653,-0.00251046,1.034722222,0.017064846,0.924031008,-0.039484287,0.996655518,-0.001675042,0.929797192,-0.036378335,1.087591241,0.041958042,1.04745167,0.023175966,1.089579525,0.042869641,0.970989761,-0.014718615,0.949916528,-0.025684932,0.987847222,-0.006113537,0.882170543,-0.062602965,0.951505017,-0.024850043,0.887675507,-0.059504132,1.038321168,0.018800358,0.954697987,-0.023175966,1.040219378,0.019713262,0.933447099,-0.034421889,0.913188648,-0.045375218,0.949652778,-0.025823687,0.848062016,-0.082214765,0.914715719,-0.044541485,0.853354134,-0.079124579,0.998175182,-0.000913242,0.917785235,-0.042869641,0.961335677,-0.019713262
19,21,86,63,67,67,16,25,24,5,1/12/2025,170.02,1.365079365,0.154362416,1.28358209,0.124183007,1.28358209,0.124183007,5.375,0.68627451,3.44,0.54954955,3.583333333,0.563636364,17.2,0.89010989,4.526315789,0.638095238,4.095238095,0.607476636,0.73255814,-0.154362416,0.940298507,-0.030769231,0.940298507,-0.030769231,3.9375,0.594936709,2.52,0.431818182,2.625,0.448275862,12.6,0.852941176,3.315789474,0.536585366,3.0,0.5,0.779069767,-0.124183007,1.063492063,0.030769231,1.0,0.0,4.1875,0.614457831,2.68,0.456521739,2.791666667,0.472527473,13.4,0.861111111,3.526315789,0.558139535,3.19047619,0.522727273,0.779069767,-0.124183007,1.063492063,0.030769231,1.0,0.0,4.1875,0.614457831,2.68,0.456521739,2.791666667,0.472527473,13.4,0.861111111,3.526315789,0.558139535,3.19047619,0.522727273,0.186046512,-0.68627451,0.253968254,-0.594936709,0.23880597,-0.614457831,0.23880597,-0.614457831,0.64,-0.219512195,0.666666667,-0.2,3.2,0.523809524,0.842105263,-0.085714286,0.761904762,-0.135135135,0.290697674,-0.54954955,0.396825397,-0.431818182,0.373134328,-0.456521739,0.373134328,-0.456521739,1.5625,0.219512195,1.041666667,0.020408163,5.0,0.666666667,1.315789474,0.136363636,1.19047619,0.086956522,0.279069767,-0.563636364,0.380952381,-0.448275862,0.358208955,-0.472527473,0.358208955,-0.472527473,1.5,0.2,0.96,-0.020408163,4.8,0.655172414,1.263157895,0.11627907,1.142857143,0.066666667,0.058139535,-0.89010989,0.079365079,-0.852941176,0.074626866,-0.861111111,0.074626866,-0.861111111,0.3125,-0.523809524,0.2,-0.666666667,0.208333333,-0.655172414,0.263157895,-0.583333333,0.238095238,-0.615384615,0.220930233,-0.638095238,0.301587302,-0.536585366,0.28358209,-0.558139535,0.28358209,-0.558139535,1.1875,0.085714286,0.76,-0.136363636,0.791666667,-0.11627907,3.8,0.583333333,0.904761905,-0.05,0.244186047,-0.607476636,0.333333333,-0.5,0.313432836,-0.522727273,0.313432836,-0.522727273,1.3125,0.135135135,0.84,-0.086956522,0.875,-0.066666667,4.2,0.615384615,1.105263158,0.05
214,195,298,298,285,274,210,213,204,184,8/15/2025,82.6,1.0,0.0,1.045614035,0.022298456,1.087591241,0.041958042,1.419047619,0.173228346,1.399061033,0.166340509,1.460784314,0.187250996,1.619565217,0.236514523,1.392523364,0.1640625,1.528205128,0.208924949,1.0,0.0,1.045614035,0.022298456,1.087591241,0.041958042,1.419047619,0.173228346,1.399061033,0.166340509,1.460784314,0.187250996,1.619565217,0.236514523,1.392523364,0.1640625,1.528205128,0.208924949,0.956375839,-0.022298456,0.956375839,-0.022298456,1.040145985,0.019677996,1.357142857,0.151515152,1.338028169,0.144578313,1.397058824,0.165644172,1.548913043,0.215351812,1.331775701,0.142284569,1.461538462,0.1875,0.919463087,-0.041958042,0.919463087,-0.041958042,0.961403509,-0.019677996,1.304761905,0.132231405,1.286384977,0.125256674,1.343137255,0.146443515,1.489130435,0.19650655,1.280373832,0.12295082,1.405128205,0.168443497,0.704697987,-0.173228346,0.704697987,-0.173228346,0.736842105,-0.151515152,0.766423358,-0.132231405,0.985915493,-0.007092199,1.029411765,0.014492754,1.141304348,0.065989848,0.981308411,-0.009433962,1.076923077,0.037037037,0.714765101,-0.166340509,0.714765101,-0.166340509,0.747368421,-0.144578313,0.777372263,-0.125256674,1.014285714,0.007092199,1.044117647,0.021582734,1.157608696,0.073047859,0.995327103,-0.00234192,1.092307692,0.044117647,0.684563758,-0.187250996,0.684563758,-0.187250996,0.715789474,-0.165644172,0.744525547,-0.146443515,0.971428571,-0.014492754,0.957746479,-0.021582734,1.108695652,0.051546392,0.953271028,-0.023923445,1.046153846,0.022556391,0.617449664,-0.236514523,0.617449664,-0.236514523,0.645614035,-0.215351812,0.671532847,-0.19650655,0.876190476,-0.065989848,0.863849765,-0.073047859,0.901960784,-0.051546392,0.859813084,-0.075376884,0.943589744,-0.029023747,0.718120805,-0.1640625,0.718120805,-0.1640625,0.750877193,-0.142284569,0.781021898,-0.12295082,1.019047619,0.009433962,1.004694836,0.00234192,1.049019608,0.023923445,1.163043478,0.075376884,1.097435897,0.046454768,0.654362416,-0.208924949,0.654362416,-0.208924949,0.684210526,-0.1875,0.711678832,-0.168443497,0.928571429,-0.037037037,0.915492958,-0.044117647,0.955882353,-0.022556391,1.059782609,0.029023747,0.911214953,-0.046454768
60,60,102,111,133,151,69,79,55,42,2/27/2024,238.92,0.918918919,-0.042253521,0.766917293,-0.131914894,0.675496689,-0.193675889,1.47826087,0.192982456,1.291139241,0.127071823,1.854545455,0.299363057,2.428571429,0.416666667,1.7,0.259259259,1.7,0.259259259,1.088235294,0.042253521,0.834586466,-0.090163934,0.735099338,-0.152671756,1.608695652,0.233333333,1.405063291,0.168421053,2.018181818,0.337349398,2.642857143,0.450980392,1.85,0.298245614,1.85,0.298245614,1.303921569,0.131914894,1.198198198,0.090163934,0.880794702,-0.063380282,1.927536232,0.316831683,1.683544304,0.254716981,2.418181818,0.414893617,3.166666667,0.52,2.216666667,0.378238342,2.216666667,0.378238342,1.480392157,0.193675889,1.36036036,0.152671756,1.135338346,0.063380282,2.188405797,0.372727273,1.911392405,0.313043478,2.745454545,0.466019417,3.595238095,0.564766839,2.516666667,0.431279621,2.516666667,0.431279621,0.676470588,-0.192982456,0.621621622,-0.233333333,0.518796992,-0.316831683,0.456953642,-0.372727273,0.873417722,-0.067567568,1.254545455,0.112903226,1.642857143,0.243243243,1.15,0.069767442,1.15,0.069767442,0.774509804,-0.127071823,0.711711712,-0.168421053,0.593984962,-0.254716981,0.523178808,-0.313043478,1.144927536,0.067567568,1.436363636,0.179104478,1.880952381,0.305785124,1.316666667,0.136690647,1.316666667,0.136690647,0.539215686,-0.299363057,0.495495495,-0.337349398,0.413533835,-0.414893617,0.364238411,-0.466019417,0.797101449,-0.112903226,0.696202532,-0.179104478,1.30952381,0.134020619,0.916666667,-0.043478261,0.916666667,-0.043478261,0.411764706,-0.416666667,0.378378378,-0.450980392,0.315789474,-0.52,0.278145695,-0.564766839,0.608695652,-0.243243243,0.53164557,-0.305785124,0.763636364,-0.134020619,0.7,-0.176470588,0.7,-0.176470588,0.588235294,-0.259259259,0.540540541,-0.298245614,0.45112782,-0.378238342,0.397350993,-0.431279621,0.869565217,-0.069767442,0.759493671,-0.136690647,1.090909091,0.043478261,1.428571429,0.176470588,1.0,0.0,0.588235294,-0.259259259,0.540540541,-0.298245614,0.45112782,-0.378238342,0.397350993,-0.431279621,0.869565217,-0.069767442,0.759493671,-0.136690647,1.090909091,0.043478261,1.428571429,0.176470588,1.0,0.0
97,80,530,453,306,255,126,118,391,89,10/29/2024,68.3,1.169977925,0.078331638,1.732026144,0.267942584,2.078431373,0.350318471,4.206349206,0.615853659,4.491525424,0.635802469,1.355498721,0.15092291,5.95505618,0.712439418,5.463917526,0.690590112,6.625,0.737704918,0.854716981,-0.078331638,1.480392157,0.193675889,1.776470588,0.279661017,3.595238095,0.564766839,3.838983051,0.586690018,1.158567775,0.073459716,5.08988764,0.671586716,4.670103093,0.647272727,5.6625,0.699812383,0.577358491,-0.267942584,0.675496689,-0.193675889,1.2,0.090909091,2.428571429,0.416666667,2.593220339,0.443396226,0.782608696,-0.12195122,3.438202247,0.549367089,3.154639175,0.518610422,3.825,0.585492228,0.481132075,-0.350318471,0.562913907,-0.279661017,0.833333333,-0.090909091,2.023809524,0.338582677,2.161016949,0.367292225,0.652173913,-0.210526316,2.865168539,0.48255814,2.628865979,0.448863636,3.1875,0.52238806,0.237735849,-0.615853659,0.278145695,-0.564766839,0.411764706,-0.416666667,0.494117647,-0.338582677,1.06779661,0.032786885,0.322250639,-0.512572534,1.415730337,0.172093023,1.298969072,0.130044843,1.575,0.223300971,0.222641509,-0.635802469,0.260485651,-0.586690018,0.385620915,-0.443396226,0.462745098,-0.367292225,0.936507937,-0.032786885,0.301790281,-0.536345776,1.325842697,0.140096618,1.216494845,0.097674419,1.475,0.191919192,0.737735849,-0.15092291,0.863134658,-0.073459716,1.277777778,0.12195122,1.533333333,0.210526316,3.103174603,0.512572534,3.313559322,0.536345776,4.393258427,0.629166667,4.030927835,0.602459016,4.8875,0.66029724,0.167924528,-0.712439418,0.196467991,-0.671586716,0.290849673,-0.549367089,0.349019608,-0.48255814,0.706349206,-0.172093023,0.754237288,-0.140096618,0.227621483,-0.629166667,0.917525773,-0.043010753,1.1125,0.053254438,0.183018868,-0.690590112,0.214128035,-0.647272727,0.316993464,-0.518610422,0.380392157,-0.448863636,0.76984127,-0.130044843,0.822033898,-0.097674419,0.248081841,-0.602459016,1.08988764,0.043010753,1.2125,0.096045198,0.150943396,-0.737704918,0.176600442,-0.699812383,0.261437908,-0.585492228,0.31372549,-0.52238806,0.634920635,-0.223300971,0.677966102,-0.191919192,0.204603581,-0.66029724,0.898876404,-0.053254438,0.824742268,-0.096045198
39,35,105,127,158,170,20,39,14,25,10/4/2024,58.35,0.826771654,-0.094827586,0.664556962,-0.201520913,0.617647059,-0.236363636,5.25,0.68,2.692307692,0.458333333,7.5,0.764705882,4.2,0.615384615,2.692307692,0.458333333,3.0,0.5,1.20952381,0.094827586,0.803797468,-0.10877193,0.747058824,-0.144781145,6.35,0.727891156,3.256410256,0.530120482,9.071428571,0.80141844,5.08,0.671052632,3.256410256,0.530120482,3.628571429,0.567901235,1.504761905,0.201520913,1.244094488,0.10877193,0.929411765,-0.036585366,7.9,0.775280899,4.051282051,0.604060914,11.28571429,0.837209302,6.32,0.726775956,4.051282051,0.604060914,4.514285714,0.637305699,1.619047619,0.236363636,1.338582677,0.144781145,1.075949367,0.036585366,8.5,0.789473684,4.358974359,0.626794258,12.14285714,0.847826087,6.8,0.743589744,4.358974359,0.626794258,4.857142857,0.658536585,0.19047619,-0.68,0.157480315,-0.727891156,0.126582278,-0.775280899,0.117647059,-0.789473684,0.512820513,-0.322033898,1.428571429,0.176470588,0.8,-0.111111111,0.512820513,-0.322033898,0.571428571,-0.272727273,0.371428571,-0.458333333,0.307086614,-0.530120482,0.246835443,-0.604060914,0.229411765,-0.626794258,1.95,0.322033898,2.785714286,0.471698113,1.56,0.21875,1.0,0.0,1.114285714,0.054054054,0.133333333,-0.764705882,0.11023622,-0.80141844,0.088607595,-0.837209302,0.082352941,-0.847826087,0.7,-0.176470588,0.358974359,-0.471698113,0.56,-0.282051282,0.358974359,-0.471698113,0.4,-0.428571429,0.238095238,-0.615384615,0.196850394,-0.671052632,0.158227848,-0.726775956,0.147058824,-0.743589744,1.25,0.111111111,0.641025641,-0.21875,1.785714286,0.282051282,0.641025641,-0.21875,0.714285714,-0.166666667,0.371428571,-0.458333333,0.307086614,-0.530120482,0.246835443,-0.604060914,0.229411765,-0.626794258,1.95,0.322033898,1.0,0.0,2.785714286,0.471698113,1.56,0.21875,1.114285714,0.054054054,0.333333333,-0.5,0.275590551,-0.567901235,0.221518987,-0.637305699,0.205882353,-0.658536585,1.75,0.272727273,0.897435897,-0.054054054,2.5,0.428571429,1.4,0.166666667,0.897435897,-0.054054054
34,37,28,61,46,37,11,22,28,12,12/13/2025,96.42,0.459016393,-0.370786517,0.608695652,-0.243243243,0.756756757,-0.138461538,2.545454545,0.435897436,1.272727273,0.12,1.0,0.0,2.333333333,0.4,0.823529412,-0.096774194,0.756756757,-0.138461538,2.178571429,0.370786517,1.326086957,0.140186916,1.648648649,0.244897959,5.545454545,0.694444444,2.772727273,0.469879518,2.178571429,0.370786517,5.083333333,0.671232877,1.794117647,0.284210526,1.648648649,0.244897959,1.642857143,0.243243243,0.754098361,-0.140186916,1.243243243,0.108433735,4.181818182,0.614035088,2.090909091,0.352941176,1.642857143,0.243243243,3.833333333,0.586206897,1.352941176,0.15,1.243243243,0.108433735,1.321428571,0.138461538,0.606557377,-0.244897959,0.804347826,-0.108433735,3.363636364,0.541666667,1.681818182,0.254237288,1.321428571,0.138461538,3.083333333,0.510204082,1.088235294,0.042253521,1.0,0.0,0.392857143,-0.435897436,0.180327869,-0.694444444,0.239130435,-0.614035088,0.297297297,-0.541666667,0.5,-0.333333333,0.392857143,-0.435897436,0.916666667,-0.043478261,0.323529412,-0.511111111,0.297297297,-0.541666667,0.785714286,-0.12,0.360655738,-0.469879518,0.47826087,-0.352941176,0.594594595,-0.254237288,2.0,0.333333333,0.785714286,-0.12,1.833333333,0.294117647,0.647058824,-0.214285714,0.594594595,-0.254237288,1.0,0.0,0.459016393,-0.370786517,0.608695652,-0.243243243,0.756756757,-0.138461538,2.545454545,0.435897436,1.272727273,0.12,2.333333333,0.4,0.823529412,-0.096774194,0.756756757,-0.138461538,0.428571429,-0.4,0.196721311,-0.671232877,0.260869565,-0.586206897,0.324324324,-0.510204082,1.090909091,0.043478261,0.545454545,-0.294117647,0.428571429,-0.4,0.352941176,-0.47826087,0.324324324,-0.510204082,1.214285714,0.096774194,0.557377049,-0.284210526,0.739130435,-0.15,0.918918919,-0.042253521,3.090909091,0.511111111,1.545454545,0.214285714,1.214285714,0.096774194,2.833333333,0.47826087,0.918918919,-0.042253521,1.321428571,0.138461538,0.606557377,-0.244897959,0.804347826,-0.108433735,1.0,0.0,3.363636364,0.541666667,1.681818182,0.254237288,1.321428571,0.138461538,3.083333333,0.510204082,1.088235294,0.042253521
64,68,175,298,138,86,9,36,26,22,2/16/2026,32.81,0.587248322,-0.260042283,1.268115942,0.118210863,2.034883721,0.340996169,19.44444444,0.902173913,4.861111111,0.658767773,6.730769231,0.741293532,7.954545455,0.776649746,2.734375,0.464435146,2.573529412,0.440329218,1.702857143,0.260042283,2.15942029,0.366972477,3.465116279,0.552083333,33.11111111,0.941368078,8.277777778,0.784431138,11.46153846,0.839506173,13.54545455,0.8625,4.65625,0.64640884,4.382352941,0.628415301,0.788571429,-0.118210863,0.463087248,-0.366972477,1.604651163,0.232142857,15.33333333,0.87755102,3.833333333,0.586206897,5.307692308,0.682926829,6.272727273,0.725,2.15625,0.366336634,2.029411765,0.339805825,0.491428571,-0.340996169,0.288590604,-0.552083333,0.623188406,-0.232142857,9.555555556,0.810526316,2.388888889,0.409836066,3.307692308,0.535714286,3.909090909,0.592592593,1.34375,0.146666667,1.264705882,0.116883117,0.051428571,-0.902173913,0.030201342,-0.941368078,0.065217391,-0.87755102,0.104651163,-0.810526316,0.25,-0.6,0.346153846,-0.485714286,0.409090909,-0.419354839,0.140625,-0.753424658,0.132352941,-0.766233766,0.205714286,-0.658767773,0.120805369,-0.784431138,0.260869565,-0.586206897,0.418604651,-0.409836066,4.0,0.6,1.384615385,0.161290323,1.636363636,0.24137931,0.5625,-0.28,0.529411765,-0.307692308,0.148571429,-0.741293532,0.087248322,-0.839506173,0.188405797,-0.682926829,0.302325581,-0.535714286,2.888888889,0.485714286,0.722222222,-0.161290323,1.181818182,0.083333333,0.40625,-0.422222222,0.382352941,-0.446808511,0.125714286,-0.776649746,0.073825503,-0.8625,0.15942029,-0.725,0.255813953,-0.592592593,2.444444444,0.419354839,0.611111111,-0.24137931,0.846153846,-0.083333333,0.34375,-0.488372093,0.323529412,-0.511111111,0.365714286,-0.464435146,0.214765101,-0.64640884,0.463768116,-0.366336634,0.744186047,-0.146666667,7.111111111,0.753424658,1.777777778,0.28,2.461538462,0.422222222,2.909090909,0.488372093,0.941176471,-0.03030303,0.388571429,-0.440329218,0.228187919,-0.628415301,0.492753623,-0.339805825,0.790697674,-0.116883117,7.555555556,0.766233766,1.888888889,0.307692308,2.615384615,0.446808511,3.090909091,0.511111111,1.0625,0.03030303
19,9,207,255,173,129,26,52,41,31,12/19/2023,61.92,0.811764706,-0.103896104,1.196531792,0.089473684,1.604651163,0.232142857,7.961538462,0.776824034,3.980769231,0.598455598,5.048780488,0.669354839,6.677419355,0.739495798,10.89473684,0.831858407,23.0,0.916666667,1.231884058,0.103896104,1.473988439,0.191588785,1.976744186,0.328125,9.807692308,0.814946619,4.903846154,0.661237785,6.219512195,0.722972973,8.225806452,0.783216783,13.42105263,0.861313869,28.33333333,0.931818182,0.835748792,-0.089473684,0.678431373,-0.191588785,1.341085271,0.145695364,6.653846154,0.738693467,3.326923077,0.537777778,4.219512195,0.61682243,5.580645161,0.696078431,9.105263158,0.802083333,19.22222222,0.901098901,0.623188406,-0.232142857,0.505882353,-0.328125,0.74566474,-0.145695364,4.961538462,0.664516129,2.480769231,0.425414365,3.146341463,0.517647059,4.161290323,0.6125,6.789473684,0.743243243,14.33333333,0.869565217,0.125603865,-0.776824034,0.101960784,-0.814946619,0.150289017,-0.738693467,0.201550388,-0.664516129,0.5,-0.333333333,0.634146341,-0.223880597,0.838709677,-0.087719298,1.368421053,0.155555556,2.888888889,0.485714286,0.251207729,-0.598455598,0.203921569,-0.661237785,0.300578035,-0.537777778,0.403100775,-0.425414365,2.0,0.333333333,1.268292683,0.11827957,1.677419355,0.253012048,2.736842105,0.464788732,5.777777778,0.704918033,0.198067633,-0.669354839,0.160784314,-0.722972973,0.23699422,-0.61682243,0.317829457,-0.517647059,1.576923077,0.223880597,0.788461538,-0.11827957,1.322580645,0.138888889,2.157894737,0.366666667,4.555555556,0.64,0.149758454,-0.739495798,0.121568627,-0.783216783,0.179190751,-0.696078431,0.240310078,-0.6125,1.192307692,0.087719298,0.596153846,-0.253012048,0.756097561,-0.138888889,1.631578947,0.24,3.444444444,0.55,0.09178744,-0.831858407,0.074509804,-0.861313869,0.10982659,-0.802083333,0.147286822,-0.743243243,0.730769231,-0.155555556,0.365384615,-0.464788732,0.463414634,-0.366666667,0.612903226,-0.24,2.111111111,0.357142857,0.043478261,-0.916666667,0.035294118,-0.931818182,0.052023121,-0.901098901,0.069767442,-0.869565217,0.346153846,-0.485714286,0.173076923,-0.704918033,0.219512195,-0.64,0.290322581,-0.55,0.473684211,-0.357142857
3775,3797,4858,4500,4152,4361,4308,4236,4210,4128,6/6/2025,12.22,1.079555556,0.038256038,1.170038536,0.078357381,1.113964687,0.053910402,1.127669452,0.060004364,1.146836638,0.068396745,1.15391924,0.071460079,1.176841085,0.081237481,1.286887417,0.125448859,1.27943113,0.122588099,0.926307122,-0.038256038,1.083815029,0.040221914,1.031873424,0.015686717,1.044568245,0.021798365,1.062322946,0.03021978,1.06888361,0.033295063,1.090116279,0.043115438,1.19205298,0.087613293,1.185146168,0.08472942,0.854672705,-0.078357381,0.922666667,-0.040221914,0.952075212,-0.024550687,0.963788301,-0.018439716,0.980169972,-0.010014306,0.986223278,-0.00693614,1.005813953,0.002898551,1.09986755,0.047558976,1.093494864,0.044659706,0.897694524,-0.053910402,0.969111111,-0.015686717,1.050337187,0.024550687,1.012302693,0.006113739,1.029508971,0.014539956,1.035866983,0.017617548,1.056443798,0.027447285,1.155231788,0.072025565,1.14853832,0.069134592,0.886784685,-0.060004364,0.957333333,-0.021798365,1.037572254,0.018439716,0.987846824,-0.006113739,1.016997167,0.008426966,1.02327791,0.011505048,1.043604651,0.021337127,1.141192053,0.065940864,1.134579932,0.063047502,0.871963771,-0.068396745,0.941333333,-0.03021978,1.020231214,0.010014306,0.971336849,-0.014539956,0.983286908,-0.008426966,1.006175772,0.00307838,1.026162791,0.012912482,1.122119205,0.057545874,1.115617593,0.054649571,0.866611774,-0.071460079,0.935555556,-0.033295063,1.013969171,0.00693614,0.965374914,-0.017617548,0.977251625,-0.011505048,0.993862134,-0.00307838,1.019864341,0.009834493,1.115231788,0.054477145,1.108770082,0.051579868,0.8497324,-0.081237481,0.917333333,-0.043115438,0.994219653,-0.002898551,0.946571887,-0.027447285,0.95821727,-0.021337127,0.974504249,-0.012912482,0.980522565,-0.009834493,1.093509934,0.044666582,1.087174085,0.041766562,0.777068753,-0.125448859,0.838888889,-0.087613293,0.909200385,-0.047558976,0.86562715,-0.072025565,0.876276695,-0.065940864,0.891170916,-0.057545874,0.896674584,-0.054477145,0.914486434,-0.044666582,0.994205952,-0.002905441,0.781597365,-0.122588099,0.843777778,-0.08472942,0.914499037,-0.044659706,0.870671864,-0.069134592,0.881383473,-0.063047502,0.896364495,-0.054649571,0.901900238,-0.051579868,0.919815891,-0.041766562,1.005827815,0.002905441
5393,5329,6441,6111,5930,6609,6250,6018,6203,5739,7/26/2024,162.71,1.054000982,0.026290631,1.086172007,0.041306281,0.974580118,-0.012873563,1.03056,0.015050035,1.070289133,0.03395136,1.038368531,0.018823157,1.122320962,0.057635468,1.194325978,0.088558391,1.208669544,0.094477485,0.94876572,-0.026290631,1.030522766,0.015031974,0.924648207,-0.039150943,0.97776,-0.011245045,1.015453639,0.007667574,0.985168467,-0.007471171,1.064819655,0.031392405,1.133135546,0.062413074,1.14674423,0.068356643,0.920664493,-0.041306281,0.97038128,-0.015031974,0.89726131,-0.054151049,0.9488,-0.026272578,0.985377202,-0.007365249,0.955989038,-0.022500618,1.033281059,0.016368155,1.099573521,0.047425594,1.112779133,0.053379519,1.026082906,0.012873563,1.081492391,0.039150943,1.11450253,0.054151049,1.05744,0.02791819,1.098205384,0.046804467,1.065452201,0.031689042,1.151594354,0.070456754,1.225477471,0.101316447,1.240195159,0.10722064,0.97034622,-0.015050035,1.022745868,0.011245045,1.053962901,0.026272578,0.945680133,-0.02791819,1.038551014,0.018910988,1.007576979,0.003774191,1.089039902,0.042622404,1.158909698,0.073606459,1.172827923,0.079540548,0.934326968,-0.03395136,0.984781541,-0.007667574,1.014839798,0.007365249,0.910576487,-0.046804467,0.96288,-0.018910988,0.970175721,-0.015137877,1.048614741,0.023730544,1.11589097,0.054771712,1.12929255,0.060720895,0.963049216,-0.018823157,1.015054819,0.007471171,1.046037099,0.022500618,0.938568619,-0.031689042,0.99248,-0.003774191,1.03074111,0.015137877,1.080850322,0.038854463,1.150194697,0.069851673,1.164008257,0.075789109,0.891010713,-0.057635468,0.939126166,-0.031392405,0.967790894,-0.016368155,0.868361325,-0.070456754,0.91824,-0.042622404,0.953639083,-0.023730544,0.925197485,-0.038854463,1.064157241,0.031081567,1.076937512,0.03704373,0.837292346,-0.088558391,0.882506955,-0.062413074,0.909443508,-0.047425594,0.816008473,-0.101316447,0.86288,-0.073606459,0.896144899,-0.054771712,0.869418024,-0.069851673,0.939710751,-0.031081567,1.012009758,0.005969036,0.827356001,-0.094477485,0.872034037,-0.068356643,0.898650927,-0.053379519,0.806324709,-0.10722064,0.85264,-0.079540548,0.885510136,-0.060720895,0.859100435,-0.075789109,0.928558982,-0.03704373,0.988132765,-0.005969036
92,75,131,151,142,130,93,88,100,86,2/1/2026,111.41,0.867549669,-0.070921986,0.922535211,-0.04029304,1.007692308,0.003831418,1.408602151,0.169642857,1.488636364,0.196347032,1.31,0.134199134,1.523255814,0.207373272,1.423913043,0.174887892,1.746666667,0.27184466,1.152671756,0.070921986,1.063380282,0.030716724,1.161538462,0.074733096,1.623655914,0.237704918,1.715909091,0.263598326,1.51,0.203187251,1.755813953,0.274261603,1.641304348,0.242798354,2.013333333,0.336283186,1.083969466,0.04029304,0.940397351,-0.030716724,1.092307692,0.044117647,1.52688172,0.208510638,1.613636364,0.234782609,1.42,0.173553719,1.651162791,0.245614035,1.543478261,0.213675214,1.893333333,0.30875576,0.992366412,-0.003831418,0.860927152,-0.074733096,0.915492958,-0.044117647,1.397849462,0.165919283,1.477272727,0.19266055,1.3,0.130434783,1.511627907,0.203703704,1.413043478,0.171171171,1.733333333,0.268292683,0.709923664,-0.169642857,0.61589404,-0.237704918,0.654929577,-0.208510638,0.715384615,-0.165919283,1.056818182,0.027624309,0.93,-0.03626943,1.081395349,0.039106145,1.010869565,0.005405405,1.24,0.107142857,0.671755725,-0.196347032,0.582781457,-0.263598326,0.61971831,-0.234782609,0.676923077,-0.19266055,0.946236559,-0.027624309,0.88,-0.063829787,1.023255814,0.011494253,0.956521739,-0.022222222,1.173333333,0.079754601,0.763358779,-0.134199134,0.662251656,-0.203187251,0.704225352,-0.173553719,0.769230769,-0.130434783,1.075268817,0.03626943,1.136363636,0.063829787,1.162790698,0.075268817,1.086956522,0.041666667,1.333333333,0.142857143,0.65648855,-0.207373272,0.569536424,-0.274261603,0.605633803,-0.245614035,0.661538462,-0.203703704,0.924731183,-0.039106145,0.977272727,-0.011494253,0.86,-0.075268817,0.934782609,-0.033707865,1.146666667,0.068322981,0.702290076,-0.174887892,0.609271523,-0.242798354,0.647887324,-0.213675214,0.707692308,-0.171171171,0.989247312,-0.005405405,1.045454545,0.022222222,0.92,-0.041666667,1.069767442,0.033707865,1.226666667,0.101796407,0.572519084,-0.27184466,0.496688742,-0.336283186,0.528169014,-0.30875576,0.576923077,-0.268292683,0.806451613,-0.107142857,0.852272727,-0.079754601,0.75,-0.142857143,0.872093023,-0.068322981,0.815217391,-0.101796407
22,21,89,64,73,58,10,11,13,8,12/23/2024,84.43,1.390625,0.163398693,1.219178082,0.098765432,1.534482759,0.210884354,8.9,0.797979798,8.090909091,0.78,6.846153846,0.745098039,11.125,0.835051546,4.045454545,0.603603604,4.238095238,0.618181818,0.719101124,-0.163398693,0.876712329,-0.065693431,1.103448276,0.049180328,6.4,0.72972973,5.818181818,0.706666667,4.923076923,0.662337662,8.0,0.777777778,2.909090909,0.488372093,3.047619048,0.505882353,0.820224719,-0.098765432,1.140625,0.065693431,1.25862069,0.114503817,7.3,0.759036145,6.636363636,0.738095238,5.615384615,0.697674419,9.125,0.802469136,3.318181818,0.536842105,3.476190476,0.553191489,0.651685393,-0.210884354,0.90625,-0.049180328,0.794520548,-0.114503817,5.8,0.705882353,5.272727273,0.68115942,4.461538462,0.633802817,7.25,0.757575758,2.636363636,0.45,2.761904762,0.46835443,0.112359551,-0.797979798,0.15625,-0.72972973,0.136986301,-0.759036145,0.172413793,-0.705882353,0.909090909,-0.047619048,0.769230769,-0.130434783,1.25,0.111111111,0.454545455,-0.375,0.476190476,-0.35483871,0.123595506,-0.78,0.171875,-0.706666667,0.150684932,-0.738095238,0.189655172,-0.68115942,1.1,0.047619048,0.846153846,-0.083333333,1.375,0.157894737,0.5,-0.333333333,0.523809524,-0.3125,0.146067416,-0.745098039,0.203125,-0.662337662,0.178082192,-0.697674419,0.224137931,-0.633802817,1.3,0.130434783,1.181818182,0.083333333,1.625,0.238095238,0.590909091,-0.257142857,0.619047619,-0.235294118,0.08988764,-0.835051546,0.125,-0.777777778,0.109589041,-0.802469136,0.137931034,-0.757575758,0.8,-0.111111111,0.727272727,-0.157894737,0.615384615,-0.238095238,0.363636364,-0.466666667,0.380952381,-0.448275862,0.247191011,-0.603603604,0.34375,-0.488372093,0.301369863,-0.536842105,0.379310345,-0.45,2.2,0.375,2.0,0.333333333,1.692307692,0.257142857,2.75,0.466666667,1.047619048,0.023255814,0.235955056,-0.618181818,0.328125,-0.505882353,0.287671233,-0.553191489,0.362068966,-0.46835443,2.1,0.35483871,1.909090909,0.3125,1.615384615,0.235294118,2.625,0.448275862,0.954545455,-0.023255814
19,28,105,72,62,78,27,52,27,19,12/28/2025,124.16,1.458333333,0.186440678,1.693548387,0.25748503,1.346153846,0.147540984,3.888888889,0.590909091,2.019230769,0.337579618,3.888888889,0.590909091,5.526315789,0.693548387,5.526315789,0.693548387,3.75,0.578947368,0.685714286,-0.186440678,1.161290323,0.074626866,0.923076923,-0.04,2.666666667,0.454545455,1.384615385,0.161290323,2.666666667,0.454545455,3.789473684,0.582417582,3.789473684,0.582417582,2.571428571,0.44,0.59047619,-0.25748503,0.861111111,-0.074626866,0.794871795,-0.114285714,2.296296296,0.393258427,1.192307692,0.087719298,2.296296296,0.393258427,3.263157895,0.530864198,3.263157895,0.530864198,2.214285714,0.377777778,0.742857143,-0.147540984,1.083333333,0.04,1.258064516,0.114285714,2.888888889,0.485714286,1.5,0.2,2.888888889,0.485714286,4.105263158,0.608247423,4.105263158,0.608247423,2.785714286,0.471698113,0.257142857,-0.590909091,0.375,-0.454545455,0.435483871,-0.393258427,0.346153846,-0.485714286,0.519230769,-0.316455696,1.0,0.0,1.421052632,0.173913043,1.421052632,0.173913043,0.964285714,-0.018181818,0.495238095,-0.337579618,0.722222222,-0.161290323,0.838709677,-0.087719298,0.666666667,-0.2,1.925925926,0.316455696,1.925925926,0.316455696,2.736842105,0.464788732,2.736842105,0.464788732,1.857142857,0.3,0.257142857,-0.590909091,0.375,-0.454545455,0.435483871,-0.393258427,0.346153846,-0.485714286,1.0,0.0,0.519230769,-0.316455696,1.421052632,0.173913043,1.421052632,0.173913043,0.964285714,-0.018181818,0.180952381,-0.693548387,0.263888889,-0.582417582,0.306451613,-0.530864198,0.243589744,-0.608247423,0.703703704,-0.173913043,0.365384615,-0.464788732,0.703703704,-0.173913043,1.0,0.0,0.678571429,-0.191489362,0.180952381,-0.693548387,0.263888889,-0.582417582,0.306451613,-0.530864198,0.243589744,-0.608247423,0.703703704,-0.173913043,0.365384615,-0.464788732,0.703703704,-0.173913043,1.0,0.0,0.678571429,-0.191489362,0.266666667,-0.578947368,0.388888889,-0.44,0.451612903,-0.377777778,0.358974359,-0.471698113,1.037037037,0.018181818,0.538461538,-0.3,1.037037037,0.018181818,1.473684211,0.191489362,1.473684211,0.191489362
441,395,1030,1277,883,771,581,555,546,504,4/12/2024,23.45,0.806577917,-0.107065453,1.166477916,0.076842656,1.335927367,0.143808995,1.772805508,0.278708876,1.855855856,0.299684543,1.886446886,0.307106599,2.043650794,0.342894394,2.335600907,0.400407886,2.607594937,0.445614035,1.239805825,0.107065453,1.446206116,0.182407407,1.656290532,0.247070313,2.197934596,0.37459634,2.300900901,0.394104803,2.338827839,0.400987383,2.533730159,0.434025828,2.89569161,0.48661234,3.232911392,0.527511962,0.857281553,-0.076842656,0.69146437,-0.182407407,1.145265888,0.067714631,1.51979346,0.206284153,1.590990991,0.228094576,1.617216117,0.235829251,1.751984127,0.273251622,2.002267574,0.333836858,2.235443038,0.381846635,0.748543689,-0.143808995,0.60375881,-0.247070313,0.873159683,-0.067714631,1.327022375,0.140532544,1.389189189,0.162895928,1.412087912,0.170842825,1.529761905,0.209411765,1.74829932,0.272277228,1.951898734,0.322469983,0.56407767,-0.278708876,0.454972592,-0.37459634,0.657984145,-0.206284153,0.753566796,-0.140532544,1.046846847,0.022887324,1.064102564,0.031055901,1.152777778,0.070967742,1.317460317,0.136986301,1.470886076,0.19057377,0.538834951,-0.299684543,0.434612373,-0.394104803,0.628539071,-0.228094576,0.719844358,-0.162895928,0.95524957,-0.022887324,1.016483516,0.008174387,1.101190476,0.04815864,1.258503401,0.114457831,1.405063291,0.168421053,0.530097087,-0.307106599,0.427564605,-0.400987383,0.618346546,-0.235829251,0.708171206,-0.170842825,0.939759036,-0.031055901,0.983783784,-0.008174387,1.083333333,0.04,1.238095238,0.106382979,1.382278481,0.160467588,0.489320388,-0.342894394,0.39467502,-0.434025828,0.570781427,-0.273251622,0.653696498,-0.209411765,0.86746988,-0.070967742,0.908108108,-0.04815864,0.923076923,-0.04,1.142857143,0.066666667,1.275949367,0.121245829,0.42815534,-0.400407886,0.345340642,-0.48661234,0.499433749,-0.333836858,0.571984436,-0.272277228,0.759036145,-0.136986301,0.794594595,-0.114457831,0.807692308,-0.106382979,0.875,-0.066666667,1.116455696,0.055023923,0.383495146,-0.445614035,0.309318716,-0.527511962,0.447338618,-0.381846635,0.51232166,-0.322469983,0.679862306,-0.19057377,0.711711712,-0.168421053,0.723443223,-0.160467588,0.783730159,-0.121245829,0.89569161,-0.055023923
958,890,1198,1306,1076,1088,956,999,891,937,6/11/2025,17.34,0.917304747,-0.04313099,1.1133829,0.053649956,1.101102941,0.048118985,1.253138075,0.112349118,1.199199199,0.090578061,1.344556678,0.146960268,1.278548559,0.122248244,1.250521921,0.111317254,1.346067416,0.147509579,1.09015025,0.04313099,1.213754647,0.096557515,1.200367647,0.091060986,1.366108787,0.154730327,1.307307307,0.13318872,1.465768799,0.188893946,1.393810032,0.164511815,1.363256785,0.153710247,1.46741573,0.189435337,0.898163606,-0.053649956,0.82388974,-0.096557515,0.988970588,-0.005545287,1.125523013,0.059055118,1.077077077,0.037108434,1.207631874,0.094051856,1.148345784,0.069051167,1.123173278,0.058013766,1.208988764,0.094608342,0.908180301,-0.048118985,0.833078101,-0.091060986,1.011152416,0.005545287,1.138075314,0.064579256,1.089089089,0.042644945,1.221099888,0.099545225,1.161152615,0.074567901,1.135699374,0.063538612,1.22247191,0.100101112,0.797996661,-0.112349118,0.732006126,-0.154730327,0.888475836,-0.059055118,0.878676471,-0.064579256,0.956956957,-0.021994885,1.07295174,0.035192204,1.020277481,0.010036978,0.997912317,-0.001044932,1.074157303,0.035752979,0.833889816,-0.090578061,0.764931087,-0.13318872,0.928438662,-0.037108434,0.918198529,-0.042644945,1.044979079,0.021994885,1.121212121,0.057142857,1.066168623,0.032024793,1.042797495,0.020950434,1.12247191,0.057702488,0.743739566,-0.146960268,0.682235835,-0.188893946,0.828066914,-0.094051856,0.818933824,-0.099545225,0.932008368,-0.035192204,0.891891892,-0.057142857,0.95090715,-0.025164114,0.93006263,-0.036235803,1.001123596,0.000561482,0.782136895,-0.122248244,0.717457887,-0.164511815,0.870817844,-0.069051167,0.861213235,-0.074567901,0.980125523,-0.010036978,0.937937938,-0.032024793,1.051627385,0.025164114,0.978079332,-0.011081794,1.052808989,0.025725233,0.79966611,-0.111317254,0.733537519,-0.153710247,0.890334572,-0.058013766,0.880514706,-0.063538612,1.00209205,0.001044932,0.958958959,-0.020950434,1.075196409,0.036235803,1.022411953,0.011081794,1.076404494,0.036796537,0.742904841,-0.147509579,0.681470138,-0.189435337,0.827137546,-0.094608342,0.818014706,-0.100101112,0.930962343,-0.035752979,0.890890891,-0.057702488,0.998877666,-0.000561482,0.949839915,-0.025725233,0.929018789,-0.036796537
504,430,1093,1358,1093,1023,640,619,593,549,4/7/2025,30.81,0.804860088,-0.108119135,1.0,0.0,1.068426197,0.033081285,1.7078125,0.261396422,1.765751212,0.276869159,1.84317032,0.296559905,1.990892532,0.331303289,2.168650794,0.368816531,2.541860465,0.435325016,1.242451967,0.108119135,1.242451967,0.108119135,1.327468231,0.140697186,2.121875,0.359359359,2.193861066,0.373798685,2.29005059,0.392106612,2.473588342,0.424226534,2.694444444,0.458646617,3.158139535,0.51901566,1.0,0.0,0.804860088,-0.108119135,1.068426197,0.033081285,1.7078125,0.261396422,1.765751212,0.276869159,1.84317032,0.296559905,1.990892532,0.331303289,2.168650794,0.368816531,2.541860465,0.435325016,0.935956084,-0.033081285,0.753313697,-0.140697186,0.935956084,-0.033081285,1.5984375,0.230306675,1.65266559,0.246041413,1.725126476,0.266089109,1.863387978,0.301526718,2.029761905,0.339882122,2.379069767,0.408121129,0.585544373,-0.261396422,0.471281296,-0.359359359,0.585544373,-0.261396422,0.625610948,-0.230306675,1.033925687,0.016679905,1.07925801,0.03811841,1.16575592,0.076534903,1.26984127,0.118881119,1.488372093,0.196261682,0.566331199,-0.276869159,0.455817378,-0.373798685,0.566331199,-0.276869159,0.605083089,-0.246041413,0.9671875,-0.016679905,1.043844857,0.021452145,1.127504554,0.059931507,1.228174603,0.102404274,1.439534884,0.180171592,0.542543458,-0.296559905,0.436671576,-0.392106612,0.542543458,-0.296559905,0.579667644,-0.266089109,0.9265625,-0.03811841,0.957996769,-0.021452145,1.080145719,0.038528897,1.176587302,0.081130356,1.379069767,0.159335288,0.502287283,-0.331303289,0.404270987,-0.424226534,0.502287283,-0.331303289,0.536656891,-0.301526718,0.8578125,-0.076534903,0.886914378,-0.059931507,0.925801012,-0.038528897,1.089285714,0.042735043,1.276744186,0.121552605,0.461116194,-0.368816531,0.371134021,-0.458646617,0.461116194,-0.368816531,0.492668622,-0.339882122,0.7875,-0.118881119,0.814216478,-0.102404274,0.849915683,-0.081130356,0.918032787,-0.042735043,1.172093023,0.079229122,0.393412626,-0.435325016,0.316642121,-0.51901566,0.393412626,-0.435325016,0.420332356,-0.408121129,0.671875,-0.196261682,0.694668821,-0.180171592,0.725126476,-0.159335288,0.783242259,-0.121552605,0.853174603,-0.079229122
13,7,139,122,113,113,44,58,50,25,1/27/2026,119.63,1.139344262,0.0651341,1.230088496,0.103174603,1.230088496,0.103174603,3.159090909,0.519125683,2.396551724,0.411167513,2.78,0.470899471,5.56,0.695121951,10.69230769,0.828947368,19.85714286,0.904109589,0.877697842,-0.0651341,1.079646018,0.038297872,1.079646018,0.038297872,2.772727273,0.469879518,2.103448276,0.355555556,2.44,0.418604651,4.88,0.659863946,9.384615385,0.807407407,17.42857143,0.891472868,0.81294964,-0.103174603,0.926229508,-0.038297872,1.0,0.0,2.568181818,0.439490446,1.948275862,0.321637427,2.26,0.386503067,4.52,0.637681159,8.692307692,0.793650794,16.14285714,0.883333333,0.81294964,-0.103174603,0.926229508,-0.038297872,1.0,0.0,2.568181818,0.439490446,1.948275862,0.321637427,2.26,0.386503067,4.52,0.637681159,8.692307692,0.793650794,16.14285714,0.883333333,0.316546763,-0.519125683,0.360655738,-0.469879518,0.389380531,-0.439490446,0.389380531,-0.439490446,0.75862069,-0.137254902,0.88,-0.063829787,1.76,0.275362319,3.384615385,0.543859649,6.285714286,0.725490196,0.417266187,-0.411167513,0.475409836,-0.355555556,0.513274336,-0.321637427,0.513274336,-0.321637427,1.318181818,0.137254902,1.16,0.074074074,2.32,0.397590361,4.461538462,0.633802817,8.285714286,0.784615385,0.35971223,-0.470899471,0.409836066,-0.418604651,0.442477876,-0.386503067,0.442477876,-0.386503067,1.136363636,0.063829787,0.862068966,-0.074074074,2.0,0.333333333,3.846153846,0.587301587,7.142857143,0.754385965,0.179856115,-0.695121951,0.204918033,-0.659863946,0.221238938,-0.637681159,0.221238938,-0.637681159,0.568181818,-0.275362319,0.431034483,-0.397590361,0.5,-0.333333333,1.923076923,0.315789474,3.571428571,0.5625,0.09352518,-0.828947368,0.106557377,-0.807407407,0.115044248,-0.793650794,0.115044248,-0.793650794,0.295454545,-0.543859649,0.224137931,-0.633802817,0.26,-0.587301587,0.52,-0.315789474,1.857142857,0.3,0.050359712,-0.904109589,0.057377049,-0.891472868,0.061946903,-0.883333333,0.061946903,-0.883333333,0.159090909,-0.725490196,0.120689655,-0.784615385,0.14,-0.754385965,0.28,-0.5625,0.538461538,-0.3
1850,1828,2759,2641,2502,2653,2577,2759,2334,2761,4/2/2025,27.2,1.044680045,0.021851852,1.102717826,0.048850029,1.039954768,0.019586105,1.070624757,0.034107946,1.0,0.0,1.182090831,0.08344787,0.999275625,-0.000362319,1.491351351,0.197222825,1.509299781,0.202964901,0.957230881,-0.021851852,1.055555556,0.027027027,0.995476819,-0.002266717,1.02483508,0.012265236,0.957230881,-0.021851852,1.131533847,0.061708543,0.956537486,-0.022213995,1.427567568,0.176130038,1.444748359,0.181919893,0.906850308,-0.048850029,0.947368421,-0.027027027,0.943083302,-0.02929195,0.970896391,-0.014766686,0.906850308,-0.048850029,1.071979434,0.034739454,0.906193408,-0.049211476,1.352432432,0.149816176,1.368708972,0.155658199,0.961580283,-0.019586105,1.004543733,0.002266717,1.060351719,0.02929195,1.029491657,0.014531549,0.961580283,-0.019586105,1.136675236,0.063966312,0.960883738,-0.019948282,1.434054054,0.178325561,1.45131291,0.18411069,0.93403407,-0.034107946,0.975766755,-0.012265236,1.029976019,0.014766686,0.971353185,-0.014531549,0.93403407,-0.034107946,1.104113111,0.049480757,0.933357479,-0.034469839,1.392972973,0.164219562,1.409737418,0.170034052,1.0,0.0,1.044680045,0.021851852,1.102717826,0.048850029,1.039954768,0.019586105,1.070624757,0.034107946,1.182090831,0.08344787,0.999275625,-0.000362319,1.491351351,0.197222825,1.509299781,0.202964901,0.845958681,-0.08344787,0.883756153,-0.061708543,0.932853717,-0.034739454,0.879758764,-0.063966312,0.905704307,-0.049480757,0.845958681,-0.08344787,0.845345889,-0.083807655,1.261621622,0.115678776,1.276805252,0.121576165,1.0007249,0.000362319,1.045437334,0.022213995,1.103517186,0.049211476,1.040708632,0.019948282,1.071400854,0.034469839,1.0007249,0.000362319,1.182947729,0.083807655,1.492432432,0.197571026,1.510393873,0.203312268,0.670532802,-0.197222825,0.700492238,-0.176130038,0.739408473,-0.149816176,0.697323784,-0.178325561,0.717889018,-0.164219562,0.670532802,-0.197222825,0.792630677,-0.115678776,0.670047084,-0.197571026,1.012035011,0.005981512,0.662558898,-0.202964901,0.69216206,-0.181919893,0.730615508,-0.155658199,0.689031285,-0.18411069,0.70935196,-0.170034052,0.662558898,-0.202964901,0.783204799,-0.121576165,0.662078957,-0.203312268,0.988108108,-0.005981512
898,787,1072,1222,1014,1016,961,948,883,941,6/6/2025,14.29,0.877250409,-0.065387969,1.057199211,0.02780441,1.05511811,0.026819923,1.115504683,0.054599115,1.130801688,0.061386139,1.214043035,0.096675192,1.139213603,0.065077,1.19376392,0.088324873,1.362134689,0.15330823,1.139925373,0.065387969,1.205128205,0.093023256,1.202755906,0.09204647,1.271592092,0.119560238,1.289029536,0.126267281,1.38391846,0.161045131,1.298618491,0.129912159,1.360801782,0.152830189,1.552731893,0.216525635,0.945895522,-0.02780441,0.829787234,-0.093023256,0.998031496,-0.000985222,1.055150884,0.026835443,1.069620253,0.033639144,1.148357871,0.069056405,1.077577046,0.037340153,1.129175947,0.060669456,1.288437103,0.126041088,0.947761194,-0.026819923,0.831423895,-0.09204647,1.001972387,0.000985222,1.05723205,0.027819929,1.071729958,0.034623218,1.150622877,0.070036862,1.079702444,0.038323965,1.131403118,0.061650993,1.290978399,0.127010538,0.896455224,-0.054599115,0.786415712,-0.119560238,0.947731755,-0.026835443,0.945866142,-0.027819929,1.01371308,0.006809848,1.088335221,0.042299349,1.021253985,0.010515247,1.070155902,0.033889188,1.221092757,0.099542334,0.884328358,-0.061386139,0.775777414,-0.126267281,0.934911243,-0.033639144,0.933070866,-0.034623218,0.986472425,-0.006809848,1.073612684,0.035499727,1.007438895,0.003705664,1.055679287,0.02708559,1.204574333,0.092795389,0.82369403,-0.096675192,0.722585925,-0.161045131,0.870808679,-0.069056405,0.869094488,-0.070036862,0.918834547,-0.042299349,0.931434599,-0.035499727,0.938363443,-0.031798246,0.983296214,-0.008422235,1.121982211,0.05748503,0.877798507,-0.065077,0.7700491,-0.129912159,0.92800789,-0.037340153,0.926181102,-0.038323965,0.979188345,-0.010515247,0.992616034,-0.003705664,1.065685164,0.031798246,1.047884187,0.023382273,1.195679797,0.08912037,0.837686567,-0.088324873,0.734860884,-0.152830189,0.885601578,-0.060669456,0.883858268,-0.061650993,0.934443288,-0.033889188,0.947257384,-0.02708559,1.016987542,0.008422235,0.954303932,-0.023382273,1.141041931,0.065875371,0.734141791,-0.15330823,0.644026187,-0.216525635,0.776134122,-0.126041088,0.774606299,-0.127010538,0.818938606,-0.099542334,0.830168776,-0.092795389,0.891279728,-0.05748503,0.836344315,-0.08912037,0.876391982,-0.065875371
376,338,428,454,504,534,443,456,407,399,8/10/2024,200.71,0.942731278,-0.029478458,0.849206349,-0.081545064,0.801498127,-0.11018711,0.966139955,-0.017221584,0.938596491,-0.031674208,1.051597052,0.025149701,1.072681704,0.035066505,1.138297872,0.064676617,1.266272189,0.117493473,1.060747664,0.029478458,0.900793651,-0.052192067,0.850187266,-0.08097166,1.0248307,0.012263099,0.995614035,-0.002197802,1.115479115,0.054587689,1.137844612,0.064478312,1.207446809,0.093975904,1.343195266,0.146464646,1.177570093,0.081545064,1.110132159,0.052192067,0.943820225,-0.028901734,1.137697517,0.064413939,1.105263158,0.05,1.238329238,0.1064764,1.263157895,0.11627907,1.340425532,0.145454545,1.49112426,0.197149644,1.247663551,0.11018711,1.176211454,0.08097166,1.05952381,0.028901734,1.205417607,0.093142272,1.171052632,0.078787879,1.312039312,0.134962806,1.338345865,0.144694534,1.420212766,0.173626374,1.579881657,0.224770642,1.035046729,0.017221584,0.975770925,-0.012263099,0.878968254,-0.064413939,0.829588015,-0.093142272,0.971491228,-0.014460512,1.088452088,0.042352941,1.110275689,0.052256532,1.178191489,0.081807082,1.310650888,0.134443022,1.065420561,0.031674208,1.004405286,0.002197802,0.904761905,-0.05,0.853932584,-0.078787879,1.029345372,0.014460512,1.12039312,0.056778679,1.142857143,0.066666667,1.212765957,0.096153846,1.349112426,0.14861461,0.950934579,-0.025149701,0.896475771,-0.054587689,0.807539683,-0.1064764,0.762172285,-0.134962806,0.918735892,-0.042352941,0.89254386,-0.056778679,1.020050125,0.009925558,1.082446809,0.039591315,1.204142012,0.09261745,0.932242991,-0.035066505,0.878854626,-0.064478312,0.791666667,-0.11627907,0.747191011,-0.144694534,0.900677201,-0.052256532,0.875,-0.066666667,0.98034398,-0.009925558,1.061170213,0.029677419,1.180473373,0.082767978,0.878504673,-0.064676617,0.828193833,-0.093975904,0.746031746,-0.145454545,0.70411985,-0.173626374,0.848758465,-0.081807082,0.824561404,-0.096153846,0.923832924,-0.039591315,0.94235589,-0.029677419,1.112426036,0.053221289,0.789719626,-0.117493473,0.744493392,-0.146464646,0.670634921,-0.197149644,0.632958801,-0.224770642,0.762979684,-0.134443022,0.74122807,-0.14861461,0.83046683,-0.09261745,0.847117794,-0.082767978,0.89893617,-0.053221289
104,78,207,395,237,232,125,120,69,117,7/28/2025,27.58,0.524050633,-0.312292359,0.873417722,-0.067567568,0.892241379,-0.056947608,1.656,0.246987952,1.725,0.266055046,3.0,0.5,1.769230769,0.277777778,1.990384615,0.331189711,2.653846154,0.452631579,1.90821256,0.312292359,1.666666667,0.25,1.702586207,0.259968102,3.16,0.519230769,3.291666667,0.533980583,5.724637681,0.702586207,3.376068376,0.54296875,3.798076923,0.583166333,5.064102564,0.670190275,1.144927536,0.067567568,0.6,-0.25,1.021551724,0.010660981,1.896,0.309392265,1.975,0.327731092,3.434782609,0.549019608,2.025641026,0.338983051,2.278846154,0.390029326,3.038461538,0.504761905,1.120772947,0.056947608,0.587341772,-0.259968102,0.978902954,-0.010660981,1.856,0.299719888,1.933333333,0.318181818,3.362318841,0.541528239,1.982905983,0.329512894,2.230769231,0.380952381,2.974358974,0.496774194,0.603864734,-0.246987952,0.316455696,-0.519230769,0.52742616,-0.309392265,0.538793103,-0.299719888,1.041666667,0.020408163,1.811594203,0.288659794,1.068376068,0.033057851,1.201923077,0.091703057,1.602564103,0.231527094,0.579710145,-0.266055046,0.303797468,-0.533980583,0.506329114,-0.327731092,0.517241379,-0.318181818,0.96,-0.020408163,1.739130435,0.26984127,1.025641026,0.012658228,1.153846154,0.071428571,1.538461538,0.212121212,0.333333333,-0.5,0.174683544,-0.702586207,0.291139241,-0.549019608,0.297413793,-0.541528239,0.552,-0.288659794,0.575,-0.26984127,0.58974359,-0.258064516,0.663461538,-0.202312139,0.884615385,-0.06122449,0.565217391,-0.277777778,0.296202532,-0.54296875,0.493670886,-0.338983051,0.504310345,-0.329512894,0.936,-0.033057851,0.975,-0.012658228,1.695652174,0.258064516,1.125,0.058823529,1.5,0.2,0.502415459,-0.331189711,0.263291139,-0.583166333,0.438818565,-0.390029326,0.448275862,-0.380952381,0.832,-0.091703057,0.866666667,-0.071428571,1.507246377,0.202312139,0.888888889,-0.058823529,1.333333333,0.142857143,0.376811594,-0.452631579,0.197468354,-0.670190275,0.329113924,-0.504761905,0.336206897,-0.496774194,0.624,-0.231527094,0.65,-0.212121212,1.130434783,0.06122449,0.666666667,-0.2,0.75,-0.142857143
46,41,176,145,130,126,70,83,71,62,2/6/2026,93.39,1.213793103,0.096573209,1.353846154,0.150326797,1.396825397,0.165562914,2.514285714,0.430894309,2.120481928,0.359073359,2.478873239,0.425101215,2.838709677,0.478991597,3.826086957,0.585585586,4.292682927,0.622119816,0.823863636,-0.096573209,1.115384615,0.054545455,1.150793651,0.070110701,2.071428571,0.348837209,1.746987952,0.271929825,2.042253521,0.342592593,2.338709677,0.400966184,3.152173913,0.518324607,3.536585366,0.559139785,0.738636364,-0.150326797,0.896551724,-0.054545455,1.031746032,0.015625,1.857142857,0.3,1.56626506,0.220657277,1.830985915,0.293532338,2.096774194,0.354166667,2.826086957,0.477272727,3.170731707,0.520467836,0.715909091,-0.165562914,0.868965517,-0.070110701,0.969230769,-0.015625,1.8,0.285714286,1.518072289,0.205741627,1.774647887,0.279187817,2.032258065,0.340425532,2.739130435,0.465116279,3.073170732,0.508982036,0.397727273,-0.430894309,0.482758621,-0.348837209,0.538461538,-0.3,0.555555556,-0.285714286,0.843373494,-0.08496732,0.985915493,-0.007092199,1.129032258,0.060606061,1.52173913,0.206896552,1.707317073,0.261261261,0.471590909,-0.359073359,0.572413793,-0.271929825,0.638461538,-0.220657277,0.658730159,-0.205741627,1.185714286,0.08496732,1.169014085,0.077922078,1.338709677,0.144827586,1.804347826,0.286821705,2.024390244,0.338709677,0.403409091,-0.425101215,0.489655172,-0.342592593,0.546153846,-0.293532338,0.563492063,-0.279187817,1.014285714,0.007092199,0.855421687,-0.077922078,1.14516129,0.067669173,1.543478261,0.213675214,1.731707317,0.267857143,0.352272727,-0.478991597,0.427586207,-0.400966184,0.476923077,-0.354166667,0.492063492,-0.340425532,0.885714286,-0.060606061,0.746987952,-0.144827586,0.873239437,-0.067669173,1.347826087,0.148148148,1.512195122,0.203883495,0.261363636,-0.585585586,0.317241379,-0.518324607,0.353846154,-0.477272727,0.365079365,-0.465116279,0.657142857,-0.206896552,0.554216867,-0.286821705,0.647887324,-0.213675214,0.741935484,-0.148148148,1.12195122,0.057471264,0.232954545,-0.622119816,0.282758621,-0.559139785,0.315384615,-0.520467836,0.325396825,-0.508982036,0.585714286,-0.261261261,0.493975904,-0.338709677,0.577464789,-0.267857143,0.661290323,-0.203883495,0.891304348,-0.057471264
74,48,122,66,62,73,43,57,49,59,10/24/2024,179.54,1.848484848,0.29787234,1.967741935,0.326086957,1.671232877,0.251282051,2.837209302,0.478787879,2.140350877,0.363128492,2.489795918,0.426900585,2.06779661,0.348066298,1.648648649,0.244897959,2.541666667,0.435294118,0.540983607,-0.29787234,1.064516129,0.03125,0.904109589,-0.050359712,1.534883721,0.211009174,1.157894737,0.073170732,1.346938776,0.147826087,1.118644068,0.056,0.891891892,-0.057142857,1.375,0.157894737,0.508196721,-0.326086957,0.939393939,-0.03125,0.849315068,-0.081481481,1.441860465,0.180952381,1.087719298,0.042016807,1.265306122,0.117117117,1.050847458,0.024793388,0.837837838,-0.088235294,1.291666667,0.127272727,0.598360656,-0.251282051,1.106060606,0.050359712,1.177419355,0.081481481,1.697674419,0.25862069,1.280701754,0.123076923,1.489795918,0.196721311,1.237288136,0.106060606,0.986486486,-0.006802721,1.520833333,0.20661157,0.352459016,-0.478787879,0.651515152,-0.211009174,0.693548387,-0.180952381,0.589041096,-0.25862069,0.754385965,-0.14,0.87755102,-0.065217391,0.728813559,-0.156862745,0.581081081,-0.264957265,0.895833333,-0.054945055,0.467213115,-0.363128492,0.863636364,-0.073170732,0.919354839,-0.042016807,0.780821918,-0.123076923,1.325581395,0.14,1.163265306,0.075471698,0.966101695,-0.017241379,0.77027027,-0.129770992,1.1875,0.085714286,0.401639344,-0.426900585,0.742424242,-0.147826087,0.790322581,-0.117117117,0.671232877,-0.196721311,1.139534884,0.065217391,0.859649123,-0.075471698,0.830508475,-0.092592593,0.662162162,-0.203252033,1.020833333,0.010309278,0.483606557,-0.348066298,0.893939394,-0.056,0.951612903,-0.024793388,0.808219178,-0.106060606,1.372093023,0.156862745,1.035087719,0.017241379,1.204081633,0.092592593,0.797297297,-0.112781955,1.229166667,0.102803738,0.606557377,-0.244897959,1.121212121,0.057142857,1.193548387,0.088235294,1.01369863,0.006802721,1.720930233,0.264957265,1.298245614,0.129770992,1.510204082,0.203252033,1.254237288,0.112781955,1.541666667,0.213114754,0.393442623,-0.435294118,0.727272727,-0.157894737,0.774193548,-0.127272727,0.657534247,-0.20661157,1.11627907,0.054945055,0.842105263,-0.085714286,0.979591837,-0.010309278,0.813559322,-0.102803738,0.648648649,-0.213114754
1776,1451,1904,1763,1533,1835,2336,2461,2270,2490,9/26/2025,139.57,1.079977311,0.03845105,1.242009132,0.107942974,1.03760218,0.018454132,0.815068493,-0.101886792,0.77366924,-0.127605956,0.83876652,-0.087685673,0.764658635,-0.133363678,1.072072072,0.034782609,1.312198484,0.135022355,0.925945378,-0.03845105,1.150032616,0.069781553,0.960762943,-0.020011117,0.754708904,-0.139790193,0.716375457,-0.165246212,0.776651982,-0.125712869,0.708032129,-0.170938161,0.99268018,-0.003673354,1.215024121,0.097075296,0.805147059,-0.107942974,0.869540556,-0.069781553,0.835422343,-0.089667458,0.65625,-0.20754717,0.622917513,-0.232348523,0.675330396,-0.193794373,0.615662651,-0.237882177,0.863175676,-0.073436083,1.05651275,0.027479893,0.963760504,-0.018454132,1.040839478,0.020011117,1.196999348,0.089667458,0.785530822,-0.12011508,0.745631857,-0.145716946,0.808370044,-0.105968331,0.736947791,-0.151445087,1.033220721,0.016338964,1.264645072,0.116859404,1.226890756,0.101886792,1.32501418,0.139790193,1.523809524,0.20754717,1.273024523,0.12011508,0.949207639,-0.026057953,1.02907489,0.014329136,0.93815261,-0.031910485,1.315315315,0.13618677,1.60992419,0.233694217,1.292542017,0.127605956,1.395916052,0.165246212,1.605348989,0.232348523,1.341144414,0.145716946,1.053510274,0.026057953,1.084140969,0.040372014,0.988353414,-0.005857403,1.385698198,0.161670994,1.696071675,0.258179959,1.192226891,0.087685673,1.287577992,0.125712869,1.480756686,0.193794373,1.237057221,0.105968331,0.971746575,-0.014329136,0.922389273,-0.040372014,0.911646586,-0.046218487,1.278153153,0.122095897,1.564438318,0.220102123,1.307773109,0.133363678,1.412365286,0.170938161,1.624266145,0.237882177,1.356948229,0.151445087,1.065924658,0.031910485,1.011783828,0.005857403,1.0969163,0.046218487,1.402027027,0.167369902,1.716057891,0.26363867,0.932773109,-0.034782609,1.007373795,0.003673354,1.15851272,0.073436083,0.967847411,-0.016338964,0.760273973,-0.13618677,0.721657863,-0.161670994,0.782378855,-0.122095897,0.713253012,-0.167369902,1.22398346,0.100712736,0.762079832,-0.135022355,0.823028928,-0.097075296,0.946510111,-0.027479893,0.790735695,-0.116859404,0.62114726,-0.233694217,0.589597725,-0.258179959,0.639207048,-0.220102123,0.582730924,-0.26363867,0.817004505,-0.100712736
450,405,510,495,494,542,450,460,423,424,7/31/2025,76.21,1.03030303,0.014925373,1.032388664,0.015936255,0.94095941,-0.030418251,1.133333333,0.0625,1.108695652,0.051546392,1.205673759,0.093247588,1.202830189,0.092077088,1.133333333,0.0625,1.259259259,0.114754098,0.970588235,-0.014925373,1.002024291,0.001011122,0.913284133,-0.045323047,1.1,0.047619048,1.076086957,0.036649215,1.170212766,0.078431373,1.16745283,0.077257889,1.1,0.047619048,1.222222222,0.1,0.968627451,-0.015936255,0.997979798,-0.001011122,0.911439114,-0.046332046,1.097777778,0.046610169,1.073913043,0.035639413,1.1678487,0.07742639,1.16509434,0.076252723,1.097777778,0.046610169,1.219753086,0.098998888,1.062745098,0.030418251,1.094949495,0.045323047,1.097165992,0.046332046,1.204444444,0.092741935,1.17826087,0.081836327,1.281323877,0.123316062,1.278301887,0.122153209,1.204444444,0.092741935,1.338271605,0.144667371,0.882352941,-0.0625,0.909090909,-0.047619048,0.910931174,-0.046610169,0.830258303,-0.092741935,0.97826087,-0.010989011,1.063829787,0.030927835,1.061320755,0.029748284,1.0,0.0,1.111111111,0.052631579,0.901960784,-0.051546392,0.929292929,-0.036649215,0.931174089,-0.035639413,0.848708487,-0.081836327,1.022222222,0.010989011,1.087470449,0.041902605,1.08490566,0.040723982,1.022222222,0.010989011,1.135802469,0.063583815,0.829411765,-0.093247588,0.854545455,-0.078431373,0.856275304,-0.07742639,0.780442804,-0.123316062,0.94,-0.030927835,0.919565217,-0.041902605,0.997641509,-0.001180638,0.94,-0.030927835,1.044444444,0.02173913,0.831372549,-0.092077088,0.856565657,-0.077257889,0.858299595,-0.076252723,0.782287823,-0.122153209,0.942222222,-0.029748284,0.92173913,-0.040723982,1.002364066,0.001180638,0.942222222,-0.029748284,1.04691358,0.02291918,0.882352941,-0.0625,0.909090909,-0.047619048,0.910931174,-0.046610169,0.830258303,-0.092741935,1.0,0.0,0.97826087,-0.010989011,1.063829787,0.030927835,1.061320755,0.029748284,1.111111111,0.052631579,0.794117647,-0.114754098,0.818181818,-0.1,0.819838057,-0.098998888,0.747232472,-0.144667371,0.9,-0.052631579,0.880434783,-0.063583815,0.957446809,-0.02173913,0.955188679,-0.02291918,0.9,-0.052631579
1047,973,1273,1488,1229,1242,1076,1080,1043,1060,5/7/2024,18.27,0.855510753,-0.077870337,1.035801465,0.017585931,1.024959742,0.012326044,1.183085502,0.083865475,1.178703704,0.082022949,1.220517737,0.099309154,1.200943396,0.091298757,1.215854823,0.097413793,1.308324769,0.133570793,1.16889238,0.077870337,1.210740439,0.095325727,1.198067633,0.09010989,1.382899628,0.160686427,1.377777778,0.158878505,1.426653883,0.175819834,1.403773585,0.167974882,1.421203438,0.173964497,1.529290853,0.209264527,0.965435978,-0.017585931,0.82594086,-0.095325727,0.989533011,-0.005261028,1.142193309,0.06637744,1.137962963,0.0645301,1.178331735,0.081866197,1.159433962,0.073831367,1.17382999,0.079964851,1.263103803,0.116257947,0.975648075,-0.012326044,0.834677419,-0.09010989,1.010577705,0.005261028,1.154275093,0.07161346,1.15,0.069767442,1.190795781,0.087089716,1.171698113,0.079061685,1.186246418,0.085190039,1.276464543,0.121444695,0.845247447,-0.083865475,0.72311828,-0.160686427,0.875508544,-0.06637744,0.866344605,-0.07161346,0.996296296,-0.001855288,1.031639501,0.015573384,1.01509434,0.007490637,1.027698185,0.013659915,1.105858171,0.050268424,0.848389631,-0.082022949,0.725806452,-0.158878505,0.878763222,-0.0645301,0.869565217,-0.069767442,1.003717472,0.001855288,1.035474593,0.017428168,1.018867925,0.009345794,1.031518625,0.01551481,1.109969168,0.05211885,0.81932443,-0.099309154,0.70094086,-0.175819834,0.848657445,-0.081866197,0.839774557,-0.087089716,0.969330855,-0.015573384,0.965740741,-0.017428168,0.983962264,-0.00808369,0.996179561,-0.001913876,1.071942446,0.034722222,0.832678712,-0.091298757,0.712365591,-0.167974882,0.862489829,-0.073831367,0.853462158,-0.079061685,0.985130112,-0.007490637,0.981481481,-0.009345794,1.016299137,0.00808369,1.012416428,0.00616991,1.089414183,0.042793901,0.822466614,-0.097413793,0.703629032,-0.173964497,0.851912124,-0.079964851,0.842995169,-0.085190039,0.973048327,-0.013659915,0.969444444,-0.01551481,1.003835091,0.001913876,0.987735849,-0.00616991,1.076053443,0.036633663,0.764336214,-0.133570793,0.653897849,-0.209264527,0.79170057,-0.116257947,0.783413849,-0.121444695,0.904275093,-0.050268424,0.900925926,-0.05211885,0.932885906,-0.034722222,0.917924528,-0.042793901,0.929321872,-0.036633663
46,40,96,69,72,60,39,33,22,35,1/17/2026,105.43,1.391304348,0.163636364,1.333333333,0.142857143,1.6,0.230769231,2.461538462,0.422222222,2.909090909,0.488372093,4.363636364,0.627118644,2.742857143,0.465648855,2.086956522,0.352112676,2.4,0.411764706,0.71875,-0.163636364,0.958333333,-0.021276596,1.15,0.069767442,1.769230769,0.277777778,2.090909091,0.352941176,3.136363636,0.516483516,1.971428571,0.326923077,1.5,0.2,1.725,0.266055046,0.75,-0.142857143,1.043478261,0.021276596,1.2,0.090909091,1.846153846,0.297297297,2.181818182,0.371428571,3.272727273,0.531914894,2.057142857,0.345794393,1.565217391,0.220338983,1.8,0.285714286,0.625,-0.230769231,0.869565217,-0.069767442,0.833333333,-0.090909091,1.538461538,0.212121212,1.818181818,0.290322581,2.727272727,0.463414634,1.714285714,0.263157895,1.304347826,0.132075472,1.5,0.2,0.40625,-0.422222222,0.565217391,-0.277777778,0.541666667,-0.297297297,0.65,-0.212121212,1.181818182,0.083333333,1.772727273,0.278688525,1.114285714,0.054054054,0.847826087,-0.082352941,0.975,-0.012658228,0.34375,-0.488372093,0.47826087,-0.352941176,0.458333333,-0.371428571,0.55,-0.290322581,0.846153846,-0.083333333,1.5,0.2,0.942857143,-0.029411765,0.717391304,-0.164556962,0.825,-0.095890411,0.229166667,-0.627118644,0.31884058,-0.516483516,0.305555556,-0.531914894,0.366666667,-0.463414634,0.564102564,-0.278688525,0.666666667,-0.2,0.628571429,-0.228070175,0.47826087,-0.352941176,0.55,-0.290322581,0.364583333,-0.465648855,0.507246377,-0.326923077,0.486111111,-0.345794393,0.583333333,-0.263157895,0.897435897,-0.054054054,1.060606061,0.029411765,1.590909091,0.228070175,0.760869565,-0.135802469,0.875,-0.066666667,0.479166667,-0.352112676,0.666666667,-0.2,0.638888889,-0.220338983,0.766666667,-0.132075472,1.179487179,0.082352941,1.393939394,0.164556962,2.090909091,0.352941176,1.314285714,0.135802469,1.15,0.069767442,0.416666667,-0.411764706,0.579710145,-0.266055046,0.555555556,-0.285714286,0.666666667,-0.2,1.025641026,0.012658228,1.212121212,0.095890411,1.818181818,0.290322581,1.142857143,0.066666667,0.869565217,-0.069767442
71,59,88,95,87,85,82,82,72,63,10/24/2025,146.05,0.926315789,-0.038251366,1.011494253,0.005714286,1.035294118,0.01734104,1.073170732,0.035294118,1.073170732,0.035294118,1.222222222,0.1,1.396825397,0.165562914,1.23943662,0.106918239,1.491525424,0.197278912,1.079545455,0.038251366,1.091954023,0.043956044,1.117647059,0.055555556,1.158536585,0.073446328,1.158536585,0.073446328,1.319444444,0.137724551,1.507936508,0.202531646,1.338028169,0.144578313,1.610169492,0.233766234,0.988636364,-0.005714286,0.915789474,-0.043956044,1.023529412,0.011627907,1.06097561,0.029585799,1.06097561,0.029585799,1.208333333,0.094339623,1.380952381,0.16,1.225352113,0.101265823,1.474576271,0.191780822,0.965909091,-0.01734104,0.894736842,-0.055555556,0.977011494,-0.011627907,1.036585366,0.017964072,1.036585366,0.017964072,1.180555556,0.082802548,1.349206349,0.148648649,1.197183099,0.08974359,1.440677966,0.180555556,0.931818182,-0.035294118,0.863157895,-0.073446328,0.942528736,-0.029585799,0.964705882,-0.017964072,1.0,0.0,1.138888889,0.064935065,1.301587302,0.131034483,1.154929577,0.071895425,1.389830508,0.163120567,0.931818182,-0.035294118,0.863157895,-0.073446328,0.942528736,-0.029585799,0.964705882,-0.017964072,1.0,0.0,1.138888889,0.064935065,1.301587302,0.131034483,1.154929577,0.071895425,1.389830508,0.163120567,0.818181818,-0.1,0.757894737,-0.137724551,0.827586207,-0.094339623,0.847058824,-0.082802548,0.87804878,-0.064935065,0.87804878,-0.064935065,1.142857143,0.066666667,1.014084507,0.006993007,1.220338983,0.099236641,0.715909091,-0.165562914,0.663157895,-0.202531646,0.724137931,-0.16,0.741176471,-0.148648649,0.768292683,-0.131034483,0.768292683,-0.131034483,0.875,-0.066666667,0.887323944,-0.059701493,1.06779661,0.032786885,0.806818182,-0.106918239,0.747368421,-0.144578313,0.816091954,-0.101265823,0.835294118,-0.08974359,0.865853659,-0.071895425,0.865853659,-0.071895425,0.986111111,-0.006993007,1.126984127,0.059701493,1.203389831,0.092307692,0.670454545,-0.197278912,0.621052632,-0.233766234,0.67816092,-0.191780822,0.694117647,-0.180555556,0.719512195,-0.163120567,0.719512195,-0.163120567,0.819444444,-0.099236641,0.936507937,-0.032786885,0.830985915,-0.092307692
37,34,228,465,245,175,6,7,5,6,12/15/2025,42.29,0.490322581,-0.341991342,0.930612245,-0.035940803,1.302857143,0.131513648,38.0,0.948717949,32.57142857,0.940425532,45.6,0.957081545,38.0,0.948717949,6.162162162,0.720754717,6.705882353,0.740458015,2.039473684,0.341991342,1.897959184,0.309859155,2.657142857,0.453125,77.5,0.974522293,66.42857143,0.970338983,93.0,0.978723404,77.5,0.974522293,12.56756757,0.852589641,13.67647059,0.863727455,1.074561404,0.035940803,0.52688172,-0.309859155,1.4,0.166666667,40.83333333,0.952191235,35.0,0.944444444,49.0,0.96,40.83333333,0.952191235,6.621621622,0.737588652,7.205882353,0.756272401,0.76754386,-0.131513648,0.376344086,-0.453125,0.714285714,-0.166666667,29.16666667,0.933701657,25.0,0.923076923,35.0,0.944444444,29.16666667,0.933701657,4.72972973,0.650943396,5.147058824,0.674641148,0.026315789,-0.948717949,0.012903226,-0.974522293,0.024489796,-0.952191235,0.034285714,-0.933701657,0.857142857,-0.076923077,1.2,0.090909091,1.0,0.0,0.162162162,-0.720930233,0.176470588,-0.7,0.030701754,-0.940425532,0.015053763,-0.970338983,0.028571429,-0.944444444,0.04,-0.923076923,1.166666667,0.076923077,1.4,0.166666667,1.166666667,0.076923077,0.189189189,-0.681818182,0.205882353,-0.658536585,0.021929825,-0.957081545,0.010752688,-0.978723404,0.020408163,-0.96,0.028571429,-0.944444444,0.833333333,-0.090909091,0.714285714,-0.166666667,0.833333333,-0.090909091,0.135135135,-0.761904762,0.147058824,-0.743589744,0.026315789,-0.948717949,0.012903226,-0.974522293,0.024489796,-0.952191235,0.034285714,-0.933701657,1.0,0.0,0.857142857,-0.076923077,1.2,0.090909091,0.162162162,-0.720930233,0.176470588,-0.7,0.162280702,-0.720754717,0.079569892,-0.852589641,0.151020408,-0.737588652,0.211428571,-0.650943396,6.166666667,0.720930233,5.285714286,0.681818182,7.4,0.761904762,6.166666667,0.720930233,1.088235294,0.042253521,0.149122807,-0.740458015,0.07311828,-0.863727455,0.13877551,-0.756272401,0.194285714,-0.674641148,5.666666667,0.7,4.857142857,0.658536585,6.8,0.743589744,5.666666667,0.7,0.918918919,-0.042253521
876,775,1190,1396,1103,1102,936,909,882,876,5/27/2024,24.54,0.85243553,-0.079659706,1.078875793,0.037941561,1.079854809,0.038394415,1.271367521,0.119473189,1.309130913,0.133873273,1.349206349,0.148648649,1.358447489,0.151984511,1.358447489,0.151984511,1.535483871,0.211195929,1.173109244,0.079659706,1.265639166,0.117246899,1.266787659,0.117694155,1.491452991,0.197255575,1.535753575,0.211279826,1.58276644,0.225636523,1.593607306,0.228873239,1.593607306,0.228873239,1.801290323,0.286043298,0.926890756,-0.037941561,0.790114613,-0.117246899,1.000907441,0.000453515,1.178418803,0.081902894,1.213421342,0.096421471,1.250566893,0.111335013,1.25913242,0.114704396,1.25913242,0.114704396,1.423225806,0.174653887,0.92605042,-0.038394415,0.789398281,-0.117694155,0.999093382,-0.000453515,1.177350427,0.081452404,1.212321232,0.095972153,1.249433107,0.110887097,1.257990868,0.114256825,1.257990868,0.114256825,1.421935484,0.174214172,0.786554622,-0.119473189,0.670487106,-0.197255575,0.848594742,-0.081902894,0.849364791,-0.081452404,1.02970297,0.014634146,1.06122449,0.02970297,1.068493151,0.033112583,1.068493151,0.033112583,1.207741935,0.094097019,0.763865546,-0.133873273,0.651146132,-0.211279826,0.824116047,-0.096421471,0.824863884,-0.095972153,0.971153846,-0.014634146,1.030612245,0.015075377,1.037671233,0.018487395,1.037671233,0.018487395,1.172903226,0.079572447,0.741176471,-0.148648649,0.631805158,-0.225636523,0.799637353,-0.111335013,0.800362976,-0.110887097,0.942307692,-0.02970297,0.97029703,-0.015075377,1.006849315,0.003412969,1.006849315,0.003412969,1.138064516,0.064574532,0.736134454,-0.151984511,0.627507163,-0.228873239,0.794197643,-0.114704396,0.79491833,-0.114256825,0.935897436,-0.033112583,0.96369637,-0.018487395,0.993197279,-0.003412969,1.0,0.0,1.130322581,0.061175045,0.736134454,-0.151984511,0.627507163,-0.228873239,0.794197643,-0.114704396,0.79491833,-0.114256825,0.935897436,-0.033112583,0.96369637,-0.018487395,0.993197279,-0.003412969,1.0,0.0,1.130322581,0.061175045,0.651260504,-0.211195929,0.555157593,-0.286043298,0.702629193,-0.174653887,0.703266788,-0.174214172,0.827991453,-0.094097019,0.852585259,-0.079572447,0.878684807,-0.064574532,0.884703196,-0.061175045,0.884703196,-0.061175045
74,58,470,694,296,197,55,60,60,64,5/2/2025,13.51,0.677233429,-0.192439863,1.587837838,0.227154047,2.385786802,0.409295352,8.545454545,0.79047619,7.833333333,0.773584906,7.833333333,0.773584906,7.34375,0.760299625,6.351351351,0.727941176,8.103448276,0.78030303,1.476595745,0.192439863,2.344594595,0.402020202,3.52284264,0.557800224,12.61818182,0.853137517,11.56666667,0.840848806,11.56666667,0.840848806,10.84375,0.831134565,9.378378378,0.807291667,11.96551724,0.845744681,0.629787234,-0.227154047,0.426512968,-0.402020202,1.502538071,0.200811359,5.381818182,0.686609687,4.933333333,0.662921348,4.933333333,0.662921348,4.625,0.644444444,4.0,0.6,5.103448276,0.672316384,0.419148936,-0.409295352,0.283861671,-0.557800224,0.665540541,-0.200811359,3.581818182,0.563492063,3.283333333,0.53307393,3.283333333,0.53307393,3.078125,0.509578544,2.662162162,0.453874539,3.396551724,0.545098039,0.117021277,-0.79047619,0.07925072,-0.853137517,0.185810811,-0.686609687,0.279187817,-0.563492063,0.916666667,-0.043478261,0.916666667,-0.043478261,0.859375,-0.075630252,0.743243243,-0.147286822,0.948275862,-0.026548673,0.127659574,-0.773584906,0.086455331,-0.840848806,0.202702703,-0.662921348,0.304568528,-0.53307393,1.090909091,0.043478261,1.0,0.0,0.9375,-0.032258065,0.810810811,-0.104477612,1.034482759,0.016949153,0.127659574,-0.773584906,0.086455331,-0.840848806,0.202702703,-0.662921348,0.304568528,-0.53307393,1.090909091,0.043478261,1.0,0.0,0.9375,-0.032258065,0.810810811,-0.104477612,1.034482759,0.016949153,0.136170213,-0.760299625,0.09221902,-0.831134565,0.216216216,-0.644444444,0.324873096,-0.509578544,1.163636364,0.075630252,1.066666667,0.032258065,1.066666667,0.032258065,0.864864865,-0.072463768,1.103448276,0.049180328,0.157446809,-0.727941176,0.106628242,-0.807291667,0.25,-0.6,0.375634518,-0.453874539,1.345454545,0.147286822,1.233333333,0.104477612,1.233333333,0.104477612,1.15625,0.072463768,1.275862069,0.121212121,0.123404255,-0.78030303,0.083573487,-0.845744681,0.195945946,-0.672316384,0.294416244,-0.545098039,1.054545455,0.026548673,0.966666667,-0.016949153,0.966666667,-0.016949153,0.90625,-0.049180328,0.783783784,-0.121212121
44,29,33,48,75,62,15,15,13,23,10/14/2025,79.33,0.6875,-0.185185185,0.44,-0.388888889,0.532258065,-0.305263158,2.2,0.375,2.2,0.375,2.538461538,0.434782609,1.434782609,0.178571429,0.75,-0.142857143,1.137931034,0.064516129,1.454545455,0.185185185,0.64,-0.219512195,0.774193548,-0.127272727,3.2,0.523809524,3.2,0.523809524,3.692307692,0.573770492,2.086956522,0.352112676,1.090909091,0.043478261,1.655172414,0.246753247,2.272727273,0.388888889,1.5625,0.219512195,1.209677419,0.094890511,5.0,0.666666667,5.0,0.666666667,5.769230769,0.704545455,3.260869565,0.530612245,1.704545455,0.260504202,2.586206897,0.442307692,1.878787879,0.305263158,1.291666667,0.127272727,0.826666667,-0.094890511,4.133333333,0.61038961,4.133333333,0.61038961,4.769230769,0.653333333,2.695652174,0.458823529,1.409090909,0.169811321,2.137931034,0.362637363,0.454545455,-0.375,0.3125,-0.523809524,0.2,-0.666666667,0.241935484,-0.61038961,1.0,0.0,1.153846154,0.071428571,0.652173913,-0.210526316,0.340909091,-0.491525424,0.517241379,-0.318181818,0.454545455,-0.375,0.3125,-0.523809524,0.2,-0.666666667,0.241935484,-0.61038961,1.0,0.0,1.153846154,0.071428571,0.652173913,-0.210526316,0.340909091,-0.491525424,0.517241379,-0.318181818,0.393939394,-0.434782609,0.270833333,-0.573770492,0.173333333,-0.704545455,0.209677419,-0.653333333,0.866666667,-0.071428571,0.866666667,-0.071428571,0.565217391,-0.277777778,0.295454545,-0.543859649,0.448275862,-0.380952381,0.696969697,-0.178571429,0.479166667,-0.352112676,0.306666667,-0.530612245,0.370967742,-0.458823529,1.533333333,0.210526316,1.533333333,0.210526316,1.769230769,0.277777778,0.522727273,-0.313432836,0.793103448,-0.115384615,1.333333333,0.142857143,0.916666667,-0.043478261,0.586666667,-0.260504202,0.709677419,-0.169811321,2.933333333,0.491525424,2.933333333,0.491525424,3.384615385,0.543859649,1.913043478,0.313432836,1.517241379,0.205479452,0.878787879,-0.064516129,0.604166667,-0.246753247,0.386666667,-0.442307692,0.467741935,-0.362637363,1.933333333,0.318181818,1.933333333,0.318181818,2.230769231,0.380952381,1.260869565,0.115384615,0.659090909,-0.205479452
1000,904,1415,1638,1157,1178,1043,1055,1016,1041,5/22/2024,0.0,0.863858364,-0.073042909,1.222990493,0.100311042,1.201188455,0.091399923,1.356663471,0.151342555,1.341232227,0.145748988,1.392716535,0.164129988,1.359269933,0.15228013,1.415,0.17184265,1.565265487,0.220353601,1.157597173,0.073042909,1.415730337,0.172093023,1.39049236,0.163352273,1.570469799,0.221932115,1.552606635,0.216487189,1.612204724,0.234363225,1.573487032,0.222844345,1.638,0.241849886,1.811946903,0.288749017,0.817667845,-0.100311042,0.706349206,-0.172093023,0.982173175,-0.008993576,1.109300096,0.051818182,1.096682464,0.046112116,1.138779528,0.064887253,1.111431316,0.05277525,1.157,0.072786277,1.279867257,0.122755944,0.832508834,-0.091399923,0.719169719,-0.163352273,1.018150389,0.008993576,1.129434324,0.060783431,1.116587678,0.055082848,1.159448819,0.073837739,1.131604227,0.061739522,1.178,0.081726354,1.303097345,0.131604227,0.737102473,-0.151342555,0.636752137,-0.221932115,0.901469317,-0.051818182,0.885398981,-0.060783431,0.988625592,-0.005719733,1.026574803,0.013113162,1.00192123,0.000959693,1.043,0.021047479,1.153761062,0.071391885,0.745583039,-0.145748988,0.644078144,-0.216487189,0.911840968,-0.046112116,0.895585739,-0.055082848,1.011505273,0.005719733,1.038385827,0.018831482,1.013448607,0.006679389,1.055,0.02676399,1.167035398,0.077080143,0.718021201,-0.164129988,0.62026862,-0.234363225,0.878133103,-0.064887253,0.862478778,-0.073837739,0.974113135,-0.013113162,0.963033175,-0.018831482,0.97598463,-0.012153622,1.016,0.007936508,1.123893805,0.058333333,0.735689046,-0.15228013,0.635531136,-0.222844345,0.899740709,-0.05277525,0.883701188,-0.061739522,0.998082454,-0.000959693,0.986729858,-0.006679389,1.024606299,0.012153622,1.041,0.020088192,1.151548673,0.070437018,0.706713781,-0.17184265,0.610500611,-0.241849886,0.864304235,-0.072786277,0.848896435,-0.081726354,0.958772771,-0.021047479,0.947867299,-0.02676399,0.984251969,-0.007936508,0.960614793,-0.020088192,1.10619469,0.050420168,0.638869258,-0.220353601,0.551892552,-0.288749017,0.781331029,-0.122755944,0.767402377,-0.131604227,0.866730585,-0.071391885,0.856872038,-0.077080143,0.88976378,-0.058333333,0.868395773,-0.070437018,0.904,-0.050420168
721,650,1091,1266,901,899,770,790,773,762,5/2/2024,9.54,0.861769352,-0.074246924,1.210876804,0.095381526,1.213570634,0.096482412,1.416883117,0.17248791,1.381012658,0.160021265,1.411384217,0.170600858,1.43175853,0.177549919,1.513176144,0.20419426,1.678461538,0.2533027,1.1604033,0.074246924,1.405105438,0.168435625,1.408231368,0.169515012,1.644155844,0.243614931,1.602531646,0.23151751,1.637774903,0.241785189,1.661417323,0.24852071,1.755894591,0.274282838,1.947692308,0.321503132,0.825847846,-0.095381526,0.711690363,-0.168435625,1.002224694,0.001111111,1.17012987,0.07839617,1.140506329,0.065641632,1.165588616,0.07646356,1.182414698,0.083583885,1.249653259,0.110974106,1.386153846,0.161831077,0.824014665,-0.096482412,0.710110585,-0.169515012,0.997780244,-0.001111111,1.167532468,0.077291791,1.137974684,0.064535228,1.163001294,0.075358852,1.179790026,0.082480433,1.246879334,0.109876543,1.383076923,0.16074887,0.705774519,-0.17248791,0.60821485,-0.243614931,0.854605993,-0.07839617,0.85650723,-0.077291791,0.974683544,-0.012820513,0.996119017,-0.001944264,1.010498688,0.005221932,1.067961165,0.03286385,1.184615385,0.084507042,0.724106324,-0.160021265,0.624012638,-0.23151751,0.876803552,-0.065641632,0.878754171,-0.064535228,1.025974026,0.012820513,1.021992238,0.01087652,1.036745407,0.018041237,1.095700416,0.045665122,1.215384615,0.097222222,0.70852429,-0.170600858,0.610584518,-0.241785189,0.857935627,-0.07646356,0.859844271,-0.075358852,1.003896104,0.001944264,0.978481013,-0.01087652,1.014435696,0.007166124,1.072122053,0.03480589,1.189230769,0.086437105,0.698441797,-0.177549919,0.601895735,-0.24852071,0.84572697,-0.083583885,0.847608454,-0.082480433,0.98961039,-0.005221932,0.964556962,-0.018041237,0.985769728,-0.007166124,1.056865465,0.027646662,1.172307692,0.079320113,0.660861595,-0.20419426,0.569510269,-0.274282838,0.800221976,-0.110974106,0.802002225,-0.109876543,0.936363636,-0.03286385,0.912658228,-0.045665122,0.932729625,-0.03480589,0.946194226,-0.027646662,1.109230769,0.051787017,0.595783685,-0.2533027,0.51342812,-0.321503132,0.721420644,-0.161831077,0.723025584,-0.16074887,0.844155844,-0.084507042,0.82278481,-0.097222222,0.84087969,-0.086437105,0.853018373,-0.079320113,0.901525659,-0.051787017
444,397,965,1252,863,751,563,539,534,489,4/12/2024,23.45,0.770766773,-0.129454217,1.118192352,0.055798687,1.284953395,0.124708625,1.714031972,0.263089005,1.790352505,0.283244681,1.807116105,0.287525017,1.973415133,0.327372765,2.173423423,0.369765791,2.430730479,0.417033774,1.297409326,0.129454217,1.450753187,0.18392435,1.667110519,0.250124813,2.223801066,0.379614325,2.322820037,0.398101619,2.344569288,0.402015677,2.560327198,0.438253877,2.81981982,0.476415094,3.153652393,0.518496058,0.894300518,-0.055798687,0.689297125,-0.18392435,1.149134487,0.069392813,1.53285968,0.210378682,1.601113173,0.231098431,1.616104869,0.235504653,1.764826176,0.276627219,1.943693694,0.320581484,2.173803526,0.36984127,0.778238342,-0.124708625,0.599840256,-0.250124813,0.870220162,-0.069392813,1.3339254,0.143074581,1.393320965,0.164341085,1.406367041,0.168871595,1.535787321,0.211290323,1.691441441,0.256903766,1.891687657,0.308362369,0.583419689,-0.263089005,0.449680511,-0.379614325,0.652375435,-0.210378682,0.749667111,-0.143074581,1.044526902,0.021778584,1.054307116,0.026435734,1.151329243,0.070342205,1.268018018,0.11817279,1.41813602,0.172916667,0.558549223,-0.283244681,0.430511182,-0.398101619,0.624565469,-0.231098431,0.71770972,-0.164341085,0.957371226,-0.021778584,1.009363296,0.004659832,1.102249489,0.048638132,1.213963964,0.09664293,1.35768262,0.151709402,0.553367876,-0.287525017,0.426517572,-0.402015677,0.618771727,-0.235504653,0.711051931,-0.168871595,0.948490231,-0.026435734,0.990723562,-0.004659832,1.09202454,0.04398827,1.202702703,0.09202454,1.345088161,0.147153598,0.506735751,-0.327372765,0.39057508,-0.438253877,0.566628042,-0.276627219,0.651131824,-0.211290323,0.868561279,-0.070342205,0.907235622,-0.048638132,0.915730337,-0.04398827,1.101351351,0.048231511,1.231738035,0.103837472,0.460103627,-0.369765791,0.354632588,-0.476415094,0.514484357,-0.320581484,0.591211718,-0.256903766,0.788632327,-0.11817279,0.823747681,-0.09664293,0.831460674,-0.09202454,0.90797546,-0.048231511,1.118387909,0.05588585,0.411398964,-0.417033774,0.317092652,-0.518496058,0.460023175,-0.36984127,0.528628495,-0.308362369,0.705150977,-0.172916667,0.736549165,-0.151709402,0.743445693,-0.147153598,0.811860941,-0.103837472,0.894144144,-0.05588585
92,76,178,149,138,150,116,134,116,102,2/27/2024,199.35,1.194630872,0.088685015,1.289855072,0.126582278,1.186666667,0.085365854,1.534482759,0.210884354,1.328358209,0.141025641,1.534482759,0.210884354,1.745098039,0.271428571,1.934782609,0.318518519,2.342105263,0.401574803,0.837078652,-0.088685015,1.079710145,0.038327526,0.993333333,-0.003344482,1.284482759,0.124528302,1.111940299,0.053003534,1.284482759,0.124528302,1.460784314,0.187250996,1.619565217,0.236514523,1.960526316,0.324444444,0.775280899,-0.126582278,0.926174497,-0.038327526,0.92,-0.041666667,1.189655172,0.086614173,1.029850746,0.014705882,1.189655172,0.086614173,1.352941176,0.15,1.5,0.2,1.815789474,0.289719626,0.842696629,-0.085365854,1.006711409,0.003344482,1.086956522,0.041666667,1.293103448,0.127819549,1.119402985,0.056338028,1.293103448,0.127819549,1.470588235,0.19047619,1.630434783,0.239669421,1.973684211,0.327433628,0.651685393,-0.210884354,0.77852349,-0.124528302,0.84057971,-0.086614173,0.773333333,-0.127819549,0.865671642,-0.072,1.0,0.0,1.137254902,0.064220183,1.260869565,0.115384615,1.526315789,0.208333333,0.752808989,-0.141025641,0.899328859,-0.053003534,0.971014493,-0.014705882,0.893333333,-0.056338028,1.155172414,0.072,1.155172414,0.072,1.31372549,0.13559322,1.456521739,0.185840708,1.763157895,0.276190476,0.651685393,-0.210884354,0.77852349,-0.124528302,0.84057971,-0.086614173,0.773333333,-0.127819549,1.0,0.0,0.865671642,-0.072,1.137254902,0.064220183,1.260869565,0.115384615,1.526315789,0.208333333,0.573033708,-0.271428571,0.684563758,-0.187250996,0.739130435,-0.15,0.68,-0.19047619,0.879310345,-0.064220183,0.76119403,-0.13559322,0.879310345,-0.064220183,1.108695652,0.051546392,1.342105263,0.146067416,0.516853933,-0.318518519,0.617449664,-0.236514523,0.666666667,-0.2,0.613333333,-0.239669421,0.793103448,-0.115384615,0.686567164,-0.185840708,0.793103448,-0.115384615,0.901960784,-0.051546392,1.210526316,0.095238095,0.426966292,-0.401574803,0.510067114,-0.324444444,0.550724638,-0.289719626,0.506666667,-0.327433628,0.655172414,-0.208333333,0.567164179,-0.276190476,0.655172414,-0.208333333,0.745098039,-0.146067416,0.826086957,-0.095238095
12,15,112,83,60,57,28,25,26,12,12/28/2025,94.42,1.34939759,0.148717949,1.866666667,0.302325581,1.964912281,0.325443787,4.0,0.6,4.48,0.635036496,4.307692308,0.623188406,9.333333333,0.806451613,9.333333333,0.806451613,7.466666667,0.763779528,0.741071429,-0.148717949,1.383333333,0.160839161,1.456140351,0.185714286,2.964285714,0.495495495,3.32,0.537037037,3.192307692,0.52293578,6.916666667,0.747368421,6.916666667,0.747368421,5.533333333,0.693877551,0.535714286,-0.302325581,0.722891566,-0.160839161,1.052631579,0.025641026,2.142857143,0.363636364,2.4,0.411764706,2.307692308,0.395348837,5.0,0.666666667,5.0,0.666666667,4.0,0.6,0.508928571,-0.325443787,0.686746988,-0.185714286,0.95,-0.025641026,2.035714286,0.341176471,2.28,0.390243902,2.192307692,0.373493976,4.75,0.652173913,4.75,0.652173913,3.8,0.583333333,0.25,-0.6,0.337349398,-0.495495495,0.466666667,-0.363636364,0.49122807,-0.341176471,1.12,0.056603774,1.076923077,0.037037037,2.333333333,0.4,2.333333333,0.4,1.866666667,0.302325581,0.223214286,-0.635036496,0.301204819,-0.537037037,0.416666667,-0.411764706,0.438596491,-0.390243902,0.892857143,-0.056603774,0.961538462,-0.019607843,2.083333333,0.351351351,2.083333333,0.351351351,1.666666667,0.25,0.232142857,-0.623188406,0.313253012,-0.52293578,0.433333333,-0.395348837,0.456140351,-0.373493976,0.928571429,-0.037037037,1.04,0.019607843,2.166666667,0.368421053,2.166666667,0.368421053,1.733333333,0.268292683,0.107142857,-0.806451613,0.144578313,-0.747368421,0.2,-0.666666667,0.210526316,-0.652173913,0.428571429,-0.4,0.48,-0.351351351,0.461538462,-0.368421053,1.0,0.0,0.8,-0.111111111,0.107142857,-0.806451613,0.144578313,-0.747368421,0.2,-0.666666667,0.210526316,-0.652173913,0.428571429,-0.4,0.48,-0.351351351,0.461538462,-0.368421053,1.0,0.0,0.8,-0.111111111,0.133928571,-0.763779528,0.180722892,-0.693877551,0.25,-0.6,0.263157895,-0.583333333,0.535714286,-0.302325581,0.6,-0.25,0.576923077,-0.268292683,1.25,0.111111111,1.25,0.111111111
637,573,706,747,746,803,721,727,650,688,4/17/2024,136.01,0.945113788,-0.028217481,0.946380697,-0.027548209,0.879202989,-0.064280981,0.979195562,-0.010511563,0.971114168,-0.014654571,1.086153846,0.041297935,1.026162791,0.012912482,1.108320251,0.051377513,1.232111693,0.10398749,1.058073654,0.028217481,1.001340483,0.000669792,0.930261519,-0.036129032,1.036061026,0.017711172,1.027510316,0.013568521,1.149230769,0.069434503,1.085755814,0.041114983,1.172684458,0.079479769,1.303664921,0.131818182,1.056657224,0.027548209,0.998661312,-0.000669792,0.929016189,-0.036797934,1.034674064,0.017041581,1.026134801,0.012898846,1.147692308,0.068767908,1.084302326,0.040446304,1.1711146,0.078814172,1.301919721,0.13115997,1.137393768,0.064280981,1.074966533,0.036129032,1.076407507,0.036797934,1.113730929,0.053805774,1.104539202,0.049673203,1.235384615,0.105299381,1.167151163,0.077129443,1.260596546,0.115277778,1.401396161,0.167151163,1.021246459,0.010511563,0.96519411,-0.017711172,0.966487936,-0.017041581,0.897882939,-0.053805774,0.991746905,-0.004143646,1.109230769,0.051787017,1.047965116,0.023420866,1.131868132,0.06185567,1.258289703,0.114374034,1.029745042,0.014654571,0.973226238,-0.013568521,0.974530831,-0.012898846,0.905354919,-0.049673203,1.008321775,0.004143646,1.118461538,0.055918664,1.056686047,0.027561837,1.141287284,0.065982405,1.268760908,0.118461538,0.920679887,-0.041297935,0.870147256,-0.069434503,0.871313673,-0.068767908,0.809464508,-0.105299381,0.901525659,-0.051787017,0.894085282,-0.055918664,0.944767442,-0.028400598,1.020408163,0.01010101,1.134380454,0.062959935,0.974504249,-0.012912482,0.921017403,-0.041114983,0.922252011,-0.040446304,0.856787049,-0.077129443,0.954230236,-0.023420866,0.946354883,-0.027561837,1.058461538,0.028400598,1.080062794,0.038490566,1.20069808,0.091197462,0.902266289,-0.051377513,0.852744311,-0.079479769,0.853887399,-0.078814172,0.793275218,-0.115277778,0.883495146,-0.06185567,0.876203576,-0.065982405,0.98,-0.01010101,0.925872093,-0.038490566,1.111692845,0.052892562,0.811614731,-0.10398749,0.767068273,-0.131818182,0.768096515,-0.13115997,0.713574097,-0.167151163,0.794729542,-0.114374034,0.788170564,-0.118461538,0.881538462,-0.062959935,0.832848837,-0.091197462,0.899529042,-0.052892562
294,468,246,494,279,315,244,280,316,348,1/4/2026,35.38,0.497975709,-0.335135135,0.88172043,-0.062857143,0.780952381,-0.122994652,1.008196721,0.004081633,0.878571429,-0.064638783,0.778481013,-0.12455516,0.706896552,-0.171717172,0.836734694,-0.088888889,0.525641026,-0.31092437,2.008130081,0.335135135,1.770609319,0.278137128,1.568253968,0.221260816,2.024590164,0.338753388,1.764285714,0.276485788,1.563291139,0.219753086,1.41954023,0.173396675,1.680272109,0.253807107,1.055555556,0.027027027,1.134146341,0.062857143,0.564777328,-0.278137128,0.885714286,-0.060606061,1.143442623,0.066921606,0.996428571,-0.001788909,0.882911392,-0.062184874,0.801724138,-0.110047847,0.948979592,-0.02617801,0.596153846,-0.253012048,1.280487805,0.122994652,0.637651822,-0.221260816,1.129032258,0.060606061,1.290983607,0.127012522,1.125,0.058823529,0.996835443,-0.001584786,0.905172414,-0.049773756,1.071428571,0.034482759,0.673076923,-0.195402299,0.991869919,-0.004081633,0.493927126,-0.338753388,0.874551971,-0.066921606,0.774603175,-0.127012522,0.871428571,-0.06870229,0.772151899,-0.128571429,0.701149425,-0.175675676,0.829931973,-0.092936803,0.521367521,-0.314606742,1.138211382,0.064638783,0.566801619,-0.276485788,1.003584229,0.001788909,0.888888889,-0.058823529,1.147540984,0.06870229,0.886075949,-0.060402685,0.804597701,-0.108280255,0.952380952,-0.024390244,0.598290598,-0.251336898,1.284552846,0.12455516,0.639676113,-0.219753086,1.132616487,0.062184874,1.003174603,0.001584786,1.295081967,0.128571429,1.128571429,0.060402685,0.908045977,-0.048192771,1.074829932,0.036065574,0.675213675,-0.193877551,1.414634146,0.171717172,0.704453441,-0.173396675,1.247311828,0.110047847,1.104761905,0.049773756,1.426229508,0.175675676,1.242857143,0.108280255,1.101265823,0.048192771,1.183673469,0.08411215,0.743589744,-0.147058824,1.195121951,0.088888889,0.5951417,-0.253807107,1.053763441,0.02617801,0.933333333,-0.034482759,1.204918033,0.092936803,1.05,0.024390244,0.930379747,-0.036065574,0.844827586,-0.08411215,0.628205128,-0.228346457,1.902439024,0.31092437,0.947368421,-0.027027027,1.677419355,0.253012048,1.485714286,0.195402299,1.918032787,0.314606742,1.671428571,0.251336898,1.481012658,0.193877551,1.344827586,0.147058824,1.591836735,0.228346457
78,63,60,66,66,68,55,35,36,44,11/3/2025,147.89,0.909090909,-0.047619048,0.909090909,-0.047619048,0.882352941,-0.0625,1.090909091,0.043478261,1.714285714,0.263157895,1.666666667,0.25,1.363636364,0.153846154,0.769230769,-0.130434783,0.952380952,-0.024390244,1.1,0.047619048,1.0,0.0,0.970588235,-0.014925373,1.2,0.090909091,1.885714286,0.306930693,1.833333333,0.294117647,1.5,0.2,0.846153846,-0.083333333,1.047619048,0.023255814,1.1,0.047619048,1.0,0.0,0.970588235,-0.014925373,1.2,0.090909091,1.885714286,0.306930693,1.833333333,0.294117647,1.5,0.2,0.846153846,-0.083333333,1.047619048,0.023255814,1.133333333,0.0625,1.03030303,0.014925373,1.03030303,0.014925373,1.236363636,0.105691057,1.942857143,0.32038835,1.888888889,0.307692308,1.545454545,0.214285714,0.871794872,-0.068493151,1.079365079,0.038167939,0.916666667,-0.043478261,0.833333333,-0.090909091,0.833333333,-0.090909091,0.808823529,-0.105691057,1.571428571,0.222222222,1.527777778,0.208791209,1.25,0.111111111,0.705128205,-0.172932331,0.873015873,-0.06779661,0.583333333,-0.263157895,0.53030303,-0.306930693,0.53030303,-0.306930693,0.514705882,-0.32038835,0.636363636,-0.222222222,0.972222222,-0.014084507,0.795454545,-0.113924051,0.448717949,-0.380530973,0.555555556,-0.285714286,0.6,-0.25,0.545454545,-0.294117647,0.545454545,-0.294117647,0.529411765,-0.307692308,0.654545455,-0.208791209,1.028571429,0.014084507,0.818181818,-0.1,0.461538462,-0.368421053,0.571428571,-0.272727273,0.733333333,-0.153846154,0.666666667,-0.2,0.666666667,-0.2,0.647058824,-0.214285714,0.8,-0.111111111,1.257142857,0.113924051,1.222222222,0.1,0.564102564,-0.278688525,0.698412698,-0.177570093,1.3,0.130434783,1.181818182,0.083333333,1.181818182,0.083333333,1.147058824,0.068493151,1.418181818,0.172932331,2.228571429,0.380530973,2.166666667,0.368421053,1.772727273,0.278688525,1.238095238,0.106382979,1.05,0.024390244,0.954545455,-0.023255814,0.954545455,-0.023255814,0.926470588,-0.038167939,1.145454545,0.06779661,1.8,0.285714286,1.75,0.272727273,1.431818182,0.177570093,0.807692308,-0.106382979
71,28,159,172,155,167,98,80,76,71,2/6/2025,145.71,0.924418605,-0.039274924,1.025806452,0.012738854,0.952095808,-0.024539877,1.62244898,0.237354086,1.9875,0.330543933,2.092105263,0.353191489,2.23943662,0.382608696,2.23943662,0.382608696,5.678571429,0.700534759,1.081761006,0.039274924,1.109677419,0.051987768,1.02994012,0.014749263,1.755102041,0.274074074,2.15,0.365079365,2.263157895,0.387096774,2.422535211,0.41563786,2.422535211,0.41563786,6.142857143,0.72,0.974842767,-0.012738854,0.901162791,-0.051987768,0.928143713,-0.037267081,1.581632653,0.225296443,1.9375,0.319148936,2.039473684,0.341991342,2.183098592,0.371681416,2.183098592,0.371681416,5.535714286,0.693989071,1.050314465,0.024539877,0.970930233,-0.014749263,1.077419355,0.037267081,1.704081633,0.260377358,2.0875,0.352226721,2.197368421,0.374485597,2.352112676,0.403361345,2.352112676,0.403361345,5.964285714,0.712820513,0.616352201,-0.237354086,0.569767442,-0.274074074,0.632258065,-0.225296443,0.586826347,-0.260377358,1.225,0.101123596,1.289473684,0.126436782,1.38028169,0.159763314,1.38028169,0.159763314,3.5,0.555555556,0.503144654,-0.330543933,0.465116279,-0.365079365,0.516129032,-0.319148936,0.479041916,-0.352226721,0.816326531,-0.101123596,1.052631579,0.025641026,1.126760563,0.059602649,1.126760563,0.059602649,2.857142857,0.481481481,0.477987421,-0.353191489,0.441860465,-0.387096774,0.490322581,-0.341991342,0.45508982,-0.374485597,0.775510204,-0.126436782,0.95,-0.025641026,1.070422535,0.034013605,1.070422535,0.034013605,2.714285714,0.461538462,0.446540881,-0.382608696,0.412790698,-0.41563786,0.458064516,-0.371681416,0.425149701,-0.403361345,0.724489796,-0.159763314,0.8875,-0.059602649,0.934210526,-0.034013605,1.0,0.0,2.535714286,0.434343434,0.446540881,-0.382608696,0.412790698,-0.41563786,0.458064516,-0.371681416,0.425149701,-0.403361345,0.724489796,-0.159763314,0.8875,-0.059602649,0.934210526,-0.034013605,1.0,0.0,2.535714286,0.434343434,0.176100629,-0.700534759,0.162790698,-0.72,0.180645161,-0.693989071,0.167664671,-0.712820513,0.285714286,-0.555555556,0.35,-0.481481481,0.368421053,-0.461538462,0.394366197,-0.434343434,0.394366197,-0.434343434
71,60,257,299,234,241,112,122,81,85,10/9/2025,66.21,0.859531773,-0.075539568,1.098290598,0.046843177,1.066390041,0.032128514,2.294642857,0.39295393,2.106557377,0.356200528,3.172839506,0.520710059,3.023529412,0.502923977,3.61971831,0.567073171,4.283333333,0.621451104,1.163424125,0.075539568,1.277777778,0.12195122,1.2406639,0.107407407,2.669642857,0.454987835,2.450819672,0.420427553,3.691358025,0.573684211,3.517647059,0.557291667,4.211267606,0.616216216,4.983333333,0.665738162,0.910505837,-0.046843177,0.782608696,-0.12195122,0.970954357,-0.014736842,2.089285714,0.352601156,1.918032787,0.314606742,2.888888889,0.485714286,2.752941176,0.467084639,3.295774648,0.53442623,3.9,0.591836735,0.937743191,-0.032128514,0.806020067,-0.107407407,1.02991453,0.014736842,2.151785714,0.365439093,1.975409836,0.327823691,2.975308642,0.49689441,2.835294118,0.478527607,3.394366197,0.544871795,4.016666667,0.601328904,0.435797665,-0.39295393,0.37458194,-0.454987835,0.478632479,-0.352601156,0.46473029,-0.365439093,0.918032787,-0.042735043,1.382716049,0.160621762,1.317647059,0.137055838,1.577464789,0.224043716,1.866666667,0.302325581,0.474708171,-0.356200528,0.408026756,-0.420427553,0.521367521,-0.314606742,0.506224066,-0.327823691,1.089285714,0.042735043,1.50617284,0.201970443,1.435294118,0.178743961,1.718309859,0.264248705,2.033333333,0.340659341,0.315175097,-0.520710059,0.27090301,-0.573684211,0.346153846,-0.485714286,0.336099585,-0.49689441,0.723214286,-0.160621762,0.663934426,-0.201970443,0.952941176,-0.024096386,1.14084507,0.065789474,1.35,0.14893617,0.3307393,-0.502923977,0.284280936,-0.557291667,0.363247863,-0.467084639,0.352697095,-0.478527607,0.758928571,-0.137055838,0.696721311,-0.178743961,1.049382716,0.024096386,1.197183099,0.08974359,1.416666667,0.172413793,0.276264591,-0.567073171,0.237458194,-0.616216216,0.303418803,-0.53442623,0.294605809,-0.544871795,0.633928571,-0.224043716,0.581967213,-0.264248705,0.87654321,-0.065789474,0.835294118,-0.08974359,1.183333333,0.083969466,0.233463035,-0.621451104,0.200668896,-0.665738162,0.256410256,-0.591836735,0.248962656,-0.601328904,0.535714286,-0.302325581,0.491803279,-0.340659341,0.740740741,-0.14893617,0.705882353,-0.172413793,0.845070423,-0.083969466
81,65,230,520,296,228,17,36,31,40,12/23/2025,42.14,0.442307692,-0.386666667,0.777027027,-0.125475285,1.00877193,0.004366812,13.52941176,0.862348178,6.388888889,0.729323308,7.419354839,0.762452107,5.75,0.703703704,2.839506173,0.479099678,3.538461538,0.559322034,2.260869565,0.386666667,1.756756757,0.274509804,2.280701754,0.390374332,30.58823529,0.936685289,14.44444444,0.870503597,16.77419355,0.887477314,13.0,0.857142857,6.419753086,0.730449251,8.0,0.777777778,1.286956522,0.125475285,0.569230769,-0.274509804,1.298245614,0.129770992,17.41176471,0.891373802,8.222222222,0.78313253,9.548387097,0.810397554,7.4,0.761904762,3.654320988,0.570291777,4.553846154,0.639889197,0.991304348,-0.004366812,0.438461538,-0.390374332,0.77027027,-0.129770992,13.41176471,0.86122449,6.333333333,0.727272727,7.35483871,0.760617761,5.7,0.701492537,2.814814815,0.475728155,3.507692308,0.556313993,0.073913043,-0.862348178,0.032692308,-0.936685289,0.057432432,-0.891373802,0.074561404,-0.86122449,0.472222222,-0.358490566,0.548387097,-0.291666667,0.425,-0.403508772,0.209876543,-0.653061224,0.261538462,-0.585365854,0.156521739,-0.729323308,0.069230769,-0.870503597,0.121621622,-0.78313253,0.157894737,-0.727272727,2.117647059,0.358490566,1.161290323,0.074626866,0.9,-0.052631579,0.444444444,-0.384615385,0.553846154,-0.287128713,0.134782609,-0.762452107,0.059615385,-0.887477314,0.10472973,-0.810397554,0.135964912,-0.760617761,1.823529412,0.291666667,0.861111111,-0.074626866,0.775,-0.126760563,0.382716049,-0.446428571,0.476923077,-0.354166667,0.173913043,-0.703703704,0.076923077,-0.857142857,0.135135135,-0.761904762,0.175438596,-0.701492537,2.352941176,0.403508772,1.111111111,0.052631579,1.290322581,0.126760563,0.49382716,-0.338842975,0.615384615,-0.238095238,0.352173913,-0.479099678,0.155769231,-0.730449251,0.273648649,-0.570291777,0.355263158,-0.475728155,4.764705882,0.653061224,2.25,0.384615385,2.612903226,0.446428571,2.025,0.338842975,1.246153846,0.109589041,0.282608696,-0.559322034,0.125,-0.777777778,0.219594595,-0.639889197,0.285087719,-0.556313993,3.823529412,0.585365854,1.805555556,0.287128713,2.096774194,0.354166667,1.625,0.238095238,0.802469136,-0.109589041
23,23,78,76,71,82,34,43,19,17,11/25/2025,94.85,1.026315789,0.012987013,1.098591549,0.046979866,0.951219512,-0.025,2.294117647,0.392857143,1.813953488,0.289256198,4.105263158,0.608247423,4.588235294,0.642105263,3.391304348,0.544554455,3.391304348,0.544554455,0.974358974,-0.012987013,1.070422535,0.034013605,0.926829268,-0.037974684,2.235294118,0.381818182,1.76744186,0.277310924,4.0,0.6,4.470588235,0.634408602,3.304347826,0.535353535,3.304347826,0.535353535,0.91025641,-0.046979866,0.934210526,-0.034013605,0.865853659,-0.071895425,2.088235294,0.352380952,1.651162791,0.245614035,3.736842105,0.577777778,4.176470588,0.613636364,3.086956522,0.510638298,3.086956522,0.510638298,1.051282051,0.025,1.078947368,0.037974684,1.154929577,0.071895425,2.411764706,0.413793103,1.906976744,0.312,4.315789474,0.623762376,4.823529412,0.656565657,3.565217391,0.561904762,3.565217391,0.561904762,0.435897436,-0.392857143,0.447368421,-0.381818182,0.478873239,-0.352380952,0.414634146,-0.413793103,0.790697674,-0.116883117,1.789473684,0.283018868,2.0,0.333333333,1.47826087,0.192982456,1.47826087,0.192982456,0.551282051,-0.289256198,0.565789474,-0.277310924,0.605633803,-0.245614035,0.524390244,-0.312,1.264705882,0.116883117,2.263157895,0.387096774,2.529411765,0.433333333,1.869565217,0.303030303,1.869565217,0.303030303,0.243589744,-0.608247423,0.25,-0.6,0.267605634,-0.577777778,0.231707317,-0.623762376,0.558823529,-0.283018868,0.441860465,-0.387096774,1.117647059,0.055555556,0.826086957,-0.095238095,0.826086957,-0.095238095,0.217948718,-0.642105263,0.223684211,-0.634408602,0.23943662,-0.613636364,0.207317073,-0.656565657,0.5,-0.333333333,0.395348837,-0.433333333,0.894736842,-0.055555556,0.739130435,-0.15,0.739130435,-0.15,0.294871795,-0.544554455,0.302631579,-0.535353535,0.323943662,-0.510638298,0.280487805,-0.561904762,0.676470588,-0.192982456,0.534883721,-0.303030303,1.210526316,0.095238095,1.352941176,0.15,1.0,0.0,0.294871795,-0.544554455,0.302631579,-0.535353535,0.323943662,-0.510638298,0.280487805,-0.561904762,0.676470588,-0.192982456,0.534883721,-0.303030303,1.210526316,0.095238095,1.352941176,0.15,1.0,0.0
18,9,157,226,159,115,19,45,35,24,12/19/2023,61.92,0.694690265,-0.180156658,0.987421384,-0.006329114,1.365217391,0.154411765,8.263157895,0.784090909,3.488888889,0.554455446,4.485714286,0.635416667,6.541666667,0.73480663,8.722222222,0.794285714,17.44444444,0.891566265,1.439490446,0.180156658,1.421383648,0.174025974,1.965217391,0.325513196,11.89473684,0.844897959,5.022222222,0.667896679,6.457142857,0.731800766,9.416666667,0.808,12.55555556,0.852459016,25.11111111,0.923404255,1.012738854,0.006329114,0.703539823,-0.174025974,1.382608696,0.160583942,8.368421053,0.786516854,3.533333333,0.558823529,4.542857143,0.639175258,6.625,0.737704918,8.833333333,0.796610169,17.66666667,0.892857143,0.732484076,-0.154411765,0.508849558,-0.325513196,0.72327044,-0.160583942,6.052631579,0.71641791,2.555555556,0.4375,3.285714286,0.533333333,4.791666667,0.654676259,6.388888889,0.729323308,12.77777778,0.85483871,0.121019108,-0.784090909,0.084070796,-0.844897959,0.119496855,-0.786516854,0.165217391,-0.71641791,0.422222222,-0.40625,0.542857143,-0.296296296,0.791666667,-0.11627907,1.055555556,0.027027027,2.111111111,0.357142857,0.286624204,-0.554455446,0.199115044,-0.667896679,0.283018868,-0.558823529,0.391304348,-0.4375,2.368421053,0.40625,1.285714286,0.125,1.875,0.304347826,2.5,0.428571429,5.0,0.666666667,0.222929936,-0.635416667,0.154867257,-0.731800766,0.220125786,-0.639175258,0.304347826,-0.533333333,1.842105263,0.296296296,0.777777778,-0.125,1.458333333,0.186440678,1.944444444,0.320754717,3.888888889,0.590909091,0.152866242,-0.73480663,0.10619469,-0.808,0.150943396,-0.737704918,0.208695652,-0.654676259,1.263157895,0.11627907,0.533333333,-0.304347826,0.685714286,-0.186440678,1.333333333,0.142857143,2.666666667,0.454545455,0.114649682,-0.794285714,0.079646018,-0.852459016,0.113207547,-0.796610169,0.156521739,-0.729323308,0.947368421,-0.027027027,0.4,-0.428571429,0.514285714,-0.320754717,0.75,-0.142857143,2.0,0.333333333,0.057324841,-0.891566265,0.039823009,-0.923404255,0.056603774,-0.892857143,0.07826087,-0.85483871,0.473684211,-0.357142857,0.2,-0.666666667,0.257142857,-0.590909091,0.375,-0.454545455,0.5,-0.333333333
39,15,215,309,267,215,39,56,17,25,11/13/2024,49.22,0.69579288,-0.179389313,0.805243446,-0.107883817,1.0,0.0,5.512820513,0.692913386,3.839285714,0.586715867,12.64705882,0.853448276,8.6,0.791666667,5.512820513,0.692913386,14.33333333,0.869565217,1.437209302,0.179389313,1.157303371,0.072916667,1.437209302,0.179389313,7.923076923,0.775862069,5.517857143,0.693150685,18.17647059,0.895705521,12.36,0.850299401,7.923076923,0.775862069,20.6,0.907407407,1.241860465,0.107883817,0.86407767,-0.072916667,1.241860465,0.107883817,6.846153846,0.745098039,4.767857143,0.653250774,15.70588235,0.88028169,10.68,0.828767123,6.846153846,0.745098039,17.8,0.893617021,1.0,0.0,0.69579288,-0.179389313,0.805243446,-0.107883817,5.512820513,0.692913386,3.839285714,0.586715867,12.64705882,0.853448276,8.6,0.791666667,5.512820513,0.692913386,14.33333333,0.869565217,0.181395349,-0.692913386,0.126213592,-0.775862069,0.146067416,-0.745098039,0.181395349,-0.692913386,0.696428571,-0.178947368,2.294117647,0.392857143,1.56,0.21875,1.0,0.0,2.6,0.444444444,0.260465116,-0.586715867,0.181229773,-0.693150685,0.209737828,-0.653250774,0.260465116,-0.586715867,1.435897436,0.178947368,3.294117647,0.534246575,2.24,0.382716049,1.435897436,0.178947368,3.733333333,0.577464789,0.079069767,-0.853448276,0.055016181,-0.895705521,0.063670412,-0.88028169,0.079069767,-0.853448276,0.435897436,-0.392857143,0.303571429,-0.534246575,0.68,-0.19047619,0.435897436,-0.392857143,1.133333333,0.0625,0.11627907,-0.791666667,0.080906149,-0.850299401,0.093632959,-0.828767123,0.11627907,-0.791666667,0.641025641,-0.21875,0.446428571,-0.382716049,1.470588235,0.19047619,0.641025641,-0.21875,1.666666667,0.25,0.181395349,-0.692913386,0.126213592,-0.775862069,0.146067416,-0.745098039,0.181395349,-0.692913386,1.0,0.0,0.696428571,-0.178947368,2.294117647,0.392857143,1.56,0.21875,2.6,0.444444444,0.069767442,-0.869565217,0.048543689,-0.907407407,0.056179775,-0.893617021,0.069767442,-0.869565217,0.384615385,-0.444444444,0.267857143,-0.577464789,0.882352941,-0.0625,0.6,-0.25,0.384615385,-0.444444444
399,357,650,687,657,714,468,455,458,427,8/25/2024,57.64,0.946142649,-0.027673897,0.98934551,-0.005355777,0.910364146,-0.046920821,1.388888889,0.162790698,1.428571429,0.176470588,1.419213974,0.173285199,1.522248244,0.207056639,1.629072682,0.2392755,1.820728291,0.290963257,1.056923077,0.027673897,1.0456621,0.022321429,0.962184874,-0.019271949,1.467948718,0.18961039,1.50989011,0.203152364,1.5,0.2,1.608899297,0.233393178,1.721804511,0.26519337,1.924369748,0.316091954,1.010769231,0.005355777,0.956331878,-0.022321429,0.920168067,-0.041575492,1.403846154,0.168,1.443956044,0.181654676,1.434497817,0.178475336,1.538641686,0.212177122,1.646616541,0.244318182,1.840336134,0.295857988,1.098461538,0.046920821,1.03930131,0.019271949,1.086757991,0.041575492,1.525641026,0.208121827,1.569230769,0.221556886,1.558951965,0.218430034,1.672131148,0.251533742,1.789473684,0.283018868,2.0,0.333333333,0.72,-0.162790698,0.681222707,-0.18961039,0.712328767,-0.168,0.655462185,-0.208121827,1.028571429,0.014084507,1.021834061,0.010799136,1.096018735,0.045810056,1.172932331,0.079584775,1.31092437,0.134545455,0.7,-0.176470588,0.662299854,-0.203152364,0.692541857,-0.181654676,0.637254902,-0.221556886,0.972222222,-0.014084507,0.993449782,-0.003285871,1.06557377,0.031746032,1.140350877,0.06557377,1.274509804,0.120689655,0.704615385,-0.173285199,0.666666667,-0.2,0.697108067,-0.178475336,0.641456583,-0.218430034,0.978632479,-0.010799136,1.006593407,0.003285871,1.072599532,0.035028249,1.147869674,0.068844807,1.282913165,0.12392638,0.656923077,-0.207056639,0.62154294,-0.233393178,0.649923896,-0.212177122,0.598039216,-0.251533742,0.912393162,-0.045810056,0.938461538,-0.031746032,0.93231441,-0.035028249,1.070175439,0.033898305,1.196078431,0.089285714,0.613846154,-0.2392755,0.580786026,-0.26519337,0.607305936,-0.244318182,0.558823529,-0.283018868,0.852564103,-0.079584775,0.876923077,-0.06557377,0.871179039,-0.068844807,0.93442623,-0.033898305,1.117647059,0.055555556,0.549230769,-0.290963257,0.519650655,-0.316091954,0.543378995,-0.295857988,0.5,-0.333333333,0.762820513,-0.134545455,0.784615385,-0.120689655,0.779475983,-0.12392638,0.836065574,-0.089285714,0.894736842,-0.055555556
89,83,100,104,100,95,82,47,75,62,2/1/2026,146.01,0.961538462,-0.019607843,1.0,0.0,1.052631579,0.025641026,1.219512195,0.098901099,2.127659574,0.360544218,1.333333333,0.142857143,1.612903226,0.234567901,1.123595506,0.058201058,1.204819277,0.092896175,1.04,0.019607843,1.04,0.019607843,1.094736842,0.045226131,1.268292683,0.11827957,2.212765957,0.377483444,1.386666667,0.162011173,1.677419355,0.253012048,1.168539326,0.077720207,1.253012048,0.112299465,1.0,0.0,0.961538462,-0.019607843,1.052631579,0.025641026,1.219512195,0.098901099,2.127659574,0.360544218,1.333333333,0.142857143,1.612903226,0.234567901,1.123595506,0.058201058,1.204819277,0.092896175,0.95,-0.025641026,0.913461538,-0.045226131,0.95,-0.025641026,1.158536585,0.073446328,2.021276596,0.338028169,1.266666667,0.117647059,1.532258065,0.210191083,1.06741573,0.032608696,1.144578313,0.06741573,0.82,-0.098901099,0.788461538,-0.11827957,0.82,-0.098901099,0.863157895,-0.073446328,1.744680851,0.271317829,1.093333333,0.044585987,1.322580645,0.138888889,0.921348315,-0.040935673,0.987951807,-0.006060606,0.47,-0.360544218,0.451923077,-0.377483444,0.47,-0.360544218,0.494736842,-0.338028169,0.573170732,-0.271317829,0.626666667,-0.229508197,0.758064516,-0.137614679,0.528089888,-0.308823529,0.56626506,-0.276923077,0.75,-0.142857143,0.721153846,-0.162011173,0.75,-0.142857143,0.789473684,-0.117647059,0.914634146,-0.044585987,1.595744681,0.229508197,1.209677419,0.094890511,0.842696629,-0.085365854,0.903614458,-0.050632911,0.62,-0.234567901,0.596153846,-0.253012048,0.62,-0.234567901,0.652631579,-0.210191083,0.756097561,-0.138888889,1.319148936,0.137614679,0.826666667,-0.094890511,0.696629213,-0.178807947,0.746987952,-0.144827586,0.89,-0.058201058,0.855769231,-0.077720207,0.89,-0.058201058,0.936842105,-0.032608696,1.085365854,0.040935673,1.893617021,0.308823529,1.186666667,0.085365854,1.435483871,0.178807947,1.072289157,0.034883721,0.83,-0.092896175,0.798076923,-0.112299465,0.83,-0.092896175,0.873684211,-0.06741573,1.012195122,0.006060606,1.765957447,0.276923077,1.106666667,0.050632911,1.338709677,0.144827586,0.93258427,-0.034883721
47,51,67,61,57,64,52,47,42,47,11/3/2025,135.78,1.098360656,0.046875,1.175438596,0.080645161,1.046875,0.022900763,1.288461538,0.12605042,1.425531915,0.175438596,1.595238095,0.229357798,1.425531915,0.175438596,1.425531915,0.175438596,1.31372549,0.13559322,0.910447761,-0.046875,1.070175439,0.033898305,0.953125,-0.024,1.173076923,0.079646018,1.29787234,0.12962963,1.452380952,0.184466019,1.29787234,0.12962963,1.29787234,0.12962963,1.196078431,0.089285714,0.850746269,-0.080645161,0.93442623,-0.033898305,0.890625,-0.05785124,1.096153846,0.04587156,1.212765957,0.096153846,1.357142857,0.151515152,1.212765957,0.096153846,1.212765957,0.096153846,1.117647059,0.055555556,0.955223881,-0.022900763,1.049180328,0.024,1.122807018,0.05785124,1.230769231,0.103448276,1.361702128,0.153153153,1.523809524,0.20754717,1.361702128,0.153153153,1.361702128,0.153153153,1.254901961,0.113043478,0.776119403,-0.12605042,0.852459016,-0.079646018,0.912280702,-0.04587156,0.8125,-0.103448276,1.106382979,0.050505051,1.238095238,0.106382979,1.106382979,0.050505051,1.106382979,0.050505051,1.019607843,0.009708738,0.701492537,-0.175438596,0.770491803,-0.12962963,0.824561404,-0.096153846,0.734375,-0.153153153,0.903846154,-0.050505051,1.119047619,0.056179775,1.0,0.0,1.0,0.0,0.921568627,-0.040816327,0.626865672,-0.229357798,0.68852459,-0.184466019,0.736842105,-0.151515152,0.65625,-0.20754717,0.807692308,-0.106382979,0.893617021,-0.056179775,0.893617021,-0.056179775,0.893617021,-0.056179775,0.823529412,-0.096774194,0.701492537,-0.175438596,0.770491803,-0.12962963,0.824561404,-0.096153846,0.734375,-0.153153153,0.903846154,-0.050505051,1.0,0.0,1.119047619,0.056179775,1.0,0.0,0.921568627,-0.040816327,0.701492537,-0.175438596,0.770491803,-0.12962963,0.824561404,-0.096153846,0.734375,-0.153153153,0.903846154,-0.050505051,1.0,0.0,1.119047619,0.056179775,1.0,0.0,0.921568627,-0.040816327,0.76119403,-0.13559322,0.836065574,-0.089285714,0.894736842,-0.055555556,0.796875,-0.113043478,0.980769231,-0.009708738,1.085106383,0.040816327,1.214285714,0.096774194,1.085106383,0.040816327,1.085106383,0.040816327
30,36,96,86,72,63,50,45,51,51,2/2/2024,215.95,1.11627907,0.054945055,1.333333333,0.142857143,1.523809524,0.20754717,1.92,0.315068493,2.133333333,0.361702128,1.882352941,0.306122449,1.882352941,0.306122449,3.2,0.523809524,2.666666667,0.454545455,0.895833333,-0.054945055,1.194444444,0.088607595,1.365079365,0.154362416,1.72,0.264705882,1.911111111,0.312977099,1.68627451,0.255474453,1.68627451,0.255474453,2.866666667,0.482758621,2.388888889,0.409836066,0.75,-0.142857143,0.837209302,-0.088607595,1.142857143,0.066666667,1.44,0.180327869,1.6,0.230769231,1.411764706,0.170731707,1.411764706,0.170731707,2.4,0.411764706,2.0,0.333333333,0.65625,-0.20754717,0.73255814,-0.154362416,0.875,-0.066666667,1.26,0.115044248,1.4,0.166666667,1.235294118,0.105263158,1.235294118,0.105263158,2.1,0.35483871,1.75,0.272727273,0.520833333,-0.315068493,0.581395349,-0.264705882,0.694444444,-0.180327869,0.793650794,-0.115044248,1.111111111,0.052631579,0.980392157,-0.00990099,0.980392157,-0.00990099,1.666666667,0.25,1.388888889,0.162790698,0.46875,-0.361702128,0.523255814,-0.312977099,0.625,-0.230769231,0.714285714,-0.166666667,0.9,-0.052631579,0.882352941,-0.0625,0.882352941,-0.0625,1.5,0.2,1.25,0.111111111,0.53125,-0.306122449,0.593023256,-0.255474453,0.708333333,-0.170731707,0.80952381,-0.105263158,1.02,0.00990099,1.133333333,0.0625,1.0,0.0,1.7,0.259259259,1.416666667,0.172413793,0.53125,-0.306122449,0.593023256,-0.255474453,0.708333333,-0.170731707,0.80952381,-0.105263158,1.02,0.00990099,1.133333333,0.0625,1.0,0.0,1.7,0.259259259,1.416666667,0.172413793,0.3125,-0.523809524,0.348837209,-0.482758621,0.416666667,-0.411764706,0.476190476,-0.35483871,0.6,-0.25,0.666666667,-0.2,0.588235294,-0.259259259,0.588235294,-0.259259259,0.833333333,-0.090909091,0.375,-0.454545455,0.418604651,-0.409836066,0.5,-0.333333333,0.571428571,-0.272727273,0.72,-0.162790698,0.8,-0.111111111,0.705882353,-0.172413793,0.705882353,-0.172413793,1.2,0.090909091
46,51,111,92,100,83,42,52,60,30,1/27/2026,143.49,1.206521739,0.093596059,1.11,0.052132701,1.337349398,0.144329897,2.642857143,0.450980392,2.134615385,0.36196319,1.85,0.298245614,3.7,0.574468085,2.413043478,0.414012739,2.176470588,0.37037037,0.828828829,-0.093596059,0.92,-0.041666667,1.108433735,0.051428571,2.19047619,0.373134328,1.769230769,0.277777778,1.533333333,0.210526316,3.066666667,0.508196721,2.0,0.333333333,1.803921569,0.286713287,0.900900901,-0.052132701,1.086956522,0.041666667,1.204819277,0.092896175,2.380952381,0.408450704,1.923076923,0.315789474,1.666666667,0.25,3.333333333,0.538461538,2.173913043,0.369863014,1.960784314,0.324503311,0.747747748,-0.144329897,0.902173913,-0.051428571,0.83,-0.092896175,1.976190476,0.328,1.596153846,0.22962963,1.383333333,0.160839161,2.766666667,0.469026549,1.804347826,0.286821705,1.62745098,0.23880597,0.378378378,-0.450980392,0.456521739,-0.373134328,0.42,-0.408450704,0.506024096,-0.328,0.807692308,-0.106382979,0.7,-0.176470588,1.4,0.166666667,0.913043478,-0.045454545,0.823529412,-0.096774194,0.468468468,-0.36196319,0.565217391,-0.277777778,0.52,-0.315789474,0.626506024,-0.22962963,1.238095238,0.106382979,0.866666667,-0.071428571,1.733333333,0.268292683,1.130434783,0.06122449,1.019607843,0.009708738,0.540540541,-0.298245614,0.652173913,-0.210526316,0.6,-0.25,0.722891566,-0.160839161,1.428571429,0.176470588,1.153846154,0.071428571,2.0,0.333333333,1.304347826,0.132075472,1.176470588,0.081081081,0.27027027,-0.574468085,0.326086957,-0.508196721,0.3,-0.538461538,0.361445783,-0.469026549,0.714285714,-0.166666667,0.576923077,-0.268292683,0.5,-0.333333333,0.652173913,-0.210526316,0.588235294,-0.259259259,0.414414414,-0.414012739,0.5,-0.333333333,0.46,-0.369863014,0.554216867,-0.286821705,1.095238095,0.045454545,0.884615385,-0.06122449,0.766666667,-0.132075472,1.533333333,0.210526316,0.901960784,-0.051546392,0.459459459,-0.37037037,0.554347826,-0.286713287,0.51,-0.324503311,0.614457831,-0.23880597,1.214285714,0.096774194,0.980769231,-0.009708738,0.85,-0.081081081,1.7,0.259259259,1.108695652,0.051546392
93,50,113,127,135,133,87,87,75,90,2/21/2026,120.8,0.88976378,-0.058333333,0.837037037,-0.088709677,0.84962406,-0.081300813,1.298850575,0.13,1.298850575,0.13,1.506666667,0.20212766,1.255555556,0.113300493,1.215053763,0.097087379,2.26,0.386503067,1.123893805,0.058333333,0.940740741,-0.030534351,0.954887218,-0.023076923,1.459770115,0.186915888,1.459770115,0.186915888,1.693333333,0.257425743,1.411111111,0.170506912,1.365591398,0.154545455,2.54,0.435028249,1.194690265,0.088709677,1.062992126,0.030534351,1.015037594,0.007462687,1.551724138,0.216216216,1.551724138,0.216216216,1.8,0.285714286,1.5,0.2,1.451612903,0.184210526,2.7,0.459459459,1.17699115,0.081300813,1.047244094,0.023076923,0.985185185,-0.007462687,1.528735632,0.209090909,1.528735632,0.209090909,1.773333333,0.278846154,1.477777778,0.192825112,1.430107527,0.17699115,2.66,0.453551913,0.769911504,-0.13,0.68503937,-0.186915888,0.644444444,-0.216216216,0.654135338,-0.209090909,1.0,0.0,1.16,0.074074074,0.966666667,-0.016949153,0.935483871,-0.033333333,1.74,0.270072993,0.769911504,-0.13,0.68503937,-0.186915888,0.644444444,-0.216216216,0.654135338,-0.209090909,1.0,0.0,1.16,0.074074074,0.966666667,-0.016949153,0.935483871,-0.033333333,1.74,0.270072993,0.663716814,-0.20212766,0.590551181,-0.257425743,0.555555556,-0.285714286,0.563909774,-0.278846154,0.862068966,-0.074074074,0.862068966,-0.074074074,0.833333333,-0.090909091,0.806451613,-0.107142857,1.5,0.2,0.796460177,-0.113300493,0.708661417,-0.170506912,0.666666667,-0.2,0.676691729,-0.192825112,1.034482759,0.016949153,1.034482759,0.016949153,1.2,0.090909091,0.967741935,-0.016393443,1.8,0.285714286,0.82300885,-0.097087379,0.732283465,-0.154545455,0.688888889,-0.184210526,0.69924812,-0.17699115,1.068965517,0.033333333,1.068965517,0.033333333,1.24,0.107142857,1.033333333,0.016393443,1.86,0.300699301,0.442477876,-0.386503067,0.393700787,-0.435028249,0.37037037,-0.459459459,0.37593985,-0.453551913,0.574712644,-0.270072993,0.574712644,-0.270072993,0.666666667,-0.2,0.555555556,-0.285714286,0.537634409,-0.300699301
65,49,216,158,124,126,101,115,97,109,10/14/2024,5.96,1.367088608,0.155080214,1.741935484,0.270588235,1.714285714,0.263157895,2.138613861,0.362776025,1.87826087,0.305135952,2.226804124,0.380191693,1.981651376,0.329230769,3.323076923,0.537366548,4.408163265,0.630188679,0.731481481,-0.155080214,1.274193548,0.120567376,1.253968254,0.112676056,1.564356436,0.22007722,1.373913043,0.157509158,1.628865979,0.239215686,1.449541284,0.183520599,2.430769231,0.417040359,3.224489796,0.526570048,0.574074074,-0.270588235,0.784810127,-0.120567376,0.984126984,-0.008,1.227722772,0.102222222,1.07826087,0.037656904,1.278350515,0.122171946,1.137614679,0.064377682,1.907692308,0.312169312,2.530612245,0.433526012,0.583333333,-0.263157895,0.797468354,-0.112676056,1.016129032,0.008,1.247524752,0.110132159,1.095652174,0.045643154,1.298969072,0.130044843,1.155963303,0.072340426,1.938461538,0.319371728,2.571428571,0.44,0.467592593,-0.362776025,0.639240506,-0.22007722,0.814516129,-0.102222222,0.801587302,-0.110132159,0.87826087,-0.064814815,1.041237113,0.02020202,0.926605505,-0.038095238,1.553846154,0.21686747,2.06122449,0.346666667,0.532407407,-0.305135952,0.727848101,-0.157509158,0.927419355,-0.037656904,0.912698413,-0.045643154,1.138613861,0.064814815,1.18556701,0.08490566,1.055045872,0.026785714,1.769230769,0.277777778,2.346938776,0.402439024,0.449074074,-0.380191693,0.613924051,-0.239215686,0.782258065,-0.122171946,0.76984127,-0.130044843,0.96039604,-0.02020202,0.843478261,-0.08490566,0.889908257,-0.058252427,1.492307692,0.197530864,1.979591837,0.328767123,0.50462963,-0.329230769,0.689873418,-0.183520599,0.879032258,-0.064377682,0.865079365,-0.072340426,1.079207921,0.038095238,0.947826087,-0.026785714,1.12371134,0.058252427,1.676923077,0.252873563,2.224489796,0.379746835,0.300925926,-0.537366548,0.411392405,-0.417040359,0.524193548,-0.312169312,0.515873016,-0.319371728,0.643564356,-0.21686747,0.565217391,-0.277777778,0.670103093,-0.197530864,0.596330275,-0.252873563,1.326530612,0.140350877,0.226851852,-0.630188679,0.310126582,-0.526570048,0.39516129,-0.433526012,0.388888889,-0.44,0.485148515,-0.346666667,0.426086957,-0.402439024,0.505154639,-0.328767123,0.449541284,-0.379746835,0.753846154,-0.140350877
605,548,988,1102,708,707,643,623,600,624,5/7/2024,10.65,0.896551724,-0.054545455,1.395480226,0.16509434,1.397454031,0.165781711,1.536547434,0.211526671,1.585874799,0.226567349,1.646666667,0.244332494,1.583333333,0.225806452,1.633057851,0.240426868,1.802919708,0.286458333,1.115384615,0.054545455,1.556497175,0.217679558,1.558698727,0.218352681,1.713841369,0.263037249,1.768860353,0.277681159,1.836666667,0.294947121,1.766025641,0.276940904,1.821487603,0.291154071,2.010948905,0.335757576,0.71659919,-0.16509434,0.64246824,-0.217679558,1.001414427,0.000706714,1.101088647,0.048112509,1.136436597,0.063861758,1.18,0.082568807,1.134615385,0.063063063,1.170247934,0.078446306,1.291970803,0.127388535,0.715587045,-0.165781711,0.641560799,-0.218352681,0.998587571,-0.000706714,1.099533437,0.047407407,1.134831461,0.063157895,1.178333333,0.081866871,1.133012821,0.062359128,1.168595041,0.077743902,1.290145985,0.126693227,0.650809717,-0.211526671,0.583484574,-0.263037249,0.90819209,-0.048112509,0.909476662,-0.047407407,1.032102729,0.015797788,1.071666667,0.034593725,1.030448718,0.014996054,1.062809917,0.030448718,1.173357664,0.079764903,0.630566802,-0.226567349,0.565335753,-0.277681159,0.879943503,-0.063861758,0.881188119,-0.063157895,0.968895801,-0.015797788,1.038333333,0.018806214,0.998397436,-0.000801925,1.029752066,0.01465798,1.136861314,0.064047822,0.607287449,-0.244332494,0.54446461,-0.294947121,0.847457627,-0.082568807,0.848656294,-0.081866871,0.933125972,-0.034593725,0.963081862,-0.018806214,0.961538462,-0.019607843,0.991735537,-0.004149378,1.094890511,0.045296167,0.631578947,-0.225806452,0.566243194,-0.276940904,0.881355932,-0.063063063,0.882602546,-0.062359128,0.970451011,-0.014996054,1.001605136,0.000801925,1.04,0.019607843,1.031404959,0.015459723,1.138686131,0.064846416,0.612348178,-0.240426868,0.549001815,-0.291154071,0.854519774,-0.078446306,0.85572843,-0.077743902,0.940902022,-0.030448718,0.971107544,-0.01465798,1.008333333,0.004149378,0.969551282,-0.015459723,1.104014599,0.049436253,0.55465587,-0.286458333,0.497277677,-0.335757576,0.774011299,-0.127388535,0.775106082,-0.126693227,0.852255054,-0.079764903,0.879614767,-0.064047822,0.913333333,-0.045296167,0.878205128,-0.064846416,0.905785124,-0.049436253
618,536,781,894,755,740,683,652,641,635,5/2/2024,47.03,0.87360179,-0.067462687,1.034437086,0.016927083,1.055405405,0.02695595,1.143484627,0.066939891,1.197852761,0.090020935,1.218408736,0.098452883,1.22992126,0.103107345,1.263754045,0.116511794,1.457089552,0.186028853,1.1446863,0.067462687,1.18410596,0.084293511,1.208108108,0.094247246,1.308931186,0.133798351,1.371165644,0.156532988,1.394695788,0.164820847,1.407874016,0.169391759,1.446601942,0.182539683,1.667910448,0.25034965,0.966709347,-0.016927083,0.844519016,-0.084293511,1.02027027,0.010033445,1.105417277,0.050069541,1.15797546,0.073205402,1.177847114,0.081661891,1.188976378,0.086330935,1.221682848,0.0997815,1.40858209,0.169635941,0.947503201,-0.02695595,0.827740492,-0.094247246,0.98013245,-0.010033445,1.083455344,0.040056219,1.134969325,0.063218391,1.154446178,0.071687183,1.165354331,0.076363636,1.197411003,0.089837997,1.380597015,0.159874608,0.874519846,-0.066939891,0.763982103,-0.133798351,0.904635762,-0.050069541,0.922972973,-0.040056219,1.047546012,0.023220974,1.065522621,0.031722054,1.075590551,0.036418816,1.105177994,0.049961568,1.274253731,0.120590648,0.834827145,-0.090020935,0.729306488,-0.156532988,0.863576159,-0.073205402,0.881081081,-0.063218391,0.954612006,-0.023220974,1.017160686,0.008507347,1.026771654,0.013209013,1.055016181,0.026771654,1.21641791,0.097643098,0.820742638,-0.098452883,0.717002237,-0.164820847,0.849006623,-0.081661891,0.866216216,-0.071687183,0.938506589,-0.031722054,0.983128834,-0.008507347,1.009448819,0.004702194,1.037216828,0.018268467,1.195895522,0.089209856,0.813060179,-0.103107345,0.710290828,-0.169391759,0.841059603,-0.086330935,0.858108108,-0.076363636,0.929721816,-0.036418816,0.97392638,-0.013209013,0.990639626,-0.004702194,1.027508091,0.013567438,1.184701493,0.084543126,0.791293214,-0.116511794,0.691275168,-0.182539683,0.818543046,-0.0997815,0.835135135,-0.089837997,0.904831625,-0.049961568,0.947852761,-0.026771654,0.964118565,-0.018268467,0.973228346,-0.013567438,1.152985075,0.071057192,0.686299616,-0.186028853,0.599552573,-0.25034965,0.709933775,-0.169635941,0.724324324,-0.159874608,0.78477306,-0.120590648,0.82208589,-0.097643098,0.836193448,-0.089209856,0.844094488,-0.084543126,0.867313916,-0.071057192
366,332,387,380,406,458,349,353,296,303,8/15/2024,60.34,1.018421053,0.009126467,0.95320197,-0.023959647,0.844978166,-0.084023669,1.108882521,0.051630435,1.09631728,0.045945946,1.307432432,0.133235725,1.277227723,0.12173913,1.057377049,0.027888446,1.165662651,0.076495132,0.981912145,-0.009126467,0.935960591,-0.03307888,0.829694323,-0.093078759,1.088825215,0.042524005,1.076487252,0.036834925,1.283783784,0.124260355,1.254125413,0.112737921,1.038251366,0.018766756,1.144578313,0.06741573,1.049095607,0.023959647,1.068421053,0.03307888,0.886462882,-0.060185185,1.163323782,0.075496689,1.150141643,0.069828722,1.371621622,0.156695157,1.339933993,0.145275035,1.109289617,0.051813472,1.222891566,0.100271003,1.183462532,0.084023669,1.205263158,0.093078759,1.128078818,0.060185185,1.312320917,0.135068154,1.297450425,0.12946979,1.547297297,0.214854111,1.511551155,0.203679369,1.25136612,0.111650485,1.379518072,0.159493671,0.901808786,-0.051630435,0.918421053,-0.042524005,0.859605911,-0.075496689,0.762008734,-0.135068154,0.988668555,-0.005698006,1.179054054,0.082170543,1.151815182,0.070552147,0.953551913,-0.023776224,1.051204819,0.024963289,0.912144703,-0.045945946,0.928947368,-0.036834925,0.869458128,-0.069828722,0.770742358,-0.12946979,1.011461318,0.005698006,1.192567568,0.087827427,1.165016502,0.076219512,0.964480874,-0.018080668,1.063253012,0.030656934,0.764857881,-0.133235725,0.778947368,-0.124260355,0.729064039,-0.156695157,0.64628821,-0.214854111,0.848137536,-0.082170543,0.838526912,-0.087827427,0.97689769,-0.011686144,0.808743169,-0.105740181,0.891566265,-0.057324841,0.782945736,-0.12173913,0.797368421,-0.112737921,0.746305419,-0.145275035,0.661572052,-0.203679369,0.868194842,-0.070552147,0.858356941,-0.076219512,1.023648649,0.011686144,0.827868852,-0.094170404,0.912650602,-0.045669291,0.945736434,-0.027888446,0.963157895,-0.018766756,0.901477833,-0.051813472,0.799126638,-0.111650485,1.048710602,0.023776224,1.036827195,0.018080668,1.236486486,0.105740181,1.207920792,0.094170404,1.102409639,0.048710602,0.857881137,-0.076495132,0.873684211,-0.06741573,0.81773399,-0.100271003,0.72489083,-0.159493671,0.951289398,-0.024963289,0.940509915,-0.030656934,1.121621622,0.057324841,1.095709571,0.045669291,0.907103825,-0.048710602
46,41,133,109,102,101,53,72,44,46,2/6/2026,143.25,1.220183486,0.099173554,1.303921569,0.131914894,1.316831683,0.136752137,2.509433962,0.430107527,1.847222222,0.297560976,3.022727273,0.502824859,2.891304348,0.48603352,2.891304348,0.48603352,3.243902439,0.528735632,0.819548872,-0.099173554,1.068627451,0.033175355,1.079207921,0.038095238,2.056603774,0.345679012,1.513888889,0.20441989,2.477272727,0.424836601,2.369565217,0.406451613,2.369565217,0.406451613,2.658536585,0.453333333,0.766917293,-0.131914894,0.935779817,-0.033175355,1.00990099,0.004926108,1.924528302,0.316129032,1.416666667,0.172413793,2.318181818,0.397260274,2.217391304,0.378378378,2.217391304,0.378378378,2.487804878,0.426573427,0.759398496,-0.136752137,0.926605505,-0.038095238,0.990196078,-0.004926108,1.905660377,0.311688312,1.402777778,0.167630058,2.295454545,0.393103448,2.195652174,0.37414966,2.195652174,0.37414966,2.463414634,0.422535211,0.398496241,-0.430107527,0.486238532,-0.345679012,0.519607843,-0.316129032,0.524752475,-0.311688312,0.736111111,-0.152,1.204545455,0.092783505,1.152173913,0.070707071,1.152173913,0.070707071,1.292682927,0.127659574,0.541353383,-0.297560976,0.660550459,-0.20441989,0.705882353,-0.172413793,0.712871287,-0.167630058,1.358490566,0.152,1.636363636,0.24137931,1.565217391,0.220338983,1.565217391,0.220338983,1.756097561,0.274336283,0.330827068,-0.502824859,0.403669725,-0.424836601,0.431372549,-0.397260274,0.435643564,-0.393103448,0.830188679,-0.092783505,0.611111111,-0.24137931,0.956521739,-0.022222222,0.956521739,-0.022222222,1.073170732,0.035294118,0.345864662,-0.48603352,0.422018349,-0.406451613,0.450980392,-0.378378378,0.455445545,-0.37414966,0.867924528,-0.070707071,0.638888889,-0.220338983,1.045454545,0.022222222,1.0,0.0,1.12195122,0.057471264,0.345864662,-0.48603352,0.422018349,-0.406451613,0.450980392,-0.378378378,0.455445545,-0.37414966,0.867924528,-0.070707071,0.638888889,-0.220338983,1.045454545,0.022222222,1.0,0.0,1.12195122,0.057471264,0.308270677,-0.528735632,0.376146789,-0.453333333,0.401960784,-0.426573427,0.405940594,-0.422535211,0.773584906,-0.127659574,0.569444444,-0.274336283,0.931818182,-0.035294118,0.891304348,-0.057471264,0.891304348,-0.057471264
350,288,525,680,561,489,384,376,372,343,3/28/2025,58.68,0.772058824,-0.128630705,0.935828877,-0.033149171,1.073619632,0.035502959,1.3671875,0.155115512,1.396276596,0.165371809,1.411290323,0.170568562,1.530612245,0.209677419,1.5,0.2,1.822916667,0.291512915,1.295238095,0.128630705,1.212121212,0.095890411,1.390593047,0.163387511,1.770833333,0.278195489,1.808510638,0.287878788,1.827956989,0.292775665,1.982507289,0.329423265,1.942857143,0.32038835,2.361111111,0.404958678,1.068571429,0.033149171,0.825,-0.095890411,1.147239264,0.068571429,1.4609375,0.187301587,1.492021277,0.197438634,1.508064516,0.202572347,1.635568513,0.241150442,1.602857143,0.231613611,1.947916667,0.32155477,0.931428571,-0.035502959,0.719117647,-0.163387511,0.871657754,-0.068571429,1.2734375,0.120274914,1.300531915,0.130635838,1.314516129,0.135888502,1.425655977,0.175480769,1.397142857,0.165673421,1.697916667,0.258687259,0.731428571,-0.155115512,0.564705882,-0.278195489,0.684491979,-0.187301587,0.785276074,-0.120274914,1.021276596,0.010526316,1.032258065,0.015873016,1.119533528,0.056396149,1.097142857,0.046321526,1.333333333,0.142857143,0.716190476,-0.165371809,0.552941176,-0.287878788,0.670231729,-0.197438634,0.768916155,-0.130635838,0.979166667,-0.010526316,1.010752688,0.005347594,1.096209913,0.045897079,1.074285714,0.035812672,1.305555556,0.13253012,0.708571429,-0.170568562,0.547058824,-0.292775665,0.663101604,-0.202572347,0.760736196,-0.135888502,0.96875,-0.015873016,0.989361702,-0.005347594,1.084548105,0.040559441,1.062857143,0.030470914,1.291666667,0.127272727,0.653333333,-0.209677419,0.504411765,-0.329423265,0.6114082,-0.241150442,0.701431493,-0.175480769,0.893229167,-0.056396149,0.912234043,-0.045897079,0.922043011,-0.040559441,0.98,-0.01010101,1.190972222,0.087163233,0.666666667,-0.2,0.514705882,-0.32038835,0.623885918,-0.231613611,0.715746421,-0.165673421,0.911458333,-0.046321526,0.930851064,-0.035812672,0.940860215,-0.030470914,1.020408163,0.01010101,1.215277778,0.097178683,0.548571429,-0.291512915,0.423529412,-0.404958678,0.513368984,-0.32155477,0.588957055,-0.258687259,0.75,-0.142857143,0.765957447,-0.13253012,0.774193548,-0.127272727,0.839650146,-0.087163233,0.822857143,-0.097178683
511,447,638,642,673,681,616,625,623,598,4/12/2025,121.38,0.99376947,-0.003125,0.947994056,-0.026697178,0.936857562,-0.032600455,1.035714286,0.01754386,1.0208,0.010292953,1.024077047,0.011895321,1.066889632,0.03236246,1.24853229,0.110530896,1.427293065,0.176036866,1.006269592,0.003125,0.953937593,-0.023574144,0.942731278,-0.029478458,1.042207792,0.020667727,1.0272,0.013417522,1.030497592,0.015019763,1.073578595,0.035483871,1.256360078,0.113616652,1.436241611,0.179063361,1.054858934,0.026697178,1.048286604,0.023574144,0.98825257,-0.005908419,1.092532468,0.044220326,1.0768,0.036979969,1.080256822,0.038580247,1.12541806,0.059008655,1.31702544,0.136824324,1.505592841,0.201785714,1.067398119,0.032600455,1.060747664,0.029478458,1.011887073,0.005908419,1.105519481,0.050115652,1.0896,0.04287902,1.093097913,0.044478528,1.138795987,0.064894449,1.332681018,0.14261745,1.523489933,0.207446809,0.965517241,-0.01754386,0.959501558,-0.020667727,0.915304606,-0.044220326,0.904552129,-0.050115652,0.9856,-0.007252216,0.988764045,-0.005649718,1.030100334,0.014827018,1.205479452,0.093167702,1.378076063,0.158984008,0.979623824,-0.010292953,0.973520249,-0.013417522,0.928677563,-0.036979969,0.917767988,-0.04287902,1.01461039,0.007252216,1.003210273,0.001602564,1.045150502,0.02207686,1.223091977,0.100352113,1.398210291,0.166044776,0.976489028,-0.011895321,0.970404984,-0.015019763,0.925705795,-0.038580247,0.914831131,-0.044478528,1.011363636,0.005649718,0.9968,-0.001602564,1.04180602,0.02047502,1.219178082,0.098765432,1.393736018,0.164485981,0.937304075,-0.03236246,0.931464174,-0.035483871,0.888558692,-0.059008655,0.878120411,-0.064894449,0.970779221,-0.014827018,0.9568,-0.02207686,0.959871589,-0.02047502,1.170254403,0.078449053,1.337807606,0.144497608,0.800940439,-0.110530896,0.795950156,-0.113616652,0.759286776,-0.136824324,0.750367107,-0.14261745,0.829545455,-0.093167702,0.8176,-0.100352113,0.820224719,-0.098765432,0.85451505,-0.078449053,1.143176734,0.066805846,0.700626959,-0.176036866,0.696261682,-0.179063361,0.664190193,-0.201785714,0.656387665,-0.207446809,0.725649351,-0.158984008,0.7152,-0.166044776,0.717495987,-0.164485981,0.747491639,-0.144497608,0.874755382,-0.066805846
565,510,605,659,608,643,525,504,472,482,8/20/2025,39.27,0.918057663,-0.042721519,0.995065789,-0.002473207,0.940902022,-0.030448718,1.152380952,0.07079646,1.200396825,0.091073039,1.281779661,0.123491179,1.255186722,0.113155474,1.07079646,0.034188034,1.18627451,0.085201794,1.089256198,0.042721519,1.083881579,0.040252565,1.024883359,0.012288786,1.255238095,0.113175676,1.307539683,0.13327601,1.396186441,0.165340407,1.367219917,0.155127082,1.166371681,0.076797386,1.292156863,0.127459367,1.004958678,0.002473207,0.922610015,-0.040252565,0.945567652,-0.027977618,1.158095238,0.07325684,1.206349206,0.09352518,1.288135593,0.125925926,1.261410788,0.11559633,1.076106195,0.036658142,1.192156863,0.08765653,1.062809917,0.030448718,0.975720789,-0.012288786,1.057565789,0.027977618,1.224761905,0.101027397,1.275793651,0.121185702,1.362288136,0.153363229,1.334024896,0.143111111,1.138053097,0.064569536,1.260784314,0.115351258,0.867768595,-0.07079646,0.796661608,-0.113175676,0.863486842,-0.07325684,0.816485226,-0.101027397,1.041666667,0.020408163,1.112288136,0.053159478,1.089211618,0.042701092,0.92920354,-0.036697248,1.029411765,0.014492754,0.833057851,-0.091073039,0.764795144,-0.13327601,0.828947368,-0.09352518,0.783825816,-0.121185702,0.96,-0.020408163,1.06779661,0.032786885,1.045643154,0.022312373,0.892035398,-0.057062675,0.988235294,-0.00591716,0.780165289,-0.123491179,0.716236722,-0.165340407,0.776315789,-0.125925926,0.734059098,-0.153363229,0.899047619,-0.053159478,0.936507937,-0.032786885,0.979253112,-0.01048218,0.83539823,-0.089681774,0.925490196,-0.038696538,0.796694215,-0.113155474,0.731411229,-0.155127082,0.792763158,-0.11559633,0.749611198,-0.143111111,0.918095238,-0.042701092,0.956349206,-0.022312373,1.021186441,0.01048218,0.853097345,-0.079274117,0.945098039,-0.028225806,0.933884298,-0.034188034,0.857359636,-0.076797386,0.929276316,-0.036658142,0.878693624,-0.064569536,1.076190476,0.036697248,1.121031746,0.057062675,1.197033898,0.089681774,1.17219917,0.079274117,1.107843137,0.051162791,0.842975207,-0.085201794,0.773899848,-0.127459367,0.838815789,-0.08765653,0.793157076,-0.115351258,0.971428571,-0.014492754,1.011904762,0.00591716,1.080508475,0.038696538,1.058091286,0.028225806,0.902654867,-0.051162791
6,8,91,55,61,48,33,41,32,11,12/19/2023,146.18,1.654545455,0.246575342,1.491803279,0.197368421,1.895833333,0.309352518,2.757575758,0.467741935,2.219512195,0.378787879,2.84375,0.479674797,8.272727273,0.784313725,15.16666667,0.87628866,11.375,0.838383838,0.604395604,-0.246575342,0.901639344,-0.051724138,1.145833333,0.067961165,1.666666667,0.25,1.341463415,0.145833333,1.71875,0.264367816,5.0,0.666666667,9.166666667,0.803278689,6.875,0.746031746,0.67032967,-0.197368421,1.109090909,0.051724138,1.270833333,0.119266055,1.848484848,0.29787234,1.487804878,0.196078431,1.90625,0.311827957,5.545454545,0.694444444,10.16666667,0.820895522,7.625,0.768115942,0.527472527,-0.309352518,0.872727273,-0.067961165,0.786885246,-0.119266055,1.454545455,0.185185185,1.170731707,0.078651685,1.5,0.2,4.363636364,0.627118644,8.0,0.777777778,6.0,0.714285714,0.362637363,-0.467741935,0.6,-0.25,0.540983607,-0.29787234,0.6875,-0.185185185,0.804878049,-0.108108108,1.03125,0.015384615,3.0,0.5,5.5,0.692307692,4.125,0.609756098,0.450549451,-0.378787879,0.745454545,-0.145833333,0.672131148,-0.196078431,0.854166667,-0.078651685,1.242424242,0.108108108,1.28125,0.123287671,3.727272727,0.576923077,6.833333333,0.744680851,5.125,0.673469388,0.351648352,-0.479674797,0.581818182,-0.264367816,0.524590164,-0.311827957,0.666666667,-0.2,0.96969697,-0.015384615,0.780487805,-0.123287671,2.909090909,0.488372093,5.333333333,0.684210526,4.0,0.6,0.120879121,-0.784313725,0.2,-0.666666667,0.180327869,-0.694444444,0.229166667,-0.627118644,0.333333333,-0.5,0.268292683,-0.576923077,0.34375,-0.488372093,1.833333333,0.294117647,1.375,0.157894737,0.065934066,-0.87628866,0.109090909,-0.803278689,0.098360656,-0.820895522,0.125,-0.777777778,0.181818182,-0.692307692,0.146341463,-0.744680851,0.1875,-0.684210526,0.545454545,-0.294117647,0.75,-0.142857143,0.087912088,-0.838383838,0.145454545,-0.746031746,0.131147541,-0.768115942,0.166666667,-0.714285714,0.242424242,-0.609756098,0.195121951,-0.673469388,0.25,-0.6,0.727272727,-0.157894737,1.333333333,0.142857143
781,716,1084,1141,962,986,819,886,752,802,7/11/2025,31.89,0.950043821,-0.025617978,1.126819127,0.059628543,1.099391481,0.047342995,1.323565324,0.13925381,1.223476298,0.100507614,1.441489362,0.180827887,1.351620948,0.1495228,1.387964149,0.162466488,1.51396648,0.204444444,1.052583026,0.025617978,1.186070686,0.0851165,1.157200811,0.072872591,1.393162393,0.164285714,1.287810384,0.125801677,1.517287234,0.205493925,1.422693267,0.174472465,1.460947503,0.187304891,1.593575419,0.228863759,0.887453875,-0.059628543,0.84312007,-0.0851165,0.975659229,-0.012320329,1.174603175,0.080291971,1.085778781,0.041125541,1.279255319,0.12252042,1.199501247,0.090702948,1.231754161,0.103843947,1.343575419,0.146603099,0.909594096,-0.047342995,0.864154251,-0.072872591,1.024948025,0.012320329,1.203907204,0.092520776,1.112866817,0.053418803,1.311170213,0.134637514,1.229426434,0.102908277,1.262483995,0.116015846,1.377094972,0.158636898,0.755535055,-0.13925381,0.717791411,-0.164285714,0.851351351,-0.080291971,0.830628803,-0.092520776,0.924379233,-0.039296188,1.089095745,0.042647995,1.021197007,0.010487353,1.04865557,0.02375,1.143854749,0.067100977,0.817343173,-0.100507614,0.776511832,-0.125801677,0.920997921,-0.041125541,0.898580122,-0.053418803,1.081807082,0.039296188,1.178191489,0.081807082,1.104738155,0.049763033,1.134443022,0.062987403,1.237430168,0.106117353,0.693726937,-0.180827887,0.65907099,-0.205493925,0.781704782,-0.12252042,0.762677485,-0.134637514,0.918192918,-0.042647995,0.848758465,-0.081807082,0.93765586,-0.032175032,0.962868118,-0.018917156,1.05027933,0.024523161,0.739852399,-0.1495228,0.7028922,-0.174472465,0.833679834,-0.090702948,0.813387424,-0.102908277,0.979242979,-0.010487353,0.905191874,-0.049763033,1.066489362,0.032175032,1.026888604,0.013265951,1.120111732,0.056653491,0.720479705,-0.162466488,0.684487292,-0.187304891,0.811850312,-0.103843947,0.792089249,-0.116015846,0.953601954,-0.02375,0.881489842,-0.062987403,1.03856383,0.018917156,0.973815461,-0.013265951,1.090782123,0.043420174,0.660516605,-0.204444444,0.62751972,-0.228863759,0.744282744,-0.146603099,0.726166329,-0.158636898,0.874236874,-0.067100977,0.808126411,-0.106117353,0.95212766,-0.024523161,0.89276808,-0.056653491,0.916773367,-0.043420174
886,967,462,535,564,692,870,942,823,1020,12/3/2025,130.18,0.863551402,-0.073219659,0.819148936,-0.099415205,0.667630058,-0.199306759,0.531034483,-0.306306306,0.49044586,-0.341880342,0.561360875,-0.280933852,0.452941176,-0.376518219,0.521444695,-0.314540059,0.477766287,-0.353393982,1.158008658,0.073219659,0.94858156,-0.026387625,0.773121387,-0.12795436,0.614942529,-0.238434164,0.567940552,-0.275558565,0.650060753,-0.212076583,0.524509804,-0.311897106,0.603837472,-0.247009148,0.553257497,-0.287616511,1.220779221,0.099415205,1.054205607,0.026387625,0.815028902,-0.101910828,0.648275862,-0.213389121,0.598726115,-0.250996016,0.685297691,-0.186733958,0.552941176,-0.287878788,0.636568849,-0.222068966,0.583247156,-0.263226649,1.497835498,0.199306759,1.293457944,0.12795436,1.226950355,0.101910828,0.795402299,-0.113956466,0.734607219,-0.152998776,0.840826245,-0.086468647,0.678431373,-0.191588785,0.781038375,-0.122940431,0.715615305,-0.165762508,1.883116883,0.306306306,1.626168224,0.238434164,1.542553191,0.213389121,1.257225434,0.113956466,0.923566879,-0.039735099,1.057108141,0.02776137,0.852941176,-0.079365079,0.981941309,-0.009111617,0.899689762,-0.052803484,2.038961039,0.341880342,1.760747664,0.275558565,1.670212766,0.250996016,1.361271676,0.152998776,1.082758621,0.039735099,1.144592953,0.067422096,0.923529412,-0.039755352,1.063205418,0.030634573,0.974146846,-0.013095862,1.781385281,0.280933852,1.538317757,0.212076583,1.459219858,0.186733958,1.189306358,0.086468647,0.945977011,-0.02776137,0.873673036,-0.067422096,0.806862745,-0.106890939,0.928893905,-0.036863663,0.851085832,-0.080446927,2.207792208,0.376518219,1.906542056,0.311897106,1.808510638,0.287878788,1.473988439,0.191588785,1.172413793,0.079365079,1.082802548,0.039755352,1.239368165,0.106890939,1.151241535,0.070304302,1.054808687,0.026673377,1.917748918,0.314540059,1.656074766,0.247009148,1.570921986,0.222068966,1.280346821,0.122940431,1.018390805,0.009111617,0.940552017,-0.030634573,1.07654921,0.036863663,0.868627451,-0.070304302,0.916235781,-0.043712898,2.093073593,0.353393982,1.807476636,0.287616511,1.714539007,0.263226649,1.397398844,0.165762508,1.111494253,0.052803484,1.026539278,0.013095862,1.174969623,0.080446927,0.948039216,-0.026673377,1.091422122,0.043712898
1365,1338,1463,1400,1357,1496,1441,1435,1495,1399,9/29/2025,95.02,1.045,0.02200489,1.078113486,0.037588652,0.977941176,-0.011152416,1.015267176,0.007575758,1.019512195,0.009661836,0.978595318,-0.01081812,1.045746962,0.022361985,1.071794872,0.034653465,1.093423019,0.044626919,0.956937799,-0.02200489,1.031687546,0.015596663,0.935828877,-0.033149171,0.971547536,-0.014431538,0.975609756,-0.012345679,0.936454849,-0.032815199,1.000714796,0.00035727,1.025641026,0.012658228,1.046337818,0.022644266,0.927546138,-0.037588652,0.969285714,-0.015596663,0.907085561,-0.048720645,0.941707148,-0.030021444,0.945644599,-0.027936963,0.907692308,-0.048387097,0.969978556,-0.015239478,0.994139194,-0.002939015,1.014200299,0.007050093,1.022556391,0.011152416,1.068571429,0.033149171,1.102431835,0.048720645,1.038167939,0.018726592,1.042508711,0.02081201,1.000668896,0.000334336,1.069335239,0.033506045,1.095970696,0.045788186,1.118086697,0.055751588,0.984962406,-0.007575758,1.029285714,0.014431538,1.061901253,0.030021444,0.963235294,-0.018726592,1.004181185,0.002086231,0.963879599,-0.018392371,1.030021444,0.014788732,1.055677656,0.027084818,1.076980568,0.037063692,0.980861244,-0.009661836,1.025,0.012345679,1.057479735,0.027936963,0.959224599,-0.02081201,0.995836225,-0.002086231,0.959866221,-0.020477816,1.025732666,0.012702893,1.051282051,0.025,1.072496263,0.034980166,1.021872864,0.01081812,1.067857143,0.032815199,1.101694915,0.048387097,0.999331551,-0.000334336,1.037473976,0.018392371,1.041811847,0.020477816,1.068620443,0.03317208,1.095238095,0.045454545,1.117339312,0.055418285,0.956254272,-0.022361985,0.999285714,-0.00035727,1.030950626,0.015239478,0.935160428,-0.033506045,0.970853574,-0.014788732,0.974912892,-0.012702893,0.935785953,-0.03317208,1.024908425,0.012301013,1.045590433,0.022287176,0.933014354,-0.034653465,0.975,-0.012658228,1.005895357,0.002939015,0.912433155,-0.045788186,0.947258848,-0.027084818,0.951219512,-0.025,0.913043478,-0.045454545,0.975696926,-0.012301013,1.020179372,0.009988901,0.914559125,-0.044626919,0.955714286,-0.022644266,0.985998526,-0.007050093,0.894385027,-0.055751588,0.92852186,-0.037063692,0.932404181,-0.034980166,0.894983278,-0.055418285,0.956397427,-0.022287176,0.98021978,-0.009988901
574,529,654,726,752,788,544,536,505,531,8/15/2024,51.88,0.900826446,-0.052173913,0.869680851,-0.06970128,0.829949239,-0.092926491,1.202205882,0.091819699,1.220149254,0.099159664,1.295049505,0.128559103,1.231638418,0.103797468,1.139372822,0.06514658,1.236294896,0.105663567,1.110091743,0.052173913,0.965425532,-0.01759134,0.921319797,-0.040951123,1.334558824,0.143307087,1.354477612,0.150554675,1.437623762,0.179528838,1.367231638,0.155131265,1.264808362,0.116923077,1.372400756,0.156972112,1.149847095,0.06970128,1.035812672,0.01759134,0.954314721,-0.023376623,1.382352941,0.160493827,1.402985075,0.167701863,1.489108911,0.196499602,1.416195857,0.172252533,1.31010453,0.134238311,1.421550095,0.174082748,1.204892966,0.092926491,1.085399449,0.040951123,1.04787234,0.023376623,1.448529412,0.183183183,1.470149254,0.190332326,1.56039604,0.218870843,1.483992467,0.194844579,1.3728223,0.15712188,1.489603025,0.196659074,0.831804281,-0.091819699,0.749311295,-0.143307087,0.723404255,-0.160493827,0.69035533,-0.183183183,1.014925373,0.007407407,1.077227723,0.037178265,1.024482109,0.012093023,0.947735192,-0.026833631,1.028355388,0.013979497,0.819571865,-0.099159664,0.738292011,-0.150554675,0.712765957,-0.167701863,0.680203046,-0.190332326,0.985294118,-0.007407407,1.061386139,0.029779059,1.009416196,0.004686036,0.933797909,-0.034234234,1.013232514,0.00657277,0.772171254,-0.128559103,0.695592287,-0.179528838,0.671542553,-0.196499602,0.640862944,-0.218870843,0.928308824,-0.037178265,0.942164179,-0.029779059,0.951035782,-0.025096525,0.879790941,-0.0639481,0.95463138,-0.023210832,0.811926606,-0.103797468,0.731404959,-0.155131265,0.706117021,-0.172252533,0.673857868,-0.194844579,0.976102941,-0.012093023,0.990671642,-0.004686036,1.051485149,0.025096525,0.925087108,-0.038914027,1.003780718,0.001886792,0.877675841,-0.06514658,0.790633609,-0.116923077,0.763297872,-0.134238311,0.728426396,-0.15712188,1.055147059,0.026833631,1.070895522,0.034234234,1.136633663,0.0639481,1.080979284,0.038914027,1.085066163,0.040797824,0.808868502,-0.105663567,0.728650138,-0.156972112,0.703457447,-0.174082748,0.671319797,-0.196659074,0.972426471,-0.013979497,0.986940299,-0.00657277,1.047524752,0.023210832,0.996233522,-0.001886792,0.921602787,-0.040797824
715,505,491,788,453,651,891,797,950,700,10/29/2024,90.27,0.623096447,-0.232212666,1.08388521,0.040254237,0.75422427,-0.140105079,0.551066218,-0.289435601,0.616060226,-0.23757764,0.516842105,-0.318528799,0.701428571,-0.175482788,0.686713287,-0.185737977,0.972277228,-0.014056225,1.604887984,0.232212666,1.739514349,0.269943594,1.210445469,0.095205003,0.884399551,-0.061346039,0.988707654,-0.005678233,0.829473684,-0.093210587,1.125714286,0.059139785,1.102097902,0.048569528,1.56039604,0.218870843,0.922606925,-0.040254237,0.574873096,-0.269943594,0.695852535,-0.179347826,0.508417508,-0.325892857,0.56838143,-0.2752,0.476842105,-0.354240912,0.647142857,-0.214223764,0.633566434,-0.224315068,0.897029703,-0.054279749,1.32586558,0.140105079,0.826142132,-0.095205003,1.437086093,0.179347826,0.730639731,-0.155642023,0.816813049,-0.100828729,0.685263158,-0.186758276,0.93,-0.03626943,0.91048951,-0.046852123,1.289108911,0.126297578,1.814663951,0.289435601,1.13071066,0.061346039,1.966887417,0.325892857,1.368663594,0.155642023,1.117942284,0.055687204,0.937894737,-0.0320478,1.272857143,0.120050283,1.246153846,0.109589041,1.764356436,0.276504298,1.623217923,0.23757764,1.01142132,0.005678233,1.759381898,0.2752,1.224270353,0.100828729,0.894500561,-0.055687204,0.838947368,-0.087578706,1.138571429,0.064796259,1.114685315,0.054232804,1.578217822,0.224270353,1.934826884,0.318528799,1.205583756,0.093210587,2.097130243,0.354240912,1.459293395,0.186758276,1.066217733,0.0320478,1.191969887,0.087578706,1.357142857,0.151515152,1.328671329,0.141141141,1.881188119,0.305841924,1.425661914,0.175482788,0.888324873,-0.059139785,1.545253863,0.214223764,1.075268817,0.03626943,0.785634119,-0.120050283,0.878293601,-0.064796259,0.736842105,-0.151515152,0.979020979,-0.010600707,1.386138614,0.161825726,1.456211813,0.185737977,0.907360406,-0.048569528,1.578366446,0.224315068,1.098310292,0.046852123,0.802469136,-0.109589041,0.897114178,-0.054232804,0.752631579,-0.141141141,1.021428571,0.010600707,1.415841584,0.172131148,1.028513238,0.014056225,0.640862944,-0.218870843,1.114790287,0.054279749,0.775729647,-0.126297578,0.5667789,-0.276504298,0.633626098,-0.224270353,0.531578947,-0.305841924,0.721428571,-0.161825726,0.706293706,-0.172131148
389,341,520,552,487,549,430,415,396,388,8/30/2025,75.96,0.942028986,-0.029850746,1.067761807,0.032770606,0.947176685,-0.027128157,1.209302326,0.094736842,1.253012048,0.112299465,1.313131313,0.135371179,1.340206186,0.145374449,1.336760925,0.144114411,1.524926686,0.207897793,1.061538462,0.029850746,1.133470226,0.062560154,1.005464481,0.002724796,1.28372093,0.124236253,1.330120482,0.141675284,1.393939394,0.164556962,1.422680412,0.174468085,1.419023136,0.173219979,1.618768328,0.236282195,0.936538462,-0.032770606,0.882246377,-0.062560154,0.887067395,-0.05984556,1.13255814,0.062159215,1.173493976,0.079822616,1.22979798,0.103057758,1.255154639,0.113142857,1.251928021,0.111872146,1.428152493,0.176328502,1.055769231,0.027128157,0.994565217,-0.002724796,1.127310062,0.05984556,1.276744186,0.121552605,1.322891566,0.139004149,1.386363636,0.161904762,1.414948454,0.171824973,1.411311054,0.170575693,1.609970674,0.233707865,0.826923077,-0.094736842,0.778985507,-0.124236253,0.882956879,-0.062159215,0.783242259,-0.121552605,1.036144578,0.017751479,1.085858586,0.041162228,1.108247423,0.051344743,1.105398458,0.05006105,1.260997067,0.115434501,0.798076923,-0.112299465,0.751811594,-0.141675284,0.852156057,-0.079822616,0.755919854,-0.139004149,0.965116279,-0.017751479,1.047979798,0.023427867,1.069587629,0.03362391,1.066838046,0.032338308,1.217008798,0.097883598,0.761538462,-0.135371179,0.717391304,-0.164556962,0.813141684,-0.103057758,0.721311475,-0.161904762,0.920930233,-0.041162228,0.954216867,-0.023427867,1.020618557,0.010204082,1.017994859,0.008917197,1.161290323,0.074626866,0.746153846,-0.145374449,0.702898551,-0.174468085,0.796714579,-0.113142857,0.706739526,-0.171824973,0.902325581,-0.051344743,0.934939759,-0.03362391,0.97979798,-0.010204082,0.997429306,-0.001287001,1.137829912,0.064471879,0.748076923,-0.144114411,0.704710145,-0.173219979,0.798767967,-0.111872146,0.70856102,-0.170575693,0.904651163,-0.05006105,0.937349398,-0.032338308,0.982323232,-0.008917197,1.00257732,0.001287001,1.140762463,0.065753425,0.655769231,-0.207897793,0.617753623,-0.236282195,0.700205339,-0.176328502,0.621129326,-0.233707865,0.793023256,-0.115434501,0.821686747,-0.097883598,0.861111111,-0.074626866,0.878865979,-0.064471879,0.876606684,-0.065753425
623,537,578,596,612,654,585,613,576,679,7/26/2025,158.52,0.969798658,-0.015332198,0.944444444,-0.028571429,0.883792049,-0.061688312,0.988034188,-0.006018917,0.942903752,-0.02938707,1.003472222,0.001733102,0.851251841,-0.08035004,0.92776886,-0.037468776,1.076350093,0.0367713,1.031141869,0.015332198,0.973856209,-0.013245033,0.911314985,-0.0464,1.018803419,0.009314141,0.972267537,-0.014061208,1.034722222,0.017064846,0.877761414,-0.065098039,0.956661316,-0.022149303,1.109869646,0.052074139,1.058823529,0.028571429,1.026845638,0.013245033,0.935779817,-0.033175355,1.046153846,0.022556391,0.998368679,-0.000816327,1.0625,0.03030303,0.901325479,-0.051897754,0.982343499,-0.008906883,1.139664804,0.065274151,1.131487889,0.061688312,1.097315436,0.0464,1.068627451,0.033175355,1.117948718,0.055690073,1.066884176,0.032359905,1.135416667,0.063414634,0.963181149,-0.018754689,1.04975923,0.024275646,1.217877095,0.098236776,1.012110727,0.006018917,0.981543624,-0.009314141,0.955882353,-0.022556391,0.894495413,-0.055690073,0.954323002,-0.023372287,1.015625,0.007751938,0.861561119,-0.074367089,0.939004815,-0.031456954,1.089385475,0.042780749,1.060553633,0.02938707,1.02852349,0.014061208,1.001633987,0.000816327,0.937308869,-0.032359905,1.047863248,0.023372287,1.064236111,0.031118587,0.902798233,-0.051083591,0.983948636,-0.008090615,1.141527002,0.066086957,0.996539792,-0.001733102,0.966442953,-0.017064846,0.941176471,-0.03030303,0.880733945,-0.063414634,0.984615385,-0.007751938,0.939641109,-0.031118587,0.848306333,-0.082071713,0.924558587,-0.039199333,1.072625698,0.035040431,1.174740484,0.08035004,1.139261745,0.065098039,1.109477124,0.051897754,1.0382263,0.018754689,1.160683761,0.074367089,1.10766721,0.051083591,1.178819444,0.082071713,1.08988764,0.043010753,1.26443203,0.116776316,1.077854671,0.037468776,1.045302013,0.022149303,1.017973856,0.008906883,0.952599388,-0.024275646,1.064957265,0.031456954,1.016313214,0.008090615,1.081597222,0.039199333,0.917525773,-0.043010753,1.160148976,0.074137931,0.929065744,-0.0367713,0.901006711,-0.052074139,0.87745098,-0.065274151,0.821100917,-0.098236776,0.917948718,-0.042780749,0.876019576,-0.066086957,0.932291667,-0.035040431,0.790868925,-0.116776316,0.861958266,-0.074137931
56,57,121,90,80,83,81,86,68,62,2/7/2024,219.6,1.344444444,0.146919431,1.5125,0.2039801,1.457831325,0.18627451,1.49382716,0.198019802,1.406976744,0.169082126,1.779411765,0.28042328,1.951612903,0.322404372,2.160714286,0.367231638,2.122807018,0.359550562,0.743801653,-0.146919431,1.125,0.058823529,1.084337349,0.040462428,1.111111111,0.052631579,1.046511628,0.022727273,1.323529412,0.139240506,1.451612903,0.184210526,1.607142857,0.232876712,1.578947368,0.224489796,0.661157025,-0.2039801,0.888888889,-0.058823529,0.963855422,-0.018404908,0.987654321,-0.00621118,0.930232558,-0.036144578,1.176470588,0.081081081,1.290322581,0.126760563,1.428571429,0.176470588,1.403508772,0.167883212,0.685950413,-0.18627451,0.922222222,-0.040462428,1.0375,0.018404908,1.024691358,0.012195122,0.965116279,-0.017751479,1.220588235,0.099337748,1.338709677,0.144827586,1.482142857,0.194244604,1.456140351,0.185714286,0.669421488,-0.198019802,0.9,-0.052631579,1.0125,0.00621118,0.975903614,-0.012195122,0.941860465,-0.02994012,1.191176471,0.087248322,1.306451613,0.132867133,1.446428571,0.182481752,1.421052632,0.173913043,0.710743802,-0.169082126,0.955555556,-0.022727273,1.075,0.036144578,1.036144578,0.017751479,1.061728395,0.02994012,1.264705882,0.116883117,1.387096774,0.162162162,1.535714286,0.211267606,1.50877193,0.202797203,0.561983471,-0.28042328,0.755555556,-0.139240506,0.85,-0.081081081,0.819277108,-0.099337748,0.839506173,-0.087248322,0.790697674,-0.116883117,1.096774194,0.046153846,1.214285714,0.096774194,1.192982456,0.088,0.512396694,-0.322404372,0.688888889,-0.184210526,0.775,-0.126760563,0.746987952,-0.144827586,0.765432099,-0.132867133,0.720930233,-0.162162162,0.911764706,-0.046153846,1.107142857,0.050847458,1.087719298,0.042016807,0.462809917,-0.367231638,0.622222222,-0.232876712,0.7,-0.176470588,0.674698795,-0.194244604,0.691358025,-0.182481752,0.651162791,-0.211267606,0.823529412,-0.096774194,0.903225806,-0.050847458,0.98245614,-0.008849558,0.47107438,-0.359550562,0.633333333,-0.224489796,0.7125,-0.167883212,0.686746988,-0.185714286,0.703703704,-0.173913043,0.662790698,-0.202797203,0.838235294,-0.088,0.919354839,-0.042016807,1.017857143,0.008849558
31,28,211,354,282,218,20,33,26,10,2/7/2024,66.25,0.596045198,-0.253097345,0.74822695,-0.144016227,0.967889908,-0.016317016,10.55,0.826839827,6.393939394,0.729508197,8.115384615,0.780590717,21.1,0.909502262,6.806451613,0.743801653,7.535714286,0.765690377,1.677725118,0.253097345,1.255319149,0.113207547,1.623853211,0.237762238,17.7,0.893048128,10.72727273,0.829457364,13.61538462,0.863157895,35.4,0.945054945,11.41935484,0.838961039,12.64285714,0.853403141,1.336492891,0.144016227,0.796610169,-0.113207547,1.293577982,0.128,14.1,0.867549669,8.545454545,0.79047619,10.84615385,0.831168831,28.2,0.931506849,9.096774194,0.801916933,10.07142857,0.819354839,1.033175355,0.016317016,0.615819209,-0.237762238,0.773049645,-0.128,10.9,0.831932773,6.606060606,0.737051793,8.384615385,0.786885246,21.8,0.912280702,7.032258065,0.751004016,7.785714286,0.772357724,0.09478673,-0.826839827,0.056497175,-0.893048128,0.070921986,-0.867549669,0.091743119,-0.831932773,0.606060606,-0.245283019,0.769230769,-0.130434783,2.0,0.333333333,0.64516129,-0.215686275,0.714285714,-0.166666667,0.156398104,-0.729508197,0.093220339,-0.829457364,0.117021277,-0.79047619,0.151376147,-0.737051793,1.65,0.245283019,1.269230769,0.118644068,3.3,0.534883721,1.064516129,0.03125,1.178571429,0.081967213,0.123222749,-0.780590717,0.073446328,-0.863157895,0.092198582,-0.831168831,0.119266055,-0.786885246,1.3,0.130434783,0.787878788,-0.118644068,2.6,0.444444444,0.838709677,-0.087719298,0.928571429,-0.037037037,0.047393365,-0.909502262,0.028248588,-0.945054945,0.035460993,-0.931506849,0.04587156,-0.912280702,0.5,-0.333333333,0.303030303,-0.534883721,0.384615385,-0.444444444,0.322580645,-0.512195122,0.357142857,-0.473684211,0.146919431,-0.743801653,0.087570621,-0.838961039,0.109929078,-0.801916933,0.142201835,-0.751004016,1.55,0.215686275,0.939393939,-0.03125,1.192307692,0.087719298,3.1,0.512195122,1.107142857,0.050847458,0.132701422,-0.765690377,0.079096045,-0.853403141,0.09929078,-0.819354839,0.128440367,-0.772357724,1.4,0.166666667,0.848484848,-0.081967213,1.076923077,0.037037037,2.8,0.473684211,0.903225806,-0.050847458
527,470,792,906,747,717,584,580,582,542,4/17/2024,56.95,0.874172185,-0.067137809,1.060240964,0.029239766,1.10460251,0.049701789,1.356164384,0.151162791,1.365517241,0.15451895,1.360824742,0.152838428,1.461254613,0.187406297,1.5028463,0.20090978,1.685106383,0.255150555,1.143939394,0.067137809,1.212851406,0.096188748,1.263598326,0.116451017,1.551369863,0.216107383,1.562068966,0.219380888,1.556701031,0.217741935,1.671586716,0.251381215,1.719165085,0.264480112,1.927659574,0.316860465,0.943181818,-0.029239766,0.824503311,-0.096188748,1.041841004,0.020491803,1.279109589,0.122464313,1.287931034,0.125847777,1.283505155,0.124153499,1.378228782,0.159038014,1.417457306,0.172684458,1.589361702,0.227608874,0.90530303,-0.049701789,0.791390728,-0.116451017,0.959839357,-0.020491803,1.227739726,0.102229055,1.236206897,0.105628373,1.231958763,0.103926097,1.322878229,0.138999206,1.360531309,0.152733119,1.525531915,0.208087616,0.737373737,-0.151162791,0.644591611,-0.216107383,0.781793842,-0.122464313,0.814504881,-0.102229055,1.006896552,0.003436426,1.003436426,0.001715266,1.077490775,0.037300178,1.108159393,0.051305131,1.242553191,0.108159393,0.732323232,-0.15451895,0.6401766,-0.219380888,0.77643909,-0.125847777,0.808926081,-0.105628373,0.993150685,-0.003436426,0.996563574,-0.00172117,1.070110701,0.033868093,1.10056926,0.047877145,1.234042553,0.104761905,0.734848485,-0.152838428,0.642384106,-0.217741935,0.779116466,-0.124153499,0.811715481,-0.103926097,0.996575342,-0.001715266,1.003448276,0.00172117,1.073800738,0.035587189,1.104364326,0.049594229,1.238297872,0.106463878,0.684343434,-0.187406297,0.598233996,-0.251381215,0.725568942,-0.159038014,0.755927476,-0.138999206,0.928082192,-0.037300178,0.934482759,-0.033868093,0.931271478,-0.035587189,1.028462998,0.014031805,1.153191489,0.071146245,0.66540404,-0.20090978,0.581677704,-0.264480112,0.705488621,-0.172684458,0.735006974,-0.152733119,0.90239726,-0.051305131,0.90862069,-0.047877145,0.905498282,-0.049594229,0.972324723,-0.014031805,1.121276596,0.057171515,0.593434343,-0.255150555,0.518763797,-0.316860465,0.6291834,-0.227608874,0.655509066,-0.208087616,0.804794521,-0.108159393,0.810344828,-0.104761905,0.807560137,-0.106463878,0.867158672,-0.071146245,0.891840607,-0.057171515
115,101,234,205,191,207,89,114,68,85,5/7/2024,136.91,1.141463415,0.066059226,1.22513089,0.101176471,1.130434783,0.06122449,2.629213483,0.448916409,2.052631579,0.344827586,3.441176471,0.549668874,2.752941176,0.467084639,2.034782609,0.340974212,2.316831683,0.397014925,0.876068376,-0.066059226,1.073298429,0.035353535,0.990338164,-0.004854369,2.303370787,0.394557823,1.798245614,0.285266458,3.014705882,0.501831502,2.411764706,0.413793103,1.782608696,0.28125,2.02970297,0.339869281,0.816239316,-0.101176471,0.931707317,-0.035353535,0.922705314,-0.040201005,2.146067416,0.364285714,1.675438596,0.252459016,2.808823529,0.474903475,2.247058824,0.384057971,1.660869565,0.248366013,1.891089109,0.308219178,0.884615385,-0.06122449,1.009756098,0.004854369,1.083769634,0.040201005,2.325842697,0.398648649,1.815789474,0.289719626,3.044117647,0.505454545,2.435294118,0.417808219,1.8,0.285714286,2.04950495,0.344155844,0.38034188,-0.448916409,0.434146341,-0.394557823,0.465968586,-0.364285714,0.429951691,-0.398648649,0.780701754,-0.123152709,1.308823529,0.133757962,1.047058824,0.022988506,0.773913043,-0.12745098,0.881188119,-0.063157895,0.487179487,-0.344827586,0.556097561,-0.285266458,0.596858639,-0.252459016,0.550724638,-0.289719626,1.280898876,0.123152709,1.676470588,0.252747253,1.341176471,0.145728643,0.991304348,-0.004366812,1.128712871,0.060465116,0.290598291,-0.549668874,0.331707317,-0.501831502,0.356020942,-0.474903475,0.328502415,-0.505454545,0.764044944,-0.133757962,0.596491228,-0.252747253,0.8,-0.111111111,0.591304348,-0.256830601,0.673267327,-0.195266272,0.363247863,-0.467084639,0.414634146,-0.413793103,0.445026178,-0.384057971,0.410628019,-0.417808219,0.95505618,-0.022988506,0.745614035,-0.145728643,1.25,0.111111111,0.739130435,-0.15,0.841584158,-0.086021505,0.491452991,-0.340974212,0.56097561,-0.28125,0.602094241,-0.248366013,0.555555556,-0.285714286,1.292134831,0.12745098,1.00877193,0.004366812,1.691176471,0.256830601,1.352941176,0.15,1.138613861,0.064814815,0.431623932,-0.397014925,0.492682927,-0.339869281,0.528795812,-0.308219178,0.487922705,-0.344155844,1.134831461,0.063157895,0.885964912,-0.060465116,1.485294118,0.195266272,1.188235294,0.086021505,0.87826087,-0.064814815
196,184,286,427,352,406,237,216,233,197,4/12/2024,134.22,0.669789227,-0.197755961,0.8125,-0.103448276,0.704433498,-0.173410405,1.206751055,0.093690249,1.324074074,0.139442231,1.227467811,0.102119461,1.45177665,0.18426501,1.459183673,0.186721992,1.554347826,0.217021277,1.493006993,0.197755961,1.213068182,0.096277279,1.051724138,0.025210084,1.801687764,0.286144578,1.976851852,0.3281493,1.832618026,0.293939394,2.16751269,0.368589744,2.178571429,0.370786517,2.320652174,0.397708674,1.230769231,0.103448276,0.824355972,-0.096277279,0.866995074,-0.071240106,1.485232068,0.19524618,1.62962963,0.23943662,1.510729614,0.203418803,1.78680203,0.282331512,1.795918367,0.284671533,1.913043478,0.313432836,1.41958042,0.173410405,0.950819672,-0.025210084,1.153409091,0.071240106,1.713080169,0.262830482,1.87962963,0.305466238,1.74248927,0.270735524,2.060913706,0.346600332,2.071428571,0.348837209,2.206521739,0.376271186,0.828671329,-0.093690249,0.555035129,-0.286144578,0.673295455,-0.19524618,0.583743842,-0.262830482,1.097222222,0.046357616,1.017167382,0.008510638,1.203045685,0.092165899,1.209183673,0.094688222,1.288043478,0.125890736,0.755244755,-0.139442231,0.505854801,-0.3281493,0.613636364,-0.23943662,0.532019704,-0.305466238,0.911392405,-0.046357616,0.927038627,-0.037861915,1.096446701,0.046004843,1.102040816,0.048543689,1.173913043,0.08,0.814685315,-0.102119461,0.545667447,-0.293939394,0.661931818,-0.203418803,0.573891626,-0.270735524,0.983122363,-0.008510638,1.078703704,0.037861915,1.182741117,0.08372093,1.18877551,0.086247086,1.266304348,0.117505995,0.688811189,-0.18426501,0.461358314,-0.368589744,0.559659091,-0.282331512,0.485221675,-0.346600332,0.831223629,-0.092165899,0.912037037,-0.046004843,0.845493562,-0.08372093,1.005102041,0.002544529,1.070652174,0.034120735,0.685314685,-0.186721992,0.459016393,-0.370786517,0.556818182,-0.284671533,0.482758621,-0.348837209,0.827004219,-0.094688222,0.907407407,-0.048543689,0.841201717,-0.086247086,0.994923858,-0.002544529,1.065217391,0.031578947,0.643356643,-0.217021277,0.430913349,-0.397708674,0.522727273,-0.313432836,0.45320197,-0.376271186,0.776371308,-0.125890736,0.851851852,-0.08,0.789699571,-0.117505995,0.934010152,-0.034120735,0.93877551,-0.031578947
108,105,58,102,119,150,81,75,50,48,9/9/2024,164.32,0.568627451,-0.275,0.487394958,-0.344632768,0.386666667,-0.442307692,0.716049383,-0.165467626,0.773333333,-0.127819549,1.16,0.074074074,1.208333333,0.094339623,0.537037037,-0.301204819,0.552380952,-0.288343558,1.75862069,0.275,0.857142857,-0.076923077,0.68,-0.19047619,1.259259259,0.114754098,1.36,0.152542373,2.04,0.342105263,2.125,0.36,0.944444444,-0.028571429,0.971428571,-0.014492754,2.051724138,0.344632768,1.166666667,0.076923077,0.793333333,-0.115241636,1.469135802,0.19,1.586666667,0.226804124,2.38,0.408284024,2.479166667,0.425149701,1.101851852,0.04845815,1.133333333,0.0625,2.586206897,0.442307692,1.470588235,0.19047619,1.260504202,0.115241636,1.851851852,0.298701299,2.0,0.333333333,3.0,0.5,3.125,0.515151515,1.388888889,0.162790698,1.428571429,0.176470588,1.396551724,0.165467626,0.794117647,-0.114754098,0.680672269,-0.19,0.54,-0.298701299,1.08,0.038461538,1.62,0.236641221,1.6875,0.255813953,0.75,-0.142857143,0.771428571,-0.129032258,1.293103448,0.127819549,0.735294118,-0.152542373,0.630252101,-0.226804124,0.5,-0.333333333,0.925925926,-0.038461538,1.5,0.2,1.5625,0.219512195,0.694444444,-0.180327869,0.714285714,-0.166666667,0.862068966,-0.074074074,0.490196078,-0.342105263,0.420168067,-0.408284024,0.333333333,-0.5,0.617283951,-0.236641221,0.666666667,-0.2,1.041666667,0.020408163,0.462962963,-0.367088608,0.476190476,-0.35483871,0.827586207,-0.094339623,0.470588235,-0.36,0.403361345,-0.425149701,0.32,-0.515151515,0.592592593,-0.255813953,0.64,-0.219512195,0.96,-0.020408163,0.444444444,-0.384615385,0.457142857,-0.37254902,1.862068966,0.301204819,1.058823529,0.028571429,0.907563025,-0.04845815,0.72,-0.162790698,1.333333333,0.142857143,1.44,0.180327869,2.16,0.367088608,2.25,0.384615385,1.028571429,0.014084507,1.810344828,0.288343558,1.029411765,0.014492754,0.882352941,-0.0625,0.7,-0.176470588,1.296296296,0.129032258,1.4,0.166666667,2.1,0.35483871,2.1875,0.37254902,0.972222222,-0.014084507
528,437,809,1081,751,678,552,543,530,528,4/17/2025,23.93,0.748381129,-0.143915344,1.07723036,0.037179487,1.193215339,0.088096839,1.46557971,0.188831741,1.489871087,0.196745562,1.526415094,0.208364451,1.53219697,0.210172027,1.53219697,0.210172027,1.851258581,0.298555377,1.336217553,0.143915344,1.439414115,0.180131004,1.59439528,0.229107447,1.958333333,0.323943662,1.990791897,0.331280788,2.039622642,0.342023588,2.047348485,0.343691734,2.047348485,0.343691734,2.473684211,0.424242424,0.928306551,-0.037179487,0.694727105,-0.180131004,1.107669617,0.051084675,1.360507246,0.152724482,1.38305709,0.160741886,1.416981132,0.172521468,1.422348485,0.174354965,1.422348485,0.174354965,1.718535469,0.264309764,0.838071693,-0.088096839,0.62719704,-0.229107447,0.902796272,-0.051084675,1.22826087,0.102439024,1.248618785,0.110565111,1.279245283,0.122516556,1.284090909,0.124378109,1.284090909,0.124378109,1.551487414,0.216143498,0.682323857,-0.188831741,0.510638298,-0.323943662,0.735019973,-0.152724482,0.814159292,-0.102439024,1.016574586,0.008219178,1.041509434,0.020332717,1.045454545,0.022222222,1.045454545,0.022222222,1.263157895,0.11627907,0.671199011,-0.196745562,0.502312673,-0.331280788,0.723035952,-0.160741886,0.800884956,-0.110565111,0.983695652,-0.008219178,1.024528302,0.012115564,1.028409091,0.014005602,1.028409091,0.014005602,1.242562929,0.108163265,0.65512979,-0.208364451,0.490286772,-0.342023588,0.705725699,-0.172521468,0.781710914,-0.122516556,0.960144928,-0.020332717,0.976058932,-0.012115564,1.003787879,0.001890359,1.003787879,0.001890359,1.212814645,0.096173733,0.652657602,-0.210172027,0.488436633,-0.343691734,0.703062583,-0.174354965,0.778761062,-0.124378109,0.956521739,-0.022222222,0.972375691,-0.014005602,0.996226415,-0.001890359,1.0,0.0,1.208237986,0.094300518,0.652657602,-0.210172027,0.488436633,-0.343691734,0.703062583,-0.174354965,0.778761062,-0.124378109,0.956521739,-0.022222222,0.972375691,-0.014005602,0.996226415,-0.001890359,1.0,0.0,1.208237986,0.094300518,0.540173053,-0.298555377,0.404255319,-0.424242424,0.581890812,-0.264309764,0.644542773,-0.216143498,0.791666667,-0.11627907,0.804788214,-0.108163265,0.824528302,-0.096173733,0.827651515,-0.094300518,0.827651515,-0.094300518
27,36,35,28,28,28,17,37,17,23,10/16/2025,31.37,1.25,0.111111111,1.25,0.111111111,1.25,0.111111111,2.058823529,0.346153846,0.945945946,-0.027777778,2.058823529,0.346153846,1.52173913,0.206896552,1.296296296,0.129032258,0.972222222,-0.014084507,0.8,-0.111111111,1.0,0.0,1.0,0.0,1.647058824,0.244444444,0.756756757,-0.138461538,1.647058824,0.244444444,1.217391304,0.098039216,1.037037037,0.018181818,0.777777778,-0.125,0.8,-0.111111111,1.0,0.0,1.0,0.0,1.647058824,0.244444444,0.756756757,-0.138461538,1.647058824,0.244444444,1.217391304,0.098039216,1.037037037,0.018181818,0.777777778,-0.125,0.8,-0.111111111,1.0,0.0,1.0,0.0,1.647058824,0.244444444,0.756756757,-0.138461538,1.647058824,0.244444444,1.217391304,0.098039216,1.037037037,0.018181818,0.777777778,-0.125,0.485714286,-0.346153846,0.607142857,-0.244444444,0.607142857,-0.244444444,0.607142857,-0.244444444,0.459459459,-0.37037037,1.0,0.0,0.739130435,-0.15,0.62962963,-0.227272727,0.472222222,-0.358490566,1.057142857,0.027777778,1.321428571,0.138461538,1.321428571,0.138461538,1.321428571,0.138461538,2.176470588,0.37037037,2.176470588,0.37037037,1.608695652,0.233333333,1.37037037,0.15625,1.027777778,0.01369863,0.485714286,-0.346153846,0.607142857,-0.244444444,0.607142857,-0.244444444,0.607142857,-0.244444444,1.0,0.0,0.459459459,-0.37037037,0.739130435,-0.15,0.62962963,-0.227272727,0.472222222,-0.358490566,0.657142857,-0.206896552,0.821428571,-0.098039216,0.821428571,-0.098039216,0.821428571,-0.098039216,1.352941176,0.15,0.621621622,-0.233333333,1.352941176,0.15,0.851851852,-0.08,0.638888889,-0.220338983,0.771428571,-0.129032258,0.964285714,-0.018181818,0.964285714,-0.018181818,0.964285714,-0.018181818,1.588235294,0.227272727,0.72972973,-0.15625,1.588235294,0.227272727,1.173913043,0.08,0.75,-0.142857143,1.028571429,0.014084507,1.285714286,0.125,1.285714286,0.125,1.285714286,0.125,2.117647059,0.358490566,0.972972973,-0.01369863,2.117647059,0.358490566,1.565217391,0.220338983,1.333333333,0.142857143
476,448,675,837,627,621,523,502,440,515,7/11/2025,18.91,0.806451613,-0.107142857,1.076555024,0.036866359,1.086956522,0.041666667,1.290630975,0.12687813,1.344621514,0.146983857,1.534090909,0.210762332,1.310679612,0.134453782,1.418067227,0.172893136,1.506696429,0.202137133,1.24,0.107142857,1.33492823,0.143442623,1.347826087,0.148148148,1.600382409,0.230882353,1.667330677,0.250186706,1.902272727,0.310884886,1.625242718,0.23816568,1.758403361,0.274942879,1.868303571,0.302723735,0.928888889,-0.036866359,0.749103943,-0.143442623,1.009661836,0.004807692,1.198852772,0.090434783,1.249003984,0.110717449,1.425,0.175257732,1.217475728,0.098073555,1.317226891,0.136899365,1.399553571,0.166511628,0.92,-0.041666667,0.741935484,-0.148148148,0.990430622,-0.004807692,1.187380497,0.085664336,1.237051793,0.105966162,1.411363636,0.170593779,1.205825243,0.093309859,1.304621849,0.132178669,1.386160714,0.161833489,0.774814815,-0.12687813,0.624850657,-0.230882353,0.834130781,-0.090434783,0.842190016,-0.085664336,1.041832669,0.020487805,1.188636364,0.086188993,1.015533981,0.007707129,1.098739496,0.047047047,1.167410714,0.077239959,0.743703704,-0.146983857,0.599761051,-0.250186706,0.800637959,-0.110717449,0.808373591,-0.105966162,0.959847036,-0.020487805,1.140909091,0.06581741,0.974757282,-0.012782694,1.054621849,0.026584867,1.120535714,0.056842105,0.651851852,-0.210762332,0.525686977,-0.310884886,0.701754386,-0.175257732,0.708534622,-0.170593779,0.841300191,-0.086188993,0.876494024,-0.06581741,0.854368932,-0.078534031,0.924369748,-0.03930131,0.982142857,-0.009009009,0.762962963,-0.134453782,0.615292712,-0.23816568,0.821371611,-0.098073555,0.829307568,-0.093309859,0.984703633,-0.007707129,1.025896414,0.012782694,1.170454545,0.078534031,1.081932773,0.039354188,1.149553571,0.069574247,0.705185185,-0.172893136,0.56869773,-0.274942879,0.759170654,-0.136899365,0.766505636,-0.132178669,0.910133843,-0.047047047,0.948207171,-0.026584867,1.081818182,0.03930131,0.924271845,-0.039354188,1.0625,0.03030303,0.663703704,-0.202137133,0.535244922,-0.302723735,0.714513557,-0.166511628,0.721417069,-0.161833489,0.856596558,-0.077239959,0.892430279,-0.056842105,1.018181818,0.009009009,0.869902913,-0.069574247,0.941176471,-0.03030303
558,473,649,658,643,644,592,611,589,602,4/17/2025,123.34,0.986322188,-0.006885998,1.00933126,0.004643963,1.007763975,0.003866976,1.096283784,0.045930701,1.062193126,0.03015873,1.101867572,0.048465267,1.07807309,0.037569944,1.163082437,0.075393538,1.372093023,0.156862745,1.013867488,0.006885998,1.023328149,0.011529593,1.02173913,0.010752688,1.111486486,0.0528,1.076923077,0.037037037,1.117147708,0.055332799,1.093023256,0.044444444,1.17921147,0.082236842,1.391120507,0.16357206,0.990755008,-0.004643963,0.977203647,-0.011529593,0.998447205,-0.000777001,1.086148649,0.041295547,1.052373159,0.025518341,1.091680815,0.043831169,1.068106312,0.032931727,1.152329749,0.070774355,1.359408034,0.152329749,0.99229584,-0.003866976,0.978723404,-0.010752688,1.00155521,0.000777001,1.087837838,0.042071197,1.05400982,0.026294821,1.093378608,0.04460665,1.069767442,0.033707865,1.154121864,0.071547421,1.361522199,0.15308863,0.912172573,-0.045930701,0.899696049,-0.0528,0.920684292,-0.041295547,0.919254658,-0.042071197,0.968903437,-0.015793849,1.005093379,0.00254022,0.983388704,-0.008375209,1.0609319,0.029565217,1.251585624,0.111737089,0.941448382,-0.03015873,0.928571429,-0.037037037,0.950233281,-0.025518341,0.948757764,-0.026294821,1.032094595,0.015793849,1.037351443,0.018333333,1.014950166,0.007419621,1.094982079,0.045337896,1.291754757,0.127306273,0.907550077,-0.048465267,0.895136778,-0.055332799,0.916018663,-0.043831169,0.914596273,-0.04460665,0.994932432,-0.00254022,0.963993453,-0.018333333,0.978405316,-0.010915197,1.055555556,0.027027027,1.245243129,0.109227872,0.927580894,-0.037569944,0.914893617,-0.044444444,0.936236392,-0.032931727,0.934782609,-0.033707865,1.016891892,0.008375209,0.985270049,-0.007419621,1.022071307,0.010915197,1.078853047,0.037931034,1.272727273,0.12,0.859784284,-0.075393538,0.848024316,-0.082236842,0.867807154,-0.070774355,0.866459627,-0.071547421,0.942567568,-0.029565217,0.913256956,-0.045337896,0.947368421,-0.027027027,0.926910299,-0.037931034,1.179704017,0.082444229,0.728813559,-0.156862745,0.718844985,-0.16357206,0.735614308,-0.152329749,0.73447205,-0.15308863,0.798986486,-0.111737089,0.774140753,-0.127306273,0.803056027,-0.109227872,0.785714286,-0.12,0.847670251,-0.082444229
100,76,92,91,101,96,109,81,55,103,10/24/2025,158.69,1.010989011,0.005464481,0.910891089,-0.046632124,0.958333333,-0.021276596,0.844036697,-0.084577114,1.135802469,0.063583815,1.672727273,0.25170068,0.893203883,-0.056410256,0.92,-0.041666667,1.210526316,0.095238095,0.989130435,-0.005464481,0.900990099,-0.052083333,0.947916667,-0.026737968,0.834862385,-0.09,1.12345679,0.058139535,1.654545455,0.246575342,0.883495146,-0.06185567,0.91,-0.047120419,1.197368421,0.089820359,1.097826087,0.046632124,1.10989011,0.052083333,1.052083333,0.025380711,0.926605505,-0.038095238,1.24691358,0.10989011,1.836363636,0.294871795,0.980582524,-0.009803922,1.01,0.004975124,1.328947368,0.141242938,1.043478261,0.021276596,1.054945055,0.026737968,0.95049505,-0.025380711,0.880733945,-0.063414634,1.185185185,0.084745763,1.745454545,0.271523179,0.932038835,-0.035175879,0.96,-0.020408163,1.263157895,0.11627907,1.184782609,0.084577114,1.197802198,0.09,1.079207921,0.038095238,1.135416667,0.063414634,1.345679012,0.147368421,1.981818182,0.329268293,1.058252427,0.028301887,1.09,0.043062201,1.434210526,0.178378378,0.880434783,-0.063583815,0.89010989,-0.058139535,0.801980198,-0.10989011,0.84375,-0.084745763,0.743119266,-0.147368421,1.472727273,0.191176471,0.786407767,-0.119565217,0.81,-0.104972376,1.065789474,0.031847134,0.597826087,-0.25170068,0.604395604,-0.246575342,0.544554455,-0.294871795,0.572916667,-0.271523179,0.504587156,-0.329268293,0.679012346,-0.191176471,0.533980583,-0.303797468,0.55,-0.290322581,0.723684211,-0.160305344,1.119565217,0.056410256,1.131868132,0.06185567,1.01980198,0.009803922,1.072916667,0.035175879,0.944954128,-0.028301887,1.271604938,0.119565217,1.872727273,0.303797468,1.03,0.014778325,1.355263158,0.150837989,1.086956522,0.041666667,1.098901099,0.047120419,0.99009901,-0.004975124,1.041666667,0.020408163,0.917431193,-0.043062201,1.234567901,0.104972376,1.818181818,0.290322581,0.970873786,-0.014778325,1.315789474,0.136363636,0.826086957,-0.095238095,0.835164835,-0.089820359,0.752475248,-0.141242938,0.791666667,-0.11627907,0.697247706,-0.178378378,0.938271605,-0.031847134,1.381818182,0.160305344,0.737864078,-0.150837989,0.76,-0.136363636
151,127,276,377,240,285,122,143,130,136,7/31/2025,29.52,0.732095491,-0.15467075,1.15,0.069767442,0.968421053,-0.016042781,2.262295082,0.386934673,1.93006993,0.317422434,2.123076923,0.359605911,2.029411765,0.339805825,1.82781457,0.292740047,2.173228346,0.369727047,1.365942029,0.15467075,1.570833333,0.222042139,1.322807018,0.13897281,3.090163934,0.511022044,2.636363636,0.45,2.9,0.487179487,2.772058824,0.469785575,2.496688742,0.428030303,2.968503937,0.496031746,0.869565217,-0.069767442,0.636604775,-0.222042139,0.842105263,-0.085714286,1.967213115,0.325966851,1.678321678,0.253263708,1.846153846,0.297297297,1.764705882,0.276595745,1.589403974,0.227621483,1.88976378,0.307901907,1.032608696,0.016042781,0.75596817,-0.13897281,1.1875,0.085714286,2.336065574,0.4004914,1.993006993,0.331775701,2.192307692,0.373493976,2.095588235,0.35391924,1.887417219,0.30733945,2.244094488,0.383495146,0.442028986,-0.386934673,0.323607427,-0.511022044,0.508333333,-0.325966851,0.428070175,-0.4004914,0.853146853,-0.079245283,0.938461538,-0.031746032,0.897058824,-0.054263566,0.80794702,-0.106227106,0.960629921,-0.020080321,0.518115942,-0.317422434,0.379310345,-0.45,0.595833333,-0.253263708,0.501754386,-0.331775701,1.172131148,0.079245283,1.1,0.047619048,1.051470588,0.025089606,0.947019868,-0.027210884,1.125984252,0.059259259,0.471014493,-0.359605911,0.344827586,-0.487179487,0.541666667,-0.297297297,0.456140351,-0.373493976,1.06557377,0.031746032,0.909090909,-0.047619048,0.955882353,-0.022556391,0.860927152,-0.074733096,1.023622047,0.011673152,0.492753623,-0.339805825,0.360742706,-0.469785575,0.566666667,-0.276595745,0.477192982,-0.35391924,1.114754098,0.054263566,0.951048951,-0.025089606,1.046153846,0.022556391,0.900662252,-0.052264808,1.070866142,0.034220532,0.547101449,-0.292740047,0.400530504,-0.428030303,0.629166667,-0.227621483,0.529824561,-0.30733945,1.237704918,0.106227106,1.055944056,0.027210884,1.161538462,0.074733096,1.110294118,0.052264808,1.188976378,0.086330935,0.460144928,-0.369727047,0.336870027,-0.496031746,0.529166667,-0.307901907,0.445614035,-0.383495146,1.040983607,0.020080321,0.888111888,-0.059259259,0.976923077,-0.011673152,0.933823529,-0.034220532,0.841059603,-0.086330935
38,33,21,24,52,57,16,21,10,12,10/24/2024,135.27,0.875,-0.066666667,0.403846154,-0.424657534,0.368421053,-0.461538462,1.3125,0.135135135,1.0,0.0,2.1,0.35483871,1.75,0.272727273,0.552631579,-0.288135593,0.636363636,-0.222222222,1.142857143,0.066666667,0.461538462,-0.368421053,0.421052632,-0.407407407,1.5,0.2,1.142857143,0.066666667,2.4,0.411764706,2.0,0.333333333,0.631578947,-0.225806452,0.727272727,-0.157894737,2.476190476,0.424657534,2.166666667,0.368421053,0.912280702,-0.04587156,3.25,0.529411765,2.476190476,0.424657534,5.2,0.677419355,4.333333333,0.625,1.368421053,0.155555556,1.575757576,0.223529412,2.714285714,0.461538462,2.375,0.407407407,1.096153846,0.04587156,3.5625,0.561643836,2.714285714,0.461538462,5.7,0.701492537,4.75,0.652173913,1.5,0.2,1.727272727,0.266666667,0.761904762,-0.135135135,0.666666667,-0.2,0.307692308,-0.529411765,0.280701754,-0.561643836,0.761904762,-0.135135135,1.6,0.230769231,1.333333333,0.142857143,0.421052632,-0.407407407,0.484848485,-0.346938776,1.0,0.0,0.875,-0.066666667,0.403846154,-0.424657534,0.368421053,-0.461538462,1.3125,0.135135135,2.1,0.35483871,1.75,0.272727273,0.552631579,-0.288135593,0.636363636,-0.222222222,0.476190476,-0.35483871,0.416666667,-0.411764706,0.192307692,-0.677419355,0.175438596,-0.701492537,0.625,-0.230769231,0.476190476,-0.35483871,0.833333333,-0.090909091,0.263157895,-0.583333333,0.303030303,-0.534883721,0.571428571,-0.272727273,0.5,-0.333333333,0.230769231,-0.625,0.210526316,-0.652173913,0.75,-0.142857143,0.571428571,-0.272727273,1.2,0.090909091,0.315789474,-0.52,0.363636364,-0.466666667,1.80952381,0.288135593,1.583333333,0.225806452,0.730769231,-0.155555556,0.666666667,-0.2,2.375,0.407407407,1.80952381,0.288135593,3.8,0.583333333,3.166666667,0.52,1.151515152,0.070422535,1.571428571,0.222222222,1.375,0.157894737,0.634615385,-0.223529412,0.578947368,-0.266666667,2.0625,0.346938776,1.571428571,0.222222222,3.3,0.534883721,2.75,0.466666667,0.868421053,-0.070422535
1113,991,1314,1424,1279,1284,1232,1208,1153,1172,5/22/2024,37.65,0.922752809,-0.04017531,1.027365129,0.013497879,1.023364486,0.011547344,1.066558442,0.032207384,1.087748344,0.042030135,1.139635733,0.065261451,1.12116041,0.057119871,1.180592992,0.082818294,1.325933401,0.140130152,1.083713851,0.04017531,1.11336982,0.053644099,1.109034268,0.051698671,1.155844156,0.072289157,1.178807947,0.082066869,1.235039029,0.10516104,1.215017065,0.097072419,1.279424978,0.122585731,1.436932392,0.179296066,0.973363775,-0.013497879,0.898174157,-0.053644099,0.996105919,-0.001950839,1.038149351,0.018717642,1.058774834,0.028548452,1.109280139,0.051809211,1.091296928,0.043655651,1.149146451,0.069397993,1.29061554,0.126872247,0.97716895,-0.011547344,0.901685393,-0.051698671,1.003909304,0.001950839,1.042207792,0.020667727,1.062913907,0.030497592,1.113616652,0.053754616,1.09556314,0.045602606,1.153638814,0.071339174,1.295660949,0.128791209,0.937595129,-0.032207384,0.865168539,-0.072289157,0.963252541,-0.018717642,0.959501558,-0.020667727,1.01986755,0.009836066,1.068516912,0.03312369,1.051194539,0.024958403,1.106918239,0.050746269,1.243188698,0.108412056,0.919330289,-0.042030135,0.848314607,-0.082066869,0.944487881,-0.028548452,0.940809969,-0.030497592,0.980519481,-0.009836066,1.047701648,0.023295214,1.030716724,0.01512605,1.085354897,0.040930633,1.218970737,0.098681219,0.877473364,-0.065261451,0.809691011,-0.10516104,0.901485536,-0.051809211,0.897975078,-0.053754616,0.935876623,-0.03312369,0.954470199,-0.023295214,0.983788396,-0.008172043,1.035938904,0.017652251,1.163471241,0.075559701,0.891933029,-0.057119871,0.823033708,-0.097072419,0.916340891,-0.043655651,0.912772586,-0.045602606,0.951298701,-0.024958403,0.970198675,-0.01512605,1.016478751,0.008172043,1.053009883,0.025820569,1.182643794,0.083680074,0.847031963,-0.082818294,0.781601124,-0.122585731,0.870211102,-0.069397993,0.86682243,-0.071339174,0.903409091,-0.050746269,0.921357616,-0.040930633,0.965307892,-0.017652251,0.949658703,-0.025820569,1.123107972,0.057984791,0.754185693,-0.140130152,0.695926966,-0.179296066,0.774824081,-0.126872247,0.771806854,-0.128791209,0.804383117,-0.108412056,0.820364238,-0.098681219,0.859496964,-0.075559701,0.84556314,-0.083680074,0.890386343,-0.057984791
11,24,64,35,22,30,22,28,16,5,11/19/2023,163.64,1.828571429,0.292929293,2.909090909,0.488372093,2.133333333,0.361702128,2.909090909,0.488372093,2.285714286,0.391304348,4.0,0.6,12.8,0.855072464,5.818181818,0.706666667,2.666666667,0.454545455,0.546875,-0.292929293,1.590909091,0.228070175,1.166666667,0.076923077,1.590909091,0.228070175,1.25,0.111111111,2.1875,0.37254902,7.0,0.75,3.181818182,0.52173913,1.458333333,0.186440678,0.34375,-0.488372093,0.628571429,-0.228070175,0.733333333,-0.153846154,1.0,0.0,0.785714286,-0.12,1.375,0.157894737,4.4,0.62962963,2.0,0.333333333,0.916666667,-0.043478261,0.46875,-0.361702128,0.857142857,-0.076923077,1.363636364,0.153846154,1.363636364,0.153846154,1.071428571,0.034482759,1.875,0.304347826,6.0,0.714285714,2.727272727,0.463414634,1.25,0.111111111,0.34375,-0.488372093,0.628571429,-0.228070175,1.0,0.0,0.733333333,-0.153846154,0.785714286,-0.12,1.375,0.157894737,4.4,0.62962963,2.0,0.333333333,0.916666667,-0.043478261,0.4375,-0.391304348,0.8,-0.111111111,1.272727273,0.12,0.933333333,-0.034482759,1.272727273,0.12,1.75,0.272727273,5.6,0.696969697,2.545454545,0.435897436,1.166666667,0.076923077,0.25,-0.6,0.457142857,-0.37254902,0.727272727,-0.157894737,0.533333333,-0.304347826,0.727272727,-0.157894737,0.571428571,-0.272727273,3.2,0.523809524,1.454545455,0.185185185,0.666666667,-0.2,0.078125,-0.855072464,0.142857143,-0.75,0.227272727,-0.62962963,0.166666667,-0.714285714,0.227272727,-0.62962963,0.178571429,-0.696969697,0.3125,-0.523809524,0.454545455,-0.375,0.208333333,-0.655172414,0.171875,-0.706666667,0.314285714,-0.52173913,0.5,-0.333333333,0.366666667,-0.463414634,0.5,-0.333333333,0.392857143,-0.435897436,0.6875,-0.185185185,2.2,0.375,0.458333333,-0.371428571,0.375,-0.454545455,0.685714286,-0.186440678,1.090909091,0.043478261,0.8,-0.111111111,1.090909091,0.043478261,0.857142857,-0.076923077,1.5,0.2,4.8,0.655172414,2.181818182,0.371428571
42,38,161,314,269,210,20,28,38,11,2/27/2024,72.86,0.512738854,-0.322105263,0.598513011,-0.251162791,0.766666667,-0.132075472,8.05,0.779005525,5.75,0.703703704,4.236842105,0.618090452,14.63636364,0.872093023,3.833333333,0.586206897,4.236842105,0.618090452,1.950310559,0.322105263,1.167286245,0.077186964,1.495238095,0.198473282,15.7,0.880239521,11.21428571,0.83625731,8.263157895,0.784090909,28.54545455,0.932307692,7.476190476,0.764044944,8.263157895,0.784090909,1.670807453,0.251162791,0.856687898,-0.077186964,1.280952381,0.123173278,13.45,0.861591696,9.607142857,0.811447811,7.078947368,0.752442997,24.45454545,0.921428571,6.404761905,0.729903537,7.078947368,0.752442997,1.304347826,0.132075472,0.668789809,-0.198473282,0.780669145,-0.123173278,10.5,0.826086957,7.5,0.764705882,5.526315789,0.693548387,19.09090909,0.900452489,5.0,0.666666667,5.526315789,0.693548387,0.124223602,-0.779005525,0.063694268,-0.880239521,0.074349442,-0.861591696,0.095238095,-0.826086957,0.714285714,-0.166666667,0.526315789,-0.310344828,1.818181818,0.290322581,0.476190476,-0.35483871,0.526315789,-0.310344828,0.173913043,-0.703703704,0.089171975,-0.83625731,0.104089219,-0.811447811,0.133333333,-0.764705882,1.4,0.166666667,0.736842105,-0.151515152,2.545454545,0.435897436,0.666666667,-0.2,0.736842105,-0.151515152,0.236024845,-0.618090452,0.121019108,-0.784090909,0.141263941,-0.752442997,0.180952381,-0.693548387,1.9,0.310344828,1.357142857,0.151515152,3.454545455,0.551020408,0.904761905,-0.05,1.0,0.0,0.068322981,-0.872093023,0.035031847,-0.932307692,0.040892193,-0.921428571,0.052380952,-0.900452489,0.55,-0.290322581,0.392857143,-0.435897436,0.289473684,-0.551020408,0.261904762,-0.58490566,0.289473684,-0.551020408,0.260869565,-0.586206897,0.133757962,-0.764044944,0.156133829,-0.729903537,0.2,-0.666666667,2.1,0.35483871,1.5,0.2,1.105263158,0.05,3.818181818,0.58490566,1.105263158,0.05,0.236024845,-0.618090452,0.121019108,-0.784090909,0.141263941,-0.752442997,0.180952381,-0.693548387,1.9,0.310344828,1.357142857,0.151515152,1.0,0.0,3.454545455,0.551020408,0.904761905,-0.05
16,19,124,150,82,63,15,34,9,11,11/19/2023,43.64,0.826666667,-0.094890511,1.512195122,0.203883495,1.968253968,0.326203209,8.266666667,0.784172662,3.647058824,0.569620253,13.77777778,0.864661654,11.27272727,0.837037037,7.75,0.771428571,6.526315789,0.734265734,1.209677419,0.094890511,1.829268293,0.293103448,2.380952381,0.408450704,10.0,0.818181818,4.411764706,0.630434783,16.66666667,0.886792453,13.63636364,0.863354037,9.375,0.807228916,7.894736842,0.775147929,0.661290323,-0.203883495,0.546666667,-0.293103448,1.301587302,0.131034483,5.466666667,0.690721649,2.411764706,0.413793103,9.111111111,0.802197802,7.454545455,0.76344086,5.125,0.673469388,4.315789474,0.623762376,0.508064516,-0.326203209,0.42,-0.408450704,0.768292683,-0.131034483,4.2,0.615384615,1.852941176,0.298969072,7.0,0.75,5.727272727,0.702702703,3.9375,0.594936709,3.315789474,0.536585366,0.120967742,-0.784172662,0.1,-0.818181818,0.182926829,-0.690721649,0.238095238,-0.615384615,0.441176471,-0.387755102,1.666666667,0.25,1.363636364,0.153846154,0.9375,-0.032258065,0.789473684,-0.117647059,0.274193548,-0.569620253,0.226666667,-0.630434783,0.414634146,-0.413793103,0.53968254,-0.298969072,2.266666667,0.387755102,3.777777778,0.581395349,3.090909091,0.511111111,2.125,0.36,1.789473684,0.283018868,0.072580645,-0.864661654,0.06,-0.886792453,0.109756098,-0.802197802,0.142857143,-0.75,0.6,-0.25,0.264705882,-0.581395349,0.818181818,-0.1,0.5625,-0.28,0.473684211,-0.357142857,0.088709677,-0.837037037,0.073333333,-0.863354037,0.134146341,-0.76344086,0.174603175,-0.702702703,0.733333333,-0.153846154,0.323529412,-0.511111111,1.222222222,0.1,0.6875,-0.185185185,0.578947368,-0.266666667,0.129032258,-0.771428571,0.106666667,-0.807228916,0.195121951,-0.673469388,0.253968254,-0.594936709,1.066666667,0.032258065,0.470588235,-0.36,1.777777778,0.28,1.454545455,0.185185185,0.842105263,-0.085714286,0.153225806,-0.734265734,0.126666667,-0.775147929,0.231707317,-0.623762376,0.301587302,-0.536585366,1.266666667,0.117647059,0.558823529,-0.283018868,2.111111111,0.357142857,1.727272727,0.266666667,1.1875,0.085714286
258,207,703,981,634,515,275,276,273,240,3/28/2025,19.36,0.716615698,-0.165083135,1.108832808,0.051608078,1.365048544,0.154351396,2.556363636,0.437627812,2.547101449,0.436159346,2.575091575,0.44057377,2.929166667,0.490986214,2.724806202,0.463059313,3.396135266,0.545054945,1.39544808,0.165083135,1.547318612,0.214860681,1.904854369,0.311497326,3.567272727,0.562101911,3.554347826,0.560859189,3.593406593,0.564593301,4.0875,0.606879607,3.802325581,0.583535109,4.739130435,0.651515152,0.901849218,-0.051608078,0.646279307,-0.214860681,1.231067961,0.10356832,2.305454545,0.394939494,2.297101449,0.393406593,2.322344322,0.398015436,2.641666667,0.450800915,2.457364341,0.421524664,3.062801932,0.507728894,0.73257468,-0.154351396,0.524974516,-0.311497326,0.812302839,-0.10356832,1.872727273,0.303797468,1.865942029,0.302149178,1.886446886,0.307106599,2.145833333,0.364238411,1.996124031,0.332470893,2.487922705,0.426592798,0.391180654,-0.437627812,0.280326198,-0.562101911,0.433753943,-0.394939494,0.533980583,-0.303797468,0.996376812,-0.001814882,1.007326007,0.003649635,1.145833333,0.067961165,1.065891473,0.031894934,1.328502415,0.141078838,0.392603129,-0.436159346,0.281345566,-0.560859189,0.43533123,-0.393406593,0.53592233,-0.302149178,1.003636364,0.001814882,1.010989011,0.005464481,1.15,0.069767442,1.069767442,0.033707865,1.333333333,0.142857143,0.388335704,-0.44057377,0.278287462,-0.564593301,0.430599369,-0.398015436,0.530097087,-0.307106599,0.992727273,-0.003649635,0.989130435,-0.005464481,1.1375,0.064327485,1.058139535,0.028248588,1.31884058,0.1375,0.341394026,-0.490986214,0.244648318,-0.606879607,0.378548896,-0.450800915,0.466019417,-0.364238411,0.872727273,-0.067961165,0.869565217,-0.069767442,0.879120879,-0.064327485,0.930232558,-0.036144578,1.15942029,0.073825503,0.366998578,-0.463059313,0.262996942,-0.583535109,0.406940063,-0.421524664,0.500970874,-0.332470893,0.938181818,-0.031894934,0.934782609,-0.033707865,0.945054945,-0.028248588,1.075,0.036144578,1.246376812,0.109677419,0.294452347,-0.545054945,0.211009174,-0.651515152,0.326498423,-0.507728894,0.401941748,-0.426592798,0.752727273,-0.141078838,0.75,-0.142857143,0.758241758,-0.1375,0.8625,-0.073825503,0.802325581,-0.109677419
122,91,180,319,178,264,66,150,59,101,2/21/2026,26.55,0.564263323,-0.278557114,1.011235955,0.005586592,0.681818182,-0.189189189,2.727272727,0.463414634,1.2,0.090909091,3.050847458,0.506276151,1.782178218,0.28113879,1.475409836,0.19205298,1.978021978,0.328413284,1.772222222,0.278557114,1.792134831,0.283702213,1.208333333,0.094339623,4.833333333,0.657142857,2.126666667,0.360341151,5.406779661,0.687830688,3.158415842,0.519047619,2.614754098,0.446712018,3.505494505,0.556097561,0.988888889,-0.005586592,0.55799373,-0.283702213,0.674242424,-0.194570136,2.696969697,0.459016393,1.186666667,0.085365854,3.016949153,0.502109705,1.762376238,0.275985663,1.459016393,0.186666667,1.956043956,0.323420074,1.466666667,0.189189189,0.827586207,-0.094339623,1.483146067,0.194570136,4.0,0.6,1.76,0.275362319,4.474576271,0.634674923,2.613861386,0.446575342,2.163934426,0.367875648,2.901098901,0.487323944,0.366666667,-0.463414634,0.206896552,-0.657142857,0.370786517,-0.459016393,0.25,-0.6,0.44,-0.388888889,1.118644068,0.056,0.653465347,-0.209580838,0.540983607,-0.29787234,0.725274725,-0.159235669,0.833333333,-0.090909091,0.470219436,-0.360341151,0.842696629,-0.085365854,0.568181818,-0.275362319,2.272727273,0.388888889,2.542372881,0.435406699,1.485148515,0.195219124,1.229508197,0.102941176,1.648351648,0.244813278,0.327777778,-0.506276151,0.184952978,-0.687830688,0.331460674,-0.502109705,0.223484848,-0.634674923,0.893939394,-0.056,0.393333333,-0.435406699,0.584158416,-0.2625,0.483606557,-0.348066298,0.648351648,-0.213333333,0.561111111,-0.28113879,0.31661442,-0.519047619,0.56741573,-0.275985663,0.382575758,-0.446575342,1.53030303,0.209580838,0.673333333,-0.195219124,1.711864407,0.2625,0.827868852,-0.094170404,1.10989011,0.052083333,0.677777778,-0.19205298,0.382445141,-0.446712018,0.685393258,-0.186666667,0.462121212,-0.367875648,1.848484848,0.29787234,0.813333333,-0.102941176,2.06779661,0.348066298,1.207920792,0.094170404,1.340659341,0.145539906,0.505555556,-0.328413284,0.285266458,-0.556097561,0.511235955,-0.323420074,0.34469697,-0.487323944,1.378787879,0.159235669,0.606666667,-0.244813278,1.542372881,0.213333333,0.900990099,-0.052083333,0.745901639,-0.145539906
600,542,985,1106,698,695,632,609,588,613,5/7/2024,10.65,0.890596745,-0.057867049,1.411174785,0.170528818,1.417266187,0.172619048,1.558544304,0.218305504,1.617405583,0.235884567,1.675170068,0.25238398,1.60685155,0.232790989,1.641666667,0.242902208,1.817343173,0.290111329,1.12284264,0.057867049,1.584527221,0.22616408,1.591366906,0.228206552,1.75,0.272727273,1.816091954,0.289795918,1.880952381,0.305785124,1.804241436,0.286794648,1.843333333,0.296600234,2.040590406,0.34223301,0.708629442,-0.170528818,0.631103074,-0.22616408,1.004316547,0.002153625,1.10443038,0.04962406,1.146141215,0.068094874,1.18707483,0.085536547,1.138662316,0.064836003,1.163333333,0.07550077,1.287822878,0.125806452,0.705583756,-0.172619048,0.628390597,-0.228206552,0.995702006,-0.002153625,1.099683544,0.047475509,1.141215107,0.06595092,1.181972789,0.083398285,1.133768352,0.062691131,1.158333333,0.073359073,1.282287823,0.123686338,0.641624365,-0.218305504,0.571428571,-0.272727273,0.905444126,-0.04962406,0.909352518,-0.047475509,1.037766831,0.018533441,1.074829932,0.036065574,1.030995106,0.015261044,1.053333333,0.025974026,1.166051661,0.076660988,0.618274112,-0.235884567,0.550632911,-0.289795918,0.872492837,-0.068094874,0.876258993,-0.06595092,0.963607595,-0.018533441,1.035714286,0.01754386,0.993474715,-0.003273322,1.015,0.007444169,1.123616236,0.058210252,0.596954315,-0.25238398,0.53164557,-0.305785124,0.842406877,-0.085536547,0.846043165,-0.083398285,0.930379747,-0.036065574,0.965517241,-0.01754386,0.959216966,-0.020815987,0.98,-0.01010101,1.084870849,0.040707965,0.622335025,-0.232790989,0.554249548,-0.286794648,0.878223496,-0.064836003,0.882014388,-0.062691131,0.969936709,-0.015261044,1.006568144,0.003273322,1.042517007,0.020815987,1.021666667,0.01071723,1.13099631,0.061471861,0.609137056,-0.242902208,0.542495479,-0.296600234,0.859598854,-0.07550077,0.863309353,-0.073359073,0.949367089,-0.025974026,0.985221675,-0.007444169,1.020408163,0.01010101,0.978792822,-0.01071723,1.10701107,0.050788091,0.550253807,-0.290111329,0.49005425,-0.34223301,0.776504298,-0.125806452,0.779856115,-0.123686338,0.857594937,-0.076660988,0.88998358,-0.058210252,0.921768707,-0.040707965,0.884176183,-0.061471861,0.903333333,-0.050788091
18,20,182,188,103,84,33,50,20,18,11/19/2023,43.64,0.968085106,-0.016216216,1.766990291,0.277192982,2.166666667,0.368421053,5.515151515,0.693023256,3.64,0.568965517,9.1,0.801980198,10.11111111,0.82,10.11111111,0.82,9.1,0.801980198,1.032967033,0.016216216,1.825242718,0.29209622,2.238095238,0.382352941,5.696969697,0.701357466,3.76,0.579831933,9.4,0.807692308,10.44444444,0.825242718,10.44444444,0.825242718,9.4,0.807692308,0.565934066,-0.277192982,0.54787234,-0.29209622,1.226190476,0.101604278,3.121212121,0.514705882,2.06,0.346405229,5.15,0.674796748,5.722222222,0.702479339,5.722222222,0.702479339,5.15,0.674796748,0.461538462,-0.368421053,0.446808511,-0.382352941,0.815533981,-0.101604278,2.545454545,0.435897436,1.68,0.253731343,4.2,0.615384615,4.666666667,0.647058824,4.666666667,0.647058824,4.2,0.615384615,0.181318681,-0.693023256,0.175531915,-0.701357466,0.32038835,-0.514705882,0.392857143,-0.435897436,0.66,-0.204819277,1.65,0.245283019,1.833333333,0.294117647,1.833333333,0.294117647,1.65,0.245283019,0.274725275,-0.568965517,0.265957447,-0.579831933,0.485436893,-0.346405229,0.595238095,-0.253731343,1.515151515,0.204819277,2.5,0.428571429,2.777777778,0.470588235,2.777777778,0.470588235,2.5,0.428571429,0.10989011,-0.801980198,0.106382979,-0.807692308,0.194174757,-0.674796748,0.238095238,-0.615384615,0.606060606,-0.245283019,0.4,-0.428571429,1.111111111,0.052631579,1.111111111,0.052631579,1.0,0.0,0.098901099,-0.82,0.095744681,-0.825242718,0.174757282,-0.702479339,0.214285714,-0.647058824,0.545454545,-0.294117647,0.36,-0.470588235,0.9,-0.052631579,1.0,0.0,0.9,-0.052631579,0.098901099,-0.82,0.095744681,-0.825242718,0.174757282,-0.702479339,0.214285714,-0.647058824,0.545454545,-0.294117647,0.36,-0.470588235,0.9,-0.052631579,1.0,0.0,0.9,-0.052631579,0.10989011,-0.801980198,0.106382979,-0.807692308,0.194174757,-0.674796748,0.238095238,-0.615384615,0.606060606,-0.245283019,0.4,-0.428571429,1.0,0.0,1.111111111,0.052631579,1.111111111,0.052631579
494,452,781,1011,737,688,493,494,476,479,4/17/2024,39.33,0.772502473,-0.128348214,1.059701493,0.028985507,1.135174419,0.063308373,1.584178499,0.226059655,1.58097166,0.225098039,1.640756303,0.242641209,1.630480167,0.23968254,1.58097166,0.225098039,1.727876106,0.266828873,1.294494238,0.128348214,1.371777476,0.156750572,1.469476744,0.19011183,2.050709939,0.344414894,2.046558704,0.343521595,2.12394958,0.359784802,2.110647182,0.35704698,2.046558704,0.343521595,2.236725664,0.382091593,0.943661972,-0.028985507,0.728981207,-0.156750572,1.07122093,0.034385965,1.494929006,0.198373984,1.491902834,0.197400487,1.548319328,0.215169002,1.538622129,0.212171053,1.491902834,0.197400487,1.630530973,0.239697225,0.880921895,-0.063308373,0.680514342,-0.19011183,0.933514247,-0.034385965,1.395537525,0.16511431,1.392712551,0.164128596,1.445378151,0.182130584,1.436325678,0.179091688,1.392712551,0.164128596,1.522123894,0.207017544,0.631241997,-0.226059655,0.487636004,-0.344414894,0.668928087,-0.198373984,0.716569767,-0.16511431,0.997975709,-0.001013171,1.035714286,0.01754386,1.029227557,0.014403292,0.997975709,-0.001013171,1.090707965,0.043386243,0.632522407,-0.225098039,0.488625124,-0.343521595,0.670284939,-0.197400487,0.718023256,-0.164128596,1.002028398,0.001013171,1.037815126,0.018556701,1.03131524,0.015416238,1.0,0.0,1.092920354,0.044397463,0.609475032,-0.242641209,0.470820969,-0.359784802,0.645861601,-0.215169002,0.691860465,-0.182130584,0.965517241,-0.01754386,0.963562753,-0.018556701,0.993736952,-0.003141361,0.963562753,-0.018556701,1.053097345,0.025862069,0.613316261,-0.23968254,0.473788328,-0.35704698,0.649932157,-0.212171053,0.69622093,-0.179091688,0.971602434,-0.014403292,0.969635628,-0.015416238,1.006302521,0.003141361,0.969635628,-0.015416238,1.059734513,0.029001074,0.632522407,-0.225098039,0.488625124,-0.343521595,0.670284939,-0.197400487,0.718023256,-0.164128596,1.002028398,0.001013171,1.0,0.0,1.037815126,0.018556701,1.03131524,0.015416238,1.092920354,0.044397463,0.578745198,-0.266828873,0.447082097,-0.382091593,0.613297151,-0.239697225,0.656976744,-0.207017544,0.9168357,-0.043386243,0.914979757,-0.044397463,0.949579832,-0.025862069,0.943632568,-0.029001074,0.914979757,-0.044397463
285,213,1136,1202,690,557,327,311,377,261,4/7/2025,18.91,0.945091514,-0.028229256,1.646376812,0.244249726,2.039497307,0.341996456,3.474006116,0.552973342,3.652733119,0.570145128,3.013262599,0.501652346,4.352490421,0.626342162,3.985964912,0.598874032,5.333333333,0.684210526,1.058098592,0.028229256,1.742028986,0.270613108,2.157989228,0.366685617,3.675840979,0.572269457,3.864951768,0.588896233,3.188328912,0.522482584,4.605363985,0.643198906,4.21754386,0.616677875,5.643192488,0.698939929,0.607394366,-0.244249726,0.574043261,-0.270613108,1.238779174,0.106655974,2.110091743,0.356932153,2.218649518,0.378621379,1.830238727,0.293345829,2.643678161,0.451104101,2.421052632,0.415384615,3.23943662,0.528239203,0.490316901,-0.341996456,0.463394343,-0.366685617,0.807246377,-0.106655974,1.703363914,0.260180995,1.790996785,0.283410138,1.477453581,0.192719486,2.134099617,0.361858191,1.954385965,0.32304038,2.615023474,0.446753247,0.287852113,-0.552973342,0.272046589,-0.572269457,0.473913043,-0.356932153,0.587073609,-0.260180995,1.051446945,0.02507837,0.867374005,-0.071022727,1.252873563,0.112244898,1.147368421,0.068627451,1.535211268,0.211111111,0.273767606,-0.570145128,0.258735441,-0.588896233,0.450724638,-0.378621379,0.558348294,-0.283410138,0.951070336,-0.02507837,0.824933687,-0.095930233,1.191570881,0.087412587,1.09122807,0.043624161,1.460093897,0.187022901,0.331866197,-0.501652346,0.313643927,-0.522482584,0.546376812,-0.293345829,0.676840215,-0.192719486,1.152905199,0.071022727,1.21221865,0.095930233,1.444444444,0.181818182,1.322807018,0.13897281,1.769953052,0.277966102,0.229753521,-0.626342162,0.217138103,-0.643198906,0.37826087,-0.451104101,0.468581688,-0.361858191,0.798165138,-0.112244898,0.839228296,-0.087412587,0.692307692,-0.181818182,0.915789474,-0.043956044,1.225352113,0.101265823,0.250880282,-0.598874032,0.237104825,-0.616677875,0.413043478,-0.415384615,0.511669659,-0.32304038,0.871559633,-0.068627451,0.916398714,-0.043624161,0.75596817,-0.13897281,1.091954023,0.043956044,1.338028169,0.144578313,0.1875,-0.684210526,0.177204659,-0.698939929,0.308695652,-0.528239203,0.382405745,-0.446753247,0.651376147,-0.211111111,0.68488746,-0.187022901,0.564986737,-0.277966102,0.816091954,-0.101265823,0.747368421,-0.144578313
30,26,661,932,411,297,12,25,8,3,2/6/2026,17.71,0.709227468,-0.170119272,1.608272506,0.233208955,2.225589226,0.379958246,55.08333333,0.964338782,26.44,0.927113703,82.625,0.976083707,220.3333333,0.990963855,22.03333333,0.91316932,25.42307692,0.924308588,1.409984871,0.170119272,2.267639903,0.387937453,3.138047138,0.516680228,77.66666667,0.974576271,37.28,0.947753396,116.5,0.982978723,310.6666667,0.993582888,31.06666667,0.937629938,35.84615385,0.945720251,0.621785174,-0.233208955,0.440987124,-0.387937453,1.383838384,0.161016949,34.25,0.943262411,16.44,0.885321101,51.375,0.961813842,137.0,0.985507246,13.7,0.863945578,15.80769231,0.881006865,0.449319213,-0.379958246,0.318669528,-0.516680228,0.722627737,-0.161016949,24.75,0.922330097,11.88,0.844720497,37.125,0.947540984,99.0,0.98,9.9,0.816513761,11.42307692,0.839009288,0.018154312,-0.964338782,0.012875536,-0.974576271,0.02919708,-0.943262411,0.04040404,-0.922330097,0.48,-0.351351351,1.5,0.2,4.0,0.6,0.4,-0.428571429,0.461538462,-0.368421053,0.037821483,-0.927113703,0.026824034,-0.947753396,0.060827251,-0.885321101,0.084175084,-0.844720497,2.083333333,0.351351351,3.125,0.515151515,8.333333333,0.785714286,0.833333333,-0.090909091,0.961538462,-0.019607843,0.012102874,-0.976083707,0.008583691,-0.982978723,0.01946472,-0.961813842,0.026936027,-0.947540984,0.666666667,-0.2,0.32,-0.515151515,2.666666667,0.454545455,0.266666667,-0.578947368,0.307692308,-0.529411765,0.004538578,-0.990963855,0.003218884,-0.993582888,0.00729927,-0.985507246,0.01010101,-0.98,0.25,-0.6,0.12,-0.785714286,0.375,-0.454545455,0.1,-0.818181818,0.115384615,-0.793103448,0.045385779,-0.91316932,0.032188841,-0.937629938,0.072992701,-0.863945578,0.101010101,-0.816513761,2.5,0.428571429,1.2,0.090909091,3.75,0.578947368,10.0,0.818181818,1.153846154,0.071428571,0.039334342,-0.924308588,0.027896996,-0.945720251,0.063260341,-0.881006865,0.087542088,-0.839009288,2.166666667,0.368421053,1.04,0.019607843,3.25,0.529411765,8.666666667,0.793103448,0.866666667,-0.071428571
42,18,137,97,92,84,48,21,35,30,11/18/2025,151.74,1.412371134,0.170940171,1.489130435,0.19650655,1.630952381,0.239819005,2.854166667,0.481081081,6.523809524,0.734177215,3.914285714,0.593023256,4.566666667,0.640718563,3.261904762,0.530726257,7.611111111,0.767741935,0.708029197,-0.170940171,1.054347826,0.026455026,1.154761905,0.071823204,2.020833333,0.337931034,4.619047619,0.644067797,2.771428571,0.46969697,3.233333333,0.527559055,2.30952381,0.395683453,5.388888889,0.686956522,0.671532847,-0.19650655,0.948453608,-0.026455026,1.095238095,0.045454545,1.916666667,0.314285714,4.380952381,0.628318584,2.628571429,0.448818898,3.066666667,0.508196721,2.19047619,0.373134328,5.111111111,0.672727273,0.613138686,-0.239819005,0.865979381,-0.071823204,0.913043478,-0.045454545,1.75,0.272727273,4.0,0.6,2.4,0.411764706,2.8,0.473684211,2.0,0.333333333,4.666666667,0.647058824,0.350364964,-0.481081081,0.494845361,-0.337931034,0.52173913,-0.314285714,0.571428571,-0.272727273,2.285714286,0.391304348,1.371428571,0.156626506,1.6,0.230769231,1.142857143,0.066666667,2.666666667,0.454545455,0.153284672,-0.734177215,0.216494845,-0.644067797,0.22826087,-0.628318584,0.25,-0.6,0.4375,-0.391304348,0.6,-0.25,0.7,-0.176470588,0.5,-0.333333333,1.166666667,0.076923077,0.255474453,-0.593023256,0.360824742,-0.46969697,0.380434783,-0.448818898,0.416666667,-0.411764706,0.729166667,-0.156626506,1.666666667,0.25,1.166666667,0.076923077,0.833333333,-0.090909091,1.944444444,0.320754717,0.218978102,-0.640718563,0.309278351,-0.527559055,0.326086957,-0.508196721,0.357142857,-0.473684211,0.625,-0.230769231,1.428571429,0.176470588,0.857142857,-0.076923077,0.714285714,-0.166666667,1.666666667,0.25,0.306569343,-0.530726257,0.432989691,-0.395683453,0.456521739,-0.373134328,0.5,-0.333333333,0.875,-0.066666667,2.0,0.333333333,1.2,0.090909091,1.4,0.166666667,2.333333333,0.4,0.131386861,-0.767741935,0.18556701,-0.686956522,0.195652174,-0.672727273,0.214285714,-0.647058824,0.375,-0.454545455,0.857142857,-0.076923077,0.514285714,-0.320754717,0.6,-0.25,0.428571429,-0.4
2917,2501,3924,3557,3240,3502,3297,3195,3459,3141,8/10/2024,47.34,1.103176834,0.049057613,1.211111111,0.095477387,1.12050257,0.056827363,1.190172884,0.086830079,1.228169014,0.102402023,1.134431917,0.062982527,1.249283668,0.110828025,1.345217689,0.147200702,1.568972411,0.221478599,0.906472987,-0.049057613,1.097839506,0.046638223,1.015705311,0.007791472,1.078859569,0.037934053,1.113302034,0.053613744,1.028331888,0.013968073,1.132441897,0.062108092,1.219403497,0.098856966,1.422231108,0.174314955,0.825688073,-0.095477387,0.910879955,-0.046638223,0.925185608,-0.038860872,0.982711556,-0.008719596,1.014084507,0.006993007,0.936686904,-0.032691446,1.031518625,0.01551481,1.110730202,0.052460614,1.295481807,0.128723219,0.892456677,-0.056827363,0.984537532,-0.007791472,1.080864198,0.038860872,1.062177737,0.030151493,1.096087637,0.045841422,1.012431339,0.006177273,1.11493155,0.054342917,1.200548509,0.091135691,1.400239904,0.166749958,0.840214067,-0.086830079,0.926904695,-0.037934053,1.017592593,0.008719596,0.941462022,-0.030151493,1.031924883,0.015711645,0.953165655,-0.023978686,1.049665712,0.024231128,1.130270826,0.061152237,1.318272691,0.13728872,0.814220183,-0.102402023,0.898228845,-0.053613744,0.986111111,-0.006993007,0.912335808,-0.045841422,0.969062784,-0.015711645,0.923677363,-0.039675383,1.017191977,0.008522727,1.095303394,0.045484293,1.277489004,0.121839888,0.881498471,-0.062982527,0.972448693,-0.013968073,1.067592593,0.032691446,0.987721302,-0.006177273,1.049135578,0.023978686,1.082629108,0.039675383,1.101241643,0.048181818,1.185807336,0.085006274,1.383046781,0.160738255,0.800458716,-0.110828025,0.883047512,-0.062108092,0.969444444,-0.01551481,0.896916048,-0.054342917,0.952684258,-0.024231128,0.983098592,-0.008522727,0.908065915,-0.048181818,1.076791224,0.0369759,1.255897641,0.113434952,0.743374108,-0.147200702,0.820073095,-0.098856966,0.900308642,-0.052460614,0.832952599,-0.091135691,0.884743706,-0.061152237,0.912989045,-0.045484293,0.843307314,-0.085006274,0.928685132,-0.0369759,1.166333467,0.0767811,0.637359837,-0.221478599,0.703120607,-0.174314955,0.77191358,-0.128723219,0.714163335,-0.166749958,0.758568396,-0.13728872,0.782785603,-0.121839888,0.723041341,-0.160738255,0.796243235,-0.113434952,0.857387727,-0.0767811
81,73,186,145,122,152,128,148,100,122,8/25/2024,69.53,1.282758621,0.123867069,1.524590164,0.207792208,1.223684211,0.100591716,1.453125,0.184713376,1.256756757,0.113772455,1.86,0.300699301,1.524590164,0.207792208,2.296296296,0.393258427,2.547945205,0.436293436,0.779569892,-0.123867069,1.18852459,0.086142322,0.953947368,-0.023569024,1.1328125,0.062271062,0.97972973,-0.010238908,1.45,0.183673469,1.18852459,0.086142322,1.790123457,0.283185841,1.98630137,0.330275229,0.655913978,-0.207792208,0.84137931,-0.086142322,0.802631579,-0.109489051,0.953125,-0.024,0.824324324,-0.096296296,1.22,0.099099099,1.0,0.0,1.50617284,0.201970443,1.671232877,0.251282051,0.817204301,-0.100591716,1.048275862,0.023569024,1.245901639,0.109489051,1.1875,0.085714286,1.027027027,0.013333333,1.52,0.206349206,1.245901639,0.109489051,1.87654321,0.30472103,2.082191781,0.351111111,0.688172043,-0.184713376,0.882758621,-0.062271062,1.049180328,0.024,0.842105263,-0.085714286,0.864864865,-0.072463768,1.28,0.122807018,1.049180328,0.024,1.580246914,0.224880383,1.753424658,0.273631841,0.795698925,-0.113772455,1.020689655,0.010238908,1.213114754,0.096296296,0.973684211,-0.013333333,1.15625,0.072463768,1.48,0.193548387,1.213114754,0.096296296,1.827160494,0.292576419,2.02739726,0.339366516,0.537634409,-0.300699301,0.689655172,-0.183673469,0.819672131,-0.099099099,0.657894737,-0.206349206,0.78125,-0.122807018,0.675675676,-0.193548387,0.819672131,-0.099099099,1.234567901,0.104972376,1.369863014,0.156069364,0.655913978,-0.207792208,0.84137931,-0.086142322,1.0,0.0,0.802631579,-0.109489051,0.953125,-0.024,0.824324324,-0.096296296,1.22,0.099099099,1.50617284,0.201970443,1.671232877,0.251282051,0.435483871,-0.393258427,0.55862069,-0.283185841,0.663934426,-0.201970443,0.532894737,-0.30472103,0.6328125,-0.224880383,0.547297297,-0.292576419,0.81,-0.104972376,0.663934426,-0.201970443,1.109589041,0.051948052,0.392473118,-0.436293436,0.503448276,-0.330275229,0.598360656,-0.251282051,0.480263158,-0.351111111,0.5703125,-0.273631841,0.493243243,-0.339366516,0.73,-0.156069364,0.598360656,-0.251282051,0.901234568,-0.051948052
30,20,47,62,76,89,29,54,26,10,2/22/2024,190.17,0.758064516,-0.137614679,0.618421053,-0.235772358,0.528089888,-0.308823529,1.620689655,0.236842105,0.87037037,-0.069306931,1.807692308,0.287671233,4.7,0.649122807,1.566666667,0.220779221,2.35,0.402985075,1.319148936,0.137614679,0.815789474,-0.101449275,0.696629213,-0.178807947,2.137931034,0.362637363,1.148148148,0.068965517,2.384615385,0.409090909,6.2,0.722222222,2.066666667,0.347826087,3.1,0.512195122,1.617021277,0.235772358,1.225806452,0.101449275,0.853932584,-0.078787879,2.620689655,0.447619048,1.407407407,0.169230769,2.923076923,0.490196078,7.6,0.76744186,2.533333333,0.433962264,3.8,0.583333333,1.893617021,0.308823529,1.435483871,0.178807947,1.171052632,0.078787879,3.068965517,0.508474576,1.648148148,0.244755245,3.423076923,0.547826087,8.9,0.797979798,2.966666667,0.495798319,4.45,0.633027523,0.617021277,-0.236842105,0.467741935,-0.362637363,0.381578947,-0.447619048,0.325842697,-0.508474576,0.537037037,-0.301204819,1.115384615,0.054545455,2.9,0.487179487,0.966666667,-0.016949153,1.45,0.183673469,1.14893617,0.069306931,0.870967742,-0.068965517,0.710526316,-0.169230769,0.606741573,-0.244755245,1.862068966,0.301204819,2.076923077,0.35,5.4,0.6875,1.8,0.285714286,2.7,0.459459459,0.553191489,-0.287671233,0.419354839,-0.409090909,0.342105263,-0.490196078,0.292134831,-0.547826087,0.896551724,-0.054545455,0.481481481,-0.35,2.6,0.444444444,0.866666667,-0.071428571,1.3,0.130434783,0.212765957,-0.649122807,0.161290323,-0.722222222,0.131578947,-0.76744186,0.112359551,-0.797979798,0.344827586,-0.487179487,0.185185185,-0.6875,0.384615385,-0.444444444,0.333333333,-0.5,0.5,-0.333333333,0.638297872,-0.220779221,0.483870968,-0.347826087,0.394736842,-0.433962264,0.337078652,-0.495798319,1.034482759,0.016949153,0.555555556,-0.285714286,1.153846154,0.071428571,3.0,0.5,1.5,0.2,0.425531915,-0.402985075,0.322580645,-0.512195122,0.263157895,-0.583333333,0.224719101,-0.633027523,0.689655172,-0.183673469,0.37037037,-0.459459459,0.769230769,-0.130434783,2.0,0.333333333,0.666666667,-0.2
326,255,369,366,354,410,345,334,315,317,7/28/2025,101.53,1.008196721,0.004081633,1.042372881,0.020746888,0.9,-0.052631579,1.069565217,0.033613445,1.104790419,0.049786629,1.171428571,0.078947368,1.164037855,0.075801749,1.13190184,0.061870504,1.447058824,0.182692308,0.991869919,-0.004081633,1.033898305,0.016666667,0.892682927,-0.056701031,1.060869565,0.029535865,1.095808383,0.045714286,1.161904762,0.074889868,1.154574132,0.071742313,1.122699387,0.057803468,1.435294118,0.178743961,0.959349593,-0.020746888,0.967213115,-0.016666667,0.863414634,-0.073298429,1.026086957,0.012875536,1.05988024,0.029069767,1.123809524,0.058295964,1.116719243,0.05514158,1.085889571,0.041176471,1.388235294,0.162561576,1.111111111,0.052631579,1.120218579,0.056701031,1.15819209,0.073298429,1.188405797,0.086092715,1.22754491,0.102150538,1.301587302,0.131034483,1.293375394,0.127922971,1.257668712,0.114130435,1.607843137,0.233082707,0.93495935,-0.033613445,0.942622951,-0.029535865,0.974576271,-0.012875536,0.841463415,-0.086092715,1.032934132,0.016200295,1.095238095,0.045454545,1.088328076,0.042296073,1.058282209,0.028315946,1.352941176,0.15,0.905149051,-0.049786629,0.912568306,-0.045714286,0.943502825,-0.029069767,0.814634146,-0.102150538,0.968115942,-0.016200295,1.06031746,0.029275809,1.05362776,0.026113671,1.024539877,0.012121212,1.309803922,0.134125637,0.853658537,-0.078947368,0.860655738,-0.074889868,0.889830508,-0.058295964,0.768292683,-0.131034483,0.913043478,-0.045454545,0.943113772,-0.029275809,0.993690852,-0.003164557,0.966257669,-0.017160686,1.235294118,0.105263158,0.859078591,-0.075801749,0.866120219,-0.071742313,0.895480226,-0.05514158,0.773170732,-0.127922971,0.91884058,-0.042296073,0.949101796,-0.026113671,1.006349206,0.003164557,0.972392638,-0.01399689,1.243137255,0.108391608,0.883468835,-0.061870504,0.890710383,-0.057803468,0.920903955,-0.041176471,0.795121951,-0.114130435,0.944927536,-0.028315946,0.976047904,-0.012121212,1.034920635,0.017160686,1.028391167,0.01399689,1.278431373,0.122203098,0.691056911,-0.182692308,0.696721311,-0.178743961,0.720338983,-0.162561576,0.62195122,-0.233082707,0.739130435,-0.15,0.763473054,-0.134125637,0.80952381,-0.105263158,0.804416404,-0.108391608,0.782208589,-0.122203098
333,303,767,888,707,377,307,436,352,334,5/27/2024,0.61,0.863738739,-0.073111782,1.084865629,0.040705563,2.034482759,0.340909091,2.498371336,0.4283054,1.759174312,0.27514547,2.178977273,0.370866845,2.296407186,0.393278837,2.303303303,0.394545455,2.531353135,0.43364486,1.157757497,0.073111782,1.256011315,0.113479624,2.355437666,0.403952569,2.892508143,0.486192469,2.036697248,0.341389728,2.522727273,0.432258065,2.658682635,0.453355155,2.666666667,0.454545455,2.930693069,0.491183879,0.921773142,-0.040705563,0.796171171,-0.113479624,1.875331565,0.304428044,2.302931596,0.394477318,1.621559633,0.237095363,2.008522727,0.335221907,2.116766467,0.358309318,2.123123123,0.359615385,2.333333333,0.4,0.491525424,-0.340909091,0.42454955,-0.403952569,0.533239038,-0.304428044,1.228013029,0.102339181,0.864678899,-0.072570726,1.071022727,0.034293553,1.128742515,0.0604782,1.132132132,0.061971831,1.244224422,0.108823529,0.400260756,-0.4283054,0.345720721,-0.486192469,0.434229137,-0.394477318,0.814323607,-0.102339181,0.70412844,-0.173620458,0.872159091,-0.068285281,0.919161677,-0.042121685,0.921921922,-0.040625,1.01320132,0.006557377,0.568448501,-0.27514547,0.490990991,-0.341389728,0.61669024,-0.237095363,1.156498674,0.072570726,1.42019544,0.173620458,1.238636364,0.106598985,1.305389222,0.132467532,1.309309309,0.133940182,1.438943894,0.179972936,0.4589309,-0.370866845,0.396396396,-0.432258065,0.497878359,-0.335221907,0.933687003,-0.034293553,1.146579805,0.068285281,0.80733945,-0.106598985,1.053892216,0.026239067,1.057057057,0.027737226,1.161716172,0.07480916,0.435462842,-0.393278837,0.376126126,-0.453355155,0.47241867,-0.358309318,0.885941645,-0.0604782,1.087947883,0.042121685,0.766055046,-0.132467532,0.948863636,-0.026239067,1.003003003,0.00149925,1.102310231,0.04866562,0.434159061,-0.394545455,0.375,-0.454545455,0.471004243,-0.359615385,0.883289125,-0.061971831,1.084690554,0.040625,0.763761468,-0.133940182,0.946022727,-0.027737226,0.997005988,-0.00149925,1.099009901,0.047169811,0.395045632,-0.43364486,0.341216216,-0.491183879,0.428571429,-0.4,0.803713528,-0.108823529,0.986970684,-0.006557377,0.694954128,-0.179972936,0.860795455,-0.07480916,0.907185629,-0.04866562,0.90990991,-0.047169811
43,38,201,149,138,148,104,99,77,82,10/9/2025,100.73,1.348993289,0.148571429,1.456521739,0.185840708,1.358108108,0.151862464,1.932692308,0.318032787,2.03030303,0.34,2.61038961,0.446043165,2.451219512,0.4204947,4.674418605,0.647540984,5.289473684,0.682008368,0.741293532,-0.148571429,1.079710145,0.038327526,1.006756757,0.003367003,1.432692308,0.177865613,1.505050505,0.201612903,1.935064935,0.318584071,1.817073171,0.29004329,3.465116279,0.552083333,3.921052632,0.593582888,0.686567164,-0.185840708,0.926174497,-0.038327526,0.932432432,-0.034965035,1.326923077,0.140495868,1.393939394,0.164556962,1.792207792,0.28372093,1.682926829,0.254545455,3.209302326,0.524861878,3.631578947,0.568181818,0.736318408,-0.151862464,0.993288591,-0.003367003,1.072463768,0.034965035,1.423076923,0.174603175,1.494949495,0.198380567,1.922077922,0.315555556,1.804878049,0.286956522,3.441860465,0.54973822,3.894736842,0.591397849,0.517412935,-0.318032787,0.697986577,-0.177865613,0.753623188,-0.140495868,0.702702703,-0.174603175,1.050505051,0.024630542,1.350649351,0.149171271,1.268292683,0.11827957,2.418604651,0.414965986,2.736842105,0.464788732,0.492537313,-0.34,0.66442953,-0.201612903,0.717391304,-0.164556962,0.668918919,-0.198380567,0.951923077,-0.024630542,1.285714286,0.125,1.207317073,0.093922652,2.302325581,0.394366197,2.605263158,0.445255474,0.383084577,-0.446043165,0.516778523,-0.318584071,0.557971014,-0.28372093,0.52027027,-0.315555556,0.740384615,-0.149171271,0.777777778,-0.125,0.93902439,-0.031446541,1.790697674,0.283333333,2.026315789,0.339130435,0.407960199,-0.4204947,0.55033557,-0.29004329,0.594202899,-0.254545455,0.554054054,-0.286956522,0.788461538,-0.11827957,0.828282828,-0.093922652,1.064935065,0.031446541,1.906976744,0.312,2.157894737,0.366666667,0.213930348,-0.647540984,0.288590604,-0.552083333,0.311594203,-0.524861878,0.290540541,-0.54973822,0.413461538,-0.414965986,0.434343434,-0.394366197,0.558441558,-0.283333333,0.524390244,-0.312,1.131578947,0.061728395,0.189054726,-0.682008368,0.255033557,-0.593582888,0.275362319,-0.568181818,0.256756757,-0.591397849,0.365384615,-0.464788732,0.383838384,-0.445255474,0.493506494,-0.339130435,0.463414634,-0.366666667,0.88372093,-0.061728395
78,66,114,69,60,78,24,34,27,59,8/15/2025,136.51,1.652173913,0.245901639,1.9,0.310344828,1.461538462,0.1875,4.75,0.652173913,3.352941176,0.540540541,4.222222222,0.617021277,1.93220339,0.317919075,1.461538462,0.1875,1.727272727,0.266666667,0.605263158,-0.245901639,1.15,0.069767442,0.884615385,-0.06122449,2.875,0.483870968,2.029411765,0.339805825,2.555555556,0.4375,1.169491525,0.078125,0.884615385,-0.06122449,1.045454545,0.022222222,0.526315789,-0.310344828,0.869565217,-0.069767442,0.769230769,-0.130434783,2.5,0.428571429,1.764705882,0.276595745,2.222222222,0.379310345,1.016949153,0.008403361,0.769230769,-0.130434783,0.909090909,-0.047619048,0.684210526,-0.1875,1.130434783,0.06122449,1.3,0.130434783,3.25,0.529411765,2.294117647,0.392857143,2.888888889,0.485714286,1.322033898,0.138686131,1.0,0.0,1.181818182,0.083333333,0.210526316,-0.652173913,0.347826087,-0.483870968,0.4,-0.428571429,0.307692308,-0.529411765,0.705882353,-0.172413793,0.888888889,-0.058823529,0.406779661,-0.421686747,0.307692308,-0.529411765,0.363636364,-0.466666667,0.298245614,-0.540540541,0.492753623,-0.339805825,0.566666667,-0.276595745,0.435897436,-0.392857143,1.416666667,0.172413793,1.259259259,0.114754098,0.576271186,-0.268817204,0.435897436,-0.392857143,0.515151515,-0.32,0.236842105,-0.617021277,0.391304348,-0.4375,0.45,-0.379310345,0.346153846,-0.485714286,1.125,0.058823529,0.794117647,-0.114754098,0.457627119,-0.372093023,0.346153846,-0.485714286,0.409090909,-0.419354839,0.51754386,-0.317919075,0.855072464,-0.078125,0.983333333,-0.008403361,0.756410256,-0.138686131,2.458333333,0.421686747,1.735294118,0.268817204,2.185185185,0.372093023,0.756410256,-0.138686131,0.893939394,-0.056,0.684210526,-0.1875,1.130434783,0.06122449,1.3,0.130434783,1.0,0.0,3.25,0.529411765,2.294117647,0.392857143,2.888888889,0.485714286,1.322033898,0.138686131,1.181818182,0.083333333,0.578947368,-0.266666667,0.956521739,-0.022222222,1.1,0.047619048,0.846153846,-0.083333333,2.75,0.466666667,1.941176471,0.32,2.444444444,0.419354839,1.118644068,0.056,0.846153846,-0.083333333
297,238,358,381,394,389,286,292,321,294,9/19/2025,64.06,0.939632546,-0.031123139,0.908629442,-0.04787234,0.920308483,-0.041499331,1.251748252,0.111801242,1.226027397,0.101538462,1.115264798,0.0544919,1.217687075,0.098159509,1.205387205,0.093129771,1.504201681,0.201342282,1.06424581,0.031123139,0.967005076,-0.016774194,0.979434447,-0.01038961,1.332167832,0.142428786,1.304794521,0.132243685,1.186915888,0.085470085,1.295918367,0.128888889,1.282828283,0.123893805,1.600840336,0.231017771,1.100558659,0.04787234,1.034120735,0.016774194,1.01285347,0.006385696,1.377622378,0.158823529,1.349315068,0.148688047,1.22741433,0.102097902,1.340136054,0.145348837,1.326599327,0.140376266,1.655462185,0.246835443,1.086592179,0.041499331,1.020997375,0.01038961,0.987309645,-0.006385696,1.36013986,0.152592593,1.332191781,0.142437592,1.211838006,0.095774648,1.323129252,0.13909224,1.30976431,0.134110787,1.634453782,0.240829346,0.798882682,-0.111801242,0.750656168,-0.142428786,0.725888325,-0.158823529,0.735218509,-0.152592593,0.979452055,-0.010380623,0.890965732,-0.057660626,0.972789116,-0.013793103,0.962962963,-0.018867925,1.201680672,0.091603053,0.815642458,-0.101538462,0.766404199,-0.132243685,0.741116751,-0.148688047,0.750642674,-0.142437592,1.020979021,0.010380623,0.909657321,-0.04730832,0.993197279,-0.003412969,0.983164983,-0.008488964,1.226890756,0.101886792,0.896648045,-0.0544919,0.842519685,-0.085470085,0.814720812,-0.102097902,0.825192802,-0.095774648,1.122377622,0.057660626,1.099315068,0.04730832,1.091836735,0.043902439,1.080808081,0.038834951,1.348739496,0.148479428,0.82122905,-0.098159509,0.771653543,-0.128888889,0.746192893,-0.145348837,0.755784062,-0.13909224,1.027972028,0.013793103,1.006849315,0.003412969,0.91588785,-0.043902439,0.98989899,-0.005076142,1.235294118,0.105263158,0.829608939,-0.093129771,0.779527559,-0.123893805,0.753807107,-0.140376266,0.763496144,-0.134110787,1.038461538,0.018867925,1.017123288,0.008488964,0.925233645,-0.038834951,1.010204082,0.005076142,1.24789916,0.110280374,0.664804469,-0.201342282,0.624671916,-0.231017771,0.604060914,-0.246835443,0.611825193,-0.240829346,0.832167832,-0.091603053,0.815068493,-0.101886792,0.741433022,-0.148479428,0.80952381,-0.105263158,0.801346801,-0.110280374
71,80,195,129,112,114,99,114,88,104,11/3/2024,188.57,1.511627907,0.203703704,1.741071429,0.270358306,1.710526316,0.262135922,1.96969697,0.326530612,1.710526316,0.262135922,2.215909091,0.378091873,1.875,0.304347826,2.746478873,0.466165414,2.4375,0.418181818,0.661538462,-0.203703704,1.151785714,0.070539419,1.131578947,0.061728395,1.303030303,0.131578947,1.131578947,0.061728395,1.465909091,0.188940092,1.240384615,0.107296137,1.816901408,0.29,1.6125,0.234449761,0.574358974,-0.270358306,0.868217054,-0.070539419,0.98245614,-0.008849558,1.131313131,0.061611374,0.98245614,-0.008849558,1.272727273,0.12,1.076923077,0.037037037,1.577464789,0.224043716,1.4,0.166666667,0.584615385,-0.262135922,0.88372093,-0.061728395,1.017857143,0.008849558,1.151515152,0.070422535,1.0,0.0,1.295454545,0.128712871,1.096153846,0.04587156,1.605633803,0.232432432,1.425,0.175257732,0.507692308,-0.326530612,0.76744186,-0.131578947,0.883928571,-0.061611374,0.868421053,-0.070422535,0.868421053,-0.070422535,1.125,0.058823529,0.951923077,-0.024630542,1.394366197,0.164705882,1.2375,0.106145251,0.584615385,-0.262135922,0.88372093,-0.061728395,1.017857143,0.008849558,1.0,0.0,1.151515152,0.070422535,1.295454545,0.128712871,1.096153846,0.04587156,1.605633803,0.232432432,1.425,0.175257732,0.451282051,-0.378091873,0.682170543,-0.188940092,0.785714286,-0.12,0.771929825,-0.128712871,0.888888889,-0.058823529,0.771929825,-0.128712871,0.846153846,-0.083333333,1.23943662,0.106918239,1.1,0.047619048,0.533333333,-0.304347826,0.80620155,-0.107296137,0.928571429,-0.037037037,0.912280702,-0.04587156,1.050505051,0.024630542,0.912280702,-0.04587156,1.181818182,0.083333333,1.464788732,0.188571429,1.3,0.130434783,0.364102564,-0.466165414,0.550387597,-0.29,0.633928571,-0.224043716,0.622807018,-0.232432432,0.717171717,-0.164705882,0.622807018,-0.232432432,0.806818182,-0.106918239,0.682692308,-0.188571429,0.8875,-0.059602649,0.41025641,-0.418181818,0.620155039,-0.234449761,0.714285714,-0.166666667,0.701754386,-0.175257732,0.808080808,-0.106145251,0.701754386,-0.175257732,0.909090909,-0.047619048,0.769230769,-0.130434783,1.126760563,0.059602649
153,134,307,272,265,295,225,237,208,206,3/13/2025,135.61,1.128676471,0.06044905,1.158490566,0.073426573,1.040677966,0.019933555,1.364444444,0.154135338,1.29535865,0.128676471,1.475961538,0.19223301,1.490291262,0.196881092,2.006535948,0.334782609,2.291044776,0.392290249,0.885993485,-0.06044905,1.026415094,0.013035382,0.922033898,-0.040564374,1.208888889,0.094567404,1.147679325,0.068762279,1.307692308,0.133333333,1.32038835,0.138075314,1.777777778,0.28,2.029850746,0.339901478,0.863192182,-0.073426573,0.974264706,-0.013035382,0.898305085,-0.053571429,1.177777778,0.081632653,1.11814346,0.055776892,1.274038462,0.1205074,1.286407767,0.125265393,1.732026144,0.267942584,1.97761194,0.328320802,0.960912052,-0.019933555,1.084558824,0.040564374,1.113207547,0.053571429,1.311111111,0.134615385,1.244725738,0.109022556,1.418269231,0.172962227,1.432038835,0.177644711,1.928104575,0.316964286,2.201492537,0.375291375,0.732899023,-0.154135338,0.827205882,-0.094567404,0.849056604,-0.081632653,0.762711864,-0.134615385,0.949367089,-0.025974026,1.081730769,0.03926097,1.09223301,0.044083527,1.470588235,0.19047619,1.679104478,0.253481894,0.771986971,-0.128676471,0.871323529,-0.068762279,0.894339623,-0.055776892,0.803389831,-0.109022556,1.053333333,0.025974026,1.139423077,0.065168539,1.150485437,0.069977427,1.549019608,0.215384615,1.768656716,0.277628032,0.67752443,-0.19223301,0.764705882,-0.133333333,0.78490566,-0.1205074,0.705084746,-0.172962227,0.924444444,-0.03926097,0.877637131,-0.065168539,1.009708738,0.004830918,1.359477124,0.152354571,1.552238806,0.216374269,0.671009772,-0.196881092,0.757352941,-0.138075314,0.777358491,-0.125265393,0.698305085,-0.177644711,0.915555556,-0.044083527,0.869198312,-0.069977427,0.990384615,-0.004830918,1.346405229,0.147632312,1.537313433,0.211764706,0.498371336,-0.334782609,0.5625,-0.28,0.577358491,-0.267942584,0.518644068,-0.316964286,0.68,-0.19047619,0.64556962,-0.215384615,0.735576923,-0.152354571,0.742718447,-0.147632312,1.141791045,0.066202091,0.436482085,-0.392290249,0.492647059,-0.339901478,0.505660377,-0.328320802,0.454237288,-0.375291375,0.595555556,-0.253481894,0.565400844,-0.277628032,0.644230769,-0.216374269,0.650485437,-0.211764706,0.875816993,-0.066202091
393,352,1195,1425,943,805,477,474,492,441,4/12/2024,26.05,0.838596491,-0.08778626,1.267232238,0.117867166,1.48447205,0.195,2.50524109,0.429425837,2.521097046,0.431995207,2.428861789,0.416716064,2.709750567,0.460880196,3.040712468,0.505037783,3.394886364,0.544925663,1.192468619,0.08778626,1.511134677,0.203547297,1.770186335,0.278026906,2.987421384,0.498422713,3.006329114,0.500789889,2.896341463,0.486697966,3.231292517,0.52733119,3.625954198,0.567656766,4.048295455,0.603826674,0.789121339,-0.117867166,0.661754386,-0.203547297,1.171428571,0.078947368,1.976939203,0.328169014,1.989451477,0.330980946,1.916666667,0.314285714,2.138321995,0.362716763,2.399491094,0.411676647,2.678977273,0.456370656,0.673640167,-0.195,0.564912281,-0.278026906,0.853658537,-0.078947368,1.687631027,0.255850234,1.698312236,0.258795934,1.636178862,0.241326137,1.825396825,0.292134831,2.048346056,0.343906511,2.286931818,0.391529818,0.39916318,-0.429425837,0.334736842,-0.498422713,0.50583245,-0.328169014,0.592546584,-0.255850234,1.006329114,0.003154574,0.969512195,-0.015479876,1.081632653,0.039215686,1.213740458,0.096551724,1.355113636,0.150784077,0.39665272,-0.431995207,0.332631579,-0.500789889,0.502651113,-0.330980946,0.588819876,-0.258795934,0.993710692,-0.003154574,0.963414634,-0.01863354,1.074829932,0.036065574,1.20610687,0.093425606,1.346590909,0.147699758,0.411715481,-0.416716064,0.345263158,-0.486697966,0.52173913,-0.314285714,0.611180124,-0.241326137,1.031446541,0.015479876,1.037974684,0.01863354,1.115646259,0.054662379,1.251908397,0.111864407,1.397727273,0.165876777,0.369037657,-0.460880196,0.309473684,-0.52733119,0.467656416,-0.362716763,0.547826087,-0.292134831,0.924528302,-0.039215686,0.930379747,-0.036065574,0.896341463,-0.054662379,1.122137405,0.057553957,1.252840909,0.11223203,0.328870293,-0.505037783,0.275789474,-0.567656766,0.416755037,-0.411676647,0.488198758,-0.343906511,0.823899371,-0.096551724,0.829113924,-0.093425606,0.798780488,-0.111864407,0.891156463,-0.057553957,1.116477273,0.055033557,0.294560669,-0.544925663,0.247017544,-0.603826674,0.373276776,-0.456370656,0.437267081,-0.391529818,0.737945493,-0.150784077,0.742616034,-0.147699758,0.715447154,-0.165876777,0.798185941,-0.11223203,0.8956743,-0.055033557
115,106,713,917,451,341,107,121,109,83,2/16/2026,21.05,0.777535442,-0.125153374,1.580931264,0.225085911,2.090909091,0.352941176,6.663551402,0.73902439,5.892561983,0.709832134,6.541284404,0.734793187,8.590361446,0.791457286,6.2,0.722222222,6.726415094,0.741147741,1.286115007,0.125153374,2.033259424,0.340643275,2.68914956,0.457869634,8.570093458,0.791015625,7.578512397,0.766859345,8.412844037,0.787524366,11.04819277,0.834,7.973913043,0.777131783,8.650943396,0.792766373,0.632538569,-0.225085911,0.491821156,-0.340643275,1.322580645,0.138888889,4.214953271,0.616487455,3.727272727,0.576923077,4.137614679,0.610714286,5.43373494,0.689138577,3.92173913,0.593639576,4.254716981,0.619389587,0.47826087,-0.352941176,0.371864776,-0.457869634,0.756097561,-0.138888889,3.186915888,0.522321429,2.818181818,0.476190476,3.128440367,0.515555556,4.108433735,0.608490566,2.965217391,0.495614035,3.216981132,0.525727069,0.150070126,-0.73902439,0.116684842,-0.791015625,0.237250554,-0.616487455,0.313782991,-0.522321429,0.884297521,-0.061403509,0.981651376,-0.009259259,1.289156627,0.126315789,0.930434783,-0.036036036,1.009433962,0.004694836,0.16970547,-0.709832134,0.131952017,-0.766859345,0.268292683,-0.576923077,0.35483871,-0.476190476,1.130841121,0.061403509,1.110091743,0.052173913,1.457831325,0.18627451,1.052173913,0.025423729,1.141509434,0.066079295,0.152875175,-0.734793187,0.118865867,-0.787524366,0.241685144,-0.610714286,0.319648094,-0.515555556,1.018691589,0.009259259,0.900826446,-0.052173913,1.313253012,0.135416667,0.947826087,-0.026785714,1.028301887,0.013953488,0.116409537,-0.791457286,0.090512541,-0.834,0.184035477,-0.689138577,0.24340176,-0.608490566,0.775700935,-0.126315789,0.685950413,-0.18627451,0.76146789,-0.135416667,0.72173913,-0.161616162,0.783018868,-0.121693122,0.161290323,-0.722222222,0.125408942,-0.777131783,0.254988914,-0.593639576,0.337243402,-0.495614035,1.074766355,0.036036036,0.950413223,-0.025423729,1.055045872,0.026785714,1.385542169,0.161616162,1.08490566,0.040723982,0.148667602,-0.741147741,0.115594329,-0.792766373,0.235033259,-0.619389587,0.31085044,-0.525727069,0.990654206,-0.004694836,0.876033058,-0.066079295,0.972477064,-0.013953488,1.277108434,0.121693122,0.92173913,-0.040723982
32,37,60,62,51,53,39,31,29,38,11/23/2025,100.96,0.967741935,-0.016393443,1.176470588,0.081081081,1.132075472,0.061946903,1.538461538,0.212121212,1.935483871,0.318681319,2.068965517,0.348314607,1.578947368,0.224489796,1.875,0.304347826,1.621621622,0.237113402,1.033333333,0.016393443,1.215686275,0.097345133,1.169811321,0.07826087,1.58974359,0.227722772,2.0,0.333333333,2.137931034,0.362637363,1.631578947,0.24,1.9375,0.319148936,1.675675676,0.252525253,0.85,-0.081081081,0.822580645,-0.097345133,0.962264151,-0.019230769,1.307692308,0.133333333,1.64516129,0.243902439,1.75862069,0.275,1.342105263,0.146067416,1.59375,0.228915663,1.378378378,0.159090909,0.883333333,-0.061946903,0.85483871,-0.07826087,1.039215686,0.019230769,1.358974359,0.152173913,1.709677419,0.261904762,1.827586207,0.292682927,1.394736842,0.164835165,1.65625,0.247058824,1.432432432,0.177777778,0.65,-0.212121212,0.629032258,-0.227722772,0.764705882,-0.133333333,0.735849057,-0.152173913,1.258064516,0.114285714,1.344827586,0.147058824,1.026315789,0.012987013,1.21875,0.098591549,1.054054054,0.026315789,0.516666667,-0.318681319,0.5,-0.333333333,0.607843137,-0.243902439,0.58490566,-0.261904762,0.794871795,-0.114285714,1.068965517,0.033333333,0.815789474,-0.101449275,0.96875,-0.015873016,0.837837838,-0.088235294,0.483333333,-0.348314607,0.467741935,-0.362637363,0.568627451,-0.275,0.547169811,-0.292682927,0.743589744,-0.147058824,0.935483871,-0.033333333,0.763157895,-0.134328358,0.90625,-0.049180328,0.783783784,-0.121212121,0.633333333,-0.224489796,0.612903226,-0.24,0.745098039,-0.146067416,0.716981132,-0.164835165,0.974358974,-0.012987013,1.225806452,0.101449275,1.310344828,0.134328358,1.1875,0.085714286,1.027027027,0.013333333,0.533333333,-0.304347826,0.516129032,-0.319148936,0.62745098,-0.228915663,0.603773585,-0.247058824,0.820512821,-0.098591549,1.032258065,0.015873016,1.103448276,0.049180328,0.842105263,-0.085714286,0.864864865,-0.072463768,0.616666667,-0.237113402,0.596774194,-0.252525253,0.725490196,-0.159090909,0.698113208,-0.177777778,0.948717949,-0.026315789,1.193548387,0.088235294,1.275862069,0.121212121,0.973684211,-0.013333333,1.15625,0.072463768
581,558,1159,1328,826,768,654,697,612,634,4/17/2024,4.23,0.872740964,-0.067953357,1.4031477,0.167758186,1.509114583,0.202906072,1.772171254,0.27854385,1.662840746,0.248922414,1.89379085,0.308865048,1.82807571,0.292805354,1.994836489,0.332183908,2.077060932,0.350029121,1.145815358,0.067953357,1.607748184,0.233054782,1.729166667,0.267175573,2.03058104,0.340060545,1.905308465,0.311604938,2.169934641,0.369072165,2.094637224,0.353720693,2.285714286,0.391304348,2.379928315,0.408271474,0.712683348,-0.167758186,0.621987952,-0.233054782,1.075520833,0.036386449,1.262996942,0.116216216,1.18507891,0.084701248,1.349673203,0.148817803,1.302839117,0.131506849,1.421686747,0.174129353,1.480286738,0.193641618,0.662640207,-0.202906072,0.578313253,-0.267175573,0.929782082,-0.036386449,1.174311927,0.080168776,1.101865136,0.048464164,1.254901961,0.113043478,1.211356467,0.095577746,1.321858864,0.138621201,1.376344086,0.158371041,0.564279551,-0.27854385,0.49246988,-0.340060545,0.791767554,-0.116216216,0.8515625,-0.080168776,0.93830703,-0.031828275,1.068627451,0.033175355,1.031545741,0.01552795,1.125645439,0.059109312,1.172043011,0.079207921,0.6013805,-0.248922414,0.524849398,-0.311604938,0.843825666,-0.084701248,0.907552083,-0.048464164,1.065749235,0.031828275,1.138888889,0.064935065,1.099369085,0.047332832,1.199655766,0.090766823,1.249103943,0.110756972,0.528041415,-0.308865048,0.460843373,-0.369072165,0.740920097,-0.148817803,0.796875,-0.113043478,0.935779817,-0.033175355,0.87804878,-0.064935065,0.965299685,-0.017656501,1.053356282,0.025984912,1.096774194,0.046153846,0.547023296,-0.292805354,0.477409639,-0.353720693,0.767554479,-0.131506849,0.825520833,-0.095577746,0.96941896,-0.01552795,0.909612626,-0.047332832,1.035947712,0.017656501,1.091222031,0.043621399,1.136200717,0.063758389,0.501294219,-0.332183908,0.4375,-0.391304348,0.703389831,-0.174129353,0.756510417,-0.138621201,0.888379205,-0.059109312,0.833572453,-0.090766823,0.949346405,-0.025984912,0.916403785,-0.043621399,1.041218638,0.020193152,0.481449525,-0.350029121,0.420180723,-0.408271474,0.675544794,-0.193641618,0.7265625,-0.158371041,0.853211009,-0.079207921,0.800573888,-0.110756972,0.911764706,-0.046153846,0.880126183,-0.063758389,0.960413081,-0.020193152
376,308,568,686,509,460,415,367,398,367,4/17/2025,36.0,0.827988338,-0.094098884,1.115913556,0.054781801,1.234782609,0.105058366,1.368674699,0.155645982,1.547683924,0.214973262,1.427135678,0.175983437,1.547683924,0.214973262,1.510638298,0.203389831,1.844155844,0.296803653,1.207746479,0.094098884,1.347740668,0.148117155,1.491304348,0.197207679,1.653012048,0.246139873,1.869209809,0.30294397,1.72361809,0.265682657,1.869209809,0.30294397,1.824468085,0.291902072,2.227272727,0.38028169,0.896126761,-0.054781801,0.741982507,-0.148117155,1.106521739,0.050567595,1.226506024,0.101731602,1.386920981,0.162100457,1.278894472,0.122381477,1.386920981,0.162100457,1.353723404,0.150282486,1.652597403,0.246022032,0.809859155,-0.105058366,0.670553936,-0.197207679,0.903732809,-0.050567595,1.108433735,0.051428571,1.253405995,0.112454655,1.155778894,0.072261072,1.253405995,0.112454655,1.223404255,0.100478469,1.493506494,0.197916667,0.730633803,-0.155645982,0.604956268,-0.246139873,0.815324165,-0.101731602,0.902173913,-0.051428571,1.130790191,0.061381074,1.042713568,0.020910209,1.130790191,0.061381074,1.103723404,0.049304678,1.347402597,0.147994467,0.646126761,-0.214973262,0.534985423,-0.30294397,0.721021611,-0.162100457,0.797826087,-0.112454655,0.884337349,-0.061381074,0.922110553,-0.040522876,1.0,0.0,0.97606383,-0.012113055,1.191558442,0.087407407,0.700704225,-0.175983437,0.580174927,-0.265682657,0.781925344,-0.122381477,0.865217391,-0.072261072,0.959036145,-0.020910209,1.084468665,0.040522876,1.084468665,0.040522876,1.058510638,0.028423773,1.292207792,0.127478754,0.646126761,-0.214973262,0.534985423,-0.30294397,0.721021611,-0.162100457,0.797826087,-0.112454655,0.884337349,-0.061381074,1.0,0.0,0.922110553,-0.040522876,0.97606383,-0.012113055,1.191558442,0.087407407,0.661971831,-0.203389831,0.548104956,-0.291902072,0.73870334,-0.150282486,0.817391304,-0.100478469,0.906024096,-0.049304678,1.024523161,0.012113055,0.944723618,-0.028423773,1.024523161,0.012113055,1.220779221,0.099415205,0.542253521,-0.296803653,0.448979592,-0.38028169,0.605108055,-0.246022032,0.669565217,-0.197916667,0.742168675,-0.147994467,0.839237057,-0.087407407,0.773869347,-0.127478754,0.839237057,-0.087407407,0.819148936,-0.099415205
79,63,131,226,204,191,71,65,66,57,10/14/2025,74.58,0.579646018,-0.266106443,0.642156863,-0.217910448,0.685863874,-0.186335404,1.845070423,0.297029703,2.015384615,0.336734694,1.984848485,0.329949239,2.298245614,0.393617021,1.658227848,0.247619048,2.079365079,0.350515464,1.72519084,0.266106443,1.107843137,0.051162791,1.183246073,0.083932854,3.183098592,0.521885522,3.476923077,0.553264605,3.424242424,0.547945205,3.964912281,0.597173145,2.860759494,0.481967213,3.587301587,0.564013841,1.557251908,0.217910448,0.902654867,-0.051162791,1.068062827,0.032911392,2.873239437,0.483636364,3.138461538,0.516728625,3.090909091,0.511111111,3.578947368,0.563218391,2.582278481,0.441696113,3.238095238,0.528089888,1.458015267,0.186335404,0.845132743,-0.083932854,0.93627451,-0.032911392,2.690140845,0.458015267,2.938461538,0.4921875,2.893939394,0.486381323,3.350877193,0.540322581,2.417721519,0.414814815,3.031746032,0.503937008,0.541984733,-0.297029703,0.314159292,-0.521885522,0.348039216,-0.483636364,0.371727749,-0.458015267,1.092307692,0.044117647,1.075757576,0.03649635,1.245614035,0.109375,0.898734177,-0.053333333,1.126984127,0.059701493,0.496183206,-0.336734694,0.287610619,-0.553264605,0.318627451,-0.516728625,0.340314136,-0.4921875,0.915492958,-0.044117647,0.984848485,-0.007633588,1.140350877,0.06557377,0.82278481,-0.097222222,1.031746032,0.015625,0.503816794,-0.329949239,0.292035398,-0.547945205,0.323529412,-0.511111111,0.345549738,-0.486381323,0.929577465,-0.03649635,1.015384615,0.007633588,1.157894737,0.073170732,0.835443038,-0.089655172,1.047619048,0.023255814,0.435114504,-0.393617021,0.252212389,-0.597173145,0.279411765,-0.563218391,0.298429319,-0.540322581,0.802816901,-0.109375,0.876923077,-0.06557377,0.863636364,-0.073170732,0.721518987,-0.161764706,0.904761905,-0.05,0.603053435,-0.247619048,0.349557522,-0.481967213,0.387254902,-0.441696113,0.413612565,-0.414814815,1.112676056,0.053333333,1.215384615,0.097222222,1.196969697,0.089655172,1.385964912,0.161764706,1.253968254,0.112676056,0.480916031,-0.350515464,0.278761062,-0.564013841,0.308823529,-0.528089888,0.329842932,-0.503937008,0.887323944,-0.059701493,0.969230769,-0.015625,0.954545455,-0.023255814,1.105263158,0.05,0.797468354,-0.112676056
45,36,159,286,224,224,38,24,25,24,11/3/2024,52.67,0.555944056,-0.285393258,0.709821429,-0.169712794,0.709821429,-0.169712794,4.184210526,0.614213198,6.625,0.737704918,6.36,0.72826087,6.625,0.737704918,3.533333333,0.558823529,4.416666667,0.630769231,1.798742138,0.285393258,1.276785714,0.121568627,1.276785714,0.121568627,7.526315789,0.765432099,11.91666667,0.84516129,11.44,0.839228296,11.91666667,0.84516129,6.355555556,0.728096677,7.944444444,0.776397516,1.408805031,0.169712794,0.783216783,-0.121568627,1.0,0.0,5.894736842,0.709923664,9.333333333,0.806451613,8.96,0.799196787,9.333333333,0.806451613,4.977777778,0.665427509,6.222222222,0.723076923,1.408805031,0.169712794,0.783216783,-0.121568627,1.0,0.0,5.894736842,0.709923664,9.333333333,0.806451613,8.96,0.799196787,9.333333333,0.806451613,4.977777778,0.665427509,6.222222222,0.723076923,0.238993711,-0.614213198,0.132867133,-0.765432099,0.169642857,-0.709923664,0.169642857,-0.709923664,1.583333333,0.225806452,1.52,0.206349206,1.583333333,0.225806452,0.844444444,-0.084337349,1.055555556,0.027027027,0.150943396,-0.737704918,0.083916084,-0.84516129,0.107142857,-0.806451613,0.107142857,-0.806451613,0.631578947,-0.225806452,0.96,-0.020408163,1.0,0.0,0.533333333,-0.304347826,0.666666667,-0.2,0.157232704,-0.72826087,0.087412587,-0.839228296,0.111607143,-0.799196787,0.111607143,-0.799196787,0.657894737,-0.206349206,1.041666667,0.020408163,1.041666667,0.020408163,0.555555556,-0.285714286,0.694444444,-0.180327869,0.150943396,-0.737704918,0.083916084,-0.84516129,0.107142857,-0.806451613,0.107142857,-0.806451613,0.631578947,-0.225806452,1.0,0.0,0.96,-0.020408163,0.533333333,-0.304347826,0.666666667,-0.2,0.283018868,-0.558823529,0.157342657,-0.728096677,0.200892857,-0.665427509,0.200892857,-0.665427509,1.184210526,0.084337349,1.875,0.304347826,1.8,0.285714286,1.875,0.304347826,1.25,0.111111111,0.226415094,-0.630769231,0.125874126,-0.776397516,0.160714286,-0.723076923,0.160714286,-0.723076923,0.947368421,-0.027027027,1.5,0.2,1.44,0.180327869,1.5,0.2,0.8,-0.111111111
479,439,574,651,587,603,502,500,468,505,7/1/2024,50.98,0.88172043,-0.062857143,0.977853492,-0.011197244,0.951907131,-0.024638912,1.143426295,0.066914498,1.148,0.068901304,1.226495726,0.101727447,1.136633663,0.0639481,1.198329854,0.090218424,1.307517084,0.133267522,1.134146341,0.062857143,1.109028961,0.051696284,1.07960199,0.038277512,1.296812749,0.129228101,1.302,0.131190269,1.391025641,0.163538874,1.289108911,0.126297578,1.35908142,0.152212389,1.482915718,0.194495413,1.022648084,0.011197244,0.901689708,-0.051696284,0.973466003,-0.013445378,1.169322709,0.07805326,1.174,0.080036799,1.254273504,0.112796209,1.162376238,0.075091575,1.225469729,0.101313321,1.337129841,0.144249513,1.050522648,0.024638912,0.926267281,-0.038277512,1.02725724,0.013445378,1.201195219,0.091402715,1.206,0.093381686,1.288461538,0.12605042,1.194059406,0.088447653,1.258872651,0.114602588,1.37357631,0.157389635,0.87456446,-0.066914498,0.771121352,-0.129228101,0.855195911,-0.07805326,0.832504146,-0.091402715,1.004,0.001996008,1.072649573,0.035051546,0.994059406,-0.002979146,1.048016701,0.023445464,1.143507973,0.066950053,0.871080139,-0.068901304,0.768049155,-0.131190269,0.851788756,-0.080036799,0.829187396,-0.093381686,0.996015936,-0.001996008,1.068376068,0.033057851,0.99009901,-0.004975124,1.043841336,0.02145046,1.138952164,0.064962726,0.81533101,-0.101727447,0.718894009,-0.163538874,0.797274276,-0.112796209,0.776119403,-0.12605042,0.932270916,-0.035051546,0.936,-0.033057851,0.926732673,-0.038026721,0.977035491,-0.011615628,1.066059226,0.031973539,0.879790941,-0.0639481,0.775729647,-0.126297578,0.860306644,-0.075091575,0.83747927,-0.088447653,1.005976096,0.002979146,1.01,0.004975124,1.079059829,0.038026721,1.054279749,0.026422764,1.150341686,0.069915254,0.834494774,-0.090218424,0.735791091,-0.152212389,0.816013629,-0.101313321,0.794361526,-0.114602588,0.954183267,-0.023445464,0.958,-0.02145046,1.023504274,0.011615628,0.948514851,-0.026422764,1.091116173,0.043572985,0.764808362,-0.133267522,0.674347158,-0.194495413,0.747870528,-0.144249513,0.728026534,-0.157389635,0.874501992,-0.066950053,0.878,-0.064962726,0.938034188,-0.031973539,0.869306931,-0.069915254,0.916492693,-0.043572985
46,35,95,226,128,84,12,15,5,13,11/3/2025,51.89,0.420353982,-0.408099688,0.7421875,-0.147982063,1.130952381,0.061452514,7.916666667,0.775700935,6.333333333,0.727272727,19.0,0.9,7.307692308,0.759259259,2.065217391,0.34751773,2.714285714,0.461538462,2.378947368,0.408099688,1.765625,0.276836158,2.69047619,0.458064516,18.83333333,0.899159664,15.06666667,0.875518672,45.2,0.956709957,17.38461538,0.891213389,4.913043478,0.661764706,6.457142857,0.731800766,1.347368421,0.147982063,0.566371681,-0.276836158,1.523809524,0.20754717,10.66666667,0.828571429,8.533333333,0.79020979,25.6,0.92481203,9.846153846,0.815602837,2.782608696,0.471264368,3.657142857,0.570552147,0.884210526,-0.061452514,0.371681416,-0.458064516,0.65625,-0.20754717,7.0,0.75,5.6,0.696969697,16.8,0.887640449,6.461538462,0.731958763,1.826086957,0.292307692,2.4,0.411764706,0.126315789,-0.775700935,0.053097345,-0.899159664,0.09375,-0.828571429,0.142857143,-0.75,0.8,-0.111111111,2.4,0.411764706,0.923076923,-0.04,0.260869565,-0.586206897,0.342857143,-0.489361702,0.157894737,-0.727272727,0.066371681,-0.875518672,0.1171875,-0.79020979,0.178571429,-0.696969697,1.25,0.111111111,3.0,0.5,1.153846154,0.071428571,0.326086957,-0.508196721,0.428571429,-0.4,0.052631579,-0.9,0.022123894,-0.956709957,0.0390625,-0.92481203,0.05952381,-0.887640449,0.416666667,-0.411764706,0.333333333,-0.5,0.384615385,-0.444444444,0.108695652,-0.803921569,0.142857143,-0.75,0.136842105,-0.759259259,0.057522124,-0.891213389,0.1015625,-0.815602837,0.154761905,-0.731958763,1.083333333,0.04,0.866666667,-0.071428571,2.6,0.444444444,0.282608696,-0.559322034,0.371428571,-0.458333333,0.484210526,-0.34751773,0.203539823,-0.661764706,0.359375,-0.471264368,0.547619048,-0.292307692,3.833333333,0.586206897,3.066666667,0.508196721,9.2,0.803921569,3.538461538,0.559322034,1.314285714,0.135802469,0.368421053,-0.461538462,0.154867257,-0.731800766,0.2734375,-0.570552147,0.416666667,-0.411764706,2.916666667,0.489361702,2.333333333,0.4,7.0,0.75,2.692307692,0.458333333,0.760869565,-0.135802469
60,46,94,232,169,166,26,21,27,31,10/24/2025,60.81,0.405172414,-0.423312883,0.556213018,-0.285171103,0.56626506,-0.276923077,3.615384615,0.566666667,4.476190476,0.634782609,3.481481481,0.553719008,3.032258065,0.504,1.566666667,0.220779221,2.043478261,0.342857143,2.468085106,0.423312883,1.372781065,0.157107232,1.397590361,0.165829146,8.923076923,0.798449612,11.04761905,0.833992095,8.592592593,0.791505792,7.483870968,0.764258555,3.866666667,0.589041096,5.043478261,0.669064748,1.79787234,0.285171103,0.728448276,-0.157107232,1.018072289,0.008955224,6.5,0.733333333,8.047619048,0.778947368,6.259259259,0.724489796,5.451612903,0.69,2.816666667,0.475982533,3.673913043,0.572093023,1.765957447,0.276923077,0.715517241,-0.165829146,0.982248521,-0.008955224,6.384615385,0.729166667,7.904761905,0.77540107,6.148148148,0.720207254,5.35483871,0.685279188,2.766666667,0.469026549,3.608695652,0.566037736,0.276595745,-0.566666667,0.112068966,-0.798449612,0.153846154,-0.733333333,0.156626506,-0.729166667,1.238095238,0.106382979,0.962962963,-0.018867925,0.838709677,-0.087719298,0.433333333,-0.395348837,0.565217391,-0.277777778,0.223404255,-0.634782609,0.090517241,-0.833992095,0.124260355,-0.778947368,0.126506024,-0.77540107,0.807692308,-0.106382979,0.777777778,-0.125,0.677419355,-0.192307692,0.35,-0.481481481,0.456521739,-0.373134328,0.287234043,-0.553719008,0.11637931,-0.791505792,0.159763314,-0.724489796,0.162650602,-0.720207254,1.038461538,0.018867925,1.285714286,0.125,0.870967742,-0.068965517,0.45,-0.379310345,0.586956522,-0.260273973,0.329787234,-0.504,0.13362069,-0.764258555,0.183431953,-0.69,0.186746988,-0.685279188,1.192307692,0.087719298,1.476190476,0.192307692,1.148148148,0.068965517,0.516666667,-0.318681319,0.673913043,-0.194805195,0.638297872,-0.220779221,0.25862069,-0.589041096,0.355029586,-0.475982533,0.361445783,-0.469026549,2.307692308,0.395348837,2.857142857,0.481481481,2.222222222,0.379310345,1.935483871,0.318681319,1.304347826,0.132075472,0.489361702,-0.342857143,0.198275862,-0.669064748,0.272189349,-0.572093023,0.277108434,-0.566037736,1.769230769,0.277777778,2.19047619,0.373134328,1.703703704,0.260273973,1.483870968,0.194805195,0.766666667,-0.132075472
238,215,304,343,344,364,288,309,279,268,4/12/2024,155.09,0.886297376,-0.060278207,0.88372093,-0.061728395,0.835164835,-0.089820359,1.055555556,0.027027027,0.98381877,-0.008156607,1.089605735,0.042881647,1.134328358,0.062937063,1.277310924,0.121771218,1.413953488,0.171483622,1.128289474,0.060278207,0.997093023,-0.001455604,0.942307692,-0.02970297,1.190972222,0.087163233,1.110032362,0.052147239,1.229390681,0.102893891,1.279850746,0.122749591,1.441176471,0.180722892,1.595348837,0.229390681,1.131578947,0.061728395,1.002915452,0.001455604,0.945054945,-0.028248588,1.194444444,0.088607595,1.113268608,0.053598775,1.23297491,0.104333868,1.28358209,0.124183007,1.445378151,0.182130584,1.6,0.230769231,1.197368421,0.089820359,1.06122449,0.02970297,1.058139535,0.028248588,1.263888889,0.116564417,1.177993528,0.081723626,1.304659498,0.132192846,1.358208955,0.151898734,1.529411765,0.209302326,1.693023256,0.257340242,0.947368421,-0.027027027,0.839650146,-0.087163233,0.837209302,-0.088607595,0.791208791,-0.116564417,0.932038835,-0.035175879,1.032258065,0.015873016,1.074626866,0.035971223,1.210084034,0.095057034,1.339534884,0.145129225,1.016447368,0.008156607,0.900874636,-0.052147239,0.898255814,-0.053598775,0.848901099,-0.081723626,1.072916667,0.035175879,1.107526882,0.051020408,1.152985075,0.071057192,1.298319328,0.129798903,1.437209302,0.179389313,0.917763158,-0.042881647,0.813411079,-0.102893891,0.811046512,-0.104333868,0.766483516,-0.132192846,0.96875,-0.015873016,0.902912621,-0.051020408,1.041044776,0.020109689,1.172268908,0.079303675,1.297674419,0.129554656,0.881578947,-0.062937063,0.781341108,-0.122749591,0.779069767,-0.124183007,0.736263736,-0.151898734,0.930555556,-0.035971223,0.867313916,-0.071057192,0.960573477,-0.020109689,1.12605042,0.059288538,1.246511628,0.109730849,0.782894737,-0.121771218,0.693877551,-0.180722892,0.691860465,-0.182130584,0.653846154,-0.209302326,0.826388889,-0.095057034,0.770226537,-0.129798903,0.853046595,-0.079303675,0.888059701,-0.059288538,1.106976744,0.050772627,0.707236842,-0.171483622,0.626822157,-0.229390681,0.625,-0.230769231,0.590659341,-0.257340242,0.746527778,-0.145129225,0.69579288,-0.179389313,0.770609319,-0.129554656,0.802238806,-0.109730849,0.903361345,-0.050772627
578,531,630,579,603,622,543,539,476,537,8/20/2025,152.67,1.088082902,0.042183623,1.044776119,0.02189781,1.012861736,0.006389776,1.160220994,0.074168798,1.168831169,0.077844311,1.323529412,0.139240506,1.173184358,0.079691517,1.089965398,0.043046358,1.186440678,0.085271318,0.919047619,-0.042183623,0.960199005,-0.020304569,0.930868167,-0.035803497,1.066298343,0.032085561,1.074211503,0.035778175,1.216386555,0.097630332,1.078212291,0.037634409,1.001730104,0.000864304,1.09039548,0.043243243,0.957142857,-0.02189781,1.041450777,0.020304569,0.969453376,-0.015510204,1.110497238,0.052356021,1.118738404,0.056042032,1.266806723,0.117701576,1.122905028,0.057894737,1.043252595,0.021168501,1.13559322,0.063492063,0.987301587,-0.006389776,1.074265976,0.035803497,1.031509121,0.015510204,1.145488029,0.067811159,1.153988868,0.071490095,1.306722689,0.132969035,1.158286778,0.073339085,1.076124567,0.036666667,1.171374765,0.078924545,0.861904762,-0.074168798,0.937823834,-0.032085561,0.900497512,-0.052356021,0.872990354,-0.067811159,1.00742115,0.003696858,1.140756303,0.065750736,1.011173184,0.005555556,0.939446367,-0.031222123,1.02259887,0.011173184,0.855555556,-0.077844311,0.930915371,-0.035778175,0.893864013,-0.056042032,0.866559486,-0.071490095,0.992633517,-0.003696858,1.132352941,0.062068966,1.003724395,0.001858736,0.932525952,-0.034914951,1.015065913,0.007476636,0.755555556,-0.139240506,0.822107081,-0.097630332,0.789386401,-0.117701576,0.765273312,-0.132969035,0.876611418,-0.065750736,0.883116883,-0.062068966,0.886405959,-0.060217177,0.823529412,-0.096774194,0.896421846,-0.054617676,0.852380952,-0.079691517,0.92746114,-0.037634409,0.890547264,-0.057894737,0.863344051,-0.073339085,0.988950276,-0.005555556,0.996289425,-0.001858736,1.128151261,0.060217177,0.929065744,-0.0367713,1.011299435,0.005617978,0.917460317,-0.043046358,0.998272884,-0.000864304,0.95854063,-0.021168501,0.92926045,-0.036666667,1.064456722,0.031222123,1.072356215,0.034914951,1.214285714,0.096774194,1.076350093,0.0367713,1.088512241,0.042380523,0.842857143,-0.085271318,0.917098446,-0.043243243,0.880597015,-0.063492063,0.853697749,-0.078924545,0.977900552,-0.011173184,0.985157699,-0.007476636,1.115546218,0.054617676,0.988826816,-0.005617978,0.918685121,-0.042380523
52,47,391,664,351,250,46,46,40,49,2/12/2024,27.65,0.588855422,-0.258767773,1.113960114,0.053908356,1.564,0.219968799,8.5,0.789473684,8.5,0.789473684,9.775,0.814385151,7.979591837,0.777272727,7.519230769,0.76523702,8.319148936,0.785388128,1.698209719,0.258767773,1.891737892,0.308374384,2.656,0.452954048,14.43478261,0.870422535,14.43478261,0.870422535,16.6,0.886363636,13.55102041,0.862552595,12.76923077,0.854748603,14.12765957,0.867791842,0.89769821,-0.053908356,0.528614458,-0.308374384,1.404,0.168053245,7.630434783,0.768261965,7.630434783,0.768261965,8.775,0.795396419,7.163265306,0.755,6.75,0.741935484,7.468085106,0.763819095,0.639386189,-0.219968799,0.376506024,-0.452954048,0.712250712,-0.168053245,5.434782609,0.689189189,5.434782609,0.689189189,6.25,0.724137931,5.102040816,0.672240803,4.807692308,0.655629139,5.319148936,0.683501684,0.117647059,-0.789473684,0.069277108,-0.870422535,0.131054131,-0.768261965,0.184,-0.689189189,1.0,0.0,1.15,0.069767442,0.93877551,-0.031578947,0.884615385,-0.06122449,0.978723404,-0.010752688,0.117647059,-0.789473684,0.069277108,-0.870422535,0.131054131,-0.768261965,0.184,-0.689189189,1.0,0.0,1.15,0.069767442,0.93877551,-0.031578947,0.884615385,-0.06122449,0.978723404,-0.010752688,0.10230179,-0.814385151,0.060240964,-0.886363636,0.113960114,-0.795396419,0.16,-0.724137931,0.869565217,-0.069767442,0.869565217,-0.069767442,0.816326531,-0.101123596,0.769230769,-0.130434783,0.85106383,-0.08045977,0.125319693,-0.777272727,0.073795181,-0.862552595,0.13960114,-0.755,0.196,-0.672240803,1.065217391,0.031578947,1.065217391,0.031578947,1.225,0.101123596,0.942307692,-0.02970297,1.042553191,0.020833333,0.132992327,-0.76523702,0.078313253,-0.854748603,0.148148148,-0.741935484,0.208,-0.655629139,1.130434783,0.06122449,1.130434783,0.06122449,1.3,0.130434783,1.06122449,0.02970297,1.106382979,0.050505051,0.120204604,-0.785388128,0.070783133,-0.867791842,0.133903134,-0.763819095,0.188,-0.683501684,1.02173913,0.010752688,1.02173913,0.010752688,1.175,0.08045977,0.959183673,-0.020833333,0.903846154,-0.050505051
54,47,78,72,108,86,36,47,41,59,12/13/2024,133.61,1.083333333,0.04,0.722222222,-0.161290323,0.906976744,-0.048780488,2.166666667,0.368421053,1.659574468,0.248,1.902439024,0.31092437,1.322033898,0.138686131,1.444444444,0.181818182,1.659574468,0.248,0.923076923,-0.04,0.666666667,-0.2,0.837209302,-0.088607595,2.0,0.333333333,1.531914894,0.210084034,1.756097561,0.274336283,1.220338983,0.099236641,1.333333333,0.142857143,1.531914894,0.210084034,1.384615385,0.161290323,1.5,0.2,1.255813953,0.113402062,3.0,0.5,2.29787234,0.393548387,2.634146341,0.44966443,1.830508475,0.293413174,2.0,0.333333333,2.29787234,0.393548387,1.102564103,0.048780488,1.194444444,0.088607595,0.796296296,-0.113402062,2.388888889,0.409836066,1.829787234,0.293233083,2.097560976,0.354330709,1.457627119,0.186206897,1.592592593,0.228571429,1.829787234,0.293233083,0.461538462,-0.368421053,0.5,-0.333333333,0.333333333,-0.5,0.418604651,-0.409836066,0.765957447,-0.13253012,0.87804878,-0.064935065,0.610169492,-0.242105263,0.666666667,-0.2,0.765957447,-0.13253012,0.602564103,-0.248,0.652777778,-0.210084034,0.435185185,-0.393548387,0.546511628,-0.293233083,1.305555556,0.13253012,1.146341463,0.068181818,0.796610169,-0.113207547,0.87037037,-0.069306931,1.0,0.0,0.525641026,-0.31092437,0.569444444,-0.274336283,0.37962963,-0.44966443,0.476744186,-0.354330709,1.138888889,0.064935065,0.872340426,-0.068181818,0.694915254,-0.18,0.759259259,-0.136842105,0.872340426,-0.068181818,0.756410256,-0.138686131,0.819444444,-0.099236641,0.546296296,-0.293413174,0.686046512,-0.186206897,1.638888889,0.242105263,1.255319149,0.113207547,1.43902439,0.18,1.092592593,0.044247788,1.255319149,0.113207547,0.692307692,-0.181818182,0.75,-0.142857143,0.5,-0.333333333,0.627906977,-0.228571429,1.5,0.2,1.14893617,0.069306931,1.317073171,0.136842105,0.915254237,-0.044247788,1.14893617,0.069306931,0.602564103,-0.248,0.652777778,-0.210084034,0.435185185,-0.393548387,0.546511628,-0.293233083,1.305555556,0.13253012,1.0,0.0,1.146341463,0.068181818,0.796610169,-0.113207547,0.87037037,-0.069306931
66,45,40,56,57,61,25,24,25,41,10/14/2025,154.76,0.714285714,-0.166666667,0.701754386,-0.175257732,0.655737705,-0.207920792,1.6,0.230769231,1.666666667,0.25,1.6,0.230769231,0.975609756,-0.012345679,0.606060606,-0.245283019,0.888888889,-0.058823529,1.4,0.166666667,0.98245614,-0.008849558,0.918032787,-0.042735043,2.24,0.382716049,2.333333333,0.4,2.24,0.382716049,1.365853659,0.154639175,0.848484848,-0.081967213,1.244444444,0.108910891,1.425,0.175257732,1.017857143,0.008849558,0.93442623,-0.033898305,2.28,0.390243902,2.375,0.407407407,2.28,0.390243902,1.390243902,0.163265306,0.863636364,-0.073170732,1.266666667,0.117647059,1.525,0.207920792,1.089285714,0.042735043,1.070175439,0.033898305,2.44,0.418604651,2.541666667,0.435294118,2.44,0.418604651,1.487804878,0.196078431,0.924242424,-0.039370079,1.355555556,0.150943396,0.625,-0.230769231,0.446428571,-0.382716049,0.438596491,-0.390243902,0.409836066,-0.418604651,1.041666667,0.020408163,1.0,0.0,0.609756098,-0.242424242,0.378787879,-0.450549451,0.555555556,-0.285714286,0.6,-0.25,0.428571429,-0.4,0.421052632,-0.407407407,0.393442623,-0.435294118,0.96,-0.020408163,0.96,-0.020408163,0.585365854,-0.261538462,0.363636364,-0.466666667,0.533333333,-0.304347826,0.625,-0.230769231,0.446428571,-0.382716049,0.438596491,-0.390243902,0.409836066,-0.418604651,1.0,0.0,1.041666667,0.020408163,0.609756098,-0.242424242,0.378787879,-0.450549451,0.555555556,-0.285714286,1.025,0.012345679,0.732142857,-0.154639175,0.719298246,-0.163265306,0.672131148,-0.196078431,1.64,0.242424242,1.708333333,0.261538462,1.64,0.242424242,0.621212121,-0.23364486,0.911111111,-0.046511628,1.65,0.245283019,1.178571429,0.081967213,1.157894737,0.073170732,1.081967213,0.039370079,2.64,0.450549451,2.75,0.466666667,2.64,0.450549451,1.609756098,0.23364486,1.466666667,0.189189189,1.125,0.058823529,0.803571429,-0.108910891,0.789473684,-0.117647059,0.737704918,-0.150943396,1.8,0.285714286,1.875,0.304347826,1.8,0.285714286,1.097560976,0.046511628,0.681818182,-0.189189189
78,49,158,167,186,247,116,174,94,91,10/4/2024,180.38,0.946107784,-0.027692308,0.849462366,-0.081395349,0.639676113,-0.219753086,1.362068966,0.153284672,0.908045977,-0.048192771,1.680851064,0.253968254,1.736263736,0.269076305,2.025641026,0.338983051,3.224489796,0.526570048,1.056962025,0.027692308,0.897849462,-0.053824363,0.67611336,-0.193236715,1.439655172,0.180212014,0.959770115,-0.020527859,1.776595745,0.279693487,1.835164835,0.294573643,2.141025641,0.363265306,3.408163265,0.546296296,1.17721519,0.081395349,1.113772455,0.053824363,0.753036437,-0.140877598,1.603448276,0.231788079,1.068965517,0.033333333,1.978723404,0.328571429,2.043956044,0.342960289,2.384615385,0.409090909,3.795918367,0.582978723,1.563291139,0.219753086,1.479041916,0.193236715,1.327956989,0.140877598,2.129310345,0.360881543,1.41954023,0.173396675,2.627659574,0.448680352,2.714285714,0.461538462,3.166666667,0.52,5.040816327,0.668918919,0.734177215,-0.153284672,0.694610778,-0.180212014,0.623655914,-0.231788079,0.469635628,-0.360881543,0.666666667,-0.2,1.234042553,0.104761905,1.274725275,0.120772947,1.487179487,0.195876289,2.367346939,0.406060606,1.101265823,0.048192771,1.041916168,0.020527859,0.935483871,-0.033333333,0.704453441,-0.173396675,1.5,0.2,1.85106383,0.298507463,1.912087912,0.313207547,2.230769231,0.380952381,3.551020408,0.560538117,0.594936709,-0.253968254,0.562874251,-0.279693487,0.505376344,-0.328571429,0.380566802,-0.448680352,0.810344828,-0.104761905,0.540229885,-0.298507463,1.032967033,0.016216216,1.205128205,0.093023256,1.918367347,0.314685315,0.575949367,-0.269076305,0.54491018,-0.294573643,0.489247312,-0.342960289,0.368421053,-0.461538462,0.784482759,-0.120772947,0.522988506,-0.313207547,0.968085106,-0.016216216,1.166666667,0.076923077,1.857142857,0.3,0.493670886,-0.338983051,0.467065868,-0.363265306,0.419354839,-0.409090909,0.315789474,-0.52,0.672413793,-0.195876289,0.448275862,-0.380952381,0.829787234,-0.093023256,0.857142857,-0.076923077,1.591836735,0.228346457,0.310126582,-0.526570048,0.293413174,-0.546296296,0.26344086,-0.582978723,0.198380567,-0.668918919,0.422413793,-0.406060606,0.281609195,-0.560538117,0.521276596,-0.314685315,0.538461538,-0.3,0.628205128,-0.228346457
16,21,222,358,215,183,41,45,29,10,10/20/2023,44.51,0.620111732,-0.234482759,1.03255814,0.016018307,1.213114754,0.096296296,5.414634146,0.688212928,4.933333333,0.662921348,7.655172414,0.768924303,22.2,0.913793103,13.875,0.865546218,10.57142857,0.827160494,1.612612613,0.234482759,1.665116279,0.2495637,1.956284153,0.323475046,8.731707317,0.794486216,7.955555556,0.776674938,12.34482759,0.850129199,35.8,0.945652174,22.375,0.914438503,17.04761905,0.889182058,0.968468468,-0.016018307,0.600558659,-0.2495637,1.174863388,0.08040201,5.243902439,0.6796875,4.777777778,0.653846154,7.413793103,0.762295082,21.5,0.911111111,13.4375,0.861471861,10.23809524,0.822033898,0.824324324,-0.096296296,0.511173184,-0.323475046,0.851162791,-0.08040201,4.463414634,0.633928571,4.066666667,0.605263158,6.310344828,0.726415094,18.3,0.896373057,11.4375,0.83919598,8.714285714,0.794117647,0.184684685,-0.688212928,0.11452514,-0.794486216,0.190697674,-0.6796875,0.224043716,-0.633928571,0.911111111,-0.046511628,1.413793103,0.171428571,4.1,0.607843137,2.5625,0.438596491,1.952380952,0.322580645,0.202702703,-0.662921348,0.125698324,-0.776674938,0.209302326,-0.653846154,0.245901639,-0.605263158,1.097560976,0.046511628,1.551724138,0.216216216,4.5,0.636363636,2.8125,0.475409836,2.142857143,0.363636364,0.130630631,-0.768924303,0.081005587,-0.850129199,0.134883721,-0.762295082,0.158469945,-0.726415094,0.707317073,-0.171428571,0.644444444,-0.216216216,2.9,0.487179487,1.8125,0.288888889,1.380952381,0.16,0.045045045,-0.913793103,0.027932961,-0.945652174,0.046511628,-0.911111111,0.054644809,-0.896373057,0.243902439,-0.607843137,0.222222222,-0.636363636,0.344827586,-0.487179487,0.625,-0.230769231,0.476190476,-0.35483871,0.072072072,-0.865546218,0.044692737,-0.914438503,0.074418605,-0.861471861,0.087431694,-0.83919598,0.390243902,-0.438596491,0.355555556,-0.475409836,0.551724138,-0.288888889,1.6,0.230769231,0.761904762,-0.135135135,0.094594595,-0.827160494,0.058659218,-0.889182058,0.097674419,-0.822033898,0.114754098,-0.794117647,0.512195122,-0.322580645,0.466666667,-0.363636364,0.724137931,-0.16,2.1,0.35483871,1.3125,0.135135135
286,249,912,1058,615,520,328,340,326,312,4/2/2025,5.5,0.862003781,-0.074111675,1.482926829,0.194499018,1.753846154,0.273743017,2.780487805,0.470967742,2.682352941,0.45686901,2.797546012,0.473344103,2.923076923,0.490196078,3.188811189,0.522537563,3.662650602,0.571059432,1.160087719,0.074111675,1.720325203,0.264793784,2.034615385,0.340937896,3.225609756,0.526695527,3.111764706,0.513590844,3.245398773,0.528901734,3.391025641,0.544525547,3.699300699,0.574404762,4.248995984,0.618974751,0.674342105,-0.194499018,0.581285444,-0.264793784,1.182692308,0.083700441,1.875,0.304347826,1.808823529,0.287958115,1.886503067,0.307120085,1.971153846,0.326860841,2.15034965,0.365149834,2.469879518,0.423611111,0.570175439,-0.273743017,0.491493384,-0.340937896,0.845528455,-0.083700441,1.585365854,0.226415094,1.529411765,0.209302326,1.595092025,0.229314421,1.666666667,0.25,1.818181818,0.290322581,2.088353414,0.352405722,0.359649123,-0.470967742,0.310018904,-0.526695527,0.533333333,-0.304347826,0.630769231,-0.226415094,0.964705882,-0.017964072,1.006134969,0.003058104,1.051282051,0.025,1.146853147,0.068403909,1.317269076,0.136915078,0.372807018,-0.45686901,0.321361059,-0.513590844,0.552845528,-0.287958115,0.653846154,-0.209302326,1.036585366,0.017964072,1.042944785,0.021021021,1.08974359,0.042944785,1.188811189,0.086261981,1.365461847,0.154499151,0.35745614,-0.473344103,0.308128544,-0.528901734,0.530081301,-0.307120085,0.626923077,-0.229314421,0.993902439,-0.003058104,0.958823529,-0.021021021,1.044871795,0.021943574,1.13986014,0.065359477,1.309236948,0.133913043,0.342105263,-0.490196078,0.29489603,-0.544525547,0.507317073,-0.326860841,0.6,-0.25,0.951219512,-0.025,0.917647059,-0.042944785,0.957055215,-0.021943574,1.090909091,0.043478261,1.253012048,0.112299465,0.313596491,-0.522537563,0.270321361,-0.574404762,0.46504065,-0.365149834,0.55,-0.290322581,0.87195122,-0.068403909,0.841176471,-0.086261981,0.877300613,-0.065359477,0.916666667,-0.043478261,1.148594378,0.069158879,0.273026316,-0.571059432,0.235349716,-0.618974751,0.404878049,-0.423611111,0.478846154,-0.352405722,0.759146341,-0.136915078,0.732352941,-0.154499151,0.763803681,-0.133913043,0.798076923,-0.112299465,0.870629371,-0.069158879
70,47,246,447,374,377,69,86,71,27,12/3/2024,44.72,0.55033557,-0.29004329,0.657754011,-0.206451613,0.652519894,-0.210272873,3.565217391,0.561904762,2.860465116,0.481927711,3.464788732,0.552050473,9.111111111,0.802197802,3.514285714,0.556962025,5.234042553,0.679180887,1.817073171,0.29004329,1.195187166,0.088915956,1.185676393,0.084951456,6.47826087,0.73255814,5.197674419,0.677298311,6.295774648,0.725868726,16.55555556,0.886075949,6.385714286,0.729206963,9.510638298,0.809716599,1.520325203,0.206451613,0.836689038,-0.088915956,0.99204244,-0.003994674,5.420289855,0.688487585,4.348837209,0.626086957,5.267605634,0.680898876,13.85185185,0.865336658,5.342857143,0.684684685,7.957446809,0.77672209,1.532520325,0.210272873,0.843400447,-0.084951456,1.00802139,0.003994674,5.463768116,0.69058296,4.38372093,0.628509719,5.309859155,0.683035714,13.96296296,0.866336634,5.385714286,0.686800895,8.021276596,0.778301887,0.280487805,-0.561904762,0.154362416,-0.73255814,0.184491979,-0.688487585,0.183023873,-0.69058296,0.802325581,-0.109677419,0.971830986,-0.014285714,2.555555556,0.4375,0.985714286,-0.007194245,1.468085106,0.189655172,0.349593496,-0.481927711,0.192393736,-0.677298311,0.229946524,-0.626086957,0.228116711,-0.628509719,1.246376812,0.109677419,1.211267606,0.095541401,3.185185185,0.522123894,1.228571429,0.102564103,1.829787234,0.293233083,0.288617886,-0.552050473,0.158836689,-0.725868726,0.189839572,-0.680898876,0.188328912,-0.683035714,1.028985507,0.014285714,0.825581395,-0.095541401,2.62962963,0.448979592,1.014285714,0.007092199,1.510638298,0.203389831,0.109756098,-0.802197802,0.060402685,-0.886075949,0.072192513,-0.865336658,0.071618037,-0.866336634,0.391304348,-0.4375,0.313953488,-0.522123894,0.38028169,-0.448979592,0.385714286,-0.443298969,0.574468085,-0.27027027,0.284552846,-0.556962025,0.156599553,-0.729206963,0.187165775,-0.684684685,0.185676393,-0.686800895,1.014492754,0.007194245,0.813953488,-0.102564103,0.985915493,-0.007092199,2.592592593,0.443298969,1.489361702,0.196581197,0.191056911,-0.679180887,0.105145414,-0.809716599,0.125668449,-0.77672209,0.124668435,-0.778301887,0.68115942,-0.189655172,0.546511628,-0.293233083,0.661971831,-0.203389831,1.740740741,0.27027027,0.671428571,-0.196581197
59,62,74,80,72,70,48,66,43,46,12/3/2025,100.02,0.925,-0.038961039,1.027777778,0.01369863,1.057142857,0.027777778,1.541666667,0.213114754,1.121212121,0.057142857,1.720930233,0.264957265,1.608695652,0.233333333,1.254237288,0.112781955,1.193548387,0.088235294,1.081081081,0.038961039,1.111111111,0.052631579,1.142857143,0.066666667,1.666666667,0.25,1.212121212,0.095890411,1.860465116,0.300813008,1.739130435,0.26984127,1.355932203,0.151079137,1.290322581,0.126760563,0.972972973,-0.01369863,0.9,-0.052631579,1.028571429,0.014084507,1.5,0.2,1.090909091,0.043478261,1.674418605,0.252173913,1.565217391,0.220338983,1.220338983,0.099236641,1.161290323,0.074626866,0.945945946,-0.027777778,0.875,-0.066666667,0.972222222,-0.014084507,1.458333333,0.186440678,1.060606061,0.029411765,1.627906977,0.238938053,1.52173913,0.206896552,1.186440678,0.085271318,1.129032258,0.060606061,0.648648649,-0.213114754,0.6,-0.25,0.666666667,-0.2,0.685714286,-0.186440678,0.727272727,-0.157894737,1.11627907,0.054945055,1.043478261,0.021276596,0.813559322,-0.102803738,0.774193548,-0.127272727,0.891891892,-0.057142857,0.825,-0.095890411,0.916666667,-0.043478261,0.942857143,-0.029411765,1.375,0.157894737,1.534883721,0.211009174,1.434782609,0.178571429,1.118644068,0.056,1.064516129,0.03125,0.581081081,-0.264957265,0.5375,-0.300813008,0.597222222,-0.252173913,0.614285714,-0.238938053,0.895833333,-0.054945055,0.651515152,-0.211009174,0.934782609,-0.033707865,0.728813559,-0.156862745,0.693548387,-0.180952381,0.621621622,-0.233333333,0.575,-0.26984127,0.638888889,-0.220338983,0.657142857,-0.206896552,0.958333333,-0.021276596,0.696969697,-0.178571429,1.069767442,0.033707865,0.779661017,-0.123809524,0.741935484,-0.148148148,0.797297297,-0.112781955,0.7375,-0.151079137,0.819444444,-0.099236641,0.842857143,-0.085271318,1.229166667,0.102803738,0.893939394,-0.056,1.372093023,0.156862745,1.282608696,0.123809524,0.951612903,-0.024793388,0.837837838,-0.088235294,0.775,-0.126760563,0.861111111,-0.074626866,0.885714286,-0.060606061,1.291666667,0.127272727,0.939393939,-0.03125,1.441860465,0.180952381,1.347826087,0.148148148,1.050847458,0.024793388
4,4,52,52,51,68,39,36,38,12,2/22/2024,203.26,1.0,0.0,1.019607843,0.009708738,0.764705882,-0.133333333,1.333333333,0.142857143,1.444444444,0.181818182,1.368421053,0.155555556,4.333333333,0.625,13.0,0.857142857,13.0,0.857142857,1.0,0.0,1.019607843,0.009708738,0.764705882,-0.133333333,1.333333333,0.142857143,1.444444444,0.181818182,1.368421053,0.155555556,4.333333333,0.625,13.0,0.857142857,13.0,0.857142857,0.980769231,-0.009708738,0.980769231,-0.009708738,0.75,-0.142857143,1.307692308,0.133333333,1.416666667,0.172413793,1.342105263,0.146067416,4.25,0.619047619,12.75,0.854545455,12.75,0.854545455,1.307692308,0.133333333,1.307692308,0.133333333,1.333333333,0.142857143,1.743589744,0.271028037,1.888888889,0.307692308,1.789473684,0.283018868,5.666666667,0.7,17.0,0.888888889,17.0,0.888888889,0.75,-0.142857143,0.75,-0.142857143,0.764705882,-0.133333333,0.573529412,-0.271028037,1.083333333,0.04,1.026315789,0.012987013,3.25,0.529411765,9.75,0.813953488,9.75,0.813953488,0.692307692,-0.181818182,0.692307692,-0.181818182,0.705882353,-0.172413793,0.529411765,-0.307692308,0.923076923,-0.04,0.947368421,-0.027027027,3.0,0.5,9.0,0.8,9.0,0.8,0.730769231,-0.155555556,0.730769231,-0.155555556,0.745098039,-0.146067416,0.558823529,-0.283018868,0.974358974,-0.012987013,1.055555556,0.027027027,3.166666667,0.52,9.5,0.80952381,9.5,0.80952381,0.230769231,-0.625,0.230769231,-0.625,0.235294118,-0.619047619,0.176470588,-0.7,0.307692308,-0.529411765,0.333333333,-0.5,0.315789474,-0.52,3.0,0.5,3.0,0.5,0.076923077,-0.857142857,0.076923077,-0.857142857,0.078431373,-0.854545455,0.058823529,-0.888888889,0.102564103,-0.813953488,0.111111111,-0.8,0.105263158,-0.80952381,0.333333333,-0.5,1.0,0.0,0.076923077,-0.857142857,0.076923077,-0.857142857,0.078431373,-0.854545455,0.058823529,-0.888888889,0.102564103,-0.813953488,0.111111111,-0.8,0.105263158,-0.80952381,0.333333333,-0.5,1.0,0.0
478,425,861,957,673,634,510,532,529,508,5/2/2025,20.73,0.89968652,-0.052805281,1.279346211,0.122555411,1.358044164,0.151839465,1.688235294,0.256017505,1.618421053,0.236180905,1.627599244,0.238848921,1.69488189,0.257852447,1.80125523,0.286034354,2.025882353,0.33903577,1.111498258,0.052805281,1.421991085,0.174233129,1.509463722,0.20301697,1.876470588,0.304703476,1.79887218,0.285426461,1.809073724,0.288021534,1.883858268,0.306484642,2.00209205,0.333797909,2.251764706,0.384949349,0.781649245,-0.122555411,0.703239289,-0.174233129,1.061514196,0.029839327,1.319607843,0.137785292,1.265037594,0.117012448,1.27221172,0.119800333,1.32480315,0.139712108,1.407949791,0.169417897,1.583529412,0.225865209,0.736353078,-0.151839465,0.662486938,-0.20301697,0.94205052,-0.029839327,1.243137255,0.108391608,1.191729323,0.087478559,1.198487713,0.090283749,1.248031496,0.11033275,1.326359833,0.14028777,1.491764706,0.197355996,0.592334495,-0.256017505,0.532915361,-0.304703476,0.757800892,-0.137785292,0.804416404,-0.108391608,0.958646617,-0.021113244,0.964083176,-0.018286814,1.003937008,0.001964637,1.066945607,0.032388664,1.2,0.090909091,0.617886179,-0.236180905,0.555903866,-0.285426461,0.790490342,-0.117012448,0.839116719,-0.087478559,1.043137255,0.021113244,1.005671078,0.002827521,1.047244094,0.023076923,1.112970711,0.053465347,1.251764706,0.111807732,0.614401858,-0.238848921,0.55276907,-0.288021534,0.786032689,-0.119800333,0.834384858,-0.090283749,1.037254902,0.018286814,0.994360902,-0.002827521,1.041338583,0.020250723,1.106694561,0.050645482,1.244705882,0.109014675,0.590011614,-0.257852447,0.530825496,-0.306484642,0.754829123,-0.139712108,0.80126183,-0.11033275,0.996078431,-0.001964637,0.954887218,-0.023076923,0.960302457,-0.020250723,1.062761506,0.030425963,1.195294118,0.088960343,0.555168409,-0.286034354,0.499477534,-0.333797909,0.7102526,-0.169417897,0.753943218,-0.14028777,0.937254902,-0.032388664,0.898496241,-0.053465347,0.903591682,-0.050645482,0.940944882,-0.030425963,1.124705882,0.058693245,0.493612079,-0.33903577,0.444096134,-0.384949349,0.631500743,-0.225865209,0.670347003,-0.197355996,0.833333333,-0.090909091,0.79887218,-0.111807732,0.803402647,-0.109014675,0.836614173,-0.088960343,0.889121339,-0.058693245
211,177,302,291,268,292,238,260,239,213,8/30/2025,92.55,1.037800687,0.018549747,1.126865672,0.059649123,1.034246575,0.016835017,1.268907563,0.118518519,1.161538462,0.074733096,1.263598326,0.116451017,1.417840376,0.172815534,1.431279621,0.177387914,1.706214689,0.260960334,0.963576159,-0.018549747,1.085820896,0.041144902,0.996575342,-0.001715266,1.222689076,0.100189036,1.119230769,0.056261343,1.217573222,0.098113208,1.366197183,0.154761905,1.379146919,0.15936255,1.644067797,0.243589744,0.887417219,-0.059649123,0.920962199,-0.041144902,0.917808219,-0.042857143,1.12605042,0.059288538,1.030769231,0.015151515,1.121338912,0.057199211,1.258215962,0.114345114,1.27014218,0.118997912,1.514124294,0.204494382,0.966887417,-0.016835017,1.003436426,0.001715266,1.089552239,0.042857143,1.226890756,0.101886792,1.123076923,0.057971014,1.221757322,0.099811676,1.370892019,0.156435644,1.383886256,0.161033797,1.649717514,0.245202559,0.78807947,-0.118518519,0.817869416,-0.100189036,0.888059701,-0.059288538,0.815068493,-0.101886792,0.915384615,-0.044176707,0.9958159,-0.002096436,1.117370892,0.055432373,1.127962085,0.06013363,1.344632768,0.146987952,0.860927152,-0.074733096,0.89347079,-0.056261343,0.970149254,-0.015151515,0.890410959,-0.057971014,1.092436975,0.044176707,1.087866109,0.042084168,1.220657277,0.099365751,1.232227488,0.10403397,1.468926554,0.18993135,0.791390728,-0.116451017,0.821305842,-0.098113208,0.891791045,-0.057199211,0.818493151,-0.099811676,1.004201681,0.002096436,0.919230769,-0.042084168,1.122065728,0.057522124,1.132701422,0.062222222,1.350282486,0.149038462,0.705298013,-0.172815534,0.731958763,-0.154761905,0.794776119,-0.114345114,0.729452055,-0.156435644,0.894957983,-0.055432373,0.819230769,-0.099365751,0.891213389,-0.057522124,1.009478673,0.004716981,1.203389831,0.092307692,0.698675497,-0.177387914,0.725085911,-0.15936255,0.787313433,-0.118997912,0.72260274,-0.161033797,0.886554622,-0.06013363,0.811538462,-0.10403397,0.882845188,-0.062222222,0.990610329,-0.004716981,1.192090395,0.087628866,0.586092715,-0.260960334,0.608247423,-0.243589744,0.660447761,-0.204494382,0.606164384,-0.245202559,0.743697479,-0.146987952,0.680769231,-0.18993135,0.740585774,-0.149038462,0.830985915,-0.092307692,0.838862559,-0.087628866
1212,1090,1295,1287,1305,1357,1263,1234,1127,1203,5/27/2024,134.77,1.006216006,0.003098373,0.992337165,-0.003846154,0.95431098,-0.023378582,1.0253365,0.012509773,1.049432739,0.024120206,1.149068323,0.069364162,1.076475478,0.036829464,1.068481848,0.0331073,1.188073394,0.085953878,0.993822394,-0.003098373,0.986206897,-0.006944444,0.948415623,-0.026475038,1.019002375,0.009411765,1.042949757,0.021023403,1.141969831,0.066280033,1.069825436,0.03373494,1.061881188,0.030012005,1.180733945,0.082877577,1.007722008,0.003846154,1.013986014,0.006944444,0.961680177,-0.019534185,1.033254157,0.01635514,1.057536467,0.027963765,1.157941437,0.073190789,1.08478803,0.040669856,1.076732673,0.036948749,1.197247706,0.089770355,1.047876448,0.023378582,1.054390054,0.026475038,1.039846743,0.019534185,1.07442597,0.035877863,1.099675851,0.047472019,1.204081633,0.092592593,1.1280133,0.06015625,1.119636964,0.056442195,1.244954128,0.1091132,0.975289575,-0.012509773,0.981351981,-0.009411765,0.967816092,-0.01635514,0.93072955,-0.035877863,1.02350081,0.011613937,1.120674357,0.056903766,1.049875312,0.0243309,1.042079208,0.020606061,1.158715596,0.073523162,0.952895753,-0.024120206,0.958818959,-0.021023403,0.94559387,-0.027963765,0.90935888,-0.047472019,0.977038797,-0.011613937,1.094942325,0.04531978,1.025768911,0.012720558,1.018151815,0.008994276,1.132110092,0.061962134,0.87027027,-0.069364162,0.875679876,-0.066280033,0.863601533,-0.073190789,0.830508475,-0.092592593,0.892319873,-0.056903766,0.913290113,-0.04531978,0.936824605,-0.032618026,0.929867987,-0.036340316,1.033944954,0.01668922,0.928957529,-0.036829464,0.934731935,-0.03373494,0.92183908,-0.040669856,0.88651437,-0.06015625,0.952494062,-0.0243309,0.974878444,-0.012720558,1.06743567,0.032618026,0.992574257,-0.003726708,1.103669725,0.049280419,0.935907336,-0.0331073,0.941724942,-0.030012005,0.928735632,-0.036948749,0.893146647,-0.056442195,0.959619952,-0.020606061,0.982171799,-0.008994276,1.075421473,0.036340316,1.007481297,0.003726708,1.111926606,0.052997394,0.841698842,-0.085953878,0.846930847,-0.082877577,0.835249042,-0.089770355,0.803242447,-0.1091132,0.863024545,-0.073523162,0.883306321,-0.061962134,0.967169476,-0.01668922,0.906068163,-0.049280419,0.899339934,-0.052997394
895,812,1236,1498,1156,1117,971,960,887,954,5/9/2025,10.29,0.825100134,-0.095830285,1.069204152,0.033444816,1.106535363,0.050573736,1.272914521,0.120072497,1.2875,0.12568306,1.393461105,0.164390014,1.295597484,0.128767123,1.381005587,0.160018771,1.522167488,0.20703125,1.21197411,0.095830285,1.295847751,0.128862095,1.341092211,0.145697897,1.542739444,0.21344674,1.560416667,0.218877136,1.688838782,0.256184486,1.570230608,0.221859706,1.673743017,0.251984956,1.844827586,0.296969697,0.935275081,-0.033444816,0.771695594,-0.128862095,1.034914951,0.017157941,1.190525232,0.086976963,1.204166667,0.092627599,1.303269448,0.131669114,1.211740042,0.095734597,1.291620112,0.127254998,1.42364532,0.174796748,0.903721683,-0.050573736,0.745660881,-0.145697897,0.966262976,-0.017157941,1.150360453,0.069923372,1.163541667,0.075589793,1.259301015,0.114770459,1.170859539,0.078705939,1.248044693,0.110337972,1.375615764,0.158113012,0.785598706,-0.120072497,0.648197597,-0.21344674,0.839965398,-0.086976963,0.869292748,-0.069923372,1.011458333,0.00569653,1.09470124,0.045209903,1.017819706,0.008831169,1.084916201,0.040728832,1.195812808,0.089175547,0.776699029,-0.12568306,0.640854473,-0.218877136,0.830449827,-0.092627599,0.859444942,-0.075589793,0.988671473,-0.00569653,1.082299887,0.039523552,1.006289308,0.003134796,1.072625698,0.035040431,1.18226601,0.083521445,0.71763754,-0.164390014,0.59212283,-0.256184486,0.767301038,-0.131669114,0.794091316,-0.114770459,0.913491246,-0.045209903,0.923958333,-0.039523552,0.929769392,-0.036393265,0.991061453,-0.004489338,1.092364532,0.044143614,0.77184466,-0.128767123,0.636849132,-0.221859706,0.825259516,-0.095734597,0.854073411,-0.078705939,0.982492276,-0.008831169,0.99375,-0.003134796,1.075535513,0.036393265,1.065921788,0.03190914,1.174876847,0.080407701,0.724110032,-0.160018771,0.597463284,-0.251984956,0.774221453,-0.127254998,0.801253357,-0.110337972,0.921730175,-0.040728832,0.932291667,-0.035040431,1.009019166,0.004489338,0.938155136,-0.03190914,1.102216749,0.048623316,0.656957929,-0.20703125,0.542056075,-0.296969697,0.702422145,-0.174796748,0.72694718,-0.158113012,0.836251287,-0.089175547,0.845833333,-0.083521445,0.915445321,-0.044143614,0.85115304,-0.080407701,0.90726257,-0.048623316
706,644,937,1027,848,846,765,759,743,713,5/7/2024,33.04,0.912366115,-0.045824847,1.10495283,0.049859944,1.107565012,0.051037577,1.224836601,0.101057579,1.234519104,0.10495283,1.261103634,0.11547619,1.314165498,0.135757576,1.327195467,0.14059647,1.454968944,0.185325743,1.096051227,0.045824847,1.211084906,0.095466667,1.213947991,0.096636412,1.34248366,0.146205357,1.353096179,0.150055991,1.382234186,0.160451977,1.440392707,0.18045977,1.454674221,0.185227928,1.594720497,0.229204069,0.905016009,-0.049859944,0.82570594,-0.095466667,1.002364066,0.001180638,1.108496732,0.051456913,1.117259552,0.055382701,1.141318977,0.065996229,1.189340813,0.086483024,1.201133144,0.091377091,1.316770186,0.136729223,0.902881537,-0.051037577,0.82375852,-0.096636412,0.997641509,-0.001180638,1.105882353,0.05027933,1.114624506,0.054205607,1.138627187,0.064820642,1.186535764,0.085311097,1.198300283,0.090206186,1.313664596,0.13557047,0.816435432,-0.101057579,0.744888023,-0.146205357,0.902122642,-0.051456913,0.904255319,-0.05027933,1.007905138,0.003937008,1.02960969,0.014588859,1.072931276,0.035182679,1.083569405,0.04010877,1.187888199,0.085876508,0.810032017,-0.10495283,0.739045764,-0.150055991,0.89504717,-0.055382701,0.897163121,-0.054205607,0.992156863,-0.003937008,1.02153432,0.010652463,1.064516129,0.03125,1.075070822,0.036177474,1.178571429,0.081967213,0.792956243,-0.11547619,0.723466407,-0.160451977,0.876179245,-0.065996229,0.878250591,-0.064820642,0.97124183,-0.014588859,0.978919631,-0.010652463,1.042075736,0.020604396,1.052407932,0.025534852,1.153726708,0.071377073,0.760939168,-0.135757576,0.694255112,-0.18045977,0.840801887,-0.086483024,0.842789598,-0.085311097,0.932026144,-0.035182679,0.939393939,-0.03125,0.959623149,-0.020604396,1.009915014,0.004933051,1.107142857,0.050847458,0.753468517,-0.14059647,0.687439143,-0.185227928,0.83254717,-0.091377091,0.834515366,-0.090206186,0.922875817,-0.04010877,0.930171278,-0.036177474,0.950201884,-0.025534852,0.990182328,-0.004933051,1.096273292,0.045925926,0.687299893,-0.185325743,0.627069133,-0.229204069,0.759433962,-0.136729223,0.761229314,-0.13557047,0.841830065,-0.085876508,0.848484848,-0.081967213,0.866756393,-0.071377073,0.903225806,-0.050847458,0.912181303,-0.045925926
216,208,330,533,388,393,145,145,158,156,7/26/2024,45.29,0.619136961,-0.235225956,0.850515464,-0.080779944,0.839694656,-0.087136929,2.275862069,0.389473684,2.275862069,0.389473684,2.088607595,0.352459016,2.115384615,0.358024691,1.527777778,0.208791209,1.586538462,0.226765799,1.615151515,0.235225956,1.37371134,0.157437568,1.356234097,0.151187905,3.675862069,0.572271386,3.675862069,0.572271386,3.373417722,0.542691751,3.416666667,0.547169811,2.467592593,0.423230975,2.5625,0.438596491,1.175757576,0.080779944,0.727954972,-0.157437568,0.987277354,-0.006402049,2.675862069,0.455909944,2.675862069,0.455909944,2.455696203,0.421245421,2.487179487,0.426470588,1.796296296,0.284768212,1.865384615,0.302013423,1.190909091,0.087136929,0.737335835,-0.151187905,1.012886598,0.006402049,2.710344828,0.460966543,2.710344828,0.460966543,2.487341772,0.426497278,2.519230769,0.431693989,1.819444444,0.290640394,1.889423077,0.3078203,0.439393939,-0.389473684,0.272045028,-0.572271386,0.37371134,-0.455909944,0.368956743,-0.460966543,1.0,0.0,0.917721519,-0.04290429,0.929487179,-0.03654485,0.671296296,-0.1966759,0.697115385,-0.178470255,0.439393939,-0.389473684,0.272045028,-0.572271386,0.37371134,-0.455909944,0.368956743,-0.460966543,1.0,0.0,0.917721519,-0.04290429,0.929487179,-0.03654485,0.671296296,-0.1966759,0.697115385,-0.178470255,0.478787879,-0.352459016,0.296435272,-0.542691751,0.407216495,-0.421245421,0.402035623,-0.426497278,1.089655172,0.04290429,1.089655172,0.04290429,1.012820513,0.006369427,0.731481481,-0.155080214,0.759615385,-0.136612022,0.472727273,-0.358024691,0.292682927,-0.547169811,0.402061856,-0.426470588,0.396946565,-0.431693989,1.075862069,0.03654485,1.075862069,0.03654485,0.987341772,-0.006369427,0.722222222,-0.161290323,0.75,-0.142857143,0.654545455,-0.208791209,0.405253283,-0.423230975,0.556701031,-0.284768212,0.549618321,-0.290640394,1.489655172,0.1966759,1.489655172,0.1966759,1.367088608,0.155080214,1.384615385,0.161290323,1.038461538,0.018867925,0.63030303,-0.226765799,0.390243902,-0.438596491,0.536082474,-0.302013423,0.529262087,-0.3078203,1.434482759,0.178470255,1.434482759,0.178470255,1.316455696,0.136612022,1.333333333,0.142857143,0.962962963,-0.018867925
1069,998,1130,1099,1137,1196,1104,1108,1000,1052,7/6/2024,227.47,1.028207461,0.013907582,0.993843448,-0.003087781,0.944816054,-0.028374893,1.023550725,0.011638317,1.019855596,0.009830206,1.13,0.061032864,1.074144487,0.035747021,1.057062675,0.027739882,1.132264529,0.062030075,0.972566372,-0.013907582,0.966578716,-0.016994633,0.918896321,-0.042265795,0.995471014,-0.002269632,0.991877256,-0.004077934,1.099,0.047165317,1.044676806,0.021850302,1.028063611,0.013837638,1.101202405,0.048164044,1.00619469,0.003087781,1.034576888,0.016994633,0.950668896,-0.025289327,1.029891304,0.014725569,1.026173285,0.012917595,1.137,0.064108563,1.080798479,0.038830516,1.063610851,0.030825023,1.139278557,0.065105386,1.05840708,0.028374893,1.088262056,0.042265795,1.051890941,0.025289327,1.083333333,0.04,1.079422383,0.038194444,1.196,0.089253188,1.136882129,0.06405694,1.118802619,0.05607064,1.198396794,0.090246126,0.97699115,-0.011638317,1.004549591,0.002269632,0.970976253,-0.014725569,0.923076923,-0.04,0.996389892,-0.001808318,1.104,0.049429658,1.049429658,0.024118738,1.032740879,0.016106765,1.106212425,0.050428164,0.980530973,-0.009830206,1.008189263,0.004077934,0.974494283,-0.012917595,0.926421405,-0.038194444,1.003623188,0.001808318,1.108,0.051233397,1.053231939,0.025925926,1.036482694,0.017914561,1.110220441,0.052231719,0.884955752,-0.061032864,0.909918107,-0.047165317,0.879507476,-0.064108563,0.836120401,-0.089253188,0.905797101,-0.049429658,0.902527076,-0.051233397,0.950570342,-0.025341131,0.935453695,-0.033349444,1.002004008,0.001001001,0.930973451,-0.035747021,0.957233849,-0.021850302,0.925241865,-0.038830516,0.879598662,-0.06405694,0.952898551,-0.024118738,0.949458484,-0.025925926,1.052,0.025341131,0.984097287,-0.008015087,1.054108216,0.026341463,0.946017699,-0.027739882,0.972702457,-0.013837638,0.940193492,-0.030825023,0.893812709,-0.05607064,0.968297101,-0.016106765,0.964801444,-0.017914561,1.069,0.033349444,1.016159696,0.008015087,1.071142285,0.034349299,0.883185841,-0.062030075,0.908098271,-0.048164044,0.877748461,-0.065105386,0.834448161,-0.090246126,0.903985507,-0.050428164,0.900722022,-0.052231719,0.998,-0.001001001,0.948669202,-0.026341463,0.933582788,-0.034349299
64,53,138,124,141,143,99,99,90,76,12/13/2024,155.01,1.112903226,0.053435115,0.978723404,-0.010752688,0.965034965,-0.017793594,1.393939394,0.164556962,1.393939394,0.164556962,1.533333333,0.210526316,1.815789474,0.289719626,2.15625,0.366336634,2.603773585,0.445026178,0.898550725,-0.053435115,0.879432624,-0.064150943,0.867132867,-0.071161049,1.252525253,0.112107623,1.252525253,0.112107623,1.377777778,0.158878505,1.631578947,0.24,1.9375,0.319148936,2.339622642,0.401129944,1.02173913,0.010752688,1.137096774,0.064150943,0.986013986,-0.007042254,1.424242424,0.175,1.424242424,0.175,1.566666667,0.220779221,1.855263158,0.299539171,2.203125,0.375609756,2.660377358,0.453608247,1.036231884,0.017793594,1.153225806,0.071161049,1.014184397,0.007042254,1.444444444,0.181818182,1.444444444,0.181818182,1.588888889,0.227467811,1.881578947,0.305936073,2.234375,0.381642512,2.698113208,0.459183673,0.717391304,-0.164556962,0.798387097,-0.112107623,0.70212766,-0.175,0.692307692,-0.181818182,1.0,0.0,1.1,0.047619048,1.302631579,0.131428571,1.546875,0.214723926,1.867924528,0.302631579,0.717391304,-0.164556962,0.798387097,-0.112107623,0.70212766,-0.175,0.692307692,-0.181818182,1.0,0.0,1.1,0.047619048,1.302631579,0.131428571,1.546875,0.214723926,1.867924528,0.302631579,0.652173913,-0.210526316,0.725806452,-0.158878505,0.638297872,-0.220779221,0.629370629,-0.227467811,0.909090909,-0.047619048,0.909090909,-0.047619048,1.184210526,0.084337349,1.40625,0.168831169,1.698113208,0.258741259,0.550724638,-0.289719626,0.612903226,-0.24,0.539007092,-0.299539171,0.531468531,-0.305936073,0.767676768,-0.131428571,0.767676768,-0.131428571,0.844444444,-0.084337349,1.1875,0.085714286,1.433962264,0.178294574,0.463768116,-0.366336634,0.516129032,-0.319148936,0.453900709,-0.375609756,0.447552448,-0.381642512,0.646464646,-0.214723926,0.646464646,-0.214723926,0.711111111,-0.168831169,0.842105263,-0.085714286,1.20754717,0.094017094,0.384057971,-0.445026178,0.427419355,-0.401129944,0.375886525,-0.453608247,0.370629371,-0.459183673,0.535353535,-0.302631579,0.535353535,-0.302631579,0.588888889,-0.258741259,0.697368421,-0.178294574,0.828125,-0.094017094
384,319,496,729,546,529,391,398,360,388,7/21/2024,26.86,0.680384088,-0.190204082,0.908424908,-0.047984645,0.937618147,-0.032195122,1.268542199,0.11837655,1.246231156,0.109619687,1.377777778,0.158878505,1.278350515,0.122171946,1.291666667,0.127272727,1.554858934,0.217177914,1.469758065,0.190204082,1.335164835,0.143529412,1.378071834,0.158982512,1.864450128,0.301785714,1.831658291,0.293700089,2.025,0.338842975,1.878865979,0.305282005,1.8984375,0.309973046,2.285266458,0.391221374,1.100806452,0.047984645,0.748971193,-0.143529412,1.032136106,0.015813953,1.396419437,0.165421558,1.371859296,0.156779661,1.516666667,0.205298013,1.407216495,0.169164882,1.421875,0.174193548,1.711598746,0.262427746,1.066532258,0.032195122,0.725651578,-0.158982512,0.968864469,-0.015813953,1.352941176,0.15,1.329145729,0.141316073,1.469444444,0.190101237,1.363402062,0.153762268,1.377604167,0.158817087,1.65830721,0.247641509,0.788306452,-0.11837655,0.536351166,-0.301785714,0.716117216,-0.165421558,0.739130435,-0.15,0.98241206,-0.00887199,1.086111111,0.041278296,1.007731959,0.003851091,1.018229167,0.009032258,1.225705329,0.101408451,0.802419355,-0.109619687,0.545953361,-0.293700089,0.728937729,-0.156779661,0.752362949,-0.141316073,1.017902813,0.00887199,1.105555556,0.050131926,1.025773196,0.012722646,1.036458333,0.017902813,1.247648903,0.110181311,0.725806452,-0.158878505,0.49382716,-0.338842975,0.659340659,-0.205298013,0.680529301,-0.190101237,0.920716113,-0.041278296,0.904522613,-0.050131926,0.927835052,-0.037433155,0.9375,-0.032258065,1.128526646,0.060382916,0.782258065,-0.122171946,0.53223594,-0.305282005,0.710622711,-0.169164882,0.733459357,-0.153762268,0.992327366,-0.003851091,0.974874372,-0.012722646,1.077777778,0.037433155,1.010416667,0.005181347,1.21630094,0.097595474,0.774193548,-0.127272727,0.526748971,-0.309973046,0.703296703,-0.174193548,0.725897921,-0.158817087,0.982097187,-0.009032258,0.964824121,-0.017902813,1.066666667,0.032258065,0.989690722,-0.005181347,1.203761755,0.092460882,0.643145161,-0.217177914,0.437585734,-0.391221374,0.584249084,-0.262427746,0.603024575,-0.247641509,0.815856777,-0.101408451,0.801507538,-0.110181311,0.886111111,-0.060382916,0.822164948,-0.097595474,0.830729167,-0.092460882
45,34,123,200,150,156,29,22,21,24,8/15/2025,55.43,0.615,-0.238390093,0.82,-0.098901099,0.788461538,-0.11827957,4.24137931,0.618421053,5.590909091,0.696551724,5.857142857,0.708333333,5.125,0.673469388,2.733333333,0.464285714,3.617647059,0.566878981,1.62601626,0.238390093,1.333333333,0.142857143,1.282051282,0.123595506,6.896551724,0.746724891,9.090909091,0.801801802,9.523809524,0.809954751,8.333333333,0.785714286,4.444444444,0.632653061,5.882352941,0.709401709,1.219512195,0.098901099,0.75,-0.142857143,0.961538462,-0.019607843,5.172413793,0.675977654,6.818181818,0.744186047,7.142857143,0.754385965,6.25,0.724137931,3.333333333,0.538461538,4.411764706,0.630434783,1.268292683,0.11827957,0.78,-0.123595506,1.04,0.019607843,5.379310345,0.686486486,7.090909091,0.752808989,7.428571429,0.762711864,6.5,0.733333333,3.466666667,0.552238806,4.588235294,0.642105263,0.235772358,-0.618421053,0.145,-0.746724891,0.193333333,-0.675977654,0.185897436,-0.686486486,1.318181818,0.137254902,1.380952381,0.16,1.208333333,0.094339623,0.644444444,-0.216216216,0.852941176,-0.079365079,0.178861789,-0.696551724,0.11,-0.801801802,0.146666667,-0.744186047,0.141025641,-0.752808989,0.75862069,-0.137254902,1.047619048,0.023255814,0.916666667,-0.043478261,0.488888889,-0.343283582,0.647058824,-0.214285714,0.170731707,-0.708333333,0.105,-0.809954751,0.14,-0.754385965,0.134615385,-0.762711864,0.724137931,-0.16,0.954545455,-0.023255814,0.875,-0.066666667,0.466666667,-0.363636364,0.617647059,-0.236363636,0.195121951,-0.673469388,0.12,-0.785714286,0.16,-0.724137931,0.153846154,-0.733333333,0.827586207,-0.094339623,1.090909091,0.043478261,1.142857143,0.066666667,0.533333333,-0.304347826,0.705882353,-0.172413793,0.365853659,-0.464285714,0.225,-0.632653061,0.3,-0.538461538,0.288461538,-0.552238806,1.551724138,0.216216216,2.045454545,0.343283582,2.142857143,0.363636364,1.875,0.304347826,1.323529412,0.139240506,0.276422764,-0.566878981,0.17,-0.709401709,0.226666667,-0.630434783,0.217948718,-0.642105263,1.172413793,0.079365079,1.545454545,0.214285714,1.619047619,0.236363636,1.416666667,0.172413793,0.755555556,-0.139240506
295,277,340,406,354,391,297,347,317,341,10/25/2023,77.24,0.837438424,-0.08847185,0.960451977,-0.020172911,0.869565217,-0.069767442,1.144781145,0.067503925,0.979827089,-0.010189229,1.072555205,0.03500761,0.997067449,-0.001468429,1.152542373,0.070866142,1.227436823,0.102106969,1.194117647,0.08847185,1.146892655,0.068421053,1.038363171,0.018820577,1.367003367,0.155049787,1.170028818,0.078353254,1.280757098,0.123098202,1.190615836,0.087014726,1.376271186,0.158345221,1.465703971,0.188872621,1.041176471,0.020172911,0.871921182,-0.068421053,0.905370844,-0.04966443,1.191919192,0.087557604,1.020172911,0.009985735,1.116719243,0.05514158,1.038123167,0.018705036,1.2,0.090909091,1.277978339,0.122028526,1.15,0.069767442,0.963054187,-0.018820577,1.104519774,0.04966443,1.316498316,0.136627907,1.126801153,0.059620596,1.233438486,0.104519774,1.146627566,0.068306011,1.325423729,0.139941691,1.411552347,0.170658683,0.873529412,-0.067503925,0.731527094,-0.155049787,0.838983051,-0.087557604,0.759590793,-0.136627907,0.855907781,-0.077639752,0.936908517,-0.03257329,0.870967742,-0.068965517,1.006779661,0.003378378,1.072202166,0.034843206,1.020588235,0.010189229,0.854679803,-0.078353254,0.980225989,-0.009985735,0.887468031,-0.059620596,1.168350168,0.077639752,1.094637224,0.045180723,1.017595308,0.00872093,1.176271186,0.080996885,1.252707581,0.112179487,0.932352941,-0.03500761,0.780788177,-0.123098202,0.895480226,-0.05514158,0.810741688,-0.104519774,1.067340067,0.03257329,0.913544669,-0.045180723,0.929618768,-0.036474164,1.074576271,0.035947712,1.144404332,0.067340067,1.002941176,0.001468429,0.839901478,-0.087014726,0.963276836,-0.018705036,0.872122762,-0.068306011,1.148148148,0.068965517,0.982708934,-0.00872093,1.075709779,0.036474164,1.155932203,0.072327044,1.231046931,0.103559871,0.867647059,-0.070866142,0.726600985,-0.158345221,0.833333333,-0.090909091,0.754475703,-0.139941691,0.993265993,-0.003378378,0.850144092,-0.080996885,0.930599369,-0.035947712,0.865102639,-0.072327044,1.064981949,0.031468531,0.814705882,-0.102106969,0.68226601,-0.188872621,0.782485876,-0.122028526,0.708439898,-0.170658683,0.932659933,-0.034843206,0.798270893,-0.112179487,0.873817035,-0.067340067,0.812316716,-0.103559871,0.938983051,-0.031468531
605,537,701,794,695,695,650,653,618,622,7/1/2024,13.05,0.882871537,-0.062207358,1.008633094,0.004297994,1.008633094,0.004297994,1.078461538,0.037749815,1.073506891,0.035450517,1.134304207,0.062926459,1.127009646,0.059712774,1.158677686,0.073506891,1.305400372,0.132471729,1.132667618,0.062207358,1.142446043,0.066487576,1.142446043,0.066487576,1.221538462,0.099722992,1.215926493,0.097442985,1.284789644,0.124645892,1.276527331,0.121468927,1.312396694,0.135096497,1.47858473,0.193087904,0.991440799,-0.004297994,0.875314861,-0.066487576,1.0,0.0,1.069230769,0.033457249,1.06431853,0.03115727,1.124595469,0.058644326,1.117363344,0.055429005,1.148760331,0.069230769,1.294227188,0.128246753,0.991440799,-0.004297994,0.875314861,-0.066487576,1.0,0.0,1.069230769,0.033457249,1.06431853,0.03115727,1.124595469,0.058644326,1.117363344,0.055429005,1.148760331,0.069230769,1.294227188,0.128246753,0.92724679,-0.037749815,0.818639798,-0.099722992,0.935251799,-0.033457249,0.935251799,-0.033457249,0.995405819,-0.002302379,1.051779935,0.025236593,1.045016077,0.022012579,1.074380165,0.035856574,1.210428305,0.095197978,0.931526391,-0.035450517,0.822418136,-0.097442985,0.939568345,-0.03115727,0.939568345,-0.03115727,1.004615385,0.002302379,1.056634304,0.027537372,1.049839228,0.024313725,1.079338843,0.038155803,1.216014898,0.097478992,0.881597718,-0.062926459,0.778337531,-0.124645892,0.889208633,-0.058644326,0.889208633,-0.058644326,0.950769231,-0.025236593,0.946401225,-0.027537372,0.993569132,-0.003225806,1.021487603,0.010629599,1.150837989,0.07012987,0.887303852,-0.059712774,0.783375315,-0.121468927,0.894964029,-0.055429005,0.894964029,-0.055429005,0.956923077,-0.022012579,0.952526799,-0.024313725,1.006472492,0.003225806,1.028099174,0.013854931,1.158286778,0.073339085,0.863052782,-0.073506891,0.761964736,-0.135096497,0.870503597,-0.069230769,0.870503597,-0.069230769,0.930769231,-0.035856574,0.926493109,-0.038155803,0.978964401,-0.010629599,0.97266881,-0.013854931,1.126629423,0.059544658,0.766048502,-0.132471729,0.676322418,-0.193087904,0.772661871,-0.128246753,0.772661871,-0.128246753,0.826153846,-0.095197978,0.822358346,-0.097478992,0.868932039,-0.07012987,0.863344051,-0.073339085,0.887603306,-0.059544658
73,58,145,124,113,138,84,90,83,68,2/27/2024,189.32,1.169354839,0.078066914,1.283185841,0.124031008,1.050724638,0.024734982,1.726190476,0.266375546,1.611111111,0.234042553,1.746987952,0.271929825,2.132352941,0.361502347,1.98630137,0.330275229,2.5,0.428571429,0.855172414,-0.078066914,1.097345133,0.046413502,0.898550725,-0.053435115,1.476190476,0.192307692,1.377777778,0.158878505,1.493975904,0.198067633,1.823529412,0.291666667,1.698630137,0.258883249,2.137931034,0.362637363,0.779310345,-0.124031008,0.911290323,-0.046413502,0.81884058,-0.099601594,1.345238095,0.147208122,1.255555556,0.113300493,1.361445783,0.153061224,1.661764706,0.248618785,1.547945205,0.215053763,1.948275862,0.321637427,0.951724138,-0.024734982,1.112903226,0.053435115,1.221238938,0.099601594,1.642857143,0.243243243,1.533333333,0.210526316,1.662650602,0.248868778,2.029411765,0.339805825,1.890410959,0.308056872,2.379310345,0.408163265,0.579310345,-0.266375546,0.677419355,-0.192307692,0.743362832,-0.147208122,0.608695652,-0.243243243,0.933333333,-0.034482759,1.012048193,0.005988024,1.235294118,0.105263158,1.150684932,0.070063694,1.448275862,0.183098592,0.620689655,-0.234042553,0.725806452,-0.158878505,0.796460177,-0.113300493,0.652173913,-0.210526316,1.071428571,0.034482759,1.084337349,0.040462428,1.323529412,0.139240506,1.232876712,0.104294479,1.551724138,0.216216216,0.572413793,-0.271929825,0.669354839,-0.198067633,0.734513274,-0.153061224,0.601449275,-0.248868778,0.988095238,-0.005988024,0.922222222,-0.040462428,1.220588235,0.099337748,1.136986301,0.064102564,1.431034483,0.177304965,0.468965517,-0.361502347,0.548387097,-0.291666667,0.601769912,-0.248618785,0.492753623,-0.339805825,0.80952381,-0.105263158,0.755555556,-0.139240506,0.819277108,-0.099337748,0.931506849,-0.035460993,1.172413793,0.079365079,0.503448276,-0.330275229,0.588709677,-0.258883249,0.646017699,-0.215053763,0.528985507,-0.308056872,0.869047619,-0.070063694,0.811111111,-0.104294479,0.879518072,-0.064102564,1.073529412,0.035460993,1.25862069,0.114503817,0.4,-0.428571429,0.467741935,-0.362637363,0.513274336,-0.321637427,0.420289855,-0.408163265,0.69047619,-0.183098592,0.644444444,-0.216216216,0.698795181,-0.177304965,0.852941176,-0.079365079,0.794520548,-0.114503817
60,29,61,76,74,66,37,19,31,39,11/23/2025,137.04,0.802631579,-0.109489051,0.824324324,-0.096296296,0.924242424,-0.039370079,1.648648649,0.244897959,3.210526316,0.525,1.967741935,0.326086957,1.564102564,0.22,1.016666667,0.008264463,2.103448276,0.355555556,1.245901639,0.109489051,1.027027027,0.013333333,1.151515152,0.070422535,2.054054054,0.345132743,4.0,0.6,2.451612903,0.420560748,1.948717949,0.32173913,1.266666667,0.117647059,2.620689655,0.447619048,1.213114754,0.096296296,0.973684211,-0.013333333,1.121212121,0.057142857,2.0,0.333333333,3.894736842,0.591397849,2.387096774,0.40952381,1.897435897,0.309734513,1.233333333,0.104477612,2.551724138,0.436893204,1.081967213,0.039370079,0.868421053,-0.070422535,0.891891892,-0.057142857,1.783783784,0.281553398,3.473684211,0.552941176,2.129032258,0.360824742,1.692307692,0.257142857,1.1,0.047619048,2.275862069,0.389473684,0.606557377,-0.244897959,0.486842105,-0.345132743,0.5,-0.333333333,0.560606061,-0.281553398,1.947368421,0.321428571,1.193548387,0.088235294,0.948717949,-0.026315789,0.616666667,-0.237113402,1.275862069,0.121212121,0.31147541,-0.525,0.25,-0.6,0.256756757,-0.591397849,0.287878788,-0.552941176,0.513513514,-0.321428571,0.612903226,-0.24,0.487179487,-0.344827586,0.316666667,-0.518987342,0.655172414,-0.208333333,0.508196721,-0.326086957,0.407894737,-0.420560748,0.418918919,-0.40952381,0.46969697,-0.360824742,0.837837838,-0.088235294,1.631578947,0.24,0.794871795,-0.114285714,0.516666667,-0.318681319,1.068965517,0.033333333,0.639344262,-0.22,0.513157895,-0.32173913,0.527027027,-0.309734513,0.590909091,-0.257142857,1.054054054,0.026315789,2.052631579,0.344827586,1.258064516,0.114285714,0.65,-0.212121212,1.344827586,0.147058824,0.983606557,-0.008264463,0.789473684,-0.117647059,0.810810811,-0.104477612,0.909090909,-0.047619048,1.621621622,0.237113402,3.157894737,0.518987342,1.935483871,0.318681319,1.538461538,0.212121212,2.068965517,0.348314607,0.475409836,-0.355555556,0.381578947,-0.447619048,0.391891892,-0.436893204,0.439393939,-0.389473684,0.783783784,-0.121212121,1.526315789,0.208333333,0.935483871,-0.033333333,0.743589744,-0.147058824,0.483333333,-0.348314607
1513,1280,1662,1679,1674,1746,1571,1549,1485,1520,6/16/2025,131.91,0.989874926,-0.005088297,0.992831541,-0.003597122,0.951890034,-0.024647887,1.057924889,0.028147232,1.072950291,0.035191529,1.119191919,0.056244042,1.093421053,0.044626021,1.098479841,0.046929134,1.2984375,0.129843644,1.01022864,0.005088297,1.002986858,0.001491202,0.961626575,-0.019562044,1.068746022,0.033230769,1.083925113,0.040272615,1.130639731,0.061314791,1.104605263,0.049703032,1.109715796,0.052005013,1.31171875,0.134842852,1.007220217,0.003597122,0.997022037,-0.001491202,0.958762887,-0.021052632,1.065563335,0.03174114,1.080697224,0.038783742,1.127272727,0.05982906,1.101315789,0.048215404,1.106411104,0.050517728,1.3078125,0.13337847,1.050541516,0.024647887,1.039904705,0.019562044,1.043010753,0.021052632,1.111394017,0.052758517,1.127178825,0.059787557,1.175757576,0.080779944,1.148684211,0.069197795,1.153998678,0.071494323,1.3640625,0.153998678,0.945246691,-0.028147232,0.935675998,-0.033230769,0.938470729,-0.03174114,0.899770905,-0.052758517,1.014202711,0.007051282,1.057912458,0.028141361,1.033552632,0.016499515,1.038334435,0.018806744,1.22734375,0.102069449,0.932009627,-0.035191529,0.92257296,-0.040272615,0.925328554,-0.038783742,0.887170676,-0.059787557,0.985996181,-0.007051282,1.043097643,0.021094265,1.019078947,0.009449332,1.023793787,0.011757022,1.21015625,0.095086603,0.893501805,-0.056244042,0.884455033,-0.061314791,0.887096774,-0.05982906,0.850515464,-0.080779944,0.945257798,-0.028141361,0.958683021,-0.021094265,0.976973684,-0.011647255,0.981493721,-0.00933956,1.16015625,0.074141049,0.91456077,-0.044626021,0.905300774,-0.049703032,0.908004779,-0.048215404,0.870561283,-0.069197795,0.967536601,-0.016499515,0.981278244,-0.009449332,1.023569024,0.011647255,1.00462657,0.002307946,1.1875,0.085714286,0.910348977,-0.046929134,0.901131626,-0.052005013,0.903823178,-0.050517728,0.866552119,-0.071494323,0.96308084,-0.018806744,0.976759199,-0.011757022,1.018855219,0.00933956,0.995394737,-0.002307946,1.18203125,0.083422843,0.770156438,-0.129843644,0.762358547,-0.134842852,0.764635603,-0.13337847,0.733104238,-0.153998678,0.814767664,-0.102069449,0.826339574,-0.095086603,0.861952862,-0.074141049,0.842105263,-0.085714286,0.846001322,-0.083422843
562,557,665,647,667,732,616,625,572,597,4/17/2024,156.1,1.027820711,0.013719512,0.997001499,-0.001501502,0.908469945,-0.047959914,1.079545455,0.038251366,1.064,0.031007752,1.162587413,0.075181892,1.113902848,0.053882726,1.183274021,0.08394458,1.193895871,0.088379705,0.972932331,-0.013719512,0.970014993,-0.0152207,0.883879781,-0.061638869,1.050324675,0.024544735,1.0352,0.017295597,1.131118881,0.061525841,1.083752094,0.040192926,1.151245552,0.070306038,1.161579892,0.074750831,1.003007519,0.001501502,1.030911901,0.0152207,0.911202186,-0.046461758,1.082792208,0.039750585,1.0672,0.03250774,1.166083916,0.076674738,1.117252931,0.055379747,1.18683274,0.085435313,1.197486535,0.089869281,1.10075188,0.047959914,1.13137558,0.061638869,1.097451274,0.046461758,1.188311688,0.086053412,1.1712,0.078850405,1.27972028,0.122699387,1.226130653,0.101580135,1.302491103,0.13137558,1.314183124,0.135764158,0.926315789,-0.038251366,0.952086553,-0.024544735,0.923538231,-0.039750585,0.841530055,-0.086053412,0.9856,-0.007252216,1.076923077,0.037037037,1.031825796,0.015663644,1.096085409,0.045840407,1.105924596,0.05029838,0.939849624,-0.031007752,0.965996909,-0.017295597,0.937031484,-0.03250774,0.853825137,-0.078850405,1.01461039,0.007252216,1.092657343,0.04427736,1.046901173,0.022913257,1.112099644,0.053074979,1.122082585,0.057529611,0.860150376,-0.075181892,0.884080371,-0.061525841,0.857571214,-0.076674738,0.781420765,-0.122699387,0.928571429,-0.037037037,0.9152,-0.04427736,0.958123953,-0.0213858,1.017793594,0.008818342,1.026929982,0.013286094,0.897744361,-0.053882726,0.922720247,-0.040192926,0.895052474,-0.055379747,0.81557377,-0.101580135,0.969155844,-0.015663644,0.9552,-0.022913257,1.043706294,0.0213858,1.06227758,0.030198447,1.071813285,0.034662045,0.845112782,-0.08394458,0.86862442,-0.070306038,0.842578711,-0.085435313,0.767759563,-0.13137558,0.912337662,-0.045840407,0.8992,-0.053074979,0.982517483,-0.008818342,0.941373534,-0.030198447,1.008976661,0.004468275,0.837593985,-0.088379705,0.860896445,-0.074750831,0.835082459,-0.089869281,0.760928962,-0.135764158,0.904220779,-0.05029838,0.8912,-0.057529611,0.973776224,-0.013286094,0.932998325,-0.034662045,0.991103203,-0.004468275
76,64,116,84,92,105,74,100,97,96,2/7/2024,126.13,1.380952381,0.16,1.260869565,0.115384615,1.104761905,0.049773756,1.567567568,0.221052632,1.16,0.074074074,1.195876289,0.089201878,1.208333333,0.094339623,1.526315789,0.208333333,1.8125,0.288888889,0.724137931,-0.16,0.913043478,-0.045454545,0.8,-0.111111111,1.135135135,0.063291139,0.84,-0.086956522,0.865979381,-0.071823204,0.875,-0.066666667,1.105263158,0.05,1.3125,0.135135135,0.793103448,-0.115384615,1.095238095,0.045454545,0.876190476,-0.065989848,1.243243243,0.108433735,0.92,-0.041666667,0.948453608,-0.026455026,0.958333333,-0.021276596,1.210526316,0.095238095,1.4375,0.179487179,0.905172414,-0.049773756,1.25,0.111111111,1.141304348,0.065989848,1.418918919,0.173184358,1.05,0.024390244,1.082474227,0.03960396,1.09375,0.044776119,1.381578947,0.160220994,1.640625,0.24260355,0.637931034,-0.221052632,0.880952381,-0.063291139,0.804347826,-0.108433735,0.704761905,-0.173184358,0.74,-0.149425287,0.762886598,-0.134502924,0.770833333,-0.129411765,0.973684211,-0.013333333,1.15625,0.072463768,0.862068966,-0.074074074,1.19047619,0.086956522,1.086956522,0.041666667,0.952380952,-0.024390244,1.351351351,0.149425287,1.030927835,0.015228426,1.041666667,0.020408163,1.315789474,0.136363636,1.5625,0.219512195,0.836206897,-0.089201878,1.154761905,0.071823204,1.054347826,0.026455026,0.923809524,-0.03960396,1.310810811,0.134502924,0.97,-0.015228426,1.010416667,0.005181347,1.276315789,0.121387283,1.515625,0.204968944,0.827586207,-0.094339623,1.142857143,0.066666667,1.043478261,0.021276596,0.914285714,-0.044776119,1.297297297,0.129411765,0.96,-0.020408163,0.989690722,-0.005181347,1.263157895,0.11627907,1.5,0.2,0.655172414,-0.208333333,0.904761905,-0.05,0.826086957,-0.095238095,0.723809524,-0.160220994,1.027027027,0.013333333,0.76,-0.136363636,0.783505155,-0.121387283,0.791666667,-0.11627907,1.1875,0.085714286,0.551724138,-0.288888889,0.761904762,-0.135135135,0.695652174,-0.179487179,0.60952381,-0.24260355,0.864864865,-0.072463768,0.64,-0.219512195,0.659793814,-0.204968944,0.666666667,-0.2,0.842105263,-0.085714286
