Actual ,B11,B12,B2,B3,B4,B5,B6,B7,B8,B8A,NDTI,RATIO_B2_B3,ND_B2_B3,RATIO_B2_B4,ND_B2_B4,RATIO_B2_B5,ND_B2_B5,RATIO_B2_B6,ND_B2_B6,RATIO_B2_B7,ND_B2_B7,RATIO_B2_B8,ND_B2_B8,RATIO_B2_B8A,ND_B2_B8A,RATIO_B2_B11,ND_B2_B11,RATIO_B2_B12,ND_B2_B12,RATIO_B3_B2,ND_B3_B2,RATIO_B3_B4,ND_B3_B4,RATIO_B3_B5,ND_B3_B5,RATIO_B3_B6,ND_B3_B6,RATIO_B3_B7,ND_B3_B7,RATIO_B3_B8,ND_B3_B8,RATIO_B3_B8A,ND_B3_B8A,RATIO_B3_B11,ND_B3_B11,RATIO_B3_B12,ND_B3_B12,RATIO_B4_B2,ND_B4_B2,RATIO_B4_B3,ND_B4_B3,RATIO_B4_B5,ND_B4_B5,RATIO_B4_B6,ND_B4_B6,RATIO_B4_B7,ND_B4_B7,RATIO_B4_B8,ND_B4_B8,RATIO_B4_B8A,ND_B4_B8A,RATIO_B4_B11,ND_B4_B11,RATIO_B4_B12,ND_B4_B12,RATIO_B5_B2,ND_B5_B2,RATIO_B5_B3,ND_B5_B3,RATIO_B5_B4,ND_B5_B4,RATIO_B5_B6,ND_B5_B6,RATIO_B5_B7,ND_B5_B7,RATIO_B5_B8,ND_B5_B8,RATIO_B5_B8A,ND_B5_B8A,RATIO_B5_B11,ND_B5_B11,RATIO_B5_B12,ND_B5_B12,RATIO_B6_B2,ND_B6_B2,RATIO_B6_B3,ND_B6_B3,RATIO_B6_B4,ND_B6_B4,RATIO_B6_B5,ND_B6_B5,RATIO_B6_B7,ND_B6_B7,RATIO_B6_B8,ND_B6_B8,RATIO_B6_B8A,ND_B6_B8A,RATIO_B6_B11,ND_B6_B11,RATIO_B6_B12,ND_B6_B12,RATIO_B7_B2,ND_B7_B2,RATIO_B7_B3,ND_B7_B3,RATIO_B7_B4,ND_B7_B4,RATIO_B7_B5,ND_B7_B5,RATIO_B7_B6,ND_B7_B6,RATIO_B7_B8,ND_B7_B8,RATIO_B7_B8A,ND_B7_B8A,RATIO_B7_B11,ND_B7_B11,RATIO_B7_B12,ND_B7_B12,RATIO_B8_B2,ND_B8_B2,RATIO_B8_B3,ND_B8_B3,RATIO_B8_B4,ND_B8_B4,RATIO_B8_B5,ND_B8_B5,RATIO_B8_B6,ND_B8_B6,RATIO_B8_B7,ND_B8_B7,RATIO_B8_B8A,ND_B8_B8A,RATIO_B8_B11,ND_B8_B11,RATIO_B8_B12,ND_B8_B12,RATIO_B8A_B2,ND_B8A_B2,RATIO_B8A_B3,ND_B8A_B3,RATIO_B8A_B4,ND_B8A_B4,RATIO_B8A_B5,ND_B8A_B5,RATIO_B8A_B6,ND_B8A_B6,RATIO_B8A_B7,ND_B8A_B7,RATIO_B8A_B8,ND_B8A_B8,RATIO_B8A_B11,ND_B8A_B11,RATIO_B8A_B12,ND_B8A_B12,RATIO_B11_B2,ND_B11_B2,RATIO_B11_B3,ND_B11_B3,RATIO_B11_B4,ND_B11_B4,RATIO_B11_B5,ND_B11_B5,RATIO_B11_B6,ND_B11_B6,RATIO_B11_B7,ND_B11_B7,RATIO_B11_B8,ND_B11_B8,RATIO_B11_B8A,ND_B11_B8A,RATIO_B11_B12,ND_B11_B12,RATIO_B12_B2,ND_B12_B2,RATIO_B12_B3,ND_B12_B3,RATIO_B12_B4,ND_B12_B4,RATIO_B12_B5,ND_B12_B5,RATIO_B12_B6,ND_B12_B6,RATIO_B12_B7,ND_B12_B7,RATIO_B12_B8,ND_B12_B8,RATIO_B12_B8A,ND_B12_B8A,RATIO_B12_B11,ND_B12_B11
3.9,21,19,181,386,299,256,36,31,22,6,-0.127007299,0.4689119170984456,-0.36155202821869487,0.6053511705685619,-0.24583333333333332,0.70703125,-0.17162471395881007,5.027777777777778,0.6682027649769585,5.838709677419355,0.7075471698113207,8.227272727272727,0.7832512315270936,30.166666666666668,0.9358288770053476,8.619047619047619,0.7920792079207921,9.526315789473685,0.81,2.132596685082873,0.36155202821869487,1.2909698996655519,0.12700729927007298,1.5078125,0.20249221183800623,10.722222222222221,0.8293838862559242,12.451612903225806,0.8513189448441247,17.545454545454547,0.8921568627450981,64.33333333333333,0.9693877551020408,18.38095238095238,0.8968058968058968,20.31578947368421,0.9061728395061729,1.6519337016574585,0.24583333333333332,0.7746113989637305,-0.12700729927007298,1.16796875,0.07747747747747748,8.305555555555555,0.7850746268656716,9.64516129032258,0.8121212121212121,13.590909090909092,0.8629283489096573,49.833333333333336,0.9606557377049181,14.238095238095237,0.86875,15.736842105263158,0.8805031446540881,1.4143646408839778,0.17162471395881007,0.6632124352331606,-0.20249221183800623,0.8561872909698997,-0.07747747747747748,7.111111111111111,0.7534246575342466,8.258064516129032,0.7839721254355401,11.636363636363637,0.841726618705036,42.666666666666664,0.9541984732824428,12.19047619047619,0.8483754512635379,13.473684210526315,0.8618181818181818,0.19889502762430938,-0.6682027649769585,0.09326424870466321,-0.8293838862559242,0.12040133779264214,-0.7850746268656716,0.140625,-0.7534246575342466,1.1612903225806452,0.07462686567164178,1.6363636363636365,0.2413793103448276,6.0,0.7142857142857143,1.7142857142857142,0.2631578947368421,1.894736842105263,0.3090909090909091,0.1712707182320442,-0.7075471698113207,0.08031088082901554,-0.8513189448441247,0.10367892976588629,-0.8121212121212121,0.12109375,-0.7839721254355401,0.8611111111111112,-0.07462686567164178,1.4090909090909092,0.16981132075471697,5.166666666666667,0.6756756756756757,1.4761904761904763,0.19230769230769232,1.631578947368421,0.24,0.12154696132596685,-0.7832512315270936,0.05699481865284974,-0.8921568627450981,0.07357859531772576,-0.8629283489096573,0.0859375,-0.841726618705036,0.6111111111111112,-0.2413793103448276,0.7096774193548387,-0.16981132075471697,3.6666666666666665,0.5714285714285714,1.0476190476190477,0.023255813953488372,1.1578947368421053,0.07317073170731707,0.03314917127071823,-0.9358288770053476,0.015544041450777202,-0.9693877551020408,0.020066889632107024,-0.9606557377049181,0.0234375,-0.9541984732824428,0.16666666666666666,-0.7142857142857143,0.1935483870967742,-0.6756756756756757,0.2727272727272727,-0.5714285714285714,0.2857142857142857,-0.5555555555555556,0.3157894736842105,-0.52,0.11602209944751381,-0.7920792079207921,0.054404145077720206,-0.8968058968058968,0.07023411371237458,-0.86875,0.08203125,-0.8483754512635379,0.5833333333333334,-0.2631578947368421,0.6774193548387096,-0.19230769230769232,0.9545454545454546,-0.023255813953488372,3.5,0.5555555555555556,1.105263157894737,0.05,0.10497237569060773,-0.81,0.04922279792746114,-0.9061728395061729,0.06354515050167224,-0.8805031446540881,0.07421875,-0.8618181818181818,0.5277777777777778,-0.3090909090909091,0.6129032258064516,-0.24,0.8636363636363636,-0.07317073170731707,3.1666666666666665,0.52,0.9047619047619048,-0.05
3.45,71,75,366,594,267,178,14,18,27,18,-0.379790941,0.6161616161616161,-0.2375,1.3707865168539326,0.15639810426540285,2.056179775280899,0.34558823529411764,26.142857142857142,0.9263157894736842,20.333333333333332,0.90625,13.555555555555555,0.8625954198473282,20.333333333333332,0.90625,5.154929577464789,0.6750572082379863,4.88,0.6598639455782312,1.6229508196721312,0.2375,2.2247191011235956,0.3797909407665505,3.337078651685393,0.538860103626943,42.42857142857143,0.9539473684210527,33.0,0.9411764705882353,22.0,0.9130434782608695,33.0,0.9411764705882353,8.366197183098592,0.7864661654135339,7.92,0.7757847533632287,0.7295081967213115,-0.15639810426540285,0.4494949494949495,-0.3797909407665505,1.5,0.2,19.071428571428573,0.900355871886121,14.833333333333334,0.8736842105263158,9.88888888888889,0.8163265306122449,14.833333333333334,0.8736842105263158,3.76056338028169,0.5798816568047337,3.56,0.5614035087719298,0.48633879781420764,-0.34558823529411764,0.2996632996632997,-0.538860103626943,0.6666666666666666,-0.2,12.714285714285714,0.8541666666666666,9.88888888888889,0.8163265306122449,6.592592592592593,0.7365853658536585,9.88888888888889,0.8163265306122449,2.507042253521127,0.42971887550200805,2.3733333333333335,0.40711462450592883,0.03825136612021858,-0.9263157894736842,0.02356902356902357,-0.9539473684210527,0.052434456928838954,-0.900355871886121,0.07865168539325842,-0.8541666666666666,0.7777777777777778,-0.125,0.5185185185185185,-0.3170731707317073,0.7777777777777778,-0.125,0.19718309859154928,-0.6705882352941176,0.18666666666666668,-0.6853932584269663,0.04918032786885246,-0.90625,0.030303030303030304,-0.9411764705882353,0.06741573033707865,-0.8736842105263158,0.10112359550561797,-0.8163265306122449,1.2857142857142858,0.125,0.6666666666666666,-0.2,1.0,0.0,0.2535211267605634,-0.5955056179775281,0.24,-0.6129032258064516,0.07377049180327869,-0.8625954198473282,0.045454545454545456,-0.9130434782608695,0.10112359550561797,-0.8163265306122449,0.15168539325842698,-0.7365853658536585,1.9285714285714286,0.3170731707317073,1.5,0.2,1.5,0.2,0.38028169014084506,-0.4489795918367347,0.36,-0.47058823529411764,0.04918032786885246,-0.90625,0.030303030303030304,-0.9411764705882353,0.06741573033707865,-0.8736842105263158,0.10112359550561797,-0.8163265306122449,1.2857142857142858,0.125,1.0,0.0,0.6666666666666666,-0.2,0.2535211267605634,-0.5955056179775281,0.24,-0.6129032258064516,0.19398907103825136,-0.6750572082379863,0.11952861952861953,-0.7864661654135339,0.26591760299625467,-0.5798816568047337,0.398876404494382,-0.42971887550200805,5.071428571428571,0.6705882352941176,3.9444444444444446,0.5955056179775281,2.6296296296296298,0.4489795918367347,3.9444444444444446,0.5955056179775281,0.9466666666666667,-0.0273972602739726,0.20491803278688525,-0.6598639455782312,0.12626262626262627,-0.7757847533632287,0.2808988764044944,-0.5614035087719298,0.42134831460674155,-0.40711462450592883,5.357142857142857,0.6853932584269663,4.166666666666667,0.6129032258064516,2.7777777777777777,0.47058823529411764,4.166666666666667,0.6129032258064516,1.056338028169014,0.0273972602739726
13.11,316,263,668,964,551,481,203,215,217,219,-0.272607261,0.6929460580912863,-0.18137254901960784,1.2123411978221417,0.09598031173092698,1.3887733887733889,0.16275021758050479,3.29064039408867,0.5338691159586682,3.1069767441860465,0.5130237825594564,3.078341013824885,0.5096045197740113,3.050228310502283,0.5062006764374295,2.1139240506329116,0.35772357723577236,2.5399239543726235,0.43501611170784105,1.4431137724550898,0.18137254901960784,1.749546279491833,0.2726072607260726,2.004158004158004,0.3342560553633218,4.748768472906404,0.6520994001713796,4.4837209302325585,0.635284139100933,4.442396313364055,0.632514817950889,4.401826484018265,0.6297548605240912,3.050632911392405,0.50625,3.665399239543726,0.5713121434392828,0.8248502994011976,-0.09598031173092698,0.5715767634854771,-0.2726072607260726,1.1455301455301454,0.06782945736434108,2.7142857142857144,0.46153846153846156,2.562790697674419,0.4386422976501306,2.5391705069124426,0.4348958333333333,2.5159817351598175,0.43116883116883115,1.7436708860759493,0.2710495963091119,2.0950570342205324,0.3538083538083538,0.7200598802395209,-0.16275021758050479,0.49896265560165975,-0.3342560553633218,0.8729582577132486,-0.06782945736434108,2.3694581280788176,0.4064327485380117,2.2372093023255815,0.382183908045977,2.216589861751152,0.37822349570200575,2.1963470319634704,0.3742857142857143,1.5221518987341771,0.20702634880803011,1.8288973384030418,0.29301075268817206,0.30389221556886226,-0.5338691159586682,0.21058091286307054,-0.6520994001713796,0.3684210526315789,-0.46153846153846156,0.42203742203742206,-0.4064327485380117,0.9441860465116279,-0.028708133971291867,0.9354838709677419,-0.03333333333333333,0.9269406392694064,-0.037914691943127965,0.6424050632911392,-0.21772639691714837,0.7718631178707225,-0.12875536480686695,0.3218562874251497,-0.5130237825594564,0.22302904564315354,-0.635284139100933,0.39019963702359345,-0.4386422976501306,0.446985446985447,-0.382183908045977,1.0591133004926108,0.028708133971291867,0.9907834101382489,-0.004629629629629629,0.9817351598173516,-0.009216589861751152,0.680379746835443,-0.1902071563088512,0.8174904942965779,-0.100418410041841,0.3248502994011976,-0.5096045197740113,0.22510373443983403,-0.632514817950889,0.3938294010889292,-0.4348958333333333,0.45114345114345117,-0.37822349570200575,1.0689655172413792,0.03333333333333333,1.0093023255813953,0.004629629629629629,0.9908675799086758,-0.0045871559633027525,0.6867088607594937,-0.18574108818011256,0.8250950570342205,-0.09583333333333334,0.3278443113772455,-0.5062006764374295,0.22717842323651452,-0.6297548605240912,0.397459165154265,-0.43116883116883115,0.4553014553014553,-0.3742857142857143,1.0788177339901477,0.037914691943127965,1.0186046511627906,0.009216589861751152,1.0092165898617511,0.0045871559633027525,0.6930379746835443,-0.18130841121495328,0.8326996197718631,-0.0912863070539419,0.47305389221556887,-0.35772357723577236,0.3278008298755187,-0.50625,0.573502722323049,-0.2710495963091119,0.656964656964657,-0.20702634880803011,1.5566502463054188,0.21772639691714837,1.4697674418604652,0.1902071563088512,1.456221198156682,0.18574108818011256,1.4429223744292237,0.18130841121495328,1.2015209125475286,0.09153713298791019,0.3937125748502994,-0.43501611170784105,0.27282157676348545,-0.5713121434392828,0.47731397459165154,-0.3538083538083538,0.5467775467775468,-0.29301075268817206,1.2955665024630543,0.12875536480686695,1.2232558139534884,0.100418410041841,1.2119815668202765,0.09583333333333334,1.2009132420091324,0.0912863070539419,0.8322784810126582,-0.09153713298791019
4.49,913,846,1232,1480,1188,1160,895,926,796,907,-0.109445277,0.8324324324324325,-0.09144542772861357,1.037037037037037,0.01818181818181818,1.0620689655172413,0.030100334448160536,1.3765363128491621,0.15843911612599906,1.3304535637149029,0.1417979610750695,1.5477386934673367,0.21499013806706113,1.35832414553473,0.15194015895278168,1.3493975903614457,0.14871794871794872,1.4562647754137117,0.18575553416746873,1.2012987012987013,0.09144542772861357,1.245791245791246,0.10944527736131934,1.2758620689655173,0.12121212121212122,1.6536312849162011,0.2463157894736842,1.5982721382289418,0.23025768911055694,1.8592964824120604,0.30052724077328646,1.6317530319735392,0.24005027230833684,1.6210295728368018,0.2369410781445884,1.7494089834515367,0.2725709372312984,0.9642857142857143,-0.01818181818181818,0.8027027027027027,-0.10944527736131934,1.0241379310344827,0.01192504258943782,1.3273743016759776,0.14066250600096014,1.2829373650107991,0.1239356669820246,1.4924623115577889,0.1975806451612903,1.3098125689084896,0.1341288782816229,1.3012048192771084,0.13089005235602094,1.4042553191489362,0.168141592920354,0.9415584415584416,-0.030100334448160536,0.7837837837837838,-0.12121212121212122,0.9764309764309764,-0.01192504258943782,1.2960893854748603,0.12895377128953772,1.2526997840172787,0.11217641418983701,1.4572864321608041,0.18609406952965235,1.278941565600882,0.1223996129656507,1.2705366922234391,0.11915098890496864,1.3711583924349882,0.15653040877367896,0.726461038961039,-0.15843911612599906,0.6047297297297297,-0.2463157894736842,0.7533670033670034,-0.14066250600096014,0.771551724137931,-0.12895377128953772,0.9665226781857451,-0.017023613399231193,1.1243718592964824,0.058545239503252515,0.9867695700110254,-0.006659267480577136,0.9802847754654983,-0.00995575221238938,1.057919621749409,0.028144744399770247,0.7516233766233766,-0.1417979610750695,0.6256756756756757,-0.23025768911055694,0.7794612794612794,-0.1239356669820246,0.7982758620689655,-0.11217641418983701,1.0346368715083798,0.017023613399231193,1.1633165829145728,0.07549361207897794,1.0209481808158765,0.010365521003818877,1.0142387732749178,0.0070690592713431215,1.094562647754137,0.045146726862302484,0.6461038961038961,-0.21499013806706113,0.5378378378378378,-0.30052724077328646,0.67003367003367,-0.1975806451612903,0.6862068965517242,-0.18609406952965235,0.8893854748603351,-0.058545239503252515,0.8596112311015118,-0.07549361207897794,0.8776185226019846,-0.06517909571344686,0.8718510405257394,-0.0684610883557636,0.9408983451536643,-0.030450669914738125,0.7362012987012987,-0.15194015895278168,0.6128378378378379,-0.24005027230833684,0.7634680134680135,-0.1341288782816229,0.781896551724138,-0.1223996129656507,1.0134078212290503,0.006659267480577136,0.9794816414686826,-0.010365521003818877,1.1394472361809045,0.06517909571344686,0.9934282584884995,-0.0032967032967032967,1.0721040189125295,0.03479749001711352,0.7410714285714286,-0.14871794871794872,0.6168918918918919,-0.2369410781445884,0.7685185185185185,-0.13089005235602094,0.7870689655172414,-0.11915098890496864,1.0201117318435755,0.00995575221238938,0.9859611231101512,-0.0070690592713431215,1.1469849246231156,0.0684610883557636,1.0066152149944874,0.0032967032967032967,1.07919621749409,0.03808982376350199,0.6866883116883117,-0.18575553416746873,0.5716216216216217,-0.2725709372312984,0.7121212121212122,-0.168141592920354,0.7293103448275862,-0.15653040877367896,0.9452513966480447,-0.028144744399770247,0.9136069114470843,-0.045146726862302484,1.0628140703517588,0.030450669914738125,0.9327453142227122,-0.03479749001711352,0.9266155531215772,-0.03808982376350199
5.9,104,61,507,418,368,463,363,354,254,249,-0.063613232,1.2129186602870814,0.09621621621621622,1.377717391304348,0.15885714285714286,1.0950323974082072,0.04536082474226804,1.396694214876033,0.16551724137931034,1.4322033898305084,0.17770034843205576,1.9960629921259843,0.3324572930354796,2.036144578313253,0.3412698412698413,4.875,0.6595744680851063,8.311475409836065,0.7852112676056338,0.8244575936883629,-0.09621621621621622,1.1358695652173914,0.06361323155216285,0.9028077753779697,-0.0510783200908059,1.1515151515151516,0.07042253521126761,1.1807909604519775,0.08290155440414508,1.6456692913385826,0.24404761904761904,1.678714859437751,0.25337331334332835,4.019230769230769,0.6015325670498084,6.852459016393443,0.7453027139874739,0.7258382642998028,-0.15885714285714286,0.8803827751196173,-0.06361323155216285,0.7948164146868251,-0.11432009626955475,1.0137741046831956,0.006839945280437756,1.03954802259887,0.019390581717451522,1.4488188976377954,0.1832797427652733,1.4779116465863453,0.19286871961102106,3.5384615384615383,0.559322033898305,6.032786885245901,0.7156177156177156,0.9132149901380671,-0.04536082474226804,1.1076555023923444,0.0510783200908059,1.2581521739130435,0.11432009626955475,1.2754820936639117,0.12106537530266344,1.307909604519774,0.13341493268053856,1.8228346456692914,0.2914923291492329,1.859437751004016,0.300561797752809,4.451923076923077,0.6331569664902998,7.590163934426229,0.767175572519084,0.7159763313609467,-0.16551724137931034,0.868421052631579,-0.07042253521126761,0.9864130434782609,-0.006839945280437756,0.7840172786177105,-0.12106537530266344,1.0254237288135593,0.012552301255230125,1.4291338582677164,0.1766612641815235,1.4578313253012047,0.18627450980392157,3.4903846153846154,0.5546038543897216,5.950819672131147,0.7122641509433962,0.6982248520710059,-0.17770034843205576,0.84688995215311,-0.08290155440414508,0.9619565217391305,-0.019390581717451522,0.7645788336933045,-0.13341493268053856,0.9752066115702479,-0.012552301255230125,1.3937007874015748,0.16447368421052633,1.4216867469879517,0.17412935323383086,3.4038461538461537,0.5458515283842795,5.80327868852459,0.7060240963855422,0.5009861932938856,-0.3324572930354796,0.6076555023923444,-0.24404761904761904,0.6902173913043478,-0.1832797427652733,0.5485961123110151,-0.2914923291492329,0.699724517906336,-0.1766612641815235,0.7175141242937854,-0.16447368421052633,1.0200803212851406,0.009940357852882704,2.4423076923076925,0.41899441340782123,4.163934426229508,0.6126984126984127,0.4911242603550296,-0.3412698412698413,0.5956937799043063,-0.25337331334332835,0.6766304347826086,-0.19286871961102106,0.5377969762419006,-0.300561797752809,0.6859504132231405,-0.18627450980392157,0.7033898305084746,-0.17412935323383086,0.9803149606299213,-0.009940357852882704,2.394230769230769,0.41076487252124644,4.081967213114754,0.6064516129032258,0.20512820512820512,-0.6595744680851063,0.24880382775119617,-0.6015325670498084,0.2826086956521739,-0.559322033898305,0.22462203023758098,-0.6331569664902998,0.2865013774104683,-0.5546038543897216,0.2937853107344633,-0.5458515283842795,0.4094488188976378,-0.41899441340782123,0.41767068273092367,-0.41076487252124644,1.7049180327868851,0.2606060606060606,0.1203155818540434,-0.7852112676056338,0.145933014354067,-0.7453027139874739,0.16576086956521738,-0.7156177156177156,0.13174946004319654,-0.767175572519084,0.16804407713498623,-0.7122641509433962,0.17231638418079095,-0.7060240963855422,0.24015748031496062,-0.6126984126984127,0.24497991967871485,-0.6064516129032258,0.5865384615384616,-0.2606060606060606
4.59,5525,5245,7531,7284,7060,7616,7084,6798,6671,6491,-0.015616286,1.03390993959363,0.016672291596355044,1.06671388101983,0.0322801727092043,0.9888392857142857,-0.005611672278338945,1.0630999435347261,0.03058501539514198,1.107825831126802,0.0511550003489427,1.1289162044670964,0.060554851429376146,1.160221845632414,0.07416916274425903,1.363076923076923,0.15364583333333334,1.4358436606291707,0.17892924232936758,0.967202230779445,-0.016672291596355044,1.031728045325779,0.015616285554935862,0.9564075630252101,-0.02228187919463087,1.028232636928289,0.013919821826280624,1.0714916151809355,0.034512143161482746,1.0918902713236396,0.04392690791830885,1.1221691572947157,0.057568058076225045,1.318371040723982,0.13732531813568585,1.3887511916110582,0.16274243754489584,0.937458504846634,-0.0322801727092043,0.9692476661175179,-0.015616285554935862,0.9269957983193278,-0.03788498228400109,0.9966120835686053,-0.0016968325791855204,1.0385407472786115,0.018906047048636167,1.0583120971368611,0.028330056077488893,1.087659836696965,0.04198952106855583,1.2778280542986424,0.12197059992054032,1.34604385128694,0.1475010158472166,1.0112866817155757,0.005611672278338945,1.0455793520043932,0.02228187919463087,1.0787535410764872,0.03788498228400109,1.075098814229249,0.03619047619047619,1.1203295086790233,0.05675038157347024,1.1416579223504721,0.06614404703576678,1.1733169003235249,0.07974764301410647,1.3784615384615384,0.1591203104786546,1.452049571020019,0.18435580436980017,0.9406453326251494,-0.03058501539514198,0.9725425590334981,-0.013919821826280624,1.003399433427762,0.0016968325791855204,0.9301470588235294,-0.03619047619047619,1.0420711974110033,0.020602218700475437,1.061909758656873,0.030025445292620866,1.091357263903867,0.043683241252302024,1.2821719457013574,0.12364184312792449,1.3506196377502384,0.1491605158569227,0.9026689682645067,-0.0511550003489427,0.9332784184514004,-0.034512143161482746,0.9628895184135977,-0.018906047048636167,0.8925945378151261,-0.05675038157347024,0.9596273291925466,-0.020602218700475437,1.0190376255433968,0.009429059321404707,1.047296256354953,0.02310181352998721,1.2304072398190045,0.10330276718331576,1.296091515729266,0.12895457942373162,0.885805337936529,-0.060554851429376146,0.9158429434376716,-0.04392690791830885,0.944900849858357,-0.028330056077488893,0.8759191176470589,-0.06614404703576678,0.941699604743083,-0.030025445292620866,0.981318034716093,-0.009429059321404707,1.027730704051764,0.01367573317125057,1.2074208144796381,0.09396523450311578,1.2718779790276453,0.11967103054716348,0.8619041295976629,-0.07416916274425903,0.8911312465678198,-0.057568058076225045,0.9194050991501417,-0.04198952106855583,0.8522846638655462,-0.07974764301410647,0.9162902315076228,-0.043683241252302024,0.9548396587231539,-0.02310181352998721,0.97301753859991,-0.01367573317125057,1.174841628959276,0.08039280958721705,1.2375595805529076,0.10616905248807089,0.7336343115124153,-0.15364583333333334,0.7585118066996156,-0.13732531813568585,0.7825779036827195,-0.12197059992054032,0.7254464285714286,-0.1591203104786546,0.7799265951439864,-0.12364184312792449,0.8127390408943806,-0.10330276718331576,0.8282116624194273,-0.09396523450311578,0.8511785549222,-0.08039280958721705,1.0533841754051478,0.025998142989786442,0.6964546540964015,-0.17892924232936758,0.7200713893465129,-0.16274243754489584,0.7429178470254958,-0.1475010158472166,0.6886817226890757,-0.18435580436980017,0.7404009034443817,-0.1491605158569227,0.7715504560164754,-0.12895457942373162,0.7862389446859541,-0.11967103054716348,0.8080419041750115,-0.10616905248807089,0.9493212669683257,-0.025998142989786442
2.77,48,44,78,69,88,76,11,29,12,9,0.121019108,1.1304347826086956,0.061224489795918366,0.8863636363636364,-0.060240963855421686,1.0263157894736843,0.012987012987012988,7.090909090909091,0.7528089887640449,2.689655172413793,0.45794392523364486,6.5,0.7333333333333333,8.666666666666666,0.7931034482758621,1.625,0.23809523809523808,1.7727272727272727,0.2786885245901639,0.8846153846153846,-0.061224489795918366,0.7840909090909091,-0.12101910828025478,0.9078947368421053,-0.04827586206896552,6.2727272727272725,0.725,2.3793103448275863,0.40816326530612246,5.75,0.7037037037037037,7.666666666666667,0.7692307692307693,1.4375,0.1794871794871795,1.5681818181818181,0.22123893805309736,1.1282051282051282,0.060240963855421686,1.2753623188405796,0.12101910828025478,1.1578947368421053,0.07317073170731707,8.0,0.7777777777777778,3.0344827586206895,0.5042735042735043,7.333333333333333,0.76,9.777777777777779,0.8144329896907216,1.8333333333333333,0.29411764705882354,2.0,0.3333333333333333,0.9743589743589743,-0.012987012987012988,1.1014492753623188,0.04827586206896552,0.8636363636363636,-0.07317073170731707,6.909090909090909,0.7471264367816092,2.6206896551724137,0.44761904761904764,6.333333333333333,0.7272727272727273,8.444444444444445,0.788235294117647,1.5833333333333333,0.22580645161290322,1.7272727272727273,0.26666666666666666,0.14102564102564102,-0.7528089887640449,0.15942028985507245,-0.725,0.125,-0.7777777777777778,0.14473684210526316,-0.7471264367816092,0.3793103448275862,-0.45,0.9166666666666666,-0.043478260869565216,1.2222222222222223,0.1,0.22916666666666666,-0.6271186440677966,0.25,-0.6,0.3717948717948718,-0.45794392523364486,0.42028985507246375,-0.40816326530612246,0.32954545454545453,-0.5042735042735043,0.3815789473684211,-0.44761904761904764,2.6363636363636362,0.45,2.4166666666666665,0.4146341463414634,3.2222222222222223,0.5263157894736842,0.6041666666666666,-0.24675324675324675,0.6590909090909091,-0.2054794520547945,0.15384615384615385,-0.7333333333333333,0.17391304347826086,-0.7037037037037037,0.13636363636363635,-0.76,0.15789473684210525,-0.7272727272727273,1.0909090909090908,0.043478260869565216,0.41379310344827586,-0.4146341463414634,1.3333333333333333,0.14285714285714285,0.25,-0.6,0.2727272727272727,-0.5714285714285714,0.11538461538461539,-0.7931034482758621,0.13043478260869565,-0.7692307692307693,0.10227272727272728,-0.8144329896907216,0.11842105263157894,-0.788235294117647,0.8181818181818182,-0.1,0.3103448275862069,-0.5263157894736842,0.75,-0.14285714285714285,0.1875,-0.6842105263157895,0.20454545454545456,-0.660377358490566,0.6153846153846154,-0.23809523809523808,0.6956521739130435,-0.1794871794871795,0.5454545454545454,-0.29411764705882354,0.631578947368421,-0.22580645161290322,4.363636363636363,0.6271186440677966,1.6551724137931034,0.24675324675324675,4.0,0.6,5.333333333333333,0.6842105263157895,1.0909090909090908,0.043478260869565216,0.5641025641025641,-0.2786885245901639,0.6376811594202898,-0.22123893805309736,0.5,-0.3333333333333333,0.5789473684210527,-0.26666666666666666,4.0,0.6,1.5172413793103448,0.2054794520547945,3.6666666666666665,0.5714285714285714,4.888888888888889,0.660377358490566,0.9166666666666666,-0.043478260869565216
3.35,1056,949,1108,1219,1191,1261,1090,1058,969,1014,-0.011618257,0.9089417555373257,-0.047700902449505804,0.9303106633081444,-0.03610265332753371,0.8786677240285488,-0.06458421274799493,1.0165137614678899,0.00818926296633303,1.0472589792060492,0.023084025854108958,1.1434468524251806,0.06692344727973037,1.0927021696252466,0.04429783223374175,1.0492424242424243,0.024029574861367836,1.16754478398314,0.07729703451628585,1.1001805054151625,0.047700902449505804,1.0235096557514693,0.011618257261410789,0.9666931007137193,-0.016935483870967744,1.118348623853211,0.05586834127327848,1.1521739130434783,0.0707070707070707,1.2579979360165119,0.11425959780621572,1.2021696252465484,0.09180474697716078,1.1543560606060606,0.07164835164835165,1.2845100105374079,0.12453874538745388,1.0749097472924187,0.03610265332753371,0.9770303527481542,-0.011618257261410789,0.9444885011895321,-0.028548123980424143,1.0926605504587157,0.044278825076720735,1.1257088846880907,0.05913739439751001,1.2291021671826625,0.10277777777777777,1.1745562130177514,0.08027210884353742,1.1278409090909092,0.06008010680907877,1.2550052687038988,0.1130841121495327,1.138086642599278,0.06458421274799493,1.0344544708777688,0.016935483870967744,1.0587741393786734,0.028548123980424143,1.156880733944954,0.07273500638026371,1.1918714555765595,0.08753773178094006,1.301341589267286,0.13094170403587443,1.2435897435897436,0.10857142857142857,1.1941287878787878,0.08847647820457488,1.3287671232876712,0.1411764705882353,0.983754512635379,-0.00818926296633303,0.8941755537325676,-0.05586834127327848,0.9151973131821999,-0.044278825076720735,0.8643933386201428,-0.07273500638026371,1.0302457466918715,0.0148975791433892,1.1248710010319918,0.05876639145216124,1.0749506903353057,0.03612167300380228,1.0321969696969697,0.015843429636533086,1.148577449947313,0.0691515448749387,0.9548736462093863,-0.023084025854108958,0.8679245283018868,-0.0707070707070707,0.8883291351805206,-0.05913739439751001,0.8390166534496432,-0.08753773178094006,0.9706422018348624,-0.0148975791433892,1.0918472652218782,0.043907252096694625,1.0433925049309665,0.021235521235521235,1.0018939393939394,0.000946073793755913,1.1148577449947312,0.05430991529646238,0.8745487364620939,-0.06692344727973037,0.7949138638228056,-0.11425959780621572,0.8136020151133502,-0.10277777777777777,0.7684377478191912,-0.13094170403587443,0.8889908256880734,-0.05876639145216124,0.9158790170132325,-0.043907252096694625,0.9556213017751479,-0.0226928895612708,0.9176136363636364,-0.04296296296296296,1.0210748155953635,0.010427528675703858,0.9151624548736462,-0.04429783223374175,0.8318293683347006,-0.09180474697716078,0.8513853904282116,-0.08027210884353742,0.8041237113402062,-0.10857142857142857,0.9302752293577982,-0.03612167300380228,0.9584120982986768,-0.021235521235521235,1.0464396284829722,0.0226928895612708,0.9602272727272727,-0.020289855072463767,1.0684931506849316,0.033112582781456956,0.9530685920577617,-0.024029574861367836,0.8662838392124692,-0.07164835164835165,0.8866498740554156,-0.06008010680907877,0.8374306106264869,-0.08847647820457488,0.9688073394495413,-0.015843429636533086,0.998109640831758,-0.000946073793755913,1.089783281733746,0.04296296296296296,1.0414201183431953,0.020289855072463767,1.112750263435195,0.05336658354114713,0.8564981949458483,-0.07729703451628585,0.77850697292863,-0.12453874538745388,0.7968094038623006,-0.1130841121495327,0.7525773195876289,-0.1411764705882353,0.8706422018348624,-0.0691515448749387,0.8969754253308129,-0.05430991529646238,0.9793601651186791,-0.010427528675703858,0.9358974358974359,-0.033112582781456956,0.8986742424242424,-0.05336658354114713
1.94,940,842,896,1017,1040,1076,898,896,833,893,0.011181332,0.8810226155358899,-0.06325143753267119,0.8615384615384616,-0.0743801652892562,0.8327137546468402,-0.09127789046653144,0.9977728285077951,-0.0011148272017837235,1.0,0.0,1.0756302521008403,0.03643724696356275,1.0033594624860023,0.0016769144773616546,0.9531914893617022,-0.023965141612200435,1.0641330166270784,0.031070195627157654,1.1350446428571428,0.06325143753267119,0.9778846153846154,-0.01118133203694701,0.9451672862453532,-0.02818920210224558,1.1325167037861916,0.062140992167101824,1.1350446428571428,0.06325143753267119,1.2208883553421368,0.09945945945945946,1.1388577827547592,0.06492146596858639,1.0819148936170213,0.03934593765968319,1.2078384798099762,0.09413663259817107,1.1607142857142858,0.0743801652892562,1.022615535889872,0.01118133203694701,0.966542750929368,-0.017013232514177693,1.158129175946548,0.07327141382868937,1.1607142857142858,0.0743801652892562,1.2484993997599039,0.11051788574479444,1.1646136618141096,0.0760475944128298,1.1063829787234043,0.050505050505050504,1.2351543942992873,0.10520722635494155,1.2008928571428572,0.09127789046653144,1.0580137659783677,0.02818920210224558,1.0346153846153847,0.017013232514177693,1.1982182628062361,0.09017223910840932,1.2008928571428572,0.09127789046653144,1.2917166866746699,0.12729177579884757,1.2049272116461367,0.09294057897409853,1.1446808510638298,0.06746031746031746,1.2779097387173397,0.12200208550573514,1.0022321428571428,0.0011148272017837235,0.8829891838741396,-0.062140992167101824,0.8634615384615385,-0.07327141382868937,0.8345724907063197,-0.09017223910840932,1.0022321428571428,0.0011148272017837235,1.078031212484994,0.03755054881571346,1.005599104143337,0.0027917364600781687,0.9553191489361702,-0.022850924918389554,1.0665083135391924,0.03218390804597701,1.0,0.0,0.8810226155358899,-0.06325143753267119,0.8615384615384616,-0.0743801652892562,0.8327137546468402,-0.09127789046653144,0.9977728285077951,-0.0011148272017837235,1.0756302521008403,0.03643724696356275,1.0033594624860023,0.0016769144773616546,0.9531914893617022,-0.023965141612200435,1.0641330166270784,0.031070195627157654,0.9296875,-0.03643724696356275,0.8190757128810227,-0.09945945945945946,0.8009615384615385,-0.11051788574479444,0.7741635687732342,-0.12729177579884757,0.9276169265033407,-0.03755054881571346,0.9296875,-0.03643724696356275,0.9328107502799552,-0.03476245654692932,0.8861702127659574,-0.06034968979131416,0.9893111638954869,-0.005373134328358209,0.9966517857142857,-0.0016769144773616546,0.8780727630285152,-0.06492146596858639,0.8586538461538461,-0.0760475944128298,0.8299256505576208,-0.09294057897409853,0.9944320712694877,-0.0027917364600781687,0.9966517857142857,-0.0016769144773616546,1.07202881152461,0.03476245654692932,0.95,-0.02564102564102564,1.0605700712589075,0.029394812680115272,1.0491071428571428,0.023965141612200435,0.9242871189773845,-0.03934593765968319,0.9038461538461539,-0.050505050505050504,0.8736059479553904,-0.06746031746031746,1.046770601336303,0.022850924918389554,1.0491071428571428,0.023965141612200435,1.128451380552221,0.06034968979131416,1.0526315789473684,0.02564102564102564,1.1163895486935866,0.05499438832772166,0.9397321428571429,-0.031070195627157654,0.8279252704031466,-0.09413663259817107,0.8096153846153846,-0.10520722635494155,0.7825278810408922,-0.12200208550573514,0.9376391982182628,-0.03218390804597701,0.9397321428571429,-0.031070195627157654,1.0108043217286915,0.005373134328358209,0.9428891377379619,-0.029394812680115272,0.8957446808510638,-0.05499438832772166
2.47,609,583,2244,2089,2025,2262,2231,2218,1880,2151,-0.015556636,1.0741981809478218,0.03577198246018925,1.108148148148148,0.05130007027406887,0.9920424403183024,-0.0039946737683089215,1.0058269834155087,0.002905027932960894,1.011722272317403,0.00582698341550874,1.1936170212765957,0.08826382153249272,1.0432357043235705,0.021160409556313993,3.684729064039409,0.573080967402734,3.849056603773585,0.5875486381322957,0.9309269162210339,-0.03577198246018925,1.031604938271605,0.015556635877491492,0.9235190097259063,-0.039760974488623306,0.9363514119229045,-0.03287037037037037,0.9418394950405771,-0.0299512421639192,1.1111702127659575,0.052658100277147894,0.9711761971176197,-0.014622641509433962,3.4302134646962235,0.5485544848035582,3.583190394511149,0.563622754491018,0.9024064171122995,-0.05130007027406887,0.9693633317376735,-0.015556635877491492,0.8952254641909815,-0.055283414975507345,0.9076647243388615,-0.048402255639097745,0.9129846708746618,-0.04548668395003535,1.077127659574468,0.03713188220230474,0.9414225941422594,-0.03017241379310345,3.3251231527093594,0.5375854214123007,3.4734133790737562,0.5529141104294478,1.0080213903743316,0.0039946737683089215,1.0828147438966012,0.039760974488623306,1.117037037037037,0.055283414975507345,1.0138951142985209,0.006899621633652348,1.0198376916140668,0.009821428571428571,1.2031914893617022,0.09222597778850797,1.0516039051603905,0.02515295717199184,3.7142857142857144,0.5757575757575758,3.8799313893653515,0.590158172231986,0.9942067736185384,-0.002905027932960894,1.067975107707037,0.03287037037037037,1.1017283950617285,0.048402255639097745,0.9862953138815208,-0.006899621633652348,1.0058611361587015,0.0029220049449314453,1.1867021276595744,0.08538068596448553,1.0371920037192004,0.018256503879507075,3.6633825944170773,0.5711267605633803,3.8267581475128645,0.5856432125088842,0.9884135472370766,-0.00582698341550874,1.0617520344662519,0.0299512421639192,1.0953086419753086,0.04548668395003535,0.9805481874447391,-0.009821428571428571,0.9941730165844913,-0.0029220049449314453,1.1797872340425533,0.08247925817471938,1.0311483031148303,0.015335317006179903,3.6420361247947457,0.5691545808277326,3.804459691252144,0.5837200999642984,0.8377896613190731,-0.08826382153249272,0.8999521302058401,-0.052658100277147894,0.928395061728395,-0.03713188220230474,0.8311229000884174,-0.09222597778850797,0.842671447781264,-0.08538068596448553,0.8476104598737602,-0.08247925817471938,0.8740120874012087,-0.06722897544033739,3.0870279146141213,0.510646846122941,3.224699828473413,0.5265935850588713,0.9585561497326203,-0.021160409556313993,1.0296792723791288,0.014622641509433962,1.0622222222222222,0.03017241379310345,0.9509283819628647,-0.02515295717199184,0.9641416405199462,-0.018256503879507075,0.9697926059513075,-0.015335317006179903,1.1441489361702128,0.06722897544033739,3.5320197044334973,0.558695652173913,3.6895368782161233,0.5735186539868324,0.2713903743315508,-0.573080967402734,0.2915270464337003,-0.5485544848035582,0.30074074074074075,-0.5375854214123007,0.2692307692307692,-0.5757575757575758,0.27297176154190944,-0.5711267605633803,0.2745716862037872,-0.5691545808277326,0.32393617021276594,-0.510646846122941,0.28312412831241285,-0.558695652173913,1.0445969125214407,0.02181208053691275,0.25980392156862747,-0.5875486381322957,0.2790808999521302,-0.563622754491018,0.28790123456790123,-0.5529141104294478,0.257736516357206,-0.590158172231986,0.261317794710892,-0.5856432125088842,0.2628494138863841,-0.5837200999642984,0.3101063829787234,-0.5265935850588713,0.2710367271036727,-0.5735186539868324,0.9573070607553367,-0.02181208053691275
2.84,532,497,507,537,540,591,461,490,442,452,0.002785515,0.9441340782122905,-0.028735632183908046,0.9388888888888889,-0.03151862464183381,0.8578680203045685,-0.07650273224043716,1.0997830802603037,0.047520661157024795,1.0346938775510204,0.017051153460381142,1.1470588235294117,0.0684931506849315,1.1216814159292035,0.05735140771637122,0.9530075187969925,-0.02406159769008662,1.0201207243460764,0.0099601593625498,1.0591715976331362,0.028735632183908046,0.9944444444444445,-0.002785515320334262,0.9086294416243654,-0.047872340425531915,1.1648590021691974,0.07615230460921844,1.0959183673469388,0.045764362220058426,1.2149321266968325,0.09703779366700716,1.1880530973451326,0.0859453993933266,1.0093984962406015,0.004677268475210477,1.080482897384306,0.03868471953578337,1.0650887573964498,0.03151862464183381,1.005586592178771,0.002785515320334262,0.9137055837563451,-0.04509283819628647,1.1713665943600868,0.07892107892107893,1.1020408163265305,0.04854368932038835,1.2217194570135748,0.09979633401221996,1.1946902654867257,0.08870967741935484,1.0150375939849625,0.007462686567164179,1.0865191146881288,0.041465766634522665,1.165680473372781,0.07650273224043716,1.100558659217877,0.047872340425531915,1.0944444444444446,0.04509283819628647,1.2819956616052062,0.12357414448669202,1.2061224489795919,0.09343200740055504,1.33710407239819,0.1442400774443369,1.3075221238938053,0.1332694151486098,1.1109022556390977,0.05253784505788068,1.1891348088531186,0.08639705882352941,0.9092702169625246,-0.047520661157024795,0.8584729981378026,-0.07615230460921844,0.8537037037037037,-0.07892107892107893,0.7800338409475466,-0.12357414448669202,0.9408163265306122,-0.030494216614090432,1.0429864253393666,0.021040974529346623,1.0199115044247788,0.009857612267250822,0.8665413533834586,-0.07150050352467271,0.9275653923541247,-0.037578288100208766,0.9664694280078896,-0.017051153460381142,0.9124767225325885,-0.045764362220058426,0.9074074074074074,-0.04854368932038835,0.8291032148900169,-0.09343200740055504,1.0629067245119306,0.030494216614090432,1.1085972850678734,0.05150214592274678,1.084070796460177,0.040339702760084924,0.9210526315789473,-0.0410958904109589,0.9859154929577465,-0.0070921985815602835,0.8717948717948718,-0.0684931506849315,0.8230912476722533,-0.09703779366700716,0.8185185185185185,-0.09979633401221996,0.7478849407783418,-0.1442400774443369,0.9587852494577006,-0.021040974529346623,0.9020408163265307,-0.05150214592274678,0.9778761061946902,-0.011185682326621925,0.8308270676691729,-0.09240246406570841,0.8893360160965795,-0.058572949946751864,0.8915187376725838,-0.05735140771637122,0.8417132216014898,-0.0859453993933266,0.837037037037037,-0.08870967741935484,0.7648054145516074,-0.1332694151486098,0.9804772234273319,-0.009857612267250822,0.9224489795918367,-0.040339702760084924,1.0226244343891402,0.011185682326621925,0.849624060150376,-0.08130081300813008,0.9094567404426559,-0.04741833508956796,1.04930966469428,0.02406159769008662,0.9906890130353817,-0.004677268475210477,0.9851851851851852,-0.007462686567164179,0.9001692047377327,-0.05253784505788068,1.1540130151843817,0.07150050352467271,1.0857142857142856,0.0410958904109589,1.2036199095022624,0.09240246406570841,1.176991150442478,0.08130081300813008,1.0704225352112675,0.034013605442176874,0.980276134122288,-0.0099601593625498,0.925512104283054,-0.03868471953578337,0.9203703703703704,-0.041465766634522665,0.8409475465313029,-0.08639705882352941,1.0780911062906724,0.037578288100208766,1.0142857142857142,0.0070921985815602835,1.1244343891402715,0.058572949946751864,1.0995575221238938,0.04741833508956796,0.9342105263157895,-0.034013605442176874
1.79,248,237,279,308,318,346,166,168,152,165,0.015974441,0.9058441558441559,-0.049403747870528106,0.8773584905660378,-0.06532663316582915,0.8063583815028902,-0.1072,1.680722891566265,0.2539325842696629,1.6607142857142858,0.2483221476510067,1.8355263157894737,0.29466357308584684,1.690909090909091,0.25675675675675674,1.125,0.058823529411764705,1.1772151898734178,0.08139534883720931,1.103942652329749,0.049403747870528106,0.9685534591194969,-0.01597444089456869,0.8901734104046243,-0.0581039755351682,1.855421686746988,0.29957805907172996,1.8333333333333333,0.29411764705882354,2.026315789473684,0.3391304347826087,1.8666666666666667,0.3023255813953488,1.2419354838709677,0.1079136690647482,1.2995780590717299,0.13027522935779817,1.1397849462365592,0.06532663316582915,1.0324675324675325,0.01597444089456869,0.9190751445086706,-0.04216867469879518,1.9156626506024097,0.3140495867768595,1.8928571428571428,0.30864197530864196,2.0921052631578947,0.35319148936170214,1.9272727272727272,0.3167701863354037,1.282258064516129,0.12367491166077739,1.3417721518987342,0.14594594594594595,1.2401433691756272,0.1072,1.1233766233766234,0.0581039755351682,1.0880503144654088,0.04216867469879518,2.0843373493975905,0.3515625,2.0595238095238093,0.3463035019455253,2.276315789473684,0.3895582329317269,2.096969696969697,0.3542074363992172,1.3951612903225807,0.16498316498316498,1.459915611814346,0.18696397941680962,0.5949820788530465,-0.2539325842696629,0.538961038961039,-0.29957805907172996,0.5220125786163522,-0.3140495867768595,0.4797687861271676,-0.3515625,0.9880952380952381,-0.005988023952095809,1.0921052631578947,0.0440251572327044,1.006060606060606,0.0030211480362537764,0.6693548387096774,-0.19806763285024154,0.70042194092827,-0.1761786600496278,0.6021505376344086,-0.2483221476510067,0.5454545454545454,-0.29411764705882354,0.5283018867924528,-0.30864197530864196,0.48554913294797686,-0.3463035019455253,1.0120481927710843,0.005988023952095809,1.105263157894737,0.05,1.018181818181818,0.009009009009009009,0.6774193548387096,-0.19230769230769232,0.7088607594936709,-0.17037037037037037,0.5448028673835126,-0.29466357308584684,0.4935064935064935,-0.3391304347826087,0.4779874213836478,-0.35319148936170214,0.4393063583815029,-0.3895582329317269,0.9156626506024096,-0.0440251572327044,0.9047619047619048,-0.05,0.9212121212121213,-0.04100946372239748,0.6129032258064516,-0.24,0.6413502109704642,-0.2185089974293059,0.5913978494623656,-0.25675675675675674,0.5357142857142857,-0.3023255813953488,0.5188679245283019,-0.3167701863354037,0.476878612716763,-0.3542074363992172,0.9939759036144579,-0.0030211480362537764,0.9821428571428571,-0.009009009009009009,1.0855263157894737,0.04100946372239748,0.6653225806451613,-0.2009685230024213,0.6962025316455697,-0.1791044776119403,0.8888888888888888,-0.058823529411764705,0.8051948051948052,-0.1079136690647482,0.779874213836478,-0.12367491166077739,0.7167630057803468,-0.16498316498316498,1.4939759036144578,0.19806763285024154,1.4761904761904763,0.19230769230769232,1.631578947368421,0.24,1.503030303030303,0.2009685230024213,1.0464135021097047,0.02268041237113402,0.8494623655913979,-0.08139534883720931,0.7694805194805194,-0.13027522935779817,0.7452830188679245,-0.14594594594594595,0.684971098265896,-0.18696397941680962,1.427710843373494,0.1761786600496278,1.4107142857142858,0.17037037037037037,1.5592105263157894,0.2185089974293059,1.4363636363636363,0.1791044776119403,0.9556451612903226,-0.02268041237113402
1.47,229,184,117,139,190,263,145,145,113,161,0.155015198,0.841726618705036,-0.0859375,0.6157894736842106,-0.23778501628664495,0.4448669201520912,-0.38421052631578945,0.8068965517241379,-0.10687022900763359,0.8068965517241379,-0.10687022900763359,1.0353982300884956,0.017391304347826087,0.7267080745341615,-0.15827338129496402,0.5109170305676856,-0.3236994219653179,0.6358695652173914,-0.22259136212624583,1.188034188034188,0.0859375,0.7315789473684211,-0.15501519756838905,0.5285171102661597,-0.30845771144278605,0.9586206896551724,-0.02112676056338028,0.9586206896551724,-0.02112676056338028,1.2300884955752212,0.10317460317460317,0.8633540372670807,-0.07333333333333333,0.6069868995633187,-0.24456521739130435,0.7554347826086957,-0.1393188854489164,1.623931623931624,0.23778501628664495,1.3669064748201438,0.15501519756838905,0.7224334600760456,-0.16114790286975716,1.3103448275862069,0.13432835820895522,1.3103448275862069,0.13432835820895522,1.6814159292035398,0.25412541254125415,1.1801242236024845,0.08262108262108261,0.8296943231441049,-0.09307875894988067,1.0326086956521738,0.016042780748663103,2.247863247863248,0.38421052631578945,1.8920863309352518,0.30845771144278605,1.3842105263157896,0.16114790286975716,1.813793103448276,0.28921568627450983,1.813793103448276,0.28921568627450983,2.327433628318584,0.39893617021276595,1.6335403726708075,0.24056603773584906,1.148471615720524,0.06910569105691057,1.4293478260869565,0.1767337807606264,1.2393162393162394,0.10687022900763359,1.0431654676258992,0.02112676056338028,0.7631578947368421,-0.13432835820895522,0.5513307984790875,-0.28921568627450983,1.0,0.0,1.2831858407079646,0.12403100775193798,0.9006211180124224,-0.05228758169934641,0.6331877729257642,-0.22459893048128343,0.7880434782608695,-0.11854103343465046,1.2393162393162394,0.10687022900763359,1.0431654676258992,0.02112676056338028,0.7631578947368421,-0.13432835820895522,0.5513307984790875,-0.28921568627450983,1.0,0.0,1.2831858407079646,0.12403100775193798,0.9006211180124224,-0.05228758169934641,0.6331877729257642,-0.22459893048128343,0.7880434782608695,-0.11854103343465046,0.9658119658119658,-0.017391304347826087,0.8129496402877698,-0.10317460317460317,0.5947368421052631,-0.25412541254125415,0.4296577946768061,-0.39893617021276595,0.7793103448275862,-0.12403100775193798,0.7793103448275862,-0.12403100775193798,0.7018633540372671,-0.17518248175182483,0.49344978165938863,-0.3391812865497076,0.6141304347826086,-0.23905723905723905,1.376068376068376,0.15827338129496402,1.158273381294964,0.07333333333333333,0.8473684210526315,-0.08262108262108261,0.6121673003802282,-0.24056603773584906,1.110344827586207,0.05228758169934641,1.110344827586207,0.05228758169934641,1.424778761061947,0.17518248175182483,0.7030567685589519,-0.17435897435897435,0.875,-0.06666666666666667,1.9572649572649572,0.3236994219653179,1.6474820143884892,0.24456521739130435,1.2052631578947368,0.09307875894988067,0.870722433460076,-0.06910569105691057,1.5793103448275863,0.22459893048128343,1.5793103448275863,0.22459893048128343,2.0265486725663715,0.3391812865497076,1.4223602484472049,0.17435897435897435,1.2445652173913044,0.1089588377723971,1.5726495726495726,0.22259136212624583,1.3237410071942446,0.1393188854489164,0.968421052631579,-0.016042780748663103,0.6996197718631179,-0.1767337807606264,1.2689655172413794,0.11854103343465046,1.2689655172413794,0.11854103343465046,1.6283185840707965,0.23905723905723905,1.1428571428571428,0.06666666666666667,0.8034934497816594,-0.1089588377723971
1.56,375,302,530,504,478,546,500,557,446,528,-0.026476578,1.0515873015873016,0.025145067698259187,1.108786610878661,0.051587301587301584,0.9706959706959707,-0.01486988847583643,1.06,0.02912621359223301,0.9515260323159784,-0.02483900643974241,1.188340807174888,0.0860655737704918,1.003787878787879,0.001890359168241966,1.4133333333333333,0.1712707182320442,1.7549668874172186,0.27403846153846156,0.9509433962264151,-0.025145067698259187,1.0543933054393306,0.026476578411405296,0.9230769230769231,-0.04,1.008,0.00398406374501992,0.9048473967684022,-0.04995287464655985,1.1300448430493273,0.061052631578947365,0.9545454545454546,-0.023255813953488372,1.344,0.14675767918088736,1.6688741721854305,0.2506203473945409,0.9018867924528302,-0.051587301587301584,0.9484126984126984,-0.026476578411405296,0.8754578754578755,-0.06640625,0.956,-0.022494887525562373,0.8581687612208259,-0.07632850241545894,1.0717488789237668,0.03463203463203463,0.9053030303030303,-0.04970178926441352,1.2746666666666666,0.12075029308323564,1.5827814569536425,0.22564102564102564,1.030188679245283,0.01486988847583643,1.0833333333333333,0.04,1.1422594142259415,0.06640625,1.092,0.04397705544933078,0.9802513464991023,-0.009972801450589302,1.2242152466367713,0.10080645161290322,1.0340909090909092,0.01675977653631285,1.456,0.18566775244299674,1.8079470198675496,0.28773584905660377,0.9433962264150944,-0.02912621359223301,0.9920634920634921,-0.00398406374501992,1.0460251046025104,0.022494887525562373,0.9157509157509157,-0.04397705544933078,0.8976660682226212,-0.05392620624408704,1.1210762331838564,0.05708245243128964,0.946969696969697,-0.027237354085603113,1.3333333333333333,0.14285714285714285,1.6556291390728477,0.24688279301745636,1.0509433962264152,0.02483900643974241,1.1051587301587302,0.04995287464655985,1.1652719665271967,0.07632850241545894,1.02014652014652,0.009972801450589302,1.114,0.05392620624408704,1.248878923766816,0.1106679960119641,1.0549242424242424,0.026728110599078342,1.4853333333333334,0.19527896995708155,1.8443708609271523,0.2968568102444703,0.8415094339622642,-0.0860655737704918,0.8849206349206349,-0.061052631578947365,0.9330543933054394,-0.03463203463203463,0.8168498168498168,-0.10080645161290322,0.892,-0.05708245243128964,0.800718132854578,-0.1106679960119641,0.8446969696969697,-0.08418891170431211,1.1893333333333334,0.08647990255785627,1.4768211920529801,0.1925133689839572,0.9962264150943396,-0.001890359168241966,1.0476190476190477,0.023255813953488372,1.104602510460251,0.04970178926441352,0.967032967032967,-0.01675977653631285,1.056,0.027237354085603113,0.947935368043088,-0.026728110599078342,1.1838565022421526,0.08418891170431211,1.408,0.16943521594684385,1.7483443708609272,0.27228915662650605,0.7075471698113207,-0.1712707182320442,0.7440476190476191,-0.14675767918088736,0.7845188284518828,-0.12075029308323564,0.6868131868131868,-0.18566775244299674,0.75,-0.14285714285714285,0.6732495511669659,-0.19527896995708155,0.8408071748878924,-0.08647990255785627,0.7102272727272727,-0.16943521594684385,1.2417218543046358,0.10782865583456426,0.569811320754717,-0.27403846153846156,0.5992063492063492,-0.2506203473945409,0.6317991631799164,-0.22564102564102564,0.5531135531135531,-0.28773584905660377,0.604,-0.24688279301745636,0.5421903052064632,-0.2968568102444703,0.6771300448430493,-0.1925133689839572,0.571969696969697,-0.27228915662650605,0.8053333333333333,-0.10782865583456426
1.62,60,62,108,187,129,131,10,14,6,5,-0.183544304,0.5775401069518716,-0.2677966101694915,0.8372093023255814,-0.08860759493670886,0.8244274809160306,-0.09623430962343096,10.8,0.8305084745762712,7.714285714285714,0.7704918032786885,18.0,0.8947368421052632,21.6,0.911504424778761,1.8,0.2857142857142857,1.7419354838709677,0.27058823529411763,1.7314814814814814,0.2677966101694915,1.449612403100775,0.18354430379746836,1.4274809160305344,0.1761006289308176,18.7,0.8984771573604061,13.357142857142858,0.8606965174129353,31.166666666666668,0.9378238341968912,37.4,0.9479166666666666,3.1166666666666667,0.5141700404858299,3.0161290322580645,0.5020080321285141,1.1944444444444444,0.08860759493670886,0.6898395721925134,-0.18354430379746836,0.9847328244274809,-0.007692307692307693,12.9,0.8561151079136691,9.214285714285714,0.8041958041958042,21.5,0.9111111111111111,25.8,0.9253731343283582,2.15,0.36507936507936506,2.0806451612903225,0.3507853403141361,1.212962962962963,0.09623430962343096,0.7005347593582888,-0.1761006289308176,1.0155038759689923,0.007692307692307693,13.1,0.8581560283687943,9.357142857142858,0.8068965517241379,21.833333333333332,0.9124087591240876,26.2,0.9264705882352942,2.183333333333333,0.3717277486910995,2.1129032258064515,0.35751295336787564,0.09259259259259259,-0.8305084745762712,0.053475935828877004,-0.8984771573604061,0.07751937984496124,-0.8561151079136691,0.07633587786259542,-0.8581560283687943,0.7142857142857143,-0.16666666666666666,1.6666666666666667,0.25,2.0,0.3333333333333333,0.16666666666666666,-0.7142857142857143,0.16129032258064516,-0.7222222222222222,0.12962962962962962,-0.7704918032786885,0.0748663101604278,-0.8606965174129353,0.10852713178294573,-0.8041958041958042,0.10687022900763359,-0.8068965517241379,1.4,0.16666666666666666,2.3333333333333335,0.4,2.8,0.47368421052631576,0.23333333333333334,-0.6216216216216216,0.22580645161290322,-0.631578947368421,0.05555555555555555,-0.8947368421052632,0.03208556149732621,-0.9378238341968912,0.046511627906976744,-0.9111111111111111,0.04580152671755725,-0.9124087591240876,0.6,-0.25,0.42857142857142855,-0.4,1.2,0.09090909090909091,0.1,-0.8181818181818182,0.0967741935483871,-0.8235294117647058,0.046296296296296294,-0.911504424778761,0.026737967914438502,-0.9479166666666666,0.03875968992248062,-0.9253731343283582,0.03816793893129771,-0.9264705882352942,0.5,-0.3333333333333333,0.35714285714285715,-0.47368421052631576,0.8333333333333334,-0.09090909090909091,0.08333333333333333,-0.8461538461538461,0.08064516129032258,-0.8507462686567164,0.5555555555555556,-0.2857142857142857,0.32085561497326204,-0.5141700404858299,0.46511627906976744,-0.36507936507936506,0.4580152671755725,-0.3717277486910995,6.0,0.7142857142857143,4.285714285714286,0.6216216216216216,10.0,0.8181818181818182,12.0,0.8461538461538461,0.967741935483871,-0.01639344262295082,0.5740740740740741,-0.27058823529411763,0.3315508021390374,-0.5020080321285141,0.4806201550387597,-0.3507853403141361,0.4732824427480916,-0.35751295336787564,6.2,0.7222222222222222,4.428571428571429,0.631578947368421,10.333333333333334,0.8235294117647058,12.4,0.8507462686567164,1.0333333333333334,0.01639344262295082
2.84,70,59,347,434,250,221,66,76,61,49,-0.269005848,0.7995391705069125,-0.11139564660691421,1.388,0.1624790619765494,1.5701357466063348,0.22183098591549297,5.257575757575758,0.6803874092009685,4.565789473684211,0.640661938534279,5.688524590163935,0.7009803921568627,7.081632653061225,0.7525252525252525,4.957142857142857,0.6642685851318945,5.88135593220339,0.7093596059113301,1.2507204610951008,0.11139564660691421,1.736,0.26900584795321636,1.9638009049773755,0.3251908396946565,6.575757575757576,0.736,5.7105263157894735,0.7019607843137254,7.114754098360656,0.7535353535353535,8.857142857142858,0.7971014492753623,6.2,0.7222222222222222,7.3559322033898304,0.7606490872210954,0.7204610951008645,-0.1624790619765494,0.576036866359447,-0.26900584795321636,1.1312217194570136,0.06157112526539278,3.787878787878788,0.5822784810126582,3.289473684210526,0.5337423312883436,4.098360655737705,0.6077170418006431,5.1020408163265305,0.6722408026755853,3.5714285714285716,0.5625,4.237288135593221,0.6181229773462783,0.6368876080691642,-0.22183098591549297,0.5092165898617511,-0.3251908396946565,0.884,-0.06157112526539278,3.3484848484848486,0.5400696864111498,2.9078947368421053,0.4882154882154882,3.622950819672131,0.5673758865248227,4.510204081632653,0.6370370370370371,3.157142857142857,0.5189003436426117,3.7457627118644066,0.5785714285714286,0.19020172910662825,-0.6803874092009685,0.15207373271889402,-0.736,0.264,-0.5822784810126582,0.2986425339366516,-0.5400696864111498,0.868421052631579,-0.07042253521126761,1.0819672131147542,0.03937007874015748,1.346938775510204,0.14782608695652175,0.9428571428571428,-0.029411764705882353,1.11864406779661,0.056,0.21902017291066284,-0.640661938534279,0.17511520737327188,-0.7019607843137254,0.304,-0.5337423312883436,0.3438914027149321,-0.4882154882154882,1.1515151515151516,0.07042253521126761,1.2459016393442623,0.10948905109489052,1.5510204081632653,0.216,1.0857142857142856,0.0410958904109589,1.2881355932203389,0.1259259259259259,0.17579250720461095,-0.7009803921568627,0.14055299539170507,-0.7535353535353535,0.244,-0.6077170418006431,0.27601809954751133,-0.5673758865248227,0.9242424242424242,-0.03937007874015748,0.8026315789473685,-0.10948905109489052,1.2448979591836735,0.10909090909090909,0.8714285714285714,-0.06870229007633588,1.0338983050847457,0.016666666666666666,0.14121037463976946,-0.7525252525252525,0.11290322580645161,-0.7971014492753623,0.196,-0.6722408026755853,0.22171945701357465,-0.6370370370370371,0.7424242424242424,-0.14782608695652175,0.6447368421052632,-0.216,0.8032786885245902,-0.10909090909090909,0.7,-0.17647058823529413,0.8305084745762712,-0.09259259259259259,0.2017291066282421,-0.6642685851318945,0.16129032258064516,-0.7222222222222222,0.28,-0.5625,0.3167420814479638,-0.5189003436426117,1.0606060606060606,0.029411764705882353,0.9210526315789473,-0.0410958904109589,1.1475409836065573,0.06870229007633588,1.4285714285714286,0.17647058823529413,1.1864406779661016,0.08527131782945736,0.17002881844380405,-0.7093596059113301,0.1359447004608295,-0.7606490872210954,0.236,-0.6181229773462783,0.2669683257918552,-0.5785714285714286,0.8939393939393939,-0.056,0.7763157894736842,-0.1259259259259259,0.9672131147540983,-0.016666666666666666,1.2040816326530612,0.09259259259259259,0.8428571428571429,-0.08527131782945736
4.23,96,96,246,396,205,183,45,44,51,37,-0.317803661,0.6212121212121212,-0.2336448598130841,1.2,0.09090909090909091,1.3442622950819672,0.14685314685314685,5.466666666666667,0.6907216494845361,5.590909090909091,0.696551724137931,4.823529411764706,0.6565656565656566,6.648648648648648,0.7385159010600707,2.5625,0.43859649122807015,2.5625,0.43859649122807015,1.6097560975609757,0.2336448598130841,1.9317073170731707,0.3178036605657238,2.1639344262295084,0.36787564766839376,8.8,0.7959183673469388,9.0,0.8,7.764705882352941,0.7718120805369127,10.702702702702704,0.8290993071593533,4.125,0.6097560975609756,4.125,0.6097560975609756,0.8333333333333334,-0.09090909090909091,0.5176767676767676,-0.3178036605657238,1.1202185792349726,0.05670103092783505,4.555555555555555,0.64,4.659090909090909,0.6465863453815262,4.019607843137255,0.6015625,5.54054054054054,0.6942148760330579,2.1354166666666665,0.36212624584717606,2.1354166666666665,0.36212624584717606,0.7439024390243902,-0.14685314685314685,0.4621212121212121,-0.36787564766839376,0.8926829268292683,-0.05670103092783505,4.066666666666666,0.6052631578947368,4.159090909090909,0.6123348017621145,3.588235294117647,0.5641025641025641,4.945945945945946,0.6636363636363637,1.90625,0.3118279569892473,1.90625,0.3118279569892473,0.18292682926829268,-0.6907216494845361,0.11363636363636363,-0.7959183673469388,0.21951219512195122,-0.64,0.2459016393442623,-0.6052631578947368,1.0227272727272727,0.011235955056179775,0.8823529411764706,-0.0625,1.2162162162162162,0.0975609756097561,0.46875,-0.3617021276595745,0.46875,-0.3617021276595745,0.17886178861788618,-0.696551724137931,0.1111111111111111,-0.8,0.2146341463414634,-0.6465863453815262,0.24043715846994534,-0.6123348017621145,0.9777777777777777,-0.011235955056179775,0.8627450980392157,-0.07368421052631578,1.1891891891891893,0.08641975308641975,0.4583333333333333,-0.37142857142857144,0.4583333333333333,-0.37142857142857144,0.2073170731707317,-0.6565656565656566,0.12878787878787878,-0.7718120805369127,0.24878048780487805,-0.6015625,0.2786885245901639,-0.5641025641025641,1.1333333333333333,0.0625,1.1590909090909092,0.07368421052631578,1.3783783783783783,0.1590909090909091,0.53125,-0.30612244897959184,0.53125,-0.30612244897959184,0.15040650406504066,-0.7385159010600707,0.09343434343434344,-0.8290993071593533,0.18048780487804877,-0.6942148760330579,0.20218579234972678,-0.6636363636363637,0.8222222222222222,-0.0975609756097561,0.8409090909090909,-0.08641975308641975,0.7254901960784313,-0.1590909090909091,0.3854166666666667,-0.44360902255639095,0.3854166666666667,-0.44360902255639095,0.3902439024390244,-0.43859649122807015,0.24242424242424243,-0.6097560975609756,0.4682926829268293,-0.36212624584717606,0.5245901639344263,-0.3118279569892473,2.1333333333333333,0.3617021276595745,2.1818181818181817,0.37142857142857144,1.8823529411764706,0.30612244897959184,2.5945945945945947,0.44360902255639095,1.0,0.0,0.3902439024390244,-0.43859649122807015,0.24242424242424243,-0.6097560975609756,0.4682926829268293,-0.36212624584717606,0.5245901639344263,-0.3118279569892473,2.1333333333333333,0.3617021276595745,2.1818181818181817,0.37142857142857144,1.8823529411764706,0.30612244897959184,2.5945945945945947,0.44360902255639095,1.0,0.0
3.52,253,225,478,645,404,307,192,203,201,197,-0.229742612,0.7410852713178294,-0.14870881567230632,1.183168316831683,0.08390022675736962,1.5570032573289903,0.2178343949044586,2.4895833333333335,0.42686567164179107,2.354679802955665,0.40381791483113066,2.3781094527363185,0.40795287187039764,2.4263959390862944,0.4162962962962963,1.8893280632411067,0.307797537619699,2.1244444444444444,0.35988620199146515,1.3493723849372385,0.14870881567230632,1.5965346534653466,0.22974261201143947,2.1009771986970684,0.3550420168067227,3.359375,0.5412186379928315,3.1773399014778323,0.5212264150943396,3.208955223880597,0.524822695035461,3.2741116751269037,0.5320665083135392,2.549407114624506,0.4365256124721604,2.8666666666666667,0.4827586206896552,0.8451882845188284,-0.08390022675736962,0.6263565891472869,-0.22974261201143947,1.3159609120521172,0.13642756680731363,2.1041666666666665,0.35570469798657717,1.9901477832512315,0.3311367380560132,2.009950248756219,0.33553719008264465,2.050761421319797,0.34442595673876875,1.5968379446640317,0.2298325722983257,1.7955555555555556,0.2845786963434022,0.6422594142259415,-0.2178343949044586,0.475968992248062,-0.3550420168067227,0.7599009900990099,-0.13642756680731363,1.5989583333333333,0.23046092184368738,1.5123152709359606,0.20392156862745098,1.527363184079602,0.20866141732283464,1.5583756345177664,0.21825396825396826,1.2134387351778657,0.09642857142857143,1.3644444444444443,0.15413533834586465,0.401673640167364,-0.42686567164179107,0.29767441860465116,-0.5412186379928315,0.4752475247524752,-0.35570469798657717,0.6254071661237784,-0.23046092184368738,0.9458128078817734,-0.027848101265822784,0.9552238805970149,-0.022900763358778626,0.9746192893401016,-0.012853470437017995,0.758893280632411,-0.13707865168539327,0.8533333333333334,-0.07913669064748201,0.4246861924686193,-0.40381791483113066,0.3147286821705426,-0.5212264150943396,0.5024752475247525,-0.3311367380560132,0.6612377850162866,-0.20392156862745098,1.0572916666666667,0.027848101265822784,1.0099502487562189,0.0049504950495049506,1.0304568527918783,0.015,0.8023715415019763,-0.10964912280701754,0.9022222222222223,-0.0514018691588785,0.4205020920502092,-0.40795287187039764,0.3116279069767442,-0.524822695035461,0.4975247524752475,-0.33553719008264465,0.6547231270358306,-0.20866141732283464,1.046875,0.022900763358778626,0.9901477832512315,-0.0049504950495049506,1.0203045685279188,0.010050251256281407,0.7944664031620553,-0.1145374449339207,0.8933333333333333,-0.056338028169014086,0.4121338912133891,-0.4162962962962963,0.3054263565891473,-0.5320665083135392,0.4876237623762376,-0.34442595673876875,0.6416938110749185,-0.21825396825396826,1.0260416666666667,0.012853470437017995,0.9704433497536946,-0.015,0.9800995024875622,-0.010050251256281407,0.7786561264822134,-0.12444444444444444,0.8755555555555555,-0.06635071090047394,0.5292887029288703,-0.307797537619699,0.3922480620155039,-0.4365256124721604,0.6262376237623762,-0.2298325722983257,0.8241042345276873,-0.09642857142857143,1.3177083333333333,0.13707865168539327,1.2463054187192117,0.10964912280701754,1.2587064676616915,0.1145374449339207,1.284263959390863,0.12444444444444444,1.1244444444444444,0.058577405857740586,0.4707112970711297,-0.35988620199146515,0.3488372093023256,-0.4827586206896552,0.556930693069307,-0.2845786963434022,0.7328990228013029,-0.15413533834586465,1.171875,0.07913669064748201,1.1083743842364533,0.0514018691588785,1.1194029850746268,0.056338028169014086,1.1421319796954315,0.06635071090047394,0.8893280632411067,-0.058577405857740586
2.47,415,373,538,772,525,504,322,334,352,332,-0.190439476,0.6968911917098446,-0.17862595419847327,1.0247619047619048,0.012229539040451553,1.0674603174603174,0.03262955854126679,1.670807453416149,0.25116279069767444,1.6107784431137724,0.23394495412844038,1.5284090909090908,0.20898876404494382,1.6204819277108433,0.2367816091954023,1.2963855421686747,0.12906610703043023,1.4423592493297588,0.18111964873765093,1.4349442379182156,0.17862595419847327,1.4704761904761905,0.19043947571318426,1.5317460317460319,0.21003134796238246,2.3975155279503104,0.4113345521023766,2.311377245508982,0.3960216998191682,2.1931818181818183,0.3736654804270463,2.325301204819277,0.39855072463768115,1.8602409638554216,0.3007582139848357,2.06970509383378,0.34847161572052404,0.9758364312267658,-0.012229539040451553,0.6800518134715026,-0.19043947571318426,1.0416666666666667,0.02040816326530612,1.6304347826086956,0.2396694214876033,1.5718562874251496,0.22235157159487776,1.4914772727272727,0.19726339794754846,1.5813253012048192,0.22520420070011668,1.2650602409638554,0.11702127659574468,1.4075067024128687,0.16926503340757237,0.9368029739776952,-0.03262955854126679,0.6528497409326425,-0.21003134796238246,0.96,-0.02040816326530612,1.565217391304348,0.22033898305084745,1.5089820359281436,0.20286396181384247,1.4318181818181819,0.17757009345794392,1.5180722891566265,0.20574162679425836,1.2144578313253012,0.09684439608269858,1.351206434316354,0.14937286202964653,0.5985130111524164,-0.25116279069767444,0.4170984455958549,-0.4113345521023766,0.6133333333333333,-0.2396694214876033,0.6388888888888888,-0.22033898305084745,0.9640718562874252,-0.018292682926829267,0.9147727272727273,-0.04451038575667656,0.9698795180722891,-0.01529051987767584,0.7759036144578313,-0.12618724559023067,0.8632707774798928,-0.07338129496402877,0.620817843866171,-0.23394495412844038,0.4326424870466321,-0.3960216998191682,0.6361904761904762,-0.22235157159487776,0.6626984126984127,-0.20286396181384247,1.0372670807453417,0.018292682926829267,0.9488636363636364,-0.026239067055393587,1.0060240963855422,0.003003003003003003,0.8048192771084337,-0.1081441922563418,0.8954423592493298,-0.055162659123055166,0.654275092936803,-0.20898876404494382,0.45595854922279794,-0.3736654804270463,0.6704761904761904,-0.19726339794754846,0.6984126984126984,-0.17757009345794392,1.093167701863354,0.04451038575667656,1.0538922155688624,0.026239067055393587,1.0602409638554218,0.029239766081871343,0.8481927710843373,-0.08213820078226858,0.9436997319034852,-0.028965517241379312,0.6171003717472119,-0.2367816091954023,0.43005181347150256,-0.39855072463768115,0.6323809523809524,-0.22520420070011668,0.6587301587301587,-0.20574162679425836,1.031055900621118,0.01529051987767584,0.9940119760479041,-0.003003003003003003,0.9431818181818182,-0.029239766081871343,0.8,-0.1111111111111111,0.8900804289544236,-0.05815602836879433,0.7713754646840149,-0.12906610703043023,0.5375647668393783,-0.3007582139848357,0.7904761904761904,-0.11702127659574468,0.8234126984126984,-0.09684439608269858,1.2888198757763976,0.12618724559023067,1.2425149700598803,0.1081441922563418,1.1789772727272727,0.08213820078226858,1.25,0.1111111111111111,1.1126005361930296,0.0532994923857868,0.6933085501858736,-0.18111964873765093,0.483160621761658,-0.34847161572052404,0.7104761904761905,-0.16926503340757237,0.7400793650793651,-0.14937286202964653,1.1583850931677018,0.07338129496402877,1.1167664670658684,0.055162659123055166,1.0596590909090908,0.028965517241379312,1.1234939759036144,0.05815602836879433,0.8987951807228916,-0.0532994923857868
3.73,1150,1028,1453,1577,1379,1359,1166,1201,1220,1145,-0.066982409,0.9213696892834495,-0.04092409240924092,1.0536620739666425,0.026129943502824857,1.069168506254599,0.033428165007112376,1.2461406518010292,0.10958381061473844,1.2098251457119067,0.09495101733232857,1.1909836065573771,0.08716797605686495,1.268995633187773,0.11855273287143957,1.2634782608695652,0.11640414905877833,1.4134241245136188,0.17130189439742038,1.0853406744666207,0.04092409240924092,1.1435823060188541,0.06698240866035182,1.160412067696836,0.07425068119891008,1.3524871355060035,0.14983594604447684,1.3130724396336386,0.1353491720662347,1.292622950819672,0.1276367536646407,1.3772925764192139,0.15870683321087437,1.371304347826087,0.15658232489915658,1.534046692607004,0.2107485604606526,0.949070887818307,-0.026129943502824857,0.8744451490171211,-0.06698240866035182,1.0147167034584252,0.007304601899196494,1.1826758147512864,0.08369351669941061,1.148209825145712,0.06899224806201551,1.130327868852459,0.061177375913813004,1.2043668122270743,0.09270998415213946,1.1991304347826086,0.09054962435745353,1.3414396887159532,0.14582467802243457,0.9353062629043358,-0.033428165007112376,0.8617628408370324,-0.07425068119891008,0.9854967367657723,-0.007304601899196494,1.1655231560891939,0.07643564356435643,1.131557035803497,0.06171875,1.1139344262295081,0.053896859247770455,1.1868995633187773,0.08546325878594249,1.1817391304347826,0.08330011956954962,1.3219844357976653,0.13866778382907416,0.8024776324845148,-0.10958381061473844,0.7393785668991757,-0.14983594604447684,0.845540246555475,-0.08369351669941061,0.8579838116261957,-0.07643564356435643,0.9708576186511241,-0.014786649767638362,0.9557377049180328,-0.022632020117351215,1.018340611353712,0.009086975335352661,1.0139130434782608,0.0069084628670120895,1.1342412451361867,0.06289881494986327,0.8265657260839642,-0.09495101733232857,0.761572606214331,-0.1353491720662347,0.8709209572153734,-0.06899224806201551,0.88373804267844,-0.06171875,1.0300171526586621,0.014786649767638362,0.9844262295081967,-0.00784799669558034,1.0489082969432315,0.023870417732310314,1.0443478260869565,0.021692896639727774,1.1682879377431907,0.07761327949753252,0.8396421197522368,-0.08716797605686495,0.7736207989854154,-0.1276367536646407,0.8846990572878898,-0.061177375913813004,0.8977189109639441,-0.053896859247770455,1.0463121783876501,0.022632020117351215,1.015820149875104,0.00784799669558034,1.0655021834061136,0.03171247357293869,1.0608695652173914,0.029535864978902954,1.1867704280155642,0.08540925266903915,0.7880247763248451,-0.11855273287143957,0.7260621433100825,-0.15870683321087437,0.8303118201595359,-0.09270998415213946,0.8425312729948492,-0.08546325878594249,0.9819897084048027,-0.009086975335352661,0.9533721898417985,-0.023870417732310314,0.9385245901639344,-0.03171247357293869,0.9956521739130435,-0.002178649237472767,1.1138132295719845,0.053842613897837094,0.791465932553338,-0.11640414905877833,0.7292327203551047,-0.15658232489915658,0.8339376359680928,-0.09054962435745353,0.8462104488594555,-0.08330011956954962,0.9862778730703259,-0.0069084628670120895,0.9575353871773522,-0.021692896639727774,0.9426229508196722,-0.029535864978902954,1.0043668122270741,0.002178649237472767,1.1186770428015564,0.05601469237832874,0.7075017205781142,-0.17130189439742038,0.6518706404565631,-0.2107485604606526,0.7454677302393038,-0.14582467802243457,0.7564385577630611,-0.13866778382907416,0.8816466552315609,-0.06289881494986327,0.8559533721898418,-0.07761327949753252,0.8426229508196721,-0.08540925266903915,0.8978165938864628,-0.053842613897837094,0.8939130434782608,-0.05601469237832874
4.26,905,796,1145,1260,1047,1072,890,882,905,845,-0.092327698,0.9087301587301587,-0.04781704781704782,1.0936007640878702,0.04470802919708029,1.0680970149253732,0.032927379341452415,1.2865168539325842,0.12530712530712532,1.2981859410430838,0.12974839664528862,1.2651933701657458,0.11707317073170732,1.3550295857988166,0.1507537688442211,1.2651933701657458,0.11707317073170732,1.4384422110552764,0.17980422462648118,1.1004366812227073,0.04781704781704782,1.2034383954154728,0.09232769830949285,1.1753731343283582,0.08061749571183534,1.4157303370786516,0.17209302325581396,1.4285714285714286,0.17647058823529413,1.3922651933701657,0.16397228637413394,1.4911242603550297,0.19714964370546317,1.3922651933701657,0.16397228637413394,1.5829145728643217,0.22568093385214008,0.914410480349345,-0.04470802919708029,0.830952380952381,-0.09232769830949285,0.976679104477612,-0.011798017932987258,1.1764044943820224,0.08105317501290656,1.1870748299319729,0.08553654743390357,1.1569060773480664,0.07274590163934426,1.2390532544378698,0.10676532769556026,1.1569060773480664,0.07274590163934426,1.315326633165829,0.13619099294628323,0.9362445414847161,-0.032927379341452415,0.8507936507936508,-0.08061749571183534,1.0238777459407833,0.011798017932987258,1.2044943820224718,0.09276248725790011,1.215419501133787,0.09723643807574207,1.1845303867403314,0.08447142134547293,1.2686390532544378,0.11841418883672405,1.1845303867403314,0.08447142134547293,1.3467336683417086,0.14775160599571735,0.777292576419214,-0.12530712530712532,0.7063492063492064,-0.17209302325581396,0.8500477554918816,-0.08105317501290656,0.8302238805970149,-0.09276248725790011,1.0090702947845804,0.004514672686230248,0.9834254143646409,-0.008356545961002786,1.0532544378698225,0.025936599423631124,0.9834254143646409,-0.008356545961002786,1.1180904522613064,0.05575326215895611,0.7703056768558952,-0.12974839664528862,0.7,-0.17647058823529413,0.8424068767908309,-0.08553654743390357,0.8227611940298507,-0.09723643807574207,0.9910112359550561,-0.004514672686230248,0.974585635359116,-0.012870733072188025,1.0437869822485206,0.021424435437174292,0.974585635359116,-0.012870733072188025,1.1080402010050252,0.05125148986889154,0.7903930131004366,-0.11707317073170732,0.7182539682539683,-0.16397228637413394,0.8643744030563515,-0.07274590163934426,0.8442164179104478,-0.08447142134547293,1.0168539325842696,0.008356545961002786,1.026077097505669,0.012870733072188025,1.0710059171597632,0.03428571428571429,1.0,0.0,1.1369346733668342,0.06407995296884186,0.7379912663755459,-0.1507537688442211,0.6706349206349206,-0.19714964370546317,0.8070678127984718,-0.10676532769556026,0.7882462686567164,-0.11841418883672405,0.949438202247191,-0.025936599423631124,0.9580498866213152,-0.021424435437174292,0.9337016574585635,-0.03428571428571429,0.9337016574585635,-0.03428571428571429,1.0615577889447236,0.029859841560024376,0.7903930131004366,-0.11707317073170732,0.7182539682539683,-0.16397228637413394,0.8643744030563515,-0.07274590163934426,0.8442164179104478,-0.08447142134547293,1.0168539325842696,0.008356545961002786,1.026077097505669,0.012870733072188025,1.0,0.0,1.0710059171597632,0.03428571428571429,1.1369346733668342,0.06407995296884186,0.6951965065502184,-0.17980422462648118,0.6317460317460317,-0.22568093385214008,0.7602674307545367,-0.13619099294628323,0.7425373134328358,-0.14775160599571735,0.8943820224719101,-0.05575326215895611,0.9024943310657596,-0.05125148986889154,0.8795580110497238,-0.06407995296884186,0.9420118343195266,-0.029859841560024376,0.8795580110497238,-0.06407995296884186
4.95,1371,1294,1556,1684,1537,1647,1412,1411,1280,1361,-0.045638001,0.9239904988123515,-0.03950617283950617,1.0123617436564736,0.006142903330100227,0.9447480267152398,-0.028410864814236655,1.1019830028328612,0.04851752021563342,1.102763997165131,0.04887091338051904,1.215625,0.09732016925246827,1.1432770022042615,0.0668495029139527,1.1349380014587893,0.06320464639562692,1.2024729520865534,0.09192982456140351,1.082262210796915,0.03950617283950617,1.095640858815875,0.04563800062092518,1.0224650880388586,0.011107775442809968,1.1926345609065157,0.08785529715762273,1.1934798015591779,0.08820678513731825,1.315625,0.13630229419703105,1.2373254959588538,0.10607553366174056,1.2283005105762217,0.10245499181669394,1.3013910355486862,0.13096037609133646,0.9877892030848329,-0.006142903330100227,0.91270783847981,-0.04563800062092518,0.9332119004250152,-0.034547738693467334,1.088526912181303,0.0423872499152255,1.0892983699503898,0.042740841248303935,1.20078125,0.09123180688675896,1.1293166789125644,0.06073153899240856,1.1210795040116703,0.057083906464924346,1.187789799072643,0.08583539385376192,1.0584832904884318,0.028410864814236655,0.9780285035629454,-0.011107775442809968,1.0715679895901107,0.034547738693467334,1.1664305949008498,0.07682249101013403,1.1672572643515238,0.07717462393721386,1.28671875,0.12538435257943287,1.210139603232917,0.09507978723404255,1.201312910284464,0.09145129224652088,1.2727975270479135,0.12002720163209793,0.9074550128534704,-0.04851752021563342,0.838479809976247,-0.08785529715762273,0.9186727391021471,-0.0423872499152255,0.8573163327261688,-0.07682249101013403,1.0007087172218285,0.00035423308537017357,1.103125,0.04903417533432392,1.0374724467303453,0.01839163360980887,1.0299051787016775,0.014732303269852677,1.0911901081916537,0.04360679970436068,0.9068123393316195,-0.04887091338051904,0.8378859857482185,-0.08820678513731825,0.9180221210149642,-0.042740841248303935,0.856709168184578,-0.07717462393721386,0.9992917847025495,-0.00035423308537017357,1.10234375,0.04868078781122259,1.0367376928728875,0.018037518037518036,1.0291757840991977,0.014378145219266714,1.0904173106646058,0.04325323475046211,0.8226221079691517,-0.09732016925246827,0.7600950118764845,-0.13630229419703105,0.8327911515940143,-0.09123180688675896,0.777170613236187,-0.12538435257943287,0.9065155807365439,-0.04903417533432392,0.9071580439404677,-0.04868078781122259,0.9404849375459221,-0.030670200681560015,0.9336250911743253,-0.034326669181440964,0.9891808346213292,-0.005439005439005439,0.8746786632390745,-0.0668495029139527,0.8081947743467933,-0.10607553366174056,0.885491216655823,-0.06073153899240856,0.8263509411050395,-0.09507978723404255,0.9638810198300283,-0.01839163360980887,0.9645641389085755,-0.018037518037518036,1.06328125,0.030670200681560015,0.9927060539752006,-0.0036603221083455345,1.0517774343122102,0.025235404896421846,0.8811053984575835,-0.06320464639562692,0.8141330166270784,-0.10245499181669394,0.8919973975276513,-0.057083906464924346,0.8324225865209471,-0.09145129224652088,0.9709631728045326,-0.014732303269852677,0.9716513111268604,-0.014378145219266714,1.07109375,0.034326669181440964,1.0073475385745776,0.0036603221083455345,1.0595054095826892,0.028893058161350845,0.8316195372750642,-0.09192982456140351,0.7684085510688836,-0.13096037609133646,0.8418998048145738,-0.08583539385376192,0.7856709168184578,-0.12002720163209793,0.9164305949008499,-0.04360679970436068,0.9170800850460666,-0.04325323475046211,1.0109375,0.005439005439005439,0.9507714915503307,-0.025235404896421846,0.9438366156090445,-0.028893058161350845
1.62,1160,1180,1468,1276,1050,1288,1249,1257,1361,1283,-0.097162511,1.1504702194357366,0.06997084548104957,1.398095238095238,0.16600476568705322,1.139751552795031,0.06531204644412192,1.1753402722177742,0.08060360691939639,1.167859984089101,0.07743119266055046,1.0786186627479795,0.03782255213856486,1.1441932969602495,0.06724827335514358,1.2655172413793103,0.1171993911719939,1.2440677966101694,0.10876132930513595,0.8692098092643051,-0.06997084548104957,1.2152380952380952,0.09716251074806535,0.9906832298136646,-0.0046801872074883,1.021617293835068,0.010693069306930694,1.015115354017502,0.007500986971969996,0.9375459221160911,-0.03223359878649981,0.9945440374123149,-0.0027354435326299334,1.1,0.047619047619047616,1.0813559322033899,0.03908794788273615,0.715258855585831,-0.16600476568705322,0.822884012539185,-0.09716251074806535,0.8152173913043478,-0.10179640718562874,0.8406725380304243,-0.08655937364071335,0.8353221957040573,-0.08972691807542263,0.7714915503306392,-0.12899211945250932,0.818394388152767,-0.09987141020145734,0.9051724137931034,-0.049773755656108594,0.8898305084745762,-0.05829596412556054,0.8773841961852861,-0.06531204644412192,1.0094043887147335,0.0046801872074883,1.2266666666666666,0.10179640718562874,1.0312249799839872,0.015372487189594008,1.0246618933969769,0.01218074656188605,0.9463629684055841,-0.027557568893922236,1.0038971161340609,0.0019447685725398677,1.110344827586207,0.05228758169934641,1.0915254237288134,0.04376012965964344,0.8508174386920981,-0.08060360691939639,0.9788401253918495,-0.010693069306930694,1.1895238095238094,0.08655937364071335,0.96972049689441,-0.015372487189594008,0.9936356404136834,-0.0031923383878691143,0.9177075679647319,-0.04291187739463601,0.9734996102883866,-0.013428120063191154,1.0767241379310344,0.0369447903694479,1.0584745762711865,0.02840675174969123,0.8562670299727521,-0.07743119266055046,0.9851097178683386,-0.007500986971969996,1.197142857142857,0.08972691807542263,0.9759316770186336,-0.01218074656188605,1.0064051240992795,0.0031923383878691143,0.9235855988243938,-0.03972498090145149,0.9797349961028838,-0.010236220472440945,1.0836206896551723,0.04013239553165081,1.0652542372881355,0.03159622486663931,0.9271117166212534,-0.03782255213856486,1.066614420062696,0.03223359878649981,1.2961904761904761,0.12899211945250932,1.0566770186335404,0.027557568893922236,1.0896717373899119,0.04291187739463601,1.082736674622116,0.03972498090145149,1.0607950116913485,0.029500756429652043,1.1732758620689656,0.07973026576755256,1.1533898305084747,0.07123179850452578,0.8739782016348774,-0.06724827335514358,1.005485893416928,0.0027354435326299334,1.2219047619047618,0.09987141020145734,0.9961180124223602,-0.0019447685725398677,1.0272217774219377,0.013428120063191154,1.020684168655529,0.010236220472440945,0.9426891991182954,-0.029500756429652043,1.1060344827586206,0.050347932869422844,1.0872881355932202,0.04181892001624036,0.7901907356948229,-0.1171993911719939,0.9090909090909091,-0.047619047619047616,1.1047619047619048,0.049773755656108594,0.9006211180124224,-0.05228758169934641,0.9287429943955164,-0.0369447903694479,0.9228321400159109,-0.04013239553165081,0.852314474650992,-0.07973026576755256,0.9041309431021044,-0.050347932869422844,0.9830508474576272,-0.008547008547008548,0.8038147138964578,-0.10876132930513595,0.9247648902821317,-0.03908794788273615,1.1238095238095238,0.05829596412556054,0.9161490683229814,-0.04376012965964344,0.944755804643715,-0.02840675174969123,0.9387430389817024,-0.03159622486663931,0.8670095518001469,-0.07123179850452578,0.9197194076383476,-0.04181892001624036,1.0172413793103448,0.008547008547008548
3.53,205,194,285,283,277,347,193,186,180,147,-0.010714286,1.0070671378091873,0.0035211267605633804,1.0288808664259927,0.014234875444839857,0.8213256484149856,-0.0981012658227848,1.4766839378238341,0.19246861924686193,1.532258064516129,0.21019108280254778,1.5833333333333333,0.22580645161290322,1.9387755102040816,0.3194444444444444,1.3902439024390243,0.16326530612244897,1.4690721649484537,0.18997912317327767,0.9929824561403509,-0.0035211267605633804,1.0216606498194947,0.010714285714285714,0.8155619596541787,-0.10158730158730159,1.4663212435233162,0.18907563025210083,1.521505376344086,0.2068230277185501,1.5722222222222222,0.2224622030237581,1.9251700680272108,0.31627906976744186,1.3804878048780487,0.1598360655737705,1.458762886597938,0.18658280922431866,0.9719298245614035,-0.014234875444839857,0.9787985865724381,-0.010714285714285714,0.7982708933717579,-0.11217948717948718,1.4352331606217616,0.17872340425531916,1.489247311827957,0.19654427645788336,1.538888888888889,0.212253829321663,1.8843537414965987,0.30660377358490565,1.351219512195122,0.14937759336099585,1.4278350515463918,0.1762208067940552,1.2175438596491228,0.0981012658227848,1.226148409893993,0.10158730158730159,1.2527075812274369,0.11217948717948718,1.7979274611398963,0.2851851851851852,1.8655913978494623,0.30206378986866794,1.9277777777777778,0.31688804554079697,2.360544217687075,0.4048582995951417,1.6926829268292682,0.2572463768115942,1.788659793814433,0.2828096118299446,0.6771929824561403,-0.19246861924686193,0.6819787985865724,-0.18907563025210083,0.6967509025270758,-0.17872340425531916,0.5561959654178674,-0.2851851851851852,1.0376344086021505,0.018469656992084433,1.0722222222222222,0.03485254691689008,1.3129251700680271,0.13529411764705881,0.9414634146341463,-0.03015075376884422,0.9948453608247423,-0.002583979328165375,0.6526315789473685,-0.21019108280254778,0.657243816254417,-0.2068230277185501,0.6714801444043321,-0.19654427645788336,0.5360230547550432,-0.30206378986866794,0.9637305699481865,-0.018469656992084433,1.0333333333333334,0.01639344262295082,1.2653061224489797,0.11711711711711711,0.9073170731707317,-0.04859335038363171,0.9587628865979382,-0.021052631578947368,0.631578947368421,-0.22580645161290322,0.6360424028268551,-0.2224622030237581,0.6498194945848376,-0.212253829321663,0.5187319884726225,-0.31688804554079697,0.9326424870466321,-0.03485254691689008,0.967741935483871,-0.01639344262295082,1.2244897959183674,0.10091743119266056,0.8780487804878049,-0.06493506493506493,0.9278350515463918,-0.0374331550802139,0.5157894736842106,-0.3194444444444444,0.519434628975265,-0.31627906976744186,0.5306859205776173,-0.30660377358490565,0.42363112391930835,-0.4048582995951417,0.7616580310880829,-0.13529411764705881,0.7903225806451613,-0.11711711711711711,0.8166666666666667,-0.10091743119266056,0.7170731707317073,-0.16477272727272727,0.7577319587628866,-0.1378299120234604,0.7192982456140351,-0.16326530612244897,0.7243816254416962,-0.1598360655737705,0.740072202166065,-0.14937759336099585,0.590778097982709,-0.2572463768115942,1.0621761658031088,0.03015075376884422,1.1021505376344085,0.04859335038363171,1.1388888888888888,0.06493506493506493,1.3945578231292517,0.16477272727272727,1.056701030927835,0.02756892230576441,0.6807017543859649,-0.18997912317327767,0.6855123674911661,-0.18658280922431866,0.7003610108303249,-0.1762208067940552,0.5590778097982709,-0.2828096118299446,1.005181347150259,0.002583979328165375,1.043010752688172,0.021052631578947368,1.0777777777777777,0.0374331550802139,1.3197278911564625,0.1378299120234604,0.9463414634146341,-0.02756892230576441
2.74,192,191,94,177,199,229,126,173,66,169,0.058510638,0.5310734463276836,-0.3062730627306273,0.4723618090452261,-0.3583617747440273,0.4104803493449782,-0.4179566563467492,0.746031746031746,-0.14545454545454545,0.5433526011560693,-0.2958801498127341,1.4242424242424243,0.175,0.5562130177514792,-0.28517110266159695,0.4895833333333333,-0.34265734265734266,0.49214659685863876,-0.34035087719298246,1.8829787234042554,0.3062730627306273,0.8894472361809045,-0.05851063829787234,0.7729257641921398,-0.12807881773399016,1.4047619047619047,0.16831683168316833,1.023121387283237,0.011428571428571429,2.6818181818181817,0.4567901234567901,1.047337278106509,0.023121387283236993,0.921875,-0.04065040650406504,0.9267015706806283,-0.03804347826086957,2.117021276595745,0.3583617747440273,1.1242937853107344,0.05851063829787234,0.868995633187773,-0.07009345794392523,1.5793650793650793,0.2246153846153846,1.1502890173410405,0.06989247311827956,3.015151515151515,0.5018867924528302,1.1775147928994083,0.08152173913043478,1.0364583333333333,0.017902813299232736,1.0418848167539267,0.020512820512820513,2.4361702127659575,0.4179566563467492,1.2937853107344632,0.12807881773399016,1.150753768844221,0.07009345794392523,1.8174603174603174,0.29014084507042254,1.323699421965318,0.13930348258706468,3.4696969696969697,0.5525423728813559,1.3550295857988166,0.1507537688442211,1.1927083333333333,0.08788598574821853,1.198952879581152,0.09047619047619047,1.3404255319148937,0.14545454545454545,0.711864406779661,-0.16831683168316833,0.6331658291457286,-0.2246153846153846,0.5502183406113537,-0.29014084507042254,0.7283236994219653,-0.15719063545150502,1.9090909090909092,0.3125,0.7455621301775148,-0.14576271186440679,0.65625,-0.20754716981132076,0.6596858638743456,-0.20504731861198738,1.8404255319148937,0.2958801498127341,0.9774011299435028,-0.011428571428571429,0.8693467336683417,-0.06989247311827956,0.7554585152838428,-0.13930348258706468,1.373015873015873,0.15719063545150502,2.621212121212121,0.4476987447698745,1.0236686390532543,0.011695906432748537,0.9010416666666666,-0.052054794520547946,0.9057591623036649,-0.04945054945054945,0.7021276595744681,-0.175,0.3728813559322034,-0.4567901234567901,0.3316582914572864,-0.5018867924528302,0.28820960698689957,-0.5525423728813559,0.5238095238095238,-0.3125,0.3815028901734104,-0.4476987447698745,0.3905325443786982,-0.43829787234042555,0.34375,-0.4883720930232558,0.34554973821989526,-0.48638132295719844,1.797872340425532,0.28517110266159695,0.9548022598870056,-0.023121387283236993,0.8492462311557789,-0.08152173913043478,0.7379912663755459,-0.1507537688442211,1.3412698412698412,0.14576271186440679,0.976878612716763,-0.011695906432748537,2.5606060606060606,0.43829787234042555,0.8802083333333334,-0.06371191135734072,0.8848167539267016,-0.06111111111111111,2.0425531914893615,0.34265734265734266,1.0847457627118644,0.04065040650406504,0.964824120603015,-0.017902813299232736,0.8384279475982532,-0.08788598574821853,1.5238095238095237,0.20754716981132076,1.1098265895953756,0.052054794520547946,2.909090909090909,0.4883720930232558,1.136094674556213,0.06371191135734072,1.0052356020942408,0.0026109660574412533,2.0319148936170213,0.34035087719298246,1.07909604519774,0.03804347826086957,0.9597989949748744,-0.020512820512820513,0.834061135371179,-0.09047619047619047,1.5158730158730158,0.20504731861198738,1.1040462427745665,0.04945054945054945,2.893939393939394,0.48638132295719844,1.1301775147928994,0.06111111111111111,0.9947916666666666,-0.0026109660574412533
5.66,1056,1097,1137,1060,955,1183,1175,1252,1038,1294,-0.052109181,1.0726415094339623,0.03504779244424215,1.1905759162303664,0.0869980879541109,0.9611158072696534,-0.019827586206896553,0.9676595744680851,-0.01643598615916955,0.90814696485623,-0.04813729593972373,1.0953757225433527,0.04551724137931035,0.8786707882534776,-0.06458247634718223,1.0767045454545454,0.036935704514363885,1.0364630811303555,0.017905102954341987,0.9322779243623571,-0.03504779244424215,1.1099476439790577,0.052109181141439205,0.8960270498732037,-0.054837271511368704,0.902127659574468,-0.05145413870246085,0.8466453674121406,-0.08304498269896193,1.0211946050096339,0.010486177311725452,0.8191653786707882,-0.0994052676295667,1.003787878787879,0.001890359168241966,0.9662716499544212,-0.017153453871117292,0.8399296394019349,-0.0869980879541109,0.9009433962264151,-0.052109181141439205,0.8072696534234995,-0.10664172123479888,0.8127659574468085,-0.10328638497652583,0.762779552715655,-0.13457181694608064,0.9200385356454721,-0.04164576016056196,0.7380216383307573,-0.15073365940417963,0.9043560606060606,-0.05022376926902039,0.8705560619872379,-0.06920077972709551,1.040457343887423,0.019827586206896553,1.1160377358490565,0.054837271511368704,1.2387434554973822,0.10664172123479888,1.0068085106382978,0.0033927056827820186,0.944888178913738,-0.028336755646817247,1.1396917148362236,0.06528590724898695,0.9142194744976816,-0.04481227291077917,1.1202651515151516,0.056721750781598926,1.0783956244302644,0.037719298245614034,1.0334212840809147,0.01643598615916955,1.1084905660377358,0.05145413870246085,1.2303664921465969,0.10328638497652583,0.9932375316990701,-0.0033927056827820186,0.9384984025559105,-0.03172641120725175,1.1319845857418112,0.06190691369182106,0.9080370942812983,-0.048197650870797894,1.112689393939394,0.053339309726580006,1.0711030082041932,0.03433098591549296,1.1011433597185576,0.04813729593972373,1.181132075471698,0.08304498269896193,1.3109947643979059,0.13457181694608064,1.0583262890955198,0.028336755646817247,1.065531914893617,0.03172641120725175,1.20616570327553,0.09344978165938865,0.9675425038639877,-0.016496465043205028,1.1856060606060606,0.08492201039861352,1.1412944393801276,0.06598552575564069,0.9129287598944591,-0.04551724137931035,0.9792452830188679,-0.010486177311725452,1.086910994764398,0.04164576016056196,0.8774302620456467,-0.06528590724898695,0.8834042553191489,-0.06190691369182106,0.829073482428115,-0.09344978165938865,0.8021638330757341,-0.1097770154373928,0.9829545454545454,-0.008595988538681949,0.9462169553327257,-0.02763466042154567,1.1380826737027265,0.06458247634718223,1.2207547169811321,0.0994052676295667,1.3549738219895289,0.15073365940417963,1.0938292476754015,0.04481227291077917,1.1012765957446808,0.048197650870797894,1.0335463258785942,0.016496465043205028,1.2466281310211946,0.1097770154373928,1.2253787878787878,0.10127659574468086,1.179580674567001,0.08239230447511502,0.9287598944591029,-0.036935704514363885,0.9962264150943396,-0.001890359168241966,1.1057591623036649,0.05022376926902039,0.8926458157227388,-0.056721750781598926,0.8987234042553192,-0.053339309726580006,0.8434504792332268,-0.08492201039861352,1.0173410404624277,0.008595988538681949,0.8160741885625966,-0.10127659574468086,0.9626253418413856,-0.019043195541105434,0.9648197009674582,-0.017905102954341987,1.0349056603773585,0.017153453871117292,1.1486910994764399,0.06920077972709551,0.9273034657650042,-0.037719298245614034,0.9336170212765957,-0.03433098591549296,0.8761980830670927,-0.06598552575564069,1.056840077071291,0.02763466042154567,0.847758887171561,-0.08239230447511502,1.0388257575757576,0.019043195541105434
3.43,4875,4289,7180,6725,6474,6989,6695,6504,6097,6377,-0.019016592,1.0676579925650558,0.03272204243078029,1.1090515909793017,0.05170645964552512,1.0273286593217914,0.013480132684028513,1.0724421209858104,0.03495495495495495,1.1039360393603936,0.04940076001169249,1.1776283418074462,0.08156963169390676,1.1259212795985574,0.05923139337611566,1.4728205128205127,0.19120696806304438,1.6740498950804383,0.2520707995466039,0.9366295264623955,-0.03272204243078029,1.0387704664813098,0.01901659216607319,0.9622263557018171,-0.019250401050021876,1.0044809559372667,0.0022354694485842027,1.0339790897908978,0.016705722276816087,1.1030014761358045,0.04897831851505225,1.054571114944331,0.026560830407571363,1.3794871794871795,0.15948275862068967,1.5679645605036139,0.2211730524786635,0.9016713091922005,-0.05170645964552512,0.9626765799256506,-0.01901659216607319,0.9263127772213479,-0.03825298967540667,0.9669902912621359,-0.01678183613030602,0.9953874538745388,-0.002311604253351826,1.0618336886993602,0.02998965873836608,1.0152109142229888,0.007548050735351334,1.328,0.140893470790378,1.5094427605502447,0.20301031310972778,0.9733983286908078,-0.013480132684028513,1.0392565055762082,0.019250401050021876,1.0795489650911338,0.03825298967540667,1.0439133681852129,0.02148494592224496,1.074569495694957,0.03594456384792114,1.1463014597342955,0.06816445055784809,1.0959698917986513,0.0457878198413886,1.4336410256410257,0.17818610923803102,1.6295173700163208,0.23940414967192764,0.9324512534818942,-0.03495495495495495,0.995539033457249,-0.0022354694485842027,1.034136546184739,0.01678183613030602,0.9579338961224781,-0.02148494592224496,1.0293665436654367,0.014470793241912265,1.0980810234541578,0.046747967479674794,1.049866708483613,0.024326805385556916,1.3733333333333333,0.15730337078651685,1.5609699230589882,0.2190458849235251,0.905849582172702,-0.04940076001169249,0.9671375464684014,-0.016705722276816087,1.0046339202965708,0.002311604253351826,0.9306052368006867,-0.03594456384792114,0.9714712471994026,-0.014470793241912265,1.066754141381007,0.03229902388699309,1.019915320683707,0.009859482959397562,1.3341538461538462,0.14315844977590297,1.5164373979948707,0.2052256091911424,0.8491643454038997,-0.08156963169390676,0.9066171003717473,-0.04897831851505225,0.9417670682730924,-0.02998965873836608,0.8723708685076549,-0.06816445055784809,0.9106796116504854,-0.046747967479674794,0.9374231242312423,-0.03229902388699309,0.9560922063666301,-0.02244668911335578,1.2506666666666666,0.11137440758293839,1.4215434833294474,0.17408049297130754,0.8881615598885794,-0.05923139337611566,0.9482527881040892,-0.026560830407571363,0.9850169910410874,-0.007548050735351334,0.9124338245814851,-0.0457878198413886,0.9525018670649739,-0.024326805385556916,0.9804735547355473,-0.009859482959397562,1.0459242250287026,0.02244668911335578,1.308102564102564,0.13348738002132954,1.4868267661459547,0.19576223513969623,0.6789693593314763,-0.19120696806304438,0.724907063197026,-0.15948275862068967,0.7530120481927711,-0.140893470790378,0.6975246816425812,-0.17818610923803102,0.7281553398058253,-0.15730337078651685,0.7495387453874539,-0.14315844977590297,0.7995735607675906,-0.11137440758293839,0.7644660498667085,-0.13348738002132954,1.1366285847516904,0.06394587516368398,0.5973537604456824,-0.2520707995466039,0.6377695167286246,-0.2211730524786635,0.6624961383997529,-0.20301031310972778,0.6136786378594935,-0.23940414967192764,0.6406273338312173,-0.2190458849235251,0.659440344403444,-0.2052256091911424,0.7034607183860915,-0.17408049297130754,0.6725733103340129,-0.19576223513969623,0.8797948717948718,-0.06394587516368398
4.25,98,78,108,196,118,84,5,41,51,26,-0.248407643,0.5510204081632653,-0.2894736842105263,0.9152542372881356,-0.04424778761061947,1.2857142857142858,0.125,21.6,0.911504424778761,2.6341463414634148,0.44966442953020136,2.1176470588235294,0.3584905660377358,4.153846153846154,0.6119402985074627,1.1020408163265305,0.04854368932038835,1.3846153846153846,0.16129032258064516,1.8148148148148149,0.2894736842105263,1.6610169491525424,0.2484076433121019,2.3333333333333335,0.4,39.2,0.9502487562189055,4.780487804878049,0.6540084388185654,3.843137254901961,0.5870445344129555,7.538461538461538,0.7657657657657657,2.0,0.3333333333333333,2.5128205128205128,0.4306569343065693,1.0925925925925926,0.04424778761061947,0.6020408163265306,-0.2484076433121019,1.4047619047619047,0.16831683168316833,23.6,0.9186991869918699,2.8780487804878048,0.48427672955974843,2.3137254901960786,0.39644970414201186,4.538461538461538,0.6388888888888888,1.2040816326530612,0.09259259259259259,1.5128205128205128,0.20408163265306123,0.7777777777777778,-0.125,0.42857142857142855,-0.4,0.711864406779661,-0.16831683168316833,16.8,0.8876404494382022,2.048780487804878,0.344,1.6470588235294117,0.24444444444444444,3.230769230769231,0.5272727272727272,0.8571428571428571,-0.07692307692307693,1.0769230769230769,0.037037037037037035,0.046296296296296294,-0.911504424778761,0.025510204081632654,-0.9502487562189055,0.0423728813559322,-0.9186991869918699,0.05952380952380952,-0.8876404494382022,0.12195121951219512,-0.782608695652174,0.09803921568627451,-0.8214285714285714,0.19230769230769232,-0.6774193548387096,0.05102040816326531,-0.9029126213592233,0.0641025641025641,-0.8795180722891566,0.37962962962962965,-0.44966442953020136,0.20918367346938777,-0.6540084388185654,0.3474576271186441,-0.48427672955974843,0.4880952380952381,-0.344,8.2,0.782608695652174,0.803921568627451,-0.10869565217391304,1.5769230769230769,0.22388059701492538,0.41836734693877553,-0.41007194244604317,0.5256410256410257,-0.31092436974789917,0.4722222222222222,-0.3584905660377358,0.2602040816326531,-0.5870445344129555,0.4322033898305085,-0.39644970414201186,0.6071428571428571,-0.24444444444444444,10.2,0.8214285714285714,1.2439024390243902,0.10869565217391304,1.9615384615384615,0.3246753246753247,0.5204081632653061,-0.31543624161073824,0.6538461538461539,-0.20930232558139536,0.24074074074074073,-0.6119402985074627,0.1326530612244898,-0.7657657657657657,0.22033898305084745,-0.6388888888888888,0.30952380952380953,-0.5272727272727272,5.2,0.6774193548387096,0.6341463414634146,-0.22388059701492538,0.5098039215686274,-0.3246753246753247,0.2653061224489796,-0.5806451612903226,0.3333333333333333,-0.5,0.9074074074074074,-0.04854368932038835,0.5,-0.3333333333333333,0.8305084745762712,-0.09259259259259259,1.1666666666666667,0.07692307692307693,19.6,0.9029126213592233,2.3902439024390243,0.41007194244604317,1.9215686274509804,0.31543624161073824,3.769230769230769,0.5806451612903226,1.2564102564102564,0.11363636363636363,0.7222222222222222,-0.16129032258064516,0.3979591836734694,-0.4306569343065693,0.6610169491525424,-0.20408163265306123,0.9285714285714286,-0.037037037037037035,15.6,0.8795180722891566,1.9024390243902438,0.31092436974789917,1.5294117647058822,0.20930232558139536,3.0,0.5,0.7959183673469388,-0.11363636363636363
3.97,142,101,227,360,184,192,28,44,86,55,-0.323529412,0.6305555555555555,-0.22657580919931858,1.233695652173913,0.10462287104622871,1.1822916666666667,0.08353221957040573,8.107142857142858,0.7803921568627451,5.159090909090909,0.6752767527675276,2.63953488372093,0.4504792332268371,4.127272727272727,0.6099290780141844,1.5985915492957747,0.23035230352303523,2.2475247524752477,0.38414634146341464,1.5859030837004404,0.22657580919931858,1.9565217391304348,0.3235294117647059,1.875,0.30434782608695654,12.857142857142858,0.8556701030927835,8.181818181818182,0.7821782178217822,4.186046511627907,0.6143497757847534,6.545454545454546,0.7349397590361446,2.535211267605634,0.4342629482071713,3.5643564356435644,0.561822125813449,0.8105726872246696,-0.10462287104622871,0.5111111111111111,-0.3235294117647059,0.9583333333333334,-0.02127659574468085,6.571428571428571,0.7358490566037735,4.181818181818182,0.6140350877192983,2.13953488372093,0.362962962962963,3.3454545454545452,0.5397489539748954,1.295774647887324,0.12883435582822086,1.8217821782178218,0.2912280701754386,0.8458149779735683,-0.08353221957040573,0.5333333333333333,-0.30434782608695654,1.0434782608695652,0.02127659574468085,6.857142857142857,0.7454545454545455,4.363636363636363,0.6271186440677966,2.2325581395348837,0.381294964028777,3.4909090909090907,0.5546558704453441,1.352112676056338,0.1497005988023952,1.900990099009901,0.310580204778157,0.12334801762114538,-0.7803921568627451,0.07777777777777778,-0.8556701030927835,0.15217391304347827,-0.7358490566037735,0.14583333333333334,-0.7454545454545455,0.6363636363636364,-0.2222222222222222,0.32558139534883723,-0.5087719298245614,0.509090909090909,-0.3253012048192771,0.19718309859154928,-0.6705882352941176,0.27722772277227725,-0.5658914728682171,0.19383259911894274,-0.6752767527675276,0.12222222222222222,-0.7821782178217822,0.2391304347826087,-0.6140350877192983,0.22916666666666666,-0.6271186440677966,1.5714285714285714,0.2222222222222222,0.5116279069767442,-0.3230769230769231,0.8,-0.1111111111111111,0.30985915492957744,-0.5268817204301075,0.43564356435643564,-0.3931034482758621,0.3788546255506608,-0.4504792332268371,0.2388888888888889,-0.6143497757847534,0.4673913043478261,-0.362962962962963,0.4479166666666667,-0.381294964028777,3.0714285714285716,0.5087719298245614,1.9545454545454546,0.3230769230769231,1.5636363636363637,0.2198581560283688,0.6056338028169014,-0.24561403508771928,0.8514851485148515,-0.08021390374331551,0.2422907488986784,-0.6099290780141844,0.1527777777777778,-0.7349397590361446,0.29891304347826086,-0.5397489539748954,0.2864583333333333,-0.5546558704453441,1.9642857142857142,0.3253012048192771,1.25,0.1111111111111111,0.6395348837209303,-0.2198581560283688,0.3873239436619718,-0.4416243654822335,0.5445544554455446,-0.2948717948717949,0.6255506607929515,-0.23035230352303523,0.39444444444444443,-0.4342629482071713,0.7717391304347826,-0.12883435582822086,0.7395833333333334,-0.1497005988023952,5.071428571428571,0.6705882352941176,3.227272727272727,0.5268817204301075,1.6511627906976745,0.24561403508771928,2.581818181818182,0.4416243654822335,1.4059405940594059,0.16872427983539096,0.44493392070484583,-0.38414634146341464,0.28055555555555556,-0.561822125813449,0.5489130434782609,-0.2912280701754386,0.5260416666666666,-0.310580204778157,3.607142857142857,0.5658914728682171,2.2954545454545454,0.3931034482758621,1.1744186046511629,0.08021390374331551,1.8363636363636364,0.2948717948717949,0.7112676056338029,-0.16872427983539096
9.89,39,36,152,272,153,124,5,13,16,16,-0.28,0.5588235294117647,-0.2830188679245283,0.9934640522875817,-0.003278688524590164,1.2258064516129032,0.10144927536231885,30.4,0.9363057324840764,11.692307692307692,0.8424242424242424,9.5,0.8095238095238095,9.5,0.8095238095238095,3.8974358974358974,0.5916230366492147,4.222222222222222,0.6170212765957447,1.7894736842105263,0.2830188679245283,1.7777777777777777,0.28,2.193548387096774,0.37373737373737376,54.4,0.9638989169675091,20.923076923076923,0.9087719298245615,17.0,0.8888888888888888,17.0,0.8888888888888888,6.9743589743589745,0.7491961414790996,7.555555555555555,0.7662337662337663,1.006578947368421,0.003278688524590164,0.5625,-0.28,1.2338709677419355,0.10469314079422383,30.6,0.9367088607594937,11.76923076923077,0.8433734939759037,9.5625,0.8106508875739645,9.5625,0.8106508875739645,3.923076923076923,0.59375,4.25,0.6190476190476191,0.8157894736842105,-0.10144927536231885,0.45588235294117646,-0.37373737373737376,0.8104575163398693,-0.10469314079422383,24.8,0.9224806201550387,9.538461538461538,0.8102189781021898,7.75,0.7714285714285715,7.75,0.7714285714285715,3.1794871794871793,0.5214723926380368,3.4444444444444446,0.55,0.03289473684210526,-0.9363057324840764,0.01838235294117647,-0.9638989169675091,0.032679738562091505,-0.9367088607594937,0.04032258064516129,-0.9224806201550387,0.38461538461538464,-0.4444444444444444,0.3125,-0.5238095238095238,0.3125,-0.5238095238095238,0.1282051282051282,-0.7727272727272727,0.1388888888888889,-0.7560975609756098,0.08552631578947369,-0.8424242424242424,0.04779411764705882,-0.9087719298245615,0.08496732026143791,-0.8433734939759037,0.10483870967741936,-0.8102189781021898,2.6,0.4444444444444444,0.8125,-0.10344827586206896,0.8125,-0.10344827586206896,0.3333333333333333,-0.5,0.3611111111111111,-0.46938775510204084,0.10526315789473684,-0.8095238095238095,0.058823529411764705,-0.8888888888888888,0.10457516339869281,-0.8106508875739645,0.12903225806451613,-0.7714285714285715,3.2,0.5238095238095238,1.2307692307692308,0.10344827586206896,1.0,0.0,0.41025641025641024,-0.41818181818181815,0.4444444444444444,-0.38461538461538464,0.10526315789473684,-0.8095238095238095,0.058823529411764705,-0.8888888888888888,0.10457516339869281,-0.8106508875739645,0.12903225806451613,-0.7714285714285715,3.2,0.5238095238095238,1.2307692307692308,0.10344827586206896,1.0,0.0,0.41025641025641024,-0.41818181818181815,0.4444444444444444,-0.38461538461538464,0.2565789473684211,-0.5916230366492147,0.14338235294117646,-0.7491961414790996,0.2549019607843137,-0.59375,0.31451612903225806,-0.5214723926380368,7.8,0.7727272727272727,3.0,0.5,2.4375,0.41818181818181815,2.4375,0.41818181818181815,1.0833333333333333,0.04,0.23684210526315788,-0.6170212765957447,0.1323529411764706,-0.7662337662337663,0.23529411764705882,-0.6190476190476191,0.2903225806451613,-0.55,7.2,0.7560975609756098,2.769230769230769,0.46938775510204084,2.25,0.38461538461538464,2.25,0.38461538461538464,0.9230769230769231,-0.04
3.33,112,115,200,438,232,195,16,43,19,38,-0.307462687,0.45662100456621,-0.3730407523510972,0.8620689655172413,-0.07407407407407407,1.0256410256410255,0.012658227848101266,12.5,0.8518518518518519,4.651162790697675,0.6460905349794238,10.526315789473685,0.8264840182648402,5.2631578947368425,0.680672268907563,1.7857142857142858,0.28205128205128205,1.7391304347826086,0.2698412698412698,2.19,0.3730407523510972,1.8879310344827587,0.3074626865671642,2.246153846153846,0.38388625592417064,27.375,0.9295154185022027,10.186046511627907,0.8212058212058212,23.05263157894737,0.9168490153172867,11.526315789473685,0.8403361344537815,3.9107142857142856,0.5927272727272728,3.8086956521739133,0.5840867992766727,1.16,0.07407407407407407,0.5296803652968036,-0.3074626865671642,1.1897435897435897,0.08665105386416862,14.5,0.8709677419354839,5.395348837209302,0.6872727272727273,12.210526315789474,0.848605577689243,6.105263157894737,0.7185185185185186,2.0714285714285716,0.3488372093023256,2.017391304347826,0.3371757925072046,0.975,-0.012658227848101266,0.4452054794520548,-0.38388625592417064,0.8405172413793104,-0.08665105386416862,12.1875,0.8483412322274881,4.534883720930233,0.6386554621848739,10.263157894736842,0.822429906542056,5.131578947368421,0.6738197424892703,1.7410714285714286,0.2703583061889251,1.6956521739130435,0.25806451612903225,0.08,-0.8518518518518519,0.0365296803652968,-0.9295154185022027,0.06896551724137931,-0.8709677419354839,0.08205128205128205,-0.8483412322274881,0.37209302325581395,-0.4576271186440678,0.8421052631578947,-0.08571428571428572,0.42105263157894735,-0.4074074074074074,0.14285714285714285,-0.75,0.1391304347826087,-0.7557251908396947,0.215,-0.6460905349794238,0.09817351598173515,-0.8212058212058212,0.1853448275862069,-0.6872727272727273,0.2205128205128205,-0.6386554621848739,2.6875,0.4576271186440678,2.263157894736842,0.3870967741935484,1.131578947368421,0.06172839506172839,0.38392857142857145,-0.44516129032258067,0.3739130434782609,-0.45569620253164556,0.095,-0.8264840182648402,0.04337899543378995,-0.9168490153172867,0.08189655172413793,-0.848605577689243,0.09743589743589744,-0.822429906542056,1.1875,0.08571428571428572,0.4418604651162791,-0.3870967741935484,0.5,-0.3333333333333333,0.16964285714285715,-0.7099236641221374,0.16521739130434782,-0.7164179104477612,0.19,-0.680672268907563,0.0867579908675799,-0.8403361344537815,0.16379310344827586,-0.7185185185185186,0.19487179487179487,-0.6738197424892703,2.375,0.4074074074074074,0.8837209302325582,-0.06172839506172839,2.0,0.3333333333333333,0.3392857142857143,-0.49333333333333335,0.33043478260869563,-0.5032679738562091,0.56,-0.28205128205128205,0.2557077625570776,-0.5927272727272728,0.4827586206896552,-0.3488372093023256,0.5743589743589743,-0.2703583061889251,7.0,0.75,2.604651162790698,0.44516129032258067,5.894736842105263,0.7099236641221374,2.9473684210526314,0.49333333333333335,0.9739130434782609,-0.013215859030837005,0.575,-0.2698412698412698,0.2625570776255708,-0.5840867992766727,0.4956896551724138,-0.3371757925072046,0.5897435897435898,-0.25806451612903225,7.1875,0.7557251908396947,2.6744186046511627,0.45569620253164556,6.052631578947368,0.7164179104477612,3.026315789473684,0.5032679738562091,1.0267857142857142,0.013215859030837005
46.64,80,81,299,540,211,181,28,25,16,33,-0.438082557,0.5537037037037037,-0.2872467222884386,1.4170616113744077,0.17254901960784313,1.6519337016574585,0.24583333333333332,10.678571428571429,0.8287461773700305,11.96,0.845679012345679,18.6875,0.8984126984126984,9.06060606060606,0.8012048192771084,3.7375,0.5778364116094987,3.691358024691358,0.5736842105263158,1.806020066889632,0.2872467222884386,2.559241706161137,0.4380825565912117,2.983425414364641,0.49791955617198336,19.285714285714285,0.9014084507042254,21.6,0.911504424778761,33.75,0.9424460431654677,16.363636363636363,0.8848167539267016,6.75,0.7419354838709677,6.666666666666667,0.7391304347826086,0.705685618729097,-0.17254901960784313,0.3907407407407407,-0.4380825565912117,1.1657458563535912,0.07653061224489796,7.535714285714286,0.7656903765690377,8.44,0.788135593220339,13.1875,0.8590308370044053,6.393939393939394,0.7295081967213115,2.6375,0.45017182130584193,2.6049382716049383,0.4452054794520548,0.6053511705685619,-0.24583333333333332,0.3351851851851852,-0.49791955617198336,0.8578199052132701,-0.07653061224489796,6.464285714285714,0.7320574162679426,7.24,0.7572815533980582,11.3125,0.8375634517766497,5.484848484848484,0.6915887850467289,2.2625,0.38697318007662834,2.234567901234568,0.3816793893129771,0.09364548494983277,-0.8287461773700305,0.05185185185185185,-0.9014084507042254,0.13270142180094788,-0.7656903765690377,0.15469613259668508,-0.7320574162679426,1.12,0.05660377358490566,1.75,0.2727272727272727,0.8484848484848485,-0.08196721311475409,0.35,-0.48148148148148145,0.345679012345679,-0.48623853211009177,0.08361204013377926,-0.845679012345679,0.046296296296296294,-0.911504424778761,0.11848341232227488,-0.788135593220339,0.13812154696132597,-0.7572815533980582,0.8928571428571429,-0.05660377358490566,1.5625,0.21951219512195122,0.7575757575757576,-0.13793103448275862,0.3125,-0.5238095238095238,0.30864197530864196,-0.5283018867924528,0.05351170568561873,-0.8984126984126984,0.02962962962962963,-0.9424460431654677,0.07582938388625593,-0.8590308370044053,0.08839779005524862,-0.8375634517766497,0.5714285714285714,-0.2727272727272727,0.64,-0.21951219512195122,0.48484848484848486,-0.3469387755102041,0.2,-0.6666666666666666,0.19753086419753085,-0.6701030927835051,0.11036789297658862,-0.8012048192771084,0.06111111111111111,-0.8848167539267016,0.15639810426540285,-0.7295081967213115,0.18232044198895028,-0.6915887850467289,1.1785714285714286,0.08196721311475409,1.32,0.13793103448275862,2.0625,0.3469387755102041,0.4125,-0.415929203539823,0.4074074074074074,-0.42105263157894735,0.26755852842809363,-0.5778364116094987,0.14814814814814814,-0.7419354838709677,0.3791469194312796,-0.45017182130584193,0.4419889502762431,-0.38697318007662834,2.857142857142857,0.48148148148148145,3.2,0.5238095238095238,5.0,0.6666666666666666,2.4242424242424243,0.415929203539823,0.9876543209876543,-0.006211180124223602,0.2709030100334448,-0.5736842105263158,0.15,-0.7391304347826086,0.38388625592417064,-0.4452054794520548,0.44751381215469616,-0.3816793893129771,2.892857142857143,0.48623853211009177,3.24,0.5283018867924528,5.0625,0.6701030927835051,2.4545454545454546,0.42105263157894735,1.0125,0.006211180124223602
10.93,508,536,988,1006,676,676,646,739,792,739,-0.196195006,0.9821073558648111,-0.009027081243731194,1.4615384615384615,0.1875,1.4615384615384615,0.1875,1.5294117647058822,0.20930232558139536,1.3369418132611637,0.14418066010422698,1.2474747474747474,0.1101123595505618,1.3369418132611637,0.14418066010422698,1.9448818897637796,0.32085561497326204,1.8432835820895523,0.29658792650918636,1.0182186234817814,0.009027081243731194,1.4881656804733727,0.1961950059453032,1.4881656804733727,0.1961950059453032,1.5572755417956656,0.2179176755447942,1.361299052774019,0.1530085959885387,1.27020202020202,0.11902113459399333,1.361299052774019,0.1530085959885387,1.9803149606299213,0.3289299867899604,1.876865671641791,0.30479896238651105,0.6842105263157895,-0.1875,0.6719681908548708,-0.1961950059453032,1.0,0.0,1.0464396284829722,0.0226928895612708,0.9147496617050067,-0.04452296819787986,0.8535353535353535,-0.07901907356948229,0.9147496617050067,-0.04452296819787986,1.330708661417323,0.14189189189189189,1.2611940298507462,0.11551155115511551,0.6842105263157895,-0.1875,0.6719681908548708,-0.1961950059453032,1.0,0.0,1.0464396284829722,0.0226928895612708,0.9147496617050067,-0.04452296819787986,0.8535353535353535,-0.07901907356948229,0.9147496617050067,-0.04452296819787986,1.330708661417323,0.14189189189189189,1.2611940298507462,0.11551155115511551,0.6538461538461539,-0.20930232558139536,0.6421471172962226,-0.2179176755447942,0.9556213017751479,-0.0226928895612708,0.9556213017751479,-0.0226928895612708,0.8741542625169147,-0.06714801444043321,0.8156565656565656,-0.10152990264255911,0.8741542625169147,-0.06714801444043321,1.2716535433070866,0.1195840554592721,1.205223880597015,0.09306260575296109,0.7479757085020243,-0.14418066010422698,0.7345924453280318,-0.1530085959885387,1.0931952662721893,0.04452296819787986,1.0931952662721893,0.04452296819787986,1.1439628482972137,0.06714801444043321,0.9330808080808081,-0.034617896799477466,1.0,0.0,1.454724409448819,0.18524458700882118,1.3787313432835822,0.1592156862745098,0.8016194331983806,-0.1101123595505618,0.7872763419483101,-0.11902113459399333,1.1715976331360947,0.07901907356948229,1.1715976331360947,0.07901907356948229,1.2260061919504643,0.10152990264255911,1.0717185385656292,0.034617896799477466,1.0717185385656292,0.034617896799477466,1.5590551181102361,0.21846153846153846,1.4776119402985075,0.1927710843373494,0.7479757085020243,-0.14418066010422698,0.7345924453280318,-0.1530085959885387,1.0931952662721893,0.04452296819787986,1.0931952662721893,0.04452296819787986,1.1439628482972137,0.06714801444043321,1.0,0.0,0.9330808080808081,-0.034617896799477466,1.454724409448819,0.18524458700882118,1.3787313432835822,0.1592156862745098,0.5141700404858299,-0.32085561497326204,0.5049701789264414,-0.3289299867899604,0.7514792899408284,-0.14189189189189189,0.7514792899408284,-0.14189189189189189,0.7863777089783281,-0.1195840554592721,0.6874154262516915,-0.18524458700882118,0.6414141414141414,-0.21846153846153846,0.6874154262516915,-0.18524458700882118,0.9477611940298507,-0.02681992337164751,0.5425101214574899,-0.29658792650918636,0.532803180914513,-0.30479896238651105,0.7928994082840237,-0.11551155115511551,0.7928994082840237,-0.11551155115511551,0.8297213622291022,-0.09306260575296109,0.7253044654939107,-0.1592156862745098,0.6767676767676768,-0.1927710843373494,0.7253044654939107,-0.1592156862745098,1.0551181102362204,0.02681992337164751
172.2,251,211,614,733,458,446,304,295,294,280,-0.230898405,0.8376534788540245,-0.08834446919079436,1.3406113537117903,0.1455223880597015,1.3766816143497758,0.15849056603773584,2.0197368421052633,0.33769063180827885,2.08135593220339,0.3509350935093509,2.0884353741496597,0.3524229074889868,2.192857142857143,0.37360178970917224,2.446215139442231,0.41965317919075146,2.909952606635071,0.48848484848484847,1.1938110749185669,0.08834446919079436,1.6004366812227073,0.23089840470193115,1.6434977578475336,0.24342663273960985,2.411184210526316,0.4136933461909354,2.4847457627118645,0.4260700389105058,2.493197278911565,0.42745861733203505,2.617857142857143,0.4471865745310958,2.9203187250996017,0.4898373983739837,3.4739336492890995,0.5529661016949152,0.745928338762215,-0.1455223880597015,0.6248294679399727,-0.23089840470193115,1.0269058295964126,0.01327433628318584,1.506578947368421,0.2020997375328084,1.5525423728813559,0.21646746347941567,1.5578231292517006,0.21808510638297873,1.6357142857142857,0.24119241192411925,1.8247011952191234,0.2919605077574048,2.170616113744076,0.3692077727952167,0.7263843648208469,-0.15849056603773584,0.6084583901773534,-0.24342663273960985,0.9737991266375546,-0.01327433628318584,1.4671052631578947,0.18933333333333333,1.511864406779661,0.203778677462888,1.5170068027210883,0.20540540540540542,1.5928571428571427,0.22865013774104684,1.7768924302788844,0.2797704447632712,2.1137440758293837,0.3576864535768645,0.495114006514658,-0.33769063180827885,0.4147339699863574,-0.4136933461909354,0.6637554585152838,-0.2020997375328084,0.6816143497757847,-0.18933333333333333,1.0305084745762711,0.015025041736227046,1.034013605442177,0.016722408026755852,1.0857142857142856,0.0410958904109589,1.2111553784860558,0.09549549549549549,1.4407582938388626,0.18058252427184465,0.4804560260586319,-0.3509350935093509,0.4024556616643929,-0.4260700389105058,0.6441048034934498,-0.21646746347941567,0.6614349775784754,-0.203778677462888,0.9703947368421053,-0.015025041736227046,1.0034013605442176,0.001697792869269949,1.0535714285714286,0.02608695652173913,1.1752988047808766,0.08058608058608059,1.3981042654028435,0.16600790513833993,0.4788273615635179,-0.3524229074889868,0.40109140518417463,-0.42745861733203505,0.6419213973799127,-0.21808510638297873,0.6591928251121076,-0.20540540540540542,0.9671052631578947,-0.016722408026755852,0.9966101694915255,-0.001697792869269949,1.05,0.024390243902439025,1.1713147410358566,0.07889908256880734,1.3933649289099526,0.16435643564356436,0.4560260586319218,-0.37360178970917224,0.3819918144611187,-0.4471865745310958,0.611353711790393,-0.24119241192411925,0.6278026905829597,-0.22865013774104684,0.9210526315789473,-0.0410958904109589,0.9491525423728814,-0.02608695652173913,0.9523809523809523,-0.024390243902439025,1.1155378486055776,0.054613935969868174,1.3270142180094786,0.14052953156822812,0.40879478827361565,-0.41965317919075146,0.3424283765347885,-0.4898373983739837,0.5480349344978166,-0.2919605077574048,0.5627802690582959,-0.2797704447632712,0.8256578947368421,-0.09549549549549549,0.8508474576271187,-0.08058608058608059,0.8537414965986394,-0.07889908256880734,0.8964285714285715,-0.054613935969868174,1.1895734597156398,0.08658008658008658,0.34364820846905536,-0.48848484848484847,0.2878581173260573,-0.5529661016949152,0.4606986899563319,-0.3692077727952167,0.4730941704035874,-0.3576864535768645,0.694078947368421,-0.18058252427184465,0.7152542372881356,-0.16600790513833993,0.717687074829932,-0.16435643564356436,0.7535714285714286,-0.14052953156822812,0.8406374501992032,-0.08658008658008658
3.25,265,233,494,648,425,373,210,195,205,184,-0.207828518,0.7623456790123457,-0.13485113835376533,1.1623529411764706,0.0750816104461371,1.324396782841823,0.1395617070357555,2.3523809523809525,0.4034090909090909,2.533333333333333,0.4339622641509434,2.4097560975609755,0.413447782546495,2.6847826086956523,0.45722713864306785,1.8641509433962264,0.30171277997364954,2.1201716738197427,0.35900962861072905,1.311740890688259,0.13485113835376533,1.5247058823529411,0.20782851817334577,1.737265415549598,0.2693437806072478,3.085714285714286,0.5104895104895105,3.3230769230769233,0.5373665480427047,3.1609756097560977,0.5193434935521688,3.5217391304347827,0.5576923076923077,2.4452830188679244,0.4194961664841183,2.781115879828326,0.47105561861521,0.8603238866396761,-0.0750816104461371,0.6558641975308642,-0.20782851817334577,1.1394101876675604,0.06516290726817042,2.0238095238095237,0.33858267716535434,2.1794871794871793,0.3709677419354839,2.073170731707317,0.3492063492063492,2.3097826086956523,0.3957307060755337,1.6037735849056605,0.2318840579710145,1.8240343347639485,0.2917933130699088,0.7550607287449392,-0.1395617070357555,0.5756172839506173,-0.2693437806072478,0.8776470588235294,-0.06516290726817042,1.776190476190476,0.27958833619210977,1.912820512820513,0.31338028169014087,1.8195121951219513,0.2906574394463668,2.027173913043478,0.3393177737881508,1.4075471698113207,0.16927899686520376,1.6008583690987124,0.23102310231023102,0.4251012145748988,-0.4034090909090909,0.32407407407407407,-0.5104895104895105,0.49411764705882355,-0.33858267716535434,0.5630026809651475,-0.27958833619210977,1.0769230769230769,0.037037037037037035,1.024390243902439,0.012048192771084338,1.141304347826087,0.06598984771573604,0.7924528301886793,-0.11578947368421053,0.9012875536480687,-0.05191873589164785,0.39473684210526316,-0.4339622641509434,0.30092592592592593,-0.5373665480427047,0.4588235294117647,-0.3709677419354839,0.5227882037533512,-0.31338028169014087,0.9285714285714286,-0.037037037037037035,0.9512195121951219,-0.025,1.059782608695652,0.029023746701846966,0.7358490566037735,-0.15217391304347827,0.8369098712446352,-0.08878504672897196,0.4149797570850202,-0.413447782546495,0.31635802469135804,-0.5193434935521688,0.4823529411764706,-0.3492063492063492,0.5495978552278821,-0.2906574394463668,0.9761904761904762,-0.012048192771084338,1.0512820512820513,0.025,1.1141304347826086,0.05398457583547558,0.7735849056603774,-0.1276595744680851,0.8798283261802575,-0.0639269406392694,0.3724696356275304,-0.45722713864306785,0.2839506172839506,-0.5576923076923077,0.4329411764705882,-0.3957307060755337,0.4932975871313673,-0.3393177737881508,0.8761904761904762,-0.06598984771573604,0.9435897435897436,-0.029023746701846966,0.8975609756097561,-0.05398457583547558,0.6943396226415094,-0.18040089086859687,0.7896995708154506,-0.11750599520383694,0.5364372469635628,-0.30171277997364954,0.4089506172839506,-0.4194961664841183,0.6235294117647059,-0.2318840579710145,0.710455764075067,-0.16927899686520376,1.2619047619047619,0.11578947368421053,1.358974358974359,0.15217391304347827,1.2926829268292683,0.1276595744680851,1.440217391304348,0.18040089086859687,1.1373390557939915,0.0642570281124498,0.4716599190283401,-0.35900962861072905,0.3595679012345679,-0.47105561861521,0.548235294117647,-0.2917933130699088,0.6246648793565683,-0.23102310231023102,1.1095238095238096,0.05191873589164785,1.1948717948717948,0.08878504672897196,1.1365853658536584,0.0639269406392694,1.266304347826087,0.11750599520383694,0.879245283018868,-0.0642570281124498
3.73,268,249,549,670,428,374,217,225,221,191,-0.220400729,0.8194029850746268,-0.0992616899097621,1.2827102803738317,0.12384851586489252,1.467914438502674,0.18959913326110509,2.5299539170506913,0.43342036553524804,2.44,0.4186046511627907,2.484162895927602,0.42597402597402595,2.8743455497382198,0.4837837837837838,2.048507462686567,0.34394124847001223,2.2048192771084336,0.37593984962406013,1.2204007285974499,0.0992616899097621,1.5654205607476634,0.2204007285974499,1.7914438502673797,0.2835249042145594,3.087557603686636,0.5107102593010147,2.977777777777778,0.4972067039106145,3.0316742081447963,0.5039281705948373,3.507853403141361,0.5563298490127758,2.5,0.42857142857142855,2.6907630522088355,0.4581066376496192,0.7795992714025501,-0.12384851586489252,0.6388059701492538,-0.2204007285974499,1.1443850267379678,0.06733167082294264,1.9723502304147464,0.3271317829457364,1.9022222222222223,0.3108728943338438,1.9366515837104072,0.3189522342064715,2.2408376963350785,0.38287560581583197,1.5970149253731343,0.22988505747126436,1.7188755020080322,0.26440177252584934,0.6812386156648452,-0.18959913326110509,0.5582089552238806,-0.2835249042145594,0.8738317757009346,-0.06733167082294264,1.7235023041474655,0.2656514382402707,1.6622222222222223,0.24874791318864775,1.6923076923076923,0.2571428571428571,1.9581151832460733,0.3238938053097345,1.3955223880597014,0.16510903426791276,1.502008032128514,0.20064205457463885,0.39526411657559196,-0.43342036553524804,0.3238805970149254,-0.5107102593010147,0.5070093457943925,-0.3271317829457364,0.5802139037433155,-0.2656514382402707,0.9644444444444444,-0.01809954751131222,0.9819004524886877,-0.0091324200913242,1.1361256544502618,0.06372549019607843,0.8097014925373134,-0.10515463917525773,0.8714859437751004,-0.06866952789699571,0.4098360655737705,-0.4186046511627907,0.3358208955223881,-0.4972067039106145,0.5257009345794392,-0.3108728943338438,0.6016042780748663,-0.24874791318864775,1.0368663594470047,0.01809954751131222,1.0180995475113122,0.008968609865470852,1.1780104712041886,0.08173076923076923,0.8395522388059702,-0.0872210953346856,0.9036144578313253,-0.05063291139240506,0.40255009107468126,-0.42597402597402595,0.32985074626865674,-0.5039281705948373,0.5163551401869159,-0.3189522342064715,0.5909090909090909,-0.2571428571428571,1.0184331797235022,0.0091324200913242,0.9822222222222222,-0.008968609865470852,1.1570680628272252,0.07281553398058252,0.8246268656716418,-0.09611451942740286,0.8875502008032129,-0.059574468085106386,0.34790528233151186,-0.4837837837837838,0.28507462686567164,-0.5563298490127758,0.4462616822429907,-0.38287560581583197,0.5106951871657754,-0.3238938053097345,0.880184331797235,-0.06372549019607843,0.8488888888888889,-0.08173076923076923,0.8642533936651584,-0.07281553398058252,0.7126865671641791,-0.16775599128540306,0.7670682730923695,-0.1318181818181818,0.48816029143898,-0.34394124847001223,0.4,-0.42857142857142855,0.6261682242990654,-0.22988505747126436,0.7165775401069518,-0.16510903426791276,1.2350230414746544,0.10515463917525773,1.191111111111111,0.0872210953346856,1.2126696832579185,0.09611451942740286,1.4031413612565444,0.16775599128540306,1.0763052208835342,0.0367504835589942,0.453551912568306,-0.37593984962406013,0.3716417910447761,-0.4581066376496192,0.5817757009345794,-0.26440177252584934,0.6657754010695187,-0.20064205457463885,1.1474654377880185,0.06866952789699571,1.1066666666666667,0.05063291139240506,1.1266968325791855,0.059574468085106386,1.3036649214659686,0.1318181818181818,0.9291044776119403,-0.0367504835589942
4.5,664,578,1675,1909,1246,1158,798,805,725,750,-0.210142631,0.8774227344159246,-0.06529017857142858,1.3443017656500802,0.1468675111263266,1.4464594127806563,0.18249205788916342,2.098997493734336,0.3546300040436717,2.080745341614907,0.35080645161290325,2.310344827586207,0.3958333333333333,2.2333333333333334,0.38144329896907214,2.522590361445783,0.4322359982898675,2.897923875432526,0.4869063470927652,1.1397014925373135,0.06529017857142858,1.5321027287319422,0.21014263074484946,1.64853195164076,0.24486468862080207,2.392230576441103,0.41041743627632066,2.3714285714285714,0.4067796610169492,2.633103448275862,0.4495064540622627,2.5453333333333332,0.43587814968033095,2.875,0.4838709677419355,3.3027681660899653,0.5351829513470044,0.7438805970149254,-0.1468675111263266,0.6526977475117863,-0.21014263074484946,1.075993091537133,0.036605657237936774,1.5614035087719298,0.2191780821917808,1.5478260869565217,0.2150170648464164,1.7186206896551723,0.2643328259766616,1.6613333333333333,0.24849699398797595,1.8765060240963856,0.30471204188481676,2.1557093425605536,0.36622807017543857,0.6913432835820895,-0.18249205788916342,0.606600314300681,-0.24486468862080207,0.9293739967897271,-0.036605657237936774,1.4511278195488722,0.18404907975460122,1.4385093167701863,0.17982679572083546,1.5972413793103448,0.2299522039298991,1.544,0.2138364779874214,1.7439759036144578,0.2711306256860593,2.0034602076124566,0.33410138248847926,0.4764179104477612,-0.3546300040436717,0.4180199057097957,-0.41041743627632066,0.6404494382022472,-0.2191780821917808,0.689119170984456,-0.18404907975460122,0.991304347826087,-0.004366812227074236,1.1006896551724137,0.0479317137229153,1.064,0.031007751937984496,1.2018072289156627,0.09165526675786594,1.3806228373702423,0.15988372093023256,0.48059701492537316,-0.35080645161290325,0.42168674698795183,-0.4067796610169492,0.6460674157303371,-0.2150170648464164,0.6951640759930915,-0.17982679572083546,1.0087719298245614,0.004366812227074236,1.110344827586207,0.05228758169934641,1.0733333333333333,0.03536977491961415,1.2123493975903614,0.09598366235534377,1.3927335640138407,0.16413593637020968,0.43283582089552236,-0.3958333333333333,0.37977998952331066,-0.4495064540622627,0.5818619582664526,-0.2643328259766616,0.6260794473229706,-0.2299522039298991,0.9085213032581454,-0.0479317137229153,0.9006211180124224,-0.05228758169934641,0.9666666666666667,-0.01694915254237288,1.091867469879518,0.043916486681065514,1.254325259515571,0.1128165771297007,0.44776119402985076,-0.38144329896907214,0.392875851231011,-0.43587814968033095,0.6019261637239165,-0.24849699398797595,0.6476683937823834,-0.2138364779874214,0.9398496240601504,-0.031007751937984496,0.9316770186335404,-0.03536977491961415,1.0344827586206897,0.01694915254237288,1.1295180722891567,0.06082036775106082,1.2975778546712802,0.12951807228915663,0.3964179104477612,-0.4322359982898675,0.34782608695652173,-0.4838709677419355,0.5329052969502408,-0.30471204188481676,0.5734024179620034,-0.2711306256860593,0.8320802005012531,-0.09165526675786594,0.8248447204968944,-0.09598366235534377,0.9158620689655173,-0.043916486681065514,0.8853333333333333,-0.06082036775106082,1.1487889273356402,0.06924315619967794,0.34507462686567164,-0.4869063470927652,0.3027763226820325,-0.5351829513470044,0.463884430176565,-0.36622807017543857,0.4991364421416235,-0.33410138248847926,0.7243107769423559,-0.15988372093023256,0.7180124223602484,-0.16413593637020968,0.7972413793103448,-0.1128165771297007,0.7706666666666667,-0.12951807228915663,0.8704819277108434,-0.06924315619967794
8.83,609,541,956,1119,850,827,608,590,658,563,-0.136617572,0.8543342269883825,-0.07855421686746988,1.1247058823529412,0.058693244739756366,1.1559854897218864,0.0723499719573752,1.5723684210526316,0.22250639386189258,1.6203389830508474,0.23673997412677877,1.452887537993921,0.18463444857496902,1.6980461811722913,0.2587228439763002,1.5697865353037768,0.22172523961661342,1.767097966728281,0.2772211088844355,1.1705020920502092,0.07855421686746988,1.316470588235294,0.1366175723717623,1.3530834340991535,0.1500513874614594,1.8404605263157894,0.29588882455124493,1.8966101694915254,0.30953774136922174,1.7006079027355623,0.2594259988745076,1.9875666074600356,0.33055885850178357,1.8374384236453203,0.2951388888888889,2.068391866913124,0.3481927710843373,0.8891213389121339,-0.058693244739756366,0.7596067917783735,-0.1366175723717623,1.0278113663845223,0.013714967203339297,1.3980263157894737,0.16598079561042525,1.4406779661016949,0.18055555555555555,1.2917933130699089,0.1273209549071618,1.5097690941385435,0.20311394196744514,1.3957307060755337,0.16518163125428376,1.5711645101663585,0.22214234363767074,0.8650627615062761,-0.0723499719573752,0.7390527256478999,-0.1500513874614594,0.9729411764705882,-0.013714967203339297,1.3601973684210527,0.15261324041811847,1.4016949152542373,0.16725476358503882,1.256838905775076,0.11380471380471381,1.4689165186500888,0.18992805755395684,1.3579638752052545,0.15181058495821728,1.5286506469500925,0.20906432748538012,0.6359832635983264,-0.22250639386189258,0.5433422698838248,-0.29588882455124493,0.7152941176470589,-0.16598079561042525,0.7351874244256348,-0.15261324041811847,1.0305084745762711,0.015025041736227046,0.9240121580547113,-0.03949447077409163,1.0799289520426287,0.03842869342442357,0.9983579638752053,-0.0008216926869350862,1.1238447319778189,0.058311575282854654,0.6171548117154811,-0.23673997412677877,0.5272564789991063,-0.30953774136922174,0.6941176470588235,-0.18055555555555555,0.713422007255139,-0.16725476358503882,0.9703947368421053,-0.015025041736227046,0.8966565349544073,-0.05448717948717949,1.0479573712255772,0.023417172593235037,0.9688013136288999,-0.0158465387823186,1.0905730129390019,0.04332449160035367,0.6882845188284519,-0.18463444857496902,0.5880250223413762,-0.2594259988745076,0.7741176470588236,-0.1273209549071618,0.7956469165659008,-0.11380471380471381,1.082236842105263,0.03949447077409163,1.1152542372881356,0.05448717948717949,1.1687388987566607,0.07780507780507781,1.0804597701149425,0.03867403314917127,1.2162661737523106,0.097581317764804,0.5889121338912134,-0.2587228439763002,0.5031277926720286,-0.33055885850178357,0.6623529411764706,-0.20311394196744514,0.6807738814993954,-0.18992805755395684,0.9259868421052632,-0.03842869342442357,0.9542372881355933,-0.023417172593235037,0.8556231003039514,-0.07780507780507781,0.9244663382594417,-0.03924914675767918,1.0406654343807764,0.019927536231884056,0.6370292887029289,-0.22172523961661342,0.5442359249329759,-0.2951388888888889,0.7164705882352941,-0.16518163125428376,0.7363966142684402,-0.15181058495821728,1.0016447368421053,0.0008216926869350862,1.0322033898305085,0.0158465387823186,0.925531914893617,-0.03867403314917127,1.0817051509769093,0.03924914675767918,1.1256931608133087,0.059130434782608696,0.5658995815899581,-0.2772211088844355,0.483467381590706,-0.3481927710843373,0.6364705882352941,-0.22214234363767074,0.6541717049576784,-0.20906432748538012,0.8898026315789473,-0.058311575282854654,0.9169491525423729,-0.04332449160035367,0.8221884498480243,-0.097581317764804,0.9609236234458259,-0.019927536231884056,0.8883415435139573,-0.059130434782608696
2.64,540,484,958,1159,822,689,518,483,520,476,-0.170116103,0.8265746333045729,-0.0949456778460085,1.1654501216545012,0.07640449438202247,1.3904208998548622,0.16332726168791742,1.8494208494208495,0.2981029810298103,1.9834368530020703,0.3296321998612075,1.8423076923076922,0.2963464140730717,2.0126050420168067,0.33612273361227335,1.7740740740740741,0.27903871829105475,1.9793388429752066,0.3287101248266297,1.209812108559499,0.0949456778460085,1.4099756690997567,0.1701161029782938,1.6821480406386067,0.25432900432900435,2.2374517374517375,0.38223017292784733,2.399585921325052,0.41169305724725946,2.228846153846154,0.38058368076235854,2.4348739495798317,0.41773700305810396,2.1462962962962964,0.36433195997645673,2.394628099173554,0.4108338405356056,0.8580375782881002,-0.07640449438202247,0.7092320966350302,-0.1701161029782938,1.193033381712627,0.08802117802779616,1.5868725868725868,0.22686567164179106,1.7018633540372672,0.2597701149425287,1.5807692307692307,0.22503725782414308,1.726890756302521,0.2665639445300462,1.5222222222222221,0.20704845814977973,1.6983471074380165,0.25880551301684535,0.7192066805845512,-0.16332726168791742,0.5944779982743744,-0.25432900432900435,0.8381995133819952,-0.08802117802779616,1.33011583011583,0.14167357083678542,1.4265010351966874,0.1757679180887372,1.325,0.13978494623655913,1.4474789915966386,0.18283261802575107,1.275925925925926,0.12123677786818551,1.4235537190082646,0.17476555839727195,0.5407098121085595,-0.2981029810298103,0.4469370146678171,-0.38223017292784733,0.6301703163017032,-0.22686567164179106,0.7518142235123367,-0.14167357083678542,1.0724637681159421,0.03496503496503497,0.9961538461538462,-0.0019267822736030828,1.088235294117647,0.04225352112676056,0.9592592592592593,-0.020793950850661626,1.0702479338842976,0.033932135728542916,0.5041753653444676,-0.3296321998612075,0.4167385677308024,-0.41169305724725946,0.5875912408759124,-0.2597701149425287,0.7010159651669086,-0.1757679180887372,0.9324324324324325,-0.03496503496503497,0.9288461538461539,-0.036889332003988036,1.0147058823529411,0.0072992700729927005,0.8944444444444445,-0.05571847507331378,0.9979338842975206,-0.001034126163391934,0.5427974947807933,-0.2963464140730717,0.4486626402070751,-0.38058368076235854,0.6326034063260341,-0.22503725782414308,0.7547169811320755,-0.13978494623655913,1.0038610038610039,0.0019267822736030828,1.0766045548654244,0.036889332003988036,1.0924369747899159,0.04417670682730924,0.9629629629629629,-0.018867924528301886,1.0743801652892562,0.035856573705179286,0.4968684759916493,-0.33612273361227335,0.41069887834339946,-0.41773700305810396,0.5790754257907542,-0.2665639445300462,0.690856313497823,-0.18283261802575107,0.918918918918919,-0.04225352112676056,0.9855072463768116,-0.0072992700729927005,0.9153846153846154,-0.04417670682730924,0.8814814814814815,-0.06299212598425197,0.9834710743801653,-0.008333333333333333,0.5636743215031316,-0.27903871829105475,0.4659188955996549,-0.36433195997645673,0.656934306569343,-0.20704845814977973,0.783744557329463,-0.12123677786818551,1.0424710424710424,0.020793950850661626,1.1180124223602483,0.05571847507331378,1.0384615384615385,0.018867924528301886,1.134453781512605,0.06299212598425197,1.115702479338843,0.0546875,0.5052192066805845,-0.3287101248266297,0.4176013805004314,-0.4108338405356056,0.5888077858880778,-0.25880551301684535,0.7024673439767779,-0.17476555839727195,0.9343629343629344,-0.033932135728542916,1.0020703933747412,0.001034126163391934,0.9307692307692308,-0.035856573705179286,1.0168067226890756,0.008333333333333333,0.8962962962962963,-0.0546875
4.91,1037,922,1476,1673,1296,1280,1056,1054,1064,1034,-0.126978781,0.8822474596533174,-0.06255954271197206,1.1388888888888888,0.06493506493506493,1.153125,0.07111756168359942,1.3977272727272727,0.16587677725118483,1.4003795066413662,0.16679841897233202,1.387218045112782,0.16220472440944883,1.4274661508704063,0.17609561752988048,1.4233365477338475,0.17469160366096298,1.6008676789587852,0.23102585487906588,1.1334688346883468,0.06255954271197206,1.290895061728395,0.12697878073425395,1.30703125,0.13308499830680665,1.584280303030303,0.22609014290949064,1.5872865275142316,0.226989365603227,1.5723684210526316,0.22250639386189258,1.6179883945841393,0.23605467306981898,1.613307618129219,0.23468634686346865,1.814533622559653,0.28940269749518305,0.8780487804878049,-0.06493506493506493,0.7746563060370592,-0.12697878073425395,1.0125,0.006211180124223602,1.2272727272727273,0.10204081632653061,1.2296015180265654,0.10297872340425532,1.218045112781955,0.09830508474576272,1.253384912959381,0.11244635193133047,1.2497589199614272,0.11101585940848693,1.405639913232104,0.16862037871956717,0.8672086720867209,-0.07111756168359942,0.7650926479378363,-0.13308499830680665,0.9876543209876543,-0.006211180124223602,1.2121212121212122,0.0958904109589041,1.2144212523719164,0.09682947729220223,1.2030075187969924,0.09215017064846416,1.2379110251450678,0.1063094209161625,1.2343297974927676,0.10487699611566681,1.3882863340563991,0.16257947320617622,0.7154471544715447,-0.16587677725118483,0.6312014345487149,-0.22609014290949064,0.8148148148148148,-0.10204081632653061,0.825,-0.0958904109589041,1.0018975332068312,0.0009478672985781991,0.9924812030075187,-0.0037735849056603774,1.0212765957446808,0.010526315789473684,1.0183220829315334,0.009077878643096034,1.1453362255965294,0.06774519716885744,0.7140921409214093,-0.16679841897233202,0.630005977286312,-0.226989365603227,0.8132716049382716,-0.10297872340425532,0.8234375,-0.09682947729220223,0.9981060606060606,-0.0009478672985781991,0.9906015037593985,-0.004721435316336166,1.0193423597678917,0.009578544061302681,1.0163934426229508,0.008130081300813009,1.143167028199566,0.06680161943319839,0.7208672086720868,-0.16220472440944883,0.6359832635983264,-0.22250639386189258,0.8209876543209876,-0.09830508474576272,0.83125,-0.09215017064846416,1.0075757575757576,0.0037735849056603774,1.0094876660341556,0.004721435316336166,1.0290135396518376,0.014299332697807437,1.026036644165863,0.01285102332222751,1.1540130151843817,0.07150050352467271,0.7005420054200542,-0.17609561752988048,0.6180514046622834,-0.23605467306981898,0.7978395061728395,-0.11244635193133047,0.8078125,-0.1063094209161625,0.9791666666666666,-0.010526315789473684,0.9810246679316889,-0.009578544061302681,0.9718045112781954,-0.014299332697807437,0.9971070395371263,-0.0014485755673587638,1.121475054229935,0.05725971370143149,0.7025745257452575,-0.17469160366096298,0.6198445905558876,-0.23468634686346865,0.8001543209876543,-0.11101585940848693,0.81015625,-0.10487699611566681,0.9820075757575758,-0.009077878643096034,0.9838709677419355,-0.008130081300813009,0.974624060150376,-0.01285102332222751,1.0029013539651837,0.0014485755673587638,1.1247288503253796,0.058703420112302195,0.6246612466124661,-0.23102585487906588,0.5511057979677226,-0.28940269749518305,0.7114197530864198,-0.16862037871956717,0.7203125,-0.16257947320617622,0.8731060606060606,-0.06774519716885744,0.8747628083491461,-0.06680161943319839,0.8665413533834586,-0.07150050352467271,0.8916827852998066,-0.05725971370143149,0.8891031822565092,-0.058703420112302195
4.19,969,860,1154,1389,1192,1207,969,986,968,956,-0.076327005,0.8308135349172067,-0.092410538733779,0.9681208053691275,-0.01619778346121057,0.956089478044739,-0.02244811520542143,1.1909184726522188,0.08714083843617522,1.1703853955375254,0.07850467289719626,1.1921487603305785,0.08765315739868049,1.207112970711297,0.0938388625592417,1.1909184726522188,0.08714083843617522,1.341860465116279,0.14597815292949354,1.2036395147313692,0.092410538733779,1.1652684563758389,0.07632700503680744,1.1507870753935376,0.07010785824345146,1.4334365325077398,0.178117048346056,1.4087221095334685,0.1696842105263158,1.4349173553719008,0.17861688587187102,1.452928870292887,0.18464818763326227,1.4334365325077398,0.178117048346056,1.6151162790697675,0.2352156514006225,1.0329289428076256,0.01619778346121057,0.8581713462922966,-0.07632700503680744,0.9875724937862469,-0.006252605252188412,1.2301341589267285,0.1031929662193429,1.208924949290061,0.0945821854912764,1.2314049586776858,0.1037037037037037,1.2468619246861925,0.10986964618249534,1.2301341589267285,0.1031929662193429,1.386046511627907,0.1617933723196881,1.0459272097053727,0.02244811520542143,0.8689704823614111,-0.07010785824345146,1.0125838926174497,0.006252605252188412,1.2456140350877194,0.109375,1.2241379310344827,0.10077519379844961,1.246900826446281,0.10988505747126437,1.2625523012552302,0.11604253351826167,1.2456140350877194,0.109375,1.4034883720930234,0.16787614900822448,0.8396880415944541,-0.08714083843617522,0.6976241900647948,-0.178117048346056,0.8129194630872483,-0.1031929662193429,0.8028169014084507,-0.109375,0.9827586206896551,-0.008695652173913044,1.0010330578512396,0.0005162622612287042,1.0135983263598327,0.006753246753246753,1.0,0.0,1.1267441860465117,0.059595407326407876,0.854419410745234,-0.07850467289719626,0.7098632109431245,-0.1696842105263158,0.8271812080536913,-0.0945821854912764,0.8169014084507042,-0.10077519379844961,1.0175438596491229,0.008695652173913044,1.0185950413223142,0.009211873080859774,1.0313807531380754,0.015447991761071062,1.0175438596491229,0.008695652173913044,1.1465116279069767,0.06825568797399784,0.8388214904679376,-0.08765315739868049,0.6969042476601872,-0.17861688587187102,0.8120805369127517,-0.1037037037037037,0.8019884009942005,-0.10988505747126437,0.9989680082559339,-0.0005162622612287042,0.9817444219066938,-0.009211873080859774,1.0125523012552302,0.006237006237006237,0.9989680082559339,-0.0005162622612287042,1.1255813953488372,0.05908096280087528,0.82842287694974,-0.0938388625592417,0.6882649388048956,-0.18464818763326227,0.802013422818792,-0.10986964618249534,0.792046396023198,-0.11604253351826167,0.9865841073271414,-0.006753246753246753,0.9695740365111561,-0.015447991761071062,0.987603305785124,-0.006237006237006237,0.9865841073271414,-0.006753246753246753,1.1116279069767443,0.05286343612334802,0.8396880415944541,-0.08714083843617522,0.6976241900647948,-0.178117048346056,0.8129194630872483,-0.1031929662193429,0.8028169014084507,-0.109375,1.0,0.0,0.9827586206896551,-0.008695652173913044,1.0010330578512396,0.0005162622612287042,1.0135983263598327,0.006753246753246753,1.1267441860465117,0.059595407326407876,0.7452339688041595,-0.14597815292949354,0.619150467962563,-0.2352156514006225,0.7214765100671141,-0.1617933723196881,0.7125103562551781,-0.16787614900822448,0.8875128998968008,-0.059595407326407876,0.8722109533468559,-0.06825568797399784,0.8884297520661157,-0.05908096280087528,0.899581589958159,-0.05286343612334802,0.8875128998968008,-0.059595407326407876
2.67,4809,4250,6884,6439,5856,6327,5957,5817,6153,5605,-0.047417649,1.0691101102655691,0.033400885686406964,1.1755464480874316,0.08069073783359498,1.0880354038248774,0.042161834834607524,1.1556152425717643,0.07219063935830543,1.1834278837888945,0.08400913313912291,1.118803835527385,0.05607118202040347,1.2281891168599466,0.10241012090639763,1.4314826367228113,0.1774565979645942,1.619764705882353,0.23657266031974133,0.9353573503776874,-0.033400885686406964,1.0995560109289617,0.04741764945099634,1.0177019124387545,0.00877330408898637,1.080913211347994,0.03888351080993869,1.1069279697438543,0.05075065274151436,1.046481391191289,0.022712833545108006,1.1487957181088313,0.0692460976419794,1.3389478061967144,0.14491465149359886,1.5150588235294118,0.20478997099822246,0.8506682161533992,-0.08069073783359498,0.9094579903711757,-0.04741764945099634,0.9255571360834519,-0.0386604284658951,0.9830451569582004,-0.008549902649623296,1.0067044868488912,0.003341043433564636,0.9517308629936616,-0.02473145141144142,1.0447814451382693,0.021900357734927146,1.2177167810355582,0.09817158931082982,1.3778823529411766,0.15891549574510191,0.9190877396862289,-0.042161834834607524,0.982605994719677,-0.00877330408898637,1.0804303278688525,0.0386604284658951,1.062111801242236,0.030120481927710843,1.0876740587931923,0.04199604743083004,1.0282788883471476,0.013942307692307693,1.1288135593220339,0.06050955414012739,1.3156581409856518,0.13631465517241378,1.488705882352941,0.19636948094922946,0.8653399186519466,-0.07219063935830543,0.9251436558471813,-0.03888351080993869,1.0172472677595628,0.008549902649623296,0.9415204678362573,-0.030120481927710843,1.0240673886883274,0.011890606420927468,0.9681456200227532,-0.016184971098265895,1.0628010704727922,0.030444559764746585,1.2387190684133915,0.10663198959687907,1.4016470588235295,0.16723816988341333,0.8450029052876235,-0.08400913313912291,0.9034011492467775,-0.05075065274151436,0.9933401639344263,-0.003341043433564636,0.9193930772878142,-0.04199604743083004,0.9764982373678026,-0.011890606420927468,0.9453924914675768,-0.028070175438596492,1.0378233719892953,0.018560672386622307,1.2096069868995634,0.09486166007905138,1.3687058823529412,0.1556570974471044,0.8938117373619988,-0.05607118202040347,0.9555831650877465,-0.022712833545108006,1.0507172131147542,0.02473145141144142,0.9724988146040777,-0.013942307692307693,1.0329024676850764,0.016184971098265895,1.0577617328519855,0.028070175438596492,1.0977698483496878,0.04660656574247321,1.279475982532751,0.12260536398467432,1.4477647058823528,0.1829280015380179,0.8142068564787914,-0.10241012090639763,0.8704767821090231,-0.0692460976419794,0.9571379781420765,-0.021900357734927146,0.8858858858858859,-0.06050955414012739,0.9409098539533323,-0.030444559764746585,0.9635550971291044,-0.018560672386622307,0.9109377539411669,-0.04660656574247321,1.165522977750052,0.07643556750528135,1.3188235294117647,0.13749365804160324,0.6985764090644974,-0.1774565979645942,0.7468551017238702,-0.14491465149359886,0.8212090163934426,-0.09817158931082982,0.7600758653390233,-0.13631465517241378,0.8072855464159812,-0.10663198959687907,0.8267148014440433,-0.09486166007905138,0.7815699658703071,-0.12260536398467432,0.8579839429081177,-0.07643556750528135,1.131529411764706,0.06170659013136108,0.6173736199883788,-0.23657266031974133,0.6600403789408293,-0.20478997099822246,0.7257513661202186,-0.15891549574510191,0.6717243559348822,-0.19636948094922946,0.7134463656202786,-0.16723816988341333,0.7306171566099364,-0.1556570974471044,0.6907199739964245,-0.1829280015380179,0.7582515611061552,-0.13749365804160324,0.8837596173840715,-0.06170659013136108
96.0,593,540,448,670,585,640,515,546,454,559,-0.067729084,0.6686567164179105,-0.19856887298747763,0.7658119658119659,-0.13262342691190707,0.7,-0.17647058823529413,0.8699029126213592,-0.0695742471443406,0.8205128205128205,-0.09859154929577464,0.986784140969163,-0.0066518847006651885,0.8014311270125224,-0.11022840119165839,0.7554806070826307,-0.13928914505283382,0.8296296296296296,-0.0931174089068826,1.4955357142857142,0.19856887298747763,1.1452991452991452,0.06772908366533864,1.046875,0.022900763358778626,1.3009708737864079,0.1308016877637131,1.2271062271062272,0.10197368421052631,1.475770925110132,0.19217081850533807,1.1985688729874777,0.09031733116354759,1.129848229342327,0.06096595407759303,1.2407407407407407,0.10743801652892562,1.3058035714285714,0.13262342691190707,0.8731343283582089,-0.06772908366533864,0.9140625,-0.044897959183673466,1.1359223300970873,0.06363636363636363,1.0714285714285714,0.034482758620689655,1.2885462555066078,0.1260827718960539,1.0465116279069768,0.022727272727272728,0.9865092748735245,-0.006791171477079796,1.0833333333333333,0.04,1.4285714285714286,0.17647058823529413,0.9552238805970149,-0.022900763358778626,1.0940170940170941,0.044897959183673466,1.2427184466019416,0.10822510822510822,1.1721611721611722,0.07925801011804384,1.4096916299559472,0.170018281535649,1.144901610017889,0.06755629691409508,1.0792580101180438,0.038118410381184104,1.1851851851851851,0.0847457627118644,1.1495535714285714,0.0695742471443406,0.7686567164179104,-0.1308016877637131,0.8803418803418803,-0.06363636363636363,0.8046875,-0.10822510822510822,0.9432234432234432,-0.029217719132893498,1.1343612334801763,0.0629514963880289,0.9212880143112702,-0.040968342644320296,0.8684654300168634,-0.0703971119133574,0.9537037037037037,-0.023696682464454975,1.21875,0.09859154929577464,0.8149253731343283,-0.10197368421052631,0.9333333333333333,-0.034482758620689655,0.853125,-0.07925801011804384,1.0601941747572816,0.029217719132893498,1.2026431718061674,0.092,0.9767441860465116,-0.011764705882352941,0.9207419898819561,-0.041264266900790166,1.011111111111111,0.0055248618784530384,1.0133928571428572,0.0066518847006651885,0.6776119402985075,-0.19217081850533807,0.7760683760683761,-0.1260827718960539,0.709375,-0.170018281535649,0.8815533980582524,-0.0629514963880289,0.8315018315018315,-0.092,0.8121645796064401,-0.10365251727541955,0.7655986509274874,-0.13276026743075453,0.8407407407407408,-0.08651911468812877,1.2477678571428572,0.11022840119165839,0.8343283582089552,-0.09031733116354759,0.9555555555555556,-0.022727272727272728,0.8734375,-0.06755629691409508,1.0854368932038836,0.040968342644320296,1.0238095238095237,0.011764705882352941,1.2312775330396475,0.10365251727541955,0.9426644182124789,-0.029513888888888888,1.0351851851851852,0.017288444040036398,1.3236607142857142,0.13928914505283382,0.8850746268656716,-0.06096595407759303,1.0136752136752136,0.006791171477079796,0.9265625,-0.038118410381184104,1.1514563106796116,0.0703971119133574,1.086080586080586,0.041264266900790166,1.3061674008810573,0.13276026743075453,1.0608228980322003,0.029513888888888888,1.098148148148148,0.04677846425419241,1.2053571428571428,0.0931174089068826,0.8059701492537313,-0.10743801652892562,0.9230769230769231,-0.04,0.84375,-0.0847457627118644,1.0485436893203883,0.023696682464454975,0.989010989010989,-0.0055248618784530384,1.1894273127753303,0.08651911468812877,0.9660107334525939,-0.017288444040036398,0.9106239460370995,-0.04677846425419241
3.58,763,673,928,1144,927,957,780,775,672,747,-0.104780299,0.8111888111888111,-0.10424710424710425,1.0010787486515642,0.0005390835579514825,0.9696969696969697,-0.015384615384615385,1.1897435897435897,0.08665105386416862,1.1974193548387098,0.08984145625366999,1.380952380952381,0.16,1.2423025435073627,0.10805970149253731,1.2162516382699868,0.09757539917208752,1.3789004457652303,0.15927545284197375,1.2327586206896552,0.10424710424710425,1.2340884573894282,0.10478029937228392,1.1954022988505748,0.08900523560209424,1.4666666666666666,0.1891891891891892,1.4761290322580645,0.19228764981761334,1.7023809523809523,0.2599118942731278,1.5314591700133868,0.20994182971972503,1.4993446920052425,0.19979024646040902,1.699851411589896,0.2592184920198129,0.9989224137931034,-0.0005390835579514825,0.8103146853146853,-0.10478029937228392,0.9686520376175548,-0.01592356687898089,1.1884615384615385,0.08611599297012303,1.1961290322580644,0.08930669800235018,1.3794642857142858,0.15947467166979362,1.2409638554216869,0.10752688172043011,1.2149410222804717,0.0970414201183432,1.3774145616641902,0.15875,1.03125,0.015384615384615385,0.8365384615384616,-0.08900523560209424,1.0323624595469256,0.01592356687898089,1.226923076923077,0.10189982728842832,1.2348387096774194,0.10508083140877598,1.4241071428571428,0.17495395948434622,1.2811244979919678,0.12323943661971831,1.254259501965924,0.1127906976744186,1.4219910846953938,0.17423312883435582,0.8405172413793104,-0.08665105386416862,0.6818181818181818,-0.1891891891891892,0.8414239482200647,-0.08611599297012303,0.8150470219435737,-0.10189982728842832,1.0064516129032257,0.003215434083601286,1.1607142857142858,0.0743801652892562,1.0441767068273093,0.021611001964636542,1.0222804718217562,0.01101749837977965,1.1589895988112928,0.07364074328974536,0.8351293103448276,-0.08984145625366999,0.6774475524475524,-0.19228764981761334,0.8360302049622438,-0.08930669800235018,0.8098223615464994,-0.10508083140877598,0.9935897435897436,-0.003215434083601286,1.1532738095238095,0.07118175535590877,1.037483266398929,0.018396846254927726,1.015727391874181,0.007802340702210663,1.151560178306092,0.07044198895027624,0.7241379310344828,-0.16,0.5874125874125874,-0.2599118942731278,0.7249190938511327,-0.15947467166979362,0.7021943573667712,-0.17495395948434622,0.8615384615384616,-0.0743801652892562,0.8670967741935484,-0.07118175535590877,0.8995983935742972,-0.052854122621564484,0.8807339449541285,-0.06341463414634146,0.9985141158989599,-0.0007434944237918215,0.8049568965517241,-0.10805970149253731,0.652972027972028,-0.20994182971972503,0.8058252427184466,-0.10752688172043011,0.780564263322884,-0.12323943661971831,0.9576923076923077,-0.021611001964636542,0.9638709677419355,-0.018396846254927726,1.1116071428571428,0.052854122621564484,0.9790301441677588,-0.010596026490066225,1.1099554234769688,0.05211267605633803,0.822198275862069,-0.09757539917208752,0.666958041958042,-0.19979024646040902,0.8230852211434736,-0.0970414201183432,0.7972831765935214,-0.1127906976744186,0.9782051282051282,-0.01101749837977965,0.984516129032258,-0.007802340702210663,1.1354166666666667,0.06341463414634146,1.0214190093708166,0.010596026490066225,1.1337295690936107,0.06267409470752089,0.7252155172413793,-0.15927545284197375,0.5882867132867133,-0.2592184920198129,0.7259978425026968,-0.15875,0.703239289446186,-0.17423312883435582,0.8628205128205129,-0.07364074328974536,0.8683870967741936,-0.07044198895027624,1.0014880952380953,0.0007434944237918215,0.9009370816599732,-0.05211267605633803,0.8820445609436435,-0.06267409470752089
5.52,577,538,764,923,758,746,547,547,489,528,-0.09815586,0.8277356446370531,-0.0942501481920569,1.007915567282322,0.003942181340341655,1.0241286863270778,0.011920529801324504,1.396709323583181,0.16552250190694126,1.396709323583181,0.16552250190694126,1.5623721881390593,0.2194732641660016,1.446969696969697,0.1826625386996904,1.3240901213171576,0.13944817300521997,1.420074349442379,0.17357910906298002,1.2081151832460733,0.0942501481920569,1.2176781002638521,0.09815585960737656,1.237265415549598,0.1060515278609946,1.6873857404021937,0.25578231292517006,1.6873857404021937,0.25578231292517006,1.887525562372188,0.3073654390934844,1.7481060606060606,0.2722260509993108,1.5996533795493935,0.23066666666666666,1.7156133828996283,0.26351813826146475,0.9921465968586387,-0.003942181340341655,0.8212351029252438,-0.09815585960737656,1.0160857908847185,0.007978723404255319,1.3857404021937842,0.16168582375478927,1.3857404021937842,0.16168582375478927,1.5501022494887526,0.2157177225340818,1.4356060606060606,0.17884914463452567,1.3136915077989602,0.1355805243445693,1.4089219330855018,0.1697530864197531,0.9764397905759162,-0.011920529801324504,0.8082340195016251,-0.1060515278609946,0.9841688654353562,-0.007978723404255319,1.363802559414991,0.15390564578499613,1.363802559414991,0.15390564578499613,1.525562372188139,0.20809716599190284,1.4128787878787878,0.17111459968602827,1.292894280762565,0.12773998488284202,1.3866171003717471,0.16199376947040497,0.7159685863874345,-0.16552250190694126,0.5926327193932828,-0.25578231292517006,0.7216358839050132,-0.16168582375478927,0.7332439678284183,-0.15390564578499613,1.0,0.0,1.1186094069529653,0.055984555984555984,1.0359848484848484,0.017674418604651163,0.9480069324090121,-0.026690391459074734,1.016728624535316,0.008294930875576038,0.7159685863874345,-0.16552250190694126,0.5926327193932828,-0.25578231292517006,0.7216358839050132,-0.16168582375478927,0.7332439678284183,-0.15390564578499613,1.0,0.0,1.1186094069529653,0.055984555984555984,1.0359848484848484,0.017674418604651163,0.9480069324090121,-0.026690391459074734,1.016728624535316,0.008294930875576038,0.6400523560209425,-0.2194732641660016,0.5297941495124594,-0.3073654390934844,0.6451187335092349,-0.2157177225340818,0.6554959785522788,-0.20809716599190284,0.8939670932358318,-0.055984555984555984,0.8939670932358318,-0.055984555984555984,0.9261363636363636,-0.038348082595870206,0.8474870017331022,-0.0825515947467167,0.9089219330855018,-0.04771178188899708,0.6910994764397905,-0.1826625386996904,0.5720476706392199,-0.2722260509993108,0.6965699208443272,-0.17884914463452567,0.707774798927614,-0.17111459968602827,0.9652650822669104,-0.017674418604651163,0.9652650822669104,-0.017674418604651163,1.0797546012269938,0.038348082595870206,0.9150779896013865,-0.044343891402714934,0.9814126394052045,-0.009380863039399626,0.7552356020942408,-0.13944817300521997,0.6251354279523293,-0.23066666666666666,0.7612137203166227,-0.1355805243445693,0.7734584450402144,-0.12773998488284202,1.0548446069469835,0.026690391459074734,1.0548446069469835,0.026690391459074734,1.179959100204499,0.0825515947467167,1.0928030303030303,0.044343891402714934,1.0724907063197027,0.03497757847533632,0.7041884816753927,-0.17357910906298002,0.5828819068255688,-0.26351813826146475,0.7097625329815304,-0.1697530864197531,0.7211796246648794,-0.16199376947040497,0.9835466179159049,-0.008294930875576038,0.9835466179159049,-0.008294930875576038,1.100204498977505,0.04771178188899708,1.018939393939394,0.009380863039399626,0.9324090121317158,-0.03497757847533632
1.84,660,573,836,1003,808,809,652,634,648,635,-0.107675318,0.8334995014955134,-0.09081022294725394,1.0346534653465347,0.0170316301703163,1.0333745364647713,0.01641337386018237,1.2822085889570551,0.12365591397849462,1.3186119873817035,0.13741496598639455,1.2901234567901234,0.12668463611859837,1.316535433070866,0.13664174031271245,1.2666666666666666,0.11764705882352941,1.4589877835951135,0.18665720369056069,1.1997607655502391,0.09081022294725394,1.2413366336633664,0.10767531750414136,1.2398022249690976,0.10706401766004416,1.5383435582822085,0.2120845921450151,1.5820189274447949,0.22541233964569335,1.5478395061728396,0.2150211992731678,1.579527559055118,0.22466422466422467,1.5196969696969698,0.20625375826819,1.75043630017452,0.27284263959390864,0.9665071770334929,-0.0170316301703163,0.8055832502492523,-0.10767531750414136,0.9987639060568603,-0.0006184291898577613,1.2392638036809815,0.10684931506849316,1.274447949526814,0.12066574202496533,1.2469135802469136,0.10989010989010989,1.2724409448818899,0.11988911988911989,1.2242424242424241,0.1008174386920981,1.4101221640488657,0.17016654598117306,0.9677033492822966,-0.01641337386018237,0.806580259222333,-0.10706401766004416,1.0012376237623761,0.0006184291898577613,1.24079754601227,0.10746064339493498,1.27602523659306,0.12127512127512127,1.248456790123457,0.11050102951269733,1.274015748031496,0.12049861495844875,1.2257575757575758,0.10142954390742001,1.411867364746946,0.170767004341534,0.7799043062200957,-0.12365591397849462,0.650049850448654,-0.2120845921450151,0.806930693069307,-0.10684931506849316,0.8059332509270705,-0.10746064339493498,1.028391167192429,0.013996889580093312,1.0061728395061729,0.003076923076923077,1.0267716535433071,0.01320901320901321,0.9878787878787879,-0.006097560975609756,1.137870855148342,0.06448979591836734,0.7583732057416268,-0.13741496598639455,0.6321036889332003,-0.22541233964569335,0.7846534653465347,-0.12066574202496533,0.7836835599505563,-0.12127512127512127,0.9723926380368099,-0.013996889580093312,0.9783950617283951,-0.0109204368174727,0.9984251968503937,-0.0007880220646178094,0.9606060606060606,-0.02009273570324575,1.1064572425828971,0.050538525269262634,0.7751196172248804,-0.12668463611859837,0.646061814556331,-0.2150211992731678,0.801980198019802,-0.10989010989010989,0.8009888751545118,-0.11050102951269733,0.9938650306748467,-0.003076923076923077,1.0220820189274449,0.0109204368174727,1.020472440944882,0.010132501948558068,0.9818181818181818,-0.009174311926605505,1.130890052356021,0.06142506142506143,0.7595693779904307,-0.13664174031271245,0.6331006979062812,-0.22466422466422467,0.7858910891089109,-0.11988911988911989,0.7849196538936959,-0.12049861495844875,0.9739263803680982,-0.01320901320901321,1.001577287066246,0.0007880220646178094,0.9799382716049383,-0.010132501948558068,0.9621212121212122,-0.019305019305019305,1.1082024432809774,0.05132450331125828,0.7894736842105263,-0.11764705882352941,0.6580259222333001,-0.20625375826819,0.8168316831683168,-0.1008174386920981,0.8158220024721878,-0.10142954390742001,1.0122699386503067,0.006097560975609756,1.0410094637223974,0.02009273570324575,1.0185185185185186,0.009174311926605505,1.0393700787401574,0.019305019305019305,1.1518324607329844,0.0705596107055961,0.6854066985645934,-0.18665720369056069,0.5712861415752741,-0.27284263959390864,0.7091584158415841,-0.17016654598117306,0.7082818294190358,-0.170767004341534,0.8788343558282209,-0.06448979591836734,0.9037854889589906,-0.050538525269262634,0.8842592592592593,-0.06142506142506143,0.9023622047244094,-0.05132450331125828,0.8681818181818182,-0.0705596107055961
3.66,172,144,400,479,323,315,152,173,153,157,-0.194513716,0.8350730688935282,-0.08987485779294653,1.238390092879257,0.10650069156293222,1.2698412698412698,0.11888111888111888,2.6315789473684212,0.4492753623188406,2.3121387283236996,0.3961605584642234,2.6143790849673203,0.44665461121157324,2.5477707006369426,0.4362657091561939,2.3255813953488373,0.3986013986013986,2.7777777777777777,0.47058823529411764,1.1975,0.08987485779294653,1.4829721362229102,0.19451371571072318,1.5206349206349206,0.20654911838790932,3.151315789473684,0.5182250396196514,2.76878612716763,0.46932515337423314,3.130718954248366,0.5158227848101266,3.050955414012739,0.5062893081761006,2.7848837209302326,0.4715821812596006,3.326388888888889,0.5377207062600321,0.8075,-0.10650069156293222,0.6743215031315241,-0.19451371571072318,1.0253968253968253,0.012539184952978056,2.125,0.36,1.8670520231213872,0.3024193548387097,2.111111111111111,0.35714285714285715,2.0573248407643314,0.3458333333333333,1.877906976744186,0.30505050505050507,2.2430555555555554,0.38329764453961457,0.7875,-0.11888111888111888,0.6576200417536534,-0.20654911838790932,0.9752321981424149,-0.012539184952978056,2.0723684210526314,0.3490364025695932,1.8208092485549132,0.29098360655737704,2.0588235294117645,0.34615384615384615,2.0063694267515926,0.3347457627118644,1.8313953488372092,0.2936344969199179,2.1875,0.37254901960784315,0.38,-0.4492753623188406,0.3173277661795407,-0.5182250396196514,0.47058823529411764,-0.36,0.48253968253968255,-0.3490364025695932,0.8786127167630058,-0.06461538461538462,0.9934640522875817,-0.003278688524590164,0.9681528662420382,-0.016181229773462782,0.8837209302325582,-0.06172839506172839,1.0555555555555556,0.02702702702702703,0.4325,-0.3961605584642234,0.36116910229645094,-0.46932515337423314,0.5356037151702786,-0.3024193548387097,0.5492063492063493,-0.29098360655737704,1.138157894736842,0.06461538461538462,1.130718954248366,0.06134969325153374,1.1019108280254777,0.048484848484848485,1.005813953488372,0.002898550724637681,1.2013888888888888,0.0914826498422713,0.3825,-0.44665461121157324,0.31941544885177453,-0.5158227848101266,0.47368421052631576,-0.35714285714285715,0.4857142857142857,-0.34615384615384615,1.006578947368421,0.003278688524590164,0.884393063583815,-0.06134969325153374,0.9745222929936306,-0.012903225806451613,0.8895348837209303,-0.05846153846153846,1.0625,0.030303030303030304,0.3925,-0.4362657091561939,0.3277661795407098,-0.5062893081761006,0.48606811145510836,-0.3458333333333333,0.4984126984126984,-0.3347457627118644,1.0328947368421053,0.016181229773462782,0.9075144508670521,-0.048484848484848485,1.026143790849673,0.012903225806451613,0.9127906976744186,-0.04559270516717325,1.0902777777777777,0.04318936877076412,0.43,-0.3986013986013986,0.35908141962421714,-0.4715821812596006,0.5325077399380805,-0.30505050505050507,0.546031746031746,-0.2936344969199179,1.131578947368421,0.06172839506172839,0.9942196531791907,-0.002898550724637681,1.1241830065359477,0.05846153846153846,1.0955414012738853,0.04559270516717325,1.1944444444444444,0.08860759493670886,0.36,-0.47058823529411764,0.30062630480167013,-0.5377207062600321,0.4458204334365325,-0.38329764453961457,0.45714285714285713,-0.37254901960784315,0.9473684210526315,-0.02702702702702703,0.8323699421965318,-0.0914826498422713,0.9411764705882353,-0.030303030303030304,0.9171974522292994,-0.04318936877076412,0.8372093023255814,-0.08860759493670886
3.22,132,108,180,288,191,215,86,108,79,100,-0.202505219,0.625,-0.23076923076923078,0.9424083769633508,-0.029649595687331536,0.8372093023255814,-0.08860759493670886,2.0930232558139537,0.3533834586466165,1.6666666666666667,0.25,2.278481012658228,0.38996138996138996,1.8,0.2857142857142857,1.3636363636363635,0.15384615384615385,1.6666666666666667,0.25,1.6,0.23076923076923078,1.5078534031413613,0.20250521920668058,1.3395348837209302,0.14512922465208747,3.3488372093023258,0.5401069518716578,2.6666666666666665,0.45454545454545453,3.6455696202531644,0.5694822888283378,2.88,0.4845360824742268,2.1818181818181817,0.37142857142857144,2.6666666666666665,0.45454545454545453,1.0611111111111111,0.029649595687331536,0.6631944444444444,-0.20250521920668058,0.8883720930232558,-0.059113300492610835,2.2209302325581395,0.37906137184115524,1.7685185185185186,0.27759197324414714,2.4177215189873418,0.4148148148148148,1.91,0.3127147766323024,1.446969696969697,0.1826625386996904,1.7685185185185186,0.27759197324414714,1.1944444444444444,0.08860759493670886,0.7465277777777778,-0.14512922465208747,1.12565445026178,0.059113300492610835,2.5,0.42857142857142855,1.9907407407407407,0.33126934984520123,2.721518987341772,0.46258503401360546,2.15,0.36507936507936506,1.628787878787879,0.23919308357348704,1.9907407407407407,0.33126934984520123,0.4777777777777778,-0.3533834586466165,0.2986111111111111,-0.5401069518716578,0.450261780104712,-0.37906137184115524,0.4,-0.42857142857142855,0.7962962962962963,-0.1134020618556701,1.0886075949367089,0.04242424242424243,0.86,-0.07526881720430108,0.6515151515151515,-0.21100917431192662,0.7962962962962963,-0.1134020618556701,0.6,-0.25,0.375,-0.45454545454545453,0.5654450261780105,-0.27759197324414714,0.5023255813953489,-0.33126934984520123,1.255813953488372,0.1134020618556701,1.3670886075949367,0.15508021390374332,1.08,0.038461538461538464,0.8181818181818182,-0.1,1.0,0.0,0.4388888888888889,-0.38996138996138996,0.2743055555555556,-0.5694822888283378,0.41361256544502617,-0.4148148148148148,0.3674418604651163,-0.46258503401360546,0.9186046511627907,-0.04242424242424243,0.7314814814814815,-0.15508021390374332,0.79,-0.11731843575418995,0.5984848484848485,-0.25118483412322273,0.7314814814814815,-0.15508021390374332,0.5555555555555556,-0.2857142857142857,0.3472222222222222,-0.4845360824742268,0.5235602094240838,-0.3127147766323024,0.46511627906976744,-0.36507936507936506,1.1627906976744187,0.07526881720430108,0.9259259259259259,-0.038461538461538464,1.2658227848101267,0.11731843575418995,0.7575757575757576,-0.13793103448275862,0.9259259259259259,-0.038461538461538464,0.7333333333333333,-0.15384615384615385,0.4583333333333333,-0.37142857142857144,0.6910994764397905,-0.1826625386996904,0.6139534883720931,-0.23919308357348704,1.5348837209302326,0.21100917431192662,1.2222222222222223,0.1,1.6708860759493671,0.25118483412322273,1.32,0.13793103448275862,1.2222222222222223,0.1,0.6,-0.25,0.375,-0.45454545454545453,0.5654450261780105,-0.27759197324414714,0.5023255813953489,-0.33126934984520123,1.255813953488372,0.1134020618556701,1.0,0.0,1.3670886075949367,0.15508021390374332,1.08,0.038461538461538464,0.8181818181818182,-0.1
1.76,12,11,82,89,70,64,1,1,1,1,-0.119496855,0.9213483146067416,-0.04093567251461988,1.1714285714285715,0.07894736842105263,1.28125,0.1232876712328767,82.0,0.9759036144578314,82.0,0.9759036144578314,82.0,0.9759036144578314,82.0,0.9759036144578314,6.833333333333333,0.7446808510638298,7.454545454545454,0.7634408602150538,1.0853658536585367,0.04093567251461988,1.2714285714285714,0.11949685534591195,1.390625,0.16339869281045752,89.0,0.9777777777777777,89.0,0.9777777777777777,89.0,0.9777777777777777,89.0,0.9777777777777777,7.416666666666667,0.7623762376237624,8.090909090909092,0.78,0.8536585365853658,-0.07894736842105263,0.7865168539325843,-0.11949685534591195,1.09375,0.04477611940298507,70.0,0.971830985915493,70.0,0.971830985915493,70.0,0.971830985915493,70.0,0.971830985915493,5.833333333333333,0.7073170731707317,6.363636363636363,0.7283950617283951,0.7804878048780488,-0.1232876712328767,0.7191011235955056,-0.16339869281045752,0.9142857142857143,-0.04477611940298507,64.0,0.9692307692307692,64.0,0.9692307692307692,64.0,0.9692307692307692,64.0,0.9692307692307692,5.333333333333333,0.6842105263157895,5.818181818181818,0.7066666666666667,0.012195121951219513,-0.9759036144578314,0.011235955056179775,-0.9777777777777777,0.014285714285714285,-0.971830985915493,0.015625,-0.9692307692307692,1.0,0.0,1.0,0.0,1.0,0.0,0.08333333333333333,-0.8461538461538461,0.09090909090909091,-0.8333333333333334,0.012195121951219513,-0.9759036144578314,0.011235955056179775,-0.9777777777777777,0.014285714285714285,-0.971830985915493,0.015625,-0.9692307692307692,1.0,0.0,1.0,0.0,1.0,0.0,0.08333333333333333,-0.8461538461538461,0.09090909090909091,-0.8333333333333334,0.012195121951219513,-0.9759036144578314,0.011235955056179775,-0.9777777777777777,0.014285714285714285,-0.971830985915493,0.015625,-0.9692307692307692,1.0,0.0,1.0,0.0,1.0,0.0,0.08333333333333333,-0.8461538461538461,0.09090909090909091,-0.8333333333333334,0.012195121951219513,-0.9759036144578314,0.011235955056179775,-0.9777777777777777,0.014285714285714285,-0.971830985915493,0.015625,-0.9692307692307692,1.0,0.0,1.0,0.0,1.0,0.0,0.08333333333333333,-0.8461538461538461,0.09090909090909091,-0.8333333333333334,0.14634146341463414,-0.7446808510638298,0.1348314606741573,-0.7623762376237624,0.17142857142857143,-0.7073170731707317,0.1875,-0.6842105263157895,12.0,0.8461538461538461,12.0,0.8461538461538461,12.0,0.8461538461538461,12.0,0.8461538461538461,1.0909090909090908,0.043478260869565216,0.13414634146341464,-0.7634408602150538,0.12359550561797752,-0.78,0.15714285714285714,-0.7283950617283951,0.171875,-0.7066666666666667,11.0,0.8333333333333334,11.0,0.8333333333333334,11.0,0.8333333333333334,11.0,0.8333333333333334,0.9166666666666666,-0.043478260869565216
2.66,68,77,68,78,103,138,51,70,29,60,0.138121547,0.8717948717948718,-0.0684931506849315,0.6601941747572816,-0.2046783625730994,0.4927536231884058,-0.33980582524271846,1.3333333333333333,0.14285714285714285,0.9714285714285714,-0.014492753623188406,2.3448275862068964,0.4020618556701031,1.1333333333333333,0.0625,1.0,0.0,0.8831168831168831,-0.06206896551724138,1.1470588235294117,0.0684931506849315,0.7572815533980582,-0.13812154696132597,0.5652173913043478,-0.2777777777777778,1.5294117647058822,0.20930232558139536,1.1142857142857143,0.05405405405405406,2.689655172413793,0.45794392523364486,1.3,0.13043478260869565,1.1470588235294117,0.0684931506849315,1.0129870129870129,0.0064516129032258064,1.5147058823529411,0.2046783625730994,1.3205128205128205,0.13812154696132597,0.7463768115942029,-0.14522821576763487,2.019607843137255,0.33766233766233766,1.4714285714285715,0.1907514450867052,3.5517241379310347,0.5606060606060606,1.7166666666666666,0.26380368098159507,1.5147058823529411,0.2046783625730994,1.3376623376623376,0.14444444444444443,2.0294117647058822,0.33980582524271846,1.7692307692307692,0.2777777777777778,1.3398058252427185,0.14522821576763487,2.7058823529411766,0.4603174603174603,1.9714285714285715,0.3269230769230769,4.758620689655173,0.6526946107784432,2.3,0.3939393939393939,2.0294117647058822,0.33980582524271846,1.7922077922077921,0.2837209302325581,0.75,-0.14285714285714285,0.6538461538461539,-0.20930232558139536,0.49514563106796117,-0.33766233766233766,0.3695652173913043,-0.4603174603174603,0.7285714285714285,-0.15702479338842976,1.7586206896551724,0.275,0.85,-0.08108108108108109,0.75,-0.14285714285714285,0.6623376623376623,-0.203125,1.0294117647058822,0.014492753623188406,0.8974358974358975,-0.05405405405405406,0.6796116504854369,-0.1907514450867052,0.5072463768115942,-0.3269230769230769,1.3725490196078431,0.15702479338842976,2.413793103448276,0.41414141414141414,1.1666666666666667,0.07692307692307693,1.0294117647058822,0.014492753623188406,0.9090909090909091,-0.047619047619047616,0.4264705882352941,-0.4020618556701031,0.3717948717948718,-0.45794392523364486,0.2815533980582524,-0.5606060606060606,0.21014492753623187,-0.6526946107784432,0.5686274509803921,-0.275,0.4142857142857143,-0.41414141414141414,0.48333333333333334,-0.34831460674157305,0.4264705882352941,-0.4020618556701031,0.37662337662337664,-0.4528301886792453,0.8823529411764706,-0.0625,0.7692307692307693,-0.13043478260869565,0.5825242718446602,-0.26380368098159507,0.43478260869565216,-0.3939393939393939,1.1764705882352942,0.08108108108108109,0.8571428571428571,-0.07692307692307693,2.0689655172413794,0.34831460674157305,0.8823529411764706,-0.0625,0.7792207792207793,-0.12408759124087591,1.0,0.0,0.8717948717948718,-0.0684931506849315,0.6601941747572816,-0.2046783625730994,0.4927536231884058,-0.33980582524271846,1.3333333333333333,0.14285714285714285,0.9714285714285714,-0.014492753623188406,2.3448275862068964,0.4020618556701031,1.1333333333333333,0.0625,0.8831168831168831,-0.06206896551724138,1.1323529411764706,0.06206896551724138,0.9871794871794872,-0.0064516129032258064,0.7475728155339806,-0.14444444444444443,0.5579710144927537,-0.2837209302325581,1.5098039215686274,0.203125,1.1,0.047619047619047616,2.6551724137931036,0.4528301886792453,1.2833333333333334,0.12408759124087591,1.1323529411764706,0.06206896551724138
3.86,72,72,335,595,406,323,81,78,90,70,-0.188811189,0.5630252100840336,-0.27956989247311825,0.8251231527093597,-0.09581646423751687,1.0371517027863777,0.0182370820668693,4.135802469135802,0.6105769230769231,4.294871794871795,0.6222760290556901,3.7222222222222223,0.5764705882352941,4.785714285714286,0.654320987654321,4.652777777777778,0.6461916461916462,4.652777777777778,0.6461916461916462,1.7761194029850746,0.27956989247311825,1.4655172413793103,0.1888111888111888,1.8421052631578947,0.2962962962962963,7.345679012345679,0.7603550295857988,7.628205128205129,0.7682020802377415,6.611111111111111,0.7372262773722628,8.5,0.7894736842105263,8.26388888888889,0.7841079460269865,8.26388888888889,0.7841079460269865,1.2119402985074628,0.09581646423751687,0.6823529411764706,-0.1888111888111888,1.256965944272446,0.11385459533607682,5.012345679012346,0.6673511293634496,5.205128205128205,0.6776859504132231,4.511111111111111,0.6370967741935484,5.8,0.7058823529411765,5.638888888888889,0.698744769874477,5.638888888888889,0.698744769874477,0.9641791044776119,-0.0182370820668693,0.5428571428571428,-0.2962962962962963,0.7955665024630542,-0.11385459533607682,3.9876543209876543,0.599009900990099,4.141025641025641,0.6109725685785536,3.588888888888889,0.5641646489104116,4.614285714285714,0.6437659033078881,4.486111111111111,0.6354430379746835,4.486111111111111,0.6354430379746835,0.2417910447761194,-0.6105769230769231,0.1361344537815126,-0.7603550295857988,0.19950738916256158,-0.6673511293634496,0.25077399380804954,-0.599009900990099,1.0384615384615385,0.018867924528301886,0.9,-0.05263157894736842,1.1571428571428573,0.0728476821192053,1.125,0.058823529411764705,1.125,0.058823529411764705,0.23283582089552238,-0.6222760290556901,0.13109243697478992,-0.7682020802377415,0.1921182266009852,-0.6776859504132231,0.24148606811145512,-0.6109725685785536,0.9629629629629629,-0.018867924528301886,0.8666666666666667,-0.07142857142857142,1.1142857142857143,0.05405405405405406,1.0833333333333333,0.04,1.0833333333333333,0.04,0.26865671641791045,-0.5764705882352941,0.15126050420168066,-0.7372262773722628,0.22167487684729065,-0.6370967741935484,0.2786377708978328,-0.5641646489104116,1.1111111111111112,0.05263157894736842,1.1538461538461537,0.07142857142857142,1.2857142857142858,0.125,1.25,0.1111111111111111,1.25,0.1111111111111111,0.208955223880597,-0.654320987654321,0.11764705882352941,-0.7894736842105263,0.1724137931034483,-0.7058823529411765,0.21671826625386997,-0.6437659033078881,0.8641975308641975,-0.0728476821192053,0.8974358974358975,-0.05405405405405406,0.7777777777777778,-0.125,0.9722222222222222,-0.014084507042253521,0.9722222222222222,-0.014084507042253521,0.21492537313432836,-0.6461916461916462,0.12100840336134454,-0.7841079460269865,0.17733990147783252,-0.698744769874477,0.22291021671826625,-0.6354430379746835,0.8888888888888888,-0.058823529411764705,0.9230769230769231,-0.04,0.8,-0.1111111111111111,1.0285714285714285,0.014084507042253521,1.0,0.0,0.21492537313432836,-0.6461916461916462,0.12100840336134454,-0.7841079460269865,0.17733990147783252,-0.698744769874477,0.22291021671826625,-0.6354430379746835,0.8888888888888888,-0.058823529411764705,0.9230769230769231,-0.04,0.8,-0.1111111111111111,1.0285714285714285,0.014084507042253521,1.0,0.0
24.0,206,177,588,738,522,466,268,272,279,233,-0.171428571,0.7967479674796748,-0.11312217194570136,1.1264367816091954,0.05945945945945946,1.261802575107296,0.1157495256166983,2.1940298507462686,0.37383177570093457,2.161764705882353,0.3674418604651163,2.10752688172043,0.356401384083045,2.523605150214592,0.43239951278928135,2.854368932038835,0.4811083123425693,3.3220338983050848,0.5372549019607843,1.2551020408163265,0.11312217194570136,1.4137931034482758,0.17142857142857143,1.5836909871244635,0.22591362126245848,2.753731343283582,0.4671968190854871,2.713235294117647,0.4613861386138614,2.6451612903225805,0.45132743362831856,3.167381974248927,0.5200823892893924,3.5825242718446604,0.5635593220338984,4.169491525423729,0.6131147540983607,0.8877551020408163,-0.05945945945945946,0.7073170731707317,-0.17142857142857143,1.1201716738197425,0.05668016194331984,1.9477611940298507,0.32151898734177214,1.9191176470588236,0.3148614609571788,1.8709677419354838,0.30337078651685395,2.240343347639485,0.3827814569536424,2.533980582524272,0.4340659340659341,2.9491525423728815,0.49356223175965663,0.7925170068027211,-0.1157495256166983,0.6314363143631436,-0.22591362126245848,0.89272030651341,-0.05668016194331984,1.7388059701492538,0.26975476839237056,1.713235294117647,0.26287262872628725,1.6702508960573477,0.25100671140939596,2.0,0.3333333333333333,2.262135922330097,0.3869047619047619,2.632768361581921,0.4494556765163297,0.4557823129251701,-0.37383177570093457,0.36314363143631434,-0.4671968190854871,0.5134099616858238,-0.32151898734177214,0.575107296137339,-0.26975476839237056,0.9852941176470589,-0.007407407407407408,0.9605734767025089,-0.02010968921389397,1.150214592274678,0.06986027944111776,1.3009708737864079,0.1308016877637131,1.5141242937853108,0.20449438202247192,0.46258503401360546,-0.3674418604651163,0.3685636856368564,-0.4613861386138614,0.5210727969348659,-0.3148614609571788,0.5836909871244635,-0.26287262872628725,1.0149253731343284,0.007407407407407408,0.974910394265233,-0.012704174228675136,1.167381974248927,0.07722772277227723,1.3203883495145632,0.13807531380753138,1.536723163841808,0.21158129175946547,0.4744897959183674,-0.356401384083045,0.3780487804878049,-0.45132743362831856,0.5344827586206896,-0.30337078651685395,0.5987124463519313,-0.25100671140939596,1.041044776119403,0.02010968921389397,1.025735294117647,0.012704174228675136,1.1974248927038627,0.08984375,1.354368932038835,0.15051546391752577,1.576271186440678,0.2236842105263158,0.39625850340136054,-0.43239951278928135,0.3157181571815718,-0.5200823892893924,0.446360153256705,-0.3827814569536424,0.5,-0.3333333333333333,0.8694029850746269,-0.06986027944111776,0.8566176470588235,-0.07722772277227723,0.8351254480286738,-0.08984375,1.1310679611650485,0.06150341685649203,1.3163841807909604,0.13658536585365855,0.35034013605442177,-0.4811083123425693,0.2791327913279133,-0.5635593220338984,0.3946360153256705,-0.4340659340659341,0.44206008583690987,-0.3869047619047619,0.7686567164179104,-0.1308016877637131,0.7573529411764706,-0.13807531380753138,0.7383512544802867,-0.15051546391752577,0.8841201716738197,-0.06150341685649203,1.1638418079096045,0.07571801566579635,0.3010204081632653,-0.5372549019607843,0.23983739837398374,-0.6131147540983607,0.3390804597701149,-0.49356223175965663,0.3798283261802575,-0.4494556765163297,0.6604477611940298,-0.20449438202247192,0.6507352941176471,-0.21158129175946547,0.6344086021505376,-0.2236842105263158,0.759656652360515,-0.13658536585365855,0.8592233009708737,-0.07571801566579635
3.47,555,517,1099,1355,898,786,561,536,555,500,-0.202840657,0.811070110701107,-0.10431947840260798,1.2238307349665924,0.10065097646469705,1.3982188295165394,0.1660477453580902,1.9590017825311943,0.3240963855421687,2.050373134328358,0.3443425076452599,1.9801801801801802,0.32889963724304716,2.198,0.37460913070669166,1.9801801801801802,0.32889963724304716,2.125725338491296,0.36014851485148514,1.2329390354868062,0.10431947840260798,1.5089086859688197,0.20284065690190856,1.7239185750636132,0.26576366184026157,2.415329768270945,0.4144050104384134,2.5279850746268657,0.4331041776837652,2.4414414414414414,0.418848167539267,2.71,0.4609164420485175,2.4414414414414414,0.418848167539267,2.620889748549323,0.44764957264957267,0.8171064604185623,-0.10065097646469705,0.6627306273062731,-0.20284065690190856,1.1424936386768447,0.0665083135391924,1.6007130124777185,0.23098012337217272,1.6753731343283582,0.2524407252440725,1.618018018018018,0.23606331727460428,1.796,0.28469241773962806,1.618018018018018,0.23606331727460428,1.736943907156673,0.2692579505300353,0.7151956323930846,-0.1660477453580902,0.5800738007380074,-0.26576366184026157,0.8752783964365256,-0.0665083135391924,1.4010695187165776,0.16703786191536749,1.4664179104477613,0.18910741301059,1.4162162162162162,0.17225950782997762,1.572,0.2223950233281493,1.4162162162162162,0.17225950782997762,1.5203094777562862,0.2064466615502686,0.5104640582347588,-0.3240963855421687,0.4140221402214022,-0.4144050104384134,0.6247216035634744,-0.23098012337217272,0.7137404580152672,-0.16703786191536749,1.046641791044776,0.022789425706472195,1.0108108108108107,0.005376344086021506,1.122,0.057492931196983975,1.0108108108108107,0.005376344086021506,1.0851063829787233,0.04081632653061224,0.48771610555050043,-0.3443425076452599,0.3955719557195572,-0.4331041776837652,0.5968819599109132,-0.2524407252440725,0.6819338422391857,-0.18910741301059,0.9554367201426025,-0.022789425706472195,0.9657657657657658,-0.017415215398716773,1.072,0.03474903474903475,0.9657657657657658,-0.017415215398716773,1.0367504835589942,0.018043684710351376,0.5050045495905369,-0.32889963724304716,0.4095940959409594,-0.418848167539267,0.6180400890868597,-0.23606331727460428,0.7061068702290076,-0.17225950782997762,0.9893048128342246,-0.005376344086021506,1.0354477611940298,0.017415215398716773,1.11,0.052132701421800945,1.0,0.0,1.0735009671179885,0.03544776119402985,0.4549590536851683,-0.37460913070669166,0.36900369003690037,-0.4609164420485175,0.5567928730512249,-0.28469241773962806,0.6361323155216285,-0.2223950233281493,0.8912655971479501,-0.057492931196983975,0.9328358208955224,-0.03474903474903475,0.9009009009009009,-0.052132701421800945,0.9009009009009009,-0.052132701421800945,0.9671179883945842,-0.01671583087512291,0.5050045495905369,-0.32889963724304716,0.4095940959409594,-0.418848167539267,0.6180400890868597,-0.23606331727460428,0.7061068702290076,-0.17225950782997762,0.9893048128342246,-0.005376344086021506,1.0354477611940298,0.017415215398716773,1.0,0.0,1.11,0.052132701421800945,1.0735009671179885,0.03544776119402985,0.47042766151046406,-0.36014851485148514,0.381549815498155,-0.44764957264957267,0.5757238307349666,-0.2692579505300353,0.6577608142493638,-0.2064466615502686,0.9215686274509803,-0.04081632653061224,0.9645522388059702,-0.018043684710351376,0.9315315315315316,-0.03544776119402985,1.034,0.01671583087512291,0.9315315315315316,-0.03544776119402985
3.22,549,488,933,1119,832,764,617,626,619,599,-0.147104049,0.8337801608579088,-0.09064327485380116,1.1213942307692308,0.057223796033994336,1.2212041884816753,0.0995875073659399,1.5121555915721232,0.20387096774193547,1.4904153354632588,0.19692110327132778,1.507269789983845,0.20231958762886598,1.5575959933222037,0.21801566579634465,1.6994535519125684,0.2591093117408907,1.9118852459016393,0.3131597466572836,1.1993569131832797,0.09064327485380116,1.3449519230769231,0.14710404920553563,1.4646596858638743,0.18852894317578334,1.813614262560778,0.2891705069124424,1.7875399361022364,0.2825214899713467,1.8077544426494345,0.28768699654775604,1.8681135225375627,0.30267753201396974,2.0382513661202184,0.34172661870503596,2.293032786885246,0.3926571250777847,0.8917470525187567,-0.057223796033994336,0.743521000893655,-0.14710404920553563,1.0890052356020943,0.042606516290726815,1.3484602917341977,0.14837819185645273,1.329073482428115,0.1412894375857339,1.3441033925686592,0.14679531357684356,1.3889816360601002,0.1628232005590496,1.5154826958105647,0.2049239681390297,1.7049180327868851,0.2606060606060606,0.8188638799571275,-0.0995875073659399,0.6827524575513851,-0.18852894317578334,0.9182692307692307,-0.042606516290726815,1.2382495948136143,0.10644460535843592,1.220447284345048,0.09928057553956834,1.234248788368336,0.10484454085321765,1.2754590984974958,0.1210564930300807,1.3916211293260474,0.16374714394516374,1.5655737704918034,0.22044728434504793,0.6613076098606645,-0.20387096774193547,0.5513851653261841,-0.2891705069124424,0.7415865384615384,-0.14837819185645273,0.8075916230366492,-0.10644460535843592,0.9856230031948882,-0.007240547063555913,0.9967689822294022,-0.0016181229773462784,1.0300500834724542,0.014802631578947368,1.1238615664845173,0.058319039451114926,1.264344262295082,0.1167420814479638,0.6709539121114684,-0.19692110327132778,0.5594280607685433,-0.2825214899713467,0.7524038461538461,-0.1412894375857339,0.819371727748691,-0.09928057553956834,1.0145867098865478,0.007240547063555913,1.011308562197092,0.005622489959839358,1.0450751252086812,0.022040816326530613,1.1402550091074681,0.06553191489361702,1.2827868852459017,0.12387791741472172,0.6634512325830654,-0.20231958762886598,0.5531724754244861,-0.28768699654775604,0.7439903846153846,-0.14679531357684356,0.8102094240837696,-0.10484454085321765,1.0032414910858996,0.0016181229773462784,0.9888178913738019,-0.005622489959839358,1.0333889816360602,0.016420361247947456,1.127504553734062,0.059931506849315065,1.2684426229508197,0.11833785004516711,0.6420150053590568,-0.21801566579634465,0.5352993744414656,-0.30267753201396974,0.7199519230769231,-0.1628232005590496,0.7840314136125655,-0.1210564930300807,0.9708265802269044,-0.014802631578947368,0.9568690095846646,-0.022040816326530613,0.9676898222940227,-0.016420361247947456,1.0910746812386156,0.04355400696864112,1.2274590163934427,0.10211591536338546,0.5884244372990354,-0.2591093117408907,0.4906166219839142,-0.34172661870503596,0.6598557692307693,-0.2049239681390297,0.7185863874345549,-0.16374714394516374,0.8897893030794165,-0.058319039451114926,0.8769968051118211,-0.06553191489361702,0.8869143780290791,-0.059931506849315065,0.9165275459098498,-0.04355400696864112,1.125,0.058823529411764705,0.5230439442658092,-0.3131597466572836,0.4361036639857015,-0.3926571250777847,0.5865384615384616,-0.2606060606060606,0.6387434554973822,-0.22044728434504793,0.7909238249594813,-0.1167420814479638,0.7795527156549521,-0.12387791741472172,0.7883683360258481,-0.11833785004516711,0.8146911519198664,-0.10211591536338546,0.8888888888888888,-0.058823529411764705
2.57,1064,927,1267,1433,1253,1288,1117,1115,1105,1106,-0.067014147,0.8841591067690161,-0.061481481481481484,1.011173184357542,0.005555555555555556,0.9836956521739131,-0.00821917808219178,1.134288272157565,0.06291946308724833,1.1363228699551569,0.06381192275398824,1.1466063348416289,0.06829679595278246,1.1455696202531647,0.06784660766961652,1.1907894736842106,0.08708708708708708,1.366774541531823,0.15496809480401094,1.1310181531176007,0.061481481481481484,1.14365522745411,0.06701414743112435,1.1125776397515528,0.05328923190003675,1.2829006266786034,0.12392156862745098,1.285201793721973,0.12480376766091052,1.2968325791855204,0.12923561859732072,1.2956600361663653,0.12879086254430877,1.3468045112781954,0.14777733279935923,1.545846817691478,0.21440677966101696,0.988950276243094,-0.005555555555555556,0.8743893928820656,-0.06701414743112435,0.9728260869565217,-0.013774104683195593,1.1217547000895256,0.05738396624472574,1.1237668161434977,0.05827702702702703,1.1339366515837104,0.06276505513146735,1.1329113924050633,0.06231454005934718,1.1776315789473684,0.08157099697885196,1.3516720604099244,0.14954128440366973,1.0165745856353592,0.00821917808219178,0.8988136775994418,-0.05328923190003675,1.0279329608938548,0.013774104683195593,1.153088630259624,0.0711018711018711,1.1551569506726458,0.071993341656263,1.1656108597285069,0.07647304638529043,1.1645569620253164,0.07602339181286549,1.2105263157894737,0.09523809523809523,1.389428263214671,0.16297968397291196,0.8816101026045777,-0.06291946308724833,0.7794836008374041,-0.12392156862745098,0.8914604948124502,-0.05738396624472574,0.8672360248447205,-0.0711018711018711,1.0017937219730941,0.0008960573476702509,1.0108597285067873,0.0054005400540054005,1.0099457504520795,0.004948268106162843,1.0498120300751879,0.024300779458963778,1.2049622437971952,0.09295499021526418,0.8800315706393055,-0.06381192275398824,0.7780879274249826,-0.12480376766091052,0.8898643256185156,-0.05827702702702703,0.8656832298136646,-0.071993341656263,0.9982094897045658,-0.0008960573476702509,1.009049773755656,0.0045045045045045045,1.0081374321880652,0.00405222872579919,1.0479323308270676,0.023405231757687012,1.202804746494067,0.0920666013712047,0.8721389108129439,-0.06829679595278246,0.771109560362875,-0.12923561859732072,0.8818834796488427,-0.06276505513146735,0.8579192546583851,-0.07647304638529043,0.9892569382273948,-0.0054005400540054005,0.9910313901345291,-0.0045045045045045045,0.9990958408679927,-0.0004522840343735866,1.038533834586466,0.018902720147533424,1.1920172599784251,0.08759842519685039,0.8729281767955801,-0.06784660766961652,0.7718073970690859,-0.12879086254430877,0.88268156424581,-0.06231454005934718,0.8586956521739131,-0.07602339181286549,0.990152193375112,-0.004948268106162843,0.9919282511210762,-0.00405222872579919,1.0009049773755656,0.0004522840343735866,1.0394736842105263,0.01935483870967742,1.193096008629989,0.08804722085587802,0.8397790055248618,-0.08708708708708708,0.7424982554082344,-0.14777733279935923,0.8491620111731844,-0.08157099697885196,0.8260869565217391,-0.09523809523809523,0.9525514771709938,-0.024300779458963778,0.9542600896860987,-0.023405231757687012,0.96289592760181,-0.018902720147533424,0.9620253164556962,-0.01935483870967742,1.1477885652642934,0.06880964339527876,0.7316495659037096,-0.15496809480401094,0.6468946266573622,-0.21440677966101696,0.7398244213886672,-0.14954128440366973,0.71972049689441,-0.16297968397291196,0.8299015219337511,-0.09295499021526418,0.831390134529148,-0.0920666013712047,0.8389140271493213,-0.08759842519685039,0.8381555153707052,-0.08804722085587802,0.8712406015037594,-0.06880964339527876
2.51,624,602,742,966,720,707,575,560,488,566,-0.145907473,0.7681159420289855,-0.13114754098360656,1.0305555555555554,0.015047879616963064,1.0495049504950495,0.024154589371980676,1.2904347826086957,0.12680334092634776,1.325,0.13978494623655913,1.5204918032786885,0.20650406504065041,1.3109540636042403,0.1345565749235474,1.189102564102564,0.08638360175695461,1.2325581395348837,0.10416666666666667,1.3018867924528301,0.13114754098360656,1.3416666666666666,0.14590747330960854,1.3663366336633664,0.15481171548117154,1.68,0.2537313432835821,1.725,0.26605504587155965,1.9795081967213115,0.328748280605227,1.7067137809187278,0.26109660574412535,1.5480769230769231,0.21509433962264152,1.6046511627906976,0.23214285714285715,0.9703504043126685,-0.015047879616963064,0.7453416149068323,-0.14590747330960854,1.0183875530410185,0.009110021023125438,1.2521739130434784,0.11196911196911197,1.2857142857142858,0.125,1.4754098360655739,0.19205298013245034,1.2720848056537102,0.11975116640746501,1.1538461538461537,0.07142857142857142,1.196013289036545,0.08925869894099848,0.9528301886792453,-0.024154589371980676,0.7318840579710145,-0.15481171548117154,0.9819444444444444,-0.009110021023125438,1.2295652173913043,0.1029641185647426,1.2625,0.11602209944751381,1.4487704918032787,0.18326359832635983,1.2491166077738516,0.11076197957580518,1.1330128205128205,0.06235912847483095,1.1744186046511629,0.08021390374331551,0.7749326145552561,-0.12680334092634776,0.5952380952380952,-0.2537313432835821,0.7986111111111112,-0.11196911196911197,0.8132956152758133,-0.1029641185647426,1.0267857142857142,0.013215859030837005,1.1782786885245902,0.08184383819379115,1.0159010600706713,0.007887817703768623,0.9214743589743589,-0.0408673894912427,0.9551495016611296,-0.022939677145284623,0.7547169811320755,-0.13978494623655913,0.5797101449275363,-0.26605504587155965,0.7777777777777778,-0.125,0.7920792079207921,-0.11602209944751381,0.9739130434782609,-0.013215859030837005,1.1475409836065573,0.06870229007633588,0.9893992932862191,-0.0053285968028419185,0.8974358974358975,-0.05405405405405406,0.9302325581395349,-0.03614457831325301,0.6576819407008087,-0.20650406504065041,0.505175983436853,-0.328748280605227,0.6777777777777778,-0.19205298013245034,0.6902404526166902,-0.18326359832635983,0.8486956521739131,-0.08184383819379115,0.8714285714285714,-0.06870229007633588,0.8621908127208481,-0.07400379506641366,0.782051282051282,-0.1223021582733813,0.8106312292358804,-0.10458715596330276,0.7628032345013477,-0.1345565749235474,0.5859213250517599,-0.26109660574412535,0.7861111111111111,-0.11975116640746501,0.8005657708628006,-0.11076197957580518,0.9843478260869565,-0.007887817703768623,1.0107142857142857,0.0053285968028419185,1.1598360655737705,0.07400379506641366,0.907051282051282,-0.04873949579831933,0.9401993355481728,-0.030821917808219176,0.8409703504043127,-0.08638360175695461,0.6459627329192547,-0.21509433962264152,0.8666666666666667,-0.07142857142857142,0.8826025459688827,-0.06235912847483095,1.085217391304348,0.0408673894912427,1.1142857142857143,0.05405405405405406,1.278688524590164,0.1223021582733813,1.1024734982332156,0.04873949579831933,1.0365448504983388,0.01794453507340946,0.8113207547169812,-0.10416666666666667,0.6231884057971014,-0.23214285714285715,0.8361111111111111,-0.08925869894099848,0.8514851485148515,-0.08021390374331551,1.0469565217391303,0.022939677145284623,1.075,0.03614457831325301,1.2336065573770492,0.10458715596330276,1.0636042402826855,0.030821917808219176,0.9647435897435898,-0.01794453507340946
6.67,793,722,965,1107,969,1036,856,883,775,847,-0.066473988,0.8717253839205059,-0.06853281853281853,0.9958720330237358,-0.002068252326783868,0.9314671814671814,-0.03548225887056472,1.1273364485981308,0.05985722130697419,1.0928652321630805,0.044372294372294376,1.2451612903225806,0.10919540229885058,1.1393152302243212,0.06512141280353201,1.2168978562421184,0.09783845278725825,1.3365650969529086,0.14404267931238884,1.1471502590673575,0.06853281853281853,1.1424148606811146,0.06647398843930635,1.0685328185328185,0.033131124591693886,1.2932242990654206,0.12786551197147222,1.2536806342015856,0.11256281407035176,1.4283870967741936,0.17640807651434645,1.306965761511216,0.1330603889457523,1.3959646910466583,0.16526315789473683,1.5332409972299168,0.21049753963914708,1.0041450777202072,0.002068252326783868,0.8753387533875339,-0.06647398843930635,0.9353281853281853,-0.03341645885286783,1.1320093457943925,0.06191780821917808,1.0973952434881087,0.04643628509719223,1.2503225806451612,0.11123853211009174,1.1440377804014168,0.0671806167400881,1.2219419924337958,0.09988649262202043,1.3421052631578947,0.14606741573033707,1.0735751295336788,0.03548225887056472,0.935862691960253,-0.033131124591693886,1.0691434468524252,0.03341645885286783,1.2102803738317758,0.09513742071881606,1.173272933182333,0.07972902553413236,1.336774193548387,0.14411927112092768,1.2231404958677685,0.10037174721189591,1.3064312736443884,0.13285948605795517,1.4349030470914128,0.17861205915813425,0.8870466321243523,-0.05985722130697419,0.7732610659439928,-0.12786551197147222,0.8833849329205367,-0.06191780821917808,0.8262548262548263,-0.09513742071881606,0.9694224235560589,-0.015526164462334674,1.104516129032258,0.04966278356836297,1.010625737898465,0.005284791544333529,1.0794451450189155,0.03820497271073378,1.185595567867036,0.08491761723700887,0.9150259067357513,-0.044372294372294376,0.7976513098464318,-0.11256281407035176,0.9112487100103199,-0.04643628509719223,0.8523166023166023,-0.07972902553413236,1.0315420560747663,0.015526164462334674,1.1393548387096775,0.06513872135102533,1.0425029515938606,0.020809248554913295,1.1134930643127365,0.05369928400954654,1.2229916897506925,0.10031152647975078,0.8031088082901554,-0.10919540229885058,0.7000903342366757,-0.17640807651434645,0.7997936016511867,-0.11123853211009174,0.7480694980694981,-0.14411927112092768,0.905373831775701,-0.04966278356836297,0.8776896942242356,-0.06513872135102533,0.9149940968122786,-0.04438964241676942,0.9773013871374527,-0.011479591836734694,1.0734072022160666,0.035404141616566465,0.877720207253886,-0.06512141280353201,0.7651309846431797,-0.1330603889457523,0.8740970072239422,-0.0671806167400881,0.8175675675675675,-0.10037174721189591,0.9894859813084113,-0.005284791544333529,0.9592298980747452,-0.020809248554913295,1.0929032258064517,0.04438964241676942,1.0680958385876418,0.032926829268292684,1.1731301939058172,0.07966857871255577,0.8217616580310881,-0.09783845278725825,0.7163504968383018,-0.16526315789473683,0.8183694530443757,-0.09988649262202043,0.7654440154440154,-0.13285948605795517,0.9264018691588785,-0.03820497271073378,0.8980747451868629,-0.05369928400954654,1.0232258064516129,0.011479591836734694,0.9362455726092089,-0.032926829268292684,1.0983379501385042,0.04686468646864687,0.7481865284974093,-0.14404267931238884,0.6522131887985546,-0.21049753963914708,0.7450980392156863,-0.14606741573033707,0.696911196911197,-0.17861205915813425,0.8434579439252337,-0.08491761723700887,0.8176670441676104,-0.10031152647975078,0.9316129032258065,-0.035404141616566465,0.8524203069657615,-0.07966857871255577,0.9104665825977302,-0.04686468646864687
26.3,809,751,929,1068,923,952,777,765,703,755,-0.072827725,0.8698501872659176,-0.06960440660991488,1.0065005417118094,0.0032397408207343412,0.9758403361344538,-0.012227538543328018,1.1956241956241955,0.08909730363423213,1.2143790849673202,0.09681227863046045,1.321479374110953,0.13848039215686275,1.2304635761589404,0.10332541567695962,1.1483312731767614,0.06904487917146145,1.237017310252996,0.10595238095238095,1.1496232508073196,0.06960440660991488,1.1570964247020585,0.07282772476142642,1.1218487394957983,0.05742574257425743,1.3745173745173744,0.15772357723577235,1.396078431372549,0.16530278232405893,1.5192034139402562,0.20609824957651043,1.414569536423841,0.17169500822819528,1.3201483312731768,0.13798614810868406,1.422103861517976,0.1742715777899945,0.9935414424111948,-0.0032397408207343412,0.8642322097378277,-0.07282772476142642,0.9695378151260504,-0.015466666666666667,1.1879021879021878,0.08588235294117647,1.2065359477124182,0.09360189573459715,1.3129445234708392,0.13530135301353013,1.2225165562913907,0.10011918951132301,1.1409147095179233,0.06581986143187067,1.2290279627163783,0.1027479091995221,1.0247578040904197,0.012227538543328018,0.8913857677902621,-0.05742574257425743,1.0314192849404118,0.015466666666666667,1.2252252252252251,0.10121457489878542,1.2444444444444445,0.10891089108910891,1.3541963015647227,0.15045317220543808,1.2609271523178809,0.11540714704159344,1.176761433868974,0.08120386144236229,1.2676431424766976,0.11802701115678214,0.8363832077502691,-0.08909730363423213,0.7275280898876404,-0.15772357723577235,0.8418201516793066,-0.08588235294117647,0.8161764705882353,-0.10121457489878542,1.0156862745098039,0.007782101167315175,1.105263157894737,0.05,1.0291390728476821,0.014360313315926894,0.9604449938195303,-0.0201765447667087,1.0346205059920106,0.017015706806282723,0.8234660925726588,-0.09681227863046045,0.7162921348314607,-0.16530278232405893,0.828819068255688,-0.09360189573459715,0.8035714285714286,-0.10891089108910891,0.9845559845559846,-0.007782101167315175,1.0881934566145093,0.04223433242506812,1.0132450331125828,0.006578947368421052,0.9456118665018541,-0.02795425667090216,1.018641810918775,0.009234828496042216,0.7567276641550054,-0.13848039215686275,0.6582397003745318,-0.20609824957651043,0.761646803900325,-0.13530135301353013,0.7384453781512605,-0.15045317220543808,0.9047619047619048,-0.05,0.918954248366013,-0.04223433242506812,0.9311258278145695,-0.03566529492455418,0.8689740420271941,-0.0701058201058201,0.9360852197070573,-0.033012379642365884,0.8127018299246501,-0.10332541567695962,0.7069288389513109,-0.17169500822819528,0.8179848320693391,-0.10011918951132301,0.7930672268907563,-0.11540714704159344,0.9716859716859717,-0.014360313315926894,0.9869281045751634,-0.006578947368421052,1.073968705547653,0.03566529492455418,0.9332509270704573,-0.034526854219948847,1.0053262316910785,0.0026560424966799467,0.8708288482238966,-0.06904487917146145,0.7574906367041199,-0.13798614810868406,0.8764897074756229,-0.06581986143187067,0.8497899159663865,-0.08120386144236229,1.0411840411840412,0.0201765447667087,1.057516339869281,0.02795425667090216,1.1507823613086772,0.0701058201058201,1.0715231788079471,0.034526854219948847,1.0772303595206392,0.03717948717948718,0.8083961248654468,-0.10595238095238095,0.7031835205992509,-0.1742715777899945,0.8136511375947996,-0.1027479091995221,0.7888655462184874,-0.11802701115678214,0.9665379665379665,-0.017015706806282723,0.9816993464052287,-0.009234828496042216,1.0682788051209104,0.033012379642365884,0.9947019867549669,-0.0026560424966799467,0.9283065512978986,-0.03717948717948718
3.09,22,17,102,213,118,91,12,15,11,25,-0.287009063,0.4788732394366197,-0.3523809523809524,0.864406779661017,-0.07272727272727272,1.120879120879121,0.05699481865284974,8.5,0.7894736842105263,6.8,0.7435897435897436,9.272727272727273,0.8053097345132744,4.08,0.6062992125984252,4.636363636363637,0.6451612903225806,6.0,0.7142857142857143,2.088235294117647,0.3523809523809524,1.805084745762712,0.28700906344410876,2.340659340659341,0.40131578947368424,17.75,0.8933333333333333,14.2,0.868421052631579,19.363636363636363,0.9017857142857143,8.52,0.7899159663865546,9.681818181818182,0.8127659574468085,12.529411764705882,0.8521739130434782,1.1568627450980393,0.07272727272727272,0.5539906103286385,-0.28700906344410876,1.2967032967032968,0.1291866028708134,9.833333333333334,0.8153846153846154,7.866666666666666,0.7744360902255639,10.727272727272727,0.8294573643410853,4.72,0.6503496503496503,5.363636363636363,0.6857142857142857,6.9411764705882355,0.7481481481481481,0.8921568627450981,-0.05699481865284974,0.4272300469483568,-0.40131578947368424,0.7711864406779662,-0.1291866028708134,7.583333333333333,0.7669902912621359,6.066666666666666,0.7169811320754716,8.272727272727273,0.7843137254901961,3.64,0.5689655172413793,4.136363636363637,0.6106194690265486,5.352941176470588,0.6851851851851852,0.11764705882352941,-0.7894736842105263,0.056338028169014086,-0.8933333333333333,0.1016949152542373,-0.8153846153846154,0.13186813186813187,-0.7669902912621359,0.8,-0.1111111111111111,1.0909090909090908,0.043478260869565216,0.48,-0.35135135135135137,0.5454545454545454,-0.29411764705882354,0.7058823529411765,-0.1724137931034483,0.14705882352941177,-0.7435897435897436,0.07042253521126761,-0.868421052631579,0.1271186440677966,-0.7744360902255639,0.16483516483516483,-0.7169811320754716,1.25,0.1111111111111111,1.3636363636363635,0.15384615384615385,0.6,-0.25,0.6818181818181818,-0.1891891891891892,0.8823529411764706,-0.0625,0.10784313725490197,-0.8053097345132744,0.051643192488262914,-0.9017857142857143,0.09322033898305085,-0.8294573643410853,0.12087912087912088,-0.7843137254901961,0.9166666666666666,-0.043478260869565216,0.7333333333333333,-0.15384615384615385,0.44,-0.3888888888888889,0.5,-0.3333333333333333,0.6470588235294118,-0.21428571428571427,0.24509803921568626,-0.6062992125984252,0.11737089201877934,-0.7899159663865546,0.211864406779661,-0.6503496503496503,0.27472527472527475,-0.5689655172413793,2.0833333333333335,0.35135135135135137,1.6666666666666667,0.25,2.272727272727273,0.3888888888888889,1.1363636363636365,0.06382978723404255,1.4705882352941178,0.19047619047619047,0.21568627450980393,-0.6451612903225806,0.10328638497652583,-0.8127659574468085,0.1864406779661017,-0.6857142857142857,0.24175824175824176,-0.6106194690265486,1.8333333333333333,0.29411764705882354,1.4666666666666666,0.1891891891891892,2.0,0.3333333333333333,0.88,-0.06382978723404255,1.2941176470588236,0.1282051282051282,0.16666666666666666,-0.7142857142857143,0.07981220657276995,-0.8521739130434782,0.1440677966101695,-0.7481481481481481,0.18681318681318682,-0.6851851851851852,1.4166666666666667,0.1724137931034483,1.1333333333333333,0.0625,1.5454545454545454,0.21428571428571427,0.68,-0.19047619047619047,0.7727272727272727,-0.1282051282051282
2.31,69,59,193,435,224,207,62,69,54,46,-0.320182094,0.4436781609195402,-0.3853503184713376,0.8616071428571429,-0.07434052757793765,0.9323671497584541,-0.035,3.1129032258064515,0.5137254901960784,2.7971014492753623,0.4732824427480916,3.574074074074074,0.562753036437247,4.195652173913044,0.6150627615062761,2.7971014492753623,0.4732824427480916,3.2711864406779663,0.5317460317460317,2.2538860103626943,0.3853503184713376,1.9419642857142858,0.3201820940819423,2.101449275362319,0.35514018691588783,7.016129032258065,0.7505030181086519,6.304347826086956,0.7261904761904762,8.055555555555555,0.7791411042944786,9.456521739130435,0.8087318087318087,6.304347826086956,0.7261904761904762,7.372881355932203,0.7611336032388664,1.160621761658031,0.07434052757793765,0.5149425287356322,-0.3201820940819423,1.0821256038647342,0.03944315545243619,3.6129032258064515,0.5664335664335665,3.246376811594203,0.5290102389078498,4.148148148148148,0.6115107913669064,4.869565217391305,0.6592592592592592,3.246376811594203,0.5290102389078498,3.7966101694915255,0.5830388692579506,1.072538860103627,0.035,0.47586206896551725,-0.35514018691588783,0.9241071428571429,-0.03944315545243619,3.338709677419355,0.5390334572490706,3.0,0.5,3.8333333333333335,0.5862068965517241,4.5,0.6363636363636364,3.0,0.5,3.5084745762711864,0.556390977443609,0.32124352331606215,-0.5137254901960784,0.1425287356321839,-0.7505030181086519,0.2767857142857143,-0.5664335664335665,0.2995169082125604,-0.5390334572490706,0.8985507246376812,-0.05343511450381679,1.1481481481481481,0.06896551724137931,1.3478260869565217,0.14814814814814814,0.8985507246376812,-0.05343511450381679,1.0508474576271187,0.024793388429752067,0.35751295336787564,-0.4732824427480916,0.15862068965517243,-0.7261904761904762,0.3080357142857143,-0.5290102389078498,0.3333333333333333,-0.5,1.1129032258064515,0.05343511450381679,1.2777777777777777,0.12195121951219512,1.5,0.2,1.0,0.0,1.1694915254237288,0.078125,0.27979274611398963,-0.562753036437247,0.12413793103448276,-0.7791411042944786,0.24107142857142858,-0.6115107913669064,0.2608695652173913,-0.5862068965517241,0.8709677419354839,-0.06896551724137931,0.782608695652174,-0.12195121951219512,1.173913043478261,0.08,0.782608695652174,-0.12195121951219512,0.9152542372881356,-0.04424778761061947,0.23834196891191708,-0.6150627615062761,0.10574712643678161,-0.8087318087318087,0.20535714285714285,-0.6592592592592592,0.2222222222222222,-0.6363636363636364,0.7419354838709677,-0.14814814814814814,0.6666666666666666,-0.2,0.8518518518518519,-0.08,0.6666666666666666,-0.2,0.7796610169491526,-0.12380952380952381,0.35751295336787564,-0.4732824427480916,0.15862068965517243,-0.7261904761904762,0.3080357142857143,-0.5290102389078498,0.3333333333333333,-0.5,1.1129032258064515,0.05343511450381679,1.0,0.0,1.2777777777777777,0.12195121951219512,1.5,0.2,1.1694915254237288,0.078125,0.30569948186528495,-0.5317460317460317,0.135632183908046,-0.7611336032388664,0.26339285714285715,-0.5830388692579506,0.28502415458937197,-0.556390977443609,0.9516129032258065,-0.024793388429752067,0.855072463768116,-0.078125,1.0925925925925926,0.04424778761061947,1.2826086956521738,0.12380952380952381,0.855072463768116,-0.078125
2.05,53,41,223,426,238,200,46,40,43,36,-0.28313253,0.5234741784037559,-0.31278890600924497,0.9369747899159664,-0.03253796095444685,1.115,0.054373522458628844,4.8478260869565215,0.6579925650557621,5.575,0.6958174904942965,5.186046511627907,0.6766917293233082,6.194444444444445,0.722007722007722,4.2075471698113205,0.6159420289855072,5.439024390243903,0.6893939393939394,1.9103139013452914,0.31278890600924497,1.7899159663865547,0.28313253012048195,2.13,0.3610223642172524,9.26086956521739,0.8050847457627118,10.65,0.8283261802575107,9.906976744186046,0.8166311300639659,11.833333333333334,0.8441558441558441,8.037735849056604,0.778705636743215,10.390243902439025,0.8244111349036403,1.0672645739910314,0.03253796095444685,0.5586854460093896,-0.28313253012048195,1.19,0.0867579908675799,5.173913043478261,0.676056338028169,5.95,0.7122302158273381,5.534883720930233,0.693950177935943,6.611111111111111,0.7372262773722628,4.490566037735849,0.6357388316151202,5.804878048780488,0.7060931899641577,0.8968609865470852,-0.054373522458628844,0.4694835680751174,-0.3610223642172524,0.8403361344537815,-0.0867579908675799,4.3478260869565215,0.6260162601626016,5.0,0.6666666666666666,4.651162790697675,0.6460905349794238,5.555555555555555,0.6949152542372882,3.7735849056603774,0.5810276679841897,4.878048780487805,0.6597510373443983,0.2062780269058296,-0.6579925650557621,0.107981220657277,-0.8050847457627118,0.19327731092436976,-0.676056338028169,0.23,-0.6260162601626016,1.15,0.06976744186046512,1.069767441860465,0.033707865168539325,1.2777777777777777,0.12195121951219512,0.8679245283018868,-0.0707070707070707,1.1219512195121952,0.05747126436781609,0.17937219730941703,-0.6958174904942965,0.09389671361502347,-0.8283261802575107,0.16806722689075632,-0.7122302158273381,0.2,-0.6666666666666666,0.8695652173913043,-0.06976744186046512,0.9302325581395349,-0.03614457831325301,1.1111111111111112,0.05263157894736842,0.7547169811320755,-0.13978494623655913,0.975609756097561,-0.012345679012345678,0.19282511210762332,-0.6766917293233082,0.10093896713615023,-0.8166311300639659,0.18067226890756302,-0.693950177935943,0.215,-0.6460905349794238,0.9347826086956522,-0.033707865168539325,1.075,0.03614457831325301,1.1944444444444444,0.08860759493670886,0.8113207547169812,-0.10416666666666667,1.048780487804878,0.023809523809523808,0.16143497757847533,-0.722007722007722,0.08450704225352113,-0.8441558441558441,0.15126050420168066,-0.7372262773722628,0.18,-0.6949152542372882,0.782608695652174,-0.12195121951219512,0.9,-0.05263157894736842,0.8372093023255814,-0.08860759493670886,0.6792452830188679,-0.19101123595505617,0.8780487804878049,-0.06493506493506493,0.23766816143497757,-0.6159420289855072,0.12441314553990611,-0.778705636743215,0.22268907563025211,-0.6357388316151202,0.265,-0.5810276679841897,1.1521739130434783,0.0707070707070707,1.325,0.13978494623655913,1.2325581395348837,0.10416666666666667,1.4722222222222223,0.19101123595505617,1.2926829268292683,0.1276595744680851,0.18385650224215247,-0.6893939393939394,0.09624413145539906,-0.8244111349036403,0.1722689075630252,-0.7060931899641577,0.205,-0.6597510373443983,0.8913043478260869,-0.05747126436781609,1.025,0.012345679012345678,0.9534883720930233,-0.023809523809523808,1.1388888888888888,0.06493506493506493,0.7735849056603774,-0.1276595744680851
1.17,1864,2176,680,1081,1339,1621,1719,1994,752,2196,0.10661157,0.6290471785383904,-0.2277115275411698,0.5078416728902165,-0.32639920752847945,0.41949413942011105,-0.40895262929161236,0.3955788248981966,-0.433097123801584,0.3410230692076229,-0.4913986537023186,0.9042553191489362,-0.05027932960893855,0.30965391621129323,-0.5271210013908206,0.3648068669527897,-0.46540880503144655,0.3125,-0.5238095238095238,1.589705882352941,0.2277115275411698,0.8073188946975355,-0.10661157024793388,0.6668723010487353,-0.1998519615099926,0.6288539848749273,-0.22785714285714287,0.5421263791374122,-0.2969105691056911,1.4375,0.1794871794871795,0.49225865209471764,-0.34025022886786693,0.5799356223175965,-0.265874363327674,0.4967830882352941,-0.33619895609456557,1.9691176470588236,0.32639920752847945,1.238667900092507,0.10661157024793388,0.8260333127698951,-0.09527027027027027,0.7789412449098313,-0.12426422498364945,0.6715145436308927,-0.19651965196519652,1.7805851063829787,0.28072692491630796,0.6097449908925319,-0.24243281471004244,0.7183476394849786,-0.16390883546674992,0.6153492647058824,-0.23812233285917497,2.3838235294117647,0.40895262929161236,1.4995374653098983,0.1998519615099926,1.210604929051531,0.09527027027027027,0.9429901105293775,-0.029341317365269463,0.8129388164493481,-0.10318118948824342,2.1555851063829787,0.3662031184155078,0.73816029143898,-0.15064186533927168,0.8696351931330472,-0.06972740315638451,0.7449448529411765,-0.14616802739004478,2.527941176470588,0.433097123801584,1.5901942645698428,0.22785714285714287,1.2837938760268857,0.12426422498364945,1.0604565083281925,0.029341317365269463,0.8620862587763289,-0.07406409911123081,2.285904255319149,0.3913395386483205,0.7827868852459017,-0.12183908045977011,0.9222103004291845,-0.04046888082612336,0.7899816176470589,-0.11732991014120668,2.9323529411764704,0.4913986537023186,1.8445883441258095,0.2969105691056911,1.4891710231516058,0.19651965196519652,1.230104873534855,0.10318118948824342,1.159976730657359,0.07406409911123081,2.651595744680851,0.45229424617625635,0.9080145719489982,-0.04821002386634845,1.0697424892703862,0.033696215655780196,0.9163602941176471,-0.04364508393285372,1.1058823529411765,0.05027932960893855,0.6956521739130435,-0.1794871794871795,0.561613144137416,-0.28072692491630796,0.4639111659469463,-0.3662031184155078,0.4374636416521233,-0.3913395386483205,0.37713139418254765,-0.45229424617625635,0.3424408014571949,-0.4898236092265943,0.4034334763948498,-0.42507645259938837,0.34558823529411764,-0.48633879781420764,3.2294117647058824,0.5271210013908206,2.0314523589269196,0.34025022886786693,1.6400298730395817,0.24243281471004244,1.3547193090684762,0.15064186533927168,1.2774869109947644,0.12183908045977011,1.1013039117352057,0.04821002386634845,2.9202127659574466,0.4898236092265943,1.1781115879828326,0.08177339901477833,1.0091911764705883,0.004574565416285453,2.7411764705882353,0.46540880503144655,1.7243293246993525,0.265874363327674,1.3920836445108289,0.16390883546674992,1.1499074645280691,0.06972740315638451,1.0843513670738802,0.04046888082612336,0.9348044132397192,-0.033696215655780196,2.478723404255319,0.42507645259938837,0.848816029143898,-0.08177339901477833,0.8566176470588235,-0.07722772277227723,3.2,0.5238095238095238,2.0129509713228493,0.33619895609456557,1.625093353248693,0.23812233285917497,1.3423812461443554,0.14616802739004478,1.265852239674229,0.11732991014120668,1.0912738214643931,0.04364508393285372,2.893617021276596,0.48633879781420764,0.9908925318761385,-0.004574565416285453,1.167381974248927,0.07722772277227723
2.21,60,59,508,666,301,231,90,84,73,59,-0.37745605,0.7627627627627628,-0.13458262350936967,1.6877076411960132,0.2558714462299135,2.1991341991341993,0.37483085250338294,5.644444444444445,0.6989966555183946,6.0476190476190474,0.7162162162162162,6.958904109589041,0.7487091222030982,8.610169491525424,0.7918871252204586,8.466666666666667,0.7887323943661971,8.610169491525424,0.7918871252204586,1.311023622047244,0.13458262350936967,2.212624584717608,0.37745604963805585,2.883116883116883,0.48494983277591974,7.4,0.7619047619047619,7.928571428571429,0.776,9.123287671232877,0.8024357239512855,11.288135593220339,0.8372413793103448,11.1,0.8347107438016529,11.288135593220339,0.8372413793103448,0.59251968503937,-0.2558714462299135,0.4519519519519519,-0.37745604963805585,1.303030303030303,0.13157894736842105,3.3444444444444446,0.5396419437340153,3.5833333333333335,0.5636363636363636,4.123287671232877,0.6096256684491979,5.101694915254237,0.6722222222222223,5.016666666666667,0.667590027700831,5.101694915254237,0.6722222222222223,0.4547244094488189,-0.37483085250338294,0.34684684684684686,-0.48494983277591974,0.7674418604651163,-0.13157894736842105,2.566666666666667,0.4392523364485981,2.75,0.4666666666666667,3.164383561643836,0.5197368421052632,3.9152542372881354,0.593103448275862,3.85,0.5876288659793815,3.9152542372881354,0.593103448275862,0.17716535433070865,-0.6989966555183946,0.13513513513513514,-0.7619047619047619,0.29900332225913623,-0.5396419437340153,0.38961038961038963,-0.4392523364485981,1.0714285714285714,0.034482758620689655,1.2328767123287672,0.10429447852760736,1.5254237288135593,0.2080536912751678,1.5,0.2,1.5254237288135593,0.2080536912751678,0.16535433070866143,-0.7162162162162162,0.12612612612612611,-0.776,0.27906976744186046,-0.5636363636363636,0.36363636363636365,-0.4666666666666667,0.9333333333333333,-0.034482758620689655,1.1506849315068493,0.07006369426751592,1.423728813559322,0.17482517482517482,1.4,0.16666666666666666,1.423728813559322,0.17482517482517482,0.1437007874015748,-0.7487091222030982,0.10960960960960961,-0.8024357239512855,0.2425249169435216,-0.6096256684491979,0.31601731601731603,-0.5197368421052632,0.8111111111111111,-0.10429447852760736,0.8690476190476191,-0.07006369426751592,1.2372881355932204,0.10606060606060606,1.2166666666666666,0.09774436090225563,1.2372881355932204,0.10606060606060606,0.11614173228346457,-0.7918871252204586,0.08858858858858859,-0.8372413793103448,0.19601328903654486,-0.6722222222222223,0.2554112554112554,-0.593103448275862,0.6555555555555556,-0.2080536912751678,0.7023809523809523,-0.17482517482517482,0.8082191780821918,-0.10606060606060606,0.9833333333333333,-0.008403361344537815,1.0,0.0,0.11811023622047244,-0.7887323943661971,0.09009009009009009,-0.8347107438016529,0.19933554817275748,-0.667590027700831,0.2597402597402597,-0.5876288659793815,0.6666666666666666,-0.2,0.7142857142857143,-0.16666666666666666,0.821917808219178,-0.09774436090225563,1.0169491525423728,0.008403361344537815,1.0169491525423728,0.008403361344537815,0.11614173228346457,-0.7918871252204586,0.08858858858858859,-0.8372413793103448,0.19601328903654486,-0.6722222222222223,0.2554112554112554,-0.593103448275862,0.6555555555555556,-0.2080536912751678,0.7023809523809523,-0.17482517482517482,0.8082191780821918,-0.10606060606060606,1.0,0.0,0.9833333333333333,-0.008403361344537815
2.07,100,87,379,576,331,263,125,124,118,117,-0.270121279,0.6579861111111112,-0.20628272251308902,1.1450151057401812,0.0676056338028169,1.44106463878327,0.1806853582554517,3.032,0.503968253968254,3.056451612903226,0.5069582504970179,3.211864406779661,0.5251509054325956,3.2393162393162394,0.5282258064516129,3.79,0.5824634655532359,4.35632183908046,0.6266094420600858,1.5197889182058046,0.20628272251308902,1.7401812688821752,0.2701212789415656,2.1901140684410647,0.3730631704410012,4.608,0.6433666191155493,4.645161290322581,0.6457142857142857,4.88135593220339,0.659942363112392,4.923076923076923,0.6623376623376623,5.76,0.7041420118343196,6.620689655172414,0.7375565610859729,0.8733509234828496,-0.0676056338028169,0.5746527777777778,-0.2701212789415656,1.258555133079848,0.11447811447811448,2.648,0.4517543859649123,2.6693548387096775,0.45494505494505494,2.805084745762712,0.47438752783964366,2.8290598290598292,0.47767857142857145,3.31,0.5359628770301624,3.8045977011494254,0.583732057416268,0.6939313984168866,-0.1806853582554517,0.4565972222222222,-0.3730631704410012,0.7945619335347432,-0.11447811447811448,2.104,0.3556701030927835,2.120967741935484,0.35917312661498707,2.2288135593220337,0.3805774278215223,2.247863247863248,0.38421052631578945,2.63,0.4490358126721763,3.0229885057471266,0.5028571428571429,0.32981530343007914,-0.503968253968254,0.2170138888888889,-0.6433666191155493,0.3776435045317221,-0.4517543859649123,0.4752851711026616,-0.3556701030927835,1.0080645161290323,0.004016064257028112,1.0593220338983051,0.02880658436213992,1.0683760683760684,0.03305785123966942,1.25,0.1111111111111111,1.4367816091954022,0.1792452830188679,0.32717678100263853,-0.5069582504970179,0.2152777777777778,-0.6457142857142857,0.37462235649546827,-0.45494505494505494,0.4714828897338403,-0.35917312661498707,0.992,-0.004016064257028112,1.0508474576271187,0.024793388429752067,1.0598290598290598,0.029045643153526972,1.24,0.10714285714285714,1.4252873563218391,0.17535545023696683,0.3113456464379947,-0.5251509054325956,0.2048611111111111,-0.659942363112392,0.3564954682779456,-0.47438752783964366,0.44866920152091255,-0.3805774278215223,0.944,-0.02880658436213992,0.9516129032258065,-0.024793388429752067,1.0085470085470085,0.00425531914893617,1.18,0.08256880733944955,1.3563218390804597,0.15121951219512195,0.3087071240105541,-0.5282258064516129,0.203125,-0.6623376623376623,0.35347432024169184,-0.47767857142857145,0.4448669201520912,-0.38421052631578945,0.936,-0.03305785123966942,0.9435483870967742,-0.029045643153526972,0.9915254237288136,-0.00425531914893617,1.17,0.07834101382488479,1.3448275862068966,0.14705882352941177,0.2638522427440633,-0.5824634655532359,0.1736111111111111,-0.7041420118343196,0.3021148036253776,-0.5359628770301624,0.38022813688212925,-0.4490358126721763,0.8,-0.1111111111111111,0.8064516129032258,-0.10714285714285714,0.847457627118644,-0.08256880733944955,0.8547008547008547,-0.07834101382488479,1.1494252873563218,0.06951871657754011,0.22955145118733508,-0.6266094420600858,0.15104166666666666,-0.7375565610859729,0.2628398791540785,-0.583732057416268,0.33079847908745247,-0.5028571428571429,0.696,-0.1792452830188679,0.7016129032258065,-0.17535545023696683,0.7372881355932204,-0.15121951219512195,0.7435897435897436,-0.14705882352941177,0.87,-0.06951871657754011
69.89,226,184,518,649,429,381,235,242,251,224,-0.204081633,0.7981510015408321,-0.11225364181662383,1.2074592074592074,0.09398099260823653,1.3595800524934383,0.15239154616240266,2.204255319148936,0.3758300132802125,2.1404958677685952,0.3631578947368421,2.0637450199203187,0.3472041612483745,2.3125,0.39622641509433965,2.2920353982300883,0.3924731182795699,2.8152173913043477,0.4757834757834758,1.252895752895753,0.11225364181662383,1.5128205128205128,0.20408163265306123,1.7034120734908136,0.26019417475728157,2.7617021276595746,0.4683257918552036,2.6818181818181817,0.4567901234567901,2.585657370517928,0.44222222222222224,2.8973214285714284,0.4868270332187858,2.8716814159292037,0.48342857142857143,3.527173913043478,0.5582232893157263,0.8281853281853282,-0.09398099260823653,0.6610169491525424,-0.20408163265306123,1.125984251968504,0.05925925925925926,1.825531914893617,0.2921686746987952,1.7727272727272727,0.2786885245901639,1.7091633466135459,0.26176470588235295,1.9151785714285714,0.31393568147013784,1.8982300884955752,0.3099236641221374,2.3315217391304346,0.399673735725938,0.7355212355212355,-0.15239154616240266,0.5870570107858244,-0.26019417475728157,0.8881118881118881,-0.05925925925925926,1.6212765957446809,0.237012987012987,1.5743801652892562,0.2231139646869984,1.5179282868525896,0.20569620253164558,1.7008928571428572,0.25950413223140495,1.6858407079646018,0.2553542009884679,2.0706521739130435,0.3486725663716814,0.45366795366795365,-0.3758300132802125,0.362095531587057,-0.4683257918552036,0.5477855477855478,-0.2921686746987952,0.6167979002624672,-0.237012987012987,0.9710743801652892,-0.014675052410901468,0.9362549800796812,-0.03292181069958848,1.0491071428571428,0.023965141612200435,1.0398230088495575,0.019522776572668113,1.2771739130434783,0.12171837708830549,0.4671814671814672,-0.3631578947368421,0.3728813559322034,-0.4567901234567901,0.5641025641025641,-0.2786885245901639,0.6351706036745407,-0.2231139646869984,1.0297872340425531,0.014675052410901468,0.9641434262948207,-0.018255578093306288,1.0803571428571428,0.03862660944206009,1.0707964601769913,0.03418803418803419,1.315217391304348,0.13615023474178403,0.48455598455598453,-0.3472041612483745,0.386748844375963,-0.44222222222222224,0.585081585081585,-0.26176470588235295,0.6587926509186351,-0.20569620253164558,1.0680851063829788,0.03292181069958848,1.037190082644628,0.018255578093306288,1.1205357142857142,0.056842105263157895,1.1106194690265487,0.05241090146750524,1.3641304347826086,0.15402298850574714,0.43243243243243246,-0.39622641509433965,0.34514637904468415,-0.4868270332187858,0.5221445221445221,-0.31393568147013784,0.5879265091863517,-0.25950413223140495,0.9531914893617022,-0.023965141612200435,0.9256198347107438,-0.03862660944206009,0.8924302788844621,-0.056842105263157895,0.9911504424778761,-0.0044444444444444444,1.2173913043478262,0.09803921568627451,0.4362934362934363,-0.3924731182795699,0.34822804314329736,-0.48342857142857143,0.5268065268065268,-0.3099236641221374,0.5931758530183727,-0.2553542009884679,0.9617021276595744,-0.019522776572668113,0.9338842975206612,-0.03418803418803419,0.900398406374502,-0.05241090146750524,1.0089285714285714,0.0044444444444444444,1.2282608695652173,0.1024390243902439,0.3552123552123552,-0.4757834757834758,0.2835130970724191,-0.5582232893157263,0.4289044289044289,-0.399673735725938,0.48293963254593175,-0.3486725663716814,0.7829787234042553,-0.12171837708830549,0.7603305785123967,-0.13615023474178403,0.7330677290836654,-0.15402298850574714,0.8214285714285714,-0.09803921568627451,0.8141592920353983,-0.1024390243902439
1.32,135,114,297,431,232,198,92,96,76,97,-0.30015083,0.6890951276102089,-0.18406593406593408,1.2801724137931034,0.12287334593572778,1.5,0.2,3.2282608695652173,0.5269922879177378,3.09375,0.5114503816793893,3.9078947368421053,0.5924932975871313,3.0618556701030926,0.5076142131979695,2.2,0.375,2.6052631578947367,0.44525547445255476,1.4511784511784511,0.18406593406593408,1.8577586206896552,0.30015082956259426,2.176767676767677,0.37042925278219396,4.684782608695652,0.6481835564053537,4.489583333333333,0.635673624288425,5.671052631578948,0.7001972386587771,4.443298969072165,0.6325757575757576,3.1925925925925926,0.5229681978798587,3.780701754385965,0.581651376146789,0.7811447811447811,-0.12287334593572778,0.5382830626450116,-0.30015082956259426,1.1717171717171717,0.07906976744186046,2.5217391304347827,0.43209876543209874,2.4166666666666665,0.4146341463414634,3.0526315789473686,0.5064935064935064,2.3917525773195876,0.41033434650455924,1.7185185185185186,0.26430517711171664,2.0350877192982457,0.34104046242774566,0.6666666666666666,-0.2,0.4593967517401392,-0.37042925278219396,0.853448275862069,-0.07906976744186046,2.152173913043478,0.36551724137931035,2.0625,0.3469387755102041,2.6052631578947367,0.44525547445255476,2.0412371134020617,0.3423728813559322,1.4666666666666666,0.1891891891891892,1.736842105263158,0.2692307692307692,0.30976430976430974,-0.5269922879177378,0.21345707656612528,-0.6481835564053537,0.39655172413793105,-0.43209876543209874,0.46464646464646464,-0.36551724137931035,0.9583333333333334,-0.02127659574468085,1.2105263157894737,0.09523809523809523,0.9484536082474226,-0.026455026455026454,0.6814814814814815,-0.1894273127753304,0.8070175438596491,-0.10679611650485436,0.32323232323232326,-0.5114503816793893,0.22273781902552203,-0.635673624288425,0.41379310344827586,-0.4146341463414634,0.48484848484848486,-0.3469387755102041,1.0434782608695652,0.02127659574468085,1.263157894736842,0.11627906976744186,0.9896907216494846,-0.0051813471502590676,0.7111111111111111,-0.16883116883116883,0.8421052631578947,-0.08571428571428572,0.2558922558922559,-0.5924932975871313,0.17633410672853828,-0.7001972386587771,0.3275862068965517,-0.5064935064935064,0.3838383838383838,-0.44525547445255476,0.8260869565217391,-0.09523809523809523,0.7916666666666666,-0.11627906976744186,0.7835051546391752,-0.12138728323699421,0.562962962962963,-0.2796208530805687,0.6666666666666666,-0.2,0.3265993265993266,-0.5076142131979695,0.22505800464037123,-0.6325757575757576,0.41810344827586204,-0.41033434650455924,0.4898989898989899,-0.3423728813559322,1.0543478260869565,0.026455026455026454,1.0104166666666667,0.0051813471502590676,1.2763157894736843,0.12138728323699421,0.7185185185185186,-0.16379310344827586,0.8508771929824561,-0.08056872037914692,0.45454545454545453,-0.375,0.31322505800464034,-0.5229681978798587,0.5818965517241379,-0.26430517711171664,0.6818181818181818,-0.1891891891891892,1.4673913043478262,0.1894273127753304,1.40625,0.16883116883116883,1.7763157894736843,0.2796208530805687,1.3917525773195876,0.16379310344827586,1.1842105263157894,0.08433734939759036,0.3838383838383838,-0.44525547445255476,0.26450116009280744,-0.581651376146789,0.49137931034482757,-0.34104046242774566,0.5757575757575758,-0.2692307692307692,1.2391304347826086,0.10679611650485436,1.1875,0.08571428571428572,1.5,0.2,1.175257731958763,0.08056872037914692,0.8444444444444444,-0.08433734939759036
1.47,230,203,471,614,393,359,270,243,264,244,-0.219463754,0.7671009771986971,-0.13179723502304147,1.1984732824427482,0.09027777777777778,1.3119777158774373,0.13493975903614458,1.7444444444444445,0.27125506072874495,1.9382716049382716,0.31932773109243695,1.7840909090909092,0.2816326530612245,1.930327868852459,0.3174825174825175,2.0478260869565217,0.3437945791726106,2.3201970443349755,0.39762611275964393,1.3036093418259023,0.13179723502304147,1.5623409669211197,0.21946375372393248,1.7103064066852367,0.2620760534429599,2.274074074074074,0.3891402714932127,2.5267489711934155,0.4329054842473746,2.3257575757575757,0.39863325740318906,2.5163934426229506,0.43123543123543123,2.6695652173913045,0.4549763033175355,3.0246305418719213,0.5030599755201959,0.8343949044585988,-0.09027777777777778,0.6400651465798045,-0.21946375372393248,1.0947075208913648,0.04521276595744681,1.4555555555555555,0.18552036199095023,1.617283950617284,0.2358490566037736,1.4886363636363635,0.1963470319634703,1.610655737704918,0.23390894819466249,1.708695652173913,0.26163723916532905,1.935960591133005,0.3187919463087248,0.7622080679405521,-0.13493975903614458,0.5846905537459284,-0.2620760534429599,0.9134860050890585,-0.04521276595744681,1.3296296296296297,0.14149443561208266,1.477366255144033,0.19269102990033224,1.3598484848484849,0.15248796147672553,1.471311475409836,0.19071310116086235,1.5608695652173914,0.21901528013582344,1.7684729064039408,0.2775800711743772,0.5732484076433121,-0.27125506072874495,0.43973941368078173,-0.3891402714932127,0.6870229007633588,-0.18552036199095023,0.7520891364902507,-0.14149443561208266,1.1111111111111112,0.05263157894736842,1.0227272727272727,0.011235955056179775,1.1065573770491803,0.05058365758754864,1.173913043478261,0.08,1.3300492610837438,0.1416490486257928,0.5159235668789809,-0.31932773109243695,0.3957654723127036,-0.4329054842473746,0.6183206106870229,-0.2358490566037736,0.6768802228412256,-0.19269102990033224,0.9,-0.05263157894736842,0.9204545454545454,-0.04142011834319527,0.9959016393442623,-0.002053388090349076,1.0565217391304347,0.02748414376321353,1.1970443349753694,0.08968609865470852,0.5605095541401274,-0.2816326530612245,0.42996742671009774,-0.39863325740318906,0.6717557251908397,-0.1963470319634703,0.7353760445682451,-0.15248796147672553,0.9777777777777777,-0.011235955056179775,1.0864197530864197,0.04142011834319527,1.0819672131147542,0.03937007874015748,1.1478260869565218,0.06882591093117409,1.3004926108374384,0.13062098501070663,0.5180467091295117,-0.3174825174825175,0.3973941368078176,-0.43123543123543123,0.6208651399491094,-0.23390894819466249,0.6796657381615598,-0.19071310116086235,0.9037037037037037,-0.05058365758754864,1.0041152263374487,0.002053388090349076,0.9242424242424242,-0.03937007874015748,1.0608695652173914,0.029535864978902954,1.2019704433497538,0.09172259507829977,0.4883227176220807,-0.3437945791726106,0.3745928338762215,-0.4549763033175355,0.5852417302798982,-0.26163723916532905,0.6406685236768802,-0.21901528013582344,0.8518518518518519,-0.08,0.9465020576131687,-0.02748414376321353,0.8712121212121212,-0.06882591093117409,0.9426229508196722,-0.029535864978902954,1.1330049261083743,0.06235565819861432,0.4309978768577495,-0.39762611275964393,0.3306188925081433,-0.5030599755201959,0.5165394402035624,-0.3187919463087248,0.5654596100278552,-0.2775800711743772,0.7518518518518519,-0.1416490486257928,0.8353909465020576,-0.08968609865470852,0.7689393939393939,-0.13062098501070663,0.8319672131147541,-0.09172259507829977,0.8826086956521739,-0.06235565819861432
2.65,250,217,539,659,448,403,293,294,321,293,-0.190605239,0.8179059180576631,-0.1001669449081803,1.203125,0.09219858156028368,1.337468982630273,0.14437367303609341,1.8395904436860069,0.2956730769230769,1.8333333333333333,0.29411764705882354,1.679127725856698,0.2534883720930233,1.8395904436860069,0.2956730769230769,2.156,0.36628643852978454,2.4838709677419355,0.42592592592592593,1.2226345083487942,0.1001669449081803,1.4709821428571428,0.19060523938572718,1.6352357320099256,0.24105461393596986,2.249146757679181,0.38445378151260506,2.241496598639456,0.3830010493179433,2.0529595015576323,0.3448979591836735,2.249146757679181,0.38445378151260506,2.636,0.44994499449944997,3.0368663594470044,0.5045662100456622,0.8311688311688312,-0.09219858156028368,0.6798179059180577,-0.19060523938572718,1.1116625310173698,0.052878965922444184,1.52901023890785,0.20917678812415655,1.5238095238095237,0.20754716981132076,1.395638629283489,0.16514954486345904,1.52901023890785,0.20917678812415655,1.792,0.2836676217765043,2.064516129032258,0.3473684210526316,0.7476808905380334,-0.14437367303609341,0.6115326251896813,-0.24105461393596986,0.8995535714285714,-0.052878965922444184,1.3754266211604096,0.15804597701149425,1.370748299319728,0.1563845050215208,1.2554517133956387,0.1132596685082873,1.3754266211604096,0.15804597701149425,1.612,0.2343032159264931,1.8571428571428572,0.3,0.5435992578849722,-0.2956730769230769,0.44461305007587254,-0.38445378151260506,0.6540178571428571,-0.20917678812415655,0.7270471464019851,-0.15804597701149425,0.9965986394557823,-0.0017035775127768314,0.9127725856697819,-0.04560260586319218,1.0,0.0,1.172,0.07918968692449356,1.3502304147465438,0.14901960784313725,0.5454545454545454,-0.29411764705882354,0.44613050075872535,-0.3830010493179433,0.65625,-0.20754716981132076,0.7295285359801489,-0.1563845050215208,1.0034129692832765,0.0017035775127768314,0.9158878504672897,-0.04390243902439024,1.0034129692832765,0.0017035775127768314,1.176,0.08088235294117647,1.3548387096774193,0.1506849315068493,0.5955473098330241,-0.2534883720930233,0.48710166919575115,-0.3448979591836735,0.7165178571428571,-0.16514954486345904,0.7965260545905707,-0.1132596685082873,1.0955631399317407,0.04560260586319218,1.0918367346938775,0.04390243902439024,1.0955631399317407,0.04560260586319218,1.284,0.1243432574430823,1.4792626728110598,0.19330855018587362,0.5435992578849722,-0.2956730769230769,0.44461305007587254,-0.38445378151260506,0.6540178571428571,-0.20917678812415655,0.7270471464019851,-0.15804597701149425,1.0,0.0,0.9965986394557823,-0.0017035775127768314,0.9127725856697819,-0.04560260586319218,1.172,0.07918968692449356,1.3502304147465438,0.14901960784313725,0.46382189239332094,-0.36628643852978454,0.37936267071320184,-0.44994499449944997,0.5580357142857143,-0.2836676217765043,0.6203473945409429,-0.2343032159264931,0.8532423208191127,-0.07918968692449356,0.8503401360544217,-0.08088235294117647,0.778816199376947,-0.1243432574430823,0.8532423208191127,-0.07918968692449356,1.152073732718894,0.07066381156316917,0.4025974025974026,-0.42592592592592593,0.3292867981790592,-0.5045662100456622,0.484375,-0.3473684210526316,0.5384615384615384,-0.3,0.7406143344709898,-0.14901960784313725,0.7380952380952381,-0.1506849315068493,0.67601246105919,-0.19330855018587362,0.7406143344709898,-0.14901960784313725,0.868,-0.07066381156316917
3.61,101,77,326,434,234,229,101,123,112,101,-0.299401198,0.7511520737327189,-0.14210526315789473,1.393162393162393,0.16428571428571428,1.4235807860262009,0.17477477477477477,3.227722772277228,0.5269320843091335,2.6504065040650406,0.4521158129175947,2.9107142857142856,0.4885844748858447,3.227722772277228,0.5269320843091335,3.227722772277228,0.5269320843091335,4.233766233766234,0.6178660049627791,1.3312883435582823,0.14210526315789473,1.8547008547008548,0.2994011976047904,1.8951965065502183,0.3092006033182504,4.297029702970297,0.6224299065420561,3.5284552845528454,0.5583482944344704,3.875,0.5897435897435898,4.297029702970297,0.6224299065420561,4.297029702970297,0.6224299065420561,5.636363636363637,0.6986301369863014,0.7177914110429447,-0.16428571428571428,0.5391705069124424,-0.2994011976047904,1.0218340611353711,0.01079913606911447,2.3168316831683167,0.3970149253731343,1.9024390243902438,0.31092436974789917,2.0892857142857144,0.35260115606936415,2.3168316831683167,0.3970149253731343,2.3168316831683167,0.3970149253731343,3.038961038961039,0.5048231511254019,0.7024539877300614,-0.17477477477477477,0.5276497695852534,-0.3092006033182504,0.9786324786324786,-0.01079913606911447,2.267326732673267,0.3878787878787879,1.8617886178861789,0.30113636363636365,2.044642857142857,0.34310850439882695,2.267326732673267,0.3878787878787879,2.267326732673267,0.3878787878787879,2.9740259740259742,0.49673202614379086,0.3098159509202454,-0.5269320843091335,0.23271889400921658,-0.6224299065420561,0.43162393162393164,-0.3970149253731343,0.4410480349344978,-0.3878787878787879,0.8211382113821138,-0.09821428571428571,0.9017857142857143,-0.051643192488262914,1.0,0.0,1.0,0.0,1.3116883116883118,0.1348314606741573,0.3773006134969325,-0.4521158129175947,0.2834101382488479,-0.5583482944344704,0.5256410256410257,-0.31092436974789917,0.537117903930131,-0.30113636363636365,1.2178217821782178,0.09821428571428571,1.0982142857142858,0.04680851063829787,1.2178217821782178,0.09821428571428571,1.2178217821782178,0.09821428571428571,1.5974025974025974,0.23,0.34355828220858897,-0.4885844748858447,0.25806451612903225,-0.5897435897435898,0.47863247863247865,-0.35260115606936415,0.4890829694323144,-0.34310850439882695,1.108910891089109,0.051643192488262914,0.9105691056910569,-0.04680851063829787,1.108910891089109,0.051643192488262914,1.108910891089109,0.051643192488262914,1.4545454545454546,0.18518518518518517,0.3098159509202454,-0.5269320843091335,0.23271889400921658,-0.6224299065420561,0.43162393162393164,-0.3970149253731343,0.4410480349344978,-0.3878787878787879,1.0,0.0,0.8211382113821138,-0.09821428571428571,0.9017857142857143,-0.051643192488262914,1.0,0.0,1.3116883116883118,0.1348314606741573,0.3098159509202454,-0.5269320843091335,0.23271889400921658,-0.6224299065420561,0.43162393162393164,-0.3970149253731343,0.4410480349344978,-0.3878787878787879,1.0,0.0,0.8211382113821138,-0.09821428571428571,0.9017857142857143,-0.051643192488262914,1.0,0.0,1.3116883116883118,0.1348314606741573,0.2361963190184049,-0.6178660049627791,0.1774193548387097,-0.6986301369863014,0.32905982905982906,-0.5048231511254019,0.33624454148471616,-0.49673202614379086,0.7623762376237624,-0.1348314606741573,0.6260162601626016,-0.23,0.6875,-0.18518518518518517,0.7623762376237624,-0.1348314606741573,0.7623762376237624,-0.1348314606741573
1.61,778,693,1074,1162,943,957,803,813,816,776,-0.104038005,0.9242685025817556,-0.03935599284436494,1.1389183457051961,0.06494794248884482,1.1222570532915361,0.05760709010339734,1.3374844333748444,0.14437932871603623,1.3210332103321034,0.1383147853736089,1.3161764705882353,0.1365079365079365,1.384020618556701,0.16108108108108107,1.3804627249357326,0.15982721382289417,1.5497835497835497,0.21561969439728354,1.0819366852886405,0.03935599284436494,1.232237539766702,0.10403800475059383,1.2142110762800418,0.09674374705049552,1.4470734744707348,0.1826972010178117,1.4292742927429274,0.17670886075949366,1.4240196078431373,0.17492416582406473,1.4974226804123711,0.19917440660474717,1.493573264781491,0.1979381443298969,1.6767676767676767,0.2528301886792453,0.8780260707635009,-0.06494794248884482,0.8115318416523236,-0.10403800475059383,0.9853709508881923,-0.007368421052631579,1.174346201743462,0.08018327605956473,1.1599015990159902,0.07403189066059225,1.1556372549019607,0.07220011370096646,1.2152061855670102,0.09714950552646888,1.212082262210797,0.09587449157466589,1.3607503607503608,0.1528117359413203,0.8910614525139665,-0.05760709010339734,0.8235800344234079,-0.09674374705049552,1.0148462354188759,0.007368421052631579,1.1917808219178083,0.0875,1.1771217712177122,0.08135593220338982,1.1727941176470589,0.07952622673434856,1.2332474226804124,0.10444316214656665,1.2300771208226222,0.10317002881844381,1.380952380952381,0.16,0.7476722532588455,-0.14437932871603623,0.6910499139414802,-0.1826972010178117,0.8515376458112407,-0.08018327605956473,0.8390804597701149,-0.0875,0.9876998769987699,-0.006188118811881188,0.9840686274509803,-0.008029647930821495,1.0347938144329898,0.017099430018999367,1.032133676092545,0.015812776723592662,1.1587301587301588,0.07352941176470588,0.7569832402234636,-0.1383147853736089,0.6996557659208261,-0.17670886075949366,0.8621420996818664,-0.07403189066059225,0.8495297805642633,-0.08135593220338982,1.012453300124533,0.006188118811881188,0.9963235294117647,-0.001841620626151013,1.047680412371134,0.02328508495909377,1.044987146529563,0.02199874292897549,1.173160173160173,0.0796812749003984,0.7597765363128491,-0.1365079365079365,0.7022375215146299,-0.17492416582406473,0.865323435843054,-0.07220011370096646,0.8526645768025078,-0.07952622673434856,1.016189290161893,0.008029647930821495,1.003690036900369,0.001841620626151013,1.0515463917525774,0.02512562814070352,1.0488431876606683,0.02383939774153074,1.1774891774891776,0.08151093439363817,0.7225325884543762,-0.16108108108108107,0.6678141135972461,-0.19917440660474717,0.8229056203605515,-0.09714950552646888,0.8108672936259144,-0.10444316214656665,0.9663760896637609,-0.017099430018999367,0.9544895448954489,-0.02328508495909377,0.9509803921568627,-0.02512562814070352,0.9974293059125964,-0.001287001287001287,1.1197691197691197,0.05650102110279102,0.7243947858472998,-0.15982721382289417,0.6695352839931153,-0.1979381443298969,0.8250265111346765,-0.09587449157466589,0.812957157784744,-0.10317002881844381,0.9688667496886675,-0.015812776723592662,0.956949569495695,-0.02199874292897549,0.9534313725490197,-0.02383939774153074,1.0025773195876289,0.001287001287001287,1.1226551226551227,0.05778382053025153,0.6452513966480447,-0.21561969439728354,0.5963855421686747,-0.2528301886792453,0.7348886532343585,-0.1528117359413203,0.7241379310344828,-0.16,0.863013698630137,-0.07352941176470588,0.8523985239852399,-0.0796812749003984,0.8492647058823529,-0.08151093439363817,0.8930412371134021,-0.05650102110279102,0.890745501285347,-0.05778382053025153
2.9,74,73,321,485,208,152,59,65,69,62,-0.3997114,0.6618556701030928,-0.20347394540942929,1.5432692307692308,0.21361058601134217,2.111842105263158,0.3572938689217759,5.440677966101695,0.6894736842105263,4.938461538461539,0.6632124352331606,4.6521739130434785,0.6461538461538462,5.17741935483871,0.6762402088772846,4.337837837837838,0.6253164556962025,4.397260273972603,0.6294416243654822,1.5109034267912773,0.20347394540942929,2.331730769230769,0.3997113997113997,3.1907894736842106,0.5227629513343799,8.220338983050848,0.7830882352941176,7.461538461538462,0.7636363636363637,7.028985507246377,0.7509025270758123,7.82258064516129,0.773308957952468,6.554054054054054,0.7352415026833632,6.6438356164383565,0.7383512544802867,0.6479750778816199,-0.21361058601134217,0.4288659793814433,-0.3997113997113997,1.368421052631579,0.15555555555555556,3.5254237288135593,0.5580524344569289,3.2,0.5238095238095238,3.0144927536231885,0.5018050541516246,3.3548387096774195,0.5407407407407407,2.810810810810811,0.475177304964539,2.8493150684931505,0.4804270462633452,0.4735202492211838,-0.3572938689217759,0.3134020618556701,-0.5227629513343799,0.7307692307692307,-0.15555555555555556,2.5762711864406778,0.44075829383886256,2.3384615384615386,0.4009216589861751,2.2028985507246377,0.3755656108597285,2.4516129032258065,0.4205607476635514,2.054054054054054,0.34513274336283184,2.0821917808219177,0.3511111111111111,0.1838006230529595,-0.6894736842105263,0.12164948453608247,-0.7830882352941176,0.28365384615384615,-0.5580524344569289,0.3881578947368421,-0.44075829383886256,0.9076923076923077,-0.04838709677419355,0.855072463768116,-0.078125,0.9516129032258065,-0.024793388429752067,0.7972972972972973,-0.11278195488721804,0.8082191780821918,-0.10606060606060606,0.20249221183800623,-0.6632124352331606,0.13402061855670103,-0.7636363636363637,0.3125,-0.5238095238095238,0.4276315789473684,-0.4009216589861751,1.1016949152542372,0.04838709677419355,0.9420289855072463,-0.029850746268656716,1.0483870967741935,0.023622047244094488,0.8783783783783784,-0.06474820143884892,0.8904109589041096,-0.057971014492753624,0.21495327102803738,-0.6461538461538462,0.1422680412371134,-0.7509025270758123,0.3317307692307692,-0.5018050541516246,0.45394736842105265,-0.3755656108597285,1.1694915254237288,0.078125,1.0615384615384615,0.029850746268656716,1.1129032258064515,0.05343511450381679,0.9324324324324325,-0.03496503496503497,0.9452054794520548,-0.028169014084507043,0.19314641744548286,-0.6762402088772846,0.12783505154639174,-0.773308957952468,0.2980769230769231,-0.5407407407407407,0.40789473684210525,-0.4205607476635514,1.0508474576271187,0.024793388429752067,0.9538461538461539,-0.023622047244094488,0.8985507246376812,-0.05343511450381679,0.8378378378378378,-0.08823529411764706,0.8493150684931506,-0.08148148148148149,0.23052959501557632,-0.6253164556962025,0.15257731958762888,-0.7352415026833632,0.3557692307692308,-0.475177304964539,0.4868421052631579,-0.34513274336283184,1.2542372881355932,0.11278195488721804,1.1384615384615384,0.06474820143884892,1.0724637681159421,0.03496503496503497,1.1935483870967742,0.08823529411764706,1.0136986301369864,0.006802721088435374,0.22741433021806853,-0.6294416243654822,0.15051546391752577,-0.7383512544802867,0.35096153846153844,-0.4804270462633452,0.48026315789473684,-0.3511111111111111,1.2372881355932204,0.10606060606060606,1.123076923076923,0.057971014492753624,1.0579710144927537,0.028169014084507043,1.1774193548387097,0.08148148148148149,0.9864864864864865,-0.006802721088435374
1.86,327,299,394,405,326,335,295,322,257,329,-0.108071135,0.9728395061728395,-0.01376720901126408,1.2085889570552146,0.09444444444444444,1.1761194029850746,0.08093278463648834,1.335593220338983,0.14368650217706821,1.2236024844720497,0.1005586592178771,1.5330739299610896,0.21044546850998463,1.1975683890577509,0.08990318118948824,1.2048929663608563,0.09292649098474341,1.3177257525083612,0.1370851370851371,1.0279187817258884,0.01376720901126408,1.2423312883435582,0.10807113543091655,1.208955223880597,0.0945945945945946,1.3728813559322033,0.15714285714285714,1.2577639751552796,0.11416781292984869,1.575875486381323,0.22356495468277945,1.2310030395136777,0.10354223433242507,1.238532110091743,0.10655737704918032,1.354515050167224,0.15056818181818182,0.8274111675126904,-0.09444444444444444,0.8049382716049382,-0.10807113543091655,0.9731343283582089,-0.01361573373676248,1.1050847457627118,0.0499194847020934,1.0124223602484472,0.006172839506172839,1.2684824902723735,0.1183533447684391,0.9908814589665653,-0.004580152671755725,0.9969418960244648,-0.0015313935681470138,1.0903010033444815,0.0432,0.850253807106599,-0.08093278463648834,0.8271604938271605,-0.0945945945945946,1.0276073619631902,0.01361573373676248,1.1355932203389831,0.06349206349206349,1.0403726708074534,0.0197869101978691,1.3035019455252919,0.13175675675675674,1.0182370820668694,0.009036144578313253,1.0244648318042813,0.012084592145015106,1.120401337792642,0.056782334384858045,0.748730964467005,-0.14368650217706821,0.7283950617283951,-0.15714285714285714,0.9049079754601227,-0.0499194847020934,0.8805970149253731,-0.06349206349206349,0.9161490683229814,-0.04376012965964344,1.1478599221789882,0.06884057971014493,0.8966565349544073,-0.05448717948717949,0.9021406727828746,-0.05144694533762058,0.9866220735785953,-0.006734006734006734,0.817258883248731,-0.1005586592178771,0.7950617283950617,-0.11416781292984869,0.9877300613496932,-0.006172839506172839,0.9611940298507463,-0.0197869101978691,1.0915254237288134,0.04376012965964344,1.2529182879377432,0.11226252158894647,0.9787234042553191,-0.010752688172043012,0.9847094801223242,-0.007704160246533128,1.0769230769230769,0.037037037037037035,0.6522842639593909,-0.21044546850998463,0.6345679012345679,-0.22356495468277945,0.7883435582822086,-0.1183533447684391,0.7671641791044777,-0.13175675675675674,0.8711864406779661,-0.06884057971014493,0.7981366459627329,-0.11226252158894647,0.7811550151975684,-0.12286689419795221,0.7859327217125383,-0.11986301369863013,0.8595317725752508,-0.07553956834532374,0.8350253807106599,-0.08990318118948824,0.8123456790123457,-0.10354223433242507,1.00920245398773,0.004580152671755725,0.982089552238806,-0.009036144578313253,1.1152542372881356,0.05448717948717949,1.0217391304347827,0.010752688172043012,1.2801556420233462,0.12286689419795221,1.0061162079510704,0.003048780487804878,1.100334448160535,0.04777070063694268,0.8299492385786802,-0.09292649098474341,0.8074074074074075,-0.10655737704918032,1.0030674846625767,0.0015313935681470138,0.9761194029850746,-0.012084592145015106,1.1084745762711865,0.05144694533762058,1.015527950310559,0.007704160246533128,1.272373540856031,0.11986301369863013,0.993920972644377,-0.003048780487804878,1.0936454849498327,0.04472843450479233,0.7588832487309645,-0.1370851370851371,0.7382716049382716,-0.15056818181818182,0.9171779141104295,-0.0432,0.8925373134328358,-0.056782334384858045,1.0135593220338983,0.006734006734006734,0.9285714285714286,-0.037037037037037035,1.1634241245136188,0.07553956834532374,0.9088145896656535,-0.04777070063694268,0.9143730886850153,-0.04472843450479233
1.09,517,451,653,789,639,674,583,544,534,548,-0.105042017,0.8276299112801014,-0.09431345353675451,1.021909233176839,0.010835913312693499,0.9688427299703264,-0.015825169555388093,1.1200686106346485,0.05663430420711974,1.2003676470588236,0.0910609857978279,1.2228464419475655,0.10025273799494525,1.1916058394160585,0.08742714404662781,1.263056092843327,0.11623931623931624,1.4478935698447895,0.18297101449275363,1.2082695252679938,0.09431345353675451,1.2347417840375587,0.10504201680672269,1.1706231454005935,0.0786056049213944,1.353344768439108,0.15014577259475217,1.4503676470588236,0.1837959489872468,1.4775280898876404,0.1927437641723356,1.4397810218978102,0.18025430067314885,1.5261121856866537,0.2082695252679939,1.7494456762749446,0.2725806451612903,0.9785604900459418,-0.010835913312693499,0.8098859315589354,-0.10504201680672269,0.9480712166172107,-0.026656511805026657,1.0960548885077186,0.04582651391162029,1.1746323529411764,0.08030431107354184,1.196629213483146,0.08951406649616368,1.166058394160584,0.07666385846672283,1.2359767891682785,0.10553633217993079,1.416851441241685,0.1724770642201835,1.0321592649310873,0.015825169555388093,0.8542458808618505,-0.0786056049213944,1.054773082942097,0.026656511805026657,1.1560891938250428,0.07239459029435164,1.2389705882352942,0.10673234811165845,1.2621722846441947,0.11589403973509933,1.22992700729927,0.10310965630114566,1.3036750483558994,0.13182199832073888,1.4944567627494456,0.19822222222222222,0.892802450229709,-0.05663430420711974,0.7389100126742713,-0.15014577259475217,0.9123630672926447,-0.04582651391162029,0.8649851632047477,-0.07239459029435164,1.0716911764705883,0.03460514640638864,1.091760299625468,0.043867502238137866,1.063868613138686,0.03094606542882405,1.127659574468085,0.06,1.2926829268292683,0.1276595744680851,0.8330781010719756,-0.0910609857978279,0.6894803548795945,-0.1837959489872468,0.8513302034428795,-0.08030431107354184,0.8071216617210683,-0.10673234811165845,0.9331046312178388,-0.03460514640638864,1.0187265917602997,0.00927643784786642,0.9927007299270073,-0.003663003663003663,1.0522243713733075,0.02544769085768143,1.206208425720621,0.09346733668341708,0.8177641653905053,-0.10025273799494525,0.6768060836501901,-0.1927437641723356,0.8356807511737089,-0.08951406649616368,0.7922848664688428,-0.11589403973509933,0.9159519725557461,-0.043867502238137866,0.9816176470588235,-0.00927643784786642,0.9744525547445255,-0.012939001848428836,1.0328820116054158,0.016175071360608945,1.1840354767184036,0.08426395939086294,0.8392036753445635,-0.08742714404662781,0.6945500633713562,-0.18025430067314885,0.8575899843505478,-0.07666385846672283,0.8130563798219584,-0.10310965630114566,0.9399656946826758,-0.03094606542882405,1.0073529411764706,0.003663003663003663,1.0262172284644195,0.012939001848428836,1.0599613152804641,0.02910798122065728,1.2150776053215078,0.0970970970970971,0.7917304747320061,-0.11623931623931624,0.6552598225602028,-0.2082695252679939,0.809076682316119,-0.10553633217993079,0.7670623145400594,-0.13182199832073888,0.8867924528301887,-0.06,0.9503676470588235,-0.02544769085768143,0.9681647940074907,-0.016175071360608945,0.9434306569343066,-0.02910798122065728,1.146341463414634,0.06818181818181818,0.6906584992343032,-0.18297101449275363,0.5716096324461344,-0.2725806451612903,0.7057902973395931,-0.1724770642201835,0.6691394658753709,-0.19822222222222222,0.7735849056603774,-0.1276595744680851,0.8290441176470589,-0.09346733668341708,0.8445692883895131,-0.08426395939086294,0.822992700729927,-0.0970970970970971,0.8723404255319149,-0.06818181818181818
1.67,72,16,353,439,231,226,120,143,106,116,-0.310447761,0.8041002277904328,-0.10858585858585859,1.5281385281385282,0.2089041095890411,1.5619469026548674,0.21934369602763384,2.941666666666667,0.492600422832981,2.4685314685314683,0.42338709677419356,3.330188679245283,0.5381263616557734,3.043103448275862,0.5053304904051172,4.902777777777778,0.6611764705882353,22.0625,0.9132791327913279,1.2436260623229463,0.10858585858585859,1.9004329004329004,0.31044776119402984,1.9424778761061947,0.32030075187969925,3.658333333333333,0.5706618962432916,3.06993006993007,0.5085910652920962,4.1415094339622645,0.6110091743119266,3.7844827586206895,0.581981981981982,6.097222222222222,0.7181996086105675,27.4375,0.9296703296703297,0.6543909348441926,-0.2089041095890411,0.5261958997722096,-0.31044776119402984,1.0221238938053097,0.010940919037199124,1.925,0.3162393162393162,1.6153846153846154,0.23529411764705882,2.1792452830188678,0.37091988130563797,1.9913793103448276,0.3314121037463977,3.2083333333333335,0.5247524752475248,14.4375,0.8704453441295547,0.6402266288951841,-0.21934369602763384,0.5148063781321185,-0.32030075187969925,0.9783549783549783,-0.010940919037199124,1.8833333333333333,0.3063583815028902,1.5804195804195804,0.22493224932249323,2.1320754716981134,0.3614457831325301,1.9482758620689655,0.3216374269005848,3.138888888888889,0.5167785234899329,14.125,0.8677685950413223,0.33994334277620397,-0.492600422832981,0.2733485193621868,-0.5706618962432916,0.5194805194805194,-0.3162393162393162,0.5309734513274337,-0.3063583815028902,0.8391608391608392,-0.08745247148288973,1.1320754716981132,0.061946902654867256,1.0344827586206897,0.01694915254237288,1.6666666666666667,0.25,7.5,0.7647058823529411,0.40509915014164305,-0.42338709677419356,0.32574031890660593,-0.5085910652920962,0.6190476190476191,-0.23529411764705882,0.6327433628318584,-0.22493224932249323,1.1916666666666667,0.08745247148288973,1.349056603773585,0.14859437751004015,1.2327586206896552,0.10424710424710425,1.9861111111111112,0.3302325581395349,8.9375,0.7987421383647799,0.3002832861189802,-0.5381263616557734,0.24145785876993167,-0.6110091743119266,0.4588744588744589,-0.37091988130563797,0.4690265486725664,-0.3614457831325301,0.8833333333333333,-0.061946902654867256,0.7412587412587412,-0.14859437751004015,0.9137931034482759,-0.04504504504504504,1.4722222222222223,0.19101123595505617,6.625,0.7377049180327869,0.3286118980169972,-0.5053304904051172,0.2642369020501139,-0.581981981981982,0.5021645021645021,-0.3314121037463977,0.5132743362831859,-0.3216374269005848,0.9666666666666667,-0.01694915254237288,0.8111888111888111,-0.10424710424710425,1.0943396226415094,0.04504504504504504,1.6111111111111112,0.23404255319148937,7.25,0.7575757575757576,0.20396600566572237,-0.6611764705882353,0.16400911161731208,-0.7181996086105675,0.3116883116883117,-0.5247524752475248,0.3185840707964602,-0.5167785234899329,0.6,-0.25,0.5034965034965035,-0.3302325581395349,0.6792452830188679,-0.19101123595505617,0.6206896551724138,-0.23404255319148937,4.5,0.6363636363636364,0.0453257790368272,-0.9132791327913279,0.03644646924829157,-0.9296703296703297,0.06926406926406926,-0.8704453441295547,0.07079646017699115,-0.8677685950413223,0.13333333333333333,-0.7647058823529411,0.11188811188811189,-0.7987421383647799,0.1509433962264151,-0.7377049180327869,0.13793103448275862,-0.7575757575757576,0.2222222222222222,-0.6363636363636364
1.33,711,652,609,731,728,784,628,680,579,683,-0.002056203,0.8331053351573188,-0.09104477611940298,0.8365384615384616,-0.08900523560209424,0.7767857142857143,-0.12562814070351758,0.9697452229299363,-0.015359741309620048,0.8955882352941177,-0.05508145849495733,1.0518134715025906,0.025252525252525252,0.8916544655929722,-0.05727554179566564,0.8565400843881856,-0.07727272727272727,0.9340490797546013,-0.03409992069785884,1.200328407224959,0.09104477611940298,1.004120879120879,0.00205620287868403,0.9323979591836735,-0.03498349834983498,1.164012738853503,0.07579102281089035,1.075,0.03614457831325301,1.2625215889464594,0.11603053435114503,1.0702781844802343,0.033946251768033946,1.0281293952180028,0.013869625520110958,1.1211656441717792,0.05712219812002892,1.1954022988505748,0.08900523560209424,0.9958960328317373,-0.00205620287868403,0.9285714285714286,-0.037037037037037035,1.1592356687898089,0.07374631268436578,1.0705882352941176,0.03409090909090909,1.2573402417962003,0.11400153022188217,1.0658857979502196,0.031892274982282066,1.0239099859353025,0.0118137595552467,1.116564417177914,0.05507246376811594,1.2873563218390804,0.12562814070351758,1.0725034199726402,0.03498349834983498,1.0769230769230769,0.037037037037037035,1.2484076433121019,0.11048158640226628,1.1529411764705881,0.07103825136612021,1.3540587219343696,0.1504035216434336,1.1478770131771596,0.06884798909338787,1.1026722925457102,0.04882943143812709,1.2024539877300613,0.09192200557103064,1.0311986863711002,0.015359741309620048,0.8590971272229823,-0.07579102281089035,0.8626373626373627,-0.07374631268436578,0.8010204081632653,-0.11048158640226628,0.9235294117647059,-0.039755351681957186,1.084628670120898,0.04059652029826015,0.9194729136163983,-0.041952707856598014,0.8832630098452883,-0.0619865571321882,0.9631901840490797,-0.01875,1.116584564860427,0.05508145849495733,0.9302325581395349,-0.03614457831325301,0.9340659340659341,-0.03409090909090909,0.8673469387755102,-0.07103825136612021,1.0828025477707006,0.039755351681957186,1.1744386873920554,0.08022239872915012,0.9956076134699854,-0.0022010271460014674,0.9563994374120957,-0.02228612508986341,1.0429447852760736,0.021021021021021023,0.9507389162561576,-0.025252525252525252,0.7920656634746922,-0.11603053435114503,0.7953296703296703,-0.11400153022188217,0.7385204081632653,-0.1504035216434336,0.9219745222929936,-0.04059652029826015,0.8514705882352941,-0.08022239872915012,0.8477306002928258,-0.08240887480190175,0.8143459915611815,-0.10232558139534884,0.8880368098159509,-0.059301380991064176,1.1215106732348112,0.05727554179566564,0.9343365253077975,-0.033946251768033946,0.9381868131868132,-0.031892274982282066,0.8711734693877551,-0.06884798909338787,1.0875796178343948,0.041952707856598014,1.0044117647058823,0.0022010271460014674,1.1796200345423142,0.08240887480190175,0.960618846694796,-0.020086083213773313,1.0475460122699387,0.023220973782771534,1.167487684729064,0.07727272727272727,0.9726402188782489,-0.013869625520110958,0.9766483516483516,-0.0118137595552467,0.9068877551020408,-0.04882943143812709,1.1321656050955413,0.0619865571321882,1.0455882352941177,0.02228612508986341,1.2279792746113989,0.10232558139534884,1.0409956076134699,0.020086083213773313,1.0904907975460123,0.043286867204695524,1.070607553366174,0.03409992069785884,0.8919288645690835,-0.05712219812002892,0.8956043956043956,-0.05507246376811594,0.8316326530612245,-0.09192200557103064,1.0382165605095541,0.01875,0.9588235294117647,-0.021021021021021023,1.1260794473229707,0.059301380991064176,0.9546120058565154,-0.023220973782771534,0.9170182841068917,-0.043286867204695524
4.21,884,818,872,1033,960,1002,879,919,806,892,-0.036628199,0.8441432720232332,-0.08451443569553806,0.9083333333333333,-0.048034934497816595,0.8702594810379242,-0.06937033084311633,0.9920364050056882,-0.003997715591090805,0.9488574537540805,-0.026242322724734785,1.0818858560794045,0.03933253873659118,0.9775784753363229,-0.011337868480725623,0.9864253393665159,-0.00683371298405467,1.0660146699266504,0.03195266272189349,1.1846330275229358,0.08451443569553806,1.0760416666666666,0.03662819869543402,1.030938123752495,0.015233415233415233,1.1751990898748579,0.08054393305439331,1.1240478781284005,0.0584016393442623,1.281637717121588,0.12343665035345297,1.1580717488789238,0.07324675324675324,1.168552036199095,0.07772561293688054,1.2628361858190709,0.11615343057806592,1.1009174311926606,0.048034934497816595,0.9293320425943853,-0.03662819869543402,0.9580838323353293,-0.021406727828746176,1.0921501706484642,0.04404567699836868,1.0446137105549511,0.021820117083555083,1.1910669975186103,0.08720271800679502,1.0762331838565022,0.0367170626349892,1.085972850678733,0.04121475054229935,1.17359413202934,0.0798650168728909,1.1490825688073394,0.06937033084311633,0.9699903194578896,-0.015233415233415233,1.04375,0.021406727828746176,1.1399317406143346,0.06539074960127592,1.09031556039173,0.04320666319625195,1.2431761786600497,0.1084070796460177,1.1233183856502242,0.05807814149947202,1.1334841628959276,0.06256627783669141,1.2249388753056234,0.1010989010989011,1.0080275229357798,0.003997715591090805,0.850919651500484,-0.08054393305439331,0.915625,-0.04404567699836868,0.8772455089820359,-0.06539074960127592,0.956474428726877,-0.02224694104560623,1.0905707196029777,0.04332344213649852,0.9854260089686099,-0.007340485601355167,0.994343891402715,-0.0028360748723766306,1.0745721271393642,0.03594578668238067,1.0538990825688073,0.026242322724734785,0.8896418199419167,-0.0584016393442623,0.9572916666666667,-0.021820117083555083,0.9171656686626747,-0.04320666319625195,1.0455062571103526,0.02224694104560623,1.1401985111662531,0.0655072463768116,1.0302690582959642,0.014908890115958034,1.0395927601809956,0.019412090959511925,1.1234718826405867,0.05814622913068509,0.9243119266055045,-0.03933253873659118,0.7802516940948693,-0.12343665035345297,0.8395833333333333,-0.08720271800679502,0.8043912175648703,-0.1084070796460177,0.9169510807736063,-0.04332344213649852,0.8770402611534276,-0.0655072463768116,0.9035874439461884,-0.050647820965842166,0.9117647058823529,-0.046153846153846156,0.9853300733496333,-0.007389162561576354,1.0229357798165137,0.011337868480725623,0.8635043562439496,-0.07324675324675324,0.9291666666666667,-0.0367170626349892,0.8902195608782435,-0.05807814149947202,1.0147895335608645,0.007340485601355167,0.970620239390642,-0.014908890115958034,1.1066997518610422,0.050647820965842166,1.009049773755656,0.0045045045045045045,1.0904645476772616,0.04327485380116959,1.0137614678899083,0.00683371298405467,0.8557599225556631,-0.07772561293688054,0.9208333333333333,-0.04121475054229935,0.8822355289421158,-0.06256627783669141,1.005688282138794,0.0028360748723766306,0.9619151251360174,-0.019412090959511925,1.096774193548387,0.046153846153846156,0.9910313901345291,-0.0045045045045045045,1.080684596577017,0.038777908343125736,0.9380733944954128,-0.03195266272189349,0.7918683446272992,-0.11615343057806592,0.8520833333333333,-0.0798650168728909,0.8163672654690619,-0.1010989010989011,0.9306029579067122,-0.03594578668238067,0.8900979325353645,-0.05814622913068509,1.0148883374689825,0.007389162561576354,0.9170403587443946,-0.04327485380116959,0.9253393665158371,-0.038777908343125736
1.54,1011,914,1107,1229,1144,1229,1054,1069,959,1063,-0.035819638,0.9007323026851098,-0.052226027397260275,0.9676573426573427,-0.016437139049311416,0.9007323026851098,-0.052226027397260275,1.0502846299810247,0.024525682554372975,1.0355472404115997,0.017463235294117647,1.1543274244004171,0.07163601161665054,1.0413922859830669,0.020276497695852536,1.0949554896142433,0.0453257790368272,1.211159737417943,0.09549727857496289,1.1102077687443541,0.052226027397260275,1.0743006993006994,0.03581963758954909,1.0,0.0,1.166034155597723,0.07665352606219886,1.1496725912067354,0.06962576153176675,1.2815432742440043,0.12340036563071298,1.1561618062088428,0.07242582897033159,1.215628090999011,0.09732142857142857,1.3446389496717723,0.14699020065328977,1.033423667570009,0.016437139049311416,0.9308380797396257,-0.03581963758954909,0.9308380797396257,-0.03581963758954909,1.0853889943074004,0.04094631483166515,1.0701590271281571,0.03389064618165386,1.1929092805005215,0.0879695672848312,1.0761994355597366,0.03670140462165836,1.1315529179030663,0.0617169373549884,1.2516411378555798,0.11175898931000972,1.1102077687443541,0.052226027397260275,1.0,0.0,1.0743006993006994,0.03581963758954909,1.166034155597723,0.07665352606219886,1.1496725912067354,0.06962576153176675,1.2815432742440043,0.12340036563071298,1.1561618062088428,0.07242582897033159,1.215628090999011,0.09732142857142857,1.3446389496717723,0.14699020065328977,0.952122854561879,-0.024525682554372975,0.8576078112286412,-0.07665352606219886,0.9213286713286714,-0.04094631483166515,0.8576078112286412,-0.07665352606219886,0.9859681945743686,-0.00706547338671691,1.0990615224191866,0.04719324391455539,0.9915333960489181,-0.004251299008030231,1.0425321463897133,0.020823244552058112,1.1531728665207877,0.07113821138211382,0.9656729900632339,-0.017463235294117647,0.869812855980472,-0.06962576153176675,0.9344405594405595,-0.03389064618165386,0.869812855980472,-0.06962576153176675,1.0142314990512333,0.00706547338671691,1.1147028154327425,0.054240631163708086,1.0056444026340545,0.0028142589118198874,1.0573689416419387,0.027884615384615386,1.1695842450765865,0.07816439737771054,0.8663053297199639,-0.07163601161665054,0.7803091944670464,-0.12340036563071298,0.8382867132867133,-0.0879695672848312,0.7803091944670464,-0.12340036563071298,0.9098671726755219,-0.04719324391455539,0.8971000935453695,-0.054240631163708086,0.9021636876763875,-0.051434223541048464,0.9485657764589516,-0.026395939086294416,1.049234135667396,0.02402562733582488,0.960252935862692,-0.020276497695852536,0.8649308380797396,-0.07242582897033159,0.9291958041958042,-0.03670140462165836,0.8649308380797396,-0.07242582897033159,1.00853889943074,0.004251299008030231,0.9943872778297475,-0.0028142589118198874,1.1084462982273202,0.051434223541048464,1.0514342235410485,0.02507232401157184,1.163019693654267,0.0753667172483561,0.9132791327913279,-0.0453257790368272,0.822620016273393,-0.09732142857142857,0.8837412587412588,-0.0617169373549884,0.822620016273393,-0.09732142857142857,0.959203036053131,-0.020823244552058112,0.9457436856875585,-0.027884615384615386,1.05422314911366,0.026395939086294416,0.9510818438381938,-0.02507232401157184,1.1061269146608315,0.05038961038961039,0.8256549232158988,-0.09549727857496289,0.7436940602115542,-0.14699020065328977,0.798951048951049,-0.11175898931000972,0.7436940602115542,-0.14699020065328977,0.8671726755218216,-0.07113821138211382,0.8550046772684752,-0.07816439737771054,0.9530761209593326,-0.02402562733582488,0.8598306679209784,-0.0753667172483561,0.904055390702275,-0.05038961038961039
2.76,3743,3406,4529,4288,4199,4443,4253,4336,4010,4188,-0.010486627,1.0562033582089552,0.027333560167857547,1.0785901405096452,0.03780934922089826,1.0193562907945082,0.009585376727596968,1.0648953679755466,0.03142792074698247,1.0445110701107012,0.021771009588268473,1.129426433915212,0.06077995081391264,1.0814231136580708,0.03911896294596765,1.209991985038739,0.09501934235976789,1.329712272460364,0.14152488972904853,0.9467873702804152,-0.027333560167857547,1.0211955227435103,0.010486626605396489,0.9651136619401306,-0.017752834726835413,1.0082294850693627,0.004097880810209577,0.988929889298893,-0.0055658627087198514,1.0693266832917705,0.03350204868643047,1.0238777459407833,0.011798017932987258,1.145605129575207,0.06786203461586353,1.2589547856723429,0.11463478034832338,0.9271362331640539,-0.03780934922089826,0.9792444029850746,-0.010486626605396489,0.9450821516993023,-0.02823420504512844,0.9873030801786974,-0.006389020350212968,0.9684040590405905,-0.016051552431165787,1.0471321695760598,0.023023510780850288,1.002626552053486,0.0013115535948491712,1.1218274111675126,0.05741626794258373,1.2328244274809161,0.10427350427350428,0.9810112607639656,-0.009585376727596968,1.0361473880597014,0.017752834726835413,1.0581090735889498,0.02823420504512844,1.044674347519398,0.021849126034958602,1.0246771217712176,0.012188176329878118,1.1079800498753116,0.051224417366615406,1.060888252148997,0.02954466458116093,1.1870157627571467,0.08551184949914488,1.3044627128596595,0.1321187412409224,0.939059395009936,-0.03142792074698247,0.9918376865671642,-0.004097880810209577,1.0128602048106692,0.006389020350212968,0.9572361017330633,-0.021849126034958602,0.9808579335793358,-0.009663523110955873,1.0605985037406485,0.029408205252329664,1.015520534861509,0.007700509418315365,1.1362543414373498,0.06378189094547274,1.2486788021139166,0.1105888497192845,0.9573857363656436,-0.021771009588268473,1.0111940298507462,0.0055658627087198514,1.0326268159085497,0.016051552431165787,0.9759171730812514,-0.012188176329878118,1.0195156360216318,0.009663523110955873,1.0812967581047381,0.03906062784567457,1.0353390639923592,0.017362740497419052,1.15842906759284,0.07340017328877337,1.273047563123899,0.12012399896667528,0.8854051667034666,-0.06077995081391264,0.9351679104477612,-0.03350204868643047,0.9549892831626577,-0.023023510780850288,0.9025433265811389,-0.051224417366615406,0.9428638608041383,-0.029408205252329664,0.9248154981549815,-0.03906062784567457,0.957497612225406,-0.021712612832398146,1.0713331552230831,0.034438281955372116,1.177334116265414,0.081445523193096,0.924707440936189,-0.03911896294596765,0.976679104477612,-0.011798017932987258,0.9973803286496785,-0.0013115535948491712,0.9426063470627954,-0.02954466458116093,0.9847166705854691,-0.007700509418315365,0.9658671586715867,-0.017362740497419052,1.0443890274314214,0.021712612832398146,1.118888592038472,0.05610893960408524,1.2295948326482677,0.10297603371082434,0.8264517553543829,-0.09501934235976789,0.8729011194029851,-0.06786203461586353,0.8914027149321267,-0.05741626794258373,0.8424487958586541,-0.08551184949914488,0.880084646132142,-0.06378189094547274,0.8632380073800738,-0.07340017328877337,0.9334164588528678,-0.034438281955372116,0.8937440305635148,-0.05610893960408524,1.0989430416911332,0.04713946006434466,0.7520423934643409,-0.14152488972904853,0.7943097014925373,-0.11463478034832338,0.8111455108359134,-0.10427350427350428,0.7665991447220346,-0.1321187412409224,0.8008464613214201,-0.1105888497192845,0.7855166051660517,-0.12012399896667528,0.8493765586034913,-0.081445523193096,0.8132760267430754,-0.10297603371082434,0.9099652685012023,-0.04713946006434466
22.97,186,169,429,622,441,453,240,232,225,200,-0.170272813,0.6897106109324759,-0.18363463368220742,0.9727891156462585,-0.013793103448275862,0.9470198675496688,-0.027210884353741496,1.7875,0.2825112107623318,1.8491379310344827,0.2980332829046899,1.9066666666666667,0.3119266055045872,2.145,0.3640699523052464,2.306451612903226,0.3951219512195122,2.5384615384615383,0.43478260869565216,1.4498834498834499,0.18363463368220742,1.4104308390022675,0.1702728127939793,1.3730684326710816,0.1572093023255814,2.591666666666667,0.4431554524361949,2.6810344827586206,0.4566744730679157,2.7644444444444445,0.46871310507674147,3.11,0.51338199513382,3.3440860215053765,0.5396039603960396,3.6804733727810652,0.572692793931732,1.027972027972028,0.013793103448275862,0.7090032154340836,-0.1702728127939793,0.9735099337748344,-0.013422818791946308,1.8375,0.29515418502202645,1.9008620689655173,0.31054977711738485,1.96,0.32432432432432434,2.205,0.37597503900156004,2.370967741935484,0.40669856459330145,2.6094674556213016,0.4459016393442623,1.055944055944056,0.027210884353741496,0.7282958199356914,-0.1572093023255814,1.0272108843537415,0.013422818791946308,1.8875,0.30735930735930733,1.9525862068965518,0.32262773722627736,2.013333333333333,0.336283185840708,2.265,0.3874425727411945,2.435483870967742,0.41784037558685444,2.6804733727810652,0.4565916398713826,0.5594405594405595,-0.2825112107623318,0.3858520900321543,-0.4431554524361949,0.54421768707483,-0.29515418502202645,0.5298013245033113,-0.30735930735930733,1.0344827586206897,0.01694915254237288,1.0666666666666667,0.03225806451612903,1.2,0.09090909090909091,1.2903225806451613,0.1267605633802817,1.4201183431952662,0.17359413202933985,0.5407925407925408,-0.2980332829046899,0.3729903536977492,-0.4566744730679157,0.5260770975056689,-0.31054977711738485,0.5121412803532008,-0.32262773722627736,0.9666666666666667,-0.01694915254237288,1.031111111111111,0.015317286652078774,1.16,0.07407407407407407,1.2473118279569892,0.11004784688995216,1.3727810650887573,0.1571072319201995,0.5244755244755245,-0.3119266055045872,0.3617363344051447,-0.46871310507674147,0.5102040816326531,-0.32432432432432434,0.4966887417218543,-0.336283185840708,0.9375,-0.03225806451612903,0.9698275862068966,-0.015317286652078774,1.125,0.058823529411764705,1.2096774193548387,0.0948905109489051,1.331360946745562,0.14213197969543148,0.4662004662004662,-0.3640699523052464,0.3215434083601286,-0.51338199513382,0.45351473922902497,-0.37597503900156004,0.44150110375275936,-0.3874425727411945,0.8333333333333334,-0.09090909090909091,0.8620689655172413,-0.07407407407407407,0.8888888888888888,-0.058823529411764705,1.075268817204301,0.03626943005181347,1.183431952662722,0.08401084010840108,0.43356643356643354,-0.3951219512195122,0.2990353697749196,-0.5396039603960396,0.4217687074829932,-0.40669856459330145,0.4105960264900662,-0.41784037558685444,0.775,-0.1267605633802817,0.8017241379310345,-0.11004784688995216,0.8266666666666667,-0.0948905109489051,0.93,-0.03626943005181347,1.1005917159763314,0.04788732394366197,0.3939393939393939,-0.43478260869565216,0.2717041800643087,-0.572692793931732,0.3832199546485261,-0.4459016393442623,0.3730684326710817,-0.4565916398713826,0.7041666666666667,-0.17359413202933985,0.728448275862069,-0.1571072319201995,0.7511111111111111,-0.14213197969543148,0.845,-0.08401084010840108,0.9086021505376344,-0.04788732394366197
5.18,174,156,330,456,339,324,190,196,176,174,-0.147169811,0.7236842105263158,-0.16030534351145037,0.9734513274336283,-0.013452914798206279,1.0185185185185186,0.009174311926605505,1.736842105263158,0.2692307692307692,1.683673469387755,0.25475285171102663,1.875,0.30434782608695654,1.896551724137931,0.30952380952380953,1.896551724137931,0.30952380952380953,2.1153846153846154,0.35802469135802467,1.3818181818181818,0.16030534351145037,1.345132743362832,0.1471698113207547,1.4074074074074074,0.16923076923076924,2.4,0.4117647058823529,2.326530612244898,0.3987730061349693,2.590909090909091,0.4430379746835443,2.6206896551724137,0.44761904761904764,2.6206896551724137,0.44761904761904764,2.923076923076923,0.49019607843137253,1.0272727272727273,0.013452914798206279,0.743421052631579,-0.1471698113207547,1.0462962962962963,0.02262443438914027,1.7842105263157895,0.28166351606805295,1.7295918367346939,0.2672897196261682,1.9261363636363635,0.31650485436893205,1.9482758620689655,0.3216374269005848,1.9482758620689655,0.3216374269005848,2.173076923076923,0.3696969696969697,0.9818181818181818,-0.009174311926605505,0.7105263157894737,-0.16923076923076924,0.9557522123893806,-0.02262443438914027,1.7052631578947368,0.2607003891050584,1.653061224489796,0.24615384615384617,1.8409090909090908,0.296,1.8620689655172413,0.30120481927710846,1.8620689655172413,0.30120481927710846,2.076923076923077,0.35,0.5757575757575758,-0.2692307692307692,0.4166666666666667,-0.4117647058823529,0.56047197640118,-0.28166351606805295,0.5864197530864198,-0.2607003891050584,0.9693877551020408,-0.015544041450777202,1.0795454545454546,0.03825136612021858,1.0919540229885059,0.04395604395604396,1.0919540229885059,0.04395604395604396,1.2179487179487178,0.09826589595375723,0.593939393939394,-0.25475285171102663,0.4298245614035088,-0.3987730061349693,0.5781710914454278,-0.2672897196261682,0.6049382716049383,-0.24615384615384617,1.0315789473684212,0.015544041450777202,1.1136363636363635,0.053763440860215055,1.1264367816091954,0.05945945945945946,1.1264367816091954,0.05945945945945946,1.2564102564102564,0.11363636363636363,0.5333333333333333,-0.30434782608695654,0.38596491228070173,-0.4430379746835443,0.5191740412979351,-0.31650485436893205,0.5432098765432098,-0.296,0.9263157894736842,-0.03825136612021858,0.8979591836734694,-0.053763440860215055,1.0114942528735633,0.005714285714285714,1.0114942528735633,0.005714285714285714,1.1282051282051282,0.060240963855421686,0.5272727272727272,-0.30952380952380953,0.3815789473684211,-0.44761904761904764,0.5132743362831859,-0.3216374269005848,0.5370370370370371,-0.30120481927710846,0.9157894736842105,-0.04395604395604396,0.8877551020408163,-0.05945945945945946,0.9886363636363636,-0.005714285714285714,1.0,0.0,1.1153846153846154,0.05454545454545454,0.5272727272727272,-0.30952380952380953,0.3815789473684211,-0.44761904761904764,0.5132743362831859,-0.3216374269005848,0.5370370370370371,-0.30120481927710846,0.9157894736842105,-0.04395604395604396,0.8877551020408163,-0.05945945945945946,0.9886363636363636,-0.005714285714285714,1.0,0.0,1.1153846153846154,0.05454545454545454,0.4727272727272727,-0.35802469135802467,0.34210526315789475,-0.49019607843137253,0.46017699115044247,-0.3696969696969697,0.48148148148148145,-0.35,0.8210526315789474,-0.09826589595375723,0.7959183673469388,-0.11363636363636363,0.8863636363636364,-0.060240963855421686,0.896551724137931,-0.05454545454545454,0.896551724137931,-0.05454545454545454
6.44,64,47,177,173,154,172,86,87,82,92,-0.058103976,1.023121387283237,0.011428571428571429,1.1493506493506493,0.06948640483383686,1.0290697674418605,0.014326647564469915,2.058139534883721,0.34600760456273766,2.0344827586206895,0.3409090909090909,2.158536585365854,0.3667953667953668,1.923913043478261,0.3159851301115242,2.765625,0.46887966804979253,3.765957446808511,0.5803571428571429,0.9774011299435028,-0.011428571428571429,1.1233766233766234,0.0581039755351682,1.005813953488372,0.002898550724637681,2.011627906976744,0.3359073359073359,1.9885057471264367,0.33076923076923076,2.1097560975609757,0.3568627450980392,1.8804347826086956,0.30566037735849055,2.703125,0.459915611814346,3.6808510638297873,0.5727272727272728,0.8700564971751412,-0.06948640483383686,0.8901734104046243,-0.0581039755351682,0.8953488372093024,-0.05521472392638037,1.7906976744186047,0.2833333333333333,1.7701149425287357,0.27800829875518673,1.8780487804878048,0.3050847457627119,1.673913043478261,0.25203252032520324,2.40625,0.41284403669724773,3.276595744680851,0.5323383084577115,0.9717514124293786,-0.014326647564469915,0.9942196531791907,-0.002898550724637681,1.1168831168831168,0.05521472392638037,2.0,0.3333333333333333,1.9770114942528736,0.3281853281853282,2.097560975609756,0.3543307086614173,1.8695652173913044,0.30303030303030304,2.6875,0.4576271186440678,3.6595744680851063,0.5707762557077626,0.4858757062146893,-0.34600760456273766,0.49710982658959535,-0.3359073359073359,0.5584415584415584,-0.2833333333333333,0.5,-0.3333333333333333,0.9885057471264368,-0.005780346820809248,1.048780487804878,0.023809523809523808,0.9347826086956522,-0.033707865168539325,1.34375,0.14666666666666667,1.8297872340425532,0.2932330827067669,0.4915254237288136,-0.3409090909090909,0.5028901734104047,-0.33076923076923076,0.564935064935065,-0.27800829875518673,0.5058139534883721,-0.3281853281853282,1.0116279069767442,0.005780346820809248,1.0609756097560976,0.029585798816568046,0.9456521739130435,-0.027932960893854747,1.359375,0.152317880794702,1.851063829787234,0.29850746268656714,0.4632768361581921,-0.3667953667953668,0.47398843930635837,-0.3568627450980392,0.5324675324675324,-0.3050847457627119,0.47674418604651164,-0.3543307086614173,0.9534883720930233,-0.023809523809523808,0.9425287356321839,-0.029585798816568046,0.8913043478260869,-0.05747126436781609,1.28125,0.1232876712328767,1.7446808510638299,0.2713178294573643,0.519774011299435,-0.3159851301115242,0.5317919075144508,-0.30566037735849055,0.5974025974025974,-0.25203252032520324,0.5348837209302325,-0.30303030303030304,1.069767441860465,0.033707865168539325,1.0574712643678161,0.027932960893854747,1.1219512195121952,0.05747126436781609,1.4375,0.1794871794871795,1.9574468085106382,0.3237410071942446,0.3615819209039548,-0.46887966804979253,0.3699421965317919,-0.459915611814346,0.4155844155844156,-0.41284403669724773,0.37209302325581395,-0.4576271186440678,0.7441860465116279,-0.14666666666666667,0.735632183908046,-0.152317880794702,0.7804878048780488,-0.1232876712328767,0.6956521739130435,-0.1794871794871795,1.3617021276595744,0.15315315315315314,0.2655367231638418,-0.5803571428571429,0.27167630057803466,-0.5727272727272728,0.3051948051948052,-0.5323383084577115,0.27325581395348836,-0.5707762557077626,0.5465116279069767,-0.2932330827067669,0.5402298850574713,-0.29850746268656714,0.573170731707317,-0.2713178294573643,0.5108695652173914,-0.3237410071942446,0.734375,-0.15315315315315314
3.31,295,277,340,406,354,391,297,347,317,341,-0.068421053,0.8374384236453202,-0.08847184986595175,0.96045197740113,-0.020172910662824207,0.8695652173913043,-0.06976744186046512,1.1447811447811447,0.06750392464678179,0.9798270893371758,-0.010189228529839884,1.0725552050473186,0.0350076103500761,0.9970674486803519,-0.0014684287812041115,1.152542372881356,0.07086614173228346,1.227436823104693,0.10210696920583469,1.1941176470588235,0.08847184986595175,1.1468926553672316,0.06842105263157895,1.0383631713554988,0.018820577164366373,1.367003367003367,0.155049786628734,1.1700288184438041,0.07835325365205843,1.2807570977917981,0.12309820193637622,1.1906158357771262,0.08701472556894244,1.376271186440678,0.15834522111269614,1.4657039711191335,0.18887262079062958,1.0411764705882354,0.020172910662824207,0.8719211822660099,-0.06842105263157895,0.9053708439897699,-0.049664429530201344,1.1919191919191918,0.08755760368663594,1.0201729106628241,0.009985734664764621,1.1167192429022081,0.05514157973174367,1.0381231671554252,0.01870503597122302,1.2,0.09090909090909091,1.2779783393501805,0.12202852614896989,1.15,0.06976744186046512,0.9630541871921182,-0.018820577164366373,1.1045197740112995,0.049664429530201344,1.3164983164983164,0.13662790697674418,1.1268011527377522,0.05962059620596206,1.2334384858044165,0.10451977401129943,1.1466275659824048,0.06830601092896176,1.3254237288135593,0.13994169096209913,1.4115523465703972,0.17065868263473055,0.8735294117647059,-0.06750392464678179,0.7315270935960592,-0.155049786628734,0.8389830508474576,-0.08755760368663594,0.7595907928388747,-0.13662790697674418,0.8559077809798271,-0.07763975155279502,0.9369085173501577,-0.03257328990228013,0.8709677419354839,-0.06896551724137931,1.006779661016949,0.0033783783783783786,1.0722021660649819,0.03484320557491289,1.0205882352941176,0.010189228529839884,0.854679802955665,-0.07835325365205843,0.980225988700565,-0.009985734664764621,0.887468030690537,-0.05962059620596206,1.1683501683501682,0.07763975155279502,1.0946372239747635,0.045180722891566265,1.0175953079178885,0.00872093023255814,1.176271186440678,0.08099688473520249,1.2527075812274369,0.11217948717948718,0.9323529411764706,-0.0350076103500761,0.7807881773399015,-0.12309820193637622,0.8954802259887006,-0.05514157973174367,0.8107416879795396,-0.10451977401129943,1.0673400673400673,0.03257328990228013,0.9135446685878963,-0.045180722891566265,0.9296187683284457,-0.0364741641337386,1.0745762711864406,0.03594771241830065,1.144404332129964,0.06734006734006734,1.0029411764705882,0.0014684287812041115,0.8399014778325123,-0.08701472556894244,0.963276836158192,-0.01870503597122302,0.8721227621483376,-0.06830601092896176,1.1481481481481481,0.06896551724137931,0.9827089337175793,-0.00872093023255814,1.0757097791798107,0.0364741641337386,1.1559322033898305,0.07232704402515723,1.2310469314079422,0.10355987055016182,0.8676470588235294,-0.07086614173228346,0.7266009852216748,-0.15834522111269614,0.8333333333333334,-0.09090909090909091,0.7544757033248082,-0.13994169096209913,0.9932659932659933,-0.0033783783783783786,0.8501440922190202,-0.08099688473520249,0.9305993690851735,-0.03594771241830065,0.8651026392961877,-0.07232704402515723,1.0649819494584838,0.03146853146853147,0.8147058823529412,-0.10210696920583469,0.6822660098522167,-0.18887262079062958,0.7824858757062146,-0.12202852614896989,0.7084398976982097,-0.17065868263473055,0.9326599326599326,-0.03484320557491289,0.7982708933717579,-0.11217948717948718,0.8738170347003155,-0.06734006734006734,0.8123167155425219,-0.10355987055016182,0.9389830508474576,-0.03146853146853147
2.14,25,9,215,332,258,246,25,40,22,9,-0.125423729,0.6475903614457831,-0.21389396709323583,0.8333333333333334,-0.09090909090909091,0.8739837398373984,-0.06724511930585683,8.6,0.7916666666666666,5.375,0.6862745098039216,9.772727272727273,0.8143459915611815,23.88888888888889,0.9196428571428571,8.6,0.7916666666666666,23.88888888888889,0.9196428571428571,1.544186046511628,0.21389396709323583,1.2868217054263567,0.12542372881355932,1.3495934959349594,0.14878892733564014,13.28,0.8599439775910365,8.3,0.7849462365591398,15.090909090909092,0.8757062146892656,36.888888888888886,0.9472140762463344,13.28,0.8599439775910365,36.888888888888886,0.9472140762463344,1.2,0.09090909090909091,0.7771084337349398,-0.12542372881355932,1.048780487804878,0.023809523809523808,10.32,0.823321554770318,6.45,0.7315436241610739,11.727272727272727,0.8428571428571429,28.666666666666668,0.9325842696629213,10.32,0.823321554770318,28.666666666666668,0.9325842696629213,1.1441860465116278,0.06724511930585683,0.7409638554216867,-0.14878892733564014,0.9534883720930233,-0.023809523809523808,9.84,0.8154981549815498,6.15,0.7202797202797203,11.181818181818182,0.835820895522388,27.333333333333332,0.9294117647058824,9.84,0.8154981549815498,27.333333333333332,0.9294117647058824,0.11627906976744186,-0.7916666666666666,0.07530120481927711,-0.8599439775910365,0.09689922480620156,-0.823321554770318,0.1016260162601626,-0.8154981549815498,0.625,-0.23076923076923078,1.1363636363636365,0.06382978723404255,2.7777777777777777,0.47058823529411764,1.0,0.0,2.7777777777777777,0.47058823529411764,0.18604651162790697,-0.6862745098039216,0.12048192771084337,-0.7849462365591398,0.15503875968992248,-0.7315436241610739,0.16260162601626016,-0.7202797202797203,1.6,0.23076923076923078,1.8181818181818181,0.2903225806451613,4.444444444444445,0.6326530612244898,1.6,0.23076923076923078,4.444444444444445,0.6326530612244898,0.10232558139534884,-0.8143459915611815,0.06626506024096386,-0.8757062146892656,0.08527131782945736,-0.8428571428571429,0.08943089430894309,-0.835820895522388,0.88,-0.06382978723404255,0.55,-0.2903225806451613,2.4444444444444446,0.41935483870967744,0.88,-0.06382978723404255,2.4444444444444446,0.41935483870967744,0.04186046511627907,-0.9196428571428571,0.02710843373493976,-0.9472140762463344,0.03488372093023256,-0.9325842696629213,0.036585365853658534,-0.9294117647058824,0.36,-0.47058823529411764,0.225,-0.6326530612244898,0.4090909090909091,-0.41935483870967744,0.36,-0.47058823529411764,1.0,0.0,0.11627906976744186,-0.7916666666666666,0.07530120481927711,-0.8599439775910365,0.09689922480620156,-0.823321554770318,0.1016260162601626,-0.8154981549815498,1.0,0.0,0.625,-0.23076923076923078,1.1363636363636365,0.06382978723404255,2.7777777777777777,0.47058823529411764,2.7777777777777777,0.47058823529411764,0.04186046511627907,-0.9196428571428571,0.02710843373493976,-0.9472140762463344,0.03488372093023256,-0.9325842696629213,0.036585365853658534,-0.9294117647058824,0.36,-0.47058823529411764,0.225,-0.6326530612244898,0.4090909090909091,-0.41935483870967744,1.0,0.0,0.36,-0.47058823529411764
5.81,31,28,211,354,282,218,20,33,26,10,-0.113207547,0.596045197740113,-0.25309734513274335,0.74822695035461,-0.1440162271805274,0.9678899082568807,-0.016317016317016316,10.55,0.8268398268398268,6.393939393939394,0.7295081967213115,8.115384615384615,0.7805907172995781,21.1,0.9095022624434389,6.806451612903226,0.743801652892562,7.535714285714286,0.7656903765690377,1.6777251184834123,0.25309734513274335,1.2553191489361701,0.11320754716981132,1.6238532110091743,0.23776223776223776,17.7,0.893048128342246,10.727272727272727,0.8294573643410853,13.615384615384615,0.8631578947368421,35.4,0.945054945054945,11.419354838709678,0.8389610389610389,12.642857142857142,0.8534031413612565,1.3364928909952607,0.1440162271805274,0.7966101694915254,-0.11320754716981132,1.2935779816513762,0.128,14.1,0.8675496688741722,8.545454545454545,0.7904761904761904,10.846153846153847,0.8311688311688312,28.2,0.9315068493150684,9.096774193548388,0.8019169329073482,10.071428571428571,0.8193548387096774,1.033175355450237,0.016317016317016316,0.615819209039548,-0.23776223776223776,0.7730496453900709,-0.128,10.9,0.8319327731092437,6.606060606060606,0.7370517928286853,8.384615384615385,0.7868852459016393,21.8,0.9122807017543859,7.032258064516129,0.751004016064257,7.785714285714286,0.7723577235772358,0.0947867298578199,-0.8268398268398268,0.05649717514124294,-0.893048128342246,0.07092198581560284,-0.8675496688741722,0.09174311926605505,-0.8319327731092437,0.6060606060606061,-0.24528301886792453,0.7692307692307693,-0.13043478260869565,2.0,0.3333333333333333,0.6451612903225806,-0.21568627450980393,0.7142857142857143,-0.16666666666666666,0.15639810426540285,-0.7295081967213115,0.09322033898305085,-0.8294573643410853,0.11702127659574468,-0.7904761904761904,0.15137614678899083,-0.7370517928286853,1.65,0.24528301886792453,1.2692307692307692,0.11864406779661017,3.3,0.5348837209302325,1.064516129032258,0.03125,1.1785714285714286,0.08196721311475409,0.12322274881516587,-0.7805907172995781,0.07344632768361582,-0.8631578947368421,0.09219858156028368,-0.8311688311688312,0.11926605504587157,-0.7868852459016393,1.3,0.13043478260869565,0.7878787878787878,-0.11864406779661017,2.6,0.4444444444444444,0.8387096774193549,-0.08771929824561403,0.9285714285714286,-0.037037037037037035,0.04739336492890995,-0.9095022624434389,0.02824858757062147,-0.945054945054945,0.03546099290780142,-0.9315068493150684,0.045871559633027525,-0.9122807017543859,0.5,-0.3333333333333333,0.30303030303030304,-0.5348837209302325,0.38461538461538464,-0.4444444444444444,0.3225806451612903,-0.5121951219512195,0.35714285714285715,-0.47368421052631576,0.14691943127962084,-0.743801652892562,0.08757062146892655,-0.8389610389610389,0.1099290780141844,-0.8019169329073482,0.14220183486238533,-0.751004016064257,1.55,0.21568627450980393,0.9393939393939394,-0.03125,1.1923076923076923,0.08771929824561403,3.1,0.5121951219512195,1.1071428571428572,0.05084745762711865,0.13270142180094788,-0.7656903765690377,0.07909604519774012,-0.8534031413612565,0.09929078014184398,-0.8193548387096774,0.12844036697247707,-0.7723577235772358,1.4,0.16666666666666666,0.8484848484848485,-0.08196721311475409,1.0769230769230769,0.037037037037037035,2.8,0.47368421052631576,0.9032258064516129,-0.05084745762711865
2.33,52,47,391,664,351,250,46,46,40,49,-0.308374384,0.588855421686747,-0.25876777251184835,1.1139601139601139,0.05390835579514825,1.564,0.21996879875195008,8.5,0.7894736842105263,8.5,0.7894736842105263,9.775,0.814385150812065,7.979591836734694,0.7772727272727272,7.519230769230769,0.7652370203160271,8.319148936170214,0.7853881278538812,1.6982097186700766,0.25876777251184835,1.8917378917378918,0.3083743842364532,2.656,0.45295404814004375,14.434782608695652,0.8704225352112676,14.434782608695652,0.8704225352112676,16.6,0.8863636363636364,13.551020408163266,0.8625525946704067,12.76923076923077,0.8547486033519553,14.127659574468085,0.8677918424753868,0.8976982097186701,-0.05390835579514825,0.5286144578313253,-0.3083743842364532,1.404,0.16805324459234608,7.630434782608695,0.7682619647355163,7.630434782608695,0.7682619647355163,8.775,0.7953964194373402,7.163265306122449,0.755,6.75,0.7419354838709677,7.468085106382978,0.7638190954773869,0.639386189258312,-0.21996879875195008,0.37650602409638556,-0.45295404814004375,0.7122507122507122,-0.16805324459234608,5.434782608695652,0.6891891891891891,5.434782608695652,0.6891891891891891,6.25,0.7241379310344828,5.1020408163265305,0.6722408026755853,4.8076923076923075,0.6556291390728477,5.319148936170213,0.6835016835016835,0.11764705882352941,-0.7894736842105263,0.06927710843373494,-0.8704225352112676,0.13105413105413105,-0.7682619647355163,0.184,-0.6891891891891891,1.0,0.0,1.15,0.06976744186046512,0.9387755102040817,-0.031578947368421054,0.8846153846153846,-0.061224489795918366,0.9787234042553191,-0.010752688172043012,0.11764705882352941,-0.7894736842105263,0.06927710843373494,-0.8704225352112676,0.13105413105413105,-0.7682619647355163,0.184,-0.6891891891891891,1.0,0.0,1.15,0.06976744186046512,0.9387755102040817,-0.031578947368421054,0.8846153846153846,-0.061224489795918366,0.9787234042553191,-0.010752688172043012,0.10230179028132992,-0.814385150812065,0.060240963855421686,-0.8863636363636364,0.11396011396011396,-0.7953964194373402,0.16,-0.7241379310344828,0.8695652173913043,-0.06976744186046512,0.8695652173913043,-0.06976744186046512,0.8163265306122449,-0.10112359550561797,0.7692307692307693,-0.13043478260869565,0.851063829787234,-0.08045977011494253,0.12531969309462915,-0.7772727272727272,0.07379518072289157,-0.8625525946704067,0.1396011396011396,-0.755,0.196,-0.6722408026755853,1.065217391304348,0.031578947368421054,1.065217391304348,0.031578947368421054,1.225,0.10112359550561797,0.9423076923076923,-0.0297029702970297,1.0425531914893618,0.020833333333333332,0.1329923273657289,-0.7652370203160271,0.0783132530120482,-0.8547486033519553,0.14814814814814814,-0.7419354838709677,0.208,-0.6556291390728477,1.1304347826086956,0.061224489795918366,1.1304347826086956,0.061224489795918366,1.3,0.13043478260869565,1.0612244897959184,0.0297029702970297,1.1063829787234043,0.050505050505050504,0.12020460358056266,-0.7853881278538812,0.07078313253012049,-0.8677918424753868,0.1339031339031339,-0.7638190954773869,0.188,-0.6835016835016835,1.0217391304347827,0.010752688172043012,1.0217391304347827,0.010752688172043012,1.175,0.08045977011494253,0.9591836734693877,-0.020833333333333332,0.9038461538461539,-0.050505050505050504
2.07,42,38,161,314,269,210,20,28,38,11,-0.077186964,0.5127388535031847,-0.32210526315789473,0.5985130111524164,-0.25116279069767444,0.7666666666666667,-0.1320754716981132,8.05,0.7790055248618785,5.75,0.7037037037037037,4.2368421052631575,0.6180904522613065,14.636363636363637,0.872093023255814,3.8333333333333335,0.5862068965517241,4.2368421052631575,0.6180904522613065,1.950310559006211,0.32210526315789473,1.1672862453531598,0.07718696397941681,1.4952380952380953,0.1984732824427481,15.7,0.8802395209580839,11.214285714285714,0.8362573099415205,8.263157894736842,0.7840909090909091,28.545454545454547,0.9323076923076923,7.476190476190476,0.7640449438202247,8.263157894736842,0.7840909090909091,1.670807453416149,0.25116279069767444,0.856687898089172,-0.07718696397941681,1.2809523809523808,0.12317327766179541,13.45,0.8615916955017301,9.607142857142858,0.8114478114478114,7.078947368421052,0.752442996742671,24.454545454545453,0.9214285714285714,6.404761904761905,0.729903536977492,7.078947368421052,0.752442996742671,1.3043478260869565,0.1320754716981132,0.6687898089171974,-0.1984732824427481,0.7806691449814126,-0.12317327766179541,10.5,0.8260869565217391,7.5,0.7647058823529411,5.526315789473684,0.6935483870967742,19.09090909090909,0.9004524886877828,5.0,0.6666666666666666,5.526315789473684,0.6935483870967742,0.12422360248447205,-0.7790055248618785,0.06369426751592357,-0.8802395209580839,0.07434944237918216,-0.8615916955017301,0.09523809523809523,-0.8260869565217391,0.7142857142857143,-0.16666666666666666,0.5263157894736842,-0.3103448275862069,1.8181818181818181,0.2903225806451613,0.47619047619047616,-0.3548387096774194,0.5263157894736842,-0.3103448275862069,0.17391304347826086,-0.7037037037037037,0.08917197452229299,-0.8362573099415205,0.10408921933085502,-0.8114478114478114,0.13333333333333333,-0.7647058823529411,1.4,0.16666666666666666,0.7368421052631579,-0.15151515151515152,2.5454545454545454,0.4358974358974359,0.6666666666666666,-0.2,0.7368421052631579,-0.15151515151515152,0.2360248447204969,-0.6180904522613065,0.12101910828025478,-0.7840909090909091,0.1412639405204461,-0.752442996742671,0.18095238095238095,-0.6935483870967742,1.9,0.3103448275862069,1.3571428571428572,0.15151515151515152,3.4545454545454546,0.5510204081632653,0.9047619047619048,-0.05,1.0,0.0,0.06832298136645963,-0.872093023255814,0.03503184713375796,-0.9323076923076923,0.040892193308550186,-0.9214285714285714,0.05238095238095238,-0.9004524886877828,0.55,-0.2903225806451613,0.39285714285714285,-0.4358974358974359,0.2894736842105263,-0.5510204081632653,0.2619047619047619,-0.5849056603773585,0.2894736842105263,-0.5510204081632653,0.2608695652173913,-0.5862068965517241,0.1337579617834395,-0.7640449438202247,0.15613382899628253,-0.729903536977492,0.2,-0.6666666666666666,2.1,0.3548387096774194,1.5,0.2,1.105263157894737,0.05,3.8181818181818183,0.5849056603773585,1.105263157894737,0.05,0.2360248447204969,-0.6180904522613065,0.12101910828025478,-0.7840909090909091,0.1412639405204461,-0.752442996742671,0.18095238095238095,-0.6935483870967742,1.9,0.3103448275862069,1.3571428571428572,0.15151515151515152,1.0,0.0,3.4545454545454546,0.5510204081632653,0.9047619047619048,-0.05
8.11,393,352,1195,1425,943,805,477,474,492,441,-0.203547297,0.8385964912280702,-0.08778625954198473,1.2672322375397667,0.11786716557530402,1.484472049689441,0.195,2.5052410901467503,0.42942583732057416,2.521097046413502,0.43199520671060515,2.428861788617886,0.4167160640189686,2.709750566893424,0.460880195599022,3.040712468193384,0.5050377833753149,3.3948863636363638,0.5449256625727213,1.1924686192468619,0.08778625954198473,1.511134676564157,0.20354729729729729,1.7701863354037266,0.27802690582959644,2.9874213836477987,0.49842271293375395,3.0063291139240507,0.5007898894154819,2.8963414634146343,0.486697965571205,3.2312925170068025,0.5273311897106109,3.6259541984732824,0.5676567656765676,4.048295454545454,0.6038266741699494,0.7891213389121339,-0.11786716557530402,0.6617543859649123,-0.20354729729729729,1.1714285714285715,0.07894736842105263,1.9769392033542976,0.32816901408450705,1.989451476793249,0.33098094565984476,1.9166666666666667,0.3142857142857143,2.1383219954648527,0.3627167630057804,2.399491094147583,0.4116766467065868,2.678977272727273,0.4563706563706564,0.6736401673640168,-0.195,0.5649122807017544,-0.27802690582959644,0.8536585365853658,-0.07894736842105263,1.6876310272536688,0.25585023400936036,1.6983122362869199,0.25879593432369036,1.636178861788618,0.2413261372397841,1.8253968253968254,0.29213483146067415,2.0483460559796436,0.34390651085141904,2.2869318181818183,0.3915298184961106,0.399163179916318,-0.42942583732057416,0.33473684210526317,-0.49842271293375395,0.5058324496288441,-0.32816901408450705,0.5925465838509317,-0.25585023400936036,1.0063291139240507,0.0031545741324921135,0.9695121951219512,-0.015479876160990712,1.0816326530612246,0.0392156862745098,1.213740458015267,0.09655172413793103,1.3551136363636365,0.15078407720144751,0.396652719665272,-0.43199520671060515,0.33263157894736844,-0.5007898894154819,0.5026511134676565,-0.33098094565984476,0.5888198757763975,-0.25879593432369036,0.9937106918238994,-0.0031545741324921135,0.9634146341463414,-0.018633540372670808,1.0748299319727892,0.036065573770491806,1.2061068702290076,0.09342560553633218,1.3465909090909092,0.14769975786924938,0.4117154811715481,-0.4167160640189686,0.3452631578947368,-0.486697965571205,0.5217391304347826,-0.3142857142857143,0.6111801242236025,-0.2413261372397841,1.0314465408805031,0.015479876160990712,1.0379746835443038,0.018633540372670808,1.1156462585034013,0.05466237942122187,1.251908396946565,0.11186440677966102,1.3977272727272727,0.16587677725118483,0.36903765690376567,-0.460880195599022,0.3094736842105263,-0.5273311897106109,0.4676564156945917,-0.3627167630057804,0.5478260869565217,-0.29213483146067415,0.9245283018867925,-0.0392156862745098,0.930379746835443,-0.036065573770491806,0.8963414634146342,-0.05466237942122187,1.1221374045801527,0.05755395683453238,1.2528409090909092,0.11223203026481715,0.3288702928870293,-0.5050377833753149,0.27578947368421053,-0.5676567656765676,0.41675503711558853,-0.4116766467065868,0.48819875776397514,-0.34390651085141904,0.8238993710691824,-0.09655172413793103,0.8291139240506329,-0.09342560553633218,0.7987804878048781,-0.11186440677966102,0.891156462585034,-0.05755395683453238,1.1164772727272727,0.05503355704697987,0.29456066945606696,-0.5449256625727213,0.24701754385964914,-0.6038266741699494,0.37327677624602335,-0.4563706563706564,0.4372670807453416,-0.3915298184961106,0.7379454926624738,-0.15078407720144751,0.7426160337552743,-0.14769975786924938,0.7154471544715447,-0.16587677725118483,0.7981859410430839,-0.11223203026481715,0.8956743002544529,-0.05503355704697987
3.2,494,452,781,1011,737,688,493,494,476,479,-0.156750572,0.7725024727992087,-0.12834821428571427,1.0597014925373134,0.028985507246376812,1.135174418604651,0.06330837304288632,1.5841784989858012,0.2260596546310832,1.5809716599190284,0.22509803921568627,1.6407563025210083,0.24264120922832141,1.6304801670146138,0.2396825396825397,1.5809716599190284,0.22509803921568627,1.7278761061946903,0.26682887266828875,1.29449423815621,0.12834821428571427,1.3717774762550883,0.15675057208237986,1.4694767441860466,0.19011183048852265,2.050709939148073,0.34441489361702127,2.0465587044534415,0.34352159468438537,2.1239495798319328,0.3597848016139879,2.1106471816283925,0.35704697986577183,2.0465587044534415,0.34352159468438537,2.2367256637168142,0.3820915926179084,0.9436619718309859,-0.028985507246376812,0.7289812067260139,-0.15675057208237986,1.0712209302325582,0.0343859649122807,1.4949290060851927,0.1983739837398374,1.491902834008097,0.19740048740861088,1.5483193277310925,0.21516900247320692,1.5386221294363256,0.21217105263157895,1.491902834008097,0.19740048740861088,1.6305309734513274,0.2396972245584525,0.8809218950064021,-0.06330837304288632,0.6805143422354105,-0.19011183048852265,0.9335142469470827,-0.0343859649122807,1.3955375253549696,0.1651143099068586,1.3927125506072875,0.16412859560067683,1.4453781512605042,0.18213058419243985,1.4363256784968685,0.1790916880891174,1.3927125506072875,0.16412859560067683,1.5221238938053097,0.20701754385964913,0.6312419974391805,-0.2260596546310832,0.4876360039564787,-0.34441489361702127,0.6689280868385346,-0.1983739837398374,0.7165697674418605,-0.1651143099068586,0.9979757085020243,-0.0010131712259371835,1.0357142857142858,0.017543859649122806,1.0292275574112735,0.01440329218106996,0.9979757085020243,-0.0010131712259371835,1.0907079646017699,0.04338624338624339,0.6325224071702945,-0.22509803921568627,0.4886251236399604,-0.34352159468438537,0.6702849389416553,-0.19740048740861088,0.7180232558139535,-0.16412859560067683,1.002028397565923,0.0010131712259371835,1.0378151260504203,0.018556701030927835,1.0313152400835073,0.015416238437821172,1.0,0.0,1.092920353982301,0.04439746300211417,0.6094750320102432,-0.24264120922832141,0.4708209693372898,-0.3597848016139879,0.6458616010854816,-0.21516900247320692,0.6918604651162791,-0.18213058419243985,0.9655172413793104,-0.017543859649122806,0.9635627530364372,-0.018556701030927835,0.9937369519832986,-0.0031413612565445027,0.9635627530364372,-0.018556701030927835,1.0530973451327434,0.02586206896551724,0.6133162612035852,-0.2396825396825397,0.47378832838773494,-0.35704697986577183,0.649932157394844,-0.21217105263157895,0.6962209302325582,-0.1790916880891174,0.9716024340770791,-0.01440329218106996,0.9696356275303644,-0.015416238437821172,1.0063025210084033,0.0031413612565445027,0.9696356275303644,-0.015416238437821172,1.0597345132743363,0.02900107411385607,0.6325224071702945,-0.22509803921568627,0.4886251236399604,-0.34352159468438537,0.6702849389416553,-0.19740048740861088,0.7180232558139535,-0.16412859560067683,1.002028397565923,0.0010131712259371835,1.0,0.0,1.0378151260504203,0.018556701030927835,1.0313152400835073,0.015416238437821172,1.092920353982301,0.04439746300211417,0.5787451984635084,-0.26682887266828875,0.44708209693372897,-0.3820915926179084,0.6132971506105834,-0.2396972245584525,0.6569767441860465,-0.20701754385964913,0.9168356997971603,-0.04338624338624339,0.9149797570850202,-0.04439746300211417,0.9495798319327731,-0.02586206896551724,0.9436325678496869,-0.02900107411385607,0.9149797570850202,-0.04439746300211417
2.33,584,508,890,1125,859,794,621,622,643,602,-0.134072581,0.7911111111111111,-0.11662531017369727,1.0360884749708963,0.017724413950829045,1.1209068010075567,0.057007125890736345,1.43317230273752,0.17802779616148245,1.4308681672025723,0.17724867724867724,1.3841368584758942,0.16112198303979125,1.478405315614618,0.19302949061662197,1.523972602739726,0.20759837177747625,1.7519685039370079,0.2732474964234621,1.2640449438202248,0.11662531017369727,1.309662398137369,0.13407258064516128,1.4168765743073048,0.17248566961959355,1.8115942028985508,0.28865979381443296,1.8086816720257235,0.2879221522610189,1.7496111975116642,0.27262443438914025,1.8687707641196014,0.3028372900984366,1.9263698630136987,0.3165593914569924,2.2145669291338583,0.37783221065523576,0.9651685393258427,-0.017724413950829045,0.7635555555555555,-0.13407258064516128,1.0818639798488665,0.03932244404113733,1.3832528180354267,0.1608108108108108,1.3810289389067525,0.1600270087778528,1.3359253499222394,0.14380825565912117,1.4269102990033222,0.1759069130732375,1.470890410958904,0.19057519057519057,1.6909448818897639,0.25676664228237017,0.8921348314606742,-0.057007125890736345,0.7057777777777777,-0.17248566961959355,0.9243306169965075,-0.03932244404113733,1.2785829307568437,0.12226148409893993,1.2765273311897105,0.12146892655367232,1.234836702954899,0.10508002783576896,1.318936877076412,0.13753581661891118,1.3595890410958904,0.15239477503628446,1.562992125984252,0.2196620583717358,0.697752808988764,-0.17802779616148245,0.552,-0.28865979381443296,0.7229336437718277,-0.1608108108108108,0.7821158690176322,-0.12226148409893993,0.9983922829581994,-0.0008045052292839903,0.9657853810264385,-0.01740506329113924,1.0315614617940199,0.01553556827473426,1.0633561643835616,0.030705394190871368,1.2224409448818898,0.10008857395925598,0.698876404494382,-0.17724867724867724,0.5528888888888889,-0.2879221522610189,0.7240977881257276,-0.1600270087778528,0.783375314861461,-0.12146892655367232,1.001610305958132,0.0008045052292839903,0.9673405909797823,-0.016600790513833993,1.0332225913621262,0.016339869281045753,1.0650684931506849,0.03150912106135987,1.2244094488188977,0.10088495575221239,0.7224719101123596,-0.16112198303979125,0.5715555555555556,-0.27262443438914025,0.7485448195576252,-0.14380825565912117,0.809823677581864,-0.10508002783576896,1.035426731078905,0.01740506329113924,1.0337620578778135,0.016600790513833993,1.0681063122923589,0.03293172690763052,1.101027397260274,0.04808475957620212,1.265748031496063,0.11728931364031277,0.6764044943820224,-0.19302949061662197,0.5351111111111111,-0.3028372900984366,0.7008149010477299,-0.1759069130732375,0.7581863979848866,-0.13753581661891118,0.9694041867954911,-0.01553556827473426,0.9678456591639871,-0.016339869281045753,0.9362363919129082,-0.03293172690763052,1.0308219178082192,0.01517706576728499,1.18503937007874,0.08468468468468468,0.6561797752808989,-0.20759837177747625,0.5191111111111111,-0.3165593914569924,0.6798603026775321,-0.19057519057519057,0.7355163727959698,-0.15239477503628446,0.9404186795491143,-0.030705394190871368,0.9389067524115756,-0.03150912106135987,0.9082426127527217,-0.04808475957620212,0.9700996677740864,-0.01517706576728499,1.1496062992125984,0.0695970695970696,0.5707865168539326,-0.2732474964234621,0.45155555555555554,-0.37783221065523576,0.5913853317811408,-0.25676664228237017,0.6397984886649875,-0.2196620583717358,0.8180354267310789,-0.10008857395925598,0.8167202572347267,-0.10088495575221239,0.7900466562986003,-0.11728931364031277,0.8438538205980066,-0.08468468468468468,0.8698630136986302,-0.0695970695970696
1.76,1047,973,1273,1488,1229,1242,1076,1080,1043,1060,-0.095325727,0.855510752688172,-0.07787033683448026,1.0358014646053701,0.017585931254996003,1.0249597423510468,0.012326043737574552,1.183085501858736,0.08386547467007237,1.1787037037037038,0.08202294942626434,1.2205177372962608,0.09930915371329879,1.200943396226415,0.09129875696528075,1.21585482330468,0.09741379310344828,1.3083247687564235,0.13357079252003562,1.168892380204242,0.07787033683448026,1.210740439381611,0.09532572690467428,1.1980676328502415,0.09010989010989011,1.3828996282527881,0.1606864274570983,1.3777777777777778,0.1588785046728972,1.426653883029722,0.1758198340576847,1.4037735849056603,0.16797488226059654,1.4212034383954155,0.1739644970414201,1.5292908530318603,0.20926452661519707,0.9654359780047133,-0.017585931254996003,0.8259408602150538,-0.09532572690467428,0.9895330112721417,-0.005261027923917442,1.1421933085501859,0.06637744034707159,1.137962962962963,0.06453009961022088,1.1783317353787153,0.0818661971830986,1.159433962264151,0.07383136740934906,1.1738299904489016,0.07996485061511424,1.263103802672148,0.11625794732061762,0.9756480754124116,-0.012326043737574552,0.8346774193548387,-0.09010989010989011,1.0105777054515868,0.005261027923917442,1.154275092936803,0.07161345987920621,1.15,0.06976744186046512,1.1907957813998082,0.08708971553610503,1.1716981132075472,0.0790616854908775,1.186246418338109,0.08519003931847968,1.276464542651593,0.12144469525959369,0.845247446975648,-0.08386547467007237,0.7231182795698925,-0.1606864274570983,0.8755085435313262,-0.06637744034707159,0.8663446054750402,-0.07161345987920621,0.9962962962962963,-0.0018552875695732839,1.0316395014381592,0.01557338367154318,1.0150943396226415,0.00749063670411985,1.0276981852913085,0.013659915214319359,1.1058581706063721,0.050268423621278674,0.8483896307934015,-0.08202294942626434,0.7258064516129032,-0.1588785046728972,0.8787632221318145,-0.06453009961022088,0.8695652173913043,-0.06976744186046512,1.003717472118959,0.0018552875695732839,1.0354745925215725,0.017428167687235045,1.0188679245283019,0.009345794392523364,1.0315186246418337,0.015514809590973202,1.1099691675231245,0.05211885046273746,0.819324430479183,-0.09930915371329879,0.7009408602150538,-0.1758198340576847,0.8486574450772986,-0.0818661971830986,0.8397745571658615,-0.08708971553610503,0.9693308550185874,-0.01557338367154318,0.9657407407407408,-0.017428167687235045,0.9839622641509433,-0.008083689966714217,0.9961795606494747,-0.0019138755980861245,1.0719424460431655,0.034722222222222224,0.8326787117046347,-0.09129875696528075,0.7123655913978495,-0.16797488226059654,0.8624898291293734,-0.07383136740934906,0.8534621578099839,-0.0790616854908775,0.9851301115241635,-0.00749063670411985,0.9814814814814815,-0.009345794392523364,1.0162991371045063,0.008083689966714217,1.0124164278892072,0.006169909824394874,1.0894141829393629,0.04279390063944909,0.8224666142969363,-0.09741379310344828,0.7036290322580645,-0.1739644970414201,0.8519121236777868,-0.07996485061511424,0.8429951690821256,-0.08519003931847968,0.9730483271375465,-0.013659915214319359,0.9694444444444444,-0.015514809590973202,1.0038350910834133,0.0019138755980861245,0.9877358490566037,-0.006169909824394874,1.0760534429599178,0.03663366336633663,0.7643362136684996,-0.13357079252003562,0.6538978494623656,-0.20926452661519707,0.7917005695687551,-0.11625794732061762,0.78341384863124,-0.12144469525959369,0.904275092936803,-0.050268423621278674,0.9009259259259259,-0.05211885046273746,0.9328859060402684,-0.034722222222222224,0.9179245283018868,-0.04279390063944909,0.9293218720152817,-0.03663366336633663
1.8,965,883,1216,1443,1125,1182,1028,1013,924,991,-0.123831776,0.8426888426888427,-0.08537044001504325,1.0808888888888888,0.03887227680478428,1.0287648054145515,0.014178482068390326,1.1828793774319066,0.08377896613190731,1.2003948667324777,0.09107222969941678,1.316017316017316,0.13644859813084112,1.2270433905146316,0.10194834617127323,1.2601036269430053,0.11508482347546997,1.377123442808607,0.1586469747498809,1.1866776315789473,0.08537044001504325,1.2826666666666666,0.12383177570093458,1.2208121827411167,0.09942857142857142,1.4036964980544746,0.1679481991096722,1.424481737413623,0.1750814332247557,1.5616883116883118,0.21926489226869456,1.4561049445005045,0.18570254724732949,1.4953367875647667,0.19850498338870431,1.6342015855039638,0.2407566638005159,0.9251644736842105,-0.03887227680478428,0.7796257796257796,-0.12383177570093458,0.9517766497461929,-0.0247074122236671,1.0943579766536966,0.04505341384115188,1.1105626850937809,0.052385406922357346,1.2175324675324675,0.09809663250366032,1.1352169525731584,0.06332703213610585,1.16580310880829,0.07655502392344497,1.274065685164213,0.1205179282868526,0.9720394736842105,-0.014178482068390326,0.8191268191268192,-0.09942857142857142,1.0506666666666666,0.0247074122236671,1.149805447470817,0.06968325791855204,1.1668311944718657,0.07699316628701594,1.2792207792207793,0.1225071225071225,1.1927346115035318,0.0878969167050161,1.2248704663212435,0.10107126222636237,1.3386183465458663,0.14479418886198547,0.8453947368421053,-0.08377896613190731,0.7124047124047124,-0.1679481991096722,0.9137777777777778,-0.04505341384115188,0.8697123519458545,-0.06968325791855204,1.014807502467917,0.007349338559529643,1.1125541125541125,0.05327868852459016,1.0373360242179617,0.018325903912828134,1.0652849740932642,0.03161063723030607,1.1642129105322763,0.07587650444793302,0.8330592105263158,-0.09107222969941678,0.702009702009702,-0.1750814332247557,0.9004444444444445,-0.052385406922357346,0.8570219966159053,-0.07699316628701594,0.9854085603112841,-0.007349338559529643,1.0963203463203464,0.04594734124935467,1.0221997981836528,0.010978043912175649,1.0497409326424871,0.024266936299292215,1.1472253680634201,0.06856540084388185,0.7598684210526315,-0.13644859813084112,0.6403326403326404,-0.21926489226869456,0.8213333333333334,-0.09809663250366032,0.7817258883248731,-0.1225071225071225,0.8988326848249028,-0.05327868852459016,0.912142152023692,-0.04594734124935467,0.9323915237134208,-0.03498694516971279,0.9575129533678757,-0.02170460561143462,1.0464326160815403,0.022689540675152185,0.8149671052631579,-0.10194834617127323,0.6867636867636867,-0.18570254724732949,0.8808888888888889,-0.06332703213610585,0.8384094754653131,-0.0878969167050161,0.9640077821011673,-0.018325903912828134,0.9782823297137216,-0.010978043912175649,1.0725108225108224,0.03498694516971279,1.026943005181347,0.013292433537832311,1.1223103057757644,0.0576307363927428,0.7935855263157895,-0.11508482347546997,0.6687456687456688,-0.19850498338870431,0.8577777777777778,-0.07655502392344497,0.8164128595600677,-0.10107126222636237,0.938715953307393,-0.03161063723030607,0.9526159921026653,-0.024266936299292215,1.0443722943722944,0.02170460561143462,0.9737638748738647,-0.013292433537832311,1.0928652321630805,0.044372294372294376,0.7261513157894737,-0.1586469747498809,0.611919611919612,-0.2407566638005159,0.7848888888888889,-0.1205179282868526,0.7470389170896785,-0.14479418886198547,0.8589494163424124,-0.07587650444793302,0.8716683119447186,-0.06856540084388185,0.9556277056277056,-0.022689540675152185,0.8910191725529768,-0.0576307363927428,0.9150259067357513,-0.044372294372294376
2.07,876,775,1190,1396,1103,1102,936,909,882,876,-0.117246899,0.8524355300859598,-0.07965970610982212,1.0788757932910245,0.03794156127344091,1.0798548094373865,0.038394415357766144,1.2713675213675213,0.11947318908748825,1.3091309130913091,0.13387327298713672,1.3492063492063493,0.14864864864864866,1.3584474885844748,0.15198451113262343,1.3584474885844748,0.15198451113262343,1.5354838709677419,0.21119592875318066,1.173109243697479,0.07965970610982212,1.2656391659111514,0.1172468987595038,1.2667876588021778,0.1176941553242594,1.4914529914529915,0.19725557461406518,1.5357535753575358,0.21127982646420823,1.582766439909297,0.22563652326602282,1.5936073059360731,0.22887323943661972,1.5936073059360731,0.22887323943661972,1.8012903225806451,0.2860432980193459,0.926890756302521,-0.03794156127344091,0.7901146131805158,-0.1172468987595038,1.0009074410163339,0.00045351473922902497,1.1784188034188035,0.08190289357528201,1.2134213421342135,0.09642147117296222,1.2505668934240364,0.11133501259445844,1.2591324200913243,0.1147043961596766,1.2591324200913243,0.1147043961596766,1.423225806451613,0.17465388711395102,0.9260504201680673,-0.038394415357766144,0.7893982808022922,-0.1176941553242594,0.99909338168631,-0.00045351473922902497,1.1773504273504274,0.08145240431795878,1.2123212321232124,0.09597215315763302,1.2494331065759636,0.11088709677419355,1.2579908675799087,0.11425682507583418,1.2579908675799087,0.11425682507583418,1.4219354838709677,0.1742141715503463,0.7865546218487395,-0.11947318908748825,0.670487106017192,-0.19725557461406518,0.8485947416137806,-0.08190289357528201,0.8493647912885662,-0.08145240431795878,1.0297029702970297,0.014634146341463415,1.0612244897959184,0.0297029702970297,1.0684931506849316,0.033112582781456956,1.0684931506849316,0.033112582781456956,1.207741935483871,0.09409701928696669,0.7638655462184873,-0.13387327298713672,0.6511461318051576,-0.21127982646420823,0.8241160471441523,-0.09642147117296222,0.8248638838475499,-0.09597215315763302,0.9711538461538461,-0.014634146341463415,1.030612244897959,0.01507537688442211,1.0376712328767124,0.018487394957983194,1.0376712328767124,0.018487394957983194,1.1729032258064516,0.07957244655581948,0.7411764705882353,-0.14864864864864866,0.6318051575931232,-0.22563652326602282,0.7996373526745241,-0.11133501259445844,0.8003629764065335,-0.11088709677419355,0.9423076923076923,-0.0297029702970297,0.9702970297029703,-0.01507537688442211,1.0068493150684932,0.0034129692832764505,1.0068493150684932,0.0034129692832764505,1.1380645161290324,0.06457453228726615,0.7361344537815127,-0.15198451113262343,0.6275071633237822,-0.22887323943661972,0.7941976427923844,-0.1147043961596766,0.79491833030853,-0.11425682507583418,0.9358974358974359,-0.033112582781456956,0.9636963696369637,-0.018487394957983194,0.9931972789115646,-0.0034129692832764505,1.0,0.0,1.1303225806451613,0.06117504542701393,0.7361344537815127,-0.15198451113262343,0.6275071633237822,-0.22887323943661972,0.7941976427923844,-0.1147043961596766,0.79491833030853,-0.11425682507583418,0.9358974358974359,-0.033112582781456956,0.9636963696369637,-0.018487394957983194,0.9931972789115646,-0.0034129692832764505,1.0,0.0,1.1303225806451613,0.06117504542701393,0.6512605042016807,-0.21119592875318066,0.5551575931232091,-0.2860432980193459,0.7026291931097008,-0.17465388711395102,0.7032667876588021,-0.1742141715503463,0.8279914529914529,-0.09409701928696669,0.8525852585258525,-0.07957244655581948,0.8786848072562359,-0.06457453228726615,0.884703196347032,-0.06117504542701393,0.884703196347032,-0.06117504542701393
3.21,274,261,310,440,377,390,254,266,216,266,-0.077111383,0.7045454545454546,-0.17333333333333334,0.8222811671087533,-0.0975254730713246,0.7948717948717948,-0.11428571428571428,1.220472440944882,0.09929078014184398,1.1654135338345866,0.0763888888888889,1.4351851851851851,0.17870722433460076,1.1654135338345866,0.0763888888888889,1.1313868613138687,0.06164383561643835,1.1877394636015326,0.08581436077057793,1.4193548387096775,0.17333333333333334,1.16710875331565,0.07711138310893513,1.1282051282051282,0.060240963855421686,1.7322834645669292,0.2680115273775216,1.6541353383458646,0.24645892351274787,2.037037037037037,0.34146341463414637,1.6541353383458646,0.24645892351274787,1.6058394160583942,0.23249299719887956,1.685823754789272,0.2553495007132668,1.2161290322580645,0.0975254730713246,0.8568181818181818,-0.07711138310893513,0.9666666666666667,-0.01694915254237288,1.484251968503937,0.1949286846275753,1.4172932330827068,0.17262830482115085,1.7453703703703705,0.2715008431703204,1.4172932330827068,0.17262830482115085,1.3759124087591241,0.15821812596006143,1.4444444444444444,0.18181818181818182,1.2580645161290323,0.11428571428571428,0.8863636363636364,-0.060240963855421686,1.0344827586206897,0.01694915254237288,1.5354330708661417,0.2111801242236025,1.4661654135338347,0.18902439024390244,1.8055555555555556,0.2871287128712871,1.4661654135338347,0.18902439024390244,1.4233576642335766,0.1746987951807229,1.4942528735632183,0.19815668202764977,0.8193548387096774,-0.09929078014184398,0.5772727272727273,-0.2680115273775216,0.6737400530503979,-0.1949286846275753,0.6512820512820513,-0.2111801242236025,0.9548872180451128,-0.023076923076923078,1.1759259259259258,0.08085106382978724,0.9548872180451128,-0.023076923076923078,0.927007299270073,-0.03787878787878788,0.9731800766283525,-0.013592233009708738,0.8580645161290322,-0.0763888888888889,0.6045454545454545,-0.24645892351274787,0.7055702917771883,-0.17262830482115085,0.6820512820512821,-0.18902439024390244,1.047244094488189,0.023076923076923078,1.2314814814814814,0.1037344398340249,1.0,0.0,0.9708029197080292,-0.014814814814814815,1.0191570881226053,0.009487666034155597,0.6967741935483871,-0.17870722433460076,0.4909090909090909,-0.34146341463414637,0.5729442970822282,-0.2715008431703204,0.5538461538461539,-0.2871287128712871,0.8503937007874016,-0.08085106382978724,0.8120300751879699,-0.1037344398340249,0.8120300751879699,-0.1037344398340249,0.7883211678832117,-0.11836734693877551,0.8275862068965517,-0.09433962264150944,0.8580645161290322,-0.0763888888888889,0.6045454545454545,-0.24645892351274787,0.7055702917771883,-0.17262830482115085,0.6820512820512821,-0.18902439024390244,1.047244094488189,0.023076923076923078,1.0,0.0,1.2314814814814814,0.1037344398340249,0.9708029197080292,-0.014814814814814815,1.0191570881226053,0.009487666034155597,0.8838709677419355,-0.06164383561643835,0.6227272727272727,-0.23249299719887956,0.726790450928382,-0.15821812596006143,0.7025641025641025,-0.1746987951807229,1.078740157480315,0.03787878787878788,1.0300751879699248,0.014814814814814815,1.2685185185185186,0.11836734693877551,1.0300751879699248,0.014814814814814815,1.049808429118774,0.024299065420560748,0.8419354838709677,-0.08581436077057793,0.5931818181818181,-0.2553495007132668,0.6923076923076923,-0.18181818181818182,0.6692307692307692,-0.19815668202764977,1.0275590551181102,0.013592233009708738,0.981203007518797,-0.009487666034155597,1.2083333333333333,0.09433962264150944,0.981203007518797,-0.009487666034155597,0.9525547445255474,-0.024299065420560748
3.36,384,319,496,729,546,529,391,398,360,388,-0.143529412,0.6803840877914952,-0.19020408163265307,0.9084249084249084,-0.04798464491362764,0.9376181474480151,-0.03219512195121951,1.2685421994884911,0.11837655016910936,1.2462311557788945,0.10961968680089486,1.3777777777777778,0.1588785046728972,1.2783505154639174,0.12217194570135746,1.2916666666666667,0.12727272727272726,1.554858934169279,0.21717791411042944,1.469758064516129,0.19020408163265307,1.335164835164835,0.14352941176470588,1.3780718336483933,0.1589825119236884,1.8644501278772379,0.30178571428571427,1.8316582914572865,0.2937000887311446,2.025,0.33884297520661155,1.8788659793814433,0.3052820053715309,1.8984375,0.30997304582210244,2.2852664576802506,0.39122137404580154,1.1008064516129032,0.04798464491362764,0.7489711934156379,-0.14352941176470588,1.0321361058601135,0.01581395348837209,1.3964194373401535,0.16542155816435433,1.3718592964824121,0.15677966101694915,1.5166666666666666,0.2052980132450331,1.407216494845361,0.16916488222698073,1.421875,0.17419354838709677,1.7115987460815048,0.26242774566473986,1.0665322580645162,0.03219512195121951,0.7256515775034293,-0.1589825119236884,0.9688644688644689,-0.01581395348837209,1.3529411764705883,0.15,1.329145728643216,0.1413160733549083,1.4694444444444446,0.19010123734533182,1.3634020618556701,0.15376226826608505,1.3776041666666667,0.1588170865279299,1.658307210031348,0.24764150943396226,0.7883064516129032,-0.11837655016910936,0.5363511659807956,-0.30178571428571427,0.7161172161172161,-0.16542155816435433,0.7391304347826086,-0.15,0.9824120603015075,-0.008871989860583017,1.086111111111111,0.041278295605858856,1.0077319587628866,0.0038510911424903724,1.0182291666666667,0.00903225806451613,1.225705329153605,0.10140845070422536,0.8024193548387096,-0.10961968680089486,0.5459533607681756,-0.2937000887311446,0.7289377289377289,-0.15677966101694915,0.7523629489603024,-0.1413160733549083,1.0179028132992327,0.008871989860583017,1.1055555555555556,0.05013192612137203,1.0257731958762886,0.01272264631043257,1.0364583333333333,0.017902813299232736,1.2476489028213167,0.1101813110181311,0.7258064516129032,-0.1588785046728972,0.49382716049382713,-0.33884297520661155,0.6593406593406593,-0.2052980132450331,0.6805293005671077,-0.19010123734533182,0.9207161125319693,-0.041278295605858856,0.9045226130653267,-0.05013192612137203,0.9278350515463918,-0.0374331550802139,0.9375,-0.03225806451612903,1.128526645768025,0.060382916053019146,0.782258064516129,-0.12217194570135746,0.532235939643347,-0.3052820053715309,0.7106227106227107,-0.16916488222698073,0.7334593572778828,-0.15376226826608505,0.9923273657289002,-0.0038510911424903724,0.9748743718592965,-0.01272264631043257,1.0777777777777777,0.0374331550802139,1.0104166666666667,0.0051813471502590676,1.2163009404388714,0.09759547383309759,0.7741935483870968,-0.12727272727272726,0.5267489711934157,-0.30997304582210244,0.7032967032967034,-0.17419354838709677,0.725897920604915,-0.1588170865279299,0.9820971867007673,-0.00903225806451613,0.964824120603015,-0.017902813299232736,1.0666666666666667,0.03225806451612903,0.9896907216494846,-0.0051813471502590676,1.2037617554858935,0.09246088193456614,0.6431451612903226,-0.21717791411042944,0.4375857338820302,-0.39122137404580154,0.5842490842490843,-0.26242774566473986,0.6030245746691871,-0.24764150943396226,0.8158567774936062,-0.10140845070422536,0.8015075376884422,-0.1101813110181311,0.8861111111111111,-0.060382916053019146,0.8221649484536082,-0.09759547383309759,0.8307291666666666,-0.09246088193456614
2.09,216,208,330,533,388,393,145,145,158,156,-0.157437568,0.6191369606003753,-0.23522595596755505,0.8505154639175257,-0.0807799442896936,0.8396946564885496,-0.08713692946058091,2.2758620689655173,0.3894736842105263,2.2758620689655173,0.3894736842105263,2.088607594936709,0.3524590163934426,2.1153846153846154,0.35802469135802467,1.5277777777777777,0.2087912087912088,1.5865384615384615,0.22676579925650558,1.6151515151515152,0.23522595596755505,1.3737113402061856,0.15743756786102062,1.356234096692112,0.1511879049676026,3.6758620689655173,0.5722713864306784,3.6758620689655173,0.5722713864306784,3.3734177215189876,0.5426917510853835,3.4166666666666665,0.5471698113207547,2.4675925925925926,0.4232309746328438,2.5625,0.43859649122807015,1.1757575757575758,0.0807799442896936,0.7279549718574109,-0.15743756786102062,0.9872773536895675,-0.006402048655569782,2.6758620689655173,0.45590994371482174,2.6758620689655173,0.45590994371482174,2.4556962025316458,0.42124542124542125,2.4871794871794872,0.4264705882352941,1.7962962962962963,0.2847682119205298,1.8653846153846154,0.30201342281879195,1.190909090909091,0.08713692946058091,0.7373358348968105,-0.1511879049676026,1.0128865979381443,0.006402048655569782,2.7103448275862068,0.46096654275092935,2.7103448275862068,0.46096654275092935,2.4873417721518987,0.426497277676951,2.519230769230769,0.43169398907103823,1.8194444444444444,0.29064039408866993,1.8894230769230769,0.30782029950083195,0.4393939393939394,-0.3894736842105263,0.27204502814258913,-0.5722713864306784,0.37371134020618557,-0.45590994371482174,0.36895674300254455,-0.46096654275092935,1.0,0.0,0.9177215189873418,-0.0429042904290429,0.9294871794871795,-0.036544850498338874,0.6712962962962963,-0.19667590027700832,0.6971153846153846,-0.17847025495750707,0.4393939393939394,-0.3894736842105263,0.27204502814258913,-0.5722713864306784,0.37371134020618557,-0.45590994371482174,0.36895674300254455,-0.46096654275092935,1.0,0.0,0.9177215189873418,-0.0429042904290429,0.9294871794871795,-0.036544850498338874,0.6712962962962963,-0.19667590027700832,0.6971153846153846,-0.17847025495750707,0.47878787878787876,-0.3524590163934426,0.2964352720450281,-0.5426917510853835,0.4072164948453608,-0.42124542124542125,0.4020356234096692,-0.426497277676951,1.089655172413793,0.0429042904290429,1.089655172413793,0.0429042904290429,1.0128205128205128,0.006369426751592357,0.7314814814814815,-0.15508021390374332,0.7596153846153846,-0.1366120218579235,0.4727272727272727,-0.35802469135802467,0.2926829268292683,-0.5471698113207547,0.4020618556701031,-0.4264705882352941,0.3969465648854962,-0.43169398907103823,1.0758620689655172,0.036544850498338874,1.0758620689655172,0.036544850498338874,0.9873417721518988,-0.006369426751592357,0.7222222222222222,-0.16129032258064516,0.75,-0.14285714285714285,0.6545454545454545,-0.2087912087912088,0.4052532833020638,-0.4232309746328438,0.5567010309278351,-0.2847682119205298,0.549618320610687,-0.29064039408866993,1.4896551724137932,0.19667590027700832,1.4896551724137932,0.19667590027700832,1.3670886075949367,0.15508021390374332,1.3846153846153846,0.16129032258064516,1.0384615384615385,0.018867924528301886,0.6303030303030303,-0.22676579925650558,0.3902439024390244,-0.43859649122807015,0.5360824742268041,-0.30201342281879195,0.5292620865139949,-0.30782029950083195,1.4344827586206896,0.17847025495750707,1.4344827586206896,0.17847025495750707,1.3164556962025316,0.1366120218579235,1.3333333333333333,0.14285714285714285,0.9629629629629629,-0.018867924528301886
2.17,2917,2501,3924,3557,3240,3502,3297,3195,3459,3141,-0.046638223,1.1031768344110204,0.049057612618633874,1.211111111111111,0.09547738693467336,1.1205025699600228,0.05682736331807164,1.1901728844404003,0.08683007893643539,1.228169014084507,0.10240202275600506,1.1344319167389418,0.06298252742787484,1.2492836676217765,0.11082802547770701,1.345217689406925,0.1472007016518053,1.5689724110355858,0.2214785992217899,0.9064729867482161,-0.049057612618633874,1.0978395061728394,0.04663822274532882,1.015705311250714,0.00779147187986967,1.0788595693054293,0.03793405310767435,1.113302034428795,0.05361374407582938,1.0283318878288523,0.013968072976054732,1.1324418974848773,0.06210809196775157,1.2194034967432295,0.09885696632684585,1.4222311075569771,0.17431495543083525,0.8256880733944955,-0.09547738693467336,0.9108799550182738,-0.04663822274532882,0.9251856082238721,-0.038860872144764164,0.9827115559599636,-0.008719596145020651,1.0140845070422535,0.006993006993006993,0.9366869037294016,-0.032691446484549934,1.0315186246418337,0.015514809590973202,1.1107302022625987,0.05246061393535813,1.295481807277089,0.1287232189514022,0.8924566768603466,-0.05682736331807164,0.9845375316277762,-0.00779147187986967,1.0808641975308642,0.038860872144764164,1.062177737336973,0.030151492866598028,1.0960876369327073,0.04584142153202927,1.0124313385371495,0.0061772733802614565,1.1149315504616364,0.054342917356615984,1.2005485087418581,0.09113569091758841,1.4002399040383846,0.16674995835415626,0.8402140672782875,-0.08683007893643539,0.9269046949676694,-0.03793405310767435,1.0175925925925926,0.008719596145020651,0.9414620217018846,-0.030151492866598028,1.031924882629108,0.015711645101663587,0.9531656548135299,-0.023978685612788632,1.049665711556829,0.024231127679403542,1.1302708261912924,0.06115223688445446,1.3182726909236306,0.1372887202483615,0.8142201834862385,-0.10240202275600506,0.8982288445319089,-0.05361374407582938,0.9861111111111112,-0.006993006993006993,0.9123358081096516,-0.04584142153202927,0.9690627843494085,-0.015711645101663587,0.9236773633998265,-0.03967538322813345,1.0171919770773639,0.008522727272727272,1.0953033938978403,0.04548429319371728,1.2774890043982408,0.12183988764044944,0.8814984709480123,-0.06298252742787484,0.972448692718583,-0.013968072976054732,1.0675925925925926,0.032691446484549934,0.9877213021130783,-0.0061772733802614565,1.0491355777979983,0.023978685612788632,1.0826291079812207,0.03967538322813345,1.1012416427889207,0.04818181818181818,1.1858073363044224,0.08500627352572146,1.383046781287485,0.16073825503355704,0.8004587155963303,-0.11082802547770701,0.883047511948271,-0.06210809196775157,0.9694444444444444,-0.015514809590973202,0.8969160479725871,-0.054342917356615984,0.9526842584167425,-0.024231127679403542,0.9830985915492958,-0.008522727272727272,0.9080659150043365,-0.04818181818181818,1.0767912238601303,0.03697589963684384,1.2558976409436227,0.11343495214462956,0.7433741080530072,-0.1472007016518053,0.8200730953050324,-0.09885696632684585,0.9003086419753087,-0.05246061393535813,0.8329525985151343,-0.09113569091758841,0.8847437063997573,-0.06115223688445446,0.9129890453834116,-0.04548429319371728,0.8433073142526741,-0.08500627352572146,0.9286851321235275,-0.03697589963684384,1.1663334666133547,0.07678110003691399,0.6373598369011213,-0.2214785992217899,0.7031206072533034,-0.17431495543083525,0.7719135802469136,-0.1287232189514022,0.7141633352370075,-0.16674995835415626,0.7585683955110707,-0.1372887202483615,0.7827856025039124,-0.12183988764044944,0.7230413414281585,-0.16073825503355704,0.7962432346386501,-0.11343495214462956,0.8573877271169009,-0.07678110003691399
3.67,574,529,654,726,752,788,544,536,505,531,0.01759134,0.9008264462809917,-0.05217391304347826,0.8696808510638298,-0.06970128022759602,0.8299492385786802,-0.09292649098474341,1.2022058823529411,0.09181969949916527,1.2201492537313432,0.09915966386554621,1.295049504950495,0.1285591026747196,1.231638418079096,0.10379746835443038,1.1393728222996515,0.06514657980456026,1.2362948960302458,0.10566356720202874,1.110091743119266,0.05217391304347826,0.9654255319148937,-0.017591339648173207,0.9213197969543148,-0.04095112285336856,1.3345588235294117,0.14330708661417324,1.3544776119402986,0.15055467511885895,1.4376237623762376,0.17952883834281072,1.3672316384180792,0.15513126491646778,1.264808362369338,0.11692307692307692,1.3724007561436673,0.15697211155378485,1.1498470948012232,0.06970128022759602,1.0358126721763086,0.017591339648173207,0.9543147208121827,-0.023376623376623377,1.3823529411764706,0.16049382716049382,1.4029850746268657,0.16770186335403728,1.489108910891089,0.19649960222752585,1.4161958568738229,0.17225253312548713,1.3101045296167246,0.13423831070889894,1.4215500945179584,0.17408274785323966,1.2048929663608563,0.09292649098474341,1.0853994490358128,0.04095112285336856,1.047872340425532,0.023376623376623377,1.4485294117647058,0.1831831831831832,1.4701492537313432,0.1903323262839879,1.5603960396039604,0.2188708430007734,1.4839924670433144,0.19484457922668688,1.372822299651568,0.15712187958883994,1.4896030245746692,0.19665907365223995,0.8318042813455657,-0.09181969949916527,0.7493112947658402,-0.14330708661417324,0.723404255319149,-0.16049382716049382,0.6903553299492385,-0.1831831831831832,1.0149253731343284,0.007407407407407408,1.0772277227722773,0.037178265014299335,1.024482109227872,0.012093023255813953,0.9477351916376306,-0.026833631484794274,1.0283553875236295,0.013979496738117428,0.8195718654434251,-0.09915966386554621,0.7382920110192838,-0.15055467511885895,0.7127659574468085,-0.16770186335403728,0.6802030456852792,-0.1903323262839879,0.9852941176470589,-0.007407407407407408,1.0613861386138614,0.029779058597502402,1.009416195856874,0.004686035613870665,0.9337979094076655,-0.03423423423423423,1.0132325141776937,0.006572769953051643,0.77217125382263,-0.1285591026747196,0.6955922865013774,-0.17952883834281072,0.6715425531914894,-0.19649960222752585,0.6408629441624365,-0.2188708430007734,0.9283088235294118,-0.037178265014299335,0.9421641791044776,-0.029779058597502402,0.9510357815442562,-0.025096525096525095,0.8797909407665505,-0.0639481000926784,0.9546313799621928,-0.02321083172147002,0.8119266055045872,-0.10379746835443038,0.731404958677686,-0.15513126491646778,0.7061170212765957,-0.17225253312548713,0.6738578680203046,-0.19484457922668688,0.9761029411764706,-0.012093023255813953,0.9906716417910447,-0.004686035613870665,1.0514851485148515,0.025096525096525095,0.9250871080139372,-0.03891402714932127,1.003780718336484,0.0018867924528301887,0.8776758409785933,-0.06514657980456026,0.790633608815427,-0.11692307692307692,0.7632978723404256,-0.13423831070889894,0.7284263959390863,-0.15712187958883994,1.0551470588235294,0.026833631484794274,1.0708955223880596,0.03423423423423423,1.1366336633663365,0.0639481000926784,1.0809792843691148,0.03891402714932127,1.0850661625708884,0.04079782411604715,0.808868501529052,-0.10566356720202874,0.7286501377410468,-0.15697211155378485,0.7034574468085106,-0.17408274785323966,0.6713197969543148,-0.19665907365223995,0.9724264705882353,-0.013979496738117428,0.9869402985074627,-0.006572769953051643,1.0475247524752476,0.02321083172147002,0.9962335216572504,-0.0018867924528301887,0.921602787456446,-0.04079782411604715
5.45,399,357,650,687,657,714,468,455,458,427,-0.022321429,0.9461426491994177,-0.027673896783844427,0.989345509893455,-0.005355776587605203,0.9103641456582633,-0.0469208211143695,1.3888888888888888,0.16279069767441862,1.4285714285714286,0.17647058823529413,1.4192139737991267,0.17328519855595667,1.5222482435597189,0.20705663881151345,1.6290726817042607,0.23927550047664442,1.8207282913165266,0.29096325719960275,1.0569230769230769,0.027673896783844427,1.0456621004566211,0.022321428571428572,0.9621848739495799,-0.019271948608137045,1.4679487179487178,0.18961038961038962,1.5098901098901099,0.2031523642732049,1.5,0.2,1.6088992974238876,0.2333931777378815,1.7218045112781954,0.26519337016574585,1.9243697478991597,0.3160919540229885,1.0107692307692309,0.005355776587605203,0.9563318777292577,-0.022321428571428572,0.9201680672268907,-0.04157549234135667,1.4038461538461537,0.168,1.443956043956044,0.18165467625899281,1.4344978165938864,0.17847533632286997,1.5386416861826697,0.21217712177121772,1.6466165413533835,0.24431818181818182,1.8403361344537814,0.2958579881656805,1.0984615384615384,0.0469208211143695,1.039301310043668,0.019271948608137045,1.08675799086758,0.04157549234135667,1.5256410256410255,0.20812182741116753,1.5692307692307692,0.2215568862275449,1.5589519650655022,0.21843003412969283,1.6721311475409837,0.25153374233128833,1.7894736842105263,0.2830188679245283,2.0,0.3333333333333333,0.72,-0.16279069767441862,0.6812227074235808,-0.18961038961038962,0.7123287671232876,-0.168,0.6554621848739496,-0.20812182741116753,1.0285714285714285,0.014084507042253521,1.0218340611353711,0.01079913606911447,1.0960187353629978,0.04581005586592179,1.1729323308270676,0.07958477508650519,1.3109243697478992,0.13454545454545455,0.7,-0.17647058823529413,0.6622998544395924,-0.2031523642732049,0.6925418569254186,-0.18165467625899281,0.6372549019607843,-0.2215568862275449,0.9722222222222222,-0.014084507042253521,0.9934497816593887,-0.0032858707557502738,1.0655737704918034,0.031746031746031744,1.1403508771929824,0.06557377049180328,1.2745098039215685,0.1206896551724138,0.7046153846153846,-0.17328519855595667,0.6666666666666666,-0.2,0.6971080669710806,-0.17847533632286997,0.6414565826330533,-0.21843003412969283,0.9786324786324786,-0.01079913606911447,1.0065934065934066,0.0032858707557502738,1.0725995316159251,0.03502824858757062,1.1478696741854637,0.06884480746791131,1.2829131652661065,0.12392638036809817,0.6569230769230769,-0.20705663881151345,0.6215429403202329,-0.2333931777378815,0.649923896499239,-0.21217712177121772,0.5980392156862745,-0.25153374233128833,0.9123931623931624,-0.04581005586592179,0.9384615384615385,-0.031746031746031744,0.9323144104803494,-0.03502824858757062,1.0701754385964912,0.03389830508474576,1.196078431372549,0.08928571428571429,0.6138461538461538,-0.23927550047664442,0.5807860262008734,-0.26519337016574585,0.6073059360730594,-0.24431818181818182,0.5588235294117647,-0.2830188679245283,0.8525641025641025,-0.07958477508650519,0.8769230769230769,-0.06557377049180328,0.87117903930131,-0.06884480746791131,0.9344262295081968,-0.03389830508474576,1.1176470588235294,0.05555555555555555,0.5492307692307692,-0.29096325719960275,0.519650655021834,-0.3160919540229885,0.54337899543379,-0.2958579881656805,0.5,-0.3333333333333333,0.7628205128205128,-0.13454545454545455,0.7846153846153846,-0.1206896551724138,0.7794759825327511,-0.12392638036809817,0.8360655737704918,-0.08928571428571429,0.8947368421052632,-0.05555555555555555
3.62,251,224,374,621,487,481,231,256,213,222,-0.120938628,0.6022544283413849,-0.24824120603015076,0.7679671457905544,-0.13124274099883856,0.7775467775467776,-0.12514619883040937,1.619047619047619,0.23636363636363636,1.4609375,0.1873015873015873,1.755868544600939,0.27427597955706984,1.6846846846846846,0.2550335570469799,1.4900398406374502,0.1968,1.6696428571428572,0.2508361204013378,1.660427807486631,0.24824120603015076,1.2751540041067762,0.12093862815884476,1.291060291060291,0.12704174228675136,2.688311688311688,0.45774647887323944,2.42578125,0.4161915621436716,2.915492957746479,0.4892086330935252,2.7972972972972974,0.47330960854092524,2.4741035856573705,0.4243119266055046,2.7723214285714284,0.46982248520710057,1.3021390374331552,0.13124274099883856,0.784219001610306,-0.12093862815884476,1.0124740124740124,0.006198347107438017,2.1082251082251084,0.3565459610027855,1.90234375,0.31090174966352624,2.2863849765258215,0.3914285714285714,2.1936936936936937,0.37376586741889983,1.9402390438247012,0.31978319783197834,2.174107142857143,0.369901547116737,1.286096256684492,0.12514619883040937,0.7745571658615137,-0.12704174228675136,0.9876796714579056,-0.006198347107438017,2.0822510822510822,0.351123595505618,1.87890625,0.30529172320217096,2.2582159624413145,0.3861671469740634,2.1666666666666665,0.3684210526315789,1.9163346613545817,0.31420765027322406,2.1473214285714284,0.3645390070921986,0.6176470588235294,-0.23636363636363636,0.3719806763285024,-0.45774647887323944,0.47433264887063653,-0.3565459610027855,0.4802494802494803,-0.351123595505618,0.90234375,-0.0513347022587269,1.0845070422535212,0.04054054054054054,1.0405405405405406,0.019867549668874173,0.9203187250996016,-0.04149377593360996,1.03125,0.015384615384615385,0.6844919786096256,-0.1873015873015873,0.41223832528180354,-0.4161915621436716,0.5256673511293635,-0.31090174966352624,0.5322245322245323,-0.30529172320217096,1.1082251082251082,0.0513347022587269,1.2018779342723005,0.09168443496801706,1.1531531531531531,0.07112970711297072,1.0199203187250996,0.009861932938856016,1.1428571428571428,0.06666666666666667,0.56951871657754,-0.27427597955706984,0.34299516908212563,-0.4892086330935252,0.43737166324435317,-0.3914285714285714,0.44282744282744285,-0.3861671469740634,0.922077922077922,-0.04054054054054054,0.83203125,-0.09168443496801706,0.9594594594594594,-0.020689655172413793,0.848605577689243,-0.08189655172413793,0.9508928571428571,-0.02517162471395881,0.5935828877005348,-0.2550335570469799,0.357487922705314,-0.47330960854092524,0.45585215605749485,-0.37376586741889983,0.46153846153846156,-0.3684210526315789,0.961038961038961,-0.019867549668874173,0.8671875,-0.07112970711297072,1.0422535211267605,0.020689655172413793,0.8844621513944223,-0.0613107822410148,0.9910714285714286,-0.004484304932735426,0.6711229946524064,-0.1968,0.40418679549114334,-0.4243119266055046,0.5154004106776181,-0.31978319783197834,0.5218295218295218,-0.31420765027322406,1.0865800865800865,0.04149377593360996,0.98046875,-0.009861932938856016,1.1784037558685445,0.08189655172413793,1.1306306306306306,0.0613107822410148,1.1205357142857142,0.056842105263157895,0.5989304812834224,-0.2508361204013378,0.3607085346215781,-0.46982248520710057,0.459958932238193,-0.369901547116737,0.4656964656964657,-0.3645390070921986,0.9696969696969697,-0.015384615384615385,0.875,-0.06666666666666667,1.051643192488263,0.02517162471395881,1.009009009009009,0.004484304932735426,0.8924302788844621,-0.056842105263157895
4.82,39,35,105,127,158,170,20,39,14,25,0.10877193,0.8267716535433071,-0.09482758620689655,0.6645569620253164,-0.20152091254752852,0.6176470588235294,-0.23636363636363636,5.25,0.68,2.6923076923076925,0.4583333333333333,7.5,0.7647058823529411,4.2,0.6153846153846154,2.6923076923076925,0.4583333333333333,3.0,0.5,1.2095238095238094,0.09482758620689655,0.8037974683544303,-0.10877192982456141,0.7470588235294118,-0.1447811447811448,6.35,0.7278911564625851,3.2564102564102564,0.5301204819277109,9.071428571428571,0.8014184397163121,5.08,0.6710526315789473,3.2564102564102564,0.5301204819277109,3.6285714285714286,0.5679012345679012,1.5047619047619047,0.20152091254752852,1.2440944881889764,0.10877192982456141,0.9294117647058824,-0.036585365853658534,7.9,0.7752808988764045,4.051282051282051,0.6040609137055838,11.285714285714286,0.8372093023255814,6.32,0.726775956284153,4.051282051282051,0.6040609137055838,4.514285714285714,0.6373056994818653,1.619047619047619,0.23636363636363636,1.3385826771653544,0.1447811447811448,1.0759493670886076,0.036585365853658534,8.5,0.7894736842105263,4.358974358974359,0.6267942583732058,12.142857142857142,0.8478260869565217,6.8,0.7435897435897436,4.358974358974359,0.6267942583732058,4.857142857142857,0.6585365853658537,0.19047619047619047,-0.68,0.15748031496062992,-0.7278911564625851,0.12658227848101267,-0.7752808988764045,0.11764705882352941,-0.7894736842105263,0.5128205128205128,-0.3220338983050847,1.4285714285714286,0.17647058823529413,0.8,-0.1111111111111111,0.5128205128205128,-0.3220338983050847,0.5714285714285714,-0.2727272727272727,0.37142857142857144,-0.4583333333333333,0.30708661417322836,-0.5301204819277109,0.2468354430379747,-0.6040609137055838,0.22941176470588234,-0.6267942583732058,1.95,0.3220338983050847,2.7857142857142856,0.4716981132075472,1.56,0.21875,1.0,0.0,1.1142857142857143,0.05405405405405406,0.13333333333333333,-0.7647058823529411,0.11023622047244094,-0.8014184397163121,0.08860759493670886,-0.8372093023255814,0.08235294117647059,-0.8478260869565217,0.7,-0.17647058823529413,0.358974358974359,-0.4716981132075472,0.56,-0.28205128205128205,0.358974358974359,-0.4716981132075472,0.4,-0.42857142857142855,0.23809523809523808,-0.6153846153846154,0.1968503937007874,-0.6710526315789473,0.15822784810126583,-0.726775956284153,0.14705882352941177,-0.7435897435897436,1.25,0.1111111111111111,0.6410256410256411,-0.21875,1.7857142857142858,0.28205128205128205,0.6410256410256411,-0.21875,0.7142857142857143,-0.16666666666666666,0.37142857142857144,-0.4583333333333333,0.30708661417322836,-0.5301204819277109,0.2468354430379747,-0.6040609137055838,0.22941176470588234,-0.6267942583732058,1.95,0.3220338983050847,1.0,0.0,2.7857142857142856,0.4716981132075472,1.56,0.21875,1.1142857142857143,0.05405405405405406,0.3333333333333333,-0.5,0.2755905511811024,-0.5679012345679012,0.22151898734177214,-0.6373056994818653,0.20588235294117646,-0.6585365853658537,1.75,0.2727272727272727,0.8974358974358975,-0.05405405405405406,2.5,0.42857142857142855,1.4,0.16666666666666666,0.8974358974358975,-0.05405405405405406
2.1,46,45,136,213,229,228,37,66,51,44,0.036199095,0.6384976525821596,-0.22063037249283668,0.5938864628820961,-0.2547945205479452,0.5964912280701754,-0.25274725274725274,3.675675675675676,0.5722543352601156,2.0606060606060606,0.3465346534653465,2.6666666666666665,0.45454545454545453,3.090909090909091,0.5111111111111111,2.9565217391304346,0.4945054945054945,3.022222222222222,0.5027624309392266,1.5661764705882353,0.22063037249283668,0.9301310043668122,-0.03619909502262444,0.9342105263157895,-0.034013605442176874,5.756756756756757,0.704,3.227272727272727,0.5268817204301075,4.176470588235294,0.6136363636363636,4.840909090909091,0.6575875486381323,4.630434782608695,0.6447876447876448,4.733333333333333,0.6511627906976745,1.6838235294117647,0.2547945205479452,1.0751173708920188,0.03619909502262444,1.0043859649122806,0.002188183807439825,6.1891891891891895,0.7218045112781954,3.4696969696969697,0.5525423728813559,4.490196078431373,0.6357142857142857,5.204545454545454,0.6776556776556777,4.978260869565218,0.6654545454545454,5.088888888888889,0.6715328467153284,1.6764705882352942,0.25274725274725274,1.0704225352112675,0.034013605442176874,0.9956331877729258,-0.002188183807439825,6.162162162162162,0.720754716981132,3.4545454545454546,0.5510204081632653,4.470588235294118,0.6344086021505376,5.181818181818182,0.6764705882352942,4.956521739130435,0.6642335766423357,5.066666666666666,0.6703296703296703,0.27205882352941174,-0.5722543352601156,0.17370892018779344,-0.704,0.1615720524017467,-0.7218045112781954,0.16228070175438597,-0.720754716981132,0.5606060606060606,-0.2815533980582524,0.7254901960784313,-0.1590909090909091,0.8409090909090909,-0.08641975308641975,0.8043478260869565,-0.10843373493975904,0.8222222222222222,-0.0975609756097561,0.4852941176470588,-0.3465346534653465,0.30985915492957744,-0.5268817204301075,0.28820960698689957,-0.5525423728813559,0.2894736842105263,-0.5510204081632653,1.7837837837837838,0.2815533980582524,1.2941176470588236,0.1282051282051282,1.5,0.2,1.434782608695652,0.17857142857142858,1.4666666666666666,0.1891891891891892,0.375,-0.45454545454545453,0.23943661971830985,-0.6136363636363636,0.22270742358078602,-0.6357142857142857,0.2236842105263158,-0.6344086021505376,1.3783783783783783,0.1590909090909091,0.7727272727272727,-0.1282051282051282,1.1590909090909092,0.07368421052631578,1.108695652173913,0.05154639175257732,1.1333333333333333,0.0625,0.3235294117647059,-0.5111111111111111,0.20657276995305165,-0.6575875486381323,0.19213973799126638,-0.6776556776556777,0.19298245614035087,-0.6764705882352942,1.1891891891891893,0.08641975308641975,0.6666666666666666,-0.2,0.8627450980392157,-0.07368421052631578,0.9565217391304348,-0.022222222222222223,0.9777777777777777,-0.011235955056179775,0.3382352941176471,-0.4945054945054945,0.215962441314554,-0.6447876447876448,0.20087336244541484,-0.6654545454545454,0.20175438596491227,-0.6642335766423357,1.2432432432432432,0.10843373493975904,0.696969696969697,-0.17857142857142858,0.9019607843137255,-0.05154639175257732,1.0454545454545454,0.022222222222222223,1.0222222222222221,0.01098901098901099,0.33088235294117646,-0.5027624309392266,0.2112676056338028,-0.6511627906976745,0.1965065502183406,-0.6715328467153284,0.19736842105263158,-0.6703296703296703,1.2162162162162162,0.0975609756097561,0.6818181818181818,-0.1891891891891892,0.8823529411764706,-0.0625,1.0227272727272727,0.011235955056179775,0.9782608695652174,-0.01098901098901099
4.48,97,80,530,453,306,255,126,118,391,89,-0.193675889,1.1699779249448123,0.07833163784333673,1.7320261437908497,0.2679425837320574,2.0784313725490198,0.3503184713375796,4.2063492063492065,0.6158536585365854,4.491525423728813,0.6358024691358025,1.3554987212276215,0.15092290988056462,5.955056179775281,0.7124394184168013,5.463917525773196,0.6905901116427432,6.625,0.7377049180327869,0.8547169811320755,-0.07833163784333673,1.4803921568627452,0.19367588932806323,1.776470588235294,0.2796610169491525,3.5952380952380953,0.5647668393782384,3.8389830508474576,0.5866900175131349,1.1585677749360614,0.07345971563981042,5.089887640449438,0.6715867158671587,4.670103092783505,0.6472727272727272,5.6625,0.699812382739212,0.5773584905660377,-0.2679425837320574,0.6754966887417219,-0.19367588932806323,1.2,0.09090909090909091,2.4285714285714284,0.4166666666666667,2.593220338983051,0.44339622641509435,0.782608695652174,-0.12195121951219512,3.438202247191011,0.549367088607595,3.154639175257732,0.5186104218362283,3.825,0.5854922279792746,0.4811320754716981,-0.3503184713375796,0.5629139072847682,-0.2796610169491525,0.8333333333333334,-0.09090909090909091,2.0238095238095237,0.33858267716535434,2.1610169491525424,0.3672922252010724,0.6521739130434783,-0.21052631578947367,2.865168539325843,0.48255813953488375,2.6288659793814433,0.44886363636363635,3.1875,0.5223880597014925,0.23773584905660378,-0.6158536585365854,0.2781456953642384,-0.5647668393782384,0.4117647058823529,-0.4166666666666667,0.49411764705882355,-0.33858267716535434,1.0677966101694916,0.03278688524590164,0.32225063938618925,-0.5125725338491296,1.4157303370786516,0.17209302325581396,1.2989690721649485,0.13004484304932734,1.575,0.22330097087378642,0.22264150943396227,-0.6358024691358025,0.26048565121412803,-0.5866900175131349,0.38562091503267976,-0.44339622641509435,0.4627450980392157,-0.3672922252010724,0.9365079365079365,-0.03278688524590164,0.30179028132992325,-0.5363457760314342,1.3258426966292134,0.14009661835748793,1.2164948453608246,0.09767441860465116,1.475,0.1919191919191919,0.7377358490566037,-0.15092290988056462,0.8631346578366446,-0.07345971563981042,1.2777777777777777,0.12195121951219512,1.5333333333333334,0.21052631578947367,3.1031746031746033,0.5125725338491296,3.3135593220338984,0.5363457760314342,4.393258426966292,0.6291666666666667,4.030927835051546,0.6024590163934426,4.8875,0.6602972399150743,0.16792452830188678,-0.7124394184168013,0.19646799116997793,-0.6715867158671587,0.2908496732026144,-0.549367088607595,0.34901960784313724,-0.48255813953488375,0.7063492063492064,-0.17209302325581396,0.7542372881355932,-0.14009661835748793,0.22762148337595908,-0.6291666666666667,0.9175257731958762,-0.043010752688172046,1.1125,0.05325443786982249,0.1830188679245283,-0.6905901116427432,0.2141280353200883,-0.6472727272727272,0.31699346405228757,-0.5186104218362283,0.3803921568627451,-0.44886363636363635,0.7698412698412699,-0.13004484304932734,0.8220338983050848,-0.09767441860465116,0.24808184143222506,-0.6024590163934426,1.0898876404494382,0.043010752688172046,1.2125,0.096045197740113,0.1509433962264151,-0.7377049180327869,0.17660044150110377,-0.699812382739212,0.26143790849673204,-0.5854922279792746,0.3137254901960784,-0.5223880597014925,0.6349206349206349,-0.22330097087378642,0.6779661016949152,-0.1919191919191919,0.20460358056265984,-0.6602972399150743,0.898876404494382,-0.05325443786982249,0.8247422680412371,-0.096045197740113
4.16,45,36,159,286,224,224,38,24,25,24,-0.121568627,0.5559440559440559,-0.2853932584269663,0.7098214285714286,-0.16971279373368145,0.7098214285714286,-0.16971279373368145,4.184210526315789,0.6142131979695431,6.625,0.7377049180327869,6.36,0.7282608695652174,6.625,0.7377049180327869,3.533333333333333,0.5588235294117647,4.416666666666667,0.6307692307692307,1.79874213836478,0.2853932584269663,1.2767857142857142,0.12156862745098039,1.2767857142857142,0.12156862745098039,7.526315789473684,0.7654320987654321,11.916666666666666,0.8451612903225807,11.44,0.8392282958199357,11.916666666666666,0.8451612903225807,6.355555555555555,0.7280966767371602,7.944444444444445,0.7763975155279503,1.4088050314465408,0.16971279373368145,0.7832167832167832,-0.12156862745098039,1.0,0.0,5.894736842105263,0.7099236641221374,9.333333333333334,0.8064516129032258,8.96,0.7991967871485943,9.333333333333334,0.8064516129032258,4.977777777777778,0.6654275092936803,6.222222222222222,0.7230769230769231,1.4088050314465408,0.16971279373368145,0.7832167832167832,-0.12156862745098039,1.0,0.0,5.894736842105263,0.7099236641221374,9.333333333333334,0.8064516129032258,8.96,0.7991967871485943,9.333333333333334,0.8064516129032258,4.977777777777778,0.6654275092936803,6.222222222222222,0.7230769230769231,0.2389937106918239,-0.6142131979695431,0.13286713286713286,-0.7654320987654321,0.16964285714285715,-0.7099236641221374,0.16964285714285715,-0.7099236641221374,1.5833333333333333,0.22580645161290322,1.52,0.20634920634920634,1.5833333333333333,0.22580645161290322,0.8444444444444444,-0.08433734939759036,1.0555555555555556,0.02702702702702703,0.1509433962264151,-0.7377049180327869,0.08391608391608392,-0.8451612903225807,0.10714285714285714,-0.8064516129032258,0.10714285714285714,-0.8064516129032258,0.631578947368421,-0.22580645161290322,0.96,-0.02040816326530612,1.0,0.0,0.5333333333333333,-0.30434782608695654,0.6666666666666666,-0.2,0.15723270440251572,-0.7282608695652174,0.08741258741258741,-0.8392282958199357,0.11160714285714286,-0.7991967871485943,0.11160714285714286,-0.7991967871485943,0.6578947368421053,-0.20634920634920634,1.0416666666666667,0.02040816326530612,1.0416666666666667,0.02040816326530612,0.5555555555555556,-0.2857142857142857,0.6944444444444444,-0.18032786885245902,0.1509433962264151,-0.7377049180327869,0.08391608391608392,-0.8451612903225807,0.10714285714285714,-0.8064516129032258,0.10714285714285714,-0.8064516129032258,0.631578947368421,-0.22580645161290322,1.0,0.0,0.96,-0.02040816326530612,0.5333333333333333,-0.30434782608695654,0.6666666666666666,-0.2,0.2830188679245283,-0.5588235294117647,0.15734265734265734,-0.7280966767371602,0.20089285714285715,-0.6654275092936803,0.20089285714285715,-0.6654275092936803,1.1842105263157894,0.08433734939759036,1.875,0.30434782608695654,1.8,0.2857142857142857,1.875,0.30434782608695654,1.25,0.1111111111111111,0.22641509433962265,-0.6307692307692307,0.1258741258741259,-0.7763975155279503,0.16071428571428573,-0.7230769230769231,0.16071428571428573,-0.7230769230769231,0.9473684210526315,-0.02702702702702703,1.5,0.2,1.44,0.18032786885245902,1.5,0.2,0.8,-0.1111111111111111
3.97,37,39,267,456,298,255,52,53,41,25,-0.209549072,0.5855263157894737,-0.26141078838174275,0.8959731543624161,-0.05486725663716814,1.0470588235294118,0.022988505747126436,5.134615384615385,0.6739811912225705,5.037735849056604,0.66875,6.512195121951219,0.7337662337662337,10.68,0.8287671232876712,7.216216216216216,0.756578947368421,6.846153846153846,0.7450980392156863,1.7078651685393258,0.26141078838174275,1.5302013422818792,0.20954907161803712,1.7882352941176471,0.28270042194092826,8.76923076923077,0.7952755905511811,8.60377358490566,0.7917485265225933,11.121951219512194,0.8350100603621731,18.24,0.896049896049896,12.324324324324325,0.8498985801217038,11.692307692307692,0.8424242424242424,1.1161048689138577,0.05486725663716814,0.6535087719298246,-0.20954907161803712,1.1686274509803922,0.07775768535262206,5.730769230769231,0.7028571428571428,5.622641509433962,0.698005698005698,7.2682926829268295,0.7581120943952803,11.92,0.8452012383900929,8.054054054054054,0.7791044776119403,7.641025641025641,0.7685459940652819,0.9550561797752809,-0.022988505747126436,0.5592105263157895,-0.28270042194092826,0.8557046979865772,-0.07775768535262206,4.903846153846154,0.6612377850162866,4.811320754716981,0.6558441558441559,6.219512195121951,0.722972972972973,10.2,0.8214285714285714,6.891891891891892,0.7465753424657534,6.538461538461538,0.7346938775510204,0.1947565543071161,-0.6739811912225705,0.11403508771929824,-0.7952755905511811,0.174496644295302,-0.7028571428571428,0.20392156862745098,-0.6612377850162866,0.9811320754716981,-0.009523809523809525,1.2682926829268293,0.11827956989247312,2.08,0.35064935064935066,1.4054054054054055,0.16853932584269662,1.3333333333333333,0.14285714285714285,0.19850187265917604,-0.66875,0.1162280701754386,-0.7917485265225933,0.17785234899328858,-0.698005698005698,0.20784313725490197,-0.6558441558441559,1.0192307692307692,0.009523809523809525,1.2926829268292683,0.1276595744680851,2.12,0.358974358974359,1.4324324324324325,0.17777777777777778,1.358974358974359,0.15217391304347827,0.15355805243445692,-0.7337662337662337,0.08991228070175439,-0.8350100603621731,0.13758389261744966,-0.7581120943952803,0.1607843137254902,-0.722972972972973,0.7884615384615384,-0.11827956989247312,0.7735849056603774,-0.1276595744680851,1.64,0.24242424242424243,1.1081081081081081,0.05128205128205128,1.0512820512820513,0.025,0.09363295880149813,-0.8287671232876712,0.05482456140350877,-0.896049896049896,0.08389261744966443,-0.8452012383900929,0.09803921568627451,-0.8214285714285714,0.4807692307692308,-0.35064935064935066,0.4716981132075472,-0.358974358974359,0.6097560975609756,-0.24242424242424243,0.6756756756756757,-0.1935483870967742,0.6410256410256411,-0.21875,0.13857677902621723,-0.756578947368421,0.08114035087719298,-0.8498985801217038,0.12416107382550336,-0.7791044776119403,0.1450980392156863,-0.7465753424657534,0.7115384615384616,-0.16853932584269662,0.6981132075471698,-0.17777777777777778,0.9024390243902439,-0.05128205128205128,1.48,0.1935483870967742,0.9487179487179487,-0.02631578947368421,0.14606741573033707,-0.7450980392156863,0.08552631578947369,-0.8424242424242424,0.13087248322147652,-0.7685459940652819,0.15294117647058825,-0.7346938775510204,0.75,-0.14285714285714285,0.7358490566037735,-0.15217391304347827,0.9512195121951219,-0.025,1.56,0.21875,1.054054054054054,0.02631578947368421
2.7,70,47,246,447,374,377,69,86,71,27,-0.088915956,0.5503355704697986,-0.29004329004329005,0.6577540106951871,-0.2064516129032258,0.6525198938992043,-0.2102728731942215,3.5652173913043477,0.5619047619047619,2.86046511627907,0.4819277108433735,3.464788732394366,0.5520504731861199,9.11111111111111,0.8021978021978022,3.5142857142857142,0.5569620253164557,5.23404255319149,0.6791808873720137,1.8170731707317074,0.29004329004329005,1.195187165775401,0.08891595615103533,1.1856763925729443,0.08495145631067962,6.478260869565218,0.7325581395348837,5.1976744186046515,0.6772983114446529,6.295774647887324,0.7258687258687259,16.555555555555557,0.8860759493670886,6.385714285714286,0.7292069632495164,9.51063829787234,0.8097165991902834,1.5203252032520325,0.2064516129032258,0.8366890380313199,-0.08891595615103533,0.9920424403183024,-0.0039946737683089215,5.420289855072464,0.6884875846501128,4.348837209302325,0.6260869565217392,5.267605633802817,0.6808988764044944,13.851851851851851,0.8653366583541147,5.3428571428571425,0.6846846846846847,7.957446808510638,0.7767220902612827,1.532520325203252,0.2102728731942215,0.843400447427293,-0.08495145631067962,1.0080213903743316,0.0039946737683089215,5.463768115942029,0.6905829596412556,4.383720930232558,0.6285097192224622,5.309859154929577,0.6830357142857143,13.962962962962964,0.8663366336633663,5.385714285714286,0.6868008948545862,8.02127659574468,0.7783018867924528,0.2804878048780488,-0.5619047619047619,0.15436241610738255,-0.7325581395348837,0.18449197860962566,-0.6884875846501128,0.1830238726790451,-0.6905829596412556,0.8023255813953488,-0.10967741935483871,0.971830985915493,-0.014285714285714285,2.5555555555555554,0.4375,0.9857142857142858,-0.007194244604316547,1.4680851063829787,0.1896551724137931,0.34959349593495936,-0.4819277108433735,0.19239373601789708,-0.6772983114446529,0.22994652406417113,-0.6260869565217392,0.22811671087533156,-0.6285097192224622,1.2463768115942029,0.10967741935483871,1.2112676056338028,0.09554140127388536,3.185185185185185,0.5221238938053098,1.2285714285714286,0.10256410256410256,1.8297872340425532,0.2932330827067669,0.2886178861788618,-0.5520504731861199,0.15883668903803133,-0.7258687258687259,0.18983957219251338,-0.6808988764044944,0.1883289124668435,-0.6830357142857143,1.0289855072463767,0.014285714285714285,0.8255813953488372,-0.09554140127388536,2.6296296296296298,0.4489795918367347,1.0142857142857142,0.0070921985815602835,1.5106382978723405,0.2033898305084746,0.10975609756097561,-0.8021978021978022,0.06040268456375839,-0.8860759493670886,0.07219251336898395,-0.8653366583541147,0.07161803713527852,-0.8663366336633663,0.391304347826087,-0.4375,0.313953488372093,-0.5221238938053098,0.38028169014084506,-0.4489795918367347,0.38571428571428573,-0.44329896907216493,0.574468085106383,-0.2702702702702703,0.2845528455284553,-0.5569620253164557,0.15659955257270694,-0.7292069632495164,0.18716577540106952,-0.6846846846846847,0.1856763925729443,-0.6868008948545862,1.0144927536231885,0.007194244604316547,0.813953488372093,-0.10256410256410256,0.9859154929577465,-0.0070921985815602835,2.5925925925925926,0.44329896907216493,1.4893617021276595,0.19658119658119658,0.1910569105691057,-0.6791808873720137,0.10514541387024609,-0.8097165991902834,0.12566844919786097,-0.7767220902612827,0.1246684350132626,-0.7783018867924528,0.6811594202898551,-0.1896551724137931,0.5465116279069767,-0.2932330827067669,0.6619718309859155,-0.2033898305084746,1.7407407407407407,0.2702702702702703,0.6714285714285714,-0.19658119658119658
5.61,42,57,159,230,232,199,39,50,46,24,0.004329004,0.691304347826087,-0.18251928020565553,0.6853448275862069,-0.1867007672634271,0.7989949748743719,-0.11173184357541899,4.076923076923077,0.6060606060606061,3.18,0.5215311004784688,3.4565217391304346,0.551219512195122,6.625,0.7377049180327869,3.7857142857142856,0.582089552238806,2.789473684210526,0.4722222222222222,1.4465408805031446,0.18251928020565553,0.9913793103448276,-0.004329004329004329,1.1557788944723617,0.07226107226107226,5.897435897435898,0.7100371747211895,4.6,0.6428571428571429,5.0,0.6666666666666666,9.583333333333334,0.8110236220472441,5.476190476190476,0.6911764705882353,4.035087719298246,0.6027874564459931,1.4591194968553458,0.1867007672634271,1.008695652173913,0.004329004329004329,1.1658291457286432,0.0765661252900232,5.948717948717949,0.7121771217712177,4.64,0.6453900709219859,5.043478260869565,0.6690647482014388,9.666666666666666,0.8125,5.523809523809524,0.6934306569343066,4.0701754385964914,0.6055363321799307,1.251572327044025,0.11173184357541899,0.8652173913043478,-0.07226107226107226,0.8577586206896551,-0.0765661252900232,5.102564102564102,0.6722689075630253,3.98,0.5983935742971888,4.326086956521739,0.6244897959183674,8.291666666666666,0.7847533632286996,4.738095238095238,0.6514522821576764,3.491228070175439,0.5546875,0.24528301886792453,-0.6060606060606061,0.16956521739130434,-0.7100371747211895,0.16810344827586207,-0.7121771217712177,0.19597989949748743,-0.6722689075630253,0.78,-0.12359550561797752,0.8478260869565217,-0.08235294117647059,1.625,0.23809523809523808,0.9285714285714286,-0.037037037037037035,0.6842105263157895,-0.1875,0.31446540880503143,-0.5215311004784688,0.21739130434782608,-0.6428571428571429,0.21551724137931033,-0.6453900709219859,0.25125628140703515,-0.5983935742971888,1.2820512820512822,0.12359550561797752,1.0869565217391304,0.041666666666666664,2.0833333333333335,0.35135135135135137,1.1904761904761905,0.08695652173913043,0.8771929824561403,-0.06542056074766354,0.2893081761006289,-0.551219512195122,0.2,-0.6666666666666666,0.19827586206896552,-0.6690647482014388,0.23115577889447236,-0.6244897959183674,1.1794871794871795,0.08235294117647059,0.92,-0.041666666666666664,1.9166666666666667,0.3142857142857143,1.0952380952380953,0.045454545454545456,0.8070175438596491,-0.10679611650485436,0.1509433962264151,-0.7377049180327869,0.10434782608695652,-0.8110236220472441,0.10344827586206896,-0.8125,0.12060301507537688,-0.7847533632286996,0.6153846153846154,-0.23809523809523808,0.48,-0.35135135135135137,0.5217391304347826,-0.3142857142857143,0.5714285714285714,-0.2727272727272727,0.42105263157894735,-0.4074074074074074,0.2641509433962264,-0.582089552238806,0.1826086956521739,-0.6911764705882353,0.1810344827586207,-0.6934306569343066,0.21105527638190955,-0.6514522821576764,1.0769230769230769,0.037037037037037035,0.84,-0.08695652173913043,0.9130434782608695,-0.045454545454545456,1.75,0.2727272727272727,0.7368421052631579,-0.15151515151515152,0.3584905660377358,-0.4722222222222222,0.24782608695652175,-0.6027874564459931,0.24568965517241378,-0.6055363321799307,0.2864321608040201,-0.5546875,1.4615384615384615,0.1875,1.14,0.06542056074766354,1.2391304347826086,0.10679611650485436,2.375,0.4074074074074074,1.3571428571428572,0.15151515151515152
3.66,258,207,703,981,634,515,275,276,273,240,-0.214860681,0.7166156982670744,-0.16508313539192399,1.108832807570978,0.05160807778608826,1.3650485436893205,0.15435139573070608,2.556363636363636,0.4376278118609407,2.5471014492753623,0.43615934627170583,2.5750915750915753,0.4405737704918033,2.9291666666666667,0.4909862142099682,2.7248062015503876,0.4630593132154006,3.396135265700483,0.545054945054945,1.395448079658606,0.16508313539192399,1.5473186119873816,0.2148606811145511,1.9048543689320387,0.3114973262032086,3.5672727272727274,0.5621019108280255,3.5543478260869565,0.5608591885441527,3.5934065934065935,0.5645933014354066,4.0875,0.6068796068796068,3.802325581395349,0.5835351089588378,4.739130434782608,0.6515151515151515,0.9018492176386913,-0.05160807778608826,0.6462793068297655,-0.2148606811145511,1.2310679611650486,0.10356832027850305,2.3054545454545456,0.3949394939493949,2.2971014492753623,0.3934065934065934,2.3223443223443225,0.3980154355016538,2.6416666666666666,0.45080091533180777,2.4573643410852712,0.42152466367713004,3.0628019323671496,0.5077288941736029,0.732574679943101,-0.15435139573070608,0.5249745158002038,-0.3114973262032086,0.8123028391167192,-0.10356832027850305,1.8727272727272728,0.3037974683544304,1.8659420289855073,0.30214917825537296,1.8864468864468864,0.30710659898477155,2.1458333333333335,0.36423841059602646,1.996124031007752,0.33247089262613194,2.4879227053140096,0.4265927977839335,0.3911806543385491,-0.4376278118609407,0.2803261977573904,-0.5621019108280255,0.43375394321766564,-0.3949394939493949,0.5339805825242718,-0.3037974683544304,0.9963768115942029,-0.0018148820326678765,1.0073260073260073,0.0036496350364963502,1.1458333333333333,0.06796116504854369,1.065891472868217,0.03189493433395872,1.328502415458937,0.14107883817427386,0.39260312944523473,-0.43615934627170583,0.28134556574923547,-0.5608591885441527,0.4353312302839117,-0.3934065934065934,0.5359223300970873,-0.30214917825537296,1.0036363636363637,0.0018148820326678765,1.010989010989011,0.00546448087431694,1.15,0.06976744186046512,1.069767441860465,0.033707865168539325,1.3333333333333333,0.14285714285714285,0.3883357041251778,-0.4405737704918033,0.2782874617737003,-0.5645933014354066,0.4305993690851735,-0.3980154355016538,0.5300970873786408,-0.30710659898477155,0.9927272727272727,-0.0036496350364963502,0.9891304347826086,-0.00546448087431694,1.1375,0.06432748538011696,1.058139534883721,0.02824858757062147,1.318840579710145,0.1375,0.3413940256045519,-0.4909862142099682,0.24464831804281345,-0.6068796068796068,0.3785488958990536,-0.45080091533180777,0.46601941747572817,-0.36423841059602646,0.8727272727272727,-0.06796116504854369,0.8695652173913043,-0.06976744186046512,0.8791208791208791,-0.06432748538011696,0.9302325581395349,-0.03614457831325301,1.1594202898550725,0.0738255033557047,0.3669985775248933,-0.4630593132154006,0.26299694189602446,-0.5835351089588378,0.4069400630914827,-0.42152466367713004,0.5009708737864078,-0.33247089262613194,0.9381818181818182,-0.03189493433395872,0.9347826086956522,-0.033707865168539325,0.945054945054945,-0.02824858757062147,1.075,0.03614457831325301,1.2463768115942029,0.10967741935483871,0.29445234708392604,-0.545054945054945,0.21100917431192662,-0.6515151515151515,0.3264984227129338,-0.5077288941736029,0.40194174757281553,-0.4265927977839335,0.7527272727272727,-0.14107883817427386,0.75,-0.14285714285714285,0.7582417582417582,-0.1375,0.8625,-0.0738255033557047,0.8023255813953488,-0.10967741935483871
9.49,286,249,912,1058,615,520,328,340,326,312,-0.264793784,0.8620037807183365,-0.07411167512690356,1.4829268292682927,0.1944990176817289,1.7538461538461538,0.2737430167597765,2.7804878048780486,0.47096774193548385,2.6823529411764704,0.45686900958466453,2.7975460122699385,0.47334410339256866,2.923076923076923,0.49019607843137253,3.1888111888111887,0.5225375626043406,3.6626506024096384,0.5710594315245479,1.1600877192982457,0.07411167512690356,1.7203252032520324,0.2647937836222355,2.0346153846153845,0.3409378960709759,3.225609756097561,0.5266955266955267,3.111764705882353,0.5135908440629471,3.245398773006135,0.5289017341040463,3.391025641025641,0.5445255474452555,3.699300699300699,0.5744047619047619,4.248995983935743,0.6189747513389442,0.6743421052631579,-0.1944990176817289,0.5812854442344045,-0.2647937836222355,1.1826923076923077,0.08370044052863436,1.875,0.30434782608695654,1.8088235294117647,0.2879581151832461,1.8865030674846626,0.3071200850159405,1.9711538461538463,0.3268608414239482,2.1503496503496504,0.365149833518313,2.4698795180722892,0.4236111111111111,0.5701754385964912,-0.2737430167597765,0.4914933837429111,-0.3409378960709759,0.8455284552845529,-0.08370044052863436,1.5853658536585367,0.22641509433962265,1.5294117647058822,0.20930232558139536,1.5950920245398772,0.2293144208037825,1.6666666666666667,0.25,1.8181818181818181,0.2903225806451613,2.0883534136546187,0.35240572171651496,0.35964912280701755,-0.47096774193548385,0.31001890359168244,-0.5266955266955267,0.5333333333333333,-0.30434782608695654,0.6307692307692307,-0.22641509433962265,0.9647058823529412,-0.017964071856287425,1.0061349693251533,0.0030581039755351682,1.0512820512820513,0.025,1.1468531468531469,0.06840390879478828,1.3172690763052208,0.1369150779896014,0.37280701754385964,-0.45686900958466453,0.32136105860113423,-0.5135908440629471,0.5528455284552846,-0.2879581151832461,0.6538461538461539,-0.20930232558139536,1.0365853658536586,0.017964071856287425,1.0429447852760736,0.021021021021021023,1.0897435897435896,0.04294478527607362,1.1888111888111887,0.08626198083067092,1.3654618473895583,0.15449915110356535,0.3574561403508772,-0.47334410339256866,0.30812854442344045,-0.5289017341040463,0.5300813008130081,-0.3071200850159405,0.6269230769230769,-0.2293144208037825,0.9939024390243902,-0.0030581039755351682,0.9588235294117647,-0.021021021021021023,1.044871794871795,0.0219435736677116,1.1398601398601398,0.06535947712418301,1.3092369477911647,0.13391304347826086,0.34210526315789475,-0.49019607843137253,0.2948960302457467,-0.5445255474452555,0.5073170731707317,-0.3268608414239482,0.6,-0.25,0.9512195121951219,-0.025,0.9176470588235294,-0.04294478527607362,0.9570552147239264,-0.0219435736677116,1.0909090909090908,0.043478260869565216,1.2530120481927711,0.11229946524064172,0.31359649122807015,-0.5225375626043406,0.27032136105860116,-0.5744047619047619,0.46504065040650405,-0.365149833518313,0.55,-0.2903225806451613,0.8719512195121951,-0.06840390879478828,0.8411764705882353,-0.08626198083067092,0.8773006134969326,-0.06535947712418301,0.9166666666666666,-0.043478260869565216,1.1485943775100402,0.0691588785046729,0.2730263157894737,-0.5710594315245479,0.23534971644612476,-0.6189747513389442,0.40487804878048783,-0.4236111111111111,0.47884615384615387,-0.35240572171651496,0.7591463414634146,-0.1369150779896014,0.7323529411764705,-0.15449915110356535,0.7638036809815951,-0.13391304347826086,0.7980769230769231,-0.11229946524064172,0.8706293706293706,-0.0691588785046729
5.32,285,213,1136,1202,690,557,327,311,377,261,-0.270613108,0.9450915141430949,-0.028229255774165955,1.6463768115942028,0.244249726177437,2.0394973070017954,0.3419964559952747,3.474006116207951,0.5529733424470267,3.652733118971061,0.5701451278507257,3.013262599469496,0.5016523463317911,4.352490421455939,0.6263421617752326,3.9859649122807017,0.5988740323715693,5.333333333333333,0.6842105263157895,1.0580985915492958,0.028229255774165955,1.7420289855072464,0.27061310782241016,2.1579892280071813,0.36668561682774303,3.675840978593272,0.5722694571615435,3.864951768488746,0.5888962326503635,3.1883289124668437,0.5224825839138696,4.605363984674329,0.6431989063568011,4.217543859649123,0.6166778749159382,5.643192488262911,0.6989399293286219,0.6073943661971831,-0.244249726177437,0.5740432612312812,-0.27061310782241016,1.2387791741472172,0.10665597433841219,2.110091743119266,0.35693215339233036,2.2186495176848875,0.3786213786213786,1.830238726790451,0.2933458294283037,2.6436781609195403,0.45110410094637227,2.4210526315789473,0.4153846153846154,3.23943661971831,0.5282392026578073,0.4903169014084507,-0.3419964559952747,0.4633943427620632,-0.36668561682774303,0.8072463768115942,-0.10665597433841219,1.7033639143730888,0.26018099547511314,1.7909967845659165,0.2834101382488479,1.4774535809018567,0.19271948608137046,2.1340996168582373,0.36185819070904646,1.9543859649122808,0.32304038004750596,2.615023474178404,0.44675324675324674,0.2878521126760563,-0.5529733424470267,0.2720465890183028,-0.5722694571615435,0.47391304347826085,-0.35693215339233036,0.5870736086175943,-0.26018099547511314,1.0514469453376205,0.025078369905956112,0.8673740053050398,-0.07102272727272728,1.2528735632183907,0.11224489795918367,1.1473684210526316,0.06862745098039216,1.5352112676056338,0.2111111111111111,0.2737676056338028,-0.5701451278507257,0.25873544093178036,-0.5888962326503635,0.45072463768115945,-0.3786213786213786,0.5583482944344704,-0.2834101382488479,0.9510703363914373,-0.025078369905956112,0.8249336870026526,-0.09593023255813954,1.1915708812260537,0.08741258741258741,1.0912280701754387,0.0436241610738255,1.460093896713615,0.18702290076335878,0.33186619718309857,-0.5016523463317911,0.3136439267886855,-0.5224825839138696,0.5463768115942029,-0.2933458294283037,0.6768402154398564,-0.19271948608137046,1.1529051987767585,0.07102272727272728,1.212218649517685,0.09593023255813954,1.4444444444444444,0.18181818181818182,1.3228070175438595,0.13897280966767372,1.7699530516431925,0.27796610169491526,0.22975352112676056,-0.6263421617752326,0.21713810316139767,-0.6431989063568011,0.3782608695652174,-0.45110410094637227,0.46858168761220825,-0.36185819070904646,0.7981651376146789,-0.11224489795918367,0.8392282958199357,-0.08741258741258741,0.6923076923076923,-0.18181818181818182,0.9157894736842105,-0.04395604395604396,1.2253521126760563,0.10126582278481013,0.25088028169014087,-0.5988740323715693,0.23710482529118138,-0.6166778749159382,0.41304347826086957,-0.4153846153846154,0.5116696588868941,-0.32304038004750596,0.8715596330275229,-0.06862745098039216,0.9163987138263665,-0.0436241610738255,0.7559681697612732,-0.13897280966767372,1.0919540229885059,0.04395604395604396,1.3380281690140845,0.14457831325301204,0.1875,-0.6842105263157895,0.1772046589018303,-0.6989399293286219,0.30869565217391304,-0.5282392026578073,0.38240574506283664,-0.44675324675324674,0.6513761467889908,-0.2111111111111111,0.684887459807074,-0.18702290076335878,0.5649867374005305,-0.27796610169491526,0.8160919540229885,-0.10126582278481013,0.7473684210526316,-0.14457831325301204
2.97,485,435,978,1170,786,693,529,519,519,488,-0.196319018,0.8358974358974359,-0.0893854748603352,1.2442748091603053,0.10884353741496598,1.4112554112554112,0.17055655296229802,1.8487712665406428,0.2979429329794293,1.884393063583815,0.3066132264529058,1.884393063583815,0.3066132264529058,2.0040983606557377,0.33424283765347884,2.0164948453608247,0.3369788106630212,2.2482758620689656,0.3842887473460722,1.196319018404908,0.0893854748603352,1.4885496183206106,0.19631901840490798,1.6883116883116882,0.2560386473429952,2.2117202268431,0.37728075338434375,2.254335260115607,0.38543516873889877,2.254335260115607,0.38543516873889877,2.3975409836065573,0.41133896260554886,2.4123711340206184,0.41389728096676737,2.689655172413793,0.45794392523364486,0.803680981595092,-0.10884353741496598,0.6717948717948717,-0.19631901840490798,1.1341991341991342,0.06288032454361055,1.4858223062381852,0.19543726235741446,1.5144508670520231,0.2045977011494253,1.5144508670520231,0.2045977011494253,1.610655737704918,0.23390894819466249,1.620618556701031,0.23682140047206923,1.806896551724138,0.28746928746928746,0.7085889570552147,-0.17055655296229802,0.5923076923076923,-0.2560386473429952,0.8816793893129771,-0.06288032454361055,1.3100189035916825,0.1342062193126023,1.3352601156069364,0.14356435643564355,1.3352601156069364,0.14356435643564355,1.4200819672131149,0.1735817104149026,1.4288659793814433,0.1765704584040747,1.5931034482758621,0.22872340425531915,0.5408997955010225,-0.2979429329794293,0.45213675213675214,-0.37728075338434375,0.6730279898218829,-0.19543726235741446,0.7633477633477633,-0.1342062193126023,1.0192678227360308,0.009541984732824428,1.0192678227360308,0.009541984732824428,1.084016393442623,0.04031465093411996,1.090721649484536,0.04339250493096647,1.2160919540229884,0.0975103734439834,0.5306748466257669,-0.3066132264529058,0.44358974358974357,-0.38543516873889877,0.6603053435114504,-0.2045977011494253,0.7489177489177489,-0.14356435643564355,0.9810964083175804,-0.009541984732824428,1.0,0.0,1.0635245901639345,0.030784508440913606,1.0701030927835051,0.03386454183266932,1.193103448275862,0.0880503144654088,0.5306748466257669,-0.3066132264529058,0.44358974358974357,-0.38543516873889877,0.6603053435114504,-0.2045977011494253,0.7489177489177489,-0.14356435643564355,0.9810964083175804,-0.009541984732824428,1.0,0.0,1.0635245901639345,0.030784508440913606,1.0701030927835051,0.03386454183266932,1.193103448275862,0.0880503144654088,0.49897750511247446,-0.33424283765347884,0.4170940170940171,-0.41133896260554886,0.6208651399491094,-0.23390894819466249,0.7041847041847041,-0.1735817104149026,0.9224952741020794,-0.04031465093411996,0.9402697495183044,-0.030784508440913606,0.9402697495183044,-0.030784508440913606,1.0061855670103093,0.003083247687564234,1.1218390804597702,0.05742145178764897,0.49591002044989774,-0.3369788106630212,0.41452991452991456,-0.41389728096676737,0.6170483460559797,-0.23682140047206923,0.6998556998556998,-0.1765704584040747,0.9168241965973535,-0.04339250493096647,0.9344894026974951,-0.03386454183266932,0.9344894026974951,-0.03386454183266932,0.9938524590163934,-0.003083247687564234,1.1149425287356323,0.05434782608695652,0.4447852760736196,-0.3842887473460722,0.3717948717948718,-0.45794392523364486,0.5534351145038168,-0.28746928746928746,0.6277056277056277,-0.22872340425531915,0.8223062381852552,-0.0975103734439834,0.838150289017341,-0.0880503144654088,0.838150289017341,-0.0880503144654088,0.8913934426229508,-0.05742145178764897,0.8969072164948454,-0.05434782608695652
2.8,528,437,809,1081,751,678,552,543,530,528,-0.180131004,0.7483811285846439,-0.1439153439153439,1.0772303595206392,0.03717948717948718,1.1932153392330382,0.08809683927370544,1.4655797101449275,0.1888317413666422,1.4898710865561695,0.19674556213017752,1.5264150943396226,0.2083644510828977,1.5321969696969697,0.21017202692595363,1.5321969696969697,0.21017202692595363,1.8512585812356979,0.2985553772070626,1.3362175525339925,0.1439153439153439,1.4394141145139814,0.18013100436681223,1.5943952802359882,0.22910744741330302,1.9583333333333333,0.323943661971831,1.9907918968692448,0.3312807881773399,2.039622641509434,0.34202358783364367,2.047348484848485,0.34369173399627095,2.047348484848485,0.34369173399627095,2.473684210526316,0.42424242424242425,0.9283065512978986,-0.03717948717948718,0.6947271045328399,-0.18013100436681223,1.107669616519174,0.05108467459762071,1.3605072463768115,0.15272448196469685,1.3830570902394106,0.160741885625966,1.4169811320754717,0.1725214676034348,1.4223484848484849,0.1743549648162627,1.4223484848484849,0.1743549648162627,1.7185354691075514,0.26430976430976433,0.8380716934487021,-0.08809683927370544,0.6271970397779834,-0.22910744741330302,0.9027962716378163,-0.05108467459762071,1.2282608695652173,0.1024390243902439,1.2486187845303867,0.11056511056511056,1.2792452830188679,0.12251655629139073,1.2840909090909092,0.12437810945273632,1.2840909090909092,0.12437810945273632,1.551487414187643,0.21614349775784752,0.6823238566131026,-0.1888317413666422,0.5106382978723404,-0.323943661971831,0.7350199733688415,-0.15272448196469685,0.8141592920353983,-0.1024390243902439,1.0165745856353592,0.00821917808219178,1.0415094339622641,0.02033271719038817,1.0454545454545454,0.022222222222222223,1.0454545454545454,0.022222222222222223,1.263157894736842,0.11627906976744186,0.6711990111248455,-0.19674556213017752,0.5023126734505088,-0.3312807881773399,0.7230359520639148,-0.160741885625966,0.8008849557522124,-0.11056511056511056,0.9836956521739131,-0.00821917808219178,1.0245283018867926,0.012115563839701771,1.0284090909090908,0.014005602240896359,1.0284090909090908,0.014005602240896359,1.242562929061785,0.10816326530612246,0.6551297898640297,-0.2083644510828977,0.4902867715078631,-0.34202358783364367,0.7057256990679095,-0.1725214676034348,0.7817109144542773,-0.12251655629139073,0.9601449275362319,-0.02033271719038817,0.9760589318600368,-0.012115563839701771,1.003787878787879,0.001890359168241966,1.003787878787879,0.001890359168241966,1.2128146453089246,0.09617373319544985,0.6526576019777504,-0.21017202692595363,0.4884366327474561,-0.34369173399627095,0.7030625832223701,-0.1743549648162627,0.7787610619469026,-0.12437810945273632,0.9565217391304348,-0.022222222222222223,0.9723756906077348,-0.014005602240896359,0.9962264150943396,-0.001890359168241966,1.0,0.0,1.208237986270023,0.09430051813471503,0.6526576019777504,-0.21017202692595363,0.4884366327474561,-0.34369173399627095,0.7030625832223701,-0.1743549648162627,0.7787610619469026,-0.12437810945273632,0.9565217391304348,-0.022222222222222223,0.9723756906077348,-0.014005602240896359,0.9962264150943396,-0.001890359168241966,1.0,0.0,1.208237986270023,0.09430051813471503,0.5401730531520396,-0.2985553772070626,0.40425531914893614,-0.42424242424242425,0.5818908122503329,-0.26430976430976433,0.644542772861357,-0.21614349775784752,0.7916666666666666,-0.11627906976744186,0.8047882136279927,-0.10816326530612246,0.8245283018867925,-0.09617373319544985,0.8276515151515151,-0.09430051813471503,0.8276515151515151,-0.09430051813471503
1.61,1061,944,885,1009,928,1037,1037,1053,878,1091,-0.041817243,0.8771060455896927,-0.06546990496304118,0.9536637931034483,-0.023717595146166576,0.8534233365477338,-0.07908428720083246,0.8534233365477338,-0.07908428720083246,0.8404558404558404,-0.08668730650154799,1.0079726651480638,0.003970504821327283,0.8111824014665444,-0.10425101214574899,0.8341187558906692,-0.09044193216855087,0.9375,-0.03225806451612903,1.1401129943502826,0.06546990496304118,1.0872844827586208,0.041817243159525036,0.9729990356798457,-0.013685239491691105,0.9729990356798457,-0.013685239491691105,0.9582146248812915,-0.02133850630455868,1.1492027334851935,0.06942236354001059,0.9248395967002749,-0.039047619047619046,0.9509896324222432,-0.025120772946859903,1.06885593220339,0.033282130056323606,1.048587570621469,0.023717595146166576,0.9197224975222993,-0.041817243159525036,0.8948891031822566,-0.05547073791348601,0.8948891031822566,-0.05547073791348601,0.8812915479582146,-0.06309944472488642,1.0569476082004556,0.02768549280177187,0.8505957836846929,-0.08073303615651313,0.8746465598491989,-0.06686777275012569,0.9830508474576272,-0.008547008547008548,1.1717514124293786,0.07908428720083246,1.0277502477700693,0.013685239491691105,1.1174568965517242,0.05547073791348601,1.0,0.0,0.9848053181386515,-0.007655502392344498,1.1810933940774488,0.08302872062663186,0.9505041246562786,-0.02537593984962406,0.9773798303487277,-0.011439466158245948,1.0985169491525424,0.046945986875315496,1.1717514124293786,0.07908428720083246,1.0277502477700693,0.013685239491691105,1.1174568965517242,0.05547073791348601,1.0,0.0,0.9848053181386515,-0.007655502392344498,1.1810933940774488,0.08302872062663186,0.9505041246562786,-0.02537593984962406,0.9773798303487277,-0.011439466158245948,1.0985169491525424,0.046945986875315496,1.1898305084745762,0.08668730650154799,1.043607532210109,0.02133850630455868,1.134698275862069,0.06309944472488642,1.0154291224686596,0.007655502392344498,1.0154291224686596,0.007655502392344498,1.1993166287015946,0.09062661833247022,0.9651695692025665,-0.017723880597014924,0.9924599434495759,-0.003784295175023652,1.1154661016949152,0.05458187280921382,0.992090395480226,-0.003970504821327283,0.8701684836471755,-0.06942236354001059,0.9461206896551724,-0.02768549280177187,0.8466730954676953,-0.08302872062663186,0.8466730954676953,-0.08302872062663186,0.8338081671415005,-0.09062661833247022,0.8047662694775435,-0.10817673946165567,0.827521206409048,-0.09437854564208355,0.9300847457627118,-0.036223929747530186,1.232768361581921,0.10425101214574899,1.081268582755203,0.039047619047619046,1.175646551724138,0.08073303615651313,1.052073288331726,0.02537593984962406,1.052073288331726,0.02537593984962406,1.0360873694207027,0.017723880597014924,1.2425968109339407,0.10817673946165567,1.0282752120640906,0.013940520446096654,1.1557203389830508,0.07223587223587223,1.198870056497175,0.09044193216855087,1.0515361744301288,0.025120772946859903,1.1433189655172413,0.06686777275012569,1.0231436837029895,0.011439466158245948,1.0231436837029895,0.011439466158245948,1.0075973409306742,0.003784295175023652,1.2084282460136675,0.09437854564208355,0.9725022914757103,-0.013940520446096654,1.1239406779661016,0.058354114713216956,1.0666666666666667,0.03225806451612903,0.9355797819623389,-0.033282130056323606,1.0172413793103448,0.008547008547008548,0.9103182256509161,-0.046945986875315496,0.9103182256509161,-0.046945986875315496,0.8964862298195632,-0.05458187280921382,1.0751708428246014,0.036223929747530186,0.8652612282309807,-0.07223587223587223,0.8897266729500471,-0.058354114713216956
2.26,74,58,470,694,296,197,55,60,60,64,-0.402020202,0.6772334293948127,-0.19243986254295534,1.587837837837838,0.22715404699738903,2.3857868020304567,0.40929535232383807,8.545454545454545,0.7904761904761904,7.833333333333333,0.7735849056603774,7.833333333333333,0.7735849056603774,7.34375,0.7602996254681648,6.351351351351352,0.7279411764705882,8.10344827586207,0.7803030303030303,1.476595744680851,0.19243986254295534,2.3445945945945947,0.402020202020202,3.5228426395939088,0.5578002244668911,12.618181818181819,0.8531375166889186,11.566666666666666,0.8408488063660478,11.566666666666666,0.8408488063660478,10.84375,0.8311345646437994,9.378378378378379,0.8072916666666666,11.96551724137931,0.8457446808510638,0.6297872340425532,-0.22715404699738903,0.4265129682997118,-0.402020202020202,1.50253807106599,0.20081135902636918,5.381818181818182,0.6866096866096866,4.933333333333334,0.6629213483146067,4.933333333333334,0.6629213483146067,4.625,0.6444444444444445,4.0,0.6,5.103448275862069,0.672316384180791,0.41914893617021276,-0.40929535232383807,0.2838616714697406,-0.5578002244668911,0.6655405405405406,-0.20081135902636918,3.581818181818182,0.5634920634920635,3.283333333333333,0.5330739299610895,3.283333333333333,0.5330739299610895,3.078125,0.5095785440613027,2.6621621621621623,0.45387453874538747,3.396551724137931,0.5450980392156862,0.11702127659574468,-0.7904761904761904,0.0792507204610951,-0.8531375166889186,0.1858108108108108,-0.6866096866096866,0.27918781725888325,-0.5634920634920635,0.9166666666666666,-0.043478260869565216,0.9166666666666666,-0.043478260869565216,0.859375,-0.07563025210084033,0.7432432432432432,-0.14728682170542637,0.9482758620689655,-0.02654867256637168,0.1276595744680851,-0.7735849056603774,0.08645533141210375,-0.8408488063660478,0.20270270270270271,-0.6629213483146067,0.30456852791878175,-0.5330739299610895,1.0909090909090908,0.043478260869565216,1.0,0.0,0.9375,-0.03225806451612903,0.8108108108108109,-0.1044776119402985,1.0344827586206897,0.01694915254237288,0.1276595744680851,-0.7735849056603774,0.08645533141210375,-0.8408488063660478,0.20270270270270271,-0.6629213483146067,0.30456852791878175,-0.5330739299610895,1.0909090909090908,0.043478260869565216,1.0,0.0,0.9375,-0.03225806451612903,0.8108108108108109,-0.1044776119402985,1.0344827586206897,0.01694915254237288,0.13617021276595745,-0.7602996254681648,0.09221902017291066,-0.8311345646437994,0.21621621621621623,-0.6444444444444445,0.3248730964467005,-0.5095785440613027,1.1636363636363636,0.07563025210084033,1.0666666666666667,0.03225806451612903,1.0666666666666667,0.03225806451612903,0.8648648648648649,-0.07246376811594203,1.103448275862069,0.04918032786885246,0.1574468085106383,-0.7279411764705882,0.10662824207492795,-0.8072916666666666,0.25,-0.6,0.3756345177664975,-0.45387453874538747,1.3454545454545455,0.14728682170542637,1.2333333333333334,0.1044776119402985,1.2333333333333334,0.1044776119402985,1.15625,0.07246376811594203,1.2758620689655173,0.12121212121212122,0.12340425531914893,-0.7803030303030303,0.08357348703170028,-0.8457446808510638,0.19594594594594594,-0.672316384180791,0.29441624365482233,-0.5450980392156862,1.0545454545454545,0.02654867256637168,0.9666666666666667,-0.01694915254237288,0.9666666666666667,-0.01694915254237288,0.90625,-0.04918032786885246,0.7837837837837838,-0.12121212121212122
1.43,895,812,1236,1498,1156,1117,971,960,887,954,-0.128862095,0.8251001335113485,-0.0958302852962692,1.069204152249135,0.033444816053511704,1.1065353625783347,0.05057373565660858,1.2729145211122554,0.1200724966017218,1.2875,0.12568306010928962,1.3934611048478016,0.16439001413094678,1.2955974842767295,0.12876712328767123,1.3810055865921789,0.16001877053026747,1.522167487684729,0.20703125,1.2119741100323624,0.0958302852962692,1.2958477508650519,0.12886209495101733,1.3410922112802148,0.145697896749522,1.5427394438722966,0.2134467395706764,1.5604166666666666,0.21887713588283156,1.6888387824126267,0.2561844863731656,1.570230607966457,0.22185970636215335,1.6737430167597764,0.25198495612202254,1.8448275862068966,0.296969696969697,0.9352750809061489,-0.033444816053511704,0.7716955941255007,-0.12886209495101733,1.034914950760967,0.01715794104707435,1.1905252317198765,0.08697696285848613,1.2041666666666666,0.09262759924385633,1.3032694475760993,0.13166911404796866,1.2117400419287212,0.09573459715639811,1.2916201117318435,0.1272549975621648,1.4236453201970443,0.17479674796747968,0.9037216828478964,-0.05057373565660858,0.7456608811748998,-0.145697896749522,0.9662629757785467,-0.01715794104707435,1.1503604531410916,0.06992337164750957,1.1635416666666667,0.07558979297063072,1.2593010146561443,0.11477045908183632,1.170859538784067,0.07870593915982617,1.2480446927374302,0.110337972166998,1.375615763546798,0.15811301192327631,0.7855987055016181,-0.1200724966017218,0.6481975967957276,-0.2134467395706764,0.8399653979238755,-0.08697696285848613,0.8692927484333035,-0.06992337164750957,1.0114583333333333,0.005696530295183843,1.0947012401352876,0.04520990312163617,1.0178197064989518,0.008831168831168832,1.0849162011173183,0.04072883172561629,1.1958128078817734,0.0891755468311834,0.7766990291262136,-0.12568306010928962,0.6408544726301736,-0.21887713588283156,0.8304498269896193,-0.09262759924385633,0.8594449418084154,-0.07558979297063072,0.9886714727085479,-0.005696530295183843,1.0822998872604284,0.03952355170546833,1.0062893081761006,0.003134796238244514,1.0726256983240223,0.03504043126684636,1.1822660098522169,0.0835214446952596,0.7176375404530745,-0.16439001413094678,0.5921228304405874,-0.2561844863731656,0.7673010380622838,-0.13166911404796866,0.7940913160250671,-0.11477045908183632,0.913491246138002,-0.04520990312163617,0.9239583333333333,-0.03952355170546833,0.929769392033543,-0.03639326453014666,0.9910614525139665,-0.004489337822671156,1.0923645320197044,0.04414361389052384,0.7718446601941747,-0.12876712328767123,0.636849132176235,-0.22185970636215335,0.8252595155709342,-0.09573459715639811,0.8540734109221128,-0.07870593915982617,0.9824922760041195,-0.008831168831168832,0.99375,-0.003134796238244514,1.0755355129650508,0.03639326453014666,1.0659217877094973,0.0319091400757166,1.1748768472906403,0.08040770101925254,0.7241100323624595,-0.16001877053026747,0.5974632843791722,-0.25198495612202254,0.7742214532871973,-0.1272549975621648,0.8012533572068039,-0.110337972166998,0.92173017507724,-0.04072883172561629,0.9322916666666666,-0.03504043126684636,1.0090191657271703,0.004489337822671156,0.9381551362683438,-0.0319091400757166,1.1022167487684729,0.04862331575864089,0.656957928802589,-0.20703125,0.5420560747663551,-0.296969696969697,0.7024221453287197,-0.17479674796747968,0.7269471799462847,-0.15811301192327631,0.8362512873326468,-0.0891755468311834,0.8458333333333333,-0.0835214446952596,0.915445321307779,-0.04414361389052384,0.8511530398322851,-0.08040770101925254,0.9072625698324023,-0.04862331575864089
1.66,3775,3797,4858,4500,4152,4361,4308,4236,4210,4128,-0.040221914,1.0795555555555556,0.03825603761487497,1.170038535645472,0.07835738068812431,1.1139646869983948,0.053910402429764616,1.127669452181987,0.06000436395374209,1.1468366383380548,0.06839674510666373,1.153919239904988,0.07146007940008822,1.1768410852713178,0.08123748052526152,1.286887417218543,0.12544885902930616,1.2794311298393468,0.12258809936452918,0.9263071222725402,-0.03825603761487497,1.083815028901734,0.04022191400832178,1.031873423526714,0.015686717074822255,1.0445682451253482,0.021798365122615803,1.0623229461756374,0.03021978021978022,1.0688836104513064,0.03329506314580941,1.0901162790697674,0.043115438108484005,1.1920529801324504,0.08761329305135952,1.18514616802739,0.08472942027238761,0.854672704816797,-0.07835738068812431,0.9226666666666666,-0.04022191400832178,0.9520752121073148,-0.024550687184306356,0.9637883008356546,-0.018439716312056736,0.9801699716713881,-0.010014306151645207,0.9862232779097387,-0.006936139679502512,1.005813953488372,0.002898550724637681,1.0998675496688741,0.04755897565283209,1.0934948643666051,0.044659705623348846,0.8976945244956772,-0.053910402429764616,0.9691111111111111,-0.015686717074822255,1.0503371868978806,0.024550687184306356,1.0123026926648098,0.006113738608836083,1.029508970727101,0.014539955798534373,1.0358669833729217,0.01761754754404387,1.0564437984496124,0.02744728472140417,1.1552317880794702,0.07202556538839724,1.1485383197260997,0.06913459181171856,0.8867846850555784,-0.06000436395374209,0.9573333333333334,-0.021798365122615803,1.0375722543352601,0.018439716312056736,0.9878468241229076,-0.006113738608836083,1.0169971671388103,0.008426966292134831,1.0232779097387172,0.01150504813336464,1.0436046511627908,0.021337126600284494,1.1411920529801325,0.06594086354076457,1.1345799315248881,0.06304750154225787,0.8719637710992177,-0.06839674510666373,0.9413333333333334,-0.03021978021978022,1.0202312138728324,0.010014306151645207,0.9713368493464801,-0.014539955798534373,0.9832869080779945,-0.008426966292134831,1.0061757719714965,0.0030783802983660904,1.0261627906976745,0.01291248206599713,1.1221192052980133,0.05754587442266883,1.1156175928364498,0.054649570521598405,0.8666117743927543,-0.07146007940008822,0.9355555555555556,-0.03329506314580941,1.0139691714836223,0.006936139679502512,0.9653749140105481,-0.01761754754404387,0.9772516248839369,-0.01150504813336464,0.993862134088763,-0.0030783802983660904,1.0198643410852712,0.009834492684096906,1.1152317880794702,0.054477144646211645,1.1087700816434027,0.05157986761583614,0.8497324001646768,-0.08123748052526152,0.9173333333333333,-0.043115438108484005,0.9942196531791907,-0.002898550724637681,0.946571887181839,-0.02744728472140417,0.958217270194986,-0.021337126600284494,0.9745042492917847,-0.01291248206599713,0.9805225653206651,-0.009834492684096906,1.0935099337748344,0.04466658231051499,1.0871740848037925,0.04176656151419558,0.7770687525730754,-0.12544885902930616,0.8388888888888889,-0.08761329305135952,0.9092003853564548,-0.04755897565283209,0.8656271497362991,-0.07202556538839724,0.8762766945218199,-0.06594086354076457,0.8911709159584513,-0.05754587442266883,0.8966745843230404,-0.054477144646211645,0.9144864341085271,-0.04466658231051499,0.9942059520674217,-0.0029054410987849975,0.7815973651708522,-0.12258809936452918,0.8437777777777777,-0.08472942027238761,0.9144990366088632,-0.044659705623348846,0.8706718642513185,-0.06913459181171856,0.8813834726090993,-0.06304750154225787,0.8963644948064211,-0.054649570521598405,0.9019002375296912,-0.05157986761583614,0.9198158914728682,-0.04176656151419558,1.0058278145695365,0.0029054410987849975
2.53,751,709,990,1248,890,890,741,737,639,747,-0.167446211,0.7932692307692307,-0.11528150134048257,1.1123595505617978,0.05319148936170213,1.1123595505617978,0.05319148936170213,1.3360323886639676,0.1438474870017331,1.3432835820895523,0.1464968152866242,1.5492957746478873,0.2154696132596685,1.3253012048192772,0.13989637305699482,1.3182423435419441,0.1372774267662263,1.3963328631875882,0.16539140670982933,1.2606060606060605,0.11528150134048257,1.402247191011236,0.16744621141253507,1.402247191011236,0.16744621141253507,1.6842105263157894,0.2549019607843137,1.6933514246947083,0.25743073047858944,1.9530516431924883,0.32273449920508746,1.6706827309236947,0.2511278195488722,1.6617842876165114,0.24862431215607803,1.7602256699576868,0.2754215636177823,0.898989898989899,-0.05319148936170213,0.7131410256410257,-0.16744621141253507,1.0,0.0,1.2010796221322537,0.09135499693439608,1.2075983717774763,0.0940381069452981,1.3928012519561814,0.16415958142576847,1.1914323962516733,0.08735491753207086,1.18508655126498,0.08470444850700792,1.2552891396332864,0.1131957473420888,0.898989898989899,-0.05319148936170213,0.7131410256410257,-0.16744621141253507,1.0,0.0,1.2010796221322537,0.09135499693439608,1.2075983717774763,0.0940381069452981,1.3928012519561814,0.16415958142576847,1.1914323962516733,0.08735491753207086,1.18508655126498,0.08470444850700792,1.2552891396332864,0.1131957473420888,0.7484848484848485,-0.1438474870017331,0.59375,-0.2549019607843137,0.8325842696629213,-0.09135499693439608,0.8325842696629213,-0.09135499693439608,1.005427408412483,0.0027063599458728013,1.15962441314554,0.07391304347826087,0.9919678714859438,-0.004032258064516129,0.9866844207723036,-0.006702412868632708,1.0451339915373765,0.022068965517241378,0.7444444444444445,-0.1464968152866242,0.5905448717948718,-0.25743073047858944,0.8280898876404494,-0.0940381069452981,0.8280898876404494,-0.0940381069452981,0.9946018893387314,-0.0027063599458728013,1.1533646322378717,0.07122093023255814,0.9866131191432396,-0.006738544474393531,0.9813581890812251,-0.009408602150537635,1.0394922425952045,0.019363762102351315,0.6454545454545455,-0.2154696132596685,0.5120192307692307,-0.32273449920508746,0.7179775280898877,-0.16415958142576847,0.7179775280898877,-0.16415958142576847,0.8623481781376519,-0.07391304347826087,0.8670284938941656,-0.07122093023255814,0.8554216867469879,-0.07792207792207792,0.8508655126498003,-0.08057553956834532,0.9012693935119888,-0.05192878338278932,0.7545454545454545,-0.13989637305699482,0.5985576923076923,-0.2511278195488722,0.8393258426966292,-0.08735491753207086,0.8393258426966292,-0.08735491753207086,1.008097165991903,0.004032258064516129,1.0135685210312075,0.006738544474393531,1.1690140845070423,0.07792207792207792,0.9946737683089214,-0.0026702269692923898,1.0535966149506346,0.0260989010989011,0.7585858585858586,-0.1372774267662263,0.6017628205128205,-0.24862431215607803,0.8438202247191011,-0.08470444850700792,0.8438202247191011,-0.08470444850700792,1.0134952766531713,0.006702412868632708,1.0189959294436906,0.009408602150537635,1.1752738654147106,0.08057553956834532,1.0053547523427042,0.0026702269692923898,1.0592383638928067,0.028767123287671233,0.7161616161616161,-0.16539140670982933,0.5681089743589743,-0.2754215636177823,0.7966292134831461,-0.1131957473420888,0.7966292134831461,-0.1131957473420888,0.9568151147098516,-0.022068965517241378,0.9620081411126187,-0.019363762102351315,1.109546165884194,0.05192878338278932,0.9491298527443106,-0.0260989010989011,0.9440745672436751,-0.028767123287671233
2.4,886,802,1107,1343,1079,1069,919,912,841,917,-0.109000826,0.8242740134028295,-0.0963265306122449,1.025949953660797,0.012808783165599268,1.0355472404115997,0.017463235294117647,1.2045701849836778,0.09279368213228036,1.2138157894736843,0.09658246656760773,1.3162901307966706,0.13655030800821355,1.2071973827699018,0.09387351778656126,1.2494356659142212,0.11088810837932765,1.380299251870324,0.15976951283394447,1.2131887985546521,0.0963265306122449,1.2446709916589436,0.10900082576383155,1.2563143124415341,0.11359867330016583,1.4613710554951034,0.1874447391688771,1.4725877192982457,0.19113082039911308,1.5969084423305588,0.22985347985347984,1.4645583424209379,0.18849557522123894,1.5158013544018059,0.20502467474203678,1.674563591022444,0.2522144522144522,0.974706413730804,-0.012808783165599268,0.8034251675353685,-0.10900082576383155,1.0093545369504209,0.004655493482309125,1.1741022850924918,0.08008008008008008,1.1831140350877194,0.0838774485183325,1.2829964328180736,0.12395833333333334,1.1766630316248636,0.0811623246492986,1.2178329571106095,0.09821882951653944,1.3453865336658355,0.14726209463051568,0.9656729900632339,-0.017463235294117647,0.7959791511541325,-0.11359867330016583,0.9907321594068582,-0.004655493482309125,1.163220892274211,0.07545271629778671,1.1721491228070176,0.07925290257445734,1.2711058263971462,0.1193717277486911,1.1657579062159216,0.07653575025176233,1.2065462753950338,0.09360613810741689,1.332917705735661,0.14270443613041153,0.8301716350496838,-0.09279368213228036,0.684288905435592,-0.1874447391688771,0.8517145505097312,-0.08008008008008008,0.8596819457436857,-0.07545271629778671,1.0076754385964912,0.0038230475150191155,1.0927467300832343,0.04431818181818182,1.0021810250817884,0.0010893246187363835,1.0372460496613995,0.018282548476454295,1.1458852867830425,0.06798373038930854,0.8238482384823849,-0.09658246656760773,0.6790766939687267,-0.19113082039911308,0.845227062094532,-0.0838774485183325,0.8531337698783911,-0.07925290257445734,0.9923830250272034,-0.0038230475150191155,1.084423305588585,0.040501996577296064,0.9945474372955289,-0.002733734281027884,1.0293453724604966,0.014460511679644048,1.1371571072319202,0.06417736289381563,0.7597109304426377,-0.13655030800821355,0.6262099776619509,-0.22985347985347984,0.7794253938832252,-0.12395833333333334,0.7867165575304023,-0.1193717277486911,0.9151251360174102,-0.04431818181818182,0.9221491228070176,-0.040501996577296064,0.9171210468920392,-0.04323094425483504,0.9492099322799097,-0.02605674580196873,1.0486284289276808,0.023737066342057214,0.8283649503161699,-0.09387351778656126,0.6827997021593447,-0.18849557522123894,0.8498609823911029,-0.0811623246492986,0.8578110383536015,-0.07653575025176233,0.9978237214363439,-0.0010893246187363835,1.0054824561403508,0.002733734281027884,1.0903686087990487,0.04323094425483504,1.0349887133182845,0.017193566278424846,1.1433915211970074,0.06689936009307737,0.8003613369467028,-0.11088810837932765,0.659717051377513,-0.20502467474203678,0.8211306765523633,-0.09821882951653944,0.8288119738072965,-0.09360613810741689,0.9640914036996736,-0.018282548476454295,0.9714912280701754,-0.014460511679644048,1.0535077288941737,0.02605674580196873,0.9661941112322792,-0.017193566278424846,1.1047381546134662,0.04976303317535545,0.7244805781391147,-0.15976951283394447,0.5971705137751303,-0.2522144522144522,0.7432808155699722,-0.14726209463051568,0.7502338634237605,-0.14270443613041153,0.8726877040261154,-0.06798373038930854,0.8793859649122807,-0.06417736289381563,0.9536266349583828,-0.023737066342057214,0.8745910577971646,-0.06689936009307737,0.9051918735891648,-0.04976303317535545
2.53,476,448,675,837,627,621,523,502,440,515,-0.143442623,0.8064516129032258,-0.10714285714285714,1.076555023923445,0.03686635944700461,1.0869565217391304,0.041666666666666664,1.2906309751434035,0.12687813021702837,1.344621513944223,0.1469838572642311,1.5340909090909092,0.21076233183856502,1.3106796116504855,0.13445378151260504,1.4180672268907564,0.17289313640312773,1.5066964285714286,0.20213713268032057,1.24,0.10714285714285714,1.3349282296650717,0.14344262295081966,1.3478260869565217,0.14814814814814814,1.6003824091778203,0.23088235294117648,1.6673306772908367,0.2501867064973861,1.9022727272727273,0.31088488645262335,1.6252427184466018,0.23816568047337278,1.7584033613445378,0.27494287890327496,1.8683035714285714,0.3027237354085603,0.9288888888888889,-0.03686635944700461,0.7491039426523297,-0.14344262295081966,1.0096618357487923,0.004807692307692308,1.1988527724665392,0.09043478260869565,1.249003984063745,0.11071744906997343,1.425,0.17525773195876287,1.2174757281553399,0.09807355516637478,1.3172268907563025,0.13689936536718042,1.3995535714285714,0.16651162790697674,0.92,-0.041666666666666664,0.7419354838709677,-0.14814814814814814,0.9904306220095693,-0.004807692307692308,1.187380497131931,0.08566433566433566,1.2370517928286853,0.10596616206589493,1.4113636363636364,0.1705937794533459,1.2058252427184466,0.09330985915492958,1.3046218487394958,0.13217866909753875,1.3861607142857142,0.1618334892422825,0.7748148148148148,-0.12687813021702837,0.6248506571087217,-0.23088235294117648,0.8341307814992025,-0.09043478260869565,0.8421900161030595,-0.08566433566433566,1.0418326693227091,0.02048780487804878,1.1886363636363637,0.08618899273104881,1.0155339805825243,0.007707129094412331,1.0987394957983194,0.04704704704704705,1.1674107142857142,0.07723995880535531,0.7437037037037038,-0.1469838572642311,0.5997610513739546,-0.2501867064973861,0.8006379585326954,-0.11071744906997343,0.8083735909822867,-0.10596616206589493,0.9598470363288719,-0.02048780487804878,1.1409090909090909,0.06581740976645435,0.974757281553398,-0.012782694198623401,1.0546218487394958,0.026584867075664622,1.1205357142857142,0.056842105263157895,0.6518518518518519,-0.21076233183856502,0.5256869772998806,-0.31088488645262335,0.7017543859649122,-0.17525773195876287,0.7085346215780999,-0.1705937794533459,0.8413001912045889,-0.08618899273104881,0.8764940239043825,-0.06581740976645435,0.8543689320388349,-0.07853403141361257,0.9243697478991597,-0.039301310043668124,0.9821428571428571,-0.009009009009009009,0.762962962962963,-0.13445378151260504,0.6152927120669056,-0.23816568047337278,0.8213716108452951,-0.09807355516637478,0.8293075684380032,-0.09330985915492958,0.9847036328871893,-0.007707129094412331,1.0258964143426295,0.012782694198623401,1.1704545454545454,0.07853403141361257,1.0819327731092436,0.039354187689202826,1.1495535714285714,0.0695742471443406,0.7051851851851851,-0.17289313640312773,0.5686977299880526,-0.27494287890327496,0.759170653907496,-0.13689936536718042,0.7665056360708534,-0.13217866909753875,0.9101338432122371,-0.04704704704704705,0.9482071713147411,-0.026584867075664622,1.0818181818181818,0.039301310043668124,0.9242718446601942,-0.039354187689202826,1.0625,0.030303030303030304,0.6637037037037037,-0.20213713268032057,0.5352449223416965,-0.3027237354085603,0.7145135566188198,-0.16651162790697674,0.7214170692431562,-0.1618334892422825,0.8565965583173997,-0.07723995880535531,0.8924302788844621,-0.056842105263157895,1.018181818181818,0.009009009009009009,0.8699029126213592,-0.0695742471443406,0.9411764705882353,-0.030303030303030304
1.1,258,217,135,347,240,207,149,176,161,179,-0.182282794,0.38904899135446686,-0.43983402489626555,0.5625,-0.28,0.6521739130434783,-0.21052631578947367,0.9060402684563759,-0.04929577464788732,0.7670454545454546,-0.13183279742765272,0.8385093167701864,-0.08783783783783784,0.7541899441340782,-0.14012738853503184,0.5232558139534884,-0.31297709923664124,0.6221198156682027,-0.23295454545454544,2.5703703703703704,0.43983402489626555,1.4458333333333333,0.18228279386712096,1.6763285024154588,0.2527075812274368,2.3288590604026846,0.39919354838709675,1.9715909090909092,0.32695984703632885,2.1552795031055902,0.3661417322834646,1.9385474860335195,0.3193916349809886,1.3449612403100775,0.14710743801652892,1.599078341013825,0.23049645390070922,1.7777777777777777,0.28,0.69164265129683,-0.18228279386712096,1.1594202898550725,0.0738255033557047,1.610738255033557,0.23393316195372751,1.3636363636363635,0.15384615384615385,1.4906832298136645,0.1970074812967581,1.3407821229050279,0.14558472553699284,0.9302325581395349,-0.03614457831325301,1.1059907834101383,0.05032822757111598,1.5333333333333334,0.21052631578947367,0.5965417867435159,-0.2527075812274368,0.8625,-0.0738255033557047,1.389261744966443,0.16292134831460675,1.1761363636363635,0.08093994778067885,1.2857142857142858,0.125,1.1564245810055866,0.07253886010362694,0.8023255813953488,-0.10967741935483871,0.9539170506912442,-0.02358490566037736,1.1037037037037036,0.04929577464788732,0.42939481268011526,-0.39919354838709675,0.6208333333333333,-0.23393316195372751,0.7198067632850241,-0.16292134831460675,0.8465909090909091,-0.08307692307692308,0.9254658385093167,-0.03870967741935484,0.8324022346368715,-0.09146341463414634,0.5775193798449613,-0.2678132678132678,0.6866359447004609,-0.18579234972677597,1.3037037037037038,0.13183279742765272,0.5072046109510087,-0.32695984703632885,0.7333333333333333,-0.15384615384615385,0.8502415458937198,-0.08093994778067885,1.1812080536912752,0.08307692307692308,1.093167701863354,0.04451038575667656,0.9832402234636871,-0.008450704225352112,0.6821705426356589,-0.1889400921658986,0.8110599078341014,-0.10432569974554708,1.1925925925925926,0.08783783783783784,0.46397694524495675,-0.3661417322834646,0.6708333333333333,-0.1970074812967581,0.7777777777777778,-0.125,1.080536912751678,0.03870967741935484,0.9147727272727273,-0.04451038575667656,0.8994413407821229,-0.052941176470588235,0.624031007751938,-0.2315035799522673,0.7419354838709677,-0.14814814814814814,1.325925925925926,0.14012738853503184,0.515850144092219,-0.3193916349809886,0.7458333333333333,-0.14558472553699284,0.8647342995169082,-0.07253886010362694,1.2013422818791946,0.09146341463414634,1.0170454545454546,0.008450704225352112,1.1118012422360248,0.052941176470588235,0.6937984496124031,-0.18077803203661327,0.8248847926267281,-0.09595959595959595,1.9111111111111112,0.31297709923664124,0.7435158501440923,-0.14710743801652892,1.075,0.03614457831325301,1.2463768115942029,0.10967741935483871,1.7315436241610738,0.2678132678132678,1.4659090909090908,0.1889400921658986,1.6024844720496894,0.2315035799522673,1.441340782122905,0.18077803203661327,1.1889400921658986,0.0863157894736842,1.6074074074074074,0.23295454545454544,0.6253602305475504,-0.23049645390070922,0.9041666666666667,-0.05032822757111598,1.0483091787439613,0.02358490566037736,1.4563758389261745,0.18579234972677597,1.2329545454545454,0.10432569974554708,1.3478260869565217,0.14814814814814814,1.2122905027932962,0.09595959595959595,0.8410852713178295,-0.0863157894736842
1.5,104,78,207,395,237,232,125,120,69,117,-0.25,0.5240506329113924,-0.3122923588039867,0.8734177215189873,-0.06756756756756757,0.8922413793103449,-0.05694760820045558,1.656,0.2469879518072289,1.725,0.26605504587155965,3.0,0.5,1.7692307692307692,0.2777777777777778,1.9903846153846154,0.3311897106109325,2.6538461538461537,0.45263157894736844,1.9082125603864735,0.3122923588039867,1.6666666666666667,0.25,1.7025862068965518,0.25996810207336524,3.16,0.5192307692307693,3.2916666666666665,0.5339805825242718,5.72463768115942,0.7025862068965517,3.376068376068376,0.54296875,3.798076923076923,0.5831663326653307,5.064102564102564,0.6701902748414377,1.144927536231884,0.06756756756756757,0.6,-0.25,1.021551724137931,0.010660980810234541,1.896,0.30939226519337015,1.975,0.3277310924369748,3.4347826086956523,0.5490196078431373,2.0256410256410255,0.3389830508474576,2.2788461538461537,0.39002932551319647,3.0384615384615383,0.5047619047619047,1.1207729468599035,0.05694760820045558,0.5873417721518988,-0.25996810207336524,0.9789029535864979,-0.010660980810234541,1.856,0.29971988795518206,1.9333333333333333,0.3181818181818182,3.36231884057971,0.5415282392026578,1.982905982905983,0.32951289398280803,2.230769230769231,0.38095238095238093,2.9743589743589745,0.4967741935483871,0.6038647342995169,-0.2469879518072289,0.31645569620253167,-0.5192307692307693,0.5274261603375527,-0.30939226519337015,0.5387931034482759,-0.29971988795518206,1.0416666666666667,0.02040816326530612,1.8115942028985508,0.28865979381443296,1.0683760683760684,0.03305785123966942,1.2019230769230769,0.09170305676855896,1.6025641025641026,0.2315270935960591,0.5797101449275363,-0.26605504587155965,0.3037974683544304,-0.5339805825242718,0.5063291139240507,-0.3277310924369748,0.5172413793103449,-0.3181818181818182,0.96,-0.02040816326530612,1.7391304347826086,0.2698412698412698,1.0256410256410255,0.012658227848101266,1.1538461538461537,0.07142857142857142,1.5384615384615385,0.21212121212121213,0.3333333333333333,-0.5,0.17468354430379746,-0.7025862068965517,0.2911392405063291,-0.5490196078431373,0.2974137931034483,-0.5415282392026578,0.552,-0.28865979381443296,0.575,-0.2698412698412698,0.5897435897435898,-0.25806451612903225,0.6634615384615384,-0.2023121387283237,0.8846153846153846,-0.061224489795918366,0.5652173913043478,-0.2777777777777778,0.29620253164556964,-0.54296875,0.4936708860759494,-0.3389830508474576,0.5043103448275862,-0.32951289398280803,0.936,-0.03305785123966942,0.975,-0.012658227848101266,1.6956521739130435,0.25806451612903225,1.125,0.058823529411764705,1.5,0.2,0.5024154589371981,-0.3311897106109325,0.26329113924050634,-0.5831663326653307,0.4388185654008439,-0.39002932551319647,0.4482758620689655,-0.38095238095238093,0.832,-0.09170305676855896,0.8666666666666667,-0.07142857142857142,1.5072463768115942,0.2023121387283237,0.8888888888888888,-0.058823529411764705,1.3333333333333333,0.14285714285714285,0.37681159420289856,-0.45263157894736844,0.19746835443037974,-0.6701902748414377,0.3291139240506329,-0.5047619047619047,0.33620689655172414,-0.4967741935483871,0.624,-0.2315270935960591,0.65,-0.21212121212121213,1.1304347826086956,0.061224489795918366,0.6666666666666666,-0.2,0.75,-0.14285714285714285
1.64,151,127,276,377,240,285,122,143,130,136,-0.222042139,0.7320954907161804,-0.1546707503828484,1.15,0.06976744186046512,0.968421052631579,-0.016042780748663103,2.262295081967213,0.3869346733668342,1.93006993006993,0.31742243436754175,2.123076923076923,0.35960591133004927,2.0294117647058822,0.33980582524271846,1.8278145695364238,0.2927400468384075,2.173228346456693,0.369727047146402,1.3659420289855073,0.1546707503828484,1.5708333333333333,0.22204213938411668,1.3228070175438595,0.13897280966767372,3.0901639344262297,0.5110220440881763,2.6363636363636362,0.45,2.9,0.48717948717948717,2.7720588235294117,0.4697855750487329,2.4966887417218544,0.42803030303030304,2.968503937007874,0.49603174603174605,0.8695652173913043,-0.06976744186046512,0.636604774535809,-0.22204213938411668,0.8421052631578947,-0.08571428571428572,1.9672131147540983,0.3259668508287293,1.6783216783216783,0.25326370757180156,1.8461538461538463,0.2972972972972973,1.7647058823529411,0.2765957446808511,1.5894039735099337,0.22762148337595908,1.889763779527559,0.3079019073569482,1.0326086956521738,0.016042780748663103,0.7559681697612732,-0.13897280966767372,1.1875,0.08571428571428572,2.3360655737704916,0.4004914004914005,1.993006993006993,0.3317757009345794,2.1923076923076925,0.37349397590361444,2.0955882352941178,0.35391923990498814,1.8874172185430464,0.3073394495412844,2.2440944881889764,0.38349514563106796,0.4420289855072464,-0.3869346733668342,0.32360742705570295,-0.5110220440881763,0.5083333333333333,-0.3259668508287293,0.4280701754385965,-0.4004914004914005,0.8531468531468531,-0.07924528301886792,0.9384615384615385,-0.031746031746031744,0.8970588235294118,-0.05426356589147287,0.8079470198675497,-0.10622710622710622,0.9606299212598425,-0.020080321285140562,0.5181159420289855,-0.31742243436754175,0.3793103448275862,-0.45,0.5958333333333333,-0.25326370757180156,0.5017543859649123,-0.3317757009345794,1.1721311475409837,0.07924528301886792,1.1,0.047619047619047616,1.0514705882352942,0.025089605734767026,0.9470198675496688,-0.027210884353741496,1.125984251968504,0.05925925925925926,0.47101449275362317,-0.35960591133004927,0.3448275862068966,-0.48717948717948717,0.5416666666666666,-0.2972972972972973,0.45614035087719296,-0.37349397590361444,1.0655737704918034,0.031746031746031744,0.9090909090909091,-0.047619047619047616,0.9558823529411765,-0.022556390977443608,0.8609271523178808,-0.07473309608540925,1.0236220472440944,0.011673151750972763,0.4927536231884058,-0.33980582524271846,0.36074270557029176,-0.4697855750487329,0.5666666666666667,-0.2765957446808511,0.47719298245614034,-0.35391923990498814,1.1147540983606556,0.05426356589147287,0.951048951048951,-0.025089605734767026,1.0461538461538462,0.022556390977443608,0.9006622516556292,-0.05226480836236934,1.0708661417322836,0.034220532319391636,0.5471014492753623,-0.2927400468384075,0.4005305039787798,-0.42803030303030304,0.6291666666666667,-0.22762148337595908,0.5298245614035088,-0.3073394495412844,1.2377049180327868,0.10622710622710622,1.055944055944056,0.027210884353741496,1.1615384615384616,0.07473309608540925,1.1102941176470589,0.05226480836236934,1.188976377952756,0.08633093525179857,0.4601449275362319,-0.369727047146402,0.33687002652519893,-0.49603174603174605,0.5291666666666667,-0.3079019073569482,0.4456140350877193,-0.38349514563106796,1.040983606557377,0.020080321285140562,0.8881118881118881,-0.05925925925925926,0.9769230769230769,-0.011673151750972763,0.9338235294117647,-0.034220532319391636,0.8410596026490066,-0.08633093525179857
2.15,45,34,123,200,150,156,29,22,21,24,-0.142857143,0.615,-0.23839009287925697,0.82,-0.0989010989010989,0.7884615384615384,-0.11827956989247312,4.241379310344827,0.618421052631579,5.590909090909091,0.696551724137931,5.857142857142857,0.7083333333333334,5.125,0.673469387755102,2.7333333333333334,0.4642857142857143,3.6176470588235294,0.5668789808917197,1.6260162601626016,0.23839009287925697,1.3333333333333333,0.14285714285714285,1.2820512820512822,0.12359550561797752,6.896551724137931,0.7467248908296943,9.090909090909092,0.8018018018018018,9.523809523809524,0.8099547511312217,8.333333333333334,0.7857142857142857,4.444444444444445,0.6326530612244898,5.882352941176471,0.7094017094017094,1.2195121951219512,0.0989010989010989,0.75,-0.14285714285714285,0.9615384615384616,-0.0196078431372549,5.172413793103448,0.6759776536312849,6.818181818181818,0.7441860465116279,7.142857142857143,0.7543859649122807,6.25,0.7241379310344828,3.3333333333333335,0.5384615384615384,4.411764705882353,0.6304347826086957,1.2682926829268293,0.11827956989247312,0.78,-0.12359550561797752,1.04,0.0196078431372549,5.379310344827586,0.6864864864864865,7.090909090909091,0.7528089887640449,7.428571428571429,0.7627118644067796,6.5,0.7333333333333333,3.466666666666667,0.5522388059701493,4.588235294117647,0.6421052631578947,0.23577235772357724,-0.618421052631579,0.145,-0.7467248908296943,0.19333333333333333,-0.6759776536312849,0.1858974358974359,-0.6864864864864865,1.3181818181818181,0.13725490196078433,1.380952380952381,0.16,1.2083333333333333,0.09433962264150944,0.6444444444444445,-0.21621621621621623,0.8529411764705882,-0.07936507936507936,0.17886178861788618,-0.696551724137931,0.11,-0.8018018018018018,0.14666666666666667,-0.7441860465116279,0.14102564102564102,-0.7528089887640449,0.7586206896551724,-0.13725490196078433,1.0476190476190477,0.023255813953488372,0.9166666666666666,-0.043478260869565216,0.4888888888888889,-0.34328358208955223,0.6470588235294118,-0.21428571428571427,0.17073170731707318,-0.7083333333333334,0.105,-0.8099547511312217,0.14,-0.7543859649122807,0.1346153846153846,-0.7627118644067796,0.7241379310344828,-0.16,0.9545454545454546,-0.023255813953488372,0.875,-0.06666666666666667,0.4666666666666667,-0.36363636363636365,0.6176470588235294,-0.23636363636363636,0.1951219512195122,-0.673469387755102,0.12,-0.7857142857142857,0.16,-0.7241379310344828,0.15384615384615385,-0.7333333333333333,0.8275862068965517,-0.09433962264150944,1.0909090909090908,0.043478260869565216,1.1428571428571428,0.06666666666666667,0.5333333333333333,-0.30434782608695654,0.7058823529411765,-0.1724137931034483,0.36585365853658536,-0.4642857142857143,0.225,-0.6326530612244898,0.3,-0.5384615384615384,0.28846153846153844,-0.5522388059701493,1.5517241379310345,0.21621621621621623,2.0454545454545454,0.34328358208955223,2.142857142857143,0.36363636363636365,1.875,0.30434782608695654,1.3235294117647058,0.13924050632911392,0.2764227642276423,-0.5668789808917197,0.17,-0.7094017094017094,0.22666666666666666,-0.6304347826086957,0.21794871794871795,-0.6421052631578947,1.1724137931034482,0.07936507936507936,1.5454545454545454,0.21428571428571427,1.619047619047619,0.23636363636363636,1.4166666666666667,0.1724137931034483,0.7555555555555555,-0.13924050632911392
1.6,565,510,605,659,608,643,525,504,472,482,-0.040252565,0.9180576631259484,-0.04272151898734177,0.9950657894736842,-0.00247320692497939,0.9409020217729394,-0.030448717948717948,1.1523809523809523,0.07079646017699115,1.2003968253968254,0.09107303877366997,1.2817796610169492,0.12349117920148561,1.2551867219917012,0.11315547378104876,1.0707964601769913,0.03418803418803419,1.1862745098039216,0.08520179372197309,1.0892561983471074,0.04272151898734177,1.0838815789473684,0.04025256511444357,1.0248833592534992,0.01228878648233487,1.2552380952380953,0.11317567567567567,1.3075396825396826,0.13327601031814273,1.396186440677966,0.16534040671971706,1.3672199170124482,0.1551270815074496,1.1663716814159293,0.07679738562091504,1.2921568627450981,0.12745936698032506,1.0049586776859505,0.00247320692497939,0.9226100151745068,-0.04025256511444357,0.9455676516329704,-0.027977617905675458,1.158095238095238,0.07325684024713151,1.2063492063492063,0.09352517985611511,1.2881355932203389,0.1259259259259259,1.2614107883817427,0.11559633027522936,1.0761061946902655,0.03665814151747655,1.192156862745098,0.08765652951699464,1.062809917355372,0.030448717948717948,0.9757207890743551,-0.01228878648233487,1.0575657894736843,0.027977617905675458,1.2247619047619047,0.10102739726027397,1.2757936507936507,0.12118570183086312,1.3622881355932204,0.15336322869955157,1.33402489626556,0.1431111111111111,1.1380530973451328,0.06456953642384106,1.2607843137254902,0.11535125758889853,0.8677685950413223,-0.07079646017699115,0.7966616084977238,-0.11317567567567567,0.8634868421052632,-0.07325684024713151,0.8164852255054432,-0.10102739726027397,1.0416666666666667,0.02040816326530612,1.1122881355932204,0.05315947843530592,1.0892116182572613,0.04270109235352532,0.9292035398230089,-0.03669724770642202,1.0294117647058822,0.014492753623188406,0.8330578512396695,-0.09107303877366997,0.7647951441578149,-0.13327601031814273,0.8289473684210527,-0.09352517985611511,0.7838258164852255,-0.12118570183086312,0.96,-0.02040816326530612,1.0677966101694916,0.03278688524590164,1.045643153526971,0.02231237322515213,0.8920353982300885,-0.05706267539756782,0.9882352941176471,-0.005917159763313609,0.7801652892561983,-0.12349117920148561,0.716236722306525,-0.16534040671971706,0.7763157894736842,-0.1259259259259259,0.7340590979782271,-0.15336322869955157,0.8990476190476191,-0.05315947843530592,0.9365079365079365,-0.03278688524590164,0.979253112033195,-0.010482180293501049,0.8353982300884956,-0.08968177434908389,0.9254901960784314,-0.038696537678207736,0.7966942148760331,-0.11315547378104876,0.7314112291350531,-0.1551270815074496,0.7927631578947368,-0.11559633027522936,0.749611197511664,-0.1431111111111111,0.9180952380952381,-0.04270109235352532,0.9563492063492064,-0.02231237322515213,1.021186440677966,0.010482180293501049,0.8530973451327434,-0.07927411652340019,0.9450980392156862,-0.028225806451612902,0.9338842975206612,-0.03418803418803419,0.8573596358118362,-0.07679738562091504,0.9292763157894737,-0.03665814151747655,0.8786936236391913,-0.06456953642384106,1.0761904761904761,0.03669724770642202,1.121031746031746,0.05706267539756782,1.1970338983050848,0.08968177434908389,1.1721991701244814,0.07927411652340019,1.107843137254902,0.05116279069767442,0.8429752066115702,-0.08520179372197309,0.7738998482549317,-0.12745936698032506,0.8388157894736842,-0.08765652951699464,0.7931570762052877,-0.11535125758889853,0.9714285714285714,-0.014492753623188406,1.0119047619047619,0.005917159763313609,1.0805084745762712,0.038696537678207736,1.058091286307054,0.028225806451612902,0.9026548672566371,-0.05116279069767442
1.05,389,341,520,552,487,549,430,415,396,388,-0.062560154,0.9420289855072463,-0.029850746268656716,1.0677618069815196,0.03277060575968222,0.9471766848816029,-0.027128157156220765,1.2093023255813953,0.09473684210526316,1.2530120481927711,0.11229946524064172,1.3131313131313131,0.13537117903930132,1.3402061855670102,0.14537444933920704,1.3367609254498716,0.14411441144114412,1.5249266862170088,0.20789779326364694,1.0615384615384615,0.029850746268656716,1.1334702258726899,0.06256015399422522,1.005464480874317,0.0027247956403269754,1.283720930232558,0.12423625254582485,1.3301204819277108,0.14167528438469493,1.393939393939394,0.16455696202531644,1.422680412371134,0.17446808510638298,1.4190231362467867,0.17321997874601489,1.6187683284457477,0.23628219484882418,0.9365384615384615,-0.03277060575968222,0.8822463768115942,-0.06256015399422522,0.8870673952641166,-0.059845559845559844,1.1325581395348838,0.062159214830970554,1.1734939759036145,0.07982261640798226,1.22979797979798,0.10305775764439411,1.2551546391752577,0.11314285714285714,1.2519280205655527,0.11187214611872145,1.4281524926686218,0.17632850241545894,1.0557692307692308,0.027128157156220765,0.9945652173913043,-0.0027247956403269754,1.1273100616016427,0.059845559845559844,1.2767441860465116,0.12155260469867211,1.3228915662650602,0.13900414937759337,1.3863636363636365,0.1619047619047619,1.4149484536082475,0.1718249733191035,1.411311053984576,0.17057569296375266,1.6099706744868034,0.23370786516853934,0.8269230769230769,-0.09473684210526316,0.7789855072463768,-0.12423625254582485,0.8829568788501027,-0.062159214830970554,0.7832422586520947,-0.12155260469867211,1.036144578313253,0.01775147928994083,1.0858585858585859,0.04116222760290557,1.1082474226804124,0.05134474327628362,1.1053984575835476,0.050061050061050064,1.2609970674486803,0.11543450064850844,0.7980769230769231,-0.11229946524064172,0.7518115942028986,-0.14167528438469493,0.8521560574948666,-0.07982261640798226,0.75591985428051,-0.13900414937759337,0.9651162790697675,-0.01775147928994083,1.047979797979798,0.02342786683107275,1.0695876288659794,0.033623910336239106,1.0668380462724936,0.03233830845771144,1.217008797653959,0.09788359788359788,0.7615384615384615,-0.13537117903930132,0.717391304347826,-0.16455696202531644,0.813141683778234,-0.10305775764439411,0.7213114754098361,-0.1619047619047619,0.9209302325581395,-0.04116222760290557,0.9542168674698795,-0.02342786683107275,1.0206185567010309,0.01020408163265306,1.0179948586118253,0.008917197452229299,1.1612903225806452,0.07462686567164178,0.7461538461538462,-0.14537444933920704,0.7028985507246377,-0.17446808510638298,0.7967145790554415,-0.11314285714285714,0.7067395264116576,-0.1718249733191035,0.9023255813953488,-0.05134474327628362,0.9349397590361446,-0.033623910336239106,0.9797979797979798,-0.01020408163265306,0.9974293059125964,-0.001287001287001287,1.1378299120234605,0.0644718792866941,0.7480769230769231,-0.14411441144114412,0.7047101449275363,-0.17321997874601489,0.7987679671457906,-0.11187214611872145,0.7085610200364298,-0.17057569296375266,0.9046511627906977,-0.050061050061050064,0.9373493975903614,-0.03233830845771144,0.9823232323232324,-0.008917197452229299,1.0025773195876289,0.001287001287001287,1.1407624633431086,0.06575342465753424,0.6557692307692308,-0.20789779326364694,0.6177536231884058,-0.23628219484882418,0.7002053388090349,-0.17632850241545894,0.6211293260473588,-0.23370786516853934,0.7930232558139535,-0.11543450064850844,0.8216867469879519,-0.09788359788359788,0.8611111111111112,-0.07462686567164178,0.8788659793814433,-0.0644718792866941,0.8766066838046273,-0.06575342465753424
4.96,1365,1338,1463,1400,1357,1496,1441,1435,1495,1399,-0.015596663,1.045,0.022004889975550123,1.0781134856300663,0.0375886524822695,0.9779411764705882,-0.011152416356877323,1.015267175572519,0.007575757575757576,1.0195121951219512,0.00966183574879227,0.9785953177257525,-0.010818120351588911,1.045746962115797,0.02236198462613557,1.0717948717948718,0.034653465346534656,1.093423019431988,0.04462691895751517,0.9569377990430622,-0.022004889975550123,1.0316875460574797,0.015596663039535727,0.9358288770053476,-0.03314917127071823,0.9715475364330326,-0.014431538190777896,0.975609756097561,-0.012345679012345678,0.9364548494983278,-0.03281519861830743,1.0007147962830594,0.0003572704537334762,1.0256410256410255,0.012658227848101266,1.046337817638266,0.022644265887509132,0.9275461380724539,-0.0375886524822695,0.9692857142857143,-0.015596663039535727,0.9070855614973262,-0.048720644935155974,0.9417071478140181,-0.03002144388849178,0.9456445993031359,-0.027936962750716332,0.9076923076923077,-0.04838709677419355,0.9699785561115082,-0.015239477503628448,0.9941391941391942,-0.0029390154298310064,1.0142002989536623,0.007050092764378479,1.0225563909774436,0.011152416356877323,1.0685714285714285,0.03314917127071823,1.1024318349299926,0.048720644935155974,1.0381679389312977,0.018726591760299626,1.0425087108013937,0.020812009553053564,1.0006688963210701,0.00033433634236041456,1.0693352394567548,0.033506044905008636,1.095970695970696,0.04578818594896889,1.1180866965620329,0.05575158786167961,0.9849624060150376,-0.007575757575757576,1.0292857142857144,0.014431538190777896,1.0619012527634488,0.03002144388849178,0.9632352941176471,-0.018726591760299626,1.0041811846689896,0.002086230876216968,0.9638795986622074,-0.018392370572207085,1.0300214438884918,0.014788732394366197,1.0556776556776557,0.0270848182466144,1.0769805680119582,0.03706369197553076,0.9808612440191388,-0.00966183574879227,1.025,0.012345679012345678,1.0574797347089167,0.027936962750716332,0.9592245989304813,-0.020812009553053564,0.9958362248438585,-0.002086230876216968,0.959866220735786,-0.020477815699658702,1.0257326661901358,0.012702893436838392,1.0512820512820513,0.025,1.0724962630792227,0.03498016588532275,1.0218728639781272,0.010818120351588911,1.0678571428571428,0.03281519861830743,1.1016949152542372,0.04838709677419355,0.9993315508021391,-0.00033433634236041456,1.037473976405274,0.018392370572207085,1.0418118466898956,0.020477815699658702,1.0686204431736954,0.0331720801658604,1.0952380952380953,0.045454545454545456,1.117339312406577,0.0554182845040593,0.9562542720437457,-0.02236198462613557,0.9992857142857143,-0.0003572704537334762,1.0309506263817243,0.015239477503628448,0.9351604278074866,-0.033506044905008636,0.970853573907009,-0.014788732394366197,0.9749128919860627,-0.012702893436838392,0.9357859531772575,-0.0331720801658604,1.0249084249084248,0.012301013024602027,1.04559043348281,0.02228717573986116,0.9330143540669856,-0.034653465346534656,0.975,-0.012658227848101266,1.0058953574060427,0.0029390154298310064,0.9124331550802139,-0.04578818594896889,0.9472588480222068,-0.0270848182466144,0.9512195121951219,-0.025,0.9130434782608695,-0.045454545454545456,0.9756969263759828,-0.012301013024602027,1.0201793721973094,0.009988901220865706,0.9145591250854409,-0.04462691895751517,0.9557142857142857,-0.022644265887509132,0.9859985261606485,-0.007050092764378479,0.8943850267379679,-0.05575158786167961,0.9285218598195697,-0.03706369197553076,0.932404181184669,-0.03498016588532275,0.8949832775919733,-0.0554182845040593,0.956397426733381,-0.02228717573986116,0.9802197802197802,-0.009988901220865706
4.71,71,60,257,299,234,241,112,122,81,85,-0.12195122,0.8595317725752508,-0.07553956834532374,1.0982905982905984,0.04684317718940937,1.066390041493776,0.0321285140562249,2.294642857142857,0.39295392953929537,2.1065573770491803,0.3562005277044855,3.1728395061728394,0.5207100591715976,3.023529411764706,0.5029239766081871,3.619718309859155,0.5670731707317073,4.283333333333333,0.6214511041009464,1.1634241245136188,0.07553956834532374,1.2777777777777777,0.12195121951219512,1.2406639004149378,0.10740740740740741,2.669642857142857,0.45498783454987834,2.4508196721311477,0.42042755344418054,3.691358024691358,0.5736842105263158,3.5176470588235293,0.5572916666666666,4.211267605633803,0.6162162162162163,4.983333333333333,0.6657381615598886,0.9105058365758755,-0.04684317718940937,0.782608695652174,-0.12195121951219512,0.970954356846473,-0.014736842105263158,2.0892857142857144,0.35260115606936415,1.9180327868852458,0.3146067415730337,2.888888888888889,0.4857142857142857,2.7529411764705882,0.4670846394984326,3.295774647887324,0.5344262295081967,3.9,0.5918367346938775,0.9377431906614786,-0.0321285140562249,0.8060200668896321,-0.10740740740740741,1.0299145299145298,0.014736842105263158,2.1517857142857144,0.3654390934844193,1.9754098360655739,0.3278236914600551,2.9753086419753085,0.4968944099378882,2.835294117647059,0.4785276073619632,3.3943661971830985,0.5448717948717948,4.016666666666667,0.6013289036544851,0.4357976653696498,-0.39295392953929537,0.3745819397993311,-0.45498783454987834,0.47863247863247865,-0.35260115606936415,0.46473029045643155,-0.3654390934844193,0.9180327868852459,-0.042735042735042736,1.382716049382716,0.16062176165803108,1.3176470588235294,0.13705583756345177,1.5774647887323943,0.22404371584699453,1.8666666666666667,0.3023255813953488,0.47470817120622566,-0.3562005277044855,0.4080267558528428,-0.42042755344418054,0.5213675213675214,-0.3146067415730337,0.5062240663900415,-0.3278236914600551,1.0892857142857142,0.042735042735042736,1.5061728395061729,0.2019704433497537,1.4352941176470588,0.178743961352657,1.7183098591549295,0.26424870466321243,2.033333333333333,0.34065934065934067,0.3151750972762646,-0.5207100591715976,0.2709030100334448,-0.5736842105263158,0.34615384615384615,-0.4857142857142857,0.3360995850622407,-0.4968944099378882,0.7232142857142857,-0.16062176165803108,0.6639344262295082,-0.2019704433497537,0.9529411764705882,-0.024096385542168676,1.1408450704225352,0.06578947368421052,1.35,0.14893617021276595,0.33073929961089493,-0.5029239766081871,0.2842809364548495,-0.5572916666666666,0.36324786324786323,-0.4670846394984326,0.35269709543568467,-0.4785276073619632,0.7589285714285714,-0.13705583756345177,0.6967213114754098,-0.178743961352657,1.0493827160493827,0.024096385542168676,1.1971830985915493,0.08974358974358974,1.4166666666666667,0.1724137931034483,0.27626459143968873,-0.5670731707317073,0.23745819397993312,-0.6162162162162163,0.3034188034188034,-0.5344262295081967,0.2946058091286307,-0.5448717948717948,0.6339285714285714,-0.22404371584699453,0.5819672131147541,-0.26424870466321243,0.8765432098765432,-0.06578947368421052,0.8352941176470589,-0.08974358974358974,1.1833333333333333,0.08396946564885496,0.23346303501945526,-0.6214511041009464,0.20066889632107024,-0.6657381615598886,0.2564102564102564,-0.5918367346938775,0.24896265560165975,-0.6013289036544851,0.5357142857142857,-0.3023255813953488,0.4918032786885246,-0.34065934065934067,0.7407407407407407,-0.14893617021276595,0.7058823529411765,-0.1724137931034483,0.8450704225352113,-0.08396946564885496
2.08,79,63,131,226,204,191,71,65,66,57,-0.051162791,0.5796460176991151,-0.2661064425770308,0.6421568627450981,-0.21791044776119403,0.6858638743455497,-0.18633540372670807,1.8450704225352113,0.297029702970297,2.0153846153846153,0.336734693877551,1.9848484848484849,0.3299492385786802,2.2982456140350878,0.39361702127659576,1.6582278481012658,0.24761904761904763,2.0793650793650795,0.35051546391752575,1.7251908396946565,0.2661064425770308,1.107843137254902,0.05116279069767442,1.1832460732984293,0.08393285371702638,3.183098591549296,0.5218855218855218,3.476923076923077,0.5532646048109966,3.4242424242424243,0.547945205479452,3.9649122807017543,0.5971731448763251,2.8607594936708862,0.4819672131147541,3.5873015873015874,0.5640138408304498,1.5572519083969465,0.21791044776119403,0.9026548672566371,-0.05116279069767442,1.068062827225131,0.03291139240506329,2.8732394366197185,0.48363636363636364,3.1384615384615384,0.516728624535316,3.090909090909091,0.5111111111111111,3.5789473684210527,0.5632183908045977,2.5822784810126582,0.4416961130742049,3.238095238095238,0.5280898876404494,1.4580152671755726,0.18633540372670807,0.8451327433628318,-0.08393285371702638,0.9362745098039216,-0.03291139240506329,2.6901408450704225,0.4580152671755725,2.9384615384615387,0.4921875,2.893939393939394,0.48638132295719844,3.3508771929824563,0.5403225806451613,2.4177215189873418,0.4148148148148148,3.0317460317460316,0.5039370078740157,0.5419847328244275,-0.297029702970297,0.3141592920353982,-0.5218855218855218,0.3480392156862745,-0.48363636363636364,0.3717277486910995,-0.4580152671755725,1.0923076923076922,0.04411764705882353,1.0757575757575757,0.0364963503649635,1.2456140350877194,0.109375,0.8987341772151899,-0.05333333333333334,1.126984126984127,0.05970149253731343,0.4961832061068702,-0.336734693877551,0.28761061946902655,-0.5532646048109966,0.31862745098039214,-0.516728624535316,0.3403141361256545,-0.4921875,0.9154929577464789,-0.04411764705882353,0.9848484848484849,-0.007633587786259542,1.1403508771929824,0.06557377049180328,0.8227848101265823,-0.09722222222222222,1.0317460317460319,0.015625,0.5038167938931297,-0.3299492385786802,0.2920353982300885,-0.547945205479452,0.3235294117647059,-0.5111111111111111,0.34554973821989526,-0.48638132295719844,0.9295774647887324,-0.0364963503649635,1.0153846153846153,0.007633587786259542,1.1578947368421053,0.07317073170731707,0.8354430379746836,-0.0896551724137931,1.0476190476190477,0.023255813953488372,0.4351145038167939,-0.39361702127659576,0.252212389380531,-0.5971731448763251,0.27941176470588236,-0.5632183908045977,0.29842931937172773,-0.5403225806451613,0.8028169014084507,-0.109375,0.8769230769230769,-0.06557377049180328,0.8636363636363636,-0.07317073170731707,0.7215189873417721,-0.16176470588235295,0.9047619047619048,-0.05,0.6030534351145038,-0.24761904761904763,0.3495575221238938,-0.4819672131147541,0.3872549019607843,-0.4416961130742049,0.41361256544502617,-0.4148148148148148,1.1126760563380282,0.05333333333333334,1.2153846153846153,0.09722222222222222,1.196969696969697,0.0896551724137931,1.3859649122807018,0.16176470588235295,1.253968253968254,0.11267605633802817,0.48091603053435117,-0.35051546391752575,0.27876106194690264,-0.5640138408304498,0.3088235294117647,-0.5280898876404494,0.3298429319371728,-0.5039370078740157,0.8873239436619719,-0.05970149253731343,0.9692307692307692,-0.015625,0.9545454545454546,-0.023255813953488372,1.105263157894737,0.05,0.7974683544303798,-0.11267605633802817
3.03,44,51,52,112,106,104,3,28,19,22,-0.027522936,0.4642857142857143,-0.36585365853658536,0.49056603773584906,-0.34177215189873417,0.5,-0.3333333333333333,17.333333333333332,0.8909090909090909,1.8571428571428572,0.3,2.736842105263158,0.4647887323943662,2.3636363636363638,0.40540540540540543,1.1818181818181819,0.08333333333333333,1.0196078431372548,0.009708737864077669,2.1538461538461537,0.36585365853658536,1.0566037735849056,0.027522935779816515,1.0769230769230769,0.037037037037037035,37.333333333333336,0.9478260869565217,4.0,0.6,5.894736842105263,0.7099236641221374,5.090909090909091,0.6716417910447762,2.5454545454545454,0.4358974358974359,2.196078431372549,0.37423312883435583,2.0384615384615383,0.34177215189873417,0.9464285714285714,-0.027522935779816515,1.0192307692307692,0.009523809523809525,35.333333333333336,0.944954128440367,3.7857142857142856,0.582089552238806,5.578947368421052,0.696,4.818181818181818,0.65625,2.409090909090909,0.41333333333333333,2.0784313725490198,0.3503184713375796,2.0,0.3333333333333333,0.9285714285714286,-0.037037037037037035,0.9811320754716981,-0.009523809523809525,34.666666666666664,0.9439252336448598,3.7142857142857144,0.5757575757575758,5.473684210526316,0.6910569105691057,4.7272727272727275,0.6507936507936508,2.3636363636363638,0.40540540540540543,2.0392156862745097,0.3419354838709677,0.057692307692307696,-0.8909090909090909,0.026785714285714284,-0.9478260869565217,0.02830188679245283,-0.944954128440367,0.028846153846153848,-0.9439252336448598,0.10714285714285714,-0.8064516129032258,0.15789473684210525,-0.7272727272727273,0.13636363636363635,-0.76,0.06818181818181818,-0.8723404255319149,0.058823529411764705,-0.8888888888888888,0.5384615384615384,-0.3,0.25,-0.6,0.2641509433962264,-0.582089552238806,0.2692307692307692,-0.5757575757575758,9.333333333333334,0.8064516129032258,1.4736842105263157,0.19148936170212766,1.2727272727272727,0.12,0.6363636363636364,-0.2222222222222222,0.5490196078431373,-0.2911392405063291,0.36538461538461536,-0.4647887323943662,0.16964285714285715,-0.7099236641221374,0.1792452830188679,-0.696,0.18269230769230768,-0.6910569105691057,6.333333333333333,0.7272727272727273,0.6785714285714286,-0.19148936170212766,0.8636363636363636,-0.07317073170731707,0.4318181818181818,-0.3968253968253968,0.37254901960784315,-0.45714285714285713,0.4230769230769231,-0.40540540540540543,0.19642857142857142,-0.6716417910447762,0.20754716981132076,-0.65625,0.21153846153846154,-0.6507936507936508,7.333333333333333,0.76,0.7857142857142857,-0.12,1.1578947368421053,0.07317073170731707,0.5,-0.3333333333333333,0.43137254901960786,-0.3972602739726027,0.8461538461538461,-0.08333333333333333,0.39285714285714285,-0.4358974358974359,0.41509433962264153,-0.41333333333333333,0.4230769230769231,-0.40540540540540543,14.666666666666666,0.8723404255319149,1.5714285714285714,0.2222222222222222,2.3157894736842106,0.3968253968253968,2.0,0.3333333333333333,0.8627450980392157,-0.07368421052631578,0.9807692307692307,-0.009708737864077669,0.45535714285714285,-0.37423312883435583,0.4811320754716981,-0.3503184713375796,0.49038461538461536,-0.3419354838709677,17.0,0.8888888888888888,1.8214285714285714,0.2911392405063291,2.6842105263157894,0.45714285714285713,2.3181818181818183,0.3972602739726027,1.1590909090909092,0.07368421052631578
5.0,60,46,94,232,169,166,26,21,27,31,-0.157107232,0.4051724137931034,-0.4233128834355828,0.5562130177514792,-0.28517110266159695,0.5662650602409639,-0.27692307692307694,3.6153846153846154,0.5666666666666667,4.476190476190476,0.6347826086956522,3.4814814814814814,0.5537190082644629,3.032258064516129,0.504,1.5666666666666667,0.22077922077922077,2.0434782608695654,0.34285714285714286,2.4680851063829787,0.4233128834355828,1.3727810650887573,0.1571072319201995,1.3975903614457832,0.1658291457286432,8.923076923076923,0.7984496124031008,11.047619047619047,0.83399209486166,8.592592592592593,0.7915057915057915,7.483870967741935,0.7642585551330798,3.8666666666666667,0.589041095890411,5.043478260869565,0.6690647482014388,1.797872340425532,0.28517110266159695,0.728448275862069,-0.1571072319201995,1.0180722891566265,0.008955223880597015,6.5,0.7333333333333333,8.047619047619047,0.7789473684210526,6.2592592592592595,0.7244897959183674,5.451612903225806,0.69,2.816666666666667,0.4759825327510917,3.6739130434782608,0.5720930232558139,1.7659574468085106,0.27692307692307694,0.7155172413793104,-0.1658291457286432,0.9822485207100592,-0.008955223880597015,6.384615384615385,0.7291666666666666,7.904761904761905,0.7754010695187166,6.148148148148148,0.7202072538860104,5.354838709677419,0.6852791878172588,2.7666666666666666,0.4690265486725664,3.608695652173913,0.5660377358490566,0.2765957446808511,-0.5666666666666667,0.11206896551724138,-0.7984496124031008,0.15384615384615385,-0.7333333333333333,0.1566265060240964,-0.7291666666666666,1.2380952380952381,0.10638297872340426,0.9629629629629629,-0.018867924528301886,0.8387096774193549,-0.08771929824561403,0.43333333333333335,-0.3953488372093023,0.5652173913043478,-0.2777777777777778,0.22340425531914893,-0.6347826086956522,0.09051724137931035,-0.83399209486166,0.1242603550295858,-0.7789473684210526,0.12650602409638553,-0.7754010695187166,0.8076923076923077,-0.10638297872340426,0.7777777777777778,-0.125,0.6774193548387096,-0.19230769230769232,0.35,-0.48148148148148145,0.45652173913043476,-0.373134328358209,0.2872340425531915,-0.5537190082644629,0.11637931034482758,-0.7915057915057915,0.15976331360946747,-0.7244897959183674,0.16265060240963855,-0.7202072538860104,1.0384615384615385,0.018867924528301886,1.2857142857142858,0.125,0.8709677419354839,-0.06896551724137931,0.45,-0.3793103448275862,0.5869565217391305,-0.2602739726027397,0.32978723404255317,-0.504,0.1336206896551724,-0.7642585551330798,0.1834319526627219,-0.69,0.18674698795180722,-0.6852791878172588,1.1923076923076923,0.08771929824561403,1.4761904761904763,0.19230769230769232,1.1481481481481481,0.06896551724137931,0.5166666666666667,-0.31868131868131866,0.6739130434782609,-0.19480519480519481,0.6382978723404256,-0.22077922077922077,0.25862068965517243,-0.589041095890411,0.35502958579881655,-0.4759825327510917,0.3614457831325301,-0.4690265486725664,2.3076923076923075,0.3953488372093023,2.857142857142857,0.48148148148148145,2.2222222222222223,0.3793103448275862,1.935483870967742,0.31868131868131866,1.3043478260869565,0.1320754716981132,0.48936170212765956,-0.34285714285714286,0.19827586206896552,-0.6690647482014388,0.27218934911242604,-0.5720930232558139,0.27710843373493976,-0.5660377358490566,1.7692307692307692,0.2777777777777778,2.1904761904761907,0.373134328358209,1.7037037037037037,0.2602739726027397,1.4838709677419355,0.19480519480519481,0.7666666666666667,-0.1320754716981132
2.91,46,35,95,226,128,84,12,15,5,13,-0.276836158,0.42035398230088494,-0.40809968847352024,0.7421875,-0.14798206278026907,1.130952380952381,0.061452513966480445,7.916666666666667,0.7757009345794392,6.333333333333333,0.7272727272727273,19.0,0.9,7.3076923076923075,0.7592592592592593,2.0652173913043477,0.3475177304964539,2.7142857142857144,0.46153846153846156,2.3789473684210525,0.40809968847352024,1.765625,0.2768361581920904,2.6904761904761907,0.45806451612903226,18.833333333333332,0.8991596638655462,15.066666666666666,0.8755186721991701,45.2,0.9567099567099567,17.384615384615383,0.891213389121339,4.913043478260869,0.6617647058823529,6.457142857142857,0.7318007662835249,1.3473684210526315,0.14798206278026907,0.5663716814159292,-0.2768361581920904,1.5238095238095237,0.20754716981132076,10.666666666666666,0.8285714285714286,8.533333333333333,0.7902097902097902,25.6,0.924812030075188,9.846153846153847,0.8156028368794326,2.782608695652174,0.47126436781609193,3.657142857142857,0.5705521472392638,0.8842105263157894,-0.061452513966480445,0.37168141592920356,-0.45806451612903226,0.65625,-0.20754716981132076,7.0,0.75,5.6,0.696969696969697,16.8,0.8876404494382022,6.461538461538462,0.7319587628865979,1.826086956521739,0.2923076923076923,2.4,0.4117647058823529,0.12631578947368421,-0.7757009345794392,0.05309734513274336,-0.8991596638655462,0.09375,-0.8285714285714286,0.14285714285714285,-0.75,0.8,-0.1111111111111111,2.4,0.4117647058823529,0.9230769230769231,-0.04,0.2608695652173913,-0.5862068965517241,0.34285714285714286,-0.48936170212765956,0.15789473684210525,-0.7272727272727273,0.06637168141592921,-0.8755186721991701,0.1171875,-0.7902097902097902,0.17857142857142858,-0.696969696969697,1.25,0.1111111111111111,3.0,0.5,1.1538461538461537,0.07142857142857142,0.32608695652173914,-0.5081967213114754,0.42857142857142855,-0.4,0.05263157894736842,-0.9,0.022123893805309734,-0.9567099567099567,0.0390625,-0.924812030075188,0.05952380952380952,-0.8876404494382022,0.4166666666666667,-0.4117647058823529,0.3333333333333333,-0.5,0.38461538461538464,-0.4444444444444444,0.10869565217391304,-0.803921568627451,0.14285714285714285,-0.75,0.1368421052631579,-0.7592592592592593,0.05752212389380531,-0.891213389121339,0.1015625,-0.8156028368794326,0.15476190476190477,-0.7319587628865979,1.0833333333333333,0.04,0.8666666666666667,-0.07142857142857142,2.6,0.4444444444444444,0.2826086956521739,-0.559322033898305,0.37142857142857144,-0.4583333333333333,0.4842105263157895,-0.3475177304964539,0.20353982300884957,-0.6617647058823529,0.359375,-0.47126436781609193,0.5476190476190477,-0.2923076923076923,3.8333333333333335,0.5862068965517241,3.066666666666667,0.5081967213114754,9.2,0.803921568627451,3.5384615384615383,0.559322033898305,1.3142857142857143,0.13580246913580246,0.3684210526315789,-0.46153846153846156,0.15486725663716813,-0.7318007662835249,0.2734375,-0.5705521472392638,0.4166666666666667,-0.4117647058823529,2.9166666666666665,0.48936170212765956,2.3333333333333335,0.4,7.0,0.75,2.6923076923076925,0.4583333333333333,0.7608695652173914,-0.13580246913580246
24.18,37,34,228,465,245,175,6,7,5,6,-0.309859155,0.49032258064516127,-0.341991341991342,0.9306122448979591,-0.035940803382663845,1.302857142857143,0.1315136476426799,38.0,0.9487179487179487,32.57142857142857,0.9404255319148936,45.6,0.9570815450643777,38.0,0.9487179487179487,6.162162162162162,0.720754716981132,6.705882352941177,0.7404580152671756,2.039473684210526,0.341991341991342,1.8979591836734695,0.30985915492957744,2.657142857142857,0.453125,77.5,0.9745222929936306,66.42857142857143,0.9703389830508474,93.0,0.9787234042553191,77.5,0.9745222929936306,12.567567567567568,0.852589641434263,13.676470588235293,0.8637274549098196,1.0745614035087718,0.035940803382663845,0.5268817204301075,-0.30985915492957744,1.4,0.16666666666666666,40.833333333333336,0.952191235059761,35.0,0.9444444444444444,49.0,0.96,40.833333333333336,0.952191235059761,6.621621621621622,0.7375886524822695,7.205882352941177,0.7562724014336918,0.7675438596491229,-0.1315136476426799,0.3763440860215054,-0.453125,0.7142857142857143,-0.16666666666666666,29.166666666666668,0.9337016574585635,25.0,0.9230769230769231,35.0,0.9444444444444444,29.166666666666668,0.9337016574585635,4.72972972972973,0.6509433962264151,5.147058823529412,0.6746411483253588,0.02631578947368421,-0.9487179487179487,0.012903225806451613,-0.9745222929936306,0.024489795918367346,-0.952191235059761,0.03428571428571429,-0.9337016574585635,0.8571428571428571,-0.07692307692307693,1.2,0.09090909090909091,1.0,0.0,0.16216216216216217,-0.7209302325581395,0.17647058823529413,-0.7,0.03070175438596491,-0.9404255319148936,0.015053763440860216,-0.9703389830508474,0.02857142857142857,-0.9444444444444444,0.04,-0.9230769230769231,1.1666666666666667,0.07692307692307693,1.4,0.16666666666666666,1.1666666666666667,0.07692307692307693,0.1891891891891892,-0.6818181818181818,0.20588235294117646,-0.6585365853658537,0.021929824561403508,-0.9570815450643777,0.010752688172043012,-0.9787234042553191,0.02040816326530612,-0.96,0.02857142857142857,-0.9444444444444444,0.8333333333333334,-0.09090909090909091,0.7142857142857143,-0.16666666666666666,0.8333333333333334,-0.09090909090909091,0.13513513513513514,-0.7619047619047619,0.14705882352941177,-0.7435897435897436,0.02631578947368421,-0.9487179487179487,0.012903225806451613,-0.9745222929936306,0.024489795918367346,-0.952191235059761,0.03428571428571429,-0.9337016574585635,1.0,0.0,0.8571428571428571,-0.07692307692307693,1.2,0.09090909090909091,0.16216216216216217,-0.7209302325581395,0.17647058823529413,-0.7,0.16228070175438597,-0.720754716981132,0.07956989247311828,-0.852589641434263,0.1510204081632653,-0.7375886524822695,0.21142857142857144,-0.6509433962264151,6.166666666666667,0.7209302325581395,5.285714285714286,0.6818181818181818,7.4,0.7619047619047619,6.166666666666667,0.7209302325581395,1.088235294117647,0.04225352112676056,0.14912280701754385,-0.7404580152671756,0.07311827956989247,-0.8637274549098196,0.13877551020408163,-0.7562724014336918,0.19428571428571428,-0.6746411483253588,5.666666666666667,0.7,4.857142857142857,0.6585365853658537,6.8,0.7435897435897436,5.666666666666667,0.7,0.918918918918919,-0.04225352112676056
3.01,81,65,230,520,296,228,17,36,31,40,-0.274509804,0.4423076923076923,-0.38666666666666666,0.777027027027027,-0.12547528517110265,1.0087719298245614,0.004366812227074236,13.529411764705882,0.8623481781376519,6.388888888888889,0.7293233082706767,7.419354838709677,0.7624521072796935,5.75,0.7037037037037037,2.8395061728395063,0.4790996784565916,3.5384615384615383,0.559322033898305,2.260869565217391,0.38666666666666666,1.7567567567567568,0.27450980392156865,2.280701754385965,0.39037433155080214,30.58823529411765,0.9366852886405959,14.444444444444445,0.8705035971223022,16.774193548387096,0.8874773139745916,13.0,0.8571428571428571,6.419753086419753,0.7304492512479202,8.0,0.7777777777777778,1.2869565217391303,0.12547528517110265,0.5692307692307692,-0.27450980392156865,1.2982456140350878,0.1297709923664122,17.41176470588235,0.8913738019169329,8.222222222222221,0.7831325301204819,9.548387096774194,0.8103975535168195,7.4,0.7619047619047619,3.654320987654321,0.5702917771883289,4.553846153846154,0.6398891966759003,0.991304347826087,-0.004366812227074236,0.43846153846153846,-0.39037433155080214,0.7702702702702703,-0.1297709923664122,13.411764705882353,0.8612244897959184,6.333333333333333,0.7272727272727273,7.354838709677419,0.7606177606177607,5.7,0.7014925373134329,2.814814814814815,0.47572815533980584,3.5076923076923077,0.5563139931740614,0.07391304347826087,-0.8623481781376519,0.032692307692307694,-0.9366852886405959,0.057432432432432436,-0.8913738019169329,0.07456140350877193,-0.8612244897959184,0.4722222222222222,-0.3584905660377358,0.5483870967741935,-0.2916666666666667,0.425,-0.40350877192982454,0.20987654320987653,-0.6530612244897959,0.26153846153846155,-0.5853658536585366,0.1565217391304348,-0.7293233082706767,0.06923076923076923,-0.8705035971223022,0.12162162162162163,-0.7831325301204819,0.15789473684210525,-0.7272727272727273,2.1176470588235294,0.3584905660377358,1.1612903225806452,0.07462686567164178,0.9,-0.05263157894736842,0.4444444444444444,-0.38461538461538464,0.5538461538461539,-0.2871287128712871,0.13478260869565217,-0.7624521072796935,0.05961538461538462,-0.8874773139745916,0.10472972972972973,-0.8103975535168195,0.13596491228070176,-0.7606177606177607,1.8235294117647058,0.2916666666666667,0.8611111111111112,-0.07462686567164178,0.775,-0.1267605633802817,0.38271604938271603,-0.44642857142857145,0.47692307692307695,-0.3541666666666667,0.17391304347826086,-0.7037037037037037,0.07692307692307693,-0.8571428571428571,0.13513513513513514,-0.7619047619047619,0.17543859649122806,-0.7014925373134329,2.3529411764705883,0.40350877192982454,1.1111111111111112,0.05263157894736842,1.2903225806451613,0.1267605633802817,0.49382716049382713,-0.33884297520661155,0.6153846153846154,-0.23809523809523808,0.3521739130434783,-0.4790996784565916,0.15576923076923077,-0.7304492512479202,0.27364864864864863,-0.5702917771883289,0.35526315789473684,-0.47572815533980584,4.764705882352941,0.6530612244897959,2.25,0.38461538461538464,2.6129032258064515,0.44642857142857145,2.025,0.33884297520661155,1.2461538461538462,0.1095890410958904,0.2826086956521739,-0.559322033898305,0.125,-0.7777777777777778,0.2195945945945946,-0.6398891966759003,0.2850877192982456,-0.5563139931740614,3.823529411764706,0.5853658536585366,1.8055555555555556,0.2871287128712871,2.096774193548387,0.3541666666666667,1.625,0.23809523809523808,0.8024691358024691,-0.1095890410958904
2.92,294,468,246,494,279,315,244,280,316,348,-0.278137128,0.4979757085020243,-0.33513513513513515,0.8817204301075269,-0.06285714285714286,0.780952380952381,-0.12299465240641712,1.0081967213114753,0.004081632653061225,0.8785714285714286,-0.06463878326996197,0.7784810126582279,-0.12455516014234876,0.7068965517241379,-0.1717171717171717,0.8367346938775511,-0.08888888888888889,0.5256410256410257,-0.31092436974789917,2.008130081300813,0.33513513513513515,1.7706093189964158,0.278137128072445,1.5682539682539682,0.22126081582200247,2.0245901639344264,0.33875338753387535,1.7642857142857142,0.27648578811369506,1.5632911392405062,0.21975308641975308,1.4195402298850575,0.17339667458432304,1.6802721088435375,0.25380710659898476,1.0555555555555556,0.02702702702702703,1.1341463414634145,0.06285714285714286,0.5647773279352226,-0.278137128072445,0.8857142857142857,-0.06060606060606061,1.1434426229508197,0.06692160611854685,0.9964285714285714,-0.0017889087656529517,0.8829113924050633,-0.06218487394957983,0.8017241379310345,-0.11004784688995216,0.9489795918367347,-0.02617801047120419,0.5961538461538461,-0.25301204819277107,1.2804878048780488,0.12299465240641712,0.6376518218623481,-0.22126081582200247,1.1290322580645162,0.06060606060606061,1.290983606557377,0.12701252236135957,1.125,0.058823529411764705,0.9968354430379747,-0.001584786053882726,0.9051724137931034,-0.049773755656108594,1.0714285714285714,0.034482758620689655,0.6730769230769231,-0.19540229885057472,0.991869918699187,-0.004081632653061225,0.4939271255060729,-0.33875338753387535,0.8745519713261649,-0.06692160611854685,0.7746031746031746,-0.12701252236135957,0.8714285714285714,-0.06870229007633588,0.7721518987341772,-0.12857142857142856,0.7011494252873564,-0.17567567567567569,0.8299319727891157,-0.09293680297397769,0.5213675213675214,-0.3146067415730337,1.1382113821138211,0.06463878326996197,0.5668016194331984,-0.27648578811369506,1.003584229390681,0.0017889087656529517,0.8888888888888888,-0.058823529411764705,1.1475409836065573,0.06870229007633588,0.8860759493670886,-0.06040268456375839,0.8045977011494253,-0.10828025477707007,0.9523809523809523,-0.024390243902439025,0.5982905982905983,-0.25133689839572193,1.2845528455284554,0.12455516014234876,0.6396761133603239,-0.21975308641975308,1.1326164874551972,0.06218487394957983,1.0031746031746032,0.001584786053882726,1.2950819672131149,0.12857142857142856,1.1285714285714286,0.06040268456375839,0.9080459770114943,-0.04819277108433735,1.0748299319727892,0.036065573770491806,0.6752136752136753,-0.19387755102040816,1.4146341463414633,0.1717171717171717,0.7044534412955465,-0.17339667458432304,1.2473118279569892,0.11004784688995216,1.1047619047619048,0.049773755656108594,1.4262295081967213,0.17567567567567569,1.2428571428571429,0.10828025477707007,1.1012658227848102,0.04819277108433735,1.183673469387755,0.08411214953271028,0.7435897435897436,-0.14705882352941177,1.1951219512195121,0.08888888888888889,0.5951417004048583,-0.25380710659898476,1.053763440860215,0.02617801047120419,0.9333333333333333,-0.034482758620689655,1.2049180327868851,0.09293680297397769,1.05,0.024390243902439025,0.930379746835443,-0.036065573770491806,0.8448275862068966,-0.08411214953271028,0.6282051282051282,-0.2283464566929134,1.9024390243902438,0.31092436974789917,0.9473684210526315,-0.02702702702702703,1.6774193548387097,0.25301204819277107,1.4857142857142858,0.19540229885057472,1.9180327868852458,0.3146067415730337,1.6714285714285715,0.25133689839572193,1.481012658227848,0.19387755102040816,1.3448275862068966,0.14705882352941177,1.5918367346938775,0.2283464566929134
25.3,22,17,619,832,483,364,43,43,38,9,-0.26539924,0.7439903846153846,-0.14679531357684356,1.2815734989648033,0.12341197822141561,1.7005494505494505,0.25940996948118006,14.395348837209303,0.8700906344410876,14.395348837209303,0.8700906344410876,16.289473684210527,0.8843226788432268,68.77777777777777,0.9713375796178344,28.136363636363637,0.9313572542901716,36.411764705882355,0.9465408805031447,1.3441033925686592,0.14679531357684356,1.7225672877846792,0.26539923954372624,2.2857142857142856,0.391304347826087,19.348837209302324,0.9017142857142857,19.348837209302324,0.9017142857142857,21.894736842105264,0.9126436781609195,92.44444444444444,0.9785969084423306,37.81818181818182,0.9484777517564403,48.94117647058823,0.9599528857479388,0.7802907915993538,-0.12341197822141561,0.5805288461538461,-0.26539923954372624,1.3269230769230769,0.14049586776859505,11.232558139534884,0.8365019011406845,11.232558139534884,0.8365019011406845,12.710526315789474,0.8541266794625719,53.666666666666664,0.9634146341463414,21.954545454545453,0.9128712871287129,28.41176470588235,0.932,0.5880452342487884,-0.25940996948118006,0.4375,-0.391304347826087,0.7536231884057971,-0.14049586776859505,8.465116279069768,0.7886977886977887,8.465116279069768,0.7886977886977887,9.578947368421053,0.8109452736318408,40.44444444444444,0.9517426273458445,16.545454545454547,0.8860103626943006,21.41176470588235,0.910761154855643,0.06946688206785137,-0.8700906344410876,0.051682692307692304,-0.9017142857142857,0.08902691511387163,-0.8365019011406845,0.11813186813186813,-0.7886977886977887,1.0,0.0,1.131578947368421,0.06172839506172839,4.777777777777778,0.6538461538461539,1.9545454545454546,0.3230769230769231,2.5294117647058822,0.43333333333333335,0.06946688206785137,-0.8700906344410876,0.051682692307692304,-0.9017142857142857,0.08902691511387163,-0.8365019011406845,0.11813186813186813,-0.7886977886977887,1.0,0.0,1.131578947368421,0.06172839506172839,4.777777777777778,0.6538461538461539,1.9545454545454546,0.3230769230769231,2.5294117647058822,0.43333333333333335,0.061389337641357025,-0.8843226788432268,0.04567307692307692,-0.9126436781609195,0.07867494824016563,-0.8541266794625719,0.1043956043956044,-0.8109452736318408,0.8837209302325582,-0.06172839506172839,0.8837209302325582,-0.06172839506172839,4.222222222222222,0.6170212765957447,1.7272727272727273,0.26666666666666666,2.235294117647059,0.38181818181818183,0.014539579967689823,-0.9713375796178344,0.010817307692307692,-0.9785969084423306,0.018633540372670808,-0.9634146341463414,0.024725274725274724,-0.9517426273458445,0.20930232558139536,-0.6538461538461539,0.20930232558139536,-0.6538461538461539,0.23684210526315788,-0.6170212765957447,0.4090909090909091,-0.41935483870967744,0.5294117647058824,-0.3076923076923077,0.035541195476575124,-0.9313572542901716,0.026442307692307692,-0.9484777517564403,0.045548654244306416,-0.9128712871287129,0.06043956043956044,-0.8860103626943006,0.5116279069767442,-0.3230769230769231,0.5116279069767442,-0.3230769230769231,0.5789473684210527,-0.26666666666666666,2.4444444444444446,0.41935483870967744,1.2941176470588236,0.1282051282051282,0.027463651050080775,-0.9465408805031447,0.020432692307692308,-0.9599528857479388,0.035196687370600416,-0.932,0.046703296703296704,-0.910761154855643,0.3953488372093023,-0.43333333333333335,0.3953488372093023,-0.43333333333333335,0.4473684210526316,-0.38181818181818183,1.8888888888888888,0.3076923076923077,0.7727272727272727,-0.1282051282051282
9.43,30,26,661,932,411,297,12,25,8,3,-0.387937453,0.7092274678111588,-0.17011927181418707,1.608272506082725,0.2332089552238806,2.225589225589226,0.37995824634655534,55.083333333333336,0.9643387815750372,26.44,0.9271137026239067,82.625,0.976083707025411,220.33333333333334,0.9909638554216867,22.033333333333335,0.9131693198263386,25.423076923076923,0.9243085880640466,1.4099848714069592,0.17011927181418707,2.267639902676399,0.3879374534623976,3.138047138047138,0.516680227827502,77.66666666666667,0.9745762711864406,37.28,0.9477533960292581,116.5,0.9829787234042553,310.6666666666667,0.9935828877005347,31.066666666666666,0.9376299376299376,35.84615384615385,0.9457202505219207,0.6217851739788199,-0.2332089552238806,0.4409871244635193,-0.3879374534623976,1.3838383838383839,0.16101694915254236,34.25,0.9432624113475178,16.44,0.8853211009174312,51.375,0.9618138424821002,137.0,0.9855072463768116,13.7,0.8639455782312925,15.807692307692308,0.8810068649885584,0.4493192133131619,-0.37995824634655534,0.3186695278969957,-0.516680227827502,0.7226277372262774,-0.16101694915254236,24.75,0.9223300970873787,11.88,0.84472049689441,37.125,0.9475409836065574,99.0,0.98,9.9,0.8165137614678899,11.423076923076923,0.8390092879256966,0.018154311649016642,-0.9643387815750372,0.012875536480686695,-0.9745762711864406,0.029197080291970802,-0.9432624113475178,0.04040404040404041,-0.9223300970873787,0.48,-0.35135135135135137,1.5,0.2,4.0,0.6,0.4,-0.42857142857142855,0.46153846153846156,-0.3684210526315789,0.037821482602118005,-0.9271137026239067,0.02682403433476395,-0.9477533960292581,0.06082725060827251,-0.8853211009174312,0.08417508417508418,-0.84472049689441,2.0833333333333335,0.35135135135135137,3.125,0.5151515151515151,8.333333333333334,0.7857142857142857,0.8333333333333334,-0.09090909090909091,0.9615384615384616,-0.0196078431372549,0.012102874432677761,-0.976083707025411,0.008583690987124463,-0.9829787234042553,0.019464720194647202,-0.9618138424821002,0.026936026936026935,-0.9475409836065574,0.6666666666666666,-0.2,0.32,-0.5151515151515151,2.6666666666666665,0.45454545454545453,0.26666666666666666,-0.5789473684210527,0.3076923076923077,-0.5294117647058824,0.0045385779122541605,-0.9909638554216867,0.003218884120171674,-0.9935828877005347,0.0072992700729927005,-0.9855072463768116,0.010101010101010102,-0.98,0.25,-0.6,0.12,-0.7857142857142857,0.375,-0.45454545454545453,0.1,-0.8181818181818182,0.11538461538461539,-0.7931034482758621,0.0453857791225416,-0.9131693198263386,0.032188841201716736,-0.9376299376299376,0.072992700729927,-0.8639455782312925,0.10101010101010101,-0.8165137614678899,2.5,0.42857142857142855,1.2,0.09090909090909091,3.75,0.5789473684210527,10.0,0.8181818181818182,1.1538461538461537,0.07142857142857142,0.039334341906202726,-0.9243085880640466,0.027896995708154508,-0.9457202505219207,0.06326034063260341,-0.8810068649885584,0.08754208754208755,-0.8390092879256966,2.1666666666666665,0.3684210526315789,1.04,0.0196078431372549,3.25,0.5294117647058824,8.666666666666666,0.7931034482758621,0.8666666666666667,-0.07142857142857142
3.63,115,106,713,917,451,341,107,121,109,83,-0.340643275,0.777535441657579,-0.12515337423312883,1.580931263858093,0.22508591065292097,2.090909090909091,0.35294117647058826,6.663551401869159,0.7390243902439024,5.892561983471074,0.709832134292566,6.541284403669724,0.7347931873479319,8.590361445783133,0.7914572864321608,6.2,0.7222222222222222,6.726415094339623,0.7411477411477412,1.2861150070126228,0.12515337423312883,2.033259423503326,0.3406432748538012,2.689149560117302,0.4578696343402226,8.570093457943925,0.791015625,7.578512396694215,0.766859344894027,8.412844036697248,0.7875243664717348,11.048192771084338,0.834,7.973913043478261,0.7771317829457365,8.650943396226415,0.7927663734115347,0.6325385694249649,-0.22508591065292097,0.49182115594329334,-0.3406432748538012,1.3225806451612903,0.1388888888888889,4.214953271028038,0.6164874551971327,3.727272727272727,0.5769230769230769,4.137614678899083,0.6107142857142858,5.433734939759036,0.6891385767790262,3.9217391304347826,0.5936395759717314,4.254716981132075,0.6193895870736086,0.4782608695652174,-0.35294117647058826,0.3718647764449291,-0.4578696343402226,0.7560975609756098,-0.1388888888888889,3.1869158878504673,0.5223214285714286,2.8181818181818183,0.47619047619047616,3.128440366972477,0.5155555555555555,4.108433734939759,0.6084905660377359,2.965217391304348,0.4956140350877193,3.2169811320754715,0.5257270693512305,0.15007012622720897,-0.7390243902439024,0.11668484187568157,-0.791015625,0.23725055432372505,-0.6164874551971327,0.31378299120234604,-0.5223214285714286,0.8842975206611571,-0.06140350877192982,0.981651376146789,-0.009259259259259259,1.2891566265060241,0.12631578947368421,0.9304347826086956,-0.036036036036036036,1.009433962264151,0.004694835680751174,0.1697054698457223,-0.709832134292566,0.13195201744820065,-0.766859344894027,0.2682926829268293,-0.5769230769230769,0.3548387096774194,-0.47619047619047616,1.1308411214953271,0.06140350877192982,1.110091743119266,0.05217391304347826,1.4578313253012047,0.18627450980392157,1.0521739130434782,0.025423728813559324,1.1415094339622642,0.06607929515418502,0.15287517531556802,-0.7347931873479319,0.11886586695747,-0.7875243664717348,0.24168514412416853,-0.6107142857142858,0.3196480938416422,-0.5155555555555555,1.0186915887850467,0.009259259259259259,0.9008264462809917,-0.05217391304347826,1.3132530120481927,0.13541666666666666,0.9478260869565217,-0.026785714285714284,1.028301886792453,0.013953488372093023,0.11640953716690042,-0.7914572864321608,0.09051254089422028,-0.834,0.18403547671840353,-0.6891385767790262,0.2434017595307918,-0.6084905660377359,0.7757009345794392,-0.12631578947368421,0.6859504132231405,-0.18627450980392157,0.7614678899082569,-0.13541666666666666,0.7217391304347827,-0.16161616161616163,0.7830188679245284,-0.12169312169312169,0.16129032258064516,-0.7222222222222222,0.12540894220283533,-0.7771317829457365,0.2549889135254989,-0.5936395759717314,0.33724340175953077,-0.4956140350877193,1.074766355140187,0.036036036036036036,0.9504132231404959,-0.025423728813559324,1.055045871559633,0.026785714285714284,1.3855421686746987,0.16161616161616163,1.0849056603773586,0.04072398190045249,0.14866760168302945,-0.7411477411477412,0.11559432933478735,-0.7927663734115347,0.23503325942350334,-0.6193895870736086,0.31085043988269795,-0.5257270693512305,0.9906542056074766,-0.004694835680751174,0.8760330578512396,-0.06607929515418502,0.9724770642201835,-0.013953488372093023,1.2771084337349397,0.12169312169312169,0.9217391304347826,-0.04072398190045249
4.29,69,53,573,787,402,277,111,102,93,79,-0.323801514,0.7280813214739518,-0.15735294117647058,1.4253731343283582,0.1753846153846154,2.068592057761733,0.34823529411764703,5.162162162162162,0.6754385964912281,5.617647058823529,0.6977777777777778,6.161290322580645,0.7207207207207207,7.253164556962025,0.7576687116564417,8.304347826086957,0.7850467289719626,10.81132075471698,0.8306709265175719,1.3734729493891797,0.15735294117647058,1.9577114427860696,0.32380151387720774,2.8411552346570397,0.4793233082706767,7.09009009009009,0.7527839643652561,7.715686274509804,0.7705286839145107,8.46236559139785,0.7886363636363637,9.962025316455696,0.8175519630484989,11.405797101449275,0.8387850467289719,14.849056603773585,0.8738095238095238,0.7015706806282722,-0.1753846153846154,0.5108005082592122,-0.32380151387720774,1.4512635379061372,0.18409425625920472,3.6216216216216215,0.5672514619883041,3.9411764705882355,0.5952380952380952,4.32258064516129,0.6242424242424243,5.0886075949367084,0.6715176715176715,5.826086956521739,0.7070063694267515,7.584905660377358,0.7670329670329671,0.48342059336823734,-0.34823529411764703,0.3519695044472681,-0.4793233082706767,0.6890547263681592,-0.18409425625920472,2.4954954954954953,0.42783505154639173,2.715686274509804,0.46174142480211083,2.978494623655914,0.4972972972972973,3.5063291139240507,0.5561797752808989,4.0144927536231885,0.6011560693641619,5.226415094339623,0.6787878787878788,0.193717277486911,-0.6754385964912281,0.14104193138500634,-0.7527839643652561,0.27611940298507465,-0.5672514619883041,0.4007220216606498,-0.42783505154639173,1.088235294117647,0.04225352112676056,1.1935483870967742,0.08823529411764706,1.4050632911392404,0.16842105263157894,1.608695652173913,0.23333333333333334,2.0943396226415096,0.35365853658536583,0.17801047120418848,-0.6977777777777778,0.12960609911054638,-0.7705286839145107,0.2537313432835821,-0.5952380952380952,0.36823104693140796,-0.46174142480211083,0.918918918918919,-0.04225352112676056,1.096774193548387,0.046153846153846156,1.2911392405063291,0.1270718232044199,1.4782608695652173,0.19298245614035087,1.9245283018867925,0.3161290322580645,0.16230366492146597,-0.7207207207207207,0.1181702668360864,-0.7886363636363637,0.23134328358208955,-0.6242424242424243,0.33574007220216606,-0.4972972972972973,0.8378378378378378,-0.08823529411764706,0.9117647058823529,-0.046153846153846156,1.1772151898734178,0.08139534883720931,1.3478260869565217,0.14814814814814814,1.7547169811320755,0.273972602739726,0.13787085514834205,-0.7576687116564417,0.10038119440914867,-0.8175519630484989,0.19651741293532338,-0.6715176715176715,0.2851985559566787,-0.5561797752808989,0.7117117117117117,-0.16842105263157894,0.7745098039215687,-0.1270718232044199,0.8494623655913979,-0.08139534883720931,1.144927536231884,0.06756756756756757,1.490566037735849,0.19696969696969696,0.12041884816753927,-0.7850467289719626,0.08767471410419314,-0.8387850467289719,0.17164179104477612,-0.7070063694267515,0.2490974729241877,-0.6011560693641619,0.6216216216216216,-0.23333333333333334,0.6764705882352942,-0.19298245614035087,0.7419354838709677,-0.14814814814814814,0.8734177215189873,-0.06756756756756757,1.3018867924528301,0.13114754098360656,0.0924956369982548,-0.8306709265175719,0.06734434561626429,-0.8738095238095238,0.1318407960199005,-0.7670329670329671,0.19133574007220217,-0.6787878787878788,0.4774774774774775,-0.35365853658536583,0.5196078431372549,-0.3161290322580645,0.5698924731182796,-0.273972602739726,0.6708860759493671,-0.19696969696969696,0.7681159420289855,-0.13114754098360656
3.49,101,78,530,711,345,271,111,112,103,103,-0.346590909,0.7454289732770746,-0.14585012087026591,1.536231884057971,0.21142857142857144,1.955719557195572,0.3233458177278402,4.774774774774775,0.6536661466458659,4.732142857142857,0.6510903426791277,5.145631067961165,0.674565560821485,5.145631067961165,0.674565560821485,5.247524752475248,0.6798732171156894,6.794871794871795,0.743421052631579,1.3415094339622642,0.14585012087026591,2.0608695652173914,0.3465909090909091,2.623616236162362,0.4480651731160896,6.405405405405405,0.7299270072992701,6.348214285714286,0.7278250303766707,6.902912621359223,0.7469287469287469,6.902912621359223,0.7469287469287469,7.03960396039604,0.7512315270935961,9.115384615384615,0.8022813688212928,0.6509433962264151,-0.21142857142857144,0.48523206751054854,-0.3465909090909091,1.2730627306273063,0.12012987012987013,3.108108108108108,0.5131578947368421,3.080357142857143,0.5098468271334792,3.349514563106796,0.5401785714285714,3.349514563106796,0.5401785714285714,3.4158415841584158,0.547085201793722,4.423076923076923,0.6312056737588653,0.5113207547169811,-0.3233458177278402,0.38115330520393814,-0.4480651731160896,0.7855072463768116,-0.12012987012987013,2.4414414414414414,0.418848167539267,2.419642857142857,0.4151436031331593,2.6310679611650487,0.44919786096256686,2.6310679611650487,0.44919786096256686,2.6831683168316833,0.45698924731182794,3.4743589743589745,0.5530085959885387,0.20943396226415095,-0.6536661466458659,0.15611814345991562,-0.7299270072992701,0.3217391304347826,-0.5131578947368421,0.4095940959409594,-0.418848167539267,0.9910714285714286,-0.004484304932735426,1.0776699029126213,0.037383177570093455,1.0776699029126213,0.037383177570093455,1.099009900990099,0.04716981132075472,1.4230769230769231,0.1746031746031746,0.21132075471698114,-0.6510903426791277,0.15752461322081576,-0.7278250303766707,0.32463768115942027,-0.5098468271334792,0.4132841328413284,-0.4151436031331593,1.009009009009009,0.004484304932735426,1.087378640776699,0.04186046511627907,1.087378640776699,0.04186046511627907,1.108910891089109,0.051643192488262914,1.435897435897436,0.17894736842105263,0.19433962264150945,-0.674565560821485,0.14486638537271448,-0.7469287469287469,0.2985507246376812,-0.5401785714285714,0.3800738007380074,-0.44919786096256686,0.9279279279279279,-0.037383177570093455,0.9196428571428571,-0.04186046511627907,1.0,0.0,1.0198019801980198,0.00980392156862745,1.3205128205128205,0.13812154696132597,0.19433962264150945,-0.674565560821485,0.14486638537271448,-0.7469287469287469,0.2985507246376812,-0.5401785714285714,0.3800738007380074,-0.44919786096256686,0.9279279279279279,-0.037383177570093455,0.9196428571428571,-0.04186046511627907,1.0,0.0,1.0198019801980198,0.00980392156862745,1.3205128205128205,0.13812154696132597,0.19056603773584907,-0.6798732171156894,0.1420534458509142,-0.7512315270935961,0.2927536231884058,-0.547085201793722,0.3726937269372694,-0.45698924731182794,0.9099099099099099,-0.04716981132075472,0.9017857142857143,-0.051643192488262914,0.9805825242718447,-0.00980392156862745,0.9805825242718447,-0.00980392156862745,1.294871794871795,0.12849162011173185,0.1471698113207547,-0.743421052631579,0.10970464135021098,-0.8022813688212928,0.22608695652173913,-0.6312056737588653,0.2878228782287823,-0.5530085959885387,0.7027027027027027,-0.1746031746031746,0.6964285714285714,-0.17894736842105263,0.7572815533980582,-0.13812154696132597,0.7572815533980582,-0.13812154696132597,0.7722772277227723,-0.12849162011173185
1.91,1537,1357,1447,1490,1242,1322,1237,1263,1549,1261,-0.090775988,0.9711409395973154,-0.014640789921688798,1.1650563607085347,0.07623651915210115,1.094553706505295,0.045142650776453595,1.169765561843169,0.07824143070044709,1.1456848772763262,0.06789667896678966,0.934151065203357,-0.03404539385847797,1.1475019825535289,0.06868537666174299,0.9414443721535458,-0.030160857908847184,1.0663227708179808,0.03209700427960057,1.0297166551485832,0.014640789921688798,1.1996779388083736,0.09077598828696926,1.1270801815431164,0.059743954480796585,1.2045270816491511,0.09277594426109277,1.1797307996832938,0.08245550308754086,0.9619109102646869,-0.01941428101349128,1.1816019032513878,0.08324245728825881,0.9694209499024072,-0.015526924347538818,1.0980103168754605,0.04671584123638918,0.8583275742916379,-0.07623651915210115,0.8335570469798658,-0.09077598828696926,0.9394856278366112,-0.031201248049921998,1.004042037186742,0.002016942315449778,0.9833729216152018,-0.008383233532934131,0.8018076178179471,-0.10999641705481907,0.9849325931800159,-0.0075908909308829405,0.808067664281067,-0.10615329255127744,0.9152542372881356,-0.04424778761061947,0.9136143745680718,-0.045142650776453595,0.887248322147651,-0.059743954480796585,1.0644122383252819,0.031201248049921998,1.068714632174616,0.03321610003907777,1.046714172604909,0.022823984526112187,0.8534538411878632,-0.0790665273423894,1.048374306106265,0.023615950445218737,0.8601171112556929,-0.07520111927247289,0.974207811348563,-0.013064576334453154,0.8548721492743607,-0.07824143070044709,0.8302013422818791,-0.09277594426109277,0.9959742351046699,-0.002016942315449778,0.9357034795763994,-0.03321610003907777,0.9794140934283452,-0.0104,0.7985797288573273,-0.11198851399856424,0.9809674861221253,-0.009607686148919135,0.8048145738451529,-0.10814708002883922,0.9115696389093588,-0.04626060138781804,0.8728403593642018,-0.06789667896678966,0.8476510067114094,-0.08245550308754086,1.0169082125603865,0.008383233532934131,0.9553706505295008,-0.022823984526112187,1.021018593371059,0.0104,0.81536475145255,-0.10170697012802275,1.0015860428231562,0.000792393026941363,0.8217306441119063,-0.09785714285714285,0.9307295504789977,-0.03587786259541985,1.0704906703524533,0.03404539385847797,1.0395973154362417,0.01941428101349128,1.247181964573269,0.10999641705481907,1.1717095310136156,0.0790665273423894,1.2522231204527081,0.11198851399856424,1.2264449722882027,0.10170697012802275,1.2283901665344965,0.10249110320284698,1.007807417046194,0.0038885288399222295,1.1414885777450259,0.06607019958706126,0.8714581893572909,-0.06868537666174299,0.8463087248322148,-0.08324245728825881,1.0152979066022545,0.0075908909308829405,0.953857791225416,-0.023615950445218737,1.0194017784963623,0.009607686148919135,0.9984164687252574,-0.000792393026941363,0.8140735958683021,-0.10249110320284698,0.8204294079375407,-0.09864188706218728,0.9292557111274871,-0.03666921313980138,1.0621976503109882,0.030160857908847184,1.0315436241610738,0.015526924347538818,1.2375201288244766,0.10615329255127744,1.1626323751891074,0.07520111927247289,1.242522231204527,0.10814708002883922,1.2169437846397466,0.09785714285714285,0.9922530664945126,-0.0038885288399222295,1.2188739095955592,0.09864188706218728,1.1326455416359618,0.06219765031098825,0.9378023496890118,-0.03209700427960057,0.9107382550335571,-0.04671584123638918,1.0925925925925926,0.04424778761061947,1.0264750378214826,0.013064576334453154,1.0970088924818109,0.04626060138781804,1.0744259699129057,0.03587786259541985,0.8760490639122014,-0.06607019958706126,1.0761300555114988,0.03666921313980138,0.8828887443070917,-0.06219765031098825
2.63,238,203,640,820,440,358,239,241,230,235,-0.301587302,0.7804878048780488,-0.1232876712328767,1.4545454545454546,0.18518518518518517,1.7877094972067038,0.28256513026052105,2.6778242677824267,0.45620022753128553,2.6556016597510372,0.452894438138479,2.782608695652174,0.47126436781609193,2.723404255319149,0.46285714285714286,2.689075630252101,0.45785876993166286,3.1527093596059115,0.5183867141162515,1.28125,0.1232876712328767,1.8636363636363635,0.30158730158730157,2.2905027932960893,0.3921901528013582,3.430962343096234,0.5486307837582625,3.4024896265560165,0.5457115928369463,3.5652173913043477,0.5619047619047619,3.4893617021276597,0.5545023696682464,3.4453781512605044,0.5500945179584121,4.039408866995074,0.603128054740958,0.6875,-0.18518518518518517,0.5365853658536586,-0.30158730158730157,1.229050279329609,0.10275689223057644,1.8410041841004183,0.2960235640648012,1.8257261410788381,0.2922173274596182,1.9130434782608696,0.31343283582089554,1.872340425531915,0.3037037037037037,1.8487394957983194,0.29793510324483774,2.167487684729064,0.36858475894245724,0.559375,-0.28256513026052105,0.43658536585365854,-0.3921901528013582,0.8136363636363636,-0.10275689223057644,1.497907949790795,0.19932998324958123,1.4854771784232366,0.19532554257095158,1.5565217391304347,0.21768707482993196,1.523404255319149,0.20741989881956155,1.504201680672269,0.20134228187919462,1.7635467980295567,0.27629233511586454,0.3734375,-0.45620022753128553,0.2914634146341463,-0.5486307837582625,0.5431818181818182,-0.2960235640648012,0.6675977653631285,-0.19932998324958123,0.991701244813278,-0.004166666666666667,1.0391304347826087,0.019189765458422176,1.0170212765957447,0.008438818565400843,1.004201680672269,0.0020964360587002098,1.1773399014778325,0.08144796380090498,0.3765625,-0.452894438138479,0.2939024390243902,-0.5457115928369463,0.5477272727272727,-0.2922173274596182,0.6731843575418994,-0.19532554257095158,1.00836820083682,0.004166666666666667,1.0478260869565217,0.02335456475583864,1.025531914893617,0.012605042016806723,1.0126050420168067,0.006263048016701462,1.187192118226601,0.08558558558558559,0.359375,-0.47126436781609193,0.2804878048780488,-0.5619047619047619,0.5227272727272727,-0.31343283582089554,0.6424581005586593,-0.21768707482993196,0.9623430962343096,-0.019189765458422176,0.9543568464730291,-0.02335456475583864,0.9787234042553191,-0.010752688172043012,0.9663865546218487,-0.017094017094017096,1.1330049261083743,0.06235565819861432,0.3671875,-0.46285714285714286,0.2865853658536585,-0.5545023696682464,0.5340909090909091,-0.3037037037037037,0.6564245810055865,-0.20741989881956155,0.9832635983263598,-0.008438818565400843,0.975103734439834,-0.012605042016806723,1.0217391304347827,0.010752688172043012,0.9873949579831933,-0.006342494714587738,1.1576354679802956,0.0730593607305936,0.371875,-0.45785876993166286,0.29024390243902437,-0.5500945179584121,0.5409090909090909,-0.29793510324483774,0.664804469273743,-0.20134228187919462,0.99581589958159,-0.0020964360587002098,0.9875518672199171,-0.006263048016701462,1.0347826086956522,0.017094017094017096,1.0127659574468084,0.006342494714587738,1.1724137931034482,0.07936507936507936,0.3171875,-0.5183867141162515,0.2475609756097561,-0.603128054740958,0.46136363636363636,-0.36858475894245724,0.5670391061452514,-0.27629233511586454,0.8493723849372385,-0.08144796380090498,0.8423236514522822,-0.08558558558558559,0.8826086956521739,-0.06235565819861432,0.8638297872340426,-0.0730593607305936,0.8529411764705882,-0.07936507936507936
3.06,242,198,704,868,487,427,262,276,254,255,-0.281180812,0.8110599078341014,-0.10432569974554708,1.4455852156057496,0.18219983207388749,1.648711943793911,0.24491600353669318,2.687022900763359,0.4575569358178054,2.550724637681159,0.43673469387755104,2.7716535433070866,0.4697286012526096,2.76078431372549,0.4681960375391032,2.909090909090909,0.4883720930232558,3.5555555555555554,0.5609756097560976,1.2329545454545454,0.10432569974554708,1.782340862422998,0.2811808118081181,2.0327868852459017,0.34054054054054056,3.312977099236641,0.536283185840708,3.1449275362318843,0.5174825174825175,3.4173228346456694,0.5472370766488414,3.403921568627451,0.5458593054318789,3.5867768595041323,0.563963963963964,4.383838383838384,0.6285178236397748,0.6917613636363636,-0.18219983207388749,0.5610599078341014,-0.2811808118081181,1.1405152224824355,0.06564551422319474,1.8587786259541985,0.30040053404539385,1.7644927536231885,0.2765399737876802,1.9173228346456692,0.3144399460188934,1.9098039215686275,0.31266846361185985,2.012396694214876,0.33607681755829905,2.45959595959596,0.4218978102189781,0.6065340909090909,-0.24491600353669318,0.49193548387096775,-0.34054054054054056,0.8767967145790554,-0.06564551422319474,1.6297709923664123,0.23947750362844702,1.5471014492753623,0.2147937411095306,1.6811023622047243,0.2540381791483113,1.6745098039215687,0.25219941348973607,1.7644628099173554,0.2765321375186846,2.1565656565656566,0.3664,0.3721590909090909,-0.4575569358178054,0.30184331797235026,-0.536283185840708,0.5379876796714579,-0.30040053404539385,0.6135831381733021,-0.23947750362844702,0.9492753623188406,-0.026022304832713755,1.031496062992126,0.015503875968992248,1.0274509803921568,0.013539651837524178,1.0826446280991735,0.03968253968253968,1.3232323232323233,0.1391304347826087,0.39204545454545453,-0.43673469387755104,0.31797235023041476,-0.5174825174825175,0.5667351129363449,-0.2765399737876802,0.6463700234192038,-0.2147937411095306,1.0534351145038168,0.026022304832713755,1.0866141732283465,0.04150943396226415,1.0823529411764705,0.03954802259887006,1.140495867768595,0.06563706563706563,1.393939393939394,0.16455696202531644,0.36079545454545453,-0.4697286012526096,0.2926267281105991,-0.5472370766488414,0.5215605749486653,-0.3144399460188934,0.594847775175644,-0.2540381791483113,0.9694656488549618,-0.015503875968992248,0.9202898550724637,-0.04150943396226415,0.996078431372549,-0.0019646365422396855,1.0495867768595042,0.024193548387096774,1.2828282828282829,0.12389380530973451,0.3622159090909091,-0.4681960375391032,0.29377880184331795,-0.5458593054318789,0.5236139630390144,-0.31266846361185985,0.5971896955503513,-0.25219941348973607,0.9732824427480916,-0.013539651837524178,0.9239130434782609,-0.03954802259887006,1.0039370078740157,0.0019646365422396855,1.0537190082644627,0.026156941649899398,1.2878787878787878,0.12582781456953643,0.34375,-0.4883720930232558,0.27880184331797236,-0.563963963963964,0.49691991786447637,-0.33607681755829905,0.5667447306791569,-0.2765321375186846,0.9236641221374046,-0.03968253968253968,0.8768115942028986,-0.06563706563706563,0.952755905511811,-0.024193548387096774,0.9490196078431372,-0.026156941649899398,1.2222222222222223,0.1,0.28125,-0.5609756097560976,0.22811059907834103,-0.6285178236397748,0.406570841889117,-0.4218978102189781,0.4637002341920375,-0.3664,0.7557251908396947,-0.1391304347826087,0.717391304347826,-0.16455696202531644,0.7795275590551181,-0.12389380530973451,0.7764705882352941,-0.12582781456953643,0.8181818181818182,-0.1
2.36,330,273,565,792,507,424,306,300,322,310,-0.219399538,0.7133838383838383,-0.16728076639646278,1.1143984220907297,0.054104477611940295,1.3325471698113207,0.14256825075834176,1.84640522875817,0.2973593570608496,1.8833333333333333,0.3063583815028902,1.7546583850931676,0.27395715896279593,1.8225806451612903,0.2914285714285714,1.7121212121212122,0.26256983240223464,2.06959706959707,0.34844868735083534,1.4017699115044249,0.16728076639646278,1.5621301775147929,0.21939953810623555,1.8679245283018868,0.3026315789473684,2.588235294117647,0.4426229508196721,2.64,0.45054945054945056,2.459627329192547,0.42190305206463197,2.554838709677419,0.43738656987295826,2.4,0.4117647058823529,2.901098901098901,0.48732394366197185,0.8973451327433628,-0.054104477611940295,0.6401515151515151,-0.21939953810623555,1.195754716981132,0.08915145005370569,1.6568627450980393,0.24723247232472326,1.69,0.25650557620817843,1.5745341614906831,0.22316043425814233,1.635483870967742,0.24112607099143207,1.5363636363636364,0.2114695340501792,1.8571428571428572,0.3,0.7504424778761062,-0.14256825075834176,0.5353535353535354,-0.3026315789473684,0.8362919132149902,-0.08915145005370569,1.3856209150326797,0.16164383561643836,1.4133333333333333,0.1712707182320442,1.3167701863354038,0.13672922252010725,1.367741935483871,0.1553133514986376,1.284848484848485,0.1246684350132626,1.5531135531135531,0.21664275466284075,0.5415929203539823,-0.2973593570608496,0.38636363636363635,-0.4426229508196721,0.6035502958579881,-0.24723247232472326,0.7216981132075472,-0.16164383561643836,1.02,0.009900990099009901,0.9503105590062112,-0.025477707006369428,0.9870967741935484,-0.006493506493506494,0.9272727272727272,-0.03773584905660377,1.120879120879121,0.05699481865284974,0.5309734513274337,-0.3063583815028902,0.3787878787878788,-0.45054945054945056,0.591715976331361,-0.25650557620817843,0.7075471698113207,-0.1712707182320442,0.9803921568627451,-0.009900990099009901,0.9316770186335404,-0.03536977491961415,0.967741935483871,-0.01639344262295082,0.9090909090909091,-0.047619047619047616,1.098901098901099,0.04712041884816754,0.5699115044247788,-0.27395715896279593,0.4065656565656566,-0.42190305206463197,0.6351084812623274,-0.22316043425814233,0.7594339622641509,-0.13672922252010725,1.0522875816993464,0.025477707006369428,1.0733333333333333,0.03536977491961415,1.038709677419355,0.0189873417721519,0.9757575757575757,-0.012269938650306749,1.1794871794871795,0.08235294117647059,0.5486725663716814,-0.2914285714285714,0.39141414141414144,-0.43738656987295826,0.611439842209073,-0.24112607099143207,0.7311320754716981,-0.1553133514986376,1.0130718954248366,0.006493506493506494,1.0333333333333334,0.01639344262295082,0.9627329192546584,-0.0189873417721519,0.9393939393939394,-0.03125,1.1355311355311355,0.0634648370497427,0.584070796460177,-0.26256983240223464,0.4166666666666667,-0.4117647058823529,0.650887573964497,-0.2114695340501792,0.7783018867924528,-0.1246684350132626,1.0784313725490196,0.03773584905660377,1.1,0.047619047619047616,1.0248447204968945,0.012269938650306749,1.064516129032258,0.03125,1.2087912087912087,0.0945273631840796,0.4831858407079646,-0.34844868735083534,0.3446969696969697,-0.48732394366197185,0.5384615384615384,-0.3,0.6438679245283019,-0.21664275466284075,0.8921568627450981,-0.05699481865284974,0.91,-0.04712041884816754,0.8478260869565217,-0.08235294117647059,0.8806451612903226,-0.0634648370497427,0.8272727272727273,-0.0945273631840796
