B11,B12,B2,B3,B4,B5,B6,B7,B8,B8A,Actual,RATIO_B2_B3,ND_B2_B3,RATIO_B2_B4,ND_B2_B4,RATIO_B2_B5,ND_B2_B5,RATIO_B2_B6,ND_B2_B6,RATIO_B2_B7,ND_B2_B7,RATIO_B2_B8,ND_B2_B8,RATIO_B2_B8A,ND_B2_B8A,RATIO_B2_B11,ND_B2_B11,RATIO_B2_B12,ND_B2_B12,RATIO_B3_B2,ND_B3_B2,RATIO_B3_B4,ND_B3_B4,RATIO_B3_B5,ND_B3_B5,RATIO_B3_B6,ND_B3_B6,RATIO_B3_B7,ND_B3_B7,RATIO_B3_B8,ND_B3_B8,RATIO_B3_B8A,ND_B3_B8A,RATIO_B3_B11,ND_B3_B11,RATIO_B3_B12,ND_B3_B12,RATIO_B4_B2,ND_B4_B2,RATIO_B4_B3,ND_B4_B3,RATIO_B4_B5,ND_B4_B5,RATIO_B4_B6,ND_B4_B6,RATIO_B4_B7,ND_B4_B7,RATIO_B4_B8,ND_B4_B8,RATIO_B4_B8A,ND_B4_B8A,RATIO_B4_B11,ND_B4_B11,RATIO_B4_B12,ND_B4_B12,RATIO_B5_B2,ND_B5_B2,RATIO_B5_B3,ND_B5_B3,RATIO_B5_B4,ND_B5_B4,RATIO_B5_B6,ND_B5_B6,RATIO_B5_B7,ND_B5_B7,RATIO_B5_B8,ND_B5_B8,RATIO_B5_B8A,ND_B5_B8A,RATIO_B5_B11,ND_B5_B11,RATIO_B5_B12,ND_B5_B12,RATIO_B6_B2,ND_B6_B2,RATIO_B6_B3,ND_B6_B3,RATIO_B6_B4,ND_B6_B4,RATIO_B6_B5,ND_B6_B5,RATIO_B6_B7,ND_B6_B7,RATIO_B6_B8,ND_B6_B8,RATIO_B6_B8A,ND_B6_B8A,RATIO_B6_B11,ND_B6_B11,RATIO_B6_B12,ND_B6_B12,RATIO_B7_B2,ND_B7_B2,RATIO_B7_B3,ND_B7_B3,RATIO_B7_B4,ND_B7_B4,RATIO_B7_B5,ND_B7_B5,RATIO_B7_B6,ND_B7_B6,RATIO_B7_B8,ND_B7_B8,RATIO_B7_B8A,ND_B7_B8A,RATIO_B7_B11,ND_B7_B11,RATIO_B7_B12,ND_B7_B12,RATIO_B8_B2,ND_B8_B2,RATIO_B8_B3,ND_B8_B3,RATIO_B8_B4,ND_B8_B4,RATIO_B8_B5,ND_B8_B5,RATIO_B8_B6,ND_B8_B6,RATIO_B8_B7,ND_B8_B7,RATIO_B8_B8A,ND_B8_B8A,RATIO_B8_B11,ND_B8_B11,RATIO_B8_B12,ND_B8_B12,RATIO_B8A_B2,ND_B8A_B2,RATIO_B8A_B3,ND_B8A_B3,RATIO_B8A_B4,ND_B8A_B4,RATIO_B8A_B5,ND_B8A_B5,RATIO_B8A_B6,ND_B8A_B6,RATIO_B8A_B7,ND_B8A_B7,RATIO_B8A_B8,ND_B8A_B8,RATIO_B8A_B11,ND_B8A_B11,RATIO_B8A_B12,ND_B8A_B12,RATIO_B11_B2,ND_B11_B2,RATIO_B11_B3,ND_B11_B3,RATIO_B11_B4,ND_B11_B4,RATIO_B11_B5,ND_B11_B5,RATIO_B11_B6,ND_B11_B6,RATIO_B11_B7,ND_B11_B7,RATIO_B11_B8,ND_B11_B8,RATIO_B11_B8A,ND_B11_B8A,RATIO_B11_B12,ND_B11_B12,RATIO_B12_B2,ND_B12_B2,RATIO_B12_B3,ND_B12_B3,RATIO_B12_B4,ND_B12_B4,RATIO_B12_B5,ND_B12_B5,RATIO_B12_B6,ND_B12_B6,RATIO_B12_B7,ND_B12_B7,RATIO_B12_B8,ND_B12_B8,RATIO_B12_B8A,ND_B12_B8A,RATIO_B12_B11,ND_B12_B11
860,750,982,1104,1045,1017,834,819,826,822,2.48,0.889492754,-0.058485139,0.939712919,-0.031080414,0.965585054,-0.017508754,1.177458034,0.081497797,1.199023199,0.090505275,1.188861985,0.086283186,1.194647202,0.088691796,1.141860465,0.066232356,1.309333333,0.133949192,1.124236253,0.058485139,1.05645933,0.02745463,1.085545723,0.041018388,1.323741007,0.139318885,1.347985348,0.148205928,1.336561743,0.144041451,1.343065693,0.146417445,1.28372093,0.124236253,1.472,0.190938511,1.064154786,0.031080414,0.946557971,-0.02745463,1.027531957,0.013579049,1.252997602,0.112293773,1.275946276,0.121244635,1.265133172,0.117049706,1.271289538,0.119442957,1.215116279,0.097112861,1.393333333,0.164345404,1.035641548,0.017508754,0.921195652,-0.041018388,0.973205742,-0.013579049,1.21942446,0.098865478,1.241758242,0.107843137,1.231234867,0.103635377,1.237226277,0.106035889,1.18255814,0.083644113,1.356,0.151103565,0.849287169,-0.081497797,0.755434783,-0.139318885,0.798086124,-0.112293773,0.820058997,-0.098865478,1.018315018,0.00907441,1.00968523,0.004819277,1.01459854,0.007246377,0.969767442,-0.015348288,1.112,0.053030303,0.83401222,-0.090505275,0.741847826,-0.148205928,0.783732057,-0.121244635,0.805309735,-0.107843137,0.982014388,-0.00907441,0.991525424,-0.004255319,0.996350365,-0.001828154,0.952325581,-0.024419297,1.092,0.043977055,0.84114053,-0.086283186,0.748188406,-0.144041451,0.790430622,-0.117049706,0.812192724,-0.103635377,0.990407674,-0.004819277,1.008547009,0.004255319,1.00486618,0.002427184,0.960465116,-0.020166074,1.101333333,0.04822335,0.83706721,-0.088691796,0.744565217,-0.146417445,0.786602871,-0.119442957,0.808259587,-0.106035889,0.985611511,-0.007246377,1.003663004,0.001828154,0.995157385,-0.002427184,0.955813953,-0.022592152,1.096,0.045801527,0.875763747,-0.066232356,0.778985507,-0.124236253,0.822966507,-0.097112861,0.845624385,-0.083644113,1.03117506,0.015348288,1.05006105,0.024419297,1.041162228,0.020166074,1.04622871,0.022592152,1.146666667,0.068322981,0.763747454,-0.133949192,0.679347826,-0.190938511,0.717703349,-0.164345404,0.737463127,-0.151103565,0.899280576,-0.053030303,0.915750916,-0.043977055,0.907990315,-0.04822335,0.912408759,-0.045801527,0.872093023,-0.068322981
873,768,1001,994,1002,1002,900,802,837,831,3.31,1.007042254,0.003508772,0.999001996,-0.000499251,0.999001996,-0.000499251,1.112222222,0.053129932,1.248129676,0.110371603,1.195937873,0.089227421,1.204572804,0.09279476,1.146620848,0.068303095,1.303385417,0.131712832,0.993006993,-0.003508772,0.992015968,-0.004008016,0.992015968,-0.004008016,1.104444444,0.049630412,1.239401496,0.106904232,1.187574671,0.085745494,1.196149218,0.089315068,1.13860252,0.064809855,1.294270833,0.128263337,1.000999001,0.000499251,1.00804829,0.004008016,1,0,1.113333333,0.05362776,1.249376559,0.110864745,1.197132616,0.089722675,1.205776173,0.093289689,1.147766323,0.0688,1.3046875,0.13220339,1.000999001,0.000499251,1.00804829,0.004008016,1,0,1.113333333,0.05362776,1.249376559,0.110864745,1.197132616,0.089722675,1.205776173,0.093289689,1.147766323,0.0688,1.3046875,0.13220339,0.899100899,-0.053129932,0.905432596,-0.049630412,0.898203593,-0.05362776,0.898203593,-0.05362776,1.122194514,0.057579318,1.075268817,0.03626943,1.083032491,0.039861352,1.030927835,0.015228426,1.171875,0.079136691,0.801198801,-0.110371603,0.806841046,-0.106904232,0.800399202,-0.110864745,0.800399202,-0.110864745,0.891111111,-0.057579318,0.95818399,-0.021354484,0.965102286,-0.017758726,0.918671249,-0.04238806,1.044270833,0.021656051,0.836163836,-0.089227421,0.842052314,-0.085745494,0.835329341,-0.089722675,0.835329341,-0.089722675,0.93,-0.03626943,1.043640898,0.021354484,1.007220217,0.003597122,0.958762887,-0.021052632,1.08984375,0.042990654,0.83016983,-0.09279476,0.836016097,-0.089315068,0.829341317,-0.093289689,0.829341317,-0.093289689,0.923333333,-0.039861352,1.036159601,0.017758726,0.992831541,-0.003597122,0.951890034,-0.024647887,1.08203125,0.039399625,0.872127872,-0.068303095,0.878269618,-0.064809855,0.871257485,-0.0688,0.871257485,-0.0688,0.97,-0.015228426,1.088528678,0.04238806,1.043010753,0.021052632,1.050541516,0.024647887,1.13671875,0.063985375,0.767232767,-0.131712832,0.772635815,-0.128263337,0.766467066,-0.13220339,0.766467066,-0.13220339,0.853333333,-0.079136691,0.957605985,-0.021656051,0.917562724,-0.042990654,0.924187726,-0.039399625,0.879725086,-0.063985375
674,600,628,697,758,849,741,705,577,684,11.23,0.901004304,-0.052075472,0.828496042,-0.093795094,0.739693757,-0.149627624,0.847503374,-0.082542001,0.890780142,-0.057764441,1.088388215,0.042323651,0.918128655,-0.042682927,0.931750742,-0.035330261,1.046666667,0.022801303,1.109872611,0.052075472,0.919525066,-0.041924399,0.820965842,-0.098318241,0.940620783,-0.030598053,0.988652482,-0.005706134,1.20797227,0.094191523,1.019005848,0.009413469,1.034124629,0.016776076,1.161666667,0.074787972,1.207006369,0.093795094,1.087517934,0.041924399,0.892815077,-0.056627256,1.02294197,0.011340894,1.075177305,0.036226931,1.313691508,0.135580524,1.108187135,0.051317614,1.12462908,0.058659218,1.263333333,0.11634757,1.351910828,0.149627624,1.218077475,0.098318241,1.12005277,0.056627256,1.145748988,0.067924528,1.204255319,0.092664093,1.471403813,0.190743338,1.24122807,0.107632094,1.259643917,0.114904793,1.415,0.17184265,1.179936306,0.082542001,1.06312769,0.030598053,0.977572559,-0.011340894,0.872791519,-0.067924528,1.05106383,0.024896266,1.284228769,0.124430956,1.083333333,0.04,1.099406528,0.047349823,1.235,0.105145414,1.122611465,0.057764441,1.011477762,0.005706134,0.930079156,-0.036226931,0.830388693,-0.092664093,0.951417004,-0.024896266,1.221837088,0.099843994,1.030701754,0.01511879,1.045994065,0.022480058,1.175,0.08045977,0.918789809,-0.042323651,0.827833572,-0.094191523,0.76121372,-0.135580524,0.679623086,-0.190743338,0.778677463,-0.124430956,0.818439716,-0.099843994,0.843567251,-0.084853291,0.856083086,-0.07753797,0.961666667,-0.019541206,1.089171975,0.042682927,0.981348637,-0.009413469,0.90237467,-0.051317614,0.80565371,-0.107632094,0.923076923,-0.04,0.970212766,-0.01511879,1.185441941,0.084853291,1.014836795,0.00736377,1.14,0.065420561,1.073248408,0.035330261,0.967001435,-0.016776076,0.889182058,-0.058659218,0.793875147,-0.114904793,0.909581646,-0.047349823,0.956028369,-0.022480058,1.168110919,0.07753797,0.985380117,-0.00736377,1.123333333,0.058084772,0.955414013,-0.022801303,0.860832138,-0.074787972,0.791556728,-0.11634757,0.706713781,-0.17184265,0.809716599,-0.105145414,0.85106383,-0.08045977,1.039861352,0.019541206,0.877192982,-0.065420561,0.890207715,-0.058084772
57,67,7,47,69,99,16,34,31,18,5.09,0.14893617,-0.740740741,0.101449275,-0.815789474,0.070707071,-0.867924528,0.4375,-0.391304348,0.205882353,-0.658536585,0.225806452,-0.631578947,0.388888889,-0.44,0.122807018,-0.78125,0.104477612,-0.810810811,6.714285714,0.740740741,0.68115942,-0.189655172,0.474747475,-0.356164384,2.9375,0.492063492,1.382352941,0.160493827,1.516129032,0.205128205,2.611111111,0.446153846,0.824561404,-0.096153846,0.701492537,-0.175438596,9.857142857,0.815789474,1.468085106,0.189655172,0.696969697,-0.178571429,4.3125,0.623529412,2.029411765,0.339805825,2.225806452,0.38,3.833333333,0.586206897,1.210526316,0.095238095,1.029850746,0.014705882,14.14285714,0.867924528,2.106382979,0.356164384,1.434782609,0.178571429,6.1875,0.72173913,2.911764706,0.488721805,3.193548387,0.523076923,5.5,0.692307692,1.736842105,0.269230769,1.47761194,0.192771084,2.285714286,0.391304348,0.340425532,-0.492063492,0.231884058,-0.623529412,0.161616162,-0.72173913,0.470588235,-0.36,0.516129032,-0.319148936,0.888888889,-0.058823529,0.280701754,-0.561643836,0.23880597,-0.614457831,4.857142857,0.658536585,0.723404255,-0.160493827,0.492753623,-0.339805825,0.343434343,-0.488721805,2.125,0.36,1.096774194,0.046153846,1.888888889,0.307692308,0.596491228,-0.252747253,0.507462687,-0.326732673,4.428571429,0.631578947,0.659574468,-0.205128205,0.449275362,-0.38,0.313131313,-0.523076923,1.9375,0.319148936,0.911764706,-0.046153846,1.722222222,0.265306122,0.543859649,-0.295454545,0.462686567,-0.367346939,2.571428571,0.44,0.382978723,-0.446153846,0.260869565,-0.586206897,0.181818182,-0.692307692,1.125,0.058823529,0.529411765,-0.307692308,0.580645161,-0.265306122,0.315789474,-0.52,0.268656716,-0.576470588,8.142857143,0.78125,1.212765957,0.096153846,0.826086957,-0.095238095,0.575757576,-0.269230769,3.5625,0.561643836,1.676470588,0.252747253,1.838709677,0.295454545,3.166666667,0.52,0.850746269,-0.080645161,9.571428571,0.810810811,1.425531915,0.175438596,0.971014493,-0.014705882,0.676767677,-0.192771084,4.1875,0.614457831,1.970588235,0.326732673,2.161290323,0.367346939,3.722222222,0.576470588,1.175438596,0.080645161
595,522,799,997,840,764,587,593,619,554,3.14,0.801404213,-0.110244989,0.951190476,-0.025015253,1.045811518,0.022392834,1.361158433,0.152958153,1.347386172,0.147988506,1.290791599,0.126939351,1.442238267,0.181079084,1.342857143,0.146341463,1.530651341,0.209689629,1.247809762,0.110244989,1.186904762,0.085465433,1.304973822,0.132311187,1.69846678,0.258838384,1.681281619,0.25408805,1.610662359,0.233910891,1.799638989,0.285622179,1.675630252,0.252512563,1.909961686,0.312705727,1.051314143,0.025015253,0.842527583,-0.085465433,1.09947644,0.047381546,1.431005111,0.177295025,1.416526138,0.172365666,1.357027464,0.151473612,1.516245487,0.205164993,1.411764706,0.170731707,1.609195402,0.233480176,0.956195244,-0.022392834,0.766298897,-0.132311187,0.90952381,-0.047381546,1.30153322,0.131014064,1.28836425,0.126013265,1.234248788,0.104844541,1.379061372,0.159332322,1.284033613,0.124356144,1.463601533,0.188180404,0.734668335,-0.152958153,0.588766299,-0.258838384,0.698809524,-0.177295025,0.768324607,-0.131014064,0.989881956,-0.005084746,0.948303716,-0.026533997,1.059566787,0.028921998,0.986554622,-0.00676819,1.124521073,0.058611362,0.742177722,-0.147988506,0.594784353,-0.25408805,0.705952381,-0.172365666,0.77617801,-0.126013265,1.010221465,0.005084746,0.957996769,-0.021452145,1.070397112,0.034001744,0.996638655,-0.001683502,1.136015326,0.06367713,0.774718398,-0.126939351,0.620862588,-0.233910891,0.736904762,-0.151473612,0.810209424,-0.104844541,1.05451448,0.026533997,1.043844857,0.021452145,1.11732852,0.05541347,1.040336134,0.019769357,1.185823755,0.085013146,0.693366708,-0.181079084,0.555667001,-0.285622179,0.65952381,-0.205164993,0.72513089,-0.159332322,0.943781942,-0.028921998,0.934232715,-0.034001744,0.894991922,-0.05541347,0.931092437,-0.035683203,1.061302682,0.029739777,0.744680851,-0.146341463,0.596790371,-0.252512563,0.708333333,-0.170731707,0.778795812,-0.124356144,1.01362862,0.00676819,1.003372681,0.001683502,0.961227787,-0.019769357,1.07400722,0.035683203,1.139846743,0.065353626,0.653316646,-0.209689629,0.523570712,-0.312705727,0.621428571,-0.233480176,0.683246073,-0.188180404,0.889267462,-0.058611362,0.880269815,-0.06367713,0.843295638,-0.085013146,0.942238267,-0.029739777,0.877310924,-0.065353626
1126,996,1361,1486,1365,1338,1188,1142,1141,1108,4.07,0.915881561,-0.043905866,0.997069597,-0.001467351,1.017189836,0.008521675,1.145622896,0.067869753,1.191768827,0.087495006,1.192813322,0.087929656,1.22833935,0.102470636,1.208703375,0.094491355,1.366465863,0.15485787,1.091844232,0.043905866,1.088644689,0.042441249,1.110612855,0.052407932,1.250841751,0.11144353,1.301225919,0.130898021,1.302366345,0.131328512,1.341155235,0.145720894,1.319715808,0.137825421,1.491967871,0.197421434,1.002939015,0.001467351,0.918573351,-0.042441249,1.020179372,0.009988901,1.148989899,0.0693302,1.195271454,0.088950937,1.196319018,0.089385475,1.231949458,0.103922362,1.212255773,0.095945403,1.370481928,0.156289708,0.983100661,-0.008521675,0.900403769,-0.052407932,0.98021978,-0.009988901,1.126262626,0.059382423,1.171628722,0.079032258,1.172655565,0.079467527,1.207581227,0.094031071,1.188277087,0.086038961,1.343373494,0.146529563,0.872887583,-0.067869753,0.799461642,-0.11144353,0.87032967,-0.0693302,0.887892377,-0.059382423,1.04028021,0.019742489,1.041191937,0.020180335,1.072202166,0.034843206,1.055062167,0.026793431,1.192771084,0.087912088,0.839088905,-0.087495006,0.768506057,-0.130898021,0.836630037,-0.088950937,0.853512706,-0.079032258,0.961279461,-0.019742489,1.000876424,0.00043802,1.030685921,0.015111111,1.014209591,0.007054674,1.146586345,0.06828812,0.838354151,-0.087929656,0.767833109,-0.131328512,0.835897436,-0.089385475,0.852765321,-0.079467527,0.96043771,-0.020180335,0.999124343,-0.00043802,1.029783394,0.014673188,1.013321492,0.006616674,1.145582329,0.067852129,0.814107274,-0.102470636,0.745625841,-0.145720894,0.811721612,-0.103922362,0.828101644,-0.094031071,0.932659933,-0.034843206,0.970227671,-0.015111111,0.971078002,-0.014673188,0.98401421,-0.008057296,1.112449799,0.053231939,0.827332843,-0.094491355,0.757738896,-0.137825421,0.824908425,-0.095945403,0.841554559,-0.086038961,0.947811448,-0.026793431,0.985989492,-0.007054674,0.986853637,-0.006616674,1.016245487,0.008057296,1.130522088,0.061262959,0.731814842,-0.15485787,0.67025572,-0.197421434,0.72967033,-0.156289708,0.744394619,-0.146529563,0.838383838,-0.087912088,0.872154116,-0.06828812,0.872918493,-0.067852129,0.898916968,-0.053231939,0.884547069,-0.061262959
1006,923,1514,1697,1443,1449,1082,1071,984,1018,9.36,0.89216264,-0.056991591,1.049203049,0.024010822,1.044858523,0.021937226,1.399260628,0.166409861,1.41363212,0.171373308,1.538617886,0.212169736,1.487229862,0.195892575,1.504970179,0.201587302,1.640303359,0.242511284,1.120871863,0.056991591,1.176022176,0.08089172,1.171152519,0.078830261,1.568391867,0.221302627,1.584500467,0.226156069,1.724593496,0.265945543,1.666994106,0.250092081,1.686878728,0.255641879,1.838569881,0.295419847,0.953104359,-0.024010822,0.850324101,-0.08089172,0.995859213,-0.002074689,1.333641405,0.142970297,1.347338936,0.14797136,1.466463415,0.189122373,1.417485265,0.172694027,1.434393638,0.17844018,1.563380282,0.21978022,0.957067371,-0.021937226,0.853859753,-0.078830261,1.004158004,0.002074689,1.339186691,0.145001976,1.352941176,0.15,1.472560976,0.191122072,1.423379175,0.174706121,1.440357853,0.180448065,1.569880823,0.221753794,0.714663144,-0.166409861,0.637595757,-0.221302627,0.74982675,-0.142970297,0.746721877,-0.145001976,1.010270775,0.00510915,1.099593496,0.047434656,1.062868369,0.03047619,1.07554672,0.036398467,1.172264355,0.079301746,0.707397622,-0.171373308,0.63111373,-0.226156069,0.742203742,-0.14797136,0.739130435,-0.15,0.989833641,-0.00510915,1.088414634,0.042335766,1.052062868,0.025370991,1.064612326,0.031295137,1.160346696,0.074222668,0.64993395,-0.212169736,0.579846788,-0.265945543,0.681912682,-0.189122373,0.679089027,-0.191122072,0.909426987,-0.047434656,0.918767507,-0.042335766,0.966601179,-0.016983017,0.978131213,-0.011055276,1.066088841,0.031987415,0.672391017,-0.195892575,0.599882145,-0.250092081,0.705474705,-0.172694027,0.702553485,-0.174706121,0.940850277,-0.03047619,0.950513539,-0.025370991,1.034552846,0.016983017,1.011928429,0.005928854,1.102925244,0.048943843,0.664464993,-0.201587302,0.592810843,-0.255641879,0.697158697,-0.17844018,0.694271912,-0.180448065,0.929759704,-0.036398467,0.939309057,-0.031295137,1.022357724,0.011055276,0.988212181,-0.005928854,1.08992416,0.043027475,0.609643329,-0.242511284,0.543901002,-0.295419847,0.63963964,-0.21978022,0.636991028,-0.221753794,0.853049908,-0.079301746,0.861811391,-0.074222668,0.93800813,-0.031987415,0.906679764,-0.048943843,0.91749503,-0.043027475
117,73,604,487,380,415,381,388,295,298,3.77,1.240246407,0.107241063,1.589473684,0.227642276,1.455421687,0.185475957,1.585301837,0.226395939,1.556701031,0.217741935,2.047457627,0.343715239,2.026845638,0.33924612,5.162393162,0.675450763,8.273972603,0.784342688,0.806291391,-0.107241063,1.281578947,0.123414072,1.173493976,0.079822616,1.278215223,0.122119816,1.255154639,0.113142857,1.650847458,0.245524297,1.634228188,0.240764331,4.162393162,0.612582781,6.671232877,0.739285714,0.629139073,-0.227642276,0.780287474,-0.123414072,0.915662651,-0.044025157,0.997375328,-0.00131406,0.979381443,-0.010416667,1.288135593,0.125925926,1.275167785,0.120943953,3.247863248,0.52917505,5.205479452,0.677704194,0.687086093,-0.185475957,0.852156057,-0.079822616,1.092105263,0.044025157,1.089238845,0.042713568,1.069587629,0.03362391,1.406779661,0.169014085,1.39261745,0.164095372,3.547008547,0.560150376,5.684931507,0.700819672,0.630794702,-0.226395939,0.782340862,-0.122119816,1.002631579,0.00131406,0.918072289,-0.042713568,0.981958763,-0.009102731,1.291525424,0.127218935,1.27852349,0.122238586,3.256410256,0.530120482,5.219178082,0.678414097,0.642384106,-0.217741935,0.796714579,-0.113142857,1.021052632,0.010416667,0.934939759,-0.03362391,1.018372703,0.009102731,1.315254237,0.136163982,1.302013423,0.131195335,3.316239316,0.536633663,5.315068493,0.68329718,0.488410596,-0.343715239,0.605749487,-0.245524297,0.776315789,-0.125925926,0.710843373,-0.169014085,0.774278215,-0.127218935,0.760309278,-0.136163982,0.989932886,-0.005059022,2.521367521,0.432038835,4.04109589,0.60326087,0.493377483,-0.33924612,0.611909651,-0.240764331,0.784210526,-0.120943953,0.718072289,-0.164095372,0.782152231,-0.122238586,0.768041237,-0.131195335,1.010169492,0.005059022,2.547008547,0.436144578,4.082191781,0.606469003,0.193708609,-0.675450763,0.240246407,-0.612582781,0.307894737,-0.52917505,0.281927711,-0.560150376,0.307086614,-0.530120482,0.301546392,-0.536633663,0.396610169,-0.432038835,0.39261745,-0.436144578,1.602739726,0.231578947,0.120860927,-0.784342688,0.149897331,-0.739285714,0.192105263,-0.677704194,0.175903614,-0.700819672,0.19160105,-0.678414097,0.18814433,-0.68329718,0.247457627,-0.60326087,0.244966443,-0.606469003,0.623931624,-0.231578947
45,49,32,16,55,66,11,9,4,12,5.55,2,0.333333333,0.581818182,-0.264367816,0.484848485,-0.346938776,2.909090909,0.488372093,3.555555556,0.56097561,8,0.777777778,2.666666667,0.454545455,0.711111111,-0.168831169,0.653061224,-0.209876543,0.5,-0.333333333,0.290909091,-0.549295775,0.242424242,-0.609756098,1.454545455,0.185185185,1.777777778,0.28,4,0.6,1.333333333,0.142857143,0.355555556,-0.475409836,0.326530612,-0.507692308,1.71875,0.264367816,3.4375,0.549295775,0.833333333,-0.090909091,5,0.666666667,6.111111111,0.71875,13.75,0.86440678,4.583333333,0.641791045,1.222222222,0.1,1.12244898,0.057692308,2.0625,0.346938776,4.125,0.609756098,1.2,0.090909091,6,0.714285714,7.333333333,0.76,16.5,0.885714286,5.5,0.692307692,1.466666667,0.189189189,1.346938776,0.147826087,0.34375,-0.488372093,0.6875,-0.185185185,0.2,-0.666666667,0.166666667,-0.714285714,1.222222222,0.1,2.75,0.466666667,0.916666667,-0.043478261,0.244444444,-0.607142857,0.224489796,-0.633333333,0.28125,-0.56097561,0.5625,-0.28,0.163636364,-0.71875,0.136363636,-0.76,0.818181818,-0.1,2.25,0.384615385,0.75,-0.142857143,0.2,-0.666666667,0.183673469,-0.689655172,0.125,-0.777777778,0.25,-0.6,0.072727273,-0.86440678,0.060606061,-0.885714286,0.363636364,-0.466666667,0.444444444,-0.384615385,0.333333333,-0.5,0.088888889,-0.836734694,0.081632653,-0.849056604,0.375,-0.454545455,0.75,-0.142857143,0.218181818,-0.641791045,0.181818182,-0.692307692,1.090909091,0.043478261,1.333333333,0.142857143,3,0.5,0.266666667,-0.578947368,0.244897959,-0.606557377,1.40625,0.168831169,2.8125,0.475409836,0.818181818,-0.1,0.681818182,-0.189189189,4.090909091,0.607142857,5,0.666666667,11.25,0.836734694,3.75,0.578947368,0.918367347,-0.042553191,1.53125,0.209876543,3.0625,0.507692308,0.890909091,-0.057692308,0.742424242,-0.147826087,4.454545455,0.633333333,5.444444444,0.689655172,12.25,0.849056604,4.083333333,0.606557377,1.088888889,0.042553191
38,42,47,37,57,55,21,38,35,30,8.57,1.27027027,0.119047619,0.824561404,-0.096153846,0.854545455,-0.078431373,2.238095238,0.382352941,1.236842105,0.105882353,1.342857143,0.146341463,1.566666667,0.220779221,1.236842105,0.105882353,1.119047619,0.056179775,0.787234043,-0.119047619,0.649122807,-0.212765957,0.672727273,-0.195652174,1.761904762,0.275862069,0.973684211,-0.013333333,1.057142857,0.027777778,1.233333333,0.104477612,0.973684211,-0.013333333,0.880952381,-0.063291139,1.212765957,0.096153846,1.540540541,0.212765957,1.036363636,0.017857143,2.714285714,0.461538462,1.5,0.2,1.628571429,0.239130435,1.9,0.310344828,1.5,0.2,1.357142857,0.151515152,1.170212766,0.078431373,1.486486486,0.195652174,0.964912281,-0.017857143,2.619047619,0.447368421,1.447368421,0.182795699,1.571428571,0.222222222,1.833333333,0.294117647,1.447368421,0.182795699,1.30952381,0.134020619,0.446808511,-0.382352941,0.567567568,-0.275862069,0.368421053,-0.461538462,0.381818182,-0.447368421,0.552631579,-0.288135593,0.6,-0.25,0.7,-0.176470588,0.552631579,-0.288135593,0.5,-0.333333333,0.808510638,-0.105882353,1.027027027,0.013333333,0.666666667,-0.2,0.690909091,-0.182795699,1.80952381,0.288135593,1.085714286,0.04109589,1.266666667,0.117647059,1,0,0.904761905,-0.05,0.744680851,-0.146341463,0.945945946,-0.027777778,0.614035088,-0.239130435,0.636363636,-0.222222222,1.666666667,0.25,0.921052632,-0.04109589,1.166666667,0.076923077,0.921052632,-0.04109589,0.833333333,-0.090909091,0.638297872,-0.220779221,0.810810811,-0.104477612,0.526315789,-0.310344828,0.545454545,-0.294117647,1.428571429,0.176470588,0.789473684,-0.117647059,0.857142857,-0.076923077,0.789473684,-0.117647059,0.714285714,-0.166666667,0.808510638,-0.105882353,1.027027027,0.013333333,0.666666667,-0.2,0.690909091,-0.182795699,1.80952381,0.288135593,1,0,1.085714286,0.04109589,1.266666667,0.117647059,0.904761905,-0.05,0.893617021,-0.056179775,1.135135135,0.063291139,0.736842105,-0.151515152,0.763636364,-0.134020619,2,0.333333333,1.105263158,0.05,1.2,0.090909091,1.4,0.166666667,1.105263158,0.05
36,26,59,38,90,103,57,92,53,60,8.45,1.552631579,0.216494845,0.655555556,-0.208053691,0.572815534,-0.271604938,1.035087719,0.017241379,0.641304348,-0.218543046,1.113207547,0.053571429,0.983333333,-0.008403361,1.638888889,0.242105263,2.269230769,0.388235294,0.644067797,-0.216494845,0.422222222,-0.40625,0.368932039,-0.460992908,0.666666667,-0.2,0.413043478,-0.415384615,0.716981132,-0.164835165,0.633333333,-0.224489796,1.055555556,0.027027027,1.461538462,0.1875,1.525423729,0.208053691,2.368421053,0.40625,0.873786408,-0.067357513,1.578947368,0.224489796,0.97826087,-0.010989011,1.698113208,0.258741259,1.5,0.2,2.5,0.428571429,3.461538462,0.551724138,1.745762712,0.271604938,2.710526316,0.460992908,1.144444444,0.067357513,1.807017544,0.2875,1.119565217,0.056410256,1.943396226,0.320512821,1.716666667,0.263803681,2.861111111,0.482014388,3.961538462,0.596899225,0.966101695,-0.017241379,1.5,0.2,0.633333333,-0.224489796,0.553398058,-0.2875,0.619565217,-0.234899329,1.075471698,0.036363636,0.95,-0.025641026,1.583333333,0.225806452,2.192307692,0.373493976,1.559322034,0.218543046,2.421052632,0.415384615,1.022222222,0.010989011,0.893203883,-0.056410256,1.614035088,0.234899329,1.735849057,0.268965517,1.533333333,0.210526316,2.555555556,0.4375,3.538461538,0.559322034,0.898305085,-0.053571429,1.394736842,0.164835165,0.588888889,-0.258741259,0.514563107,-0.320512821,0.929824561,-0.036363636,0.576086957,-0.268965517,0.883333333,-0.061946903,1.472222222,0.191011236,2.038461538,0.341772152,1.016949153,0.008403361,1.578947368,0.224489796,0.666666667,-0.2,0.582524272,-0.263803681,1.052631579,0.025641026,0.652173913,-0.210526316,1.132075472,0.061946903,1.666666667,0.25,2.307692308,0.395348837,0.610169492,-0.242105263,0.947368421,-0.027027027,0.4,-0.428571429,0.349514563,-0.482014388,0.631578947,-0.225806452,0.391304348,-0.4375,0.679245283,-0.191011236,0.6,-0.25,1.384615385,0.161290323,0.440677966,-0.388235294,0.684210526,-0.1875,0.288888889,-0.551724138,0.252427184,-0.596899225,0.456140351,-0.373493976,0.282608696,-0.559322034,0.490566038,-0.341772152,0.433333333,-0.395348837,0.722222222,-0.161290323
29,17,34,81,85,110,68,79,61,48,4.9,0.419753086,-0.408695652,0.4,-0.428571429,0.309090909,-0.527777778,0.5,-0.333333333,0.430379747,-0.398230088,0.557377049,-0.284210526,0.708333333,-0.170731707,1.172413793,0.079365079,2,0.333333333,2.382352941,0.408695652,0.952941176,-0.024096386,0.736363636,-0.151832461,1.191176471,0.087248322,1.025316456,0.0125,1.327868852,0.14084507,1.6875,0.255813953,2.793103448,0.472727273,4.764705882,0.653061224,2.5,0.428571429,1.049382716,0.024096386,0.772727273,-0.128205128,1.25,0.111111111,1.075949367,0.036585366,1.393442623,0.164383562,1.770833333,0.278195489,2.931034483,0.49122807,5,0.666666667,3.235294118,0.527777778,1.358024691,0.151832461,1.294117647,0.128205128,1.617647059,0.235955056,1.392405063,0.164021164,1.803278689,0.286549708,2.291666667,0.392405063,3.793103448,0.582733813,6.470588235,0.732283465,2,0.333333333,0.839506173,-0.087248322,0.8,-0.111111111,0.618181818,-0.235955056,0.860759494,-0.074829932,1.114754098,0.054263566,1.416666667,0.172413793,2.344827586,0.402061856,4,0.6,2.323529412,0.398230088,0.975308642,-0.0125,0.929411765,-0.036585366,0.718181818,-0.164021164,1.161764706,0.074829932,1.295081967,0.128571429,1.645833333,0.244094488,2.724137931,0.462962963,4.647058824,0.645833333,1.794117647,0.284210526,0.75308642,-0.14084507,0.717647059,-0.164383562,0.554545455,-0.286549708,0.897058824,-0.054263566,0.772151899,-0.128571429,1.270833333,0.119266055,2.103448276,0.355555556,3.588235294,0.564102564,1.411764706,0.170731707,0.592592593,-0.255813953,0.564705882,-0.278195489,0.436363636,-0.392405063,0.705882353,-0.172413793,0.607594937,-0.244094488,0.786885246,-0.119266055,1.655172414,0.246753247,2.823529412,0.476923077,0.852941176,-0.079365079,0.358024691,-0.472727273,0.341176471,-0.49122807,0.263636364,-0.582733813,0.426470588,-0.402061856,0.367088608,-0.462962963,0.475409836,-0.355555556,0.604166667,-0.246753247,1.705882353,0.260869565,0.5,-0.333333333,0.209876543,-0.653061224,0.2,-0.666666667,0.154545455,-0.732283465,0.25,-0.6,0.215189873,-0.645833333,0.278688525,-0.564102564,0.354166667,-0.476923077,0.586206897,-0.260869565
30,26,53,50,83,74,23,19,18,25,3.14,1.06,0.029126214,0.638554217,-0.220588235,0.716216216,-0.165354331,2.304347826,0.394736842,2.789473684,0.472222222,2.944444444,0.492957746,2.12,0.358974359,1.766666667,0.277108434,2.038461538,0.341772152,0.943396226,-0.029126214,0.602409639,-0.248120301,0.675675676,-0.193548387,2.173913043,0.369863014,2.631578947,0.449275362,2.777777778,0.470588235,2,0.333333333,1.666666667,0.25,1.923076923,0.315789474,1.566037736,0.220588235,1.66,0.248120301,1.121621622,0.057324841,3.608695652,0.566037736,4.368421053,0.62745098,4.611111111,0.643564356,3.32,0.537037037,2.766666667,0.469026549,3.192307692,0.52293578,1.396226415,0.165354331,1.48,0.193548387,0.891566265,-0.057324841,3.217391304,0.525773196,3.894736842,0.591397849,4.111111111,0.608695652,2.96,0.494949495,2.466666667,0.423076923,2.846153846,0.48,0.433962264,-0.394736842,0.46,-0.369863014,0.277108434,-0.566037736,0.310810811,-0.525773196,1.210526316,0.095238095,1.277777778,0.12195122,0.92,-0.041666667,0.766666667,-0.132075472,0.884615385,-0.06122449,0.358490566,-0.472222222,0.38,-0.449275362,0.228915663,-0.62745098,0.256756757,-0.591397849,0.826086957,-0.095238095,1.055555556,0.027027027,0.76,-0.136363636,0.633333333,-0.224489796,0.730769231,-0.155555556,0.339622642,-0.492957746,0.36,-0.470588235,0.21686747,-0.643564356,0.243243243,-0.608695652,0.782608696,-0.12195122,0.947368421,-0.027027027,0.72,-0.162790698,0.6,-0.25,0.692307692,-0.181818182,0.471698113,-0.358974359,0.5,-0.333333333,0.301204819,-0.537037037,0.337837838,-0.494949495,1.086956522,0.041666667,1.315789474,0.136363636,1.388888889,0.162790698,0.833333333,-0.090909091,0.961538462,-0.019607843,0.566037736,-0.277108434,0.6,-0.25,0.361445783,-0.469026549,0.405405405,-0.423076923,1.304347826,0.132075472,1.578947368,0.224489796,1.666666667,0.25,1.2,0.090909091,1.153846154,0.071428571,0.490566038,-0.341772152,0.52,-0.315789474,0.313253012,-0.52293578,0.351351351,-0.48,1.130434783,0.06122449,1.368421053,0.155555556,1.444444444,0.181818182,1.04,0.019607843,0.866666667,-0.071428571
52,49,133,230,171,115,7,19,38,12,1.98,0.57826087,-0.267217631,0.777777778,-0.125,1.156521739,0.072580645,19,0.9,7,0.75,3.5,0.555555556,11.08333333,0.834482759,2.557692308,0.437837838,2.714285714,0.461538462,1.729323308,0.267217631,1.34502924,0.14713217,2,0.333333333,32.85714286,0.94092827,12.10526316,0.847389558,6.052631579,0.71641791,19.16666667,0.900826446,4.423076923,0.631205674,4.693877551,0.64874552,1.285714286,0.125,0.743478261,-0.14713217,1.486956522,0.195804196,24.42857143,0.921348315,9,0.8,4.5,0.636363636,14.25,0.868852459,3.288461538,0.533632287,3.489795918,0.554545455,0.864661654,-0.072580645,0.5,-0.333333333,0.67251462,-0.195804196,16.42857143,0.885245902,6.052631579,0.71641791,3.026315789,0.503267974,9.583333333,0.811023622,2.211538462,0.377245509,2.346938776,0.402439024,0.052631579,-0.9,0.030434783,-0.94092827,0.040935673,-0.921348315,0.060869565,-0.885245902,0.368421053,-0.461538462,0.184210526,-0.688888889,0.583333333,-0.263157895,0.134615385,-0.762711864,0.142857143,-0.75,0.142857143,-0.75,0.082608696,-0.847389558,0.111111111,-0.8,0.165217391,-0.71641791,2.714285714,0.461538462,0.5,-0.333333333,1.583333333,0.225806452,0.365384615,-0.464788732,0.387755102,-0.441176471,0.285714286,-0.555555556,0.165217391,-0.71641791,0.222222222,-0.636363636,0.330434783,-0.503267974,5.428571429,0.688888889,2,0.333333333,3.166666667,0.52,0.730769231,-0.155555556,0.775510204,-0.126436782,0.090225564,-0.834482759,0.052173913,-0.900826446,0.070175439,-0.868852459,0.104347826,-0.811023622,1.714285714,0.263157895,0.631578947,-0.225806452,0.315789474,-0.52,0.230769231,-0.625,0.244897959,-0.606557377,0.390977444,-0.437837838,0.226086957,-0.631205674,0.304093567,-0.533632287,0.452173913,-0.377245509,7.428571429,0.762711864,2.736842105,0.464788732,1.368421053,0.155555556,4.333333333,0.625,1.06122449,0.02970297,0.368421053,-0.461538462,0.213043478,-0.64874552,0.286549708,-0.554545455,0.426086957,-0.402439024,7,0.75,2.578947368,0.441176471,1.289473684,0.126436782,4.083333333,0.606557377,0.942307692,-0.02970297
128,78,371,442,282,250,172,178,157,151,1.97,0.839366516,-0.087330873,1.315602837,0.136294028,1.484,0.194847021,2.156976744,0.366482505,2.084269663,0.35154827,2.363057325,0.40530303,2.456953642,0.421455939,2.8984375,0.486973948,4.756410256,0.652561247,1.191374663,0.087330873,1.567375887,0.220994475,1.768,0.277456647,2.569767442,0.439739414,2.483146067,0.425806452,2.815286624,0.475792988,2.927152318,0.490725126,3.453125,0.550877193,5.666666667,0.7,0.760107817,-0.136294028,0.63800905,-0.220994475,1.128,0.060150376,1.639534884,0.242290749,1.584269663,0.226086957,1.796178344,0.284738041,1.867549669,0.302540416,2.203125,0.375609756,3.615384615,0.566666667,0.673854447,-0.194847021,0.56561086,-0.277456647,0.886524823,-0.060150376,1.453488372,0.184834123,1.404494382,0.168224299,1.592356688,0.228501229,1.655629139,0.246882793,1.953125,0.322751323,3.205128205,0.524390244,0.46361186,-0.366482505,0.389140271,-0.439739414,0.609929078,-0.242290749,0.688,-0.184834123,0.966292135,-0.017142857,1.095541401,0.045592705,1.139072848,0.06501548,1.34375,0.146666667,2.205128205,0.376,0.479784367,-0.35154827,0.402714932,-0.425806452,0.631205674,-0.226086957,0.712,-0.168224299,1.034883721,0.017142857,1.133757962,0.062686567,1.178807947,0.082066869,1.390625,0.163398693,2.282051282,0.390625,0.423180593,-0.40530303,0.35520362,-0.475792988,0.556737589,-0.284738041,0.628,-0.228501229,0.912790698,-0.045592705,0.882022472,-0.062686567,1.039735099,0.019480519,1.2265625,0.101754386,2.012820513,0.336170213,0.407008086,-0.421455939,0.341628959,-0.490725126,0.535460993,-0.302540416,0.604,-0.246882793,0.877906977,-0.06501548,0.848314607,-0.082066869,0.961783439,-0.019480519,1.1796875,0.082437276,1.935897436,0.318777293,0.345013477,-0.486973948,0.28959276,-0.550877193,0.453900709,-0.375609756,0.512,-0.322751323,0.744186047,-0.146666667,0.719101124,-0.163398693,0.815286624,-0.101754386,0.847682119,-0.082437276,1.641025641,0.242718447,0.210242588,-0.652561247,0.176470588,-0.7,0.276595745,-0.566666667,0.312,-0.524390244,0.453488372,-0.376,0.438202247,-0.390625,0.496815287,-0.336170213,0.516556291,-0.318777293,0.609375,-0.242718447
356,317,666,767,651,562,357,337,334,337,2.93,0.868318123,-0.070481507,1.023041475,0.011389522,1.185053381,0.084690554,1.865546218,0.302052786,1.976261128,0.328015952,1.994011976,0.332,1.976261128,0.328015952,1.870786517,0.30332681,2.100946372,0.355035605,1.151651652,0.070481507,1.178187404,0.08180536,1.364768683,0.154251317,2.148459384,0.364768683,2.275964392,0.389492754,2.296407186,0.393278837,2.275964392,0.389492754,2.154494382,0.365983972,2.41955836,0.415129151,0.977477477,-0.011389522,0.848761408,-0.08180536,1.158362989,0.073371805,1.823529412,0.291666667,1.931750742,0.317813765,1.949101796,0.321827411,1.931750742,0.317813765,1.828651685,0.292949355,2.05362776,0.345041322,0.843843844,-0.084690554,0.732724902,-0.154251317,0.86328725,-0.073371805,1.574229692,0.223068553,1.667655786,0.250278087,1.682634731,0.254464286,1.667655786,0.250278087,1.578651685,0.224400871,1.772870662,0.278725825,0.536036036,-0.302052786,0.465449804,-0.364768683,0.548387097,-0.291666667,0.635231317,-0.223068553,1.059347181,0.028818444,1.068862275,0.033285094,1.059347181,0.028818444,1.002808989,0.001402525,1.126182965,0.059347181,0.506006006,-0.328015952,0.439374185,-0.389492754,0.517665131,-0.317813765,0.599644128,-0.250278087,0.943977591,-0.028818444,1.008982036,0.004470939,1,0,0.946629213,-0.027417027,1.063091483,0.03058104,0.501501502,-0.332,0.435462842,-0.393278837,0.513056836,-0.321827411,0.59430605,-0.254464286,0.93557423,-0.033285094,0.991097923,-0.004470939,0.991097923,-0.004470939,0.938202247,-0.031884058,1.05362776,0.026113671,0.506006006,-0.328015952,0.439374185,-0.389492754,0.517665131,-0.317813765,0.599644128,-0.250278087,0.943977591,-0.028818444,1,0,1.008982036,0.004470939,0.946629213,-0.027417027,1.063091483,0.03058104,0.534534535,-0.30332681,0.464146023,-0.365983972,0.546850998,-0.292949355,0.633451957,-0.224400871,0.99719888,-0.001402525,1.056379822,0.027417027,1.065868263,0.031884058,1.056379822,0.027417027,1.123028391,0.05794948,0.475975976,-0.355035605,0.413298566,-0.415129151,0.486943164,-0.345041322,0.56405694,-0.278725825,0.887955182,-0.059347181,0.940652819,-0.03058104,0.949101796,-0.026113671,0.940652819,-0.03058104,0.890449438,-0.05794948
167,150,231,325,242,199,93,97,116,95,1.53,0.710769231,-0.169064748,0.954545455,-0.023255814,1.16080402,0.074418605,2.483870968,0.425925926,2.381443299,0.408536585,1.99137931,0.331412104,2.431578947,0.417177914,1.383233533,0.16080402,1.54,0.212598425,1.406926407,0.169064748,1.342975207,0.14638448,1.633165829,0.240458015,3.494623656,0.555023923,3.350515464,0.54028436,2.801724138,0.473922902,3.421052632,0.547619048,1.946107784,0.321138211,2.166666667,0.368421053,1.047619048,0.023255814,0.744615385,-0.14638448,1.216080402,0.097505669,2.602150538,0.444776119,2.494845361,0.427728614,2.086206897,0.351955307,2.547368421,0.43620178,1.449101796,0.183374083,1.613333333,0.234693878,0.861471861,-0.074418605,0.612307692,-0.240458015,0.82231405,-0.097505669,2.139784946,0.363013699,2.051546392,0.344594595,1.715517241,0.263492063,2.094736842,0.353741497,1.191616766,0.087431694,1.326666667,0.140401146,0.402597403,-0.425925926,0.286153846,-0.555023923,0.384297521,-0.444776119,0.467336683,-0.363013699,0.958762887,-0.021052632,0.801724138,-0.110047847,0.978947368,-0.010638298,0.556886228,-0.284615385,0.62,-0.234567901,0.41991342,-0.408536585,0.298461538,-0.54028436,0.400826446,-0.427728614,0.487437186,-0.344594595,1.043010753,0.021052632,0.836206897,-0.089201878,1.021052632,0.010416667,0.580838323,-0.265151515,0.646666667,-0.214574899,0.502164502,-0.331412104,0.356923077,-0.473922902,0.479338843,-0.351955307,0.582914573,-0.263492063,1.247311828,0.110047847,1.195876289,0.089201878,1.221052632,0.099526066,0.694610778,-0.180212014,0.773333333,-0.127819549,0.411255411,-0.417177914,0.292307692,-0.547619048,0.392561983,-0.43620178,0.477386935,-0.353741497,1.021505376,0.010638298,0.979381443,-0.010416667,0.818965517,-0.099526066,0.568862275,-0.27480916,0.633333333,-0.224489796,0.722943723,-0.16080402,0.513846154,-0.321138211,0.690082645,-0.183374083,0.83919598,-0.087431694,1.795698925,0.284615385,1.721649485,0.265151515,1.439655172,0.180212014,1.757894737,0.27480916,1.113333333,0.05362776,0.649350649,-0.212598425,0.461538462,-0.368421053,0.619834711,-0.234693878,0.753768844,-0.140401146,1.612903226,0.234567901,1.546391753,0.214574899,1.293103448,0.127819549,1.578947368,0.224489796,0.898203593,-0.05362776
638,514,841,924,776,776,699,719,689,670,2.32,0.91017316,-0.047025496,1.083762887,0.040197897,1.083762887,0.040197897,1.203147353,0.092207792,1.169680111,0.078205128,1.220609579,0.099346405,1.255223881,0.113170086,1.318181818,0.137254902,1.63618677,0.241328413,1.098692033,0.047025496,1.190721649,0.087058824,1.190721649,0.087058824,1.321888412,0.138632163,1.28511822,0.124771759,1.34107402,0.145691259,1.379104478,0.159347553,1.448275862,0.183098592,1.79766537,0.28511822,0.922711058,-0.040197897,0.83982684,-0.087058824,1,0,1.110157368,0.05220339,1.079276773,0.03812709,1.126269956,0.059385666,1.158208955,0.073305671,1.21630094,0.097595474,1.509727626,0.203100775,0.922711058,-0.040197897,0.83982684,-0.087058824,1,0,1.110157368,0.05220339,1.079276773,0.03812709,1.126269956,0.059385666,1.158208955,0.073305671,1.21630094,0.097595474,1.509727626,0.203100775,0.831153389,-0.092207792,0.756493506,-0.138632163,0.900773196,-0.05220339,0.900773196,-0.05220339,0.972183588,-0.014104372,1.014513788,0.007204611,1.043283582,0.021183346,1.095611285,0.045624533,1.359922179,0.152514427,0.854934602,-0.078205128,0.778138528,-0.124771759,0.926546392,-0.03812709,0.926546392,-0.03812709,1.028612303,0.014104372,1.043541364,0.021306818,1.073134328,0.035277178,1.126959248,0.059690494,1.398832685,0.166261152,0.819262782,-0.099346405,0.745670996,-0.145691259,0.887886598,-0.059385666,0.887886598,-0.059385666,0.985693848,-0.007204611,0.958275382,-0.021306818,1.028358209,0.013980868,1.079937304,0.038432555,1.340466926,0.145469659,0.79667063,-0.113170086,0.725108225,-0.159347553,0.863402062,-0.073305671,0.863402062,-0.073305671,0.95851216,-0.021183346,0.931849791,-0.035277178,0.972423803,-0.013980868,1.05015674,0.024464832,1.303501946,0.131756757,0.75862069,-0.137254902,0.69047619,-0.183098592,0.822164948,-0.097595474,0.822164948,-0.097595474,0.912732475,-0.045624533,0.887343533,-0.059690494,0.925979681,-0.038432555,0.952238806,-0.024464832,1.241245136,0.107638889,0.61117717,-0.241328413,0.556277056,-0.28511822,0.662371134,-0.203100775,0.662371134,-0.203100775,0.735336195,-0.152514427,0.71488178,-0.166261152,0.746008708,-0.145469659,0.767164179,-0.131756757,0.805642633,-0.107638889
390,353,578,720,595,536,383,386,400,364,2.54,0.802777778,-0.109399076,0.971428571,-0.014492754,1.078358209,0.037701975,1.509138381,0.202913632,1.497409326,0.199170124,1.445,0.18200409,1.587912088,0.227176221,1.482051282,0.194214876,1.637393768,0.241675618,1.24567474,0.109399076,1.210084034,0.095057034,1.343283582,0.146496815,1.879895561,0.305530372,1.865284974,0.30198915,1.8,0.285714286,1.978021978,0.328413284,1.846153846,0.297297297,2.039660057,0.342031687,1.029411765,0.014492754,0.826388889,-0.095057034,1.110074627,0.052166225,1.553524804,0.216768916,1.541450777,0.21304791,1.4875,0.195979899,1.634615385,0.240875912,1.525641026,0.208121827,1.685552408,0.255274262,0.92733564,-0.037701975,0.744444444,-0.146496815,0.900840336,-0.052166225,1.399477807,0.16648531,1.388601036,0.162689805,1.34,0.145299145,1.472527473,0.191111111,1.374358974,0.157667387,1.518413598,0.205849269,0.662629758,-0.202913632,0.531944444,-0.305530372,0.643697479,-0.216768916,0.714552239,-0.16648531,0.992227979,-0.00390117,0.9575,-0.021711367,1.052197802,0.025435074,0.982051282,-0.009055627,1.084985836,0.04076087,0.667820069,-0.199170124,0.536111111,-0.30198915,0.648739496,-0.21304791,0.720149254,-0.162689805,1.007832898,0.00390117,0.965,-0.017811705,1.06043956,0.029333333,0.98974359,-0.005154639,1.093484419,0.044654939,0.692041522,-0.18200409,0.555555556,-0.285714286,0.672268908,-0.195979899,0.746268657,-0.145299145,1.044386423,0.021711367,1.03626943,0.017811705,1.098901099,0.047120419,1.025641026,0.012658228,1.133144476,0.062416999,0.629757785,-0.227176221,0.505555556,-0.328413284,0.611764706,-0.240875912,0.679104478,-0.191111111,0.950391645,-0.025435074,0.943005181,-0.029333333,0.91,-0.047120419,0.933333333,-0.034482759,1.031161473,0.015341702,0.674740484,-0.194214876,0.541666667,-0.297297297,0.655462185,-0.208121827,0.72761194,-0.157667387,1.018276762,0.009055627,1.010362694,0.005154639,0.975,-0.012658228,1.071428571,0.034482759,1.104815864,0.049798116,0.610726644,-0.241675618,0.490277778,-0.342031687,0.593277311,-0.255274262,0.65858209,-0.205849269,0.921671018,-0.04076087,0.914507772,-0.044654939,0.8825,-0.062416999,0.96978022,-0.015341702,0.905128205,-0.049798116
647,564,857,904,836,809,728,737,745,693,2.23,0.94800885,-0.026689381,1.025119617,0.012404017,1.059332509,0.028811525,1.177197802,0.081388013,1.162822252,0.075282309,1.15033557,0.069912609,1.236652237,0.105806452,1.324574961,0.13962766,1.519503546,0.206192822,1.054842474,0.026689381,1.081339713,0.03908046,1.117428925,0.05545826,1.241758242,0.107843137,1.226594301,0.101767215,1.213422819,0.096422074,1.304473304,0.13212273,1.397217929,0.165699549,1.602836879,0.231607629,0.975495916,-0.012404017,0.924778761,-0.03908046,1.033374536,0.016413374,1.148351648,0.069053708,1.134328358,0.062937063,1.122147651,0.057558507,1.206349206,0.09352518,1.292117465,0.12744437,1.482269504,0.194285714,0.943990665,-0.028811525,0.894911504,-0.05545826,0.967703349,-0.016413374,1.111263736,0.052700065,1.097693351,0.046571798,1.08590604,0.041184041,1.167388167,0.07723036,1.250386399,0.111263736,1.434397163,0.178441369,0.849474912,-0.081388013,0.805309735,-0.107843137,0.870813397,-0.069053708,0.899876391,-0.052700065,0.987788331,-0.006143345,0.977181208,-0.011541073,1.050505051,0.024630542,1.125193199,0.058909091,1.290780142,0.126934985,0.859976663,-0.075282309,0.815265487,-0.101767215,0.881578947,-0.062937063,0.911001236,-0.046571798,1.012362637,0.006143345,0.989261745,-0.005398111,1.063492063,0.030769231,1.139103555,0.065028902,1.306737589,0.132974635,0.869311552,-0.069912609,0.824115044,-0.096422074,0.891148325,-0.057558507,0.920889988,-0.041184041,1.023351648,0.011541073,1.010854817,0.005398111,1.075036075,0.036161335,1.151468315,0.070402299,1.320921986,0.138273491,0.808634772,-0.105806452,0.76659292,-0.13212273,0.828947368,-0.09352518,0.856613103,-0.07723036,0.951923077,-0.024630542,0.940298507,-0.030769231,0.930201342,-0.036161335,1.071097372,0.034328358,1.228723404,0.102625298,0.75495916,-0.13962766,0.715707965,-0.165699549,0.773923445,-0.12744437,0.799752781,-0.111263736,0.888736264,-0.058909091,0.877883311,-0.065028902,0.868456376,-0.070402299,0.933621934,-0.034328358,1.147163121,0.068538398,0.658109685,-0.206192822,0.623893805,-0.231607629,0.674641148,-0.194285714,0.697156984,-0.178441369,0.774725275,-0.126934985,0.765264586,-0.132974635,0.75704698,-0.138273491,0.813852814,-0.102625298,0.871715611,-0.068538398
630,556,813,933,806,769,697,671,733,652,1.68,0.871382637,-0.068728522,1.008684864,0.004323657,1.057217165,0.027812895,1.166427547,0.076821192,1.211624441,0.095687332,1.109140518,0.051746442,1.246932515,0.109897611,1.29047619,0.126819127,1.462230216,0.187728269,1.147601476,0.068728522,1.157568238,0.073030477,1.213263979,0.096357227,1.338593974,0.144785276,1.390461997,0.163341646,1.272851296,0.120048019,1.430981595,0.177287066,1.480952381,0.193857965,1.678057554,0.25319006,0.991389914,-0.004323657,0.863879957,-0.073030477,1.048114434,0.023492063,1.156384505,0.072521623,1.20119225,0.09140149,1.099590723,0.047433398,1.236196319,0.105624143,1.279365079,0.122562674,1.449640288,0.183553598,0.945879459,-0.027812895,0.824222937,-0.096357227,0.954094293,-0.023492063,1.103299857,0.049113233,1.146050671,0.068055556,1.049113233,0.023968043,1.179447853,0.082336383,1.220634921,0.099356683,1.383093525,0.160754717,0.857318573,-0.076821192,0.747052519,-0.144785276,0.864764268,-0.072521623,0.906371912,-0.049113233,1.038748137,0.019005848,0.950886767,-0.025174825,1.069018405,0.033358043,1.106349206,0.050489827,1.253597122,0.112529928,0.825338253,-0.095687332,0.719185423,-0.163341646,0.832506203,-0.09140149,0.872561769,-0.068055556,0.962697274,-0.019005848,0.915416098,-0.044159544,1.029141104,0.0143613,1.065079365,0.03151422,1.206834532,0.093724531,0.901599016,-0.051746442,0.785637728,-0.120048019,0.90942928,-0.047433398,0.953185956,-0.023968043,1.051649928,0.025174825,1.092399404,0.044159544,1.124233129,0.058483755,1.163492063,0.075568599,1.318345324,0.137315749,0.80196802,-0.109897611,0.698821008,-0.177287066,0.808933002,-0.105624143,0.847854356,-0.082336383,0.93543759,-0.033358043,0.971684054,-0.0143613,0.889495225,-0.058483755,1.034920635,0.017160686,1.172661871,0.079470199,0.774907749,-0.126819127,0.675241158,-0.193857965,0.781637717,-0.122562674,0.819245774,-0.099356683,0.903873745,-0.050489827,0.938897168,-0.03151422,0.859481583,-0.075568599,0.966257669,-0.017160686,1.133093525,0.062394604,0.683886839,-0.187728269,0.595927117,-0.25319006,0.689826303,-0.183553598,0.723016905,-0.160754717,0.797704448,-0.112529928,0.828614009,-0.093724531,0.758526603,-0.137315749,0.852760736,-0.079470199,0.882539683,-0.062394604
715,669,861,905,833,818,703,708,732,665,1.66,0.951381215,-0.024915062,1.033613445,0.016528926,1.052567237,0.025610482,1.224751067,0.101023018,1.216101695,0.09751434,1.176229508,0.080979284,1.294736842,0.128440367,1.204195804,0.092639594,1.286995516,0.125490196,1.051103368,0.024915062,1.086434574,0.041426928,1.106356968,0.050493326,1.287339972,0.125621891,1.278248588,0.122132672,1.236338798,0.105681124,1.360902256,0.152866242,1.265734266,0.117283951,1.352765321,0.149936468,0.967479675,-0.016528926,0.920441989,-0.041426928,1.018337408,0.009085403,1.184921764,0.084635417,1.176553672,0.081116158,1.137978142,0.064536741,1.252631579,0.112149533,1.165034965,0.07622739,1.245142003,0.10918775,0.950058072,-0.025610482,0.903867403,-0.050493326,0.981992797,-0.009085403,1.163584637,0.075608153,1.155367232,0.072083879,1.117486339,0.055483871,1.230075188,0.103169252,1.144055944,0.067188519,1.222720478,0.100201748,0.816492451,-0.101023018,0.77679558,-0.125621891,0.843937575,-0.084635417,0.859413203,-0.075608153,0.992937853,-0.003543586,0.960382514,-0.020209059,1.057142857,0.027777778,0.983216783,-0.008462623,1.050822123,0.024781341,0.822299652,-0.09751434,0.782320442,-0.122132672,0.849939976,-0.081116158,0.865525672,-0.072083879,1.007112376,0.003543586,0.967213115,-0.016666667,1.064661654,0.031318281,0.99020979,-0.004919185,1.058295964,0.02832244,0.850174216,-0.080979284,0.808839779,-0.105681124,0.878751501,-0.064536741,0.894865526,-0.055483871,1.041251778,0.020209059,1.033898305,0.016666667,1.10075188,0.047959914,1.023776224,0.011748445,1.094170404,0.04496788,0.772357724,-0.128440367,0.73480663,-0.152866242,0.798319328,-0.112149533,0.812958435,-0.103169252,0.945945946,-0.027777778,0.939265537,-0.031318281,0.908469945,-0.047959914,0.93006993,-0.036231884,0.994020927,-0.002998501,0.830429733,-0.092639594,0.790055249,-0.117283951,0.858343337,-0.07622739,0.87408313,-0.067188519,1.017069701,0.008462623,1.009887006,0.004919185,0.976775956,-0.011748445,1.07518797,0.036231884,1.068759342,0.033236994,0.777003484,-0.125490196,0.739226519,-0.149936468,0.803121248,-0.10918775,0.817848411,-0.100201748,0.951635846,-0.024781341,0.944915254,-0.02832244,0.913934426,-0.04496788,1.006015038,0.002998501,0.935664336,-0.033236994
943,853,1048,1134,1113,1189,1128,1116,1090,1089,2.42,0.924162257,-0.039413382,0.941599281,-0.030078667,0.881412952,-0.063030845,0.929078014,-0.036764706,0.9390681,-0.03142329,0.96146789,-0.019644528,0.962350781,-0.019185774,1.111346766,0.052737318,1.228604924,0.102577591,1.082061069,0.039413382,1.018867925,0.009345794,0.953742641,-0.023676281,1.005319149,0.00265252,1.016129032,0.008,1.040366972,0.019784173,1.041322314,0.020242915,1.202545069,0.091959557,1.329425557,0.141419225,1.062022901,0.030078667,0.981481481,-0.009345794,0.93608074,-0.03301477,0.986702128,-0.00669344,0.997311828,-0.001345895,1.021100917,0.010440309,1.022038567,0.010899183,1.180275716,0.082684825,1.304806565,0.13224822,1.134541985,0.063030845,1.048500882,0.023676281,1.068283917,0.03301477,1.054078014,0.026327147,1.065412186,0.031670282,1.090825688,0.043440105,1.091827365,0.043898156,1.260869565,0.115384615,1.393903869,0.164544564,1.076335878,0.036764706,0.994708995,-0.00265252,1.013477089,0.00669344,0.948696384,-0.026327147,1.010752688,0.005347594,1.034862385,0.017132552,1.035812672,0.01759134,1.196182397,0.089328827,1.322391559,0.138818778,1.064885496,0.03142329,0.984126984,-0.008,1.002695418,0.001345895,0.938603869,-0.031670282,0.989361702,-0.005347594,1.023853211,0.011786038,1.024793388,0.012244898,1.183457052,0.08402137,1.308323564,0.13357034,1.040076336,0.019644528,0.961199295,-0.019784173,0.97933513,-0.010440309,0.916736754,-0.043440105,0.966312057,-0.017132552,0.976702509,-0.011786038,1.000918274,0.000458926,1.155885472,0.072306936,1.277842907,0.121976325,1.039122137,0.019185774,0.96031746,-0.020242915,0.978436658,-0.010899183,0.915895711,-0.043898156,0.965425532,-0.01759134,0.975806452,-0.012244898,0.999082569,-0.000458926,1.154825027,0.071850394,1.276670574,0.121524202,0.89980916,-0.052737318,0.831569665,-0.091959557,0.847259659,-0.082684825,0.793103448,-0.115384615,0.835992908,-0.089328827,0.844982079,-0.08402137,0.865137615,-0.072306936,0.865932048,-0.071850394,1.105509965,0.050111359,0.813931298,-0.102577591,0.752204586,-0.141419225,0.766397125,-0.13224822,0.717409588,-0.164544564,0.756205674,-0.138818778,0.764336918,-0.13357034,0.782568807,-0.121976325,0.78328742,-0.121524202,0.904559915,-0.050111359
575,512,646,680,663,706,556,580,524,537,2.98,0.95,-0.025641026,0.974358974,-0.012987013,0.915014164,-0.044378698,1.161870504,0.074875208,1.113793103,0.053833605,1.232824427,0.104273504,1.202979516,0.092138631,1.123478261,0.058149058,1.26171875,0.115716753,1.052631579,0.025641026,1.025641026,0.012658228,0.963172805,-0.018759019,1.223021583,0.100323625,1.172413793,0.079365079,1.297709924,0.129568106,1.266294227,0.117502054,1.182608696,0.083665339,1.328125,0.140939597,1.026315789,0.012987013,0.975,-0.012658228,0.939093484,-0.031409788,1.192446043,0.087776866,1.143103448,0.066773934,1.265267176,0.117101938,1.234636872,0.105,1.153043478,0.071082391,1.294921875,0.128510638,1.092879257,0.044378698,1.038235294,0.018759019,1.064856712,0.031409788,1.269784173,0.118858954,1.217241379,0.097978227,1.347328244,0.14796748,1.314711359,0.135961384,1.227826087,0.102263856,1.37890625,0.159277504,0.860681115,-0.074875208,0.817647059,-0.100323625,0.838612368,-0.087776866,0.787535411,-0.118858954,0.95862069,-0.021126761,1.061068702,0.02962963,1.03538175,0.017383349,0.966956522,-0.016799293,1.0859375,0.041198502,0.897832817,-0.053833605,0.852941176,-0.079365079,0.874811463,-0.066773934,0.821529745,-0.097978227,1.043165468,0.021126761,1.106870229,0.050724638,1.080074488,0.038495971,1.008695652,0.004329004,1.1328125,0.062271062,0.811145511,-0.104273504,0.770588235,-0.129568106,0.790346908,-0.117101938,0.742209632,-0.14796748,0.942446043,-0.02962963,0.903448276,-0.050724638,0.975791434,-0.012252592,0.911304348,-0.046405823,1.0234375,0.011583012,0.83126935,-0.092138631,0.789705882,-0.117502054,0.809954751,-0.105,0.760623229,-0.135961384,0.965827338,-0.017383349,0.925862069,-0.038495971,1.02480916,0.012252592,0.933913043,-0.034172662,1.048828125,0.023832221,0.890092879,-0.058149058,0.845588235,-0.083665339,0.867269985,-0.071082391,0.814447592,-0.102263856,1.034172662,0.016799293,0.99137931,-0.004329004,1.097328244,0.046405823,1.070763501,0.034172662,1.123046875,0.057957682,0.792569659,-0.115716753,0.752941176,-0.140939597,0.77224736,-0.128510638,0.725212465,-0.159277504,0.920863309,-0.041198502,0.882758621,-0.062271062,0.977099237,-0.011583012,0.953445065,-0.023832221,0.890434783,-0.057957682
953,868,1245,1292,1306,1274,1080,998,1048,977,4.38,0.963622291,-0.018525818,0.953292496,-0.023912191,0.977237049,-0.011512505,1.152777778,0.070967742,1.24749499,0.110120374,1.187977099,0.08591365,1.27430911,0.120612061,1.306400839,0.132848044,1.434331797,0.178419309,1.037751004,0.018525818,0.989280245,-0.005388761,1.014128728,0.007014809,1.196296296,0.089376054,1.294589178,0.128384279,1.232824427,0.104273504,1.322415558,0.138827677,1.355718783,0.151002227,1.488479263,0.196296296,1.048995984,0.023912191,1.010835913,0.005388761,1.025117739,0.012403101,1.209259259,0.094719195,1.308617234,0.133680556,1.246183206,0.10960068,1.336745138,0.144108629,1.370409234,0.156263834,1.504608295,0.201471941,1.023293173,0.011512505,0.986068111,-0.007014809,0.975497703,-0.012403101,1.17962963,0.082412914,1.276553106,0.121478873,1.215648855,0.097329888,1.303991812,0.131941359,1.33683106,0.144140099,1.467741935,0.189542484,0.86746988,-0.070967742,0.835913313,-0.089376054,0.826952527,-0.094719195,0.847723705,-0.082412914,1.082164329,0.03946102,1.030534351,0.015037594,1.10542477,0.050072922,1.133263379,0.062469257,1.244239631,0.108829569,0.801606426,-0.110120374,0.77244582,-0.128384279,0.764165391,-0.133680556,0.783359498,-0.121478873,0.924074074,-0.03946102,0.952290076,-0.024437928,1.021494371,0.010632911,1.047219307,0.023065095,1.149769585,0.069667738,0.841767068,-0.08591365,0.811145511,-0.104273504,0.80245023,-0.10960068,0.822605965,-0.097329888,0.97037037,-0.015037594,1.0501002,0.024437928,1.072671443,0.035061728,1.099685205,0.047476262,1.207373272,0.09394572,0.784738956,-0.120612061,0.75619195,-0.138827677,0.748085758,-0.144108629,0.766875981,-0.131941359,0.90462963,-0.050072922,0.978957916,-0.010632911,0.932251908,-0.035061728,1.025183631,0.012435233,1.125576037,0.059078591,0.765461847,-0.132848044,0.737616099,-0.151002227,0.729709035,-0.156263834,0.748037677,-0.144140099,0.882407407,-0.062469257,0.95490982,-0.023065095,0.909351145,-0.047476262,0.975435005,-0.012435233,1.097926267,0.04667765,0.697188755,-0.178419309,0.671826625,-0.196296296,0.664624809,-0.201471941,0.681318681,-0.189542484,0.803703704,-0.108829569,0.869739479,-0.069667738,0.828244275,-0.09394572,0.888433982,-0.059078591,0.910807975,-0.04667765
924,839,875,945,991,1085,881,908,831,858,2.36,0.925925926,-0.038461538,0.882946519,-0.062165059,0.806451613,-0.107142857,0.993189557,-0.003416856,0.963656388,-0.018508132,1.052948255,0.025791325,1.01981352,0.009809579,0.946969697,-0.027237354,1.042908224,0.021003501,1.08,0.038461538,0.95358224,-0.023760331,0.870967742,-0.068965517,1.072644722,0.035049288,1.040748899,0.01996762,1.137184116,0.064189189,1.101398601,0.048252912,1.022727273,0.011235955,1.126340882,0.05941704,1.132571429,0.062165059,1.048677249,0.023760331,0.913364055,-0.045279383,1.124858116,0.058760684,1.091409692,0.043707214,1.19253911,0.087815587,1.155011655,0.071930773,1.072510823,0.034986945,1.181168057,0.083060109,1.24,0.107142857,1.148148148,0.068965517,1.094853683,0.045279383,1.231555051,0.103763988,1.194933921,0.088810838,1.305655836,0.13256785,1.264568765,0.116829645,1.174242424,0.080139373,1.293206198,0.127858628,1.006857143,0.003416856,0.932275132,-0.035049288,0.889001009,-0.058760684,0.811981567,-0.103763988,0.970264317,-0.01509223,1.060168472,0.029205607,1.026806527,0.013225992,0.953463203,-0.023822715,1.050059595,0.024418605,1.037714286,0.018508132,0.960846561,-0.01996762,0.916246216,-0.043707214,0.836866359,-0.088810838,1.030646992,0.01509223,1.092659446,0.044278321,1.058275058,0.028312571,0.982683983,-0.008733624,1.082240763,0.039496279,0.949714286,-0.025791325,0.879365079,-0.064189189,0.838546922,-0.087815587,0.765898618,-0.13256785,0.943246311,-0.029205607,0.915198238,-0.044278321,0.968531469,-0.01598579,0.899350649,-0.052991453,0.990464839,-0.004790419,0.980571429,-0.009809579,0.907936508,-0.048252912,0.865792129,-0.071930773,0.79078341,-0.116829645,0.973893303,-0.013225992,0.944933921,-0.028312571,1.032490975,0.01598579,0.928571429,-0.037037037,1.022646007,0.011196229,1.056,0.027237354,0.977777778,-0.011235955,0.932391524,-0.034986945,0.851612903,-0.080139373,1.048808173,0.023822715,1.017621145,0.008733624,1.111913357,0.052991453,1.076923077,0.037037037,1.101311085,0.048213273,0.958857143,-0.021003501,0.887830688,-0.05941704,0.846619576,-0.083060109,0.773271889,-0.127858628,0.952326901,-0.024418605,0.924008811,-0.039496279,1.009626955,0.004790419,0.977855478,-0.011196229,0.908008658,-0.048213273
578,515,476,511,562,582,434,535,398,450,1.86,0.931506849,-0.035460993,0.846975089,-0.082851638,0.817869416,-0.100189036,1.096774194,0.046153846,0.889719626,-0.058358061,1.195979899,0.089244851,1.057777778,0.028077754,0.823529412,-0.096774194,0.924271845,-0.039354188,1.073529412,0.035460993,0.909252669,-0.047530289,0.878006873,-0.064958829,1.177419355,0.081481481,0.955140187,-0.022944551,1.283919598,0.124312431,1.135555556,0.063475546,0.884083045,-0.061524334,0.99223301,-0.003898635,1.180672269,0.082851638,1.099804305,0.047530289,0.965635739,-0.017482517,1.294930876,0.128514056,1.05046729,0.02461258,1.412060302,0.170833333,1.248888889,0.110671937,0.972318339,-0.014035088,1.091262136,0.04363974,1.222689076,0.100189036,1.138943249,0.064958829,1.035587189,0.017482517,1.341013825,0.145669291,1.087850467,0.042076992,1.462311558,0.187755102,1.293333333,0.127906977,1.006920415,0.003448276,1.130097087,0.061075661,0.911764706,-0.046153846,0.849315068,-0.081481481,0.772241993,-0.128514056,0.745704467,-0.145669291,0.811214953,-0.104231166,1.090452261,0.043269231,0.964444444,-0.018099548,0.750865052,-0.14229249,0.842718447,-0.085353003,1.12394958,0.058358061,1.046966732,0.022944551,0.951957295,-0.02461258,0.919243986,-0.042076992,1.232718894,0.104231166,1.344221106,0.146838156,1.188888889,0.086294416,0.925605536,-0.038634322,1.038834951,0.019047619,0.836134454,-0.089244851,0.778864971,-0.124312431,0.708185053,-0.170833333,0.683848797,-0.187755102,0.917050691,-0.043269231,0.743925234,-0.146838156,0.884444444,-0.061320755,0.688581315,-0.18442623,0.772815534,-0.128148959,0.945378151,-0.028077754,0.880626223,-0.063475546,0.800711744,-0.110671937,0.773195876,-0.127906977,1.036866359,0.018099548,0.841121495,-0.086294416,1.130653266,0.061320755,0.778546713,-0.124513619,0.873786408,-0.067357513,1.214285714,0.096774194,1.13111546,0.061524334,1.028469751,0.014035088,0.993127148,-0.003448276,1.331797235,0.14229249,1.080373832,0.038634322,1.452261307,0.18442623,1.284444444,0.124513619,1.122330097,0.057639524,1.081932773,0.039354188,1.007827789,0.003898635,0.916370107,-0.04363974,0.884879725,-0.061075661,1.186635945,0.085353003,0.962616822,-0.019047619,1.293969849,0.128148959,1.144444444,0.067357513,0.89100346,-0.057639524
748,676,990,976,931,1020,955,945,857,895,2.11,1.014344262,0.007121058,1.063372718,0.03071317,0.970588235,-0.014925373,1.036649215,0.017994859,1.047619048,0.023255814,1.155192532,0.072008663,1.106145251,0.050397878,1.323529412,0.139240506,1.464497041,0.18847539,0.985858586,-0.007121058,1.048335124,0.023597273,0.956862745,-0.022044088,1.021989529,0.010875194,1.032804233,0.016137428,1.138856476,0.064920895,1.090502793,0.043292357,1.304812834,0.13225058,1.443786982,0.181598063,0.94040404,-0.03071317,0.953893443,-0.023597273,0.912745098,-0.045617632,0.97486911,-0.012725345,0.985185185,-0.007462687,1.086347725,0.041387025,1.040223464,0.019715225,1.244652406,0.108993448,1.377218935,0.158680772,1.03030303,0.014925373,1.045081967,0.022044088,1.095596133,0.045617632,1.068062827,0.032911392,1.079365079,0.038167939,1.190198366,0.086840703,1.139664804,0.065274151,1.363636364,0.153846154,1.50887574,0.202830189,0.964646465,-0.017994859,0.978483607,-0.010875194,1.025778733,0.012725345,0.93627451,-0.032911392,1.010582011,0.005263158,1.114352392,0.054083885,1.067039106,0.032432432,1.276737968,0.121550206,1.412721893,0.171060699,0.954545455,-0.023255814,0.968237705,-0.016137428,1.015037594,0.007462687,0.926470588,-0.038167939,0.989528796,-0.005263158,1.102683781,0.048834628,1.055865922,0.027173913,1.263368984,0.116361488,1.397928994,0.165946946,0.865656566,-0.072008663,0.87807377,-0.064920895,0.920515575,-0.041387025,0.840196078,-0.086840703,0.897382199,-0.054083885,0.906878307,-0.048834628,0.957541899,-0.021689498,1.145721925,0.067912773,1.267751479,0.118069145,0.904040404,-0.050397878,0.917008197,-0.043292357,0.961331901,-0.019715225,0.87745098,-0.065274151,0.937172775,-0.032432432,0.947089947,-0.027173913,1.044340723,0.021689498,1.196524064,0.089470481,1.323964497,0.139401655,0.755555556,-0.139240506,0.766393443,-0.13225058,0.803437164,-0.108993448,0.733333333,-0.153846154,0.783246073,-0.121550206,0.791534392,-0.116361488,0.872812135,-0.067912773,0.83575419,-0.089470481,1.106508876,0.050561798,0.682828283,-0.18847539,0.692622951,-0.181598063,0.726100967,-0.158680772,0.662745098,-0.202830189,0.707853403,-0.171060699,0.715343915,-0.165946946,0.788798133,-0.118069145,0.755307263,-0.139401655,0.903743316,-0.050561798
744,676,859,839,847,905,743,721,750,710,1.88,1.023837902,0.011778563,1.014167651,0.007033998,0.949171271,-0.026077098,1.156123822,0.072409488,1.191400832,0.087341772,1.145333333,0.06774394,1.209859155,0.094964946,1.154569892,0.071740487,1.270710059,0.119218241,0.976717113,-0.011778563,0.9905549,-0.004744958,0.927071823,-0.037844037,1.129205922,0.06068268,1.163661581,0.075641026,1.118666667,0.056010069,1.181690141,0.083279535,1.127688172,0.060012634,1.24112426,0.107590759,0.986030268,-0.007033998,1.009535161,0.004744958,0.935911602,-0.033105023,1.139973082,0.065408805,1.174757282,0.080357143,1.129333333,0.060738885,1.192957746,0.087989724,1.13844086,0.064739158,1.25295858,0.112278398,1.05355064,0.026077098,1.078665077,0.037844037,1.068476978,0.033105023,1.218034993,0.098300971,1.25520111,0.113161132,1.206666667,0.093655589,1.274647887,0.120743034,1.216397849,0.09763493,1.338757396,0.144845035,0.864959255,-0.072409488,0.885578069,-0.06068268,0.877213695,-0.065408805,0.820994475,-0.098300971,1.030513176,0.015027322,0.990666667,-0.004688547,1.046478873,0.022711631,0.998655914,-0.000672495,1.099112426,0.04721635,0.839348079,-0.087341772,0.859356377,-0.075641026,0.851239669,-0.080357143,0.796685083,-0.113161132,0.97039031,-0.015027322,0.961333333,-0.01971448,1.015492958,0.007686932,0.969086022,-0.015699659,1.066568047,0.032211883,0.873108265,-0.06774394,0.893921335,-0.056010069,0.885478158,-0.060738885,0.828729282,-0.093655589,1.009421265,0.004688547,1.040221914,0.01971448,1.056338028,0.02739726,1.008064516,0.004016064,1.109467456,0.051893408,0.826542491,-0.094964946,0.84624553,-0.083279535,0.838252656,-0.087989724,0.784530387,-0.120743034,0.955585464,-0.022711631,0.984743412,-0.007686932,0.946666667,-0.02739726,0.954301075,-0.023383769,1.050295858,0.024531025,0.866123399,-0.071740487,0.886769964,-0.060012634,0.878394333,-0.064739158,0.822099448,-0.09763493,1.001345895,0.000672495,1.031900139,0.015699659,0.992,-0.004016064,1.047887324,0.023383769,1.100591716,0.047887324,0.786961583,-0.119218241,0.805721097,-0.107590759,0.79811098,-0.112278398,0.746961326,-0.144845035,0.909825034,-0.04721635,0.937586685,-0.032211883,0.901333333,-0.051893408,0.952112676,-0.024531025,0.908602151,-0.047887324
377,271,281,301,310,336,304,303,294,327,1.86,0.933554817,-0.034364261,0.906451613,-0.049069374,0.836309524,-0.089141005,0.924342105,-0.039316239,0.927392739,-0.037671233,0.955782313,-0.022608696,0.859327217,-0.075657895,0.74535809,-0.145896657,1.036900369,0.018115942,1.071174377,0.034364261,0.970967742,-0.014729951,0.895833333,-0.054945055,0.990131579,-0.004958678,0.99339934,-0.003311258,1.023809524,0.011764706,0.920489297,-0.041401274,0.798408488,-0.112094395,1.110701107,0.052447552,1.103202847,0.049069374,1.029900332,0.014729951,0.922619048,-0.040247678,1.019736842,0.009771987,1.02310231,0.01141925,1.054421769,0.026490066,0.948012232,-0.026687598,0.822281167,-0.097525473,1.143911439,0.067125645,1.195729537,0.089141005,1.11627907,0.054945055,1.083870968,0.040247678,1.105263158,0.05,1.108910891,0.051643192,1.142857143,0.066666667,1.027522936,0.013574661,0.891246684,-0.057503506,1.239852399,0.10708402,1.081850534,0.039316239,1.009966777,0.004958678,0.980645161,-0.009771987,0.904761905,-0.05,1.00330033,0.001647446,1.034013605,0.016722408,0.929663609,-0.036450079,0.806366048,-0.107195301,1.121771218,0.057391304,1.078291815,0.037671233,1.006644518,0.003311258,0.977419355,-0.01141925,0.901785714,-0.051643192,0.996710526,-0.001647446,1.030612245,0.015075377,0.926605505,-0.038095238,0.803713528,-0.108823529,1.118081181,0.055749129,1.046263345,0.022608696,0.976744186,-0.011764706,0.948387097,-0.026490066,0.875,-0.066666667,0.967105263,-0.016722408,0.97029703,-0.015075377,0.899082569,-0.053140097,0.779840849,-0.123695976,1.084870849,0.040707965,1.163701068,0.075657895,1.086378738,0.041401274,1.05483871,0.026687598,0.973214286,-0.013574661,1.075657895,0.036450079,1.079207921,0.038095238,1.112244898,0.053140097,0.867374005,-0.071022727,1.206642066,0.093645485,1.341637011,0.145896657,1.252491694,0.112094395,1.216129032,0.097525473,1.12202381,0.057503506,1.240131579,0.107195301,1.244224422,0.108823529,1.282312925,0.123695976,1.152905199,0.071022727,1.391143911,0.163580247,0.964412811,-0.018115942,0.900332226,-0.052447552,0.874193548,-0.067125645,0.806547619,-0.10708402,0.891447368,-0.057391304,0.894389439,-0.055749129,0.921768707,-0.040707965,0.828746177,-0.093645485,0.718832891,-0.163580247
4315,3480,9696,8854,8112,9108,8538,8460,8606,8377,1.6,1.095098261,0.045390836,1.195266272,0.088948787,1.06455863,0.031269943,1.135628953,0.063507733,1.146099291,0.068076669,1.126655822,0.059556333,1.157454936,0.072981796,2.247045191,0.384055385,2.786206897,0.471766849,0.913160066,-0.045390836,1.091469428,0.043734528,0.972112429,-0.014140964,1.03701101,0.018169273,1.046572104,0.022756151,1.028817104,0.014203895,1.056941626,0.027682665,2.051911935,0.344673096,2.544252874,0.435706178,0.836633663,-0.088948787,0.91619607,-0.043734528,0.890645586,-0.057839721,0.950105411,-0.025585586,0.958865248,-0.020999276,0.942598187,-0.029548989,0.968365763,-0.01607132,1.87995365,0.305544379,2.331034483,0.399585921,0.939356436,-0.031269943,1.028687599,0.014140964,1.122781065,0.057839721,1.066760365,0.032301938,1.076595745,0.036885246,1.058331397,0.028339167,1.087262743,0.041807263,2.110776362,0.35707368,2.617241379,0.447092469,0.880569307,-0.063507733,0.964309916,-0.018169273,1.052514793,0.025585586,0.937417655,-0.032301938,1.009219858,0.004588775,0.992098536,-0.003966402,1.019219291,0.009518179,1.978679027,0.328561425,2.453448276,0.420868697,0.872524752,-0.068076669,0.955500339,-0.022756151,1.042899408,0.020999276,0.928853755,-0.036885246,0.990864371,-0.004588775,0.983035092,-0.008555022,1.009908082,0.004929619,1.960602549,0.32446184,2.431034483,0.417085427,0.887582508,-0.059556333,0.971990061,-0.014203895,1.060897436,0.029548989,0.944883619,-0.028339167,1.007964394,0.003966402,1.017257683,0.008555022,1.027336755,0.013484072,1.994438007,0.332095039,2.472988506,0.424127089,0.863964521,-0.072981796,0.946126045,-0.027682665,1.032667653,0.01607132,0.919740887,-0.041807263,0.981143125,-0.009518179,0.990189125,-0.004929619,0.973390658,-0.013484072,1.941367323,0.320044122,2.407183908,0.413004976,0.445028878,-0.384055385,0.48735035,-0.344673096,0.531928008,-0.305544379,0.473759332,-0.35707368,0.505387679,-0.328561425,0.510047281,-0.32446184,0.501394376,-0.332095039,0.515100871,-0.320044122,1.239942529,0.107119949,0.358910891,-0.471766849,0.393042693,-0.435706178,0.428994083,-0.399585921,0.382081686,-0.447092469,0.407589599,-0.420868697,0.411347518,-0.417085427,0.404369045,-0.424127089,0.415423183,-0.413004976,0.806488992,-0.107119949
140,107,98,87,108,145,61,97,55,53,1.53,1.126436782,0.059459459,0.907407407,-0.048543689,0.675862069,-0.193415638,1.606557377,0.232704403,1.010309278,0.005128205,1.781818182,0.281045752,1.849056604,0.298013245,0.7,-0.176470588,0.91588785,-0.043902439,0.887755102,-0.059459459,0.805555556,-0.107692308,0.6,-0.25,1.426229508,0.175675676,0.896907216,-0.054347826,1.581818182,0.225352113,1.641509434,0.242857143,0.621428571,-0.233480176,0.813084112,-0.103092784,1.102040816,0.048543689,1.24137931,0.107692308,0.744827586,-0.146245059,1.770491803,0.278106509,1.113402062,0.053658537,1.963636364,0.325153374,2.037735849,0.341614907,0.771428571,-0.129032258,1.009345794,0.004651163,1.479591837,0.193415638,1.666666667,0.25,1.342592593,0.146245059,2.37704918,0.40776699,1.494845361,0.198347107,2.636363636,0.45,2.735849057,0.464646465,1.035714286,0.01754386,1.355140187,0.150793651,0.62244898,-0.232704403,0.701149425,-0.175675676,0.564814815,-0.278106509,0.420689655,-0.40776699,0.628865979,-0.227848101,1.109090909,0.051724138,1.150943396,0.070175439,0.435714286,-0.393034826,0.570093458,-0.273809524,0.989795918,-0.005128205,1.114942529,0.054347826,0.898148148,-0.053658537,0.668965517,-0.198347107,1.590163934,0.227848101,1.763636364,0.276315789,1.830188679,0.293333333,0.692857143,-0.181434599,0.906542056,-0.049019608,0.56122449,-0.281045752,0.632183908,-0.225352113,0.509259259,-0.325153374,0.379310345,-0.45,0.901639344,-0.051724138,0.567010309,-0.276315789,1.037735849,0.018518519,0.392857143,-0.435897436,0.514018692,-0.320987654,0.540816327,-0.298013245,0.609195402,-0.242857143,0.490740741,-0.341614907,0.365517241,-0.464646465,0.868852459,-0.070175439,0.546391753,-0.293333333,0.963636364,-0.018518519,0.378571429,-0.450777202,0.495327103,-0.3375,1.428571429,0.176470588,1.609195402,0.233480176,1.296296296,0.129032258,0.965517241,-0.01754386,2.295081967,0.393034826,1.443298969,0.181434599,2.545454545,0.435897436,2.641509434,0.450777202,1.308411215,0.133603239,1.091836735,0.043902439,1.229885057,0.103092784,0.990740741,-0.004651163,0.737931034,-0.150793651,1.754098361,0.273809524,1.103092784,0.049019608,1.945454545,0.320987654,2.018867925,0.3375,0.764285714,-0.133603239
7681,6003,13184,12812,12560,13772,12783,12366,11586,11918,1.27,1.029035279,0.014309894,1.049681529,0.024238658,0.957304676,-0.021813325,1.031369788,0.015442677,1.066149119,0.032015656,1.137925082,0.064513524,1.106225877,0.050434228,1.716443171,0.26374311,2.196235216,0.374263824,0.971783981,-0.014309894,1.020063694,0.009932209,0.930293349,-0.036111947,1.002268638,0.001133034,1.036066634,0.017713877,1.105817366,0.05025002,1.075012586,0.036150425,1.668011978,0.250378178,2.1342662,0.361892107,0.952669903,-0.024238658,0.98033094,-0.009932209,0.911995353,-0.046027647,0.982554956,-0.008799274,1.015688177,0.007783038,1.084066977,0.040337944,1.053868099,0.026227633,1.63520375,0.241045403,2.09228719,0.353229543,1.044599515,0.021813325,1.074929753,0.036111947,1.096496815,0.046027647,1.07736838,0.037243457,1.113698852,0.053791415,1.188675988,0.086205537,1.155563014,0.072168159,1.792995704,0.283922994,2.29418624,0.392869785,0.969584345,-0.015442677,0.997736497,-0.001133034,1.017754777,0.008799274,0.928187627,-0.037243457,1.033721494,0.016581176,1.103314345,0.049119783,1.072579292,0.035018825,1.664236428,0.249315872,2.129435282,0.360907058,0.937955097,-0.032015656,0.965188885,-0.017713877,0.98455414,-0.007783038,0.8979088,-0.053791415,0.96737855,-0.016581176,1.067322631,0.03256513,1.0375902,0.018448361,1.609946622,0.233700803,2.059970015,0.346398824,0.878792476,-0.064513524,0.904308461,-0.05025002,0.922452229,-0.040337944,0.841272146,-0.086205537,0.906360009,-0.049119783,0.936923823,-0.03256513,0.972142977,-0.014125255,1.508397344,0.202678154,1.930034983,0.317414293,0.903974515,-0.050434228,0.930221667,-0.036150425,0.94888535,-0.026227633,0.86537903,-0.072168159,0.932332003,-0.035018825,0.963771632,-0.018448361,1.028655274,0.014125255,1.551620883,0.216184499,1.985340663,0.330059706,0.582600121,-0.26374311,0.599516079,-0.250378178,0.611544586,-0.241045403,0.557725821,-0.283922994,0.600876164,-0.249315872,0.621138606,-0.233700803,0.662955291,-0.202678154,0.64448733,-0.216184499,1.279526903,0.122624963,0.455324636,-0.374263824,0.468545114,-0.361892107,0.47794586,-0.353229543,0.435884403,-0.392869785,0.469608073,-0.360907058,0.485443959,-0.346398824,0.518125324,-0.317414293,0.503691895,-0.330059706,0.781538862,-0.122624963
96,81,148,165,148,113,45,53,62,48,1.69,0.896969697,-0.054313099,1,0,1.309734513,0.134099617,3.288888889,0.533678756,2.79245283,0.472636816,2.387096774,0.40952381,3.083333333,0.510204082,1.541666667,0.213114754,1.827160494,0.292576419,1.114864865,0.054313099,1.114864865,0.054313099,1.460176991,0.18705036,3.666666667,0.571428571,3.113207547,0.513761468,2.661290323,0.453744493,3.4375,0.549295775,1.71875,0.264367816,2.037037037,0.341463415,1,0,0.896969697,-0.054313099,1.309734513,0.134099617,3.288888889,0.533678756,2.79245283,0.472636816,2.387096774,0.40952381,3.083333333,0.510204082,1.541666667,0.213114754,1.827160494,0.292576419,0.763513514,-0.134099617,0.684848485,-0.18705036,0.763513514,-0.134099617,2.511111111,0.430379747,2.132075472,0.361445783,1.822580645,0.291428571,2.354166667,0.403726708,1.177083333,0.081339713,1.395061728,0.164948454,0.304054054,-0.533678756,0.272727273,-0.571428571,0.304054054,-0.533678756,0.398230088,-0.430379747,0.849056604,-0.081632653,0.725806452,-0.158878505,0.9375,-0.032258065,0.46875,-0.361702128,0.555555556,-0.285714286,0.358108108,-0.472636816,0.321212121,-0.513761468,0.358108108,-0.472636816,0.469026549,-0.361445783,1.177777778,0.081632653,0.85483871,-0.07826087,1.104166667,0.04950495,0.552083333,-0.288590604,0.654320988,-0.208955224,0.418918919,-0.40952381,0.375757576,-0.453744493,0.418918919,-0.40952381,0.548672566,-0.291428571,1.377777778,0.158878505,1.169811321,0.07826087,1.291666667,0.127272727,0.645833333,-0.215189873,0.765432099,-0.132867133,0.324324324,-0.510204082,0.290909091,-0.549295775,0.324324324,-0.510204082,0.424778761,-0.403726708,1.066666667,0.032258065,0.905660377,-0.04950495,0.774193548,-0.127272727,0.5,-0.333333333,0.592592593,-0.255813953,0.648648649,-0.213114754,0.581818182,-0.264367816,0.648648649,-0.213114754,0.849557522,-0.081339713,2.133333333,0.361702128,1.811320755,0.288590604,1.548387097,0.215189873,2,0.333333333,1.185185185,0.084745763,0.547297297,-0.292576419,0.490909091,-0.341463415,0.547297297,-0.292576419,0.716814159,-0.164948454,1.8,0.285714286,1.528301887,0.208955224,1.306451613,0.132867133,1.6875,0.255813953,0.84375,-0.084745763
62,34,111,76,79,95,45,48,23,34,1.3,1.460526316,0.187165775,1.405063291,0.168421053,1.168421053,0.077669903,2.466666667,0.423076923,2.3125,0.396226415,4.826086957,0.656716418,3.264705882,0.531034483,1.790322581,0.283236994,3.264705882,0.531034483,0.684684685,-0.187165775,0.962025316,-0.019354839,0.8,-0.111111111,1.688888889,0.256198347,1.583333333,0.225806452,3.304347826,0.535353535,2.235294118,0.381818182,1.225806452,0.101449275,2.235294118,0.381818182,0.711711712,-0.168421053,1.039473684,0.019354839,0.831578947,-0.091954023,1.755555556,0.274193548,1.645833333,0.244094488,3.434782609,0.549019608,2.323529412,0.398230088,1.274193548,0.120567376,2.323529412,0.398230088,0.855855856,-0.077669903,1.25,0.111111111,1.202531646,0.091954023,2.111111111,0.357142857,1.979166667,0.328671329,4.130434783,0.610169492,2.794117647,0.472868217,1.532258065,0.210191083,2.794117647,0.472868217,0.405405405,-0.423076923,0.592105263,-0.256198347,0.569620253,-0.274193548,0.473684211,-0.357142857,0.9375,-0.032258065,1.956521739,0.323529412,1.323529412,0.139240506,0.725806452,-0.158878505,1.323529412,0.139240506,0.432432432,-0.396226415,0.631578947,-0.225806452,0.607594937,-0.244094488,0.505263158,-0.328671329,1.066666667,0.032258065,2.086956522,0.352112676,1.411764706,0.170731707,0.774193548,-0.127272727,1.411764706,0.170731707,0.207207207,-0.656716418,0.302631579,-0.535353535,0.291139241,-0.549019608,0.242105263,-0.610169492,0.511111111,-0.323529412,0.479166667,-0.352112676,0.676470588,-0.192982456,0.370967742,-0.458823529,0.676470588,-0.192982456,0.306306306,-0.531034483,0.447368421,-0.381818182,0.430379747,-0.398230088,0.357894737,-0.472868217,0.755555556,-0.139240506,0.708333333,-0.170731707,1.47826087,0.192982456,0.548387097,-0.291666667,1,0,0.558558559,-0.283236994,0.815789474,-0.101449275,0.784810127,-0.120567376,0.652631579,-0.210191083,1.377777778,0.158878505,1.291666667,0.127272727,2.695652174,0.458823529,1.823529412,0.291666667,1.823529412,0.291666667,0.306306306,-0.531034483,0.447368421,-0.381818182,0.430379747,-0.398230088,0.357894737,-0.472868217,0.755555556,-0.139240506,0.708333333,-0.170731707,1.47826087,0.192982456,1,0,0.548387097,-0.291666667
25,15,88,86,67,32,16,34,14,12,1.07,1.023255814,0.011494253,1.313432836,0.135483871,2.75,0.466666667,5.5,0.692307692,2.588235294,0.442622951,6.285714286,0.725490196,7.333333333,0.76,3.52,0.557522124,5.866666667,0.708737864,0.977272727,-0.011494253,1.28358209,0.124183007,2.6875,0.457627119,5.375,0.68627451,2.529411765,0.433333333,6.142857143,0.72,7.166666667,0.755102041,3.44,0.54954955,5.733333333,0.702970297,0.761363636,-0.135483871,0.779069767,-0.124183007,2.09375,0.353535354,4.1875,0.614457831,1.970588235,0.326732673,4.785714286,0.654320988,5.583333333,0.696202532,2.68,0.456521739,4.466666667,0.634146341,0.363636364,-0.466666667,0.372093023,-0.457627119,0.47761194,-0.353535354,2,0.333333333,0.941176471,-0.03030303,2.285714286,0.391304348,2.666666667,0.454545455,1.28,0.122807018,2.133333333,0.361702128,0.181818182,-0.692307692,0.186046512,-0.68627451,0.23880597,-0.614457831,0.5,-0.333333333,0.470588235,-0.36,1.142857143,0.066666667,1.333333333,0.142857143,0.64,-0.219512195,1.066666667,0.032258065,0.386363636,-0.442622951,0.395348837,-0.433333333,0.507462687,-0.326732673,1.0625,0.03030303,2.125,0.36,2.428571429,0.416666667,2.833333333,0.47826087,1.36,0.152542373,2.266666667,0.387755102,0.159090909,-0.725490196,0.162790698,-0.72,0.208955224,-0.654320988,0.4375,-0.391304348,0.875,-0.066666667,0.411764706,-0.416666667,1.166666667,0.076923077,0.56,-0.282051282,0.933333333,-0.034482759,0.136363636,-0.76,0.139534884,-0.755102041,0.179104478,-0.696202532,0.375,-0.454545455,0.75,-0.142857143,0.352941176,-0.47826087,0.857142857,-0.076923077,0.48,-0.351351351,0.8,-0.111111111,0.284090909,-0.557522124,0.290697674,-0.54954955,0.373134328,-0.456521739,0.78125,-0.122807018,1.5625,0.219512195,0.735294118,-0.152542373,1.785714286,0.282051282,2.083333333,0.351351351,1.666666667,0.25,0.170454545,-0.708737864,0.174418605,-0.702970297,0.223880597,-0.634146341,0.46875,-0.361702128,0.9375,-0.032258065,0.441176471,-0.387755102,1.071428571,0.034482759,1.25,0.111111111,0.6,-0.25
82,71,64,179,120,84,8,21,18,12,2.02,0.357541899,-0.473251029,0.533333333,-0.304347826,0.761904762,-0.135135135,8,0.777777778,3.047619048,0.505882353,3.555555556,0.56097561,5.333333333,0.684210526,0.780487805,-0.123287671,0.901408451,-0.051851852,2.796875,0.473251029,1.491666667,0.197324415,2.130952381,0.36121673,22.375,0.914438503,8.523809524,0.79,9.944444444,0.817258883,14.91666667,0.87434555,2.182926829,0.37164751,2.521126761,0.432,1.875,0.304347826,0.670391061,-0.197324415,1.428571429,0.176470588,15,0.875,5.714285714,0.70212766,6.666666667,0.739130435,10,0.818181818,1.463414634,0.188118812,1.690140845,0.256544503,1.3125,0.135135135,0.469273743,-0.36121673,0.7,-0.176470588,10.5,0.826086957,4,0.6,4.666666667,0.647058824,7,0.75,1.024390244,0.012048193,1.183098592,0.083870968,0.125,-0.777777778,0.044692737,-0.914438503,0.066666667,-0.875,0.095238095,-0.826086957,0.380952381,-0.448275862,0.444444444,-0.384615385,0.666666667,-0.2,0.097560976,-0.822222222,0.112676056,-0.797468354,0.328125,-0.505882353,0.117318436,-0.79,0.175,-0.70212766,0.25,-0.6,2.625,0.448275862,1.166666667,0.076923077,1.75,0.272727273,0.256097561,-0.59223301,0.295774648,-0.543478261,0.28125,-0.56097561,0.100558659,-0.817258883,0.15,-0.739130435,0.214285714,-0.647058824,2.25,0.384615385,0.857142857,-0.076923077,1.5,0.2,0.219512195,-0.64,0.253521127,-0.595505618,0.1875,-0.684210526,0.067039106,-0.87434555,0.1,-0.818181818,0.142857143,-0.75,1.5,0.2,0.571428571,-0.272727273,0.666666667,-0.2,0.146341463,-0.744680851,0.169014085,-0.710843373,1.28125,0.123287671,0.458100559,-0.37164751,0.683333333,-0.188118812,0.976190476,-0.012048193,10.25,0.822222222,3.904761905,0.59223301,4.555555556,0.64,6.833333333,0.744680851,1.154929577,0.071895425,1.109375,0.051851852,0.396648045,-0.432,0.591666667,-0.256544503,0.845238095,-0.083870968,8.875,0.797468354,3.380952381,0.543478261,3.944444444,0.595505618,5.916666667,0.710843373,0.865853659,-0.071895425
331,305,513,598,447,380,279,301,285,258,1.48,0.857859532,-0.076507651,1.147651007,0.06875,1.35,0.14893617,1.838709677,0.295454545,1.704318937,0.26044226,1.8,0.285714286,1.988372093,0.3307393,1.549848943,0.21563981,1.681967213,0.254278729,1.165692008,0.076507651,1.337807606,0.144497608,1.573684211,0.222903885,2.143369176,0.363740023,1.986710963,0.330367075,2.098245614,0.354473386,2.317829457,0.397196262,1.806646526,0.287405813,1.960655738,0.324473976,0.871345029,-0.06875,0.747491639,-0.144497608,1.176315789,0.081015719,1.602150538,0.231404959,1.485049834,0.195187166,1.568421053,0.221311475,1.73255814,0.268085106,1.350453172,0.149100257,1.46557377,0.188829787,0.740740741,-0.14893617,0.635451505,-0.222903885,0.850111857,-0.081015719,1.362007168,0.153262519,1.262458472,0.116005874,1.333333333,0.142857143,1.472868217,0.191222571,1.148036254,0.068917018,1.245901639,0.109489051,0.543859649,-0.295454545,0.466555184,-0.363740023,0.624161074,-0.231404959,0.734210526,-0.153262519,0.926910299,-0.037931034,0.978947368,-0.010638298,1.081395349,0.039106145,0.842900302,-0.085245902,0.914754098,-0.044520548,0.586744639,-0.26044226,0.503344482,-0.330367075,0.673378076,-0.195187166,0.792105263,-0.116005874,1.078853047,0.037931034,1.056140351,0.027303754,1.166666667,0.076923077,0.909365559,-0.047468354,0.986885246,-0.00660066,0.555555556,-0.285714286,0.476588629,-0.354473386,0.637583893,-0.221311475,0.75,-0.142857143,1.021505376,0.010638298,0.946843854,-0.027303754,1.104651163,0.049723757,0.86102719,-0.074675325,0.93442623,-0.033898305,0.502923977,-0.3307393,0.431438127,-0.397196262,0.577181208,-0.268085106,0.678947368,-0.191222571,0.924731183,-0.039106145,0.857142857,-0.076923077,0.905263158,-0.049723757,0.779456193,-0.123938879,0.845901639,-0.08348135,0.645224172,-0.21563981,0.553511706,-0.287405813,0.74049217,-0.149100257,0.871052632,-0.068917018,1.186379928,0.085245902,1.099667774,0.047468354,1.161403509,0.074675325,1.282945736,0.123938879,1.085245902,0.040880503,0.59454191,-0.254278729,0.510033445,-0.324473976,0.682326622,-0.188829787,0.802631579,-0.109489051,1.093189964,0.044520548,1.013289037,0.00660066,1.070175439,0.033898305,1.182170543,0.08348135,0.921450151,-0.040880503
1218,877,1987,1629,1243,1278,1070,1062,1937,1050,1.51,1.219766728,0.099004425,1.598551891,0.230340557,1.554773083,0.217151608,1.857009346,0.299967288,1.870998117,0.303378157,1.025813113,0.0127421,1.892380952,0.308528153,1.63136289,0.239937598,2.265678449,0.387569832,0.819828888,-0.099004425,1.310539019,0.134401114,1.274647887,0.120743034,1.522429907,0.207113746,1.533898305,0.210702341,0.840991224,-0.086371284,1.551428571,0.21612542,1.337438424,0.144362487,1.857468643,0.300079808,0.62556618,-0.230340557,0.763044813,-0.134401114,0.972613459,-0.01388338,1.161682243,0.074794639,1.170433145,0.078524946,0.641713991,-0.218238994,1.183809524,0.084169211,1.020525452,0.010158472,1.417331813,0.172641509,0.643180674,-0.217151608,0.784530387,-0.120743034,1.028157683,0.01388338,1.194392523,0.088586031,1.203389831,0.092307692,0.65978317,-0.204976672,1.217142857,0.097938144,1.049261084,0.024038462,1.457240593,0.186078886,0.538500252,-0.299967288,0.65684469,-0.207113746,0.860820595,-0.074794639,0.837245696,-0.088586031,1.007532957,0.003752345,0.55240062,-0.288327236,1.019047619,0.009433962,0.878489327,-0.064685315,1.220068415,0.099126862,0.534474082,-0.303378157,0.651933702,-0.210702341,0.854384553,-0.078524946,0.830985915,-0.092307692,0.992523364,-0.003752345,0.548270521,-0.291763921,1.011428571,0.005681818,0.871921182,-0.068421053,1.210946408,0.095410005,0.974836437,-0.0127421,1.189073051,0.086371284,1.558326629,0.218238994,1.515649452,0.204976672,1.810280374,0.288327236,1.823917137,0.291763921,1.844761905,0.296953465,1.590311987,0.227892235,2.208665906,0.376687989,0.528434826,-0.308528153,0.644567219,-0.21612542,0.844730491,-0.084169211,0.821596244,-0.097938144,0.981308411,-0.009433962,0.988700565,-0.005681818,0.542075374,-0.296953465,0.862068966,-0.074074074,1.197263398,0.089776855,0.612984399,-0.239937598,0.747697974,-0.144362487,0.979887369,-0.010158472,0.953051643,-0.024038462,1.138317757,0.064685315,1.146892655,0.068421053,0.628807434,-0.227892235,1.16,0.074074074,1.388825542,0.162768496,0.441368898,-0.387569832,0.538367096,-0.300079808,0.705551086,-0.172641509,0.686228482,-0.186078886,0.819626168,-0.099126862,0.825800377,-0.095410005,0.452762003,-0.376687989,0.835238095,-0.089776855,0.720032841,-0.162768496
1121,978,1391,1508,1352,1344,1161,1127,1104,1098,1.73,0.922413793,-0.040358744,1.028846154,0.014218009,1.034970238,0.017184644,1.198105082,0.090125392,1.234250222,0.104845115,1.259963768,0.11503006,1.266848816,0.117717959,1.240856378,0.107484076,1.422290389,0.174335163,1.08411215,0.040358744,1.115384615,0.054545455,1.12202381,0.057503506,1.298880276,0.13001124,1.338065661,0.14459203,1.365942029,0.15467075,1.373406193,0.15732924,1.345227475,0.14720426,1.54192229,0.213193886,0.971962617,-0.014218009,0.896551724,-0.054545455,1.005952381,0.002967359,1.164513351,0.076004775,1.199645075,0.090762404,1.224637681,0.100977199,1.23132969,0.103673469,1.206066012,0.093408815,1.382413088,0.160515021,0.966211359,-0.017184644,0.891246684,-0.057503506,0.99408284,-0.002967359,1.157622739,0.073053892,1.192546584,0.087818697,1.217391304,0.098039216,1.224043716,0.100737101,1.198929527,0.090466531,1.374233129,0.157622739,0.83465133,-0.090125392,0.769893899,-0.13001124,0.858727811,-0.076004775,0.863839286,-0.073053892,1.030168589,0.01486014,1.051630435,0.025165563,1.057377049,0.027888446,1.035682426,0.017528484,1.187116564,0.085553997,0.810208483,-0.104845115,0.74734748,-0.14459203,0.833579882,-0.090762404,0.838541667,-0.087818697,0.970714901,-0.01486014,1.020833333,0.010309278,1.026411658,0.013033708,1.005352364,0.002669039,1.152351738,0.070783848,0.793673616,-0.11503006,0.732095491,-0.15467075,0.816568047,-0.100977199,0.821428571,-0.098039216,0.950904393,-0.025165563,0.979591837,-0.010309278,1.005464481,0.002724796,0.984834969,-0.007640449,1.128834356,0.060518732,0.789360173,-0.117717959,0.728116711,-0.15732924,0.812130178,-0.103673469,0.816964286,-0.100737101,0.945736434,-0.027888446,0.974267968,-0.013033708,0.994565217,-0.002724796,0.979482605,-0.010365029,1.122699387,0.057803468,0.80589504,-0.107484076,0.7433687,-0.14720426,0.829142012,-0.093408815,0.834077381,-0.090466531,0.965546942,-0.017528484,0.994676131,-0.002669039,1.015398551,0.007640449,1.020947177,0.010365029,1.146216769,0.06812768,0.703091301,-0.174335163,0.648541114,-0.213193886,0.723372781,-0.160515021,0.727678571,-0.157622739,0.842377261,-0.085553997,0.867790594,-0.070783848,0.885869565,-0.060518732,0.890710383,-0.057803468,0.872435326,-0.06812768
1008,902,1216,1282,1152,1149,987,971,991,977,2.67,0.948517941,-0.026421137,1.055555556,0.027027027,1.058311575,0.02832981,1.232016211,0.10394916,1.252317199,0.112025606,1.227043391,0.101948346,1.244626407,0.108983128,1.206349206,0.09352518,1.348115299,0.148253069,1.054276316,0.026421137,1.112847222,0.053410025,1.115752829,0.054709996,1.298885512,0.130013222,1.320288363,0.138038171,1.293642785,0.128024637,1.312180143,0.135015494,1.271825397,0.119650655,1.421286031,0.173992674,0.947368421,-0.027027027,0.898595944,-0.053410025,1.002610966,0.001303781,1.167173252,0.07713885,1.186405767,0.085256712,1.162462159,0.075128325,1.179119754,0.082198215,1.142857143,0.066666667,1.277161863,0.121713729,0.944901316,-0.02832981,0.89625585,-0.054709996,0.997395833,-0.001303781,1.164133739,0.075842697,1.183316169,0.083962264,1.159434914,0.073831776,1.17604913,0.080903104,1.139880952,0.065368567,1.27383592,0.120429059,0.811677632,-0.10394916,0.769890796,-0.130013222,0.856770833,-0.07713885,0.859007833,-0.075842697,1.016477858,0.008171604,0.995963673,-0.002022245,1.010235415,0.00509165,0.979166667,-0.010526316,1.094235033,0.044997353,0.798519737,-0.112025606,0.757410296,-0.138038171,0.842881944,-0.085256712,0.845082681,-0.083962264,0.98378926,-0.008171604,0.979818365,-0.01019368,0.993858751,-0.003080082,0.963293651,-0.018696311,1.076496674,0.036839295,0.814967105,-0.101948346,0.77301092,-0.128024637,0.860243056,-0.075128325,0.862489121,-0.073831776,1.004052685,0.002022245,1.020597322,0.01019368,1.01432958,0.007113821,0.983134921,-0.008504252,1.098669623,0.04701532,0.803453947,-0.108983128,0.762090484,-0.135015494,0.848090278,-0.082198215,0.850304613,-0.080903104,0.989868288,-0.00509165,1.006179197,0.003080082,0.985872856,-0.007113821,0.969246032,-0.015617128,1.083148559,0.039914848,0.828947368,-0.09352518,0.786271451,-0.119650655,0.875,-0.066666667,0.877284595,-0.065368567,1.021276596,0.010526316,1.038105046,0.018696311,1.01715439,0.008504252,1.031729785,0.015617128,1.11751663,0.055497382,0.741776316,-0.148253069,0.703588144,-0.173992674,0.782986111,-0.121713729,0.785030461,-0.120429059,0.913880446,-0.044997353,0.928939238,-0.036839295,0.910191726,-0.04701532,0.923234391,-0.039914848,0.89484127,-0.055497382
939,844,1063,1232,1059,1083,947,937,939,897,2.91,0.862824675,-0.073638344,1.003777148,0.001885014,0.981532779,-0.009319664,1.12249208,0.057711443,1.134471718,0.063,1.132055378,0.061938062,1.185061315,0.084693878,1.132055378,0.061938062,1.259478673,0.114840063,1.158984008,0.073638344,1.163361662,0.075512876,1.137580794,0.064362851,1.30095037,0.130793942,1.314834578,0.136007377,1.312034079,0.134960848,1.373467113,0.157350869,1.312034079,0.134960848,1.45971564,0.186897881,0.996237065,-0.001885014,0.859577922,-0.075512876,0.977839335,-0.011204482,1.118268215,0.055832502,1.130202775,0.061122244,1.127795527,0.06006006,1.180602007,0.082822086,1.127795527,0.06006006,1.254739336,0.112979506,1.018814675,0.009319664,0.879058442,-0.064362851,1.02266289,0.011204482,1.143611404,0.066995074,1.155816435,0.072277228,1.153354633,0.071216617,1.20735786,0.093939394,1.153354633,0.071216617,1.283175355,0.124026985,0.890874882,-0.057711443,0.768668831,-0.130793942,0.894239849,-0.055832502,0.874422899,-0.066995074,1.010672359,0.005307856,1.008519702,0.004241782,1.05574136,0.027114967,1.008519702,0.004241782,1.122037915,0.057509771,0.881467545,-0.063,0.760551948,-0.136007377,0.884796978,-0.061122244,0.865189289,-0.072277228,0.989440338,-0.005307856,0.997870075,-0.001066098,1.044593088,0.021810251,0.997870075,-0.001066098,1.110189573,0.052217855,0.883349012,-0.061938062,0.762175325,-0.134960848,0.886685552,-0.06006006,0.867036011,-0.071216617,0.99155227,-0.004241782,1.002134472,0.001066098,1.046822742,0.022875817,1,0,1.112559242,0.053280987,0.843838194,-0.084693878,0.728084416,-0.157350869,0.847025496,-0.082822086,0.828254848,-0.093939394,0.94720169,-0.027114967,0.957310566,-0.021810251,0.955271565,-0.022875817,0.955271565,-0.022875817,1.062796209,0.030442275,0.883349012,-0.061938062,0.762175325,-0.134960848,0.886685552,-0.06006006,0.867036011,-0.071216617,0.99155227,-0.004241782,1.002134472,0.001066098,1,0,1.046822742,0.022875817,1.112559242,0.053280987,0.793979304,-0.114840063,0.685064935,-0.186897881,0.796978281,-0.112979506,0.779316713,-0.124026985,0.89123548,-0.057509771,0.900747065,-0.052217855,0.898828541,-0.053280987,0.940914158,-0.030442275,0.898828541,-0.053280987
468,424,643,690,541,561,366,405,360,404,2.41,0.931884058,-0.035258815,1.188539741,0.086148649,1.146167558,0.068106312,1.756830601,0.274529237,1.587654321,0.227099237,1.786111111,0.282153539,1.591584158,0.228271251,1.373931624,0.157515752,1.516509434,0.20524836,1.073094868,0.035258815,1.275415896,0.121039805,1.229946524,0.103117506,1.885245902,0.306818182,1.703703704,0.260273973,1.916666667,0.314285714,1.707920792,0.26142596,1.474358974,0.191709845,1.627358491,0.238779174,0.841368585,-0.086148649,0.784057971,-0.121039805,0.964349376,-0.01814882,1.478142077,0.192943771,1.335802469,0.143763214,1.502777778,0.200887902,1.339108911,0.144973545,1.155982906,0.07234886,1.275943396,0.121243523,0.872472784,-0.068106312,0.813043478,-0.103117506,1.036968577,0.01814882,1.532786885,0.210355987,1.385185185,0.161490683,1.558333333,0.218241042,1.388613861,0.162694301,1.198717949,0.090379009,1.323113208,0.139086294,0.569206843,-0.274529237,0.530434783,-0.306818182,0.676524954,-0.192943771,0.652406417,-0.210355987,0.903703704,-0.050583658,1.016666667,0.008264463,0.905940594,-0.049350649,0.782051282,-0.122302158,0.863207547,-0.073417722,0.629860031,-0.227099237,0.586956522,-0.260273973,0.748613678,-0.143763214,0.721925134,-0.161490683,1.106557377,0.050583658,1.125,0.058823529,1.002475248,0.001236094,0.865384615,-0.072164948,0.955188679,-0.02291918,0.559875583,-0.282153539,0.52173913,-0.314285714,0.665434381,-0.200887902,0.64171123,-0.218241042,0.983606557,-0.008264463,0.888888889,-0.058823529,0.891089109,-0.057591623,0.769230769,-0.130434783,0.849056604,-0.081632653,0.628304821,-0.228271251,0.585507246,-0.26142596,0.74676525,-0.144973545,0.720142602,-0.162694301,1.103825137,0.049350649,0.997530864,-0.001236094,1.122222222,0.057591623,0.863247863,-0.073394495,0.952830189,-0.024154589,0.727838258,-0.157515752,0.67826087,-0.191709845,0.865064695,-0.07234886,0.834224599,-0.090379009,1.278688525,0.122302158,1.155555556,0.072164948,1.3,0.130434783,1.158415842,0.073394495,1.103773585,0.049327354,0.65940902,-0.20524836,0.614492754,-0.238779174,0.783733826,-0.121243523,0.755793226,-0.139086294,1.158469945,0.073417722,1.04691358,0.02291918,1.177777778,0.081632653,1.04950495,0.024154589,0.905982906,-0.049327354
717,669,708,759,734,719,566,594,599,565,1.73,0.932806324,-0.034764826,0.964577657,-0.018030513,0.984700974,-0.007708479,1.250883392,0.111459969,1.191919192,0.087557604,1.18196995,0.083397093,1.253097345,0.112333071,0.987447699,-0.006315789,1.058295964,0.02832244,1.072033898,0.034764826,1.034059946,0.016744809,1.055632823,0.027063599,1.340989399,0.145660377,1.277777778,0.12195122,1.267111853,0.117820324,1.343362832,0.14652568,1.058577406,0.028455285,1.134529148,0.06302521,1.036723164,0.018030513,0.967061924,-0.016744809,1.020862309,0.010323469,1.296819788,0.129230769,1.235690236,0.105421687,1.225375626,0.101275319,1.299115044,0.130100077,1.023709902,0.011716058,1.09715994,0.046329294,1.015536723,0.007708479,0.947299078,-0.027063599,0.979564033,-0.010323469,1.270318021,0.119066148,1.21043771,0.095201828,1.20033389,0.091047041,1.272566372,0.119937695,1.0027894,0.001392758,1.074738416,0.036023055,0.799435028,-0.111459969,0.74571805,-0.145660377,0.771117166,-0.129230769,0.787204451,-0.119066148,0.952861953,-0.024137931,0.94490818,-0.02832618,1.001769912,0.000884173,0.789400279,-0.117692907,0.846038864,-0.08340081,0.838983051,-0.087557604,0.782608696,-0.12195122,0.809264305,-0.105421687,0.826147427,-0.095201828,1.049469965,0.024137931,0.991652755,-0.004191115,1.051327434,0.02502157,0.828451883,-0.09382151,0.887892377,-0.059382423,0.846045198,-0.083397093,0.789196311,-0.117820324,0.816076294,-0.101275319,0.83310153,-0.091047041,1.058303887,0.02832618,1.008417508,0.004191115,1.060176991,0.029209622,0.835425384,-0.089665653,0.895366218,-0.055205047,0.798022599,-0.112333071,0.744400527,-0.14652568,0.769754768,-0.130100077,0.78581363,-0.119937695,0.998233216,-0.000884173,0.951178451,-0.02502157,0.943238731,-0.029209622,0.788005579,-0.118564743,0.844544096,-0.084278768,1.012711864,0.006315789,0.944664032,-0.028455285,0.976839237,-0.011716058,0.997218359,-0.001392758,1.266784452,0.117692907,1.207070707,0.09382151,1.196994992,0.089665653,1.269026549,0.118564743,1.071748879,0.034632035,0.944915254,-0.02832244,0.881422925,-0.06302521,0.911444142,-0.046329294,0.930458971,-0.036023055,1.181978799,0.08340081,1.126262626,0.059382423,1.116861436,0.055205047,1.184070796,0.084278768,0.933054393,-0.034632035
1232,1141,1401,1489,1400,1467,1248,1281,1116,1224,1.23,0.940899933,-0.030449827,1.000714286,0.000357015,0.955010225,-0.023012552,1.122596154,0.057757644,1.093676815,0.044742729,1.255376344,0.113230036,1.144607843,0.067428571,1.137175325,0.06418534,1.227870289,0.102281668,1.062812277,0.030449827,1.063571429,0.030806507,1.014996592,0.00744249,1.193108974,0.088052612,1.162373146,0.075090253,1.334229391,0.14318618,1.216503268,0.097677847,1.208603896,0.09445057,1.304995618,0.132319392,0.999286224,-0.000357015,0.940228341,-0.030806507,0.954328562,-0.023369376,1.121794872,0.057401813,1.092896175,0.044386423,1.254480287,0.112877583,1.14379085,0.067073171,1.136363636,0.063829787,1.226993865,0.101928375,1.047109208,0.023012552,0.985224983,-0.00744249,1.047857143,0.023369376,1.175480769,0.080662983,1.145199063,0.06768559,1.314516129,0.135888502,1.198529412,0.090301003,1.190746753,0.087069285,1.285714286,0.125,0.890792291,-0.057757644,0.838146407,-0.088052612,0.891428571,-0.057401813,0.850715746,-0.080662983,0.974238876,-0.013048636,1.11827957,0.055837563,1.019607843,0.009708738,1.012987013,0.006451613,1.093777388,0.044788614,0.914346895,-0.044742729,0.860308932,-0.075090253,0.915,-0.044386423,0.873210634,-0.06768559,1.026442308,0.013048636,1.147849462,0.068836045,1.046568627,0.022754491,1.039772727,0.019498607,1.122699387,0.057803468,0.796573876,-0.113230036,0.749496306,-0.14318618,0.797142857,-0.112877583,0.760736196,-0.135888502,0.894230769,-0.055837563,0.871194379,-0.068836045,0.911764706,-0.046153846,0.905844156,-0.049403748,0.978089395,-0.01107665,0.87366167,-0.067428571,0.822028207,-0.097677847,0.874285714,-0.067073171,0.834355828,-0.090301003,0.980769231,-0.009708738,0.955503513,-0.022754491,1.096774194,0.046153846,0.993506494,-0.003257329,1.072743208,0.035095137,0.879371877,-0.06418534,0.82740094,-0.09445057,0.88,-0.063829787,0.839809134,-0.087069285,0.987179487,-0.006451613,0.961748634,-0.019498607,1.103942652,0.049403748,1.006535948,0.003257329,1.079754601,0.038348083,0.814418273,-0.102281668,0.766286098,-0.132319392,0.815,-0.101928375,0.777777778,-0.125,0.914262821,-0.044788614,0.890710383,-0.057803468,1.022401434,0.01107665,0.932189542,-0.035095137,0.926136364,-0.038348083
453,401,553,625,550,548,437,427,383,432,1.99,0.8848,-0.061120543,1.005454545,0.002719855,1.009124088,0.004541326,1.265446224,0.117171717,1.295081967,0.128571429,1.44386423,0.181623932,1.280092593,0.12284264,1.220750552,0.099403579,1.379052369,0.15932914,1.130198915,0.061120543,1.136363636,0.063829787,1.140510949,0.065643649,1.43020595,0.177024482,1.463700234,0.188212928,1.631853786,0.240079365,1.446759259,0.182592242,1.379690949,0.159554731,1.558603491,0.218323587,0.994575045,-0.002719855,0.88,-0.063829787,1.003649635,0.001821494,1.258581236,0.114488349,1.288056206,0.125895599,1.436031332,0.178992497,1.273148148,0.120162933,1.214128035,0.09670987,1.371571072,0.156677182,0.990958409,-0.004541326,0.8768,-0.065643649,0.996363636,-0.001821494,1.254004577,0.112690355,1.283372365,0.124102564,1.430809399,0.177228786,1.268518519,0.118367347,1.209713024,0.094905095,1.366583541,0.154899895,0.790235081,-0.117171717,0.6992,-0.177024482,0.794545455,-0.114488349,0.797445255,-0.112690355,1.023419204,0.011574074,1.140992167,0.065853659,1.011574074,0.00575374,0.964679912,-0.017977528,1.089775561,0.042959427,0.772151899,-0.128571429,0.6832,-0.188212928,0.776363636,-0.125895599,0.77919708,-0.124102564,0.977116705,-0.011574074,1.114882507,0.054320988,0.988425926,-0.005820722,0.942604857,-0.029545455,1.064837905,0.031400966,0.692585895,-0.181623932,0.6128,-0.240079365,0.696363636,-0.178992497,0.698905109,-0.177228786,0.876430206,-0.065853659,0.896955504,-0.054320988,0.886574074,-0.060122699,0.845474614,-0.083732057,0.955112219,-0.022959184,0.78119349,-0.12284264,0.6912,-0.182592242,0.785454545,-0.120162933,0.788321168,-0.118367347,0.988558352,-0.00575374,1.011709602,0.005820722,1.127937337,0.060122699,0.953642384,-0.023728814,1.077306733,0.037214886,0.819168174,-0.099403579,0.7248,-0.159554731,0.823636364,-0.09670987,0.826642336,-0.094905095,1.036613272,0.017977528,1.06088993,0.029545455,1.182767624,0.083732057,1.048611111,0.023728814,1.12967581,0.06088993,0.725135624,-0.15932914,0.6416,-0.218323587,0.729090909,-0.156677182,0.731751825,-0.154899895,0.917620137,-0.042959427,0.93911007,-0.031400966,1.046997389,0.022959184,0.928240741,-0.037214886,0.885209713,-0.06088993
98,89,113,65,97,97,36,41,23,25,3.22,1.738461538,0.269662921,1.164948454,0.076190476,1.164948454,0.076190476,3.138888889,0.516778523,2.756097561,0.467532468,4.913043478,0.661764706,4.52,0.637681159,1.153061224,0.071090047,1.269662921,0.118811881,0.575221239,-0.269662921,0.670103093,-0.197530864,0.670103093,-0.197530864,1.805555556,0.287128713,1.585365854,0.226415094,2.826086957,0.477272727,2.6,0.444444444,0.663265306,-0.202453988,0.730337079,-0.155844156,0.85840708,-0.076190476,1.492307692,0.197530864,1,0,2.694444444,0.458646617,2.365853659,0.405797101,4.217391304,0.616666667,3.88,0.590163934,0.989795918,-0.005128205,1.08988764,0.043010753,0.85840708,-0.076190476,1.492307692,0.197530864,1,0,2.694444444,0.458646617,2.365853659,0.405797101,4.217391304,0.616666667,3.88,0.590163934,0.989795918,-0.005128205,1.08988764,0.043010753,0.318584071,-0.516778523,0.553846154,-0.287128713,0.371134021,-0.458646617,0.371134021,-0.458646617,0.87804878,-0.064935065,1.565217391,0.220338983,1.44,0.180327869,0.367346939,-0.462686567,0.404494382,-0.424,0.362831858,-0.467532468,0.630769231,-0.226415094,0.422680412,-0.405797101,0.422680412,-0.405797101,1.138888889,0.064935065,1.782608696,0.28125,1.64,0.242424242,0.418367347,-0.410071942,0.460674157,-0.369230769,0.203539823,-0.661764706,0.353846154,-0.477272727,0.237113402,-0.616666667,0.237113402,-0.616666667,0.638888889,-0.220338983,0.56097561,-0.28125,0.92,-0.041666667,0.234693878,-0.619834711,0.258426966,-0.589285714,0.221238938,-0.637681159,0.384615385,-0.444444444,0.257731959,-0.590163934,0.257731959,-0.590163934,0.694444444,-0.180327869,0.609756098,-0.242424242,1.086956522,0.041666667,0.255102041,-0.593495935,0.280898876,-0.561403509,0.867256637,-0.071090047,1.507692308,0.202453988,1.010309278,0.005128205,1.010309278,0.005128205,2.722222222,0.462686567,2.390243902,0.410071942,4.260869565,0.619834711,3.92,0.593495935,1.101123596,0.048128342,0.787610619,-0.118811881,1.369230769,0.155844156,0.917525773,-0.043010753,0.917525773,-0.043010753,2.472222222,0.424,2.170731707,0.369230769,3.869565217,0.589285714,3.56,0.561403509,0.908163265,-0.048128342
2696,2404,3659,3351,3081,3335,3367,3424,3282,3486,3.17,1.091912862,0.043937233,1.187601428,0.085756677,1.097151424,0.046325422,1.086724087,0.04155992,1.068633178,0.033178032,1.114868982,0.05431494,1.04962708,0.024212736,1.357195846,0.151534225,1.522046589,0.206993238,0.915823996,-0.043937233,1.087633885,0.041977612,1.004797601,0.00239306,0.995247995,-0.002381661,0.978679907,-0.010774908,1.021023766,0.010402533,0.961273666,-0.019745502,1.242952522,0.108318174,1.393926789,0.164552563,0.842033342,-0.085756677,0.919427037,-0.041977612,0.923838081,-0.039588529,0.915057915,-0.044354839,0.899824766,-0.05272867,0.938756856,-0.031588873,0.883820998,-0.061671996,1.142804154,0.066643587,1.281613977,0.12342753,0.911451216,-0.046325422,0.995225306,-0.00239306,1.082440766,0.039588529,0.99049599,-0.004774694,0.974007009,-0.013167628,1.01614869,0.008009672,0.956683878,-0.022137516,1.237017804,0.105952578,1.387271215,0.162223384,0.920196775,-0.04155992,1.004774694,0.002381661,1.092827004,0.044354839,1.009595202,0.004774694,0.983352804,-0.008393462,1.025898842,0.012783877,0.965863454,-0.017364658,1.24888724,0.110671285,1.400582363,0.166868827,0.935774802,-0.033178032,1.021784542,0.010774908,1.111327491,0.05272867,1.026686657,0.013167628,1.016929017,0.008393462,1.043266301,0.021175067,0.982214573,-0.008972504,1.270029674,0.118954248,1.424292845,0.175017159,0.896966384,-0.05431494,0.979409132,-0.010402533,1.065238559,0.031588873,0.984107946,-0.008009672,0.974754975,-0.012783877,0.958528037,-0.021175067,0.941480207,-0.030141844,1.21735905,0.098026096,1.365224626,0.154414351,0.952719322,-0.024212736,1.040286482,0.019745502,1.131450828,0.061671996,1.045277361,0.022137516,1.035343035,0.017364658,1.018107477,0.008972504,1.062157221,0.030141844,1.293026706,0.127790359,1.450083195,0.183701188,0.736813337,-0.151534225,0.804535959,-0.108318174,0.875040571,-0.066643587,0.808395802,-0.105952578,0.800712801,-0.110671285,0.787383178,-0.118954248,0.821450335,-0.098026096,0.773379231,-0.127790359,1.121464226,0.057254902,0.657010112,-0.206993238,0.717397792,-0.164552563,0.780266147,-0.12342753,0.72083958,-0.162223384,0.713988714,-0.166868827,0.702102804,-0.175017159,0.732480195,-0.154414351,0.689615605,-0.183701188,0.891691395,-0.057254902
233,193,214,218,247,237,143,194,169,138,2.93,0.981651376,-0.009259259,0.866396761,-0.071583514,0.902953586,-0.050997783,1.496503497,0.198879552,1.103092784,0.049019608,1.266272189,0.117493473,1.550724638,0.215909091,0.918454936,-0.042505593,1.10880829,0.051597052,1.018691589,0.009259259,0.882591093,-0.062365591,0.919831224,-0.041758242,1.524475524,0.207756233,1.12371134,0.058252427,1.289940828,0.126614987,1.579710145,0.224719101,0.935622318,-0.033259424,1.129533679,0.060827251,1.154205607,0.071583514,1.133027523,0.062365591,1.042194093,0.020661157,1.727272727,0.266666667,1.273195876,0.120181406,1.461538462,0.1875,1.789855072,0.283116883,1.060085837,0.029166667,1.279792746,0.122727273,1.107476636,0.050997783,1.087155963,0.041758242,0.95951417,-0.020661157,1.657342657,0.247368421,1.221649485,0.099767981,1.402366864,0.167487685,1.717391304,0.264,1.017167382,0.008510638,1.227979275,0.102325581,0.668224299,-0.198879552,0.655963303,-0.207756233,0.578947368,-0.266666667,0.603375527,-0.247368421,0.737113402,-0.151335312,0.846153846,-0.083333333,1.036231884,0.017793594,0.613733906,-0.239361702,0.740932642,-0.148809524,0.906542056,-0.049019608,0.889908257,-0.058252427,0.785425101,-0.120181406,0.818565401,-0.099767981,1.356643357,0.151335312,1.147928994,0.068870523,1.405797101,0.168674699,0.832618026,-0.091334895,1.005181347,0.002583979,0.789719626,-0.117493473,0.775229358,-0.126614987,0.684210526,-0.1875,0.713080169,-0.167487685,1.181818182,0.083333333,0.871134021,-0.068870523,1.224637681,0.100977199,0.725321888,-0.15920398,0.875647668,-0.066298343,0.644859813,-0.215909091,0.633027523,-0.224719101,0.558704453,-0.283116883,0.582278481,-0.264,0.965034965,-0.017793594,0.711340206,-0.168674699,0.816568047,-0.100977199,0.592274678,-0.25606469,0.715025907,-0.166163142,1.088785047,0.042505593,1.068807339,0.033259424,0.943319838,-0.029166667,0.983122363,-0.008510638,1.629370629,0.239361702,1.201030928,0.091334895,1.378698225,0.15920398,1.688405797,0.25606469,1.207253886,0.093896714,0.901869159,-0.051597052,0.885321101,-0.060827251,0.781376518,-0.122727273,0.814345992,-0.102325581,1.34965035,0.148809524,0.994845361,-0.002583979,1.142011834,0.066298343,1.398550725,0.166163142,0.82832618,-0.093896714
291,182,731,524,364,315,207,166,635,153,3.32,1.395038168,0.164940239,2.008241758,0.335159817,2.320634921,0.397705545,3.531400966,0.558635394,4.403614458,0.629877369,1.151181102,0.070278184,4.777777778,0.653846154,2.512027491,0.430528376,4.016483516,0.601314348,0.716826265,-0.164940239,1.43956044,0.18018018,1.663492063,0.249106079,2.531400966,0.433652531,3.156626506,0.51884058,0.82519685,-0.095772217,3.424836601,0.548005908,1.800687285,0.285889571,2.879120879,0.484419263,0.497948016,-0.335159817,0.694656489,-0.18018018,1.155555556,0.072164948,1.758454106,0.274956217,2.192771084,0.373584906,0.573228346,-0.271271271,2.379084967,0.408123791,1.250859107,0.111450382,2,0.333333333,0.430916553,-0.397705545,0.601145038,-0.249106079,0.865384615,-0.072164948,1.52173913,0.206896552,1.897590361,0.30977131,0.496062992,-0.336842105,2.058823529,0.346153846,1.082474227,0.03960396,1.730769231,0.267605634,0.283173735,-0.558635394,0.395038168,-0.433652531,0.568681319,-0.274956217,0.657142857,-0.206896552,1.246987952,0.109919571,0.325984252,-0.508313539,1.352941176,0.15,0.711340206,-0.168674699,1.137362637,0.064267352,0.227086183,-0.629877369,0.316793893,-0.51884058,0.456043956,-0.373584906,0.526984127,-0.30977131,0.801932367,-0.109919571,0.261417323,-0.585518102,1.08496732,0.040752351,0.570446735,-0.273522976,0.912087912,-0.045977011,0.868673051,-0.070278184,1.211832061,0.095772217,1.744505495,0.271271271,2.015873016,0.336842105,3.06763285,0.508313539,3.825301205,0.585518102,4.150326797,0.611675127,2.182130584,0.371490281,3.489010989,0.554467564,0.209302326,-0.653846154,0.291984733,-0.548005908,0.42032967,-0.408123791,0.485714286,-0.346153846,0.739130435,-0.15,0.921686747,-0.040752351,0.240944882,-0.611675127,0.525773196,-0.310810811,0.840659341,-0.086567164,0.398084815,-0.430528376,0.555343511,-0.285889571,0.799450549,-0.111450382,0.923809524,-0.03960396,1.405797101,0.168674699,1.753012048,0.273522976,0.458267717,-0.371490281,1.901960784,0.310810811,1.598901099,0.230443975,0.248974008,-0.601314348,0.347328244,-0.484419263,0.5,-0.333333333,0.577777778,-0.267605634,0.879227053,-0.064267352,1.096385542,0.045977011,0.286614173,-0.554467564,1.189542484,0.086567164,0.625429553,-0.230443975
102,93,88,182,185,254,89,90,62,89,1.81,0.483516484,-0.348148148,0.475675676,-0.355311355,0.346456693,-0.485380117,0.988764045,-0.005649718,0.977777778,-0.011235955,1.419354839,0.173333333,0.988764045,-0.005649718,0.862745098,-0.073684211,0.946236559,-0.027624309,2.068181818,0.348148148,0.983783784,-0.008174387,0.716535433,-0.165137615,2.04494382,0.343173432,2.022222222,0.338235294,2.935483871,0.491803279,2.04494382,0.343173432,1.784313725,0.281690141,1.956989247,0.323636364,2.102272727,0.355311355,1.016483516,0.008174387,0.728346457,-0.157175399,2.078651685,0.350364964,2.055555556,0.345454545,2.983870968,0.497975709,2.078651685,0.350364964,1.81372549,0.289198606,1.989247312,0.330935252,2.886363636,0.485380117,1.395604396,0.165137615,1.372972973,0.157175399,2.853932584,0.481049563,2.822222222,0.476744186,4.096774194,0.607594937,2.853932584,0.481049563,2.490196078,0.426966292,2.731182796,0.463976945,1.011363636,0.005649718,0.489010989,-0.343173432,0.481081081,-0.350364964,0.350393701,-0.481049563,0.988888889,-0.005586592,1.435483871,0.178807947,1,0,0.87254902,-0.068062827,0.956989247,-0.021978022,1.022727273,0.011235955,0.494505495,-0.338235294,0.486486486,-0.345454545,0.354330709,-0.476744186,1.011235955,0.005586592,1.451612903,0.184210526,1.011235955,0.005586592,0.882352941,-0.0625,0.967741935,-0.016393443,0.704545455,-0.173333333,0.340659341,-0.491803279,0.335135135,-0.497975709,0.244094488,-0.607594937,0.696629213,-0.178807947,0.688888889,-0.184210526,0.696629213,-0.178807947,0.607843137,-0.243902439,0.666666667,-0.2,1.011363636,0.005649718,0.489010989,-0.343173432,0.481081081,-0.350364964,0.350393701,-0.481049563,1,0,0.988888889,-0.005586592,1.435483871,0.178807947,0.87254902,-0.068062827,0.956989247,-0.021978022,1.159090909,0.073684211,0.56043956,-0.281690141,0.551351351,-0.289198606,0.401574803,-0.426966292,1.146067416,0.068062827,1.133333333,0.0625,1.64516129,0.243902439,1.146067416,0.068062827,1.096774194,0.046153846,1.056818182,0.027624309,0.510989011,-0.323636364,0.502702703,-0.330935252,0.366141732,-0.463976945,1.04494382,0.021978022,1.033333333,0.016393443,1.5,0.2,1.04494382,0.021978022,0.911764706,-0.046153846
118,105,220,271,193,153,54,100,58,66,2.07,0.811808118,-0.103869654,1.139896373,0.065375303,1.437908497,0.179624665,4.074074074,0.605839416,2.2,0.375,3.793103448,0.582733813,3.333333333,0.538461538,1.86440678,0.301775148,2.095238095,0.353846154,1.231818182,0.103869654,1.404145078,0.168103448,1.77124183,0.278301887,5.018518519,0.667692308,2.71,0.460916442,4.672413793,0.647416413,4.106060606,0.608308605,2.296610169,0.393316195,2.580952381,0.441489362,0.877272727,-0.065375303,0.712177122,-0.168103448,1.261437908,0.115606936,3.574074074,0.562753036,1.93,0.317406143,3.327586207,0.537848606,2.924242424,0.49034749,1.63559322,0.241157556,1.838095238,0.295302013,0.695454545,-0.179624665,0.564575646,-0.278301887,0.792746114,-0.115606936,2.833333333,0.47826087,1.53,0.209486166,2.637931034,0.450236967,2.318181818,0.397260274,1.296610169,0.129151292,1.457142857,0.186046512,0.245454545,-0.605839416,0.199261993,-0.667692308,0.279792746,-0.562753036,0.352941176,-0.47826087,0.54,-0.298701299,0.931034483,-0.035714286,0.818181818,-0.1,0.457627119,-0.372093023,0.514285714,-0.320754717,0.454545455,-0.375,0.36900369,-0.460916442,0.518134715,-0.317406143,0.653594771,-0.209486166,1.851851852,0.298701299,1.724137931,0.265822785,1.515151515,0.204819277,0.847457627,-0.082568807,0.952380952,-0.024390244,0.263636364,-0.582733813,0.21402214,-0.647416413,0.300518135,-0.537848606,0.379084967,-0.450236967,1.074074074,0.035714286,0.58,-0.265822785,0.878787879,-0.064516129,0.491525424,-0.340909091,0.552380952,-0.288343558,0.3,-0.538461538,0.243542435,-0.608308605,0.341968912,-0.49034749,0.431372549,-0.397260274,1.222222222,0.1,0.66,-0.204819277,1.137931034,0.064516129,0.559322034,-0.282608696,0.628571429,-0.228070175,0.536363636,-0.301775148,0.435424354,-0.393316195,0.611398964,-0.241157556,0.77124183,-0.129151292,2.185185185,0.372093023,1.18,0.082568807,2.034482759,0.340909091,1.787878788,0.282608696,1.123809524,0.058295964,0.477272727,-0.353846154,0.387453875,-0.441489362,0.544041451,-0.295302013,0.68627451,-0.186046512,1.944444444,0.320754717,1.05,0.024390244,1.810344828,0.288343558,1.590909091,0.228070175,0.889830508,-0.058295964
58,55,185,279,216,157,42,77,64,70,3.41,0.663082437,-0.202586207,0.856481481,-0.077306733,1.178343949,0.081871345,4.404761905,0.629955947,2.402597403,0.41221374,2.890625,0.485943775,2.642857143,0.450980392,3.189655172,0.522633745,3.363636364,0.541666667,1.508108108,0.202586207,1.291666667,0.127272727,1.777070064,0.279816514,6.642857143,0.738317757,3.623376623,0.56741573,4.359375,0.626822157,3.985714286,0.598853868,4.810344828,0.65578635,5.072727273,0.670658683,1.167567568,0.077306733,0.774193548,-0.127272727,1.375796178,0.158176944,5.142857143,0.674418605,2.805194805,0.47440273,3.375,0.542857143,3.085714286,0.51048951,3.724137931,0.576642336,3.927272727,0.594095941,0.848648649,-0.081871345,0.562724014,-0.279816514,0.726851852,-0.158176944,3.738095238,0.577889447,2.038961039,0.341880342,2.453125,0.42081448,2.242857143,0.383259912,2.706896552,0.460465116,2.854545455,0.481132075,0.227027027,-0.629955947,0.150537634,-0.738317757,0.194444444,-0.674418605,0.267515924,-0.577889447,0.545454545,-0.294117647,0.65625,-0.20754717,0.6,-0.25,0.724137931,-0.16,0.763636364,-0.134020619,0.416216216,-0.41221374,0.275985663,-0.56741573,0.356481481,-0.47440273,0.49044586,-0.341880342,1.833333333,0.294117647,1.203125,0.092198582,1.1,0.047619048,1.327586207,0.140740741,1.4,0.166666667,0.345945946,-0.485943775,0.229390681,-0.626822157,0.296296296,-0.542857143,0.407643312,-0.42081448,1.523809524,0.20754717,0.831168831,-0.092198582,0.914285714,-0.044776119,1.103448276,0.049180328,1.163636364,0.075630252,0.378378378,-0.450980392,0.250896057,-0.598853868,0.324074074,-0.51048951,0.445859873,-0.383259912,1.666666667,0.25,0.909090909,-0.047619048,1.09375,0.044776119,1.206896552,0.09375,1.272727273,0.12,0.313513514,-0.522633745,0.207885305,-0.65578635,0.268518519,-0.576642336,0.369426752,-0.460465116,1.380952381,0.16,0.753246753,-0.140740741,0.90625,-0.049180328,0.828571429,-0.09375,1.054545455,0.026548673,0.297297297,-0.541666667,0.197132616,-0.670658683,0.25462963,-0.594095941,0.350318471,-0.481132075,1.30952381,0.134020619,0.714285714,-0.166666667,0.859375,-0.075630252,0.785714286,-0.12,0.948275862,-0.026548673
13,12,71,161,119,88,1,13,2,20,2.55,0.440993789,-0.387931034,0.596638655,-0.252631579,0.806818182,-0.106918239,71,0.972222222,5.461538462,0.69047619,35.5,0.945205479,3.55,0.56043956,5.461538462,0.69047619,5.916666667,0.710843373,2.267605634,0.387931034,1.352941176,0.15,1.829545455,0.293172691,161,0.987654321,12.38461538,0.850574713,80.5,0.975460123,8.05,0.779005525,12.38461538,0.850574713,13.41666667,0.861271676,1.676056338,0.252631579,0.739130435,-0.15,1.352272727,0.149758454,119,0.983333333,9.153846154,0.803030303,59.5,0.966942149,5.95,0.712230216,9.153846154,0.803030303,9.916666667,0.816793893,1.23943662,0.106918239,0.546583851,-0.293172691,0.739495798,-0.149758454,88,0.97752809,6.769230769,0.742574257,44,0.955555556,4.4,0.62962963,6.769230769,0.742574257,7.333333333,0.76,0.014084507,-0.972222222,0.00621118,-0.987654321,0.008403361,-0.983333333,0.011363636,-0.97752809,0.076923077,-0.857142857,0.5,-0.333333333,0.05,-0.904761905,0.076923077,-0.857142857,0.083333333,-0.846153846,0.183098592,-0.69047619,0.080745342,-0.850574713,0.109243697,-0.803030303,0.147727273,-0.742574257,13,0.857142857,6.5,0.733333333,0.65,-0.212121212,1,0,1.083333333,0.04,0.028169014,-0.945205479,0.01242236,-0.975460123,0.016806723,-0.966942149,0.022727273,-0.955555556,2,0.333333333,0.153846154,-0.733333333,0.1,-0.818181818,0.153846154,-0.733333333,0.166666667,-0.714285714,0.281690141,-0.56043956,0.124223602,-0.779005525,0.168067227,-0.712230216,0.227272727,-0.62962963,20,0.904761905,1.538461538,0.212121212,10,0.818181818,1.538461538,0.212121212,1.666666667,0.25,0.183098592,-0.69047619,0.080745342,-0.850574713,0.109243697,-0.803030303,0.147727273,-0.742574257,13,0.857142857,1,0,6.5,0.733333333,0.65,-0.212121212,1.083333333,0.04,0.169014085,-0.710843373,0.074534161,-0.861271676,0.100840336,-0.816793893,0.136363636,-0.76,12,0.846153846,0.923076923,-0.04,6,0.714285714,0.6,-0.25,0.923076923,-0.04
179,229,150,198,183,162,169,220,122,215,1.95,0.757575758,-0.137931034,0.819672131,-0.099099099,0.925925926,-0.038461538,0.887573964,-0.059561129,0.681818182,-0.189189189,1.229508197,0.102941176,0.697674419,-0.178082192,0.837988827,-0.088145897,0.655021834,-0.208443272,1.32,0.137931034,1.081967213,0.039370079,1.222222222,0.1,1.171597633,0.079019074,0.9,-0.052631579,1.62295082,0.2375,0.920930233,-0.041162228,1.106145251,0.050397878,0.864628821,-0.072599532,1.22,0.099099099,0.924242424,-0.039370079,1.12962963,0.060869565,1.082840237,0.039772727,0.831818182,-0.091811414,1.5,0.2,0.851162791,-0.08040201,1.022346369,0.011049724,0.799126638,-0.111650485,1.08,0.038461538,0.818181818,-0.1,0.885245902,-0.060869565,0.958579882,-0.021148036,0.736363636,-0.151832461,1.327868852,0.14084507,0.753488372,-0.140583554,0.905027933,-0.049853372,0.707423581,-0.171355499,1.126666667,0.059561129,0.853535354,-0.079019074,0.923497268,-0.039772727,1.043209877,0.021148036,0.768181818,-0.131105398,1.385245902,0.161512027,0.786046512,-0.119791667,0.944134078,-0.028735632,0.737991266,-0.150753769,1.466666667,0.189189189,1.111111111,0.052631579,1.202185792,0.091811414,1.358024691,0.151832461,1.301775148,0.131105398,1.803278689,0.286549708,1.023255814,0.011494253,1.229050279,0.102756892,0.96069869,-0.020044543,0.813333333,-0.102941176,0.616161616,-0.2375,0.666666667,-0.2,0.75308642,-0.14084507,0.721893491,-0.161512027,0.554545455,-0.286549708,0.56744186,-0.275964392,0.681564246,-0.189368771,0.532751092,-0.304843305,1.433333333,0.178082192,1.085858586,0.041162228,1.174863388,0.08040201,1.327160494,0.140583554,1.272189349,0.119791667,0.977272727,-0.011494253,1.762295082,0.275964392,1.201117318,0.091370558,0.938864629,-0.031531532,1.193333333,0.088145897,0.904040404,-0.050397878,0.978142077,-0.011049724,1.104938272,0.049853372,1.059171598,0.028735632,0.813636364,-0.102756892,1.467213115,0.189368771,0.83255814,-0.091370558,0.781659389,-0.12254902,1.526666667,0.208443272,1.156565657,0.072599532,1.25136612,0.111650485,1.413580247,0.171355499,1.355029586,0.150753769,1.040909091,0.020044543,1.87704918,0.304843305,1.065116279,0.031531532,1.279329609,0.12254902
112,101,90,256,157,123,22,64,39,61,2.61,0.3515625,-0.479768786,0.573248408,-0.271255061,0.731707317,-0.154929577,4.090909091,0.607142857,1.40625,0.168831169,2.307692308,0.395348837,1.475409836,0.19205298,0.803571429,-0.108910891,0.891089109,-0.057591623,2.844444444,0.479768786,1.630573248,0.239709443,2.081300813,0.350923483,11.63636364,0.841726619,4,0.6,6.564102564,0.73559322,4.196721311,0.615141956,2.285714286,0.391304348,2.534653465,0.434173669,1.744444444,0.271255061,0.61328125,-0.239709443,1.276422764,0.121428571,7.136363636,0.754189944,2.453125,0.42081448,4.025641026,0.602040816,2.573770492,0.440366972,1.401785714,0.167286245,1.554455446,0.217054264,1.366666667,0.154929577,0.48046875,-0.350923483,0.78343949,-0.121428571,5.590909091,0.696551724,1.921875,0.315508021,3.153846154,0.518518519,2.016393443,0.336956522,1.098214286,0.046808511,1.217821782,0.098214286,0.244444444,-0.607142857,0.0859375,-0.841726619,0.140127389,-0.754189944,0.178861789,-0.696551724,0.34375,-0.488372093,0.564102564,-0.278688525,0.360655738,-0.469879518,0.196428571,-0.671641791,0.217821782,-0.642276423,0.711111111,-0.168831169,0.25,-0.6,0.407643312,-0.42081448,0.520325203,-0.315508021,2.909090909,0.488372093,1.641025641,0.242718447,1.049180328,0.024,0.571428571,-0.272727273,0.633663366,-0.224242424,0.433333333,-0.395348837,0.15234375,-0.73559322,0.248407643,-0.602040816,0.317073171,-0.518518519,1.772727273,0.278688525,0.609375,-0.242718447,0.639344262,-0.22,0.348214286,-0.483443709,0.386138614,-0.442857143,0.677777778,-0.19205298,0.23828125,-0.615141956,0.388535032,-0.440366972,0.495934959,-0.336956522,2.772727273,0.469879518,0.953125,-0.024,1.564102564,0.22,0.544642857,-0.294797688,0.603960396,-0.24691358,1.244444444,0.108910891,0.4375,-0.391304348,0.713375796,-0.167286245,0.910569106,-0.046808511,5.090909091,0.671641791,1.75,0.272727273,2.871794872,0.483443709,1.836065574,0.294797688,1.108910891,0.051643192,1.122222222,0.057591623,0.39453125,-0.434173669,0.643312102,-0.217054264,0.821138211,-0.098214286,4.590909091,0.642276423,1.578125,0.224242424,2.58974359,0.442857143,1.655737705,0.24691358,0.901785714,-0.051643192
32,39,65,180,106,54,3,6,4,3,2.47,0.361111111,-0.469387755,0.613207547,-0.239766082,1.203703704,0.092436975,21.66666667,0.911764706,10.83333333,0.830985915,16.25,0.884057971,21.66666667,0.911764706,2.03125,0.340206186,1.666666667,0.25,2.769230769,0.469387755,1.698113208,0.258741259,3.333333333,0.538461538,60,0.967213115,30,0.935483871,45,0.956521739,60,0.967213115,5.625,0.698113208,4.615384615,0.643835616,1.630769231,0.239766082,0.588888889,-0.258741259,1.962962963,0.325,35.33333333,0.944954128,17.66666667,0.892857143,26.5,0.927272727,35.33333333,0.944954128,3.3125,0.536231884,2.717948718,0.462068966,0.830769231,-0.092436975,0.3,-0.538461538,0.509433962,-0.325,18,0.894736842,9,0.8,13.5,0.862068966,18,0.894736842,1.6875,0.255813953,1.384615385,0.161290323,0.046153846,-0.911764706,0.016666667,-0.967213115,0.028301887,-0.944954128,0.055555556,-0.894736842,0.5,-0.333333333,0.75,-0.142857143,1,0,0.09375,-0.828571429,0.076923077,-0.857142857,0.092307692,-0.830985915,0.033333333,-0.935483871,0.056603774,-0.892857143,0.111111111,-0.8,2,0.333333333,1.5,0.2,2,0.333333333,0.1875,-0.684210526,0.153846154,-0.733333333,0.061538462,-0.884057971,0.022222222,-0.956521739,0.037735849,-0.927272727,0.074074074,-0.862068966,1.333333333,0.142857143,0.666666667,-0.2,1.333333333,0.142857143,0.125,-0.777777778,0.102564103,-0.813953488,0.046153846,-0.911764706,0.016666667,-0.967213115,0.028301887,-0.944954128,0.055555556,-0.894736842,1,0,0.5,-0.333333333,0.75,-0.142857143,0.09375,-0.828571429,0.076923077,-0.857142857,0.492307692,-0.340206186,0.177777778,-0.698113208,0.301886792,-0.536231884,0.592592593,-0.255813953,10.66666667,0.828571429,5.333333333,0.684210526,8,0.777777778,10.66666667,0.828571429,0.820512821,-0.098591549,0.6,-0.25,0.216666667,-0.643835616,0.367924528,-0.462068966,0.722222222,-0.161290323,13,0.857142857,6.5,0.733333333,9.75,0.813953488,13,0.857142857,1.21875,0.098591549
111,103,210,354,199,144,58,68,67,65,2.12,0.593220339,-0.255319149,1.055276382,0.026894866,1.458333333,0.186440678,3.620689655,0.567164179,3.088235294,0.510791367,3.134328358,0.516245487,3.230769231,0.527272727,1.891891892,0.308411215,2.038834951,0.341853035,1.685714286,0.255319149,1.778894472,0.280289331,2.458333333,0.421686747,6.103448276,0.718446602,5.205882353,0.677725118,5.28358209,0.681710214,5.446153846,0.68973747,3.189189189,0.522580645,3.436893204,0.549234136,0.947619048,-0.026894866,0.562146893,-0.280289331,1.381944444,0.160349854,3.431034483,0.548638132,2.926470588,0.490636704,2.970149254,0.496240602,3.061538462,0.507575758,1.792792793,0.283870968,1.932038835,0.317880795,0.685714286,-0.186440678,0.406779661,-0.421686747,0.72361809,-0.160349854,2.482758621,0.425742574,2.117647059,0.358490566,2.149253731,0.36492891,2.215384615,0.377990431,1.297297297,0.129411765,1.398058252,0.165991903,0.276190476,-0.567164179,0.163841808,-0.718446602,0.291457286,-0.548638132,0.402777778,-0.425742574,0.852941176,-0.079365079,0.865671642,-0.072,0.892307692,-0.056910569,0.522522523,-0.313609467,0.563106796,-0.279503106,0.323809524,-0.510791367,0.192090395,-0.677725118,0.341708543,-0.490636704,0.472222222,-0.358490566,1.172413793,0.079365079,1.014925373,0.007407407,1.046153846,0.022556391,0.612612613,-0.240223464,0.660194175,-0.204678363,0.319047619,-0.516245487,0.189265537,-0.681710214,0.336683417,-0.496240602,0.465277778,-0.36492891,1.155172414,0.072,0.985294118,-0.007407407,1.030769231,0.015151515,0.603603604,-0.247191011,0.650485437,-0.211764706,0.30952381,-0.527272727,0.183615819,-0.68973747,0.326633166,-0.507575758,0.451388889,-0.377990431,1.120689655,0.056910569,0.955882353,-0.022556391,0.970149254,-0.015151515,0.585585586,-0.261363636,0.631067961,-0.226190476,0.528571429,-0.308411215,0.313559322,-0.522580645,0.557788945,-0.283870968,0.770833333,-0.129411765,1.913793103,0.313609467,1.632352941,0.240223464,1.656716418,0.247191011,1.707692308,0.261363636,1.077669903,0.037383178,0.49047619,-0.341853035,0.290960452,-0.549234136,0.51758794,-0.317880795,0.715277778,-0.165991903,1.775862069,0.279503106,1.514705882,0.204678363,1.537313433,0.211764706,1.584615385,0.226190476,0.927927928,-0.037383178
1622,1232,2496,2441,2095,2156,2092,1986,2710,1826,1.88,1.022531749,0.011140369,1.191408115,0.087344805,1.157699443,0.073086844,1.193116635,0.088055798,1.256797583,0.113788487,0.92103321,-0.041106416,1.366922234,0.155020824,1.538840937,0.212238951,2.025974026,0.339055794,0.977964744,-0.011140369,1.165155131,0.07627866,1.132189239,0.061996955,1.166826004,0.076990955,1.229103726,0.102778405,0.900738007,-0.052222869,1.336801752,0.144129365,1.504932182,0.201575191,1.981331169,0.329158726,0.839342949,-0.087344805,0.858254814,-0.07627866,0.971706865,-0.014349565,1.001434034,0.000716503,1.054884189,0.02670914,0.773062731,-0.127991675,1.147316539,0.068604948,1.29161529,0.127253161,1.700487013,0.259392846,0.863782051,-0.073086844,0.883244572,-0.061996955,1.029116945,0.014349565,1.030592734,0.015065913,1.085599194,0.041042974,0.795571956,-0.113851212,1.180722892,0.082872928,1.329223181,0.141344627,1.75,0.272727273,0.838141026,-0.088055798,0.857025809,-0.076990955,0.998568019,-0.000716503,0.970315399,-0.015065913,1.053373615,0.025993134,0.77195572,-0.128696377,1.145673604,0.067891782,1.289765721,0.126548196,1.698051948,0.258724428,0.795673077,-0.113788487,0.813600983,-0.102778405,0.94797136,-0.02670914,0.921150278,-0.041042974,0.949330784,-0.025993134,0.732841328,-0.154173765,1.08762322,0.041972718,1.224414303,0.100886918,1.612012987,0.234307023,1.085737179,0.041106416,1.110200737,0.052222869,1.293556086,0.127991675,1.256957328,0.113851212,1.29541109,0.128696377,1.364551863,0.154173765,1.484118291,0.194885362,1.670776819,0.251154201,2.199675325,0.37493658,0.731570513,-0.155020824,0.748054076,-0.144129365,0.871599045,-0.068604948,0.846938776,-0.082872928,0.872848948,-0.067891782,0.919436052,-0.041972718,0.673800738,-0.194885362,1.125770654,0.059164733,1.482142857,0.194244604,0.649839744,-0.212238951,0.66448177,-0.201575191,0.774224344,-0.127253161,0.752319109,-0.141344627,0.775334608,-0.126548196,0.816717019,-0.100886918,0.598523985,-0.251154201,0.888280394,-0.059164733,1.316558442,0.136650315,0.493589744,-0.339055794,0.504711184,-0.329158726,0.588066826,-0.259392846,0.571428571,-0.272727273,0.588910134,-0.258724428,0.620342397,-0.234307023,0.454612546,-0.37493658,0.674698795,-0.194244604,0.759556104,-0.136650315
130,139,186,277,209,179,71,100,101,86,1.61,0.671480144,-0.196544276,0.889952153,-0.058227848,1.039106145,0.019178082,2.61971831,0.447470817,1.86,0.300699301,1.841584158,0.296167247,2.162790698,0.367647059,1.430769231,0.17721519,1.338129496,0.144615385,1.489247312,0.196544276,1.325358852,0.139917695,1.547486034,0.214912281,3.901408451,0.591954023,2.77,0.469496021,2.742574257,0.465608466,3.220930233,0.526170799,2.130769231,0.361179361,1.992805755,0.331730769,1.123655914,0.058227848,0.754512635,-0.139917695,1.167597765,0.077319588,2.943661972,0.492857143,2.09,0.352750809,2.069306931,0.348387097,2.430232558,0.416949153,1.607692308,0.233038348,1.503597122,0.201149425,0.962365591,-0.019178082,0.646209386,-0.214912281,0.85645933,-0.077319588,2.521126761,0.432,1.79,0.283154122,1.772277228,0.278571429,2.081395349,0.350943396,1.376923077,0.158576052,1.287769784,0.125786164,0.38172043,-0.447470817,0.25631769,-0.591954023,0.339712919,-0.492857143,0.396648045,-0.432,0.71,-0.169590643,0.702970297,-0.174418605,0.825581395,-0.095541401,0.546153846,-0.293532338,0.510791367,-0.323809524,0.537634409,-0.300699301,0.36101083,-0.469496021,0.4784689,-0.352750809,0.558659218,-0.283154122,1.408450704,0.169590643,0.99009901,-0.004975124,1.162790698,0.075268817,0.769230769,-0.130434783,0.71942446,-0.163179916,0.543010753,-0.296167247,0.364620939,-0.465608466,0.483253589,-0.348387097,0.56424581,-0.278571429,1.422535211,0.174418605,1.01,0.004975124,1.174418605,0.080213904,0.776923077,-0.125541126,0.726618705,-0.158333333,0.462365591,-0.367647059,0.310469314,-0.526170799,0.411483254,-0.416949153,0.480446927,-0.350943396,1.211267606,0.095541401,0.86,-0.075268817,0.851485149,-0.080213904,0.661538462,-0.203703704,0.618705036,-0.235555556,0.698924731,-0.17721519,0.469314079,-0.361179361,0.622009569,-0.233038348,0.726256983,-0.158576052,1.830985915,0.293532338,1.3,0.130434783,1.287128713,0.125541126,1.511627907,0.203703704,0.935251799,-0.033457249,0.747311828,-0.144615385,0.501805054,-0.331730769,0.66507177,-0.201149425,0.776536313,-0.125786164,1.957746479,0.323809524,1.39,0.163179916,1.376237624,0.158333333,1.61627907,0.235555556,1.069230769,0.033457249
3351,3463,2471,2804,2992,3666,3924,4088,2837,4136,7.88,0.881241084,-0.063127962,0.825868984,-0.095368845,0.674031642,-0.194720547,0.629714577,-0.227208757,0.604452055,-0.246531483,0.870990483,-0.068952524,0.597437137,-0.252005449,0.737391823,-0.151150807,0.713543171,-0.167172228,1.134763254,0.063127962,0.937165775,-0.032436163,0.764866339,-0.133230294,0.714576962,-0.16646849,0.68590998,-0.18630296,0.988367994,-0.005850027,0.67794971,-0.191930836,0.836765145,-0.088870837,0.80970257,-0.105153981,1.210845811,0.095368845,1.067047076,0.032436163,0.816148391,-0.101231601,0.762487258,-0.134759977,0.731898239,-0.15480226,1.054635178,0.026591182,0.723404255,-0.160493827,0.892867801,-0.056597824,0.863990759,-0.072966692,1.483609875,0.194720547,1.307417974,0.133230294,1.22526738,0.101231601,0.934250765,-0.033992095,0.896771037,-0.054423523,1.292210081,0.127479625,0.886363636,-0.060240964,1.094001791,0.044890979,1.058619694,0.028475242,1.588021044,0.227208757,1.399429387,0.16646849,1.311497326,0.134759977,1.070376432,0.033992095,0.959882583,-0.020469296,1.383151216,0.160775033,0.948742747,-0.02630273,1.170993733,0.078762887,1.133121571,0.062406931,1.654390935,0.246531483,1.457917261,0.18630296,1.36631016,0.15480226,1.115111839,0.054423523,1.041794088,0.020469296,1.440958759,0.180649819,0.988394584,-0.005836576,1.219934348,0.099072456,1.180479353,0.082770494,1.148118171,0.068952524,1.011768902,0.005850027,0.948195187,-0.026591182,0.773867976,-0.127479625,0.722986748,-0.160775033,0.693982387,-0.180649819,0.685928433,-0.186289976,0.846612951,-0.083063995,0.81923188,-0.099365079,1.673816269,0.252005449,1.475035663,0.191930836,1.382352941,0.160493827,1.128205128,0.060240964,1.054026504,0.02630273,1.011741683,0.005836576,1.45787804,0.186289976,1.23425843,0.104848404,1.194340167,0.088564285,1.356131121,0.151150807,1.195078459,0.088870837,1.119986631,0.056597824,0.914075286,-0.044890979,0.853975535,-0.078762887,0.819716243,-0.099072456,1.1811773,0.083063995,0.810203095,-0.104848404,0.9676581,-0.016436748,1.4014569,0.167172228,1.235021398,0.105153981,1.157419786,0.072966692,0.944626296,-0.028475242,0.882517839,-0.062406931,0.847113503,-0.082770494,1.220655622,0.099365079,0.837282398,-0.088564285,1.033422859,0.016436748
235,211,426,440,356,346,298,301,287,284,1.85,0.968181818,-0.016166282,1.196629213,0.089514066,1.231213873,0.103626943,1.429530201,0.17679558,1.415282392,0.171939477,1.484320557,0.194950912,1.5,0.2,1.812765957,0.288956127,2.018957346,0.337519623,1.03286385,0.016166282,1.235955056,0.105527638,1.271676301,0.119592875,1.476510067,0.192411924,1.46179402,0.187584345,1.533101045,0.21045392,1.549295775,0.215469613,1.872340426,0.303703704,2.085308057,0.351766513,0.835680751,-0.089514066,0.809090909,-0.105527638,1.028901734,0.014245014,1.194630872,0.088685015,1.182724252,0.083713851,1.240418118,0.107309487,1.253521127,0.1125,1.514893617,0.204737733,1.687203791,0.255731922,0.812206573,-0.103626943,0.786363636,-0.119592875,0.971910112,-0.014245014,1.161073826,0.074534161,1.149501661,0.069551777,1.205574913,0.093206951,1.218309859,0.098412698,1.472340426,0.191049914,1.639810427,0.242369838,0.699530516,-0.17679558,0.677272727,-0.192411924,0.837078652,-0.088685015,0.861271676,-0.074534161,0.990033223,-0.005008347,1.038327526,0.018803419,1.049295775,0.024054983,1.268085106,0.118198874,1.412322275,0.170923379,0.70657277,-0.171939477,0.684090909,-0.187584345,0.845505618,-0.083713851,0.869942197,-0.069551777,1.010067114,0.005008347,1.048780488,0.023809524,1.059859155,0.029059829,1.280851064,0.123134328,1.426540284,0.17578125,0.67370892,-0.194950912,0.652272727,-0.21045392,0.806179775,-0.107309487,0.829479769,-0.093206951,0.963087248,-0.018803419,0.953488372,-0.023809524,1.01056338,0.00525394,1.221276596,0.099616858,1.360189573,0.152610442,0.666666667,-0.2,0.645454545,-0.215469613,0.797752809,-0.1125,0.820809249,-0.098412698,0.953020134,-0.024054983,0.943521595,-0.029059829,0.989547038,-0.00525394,1.208510638,0.094412331,1.345971564,0.147474747,0.551643192,-0.288956127,0.534090909,-0.303703704,0.66011236,-0.204737733,0.679190751,-0.191049914,0.788590604,-0.118198874,0.780730897,-0.123134328,0.818815331,-0.099616858,0.827464789,-0.094412331,1.113744076,0.053811659,0.495305164,-0.337519623,0.479545455,-0.351766513,0.592696629,-0.255731922,0.60982659,-0.242369838,0.708053691,-0.170923379,0.700996678,-0.17578125,0.735191638,-0.152610442,0.742957746,-0.147474747,0.89787234,-0.053811659
276,261,417,520,399,340,222,228,260,239,2.59,0.801923077,-0.109925293,1.045112782,0.022058824,1.226470588,0.101717305,1.878378378,0.305164319,1.828947368,0.293023256,1.603846154,0.231905465,1.744769874,0.271341463,1.510869565,0.203463203,1.597701149,0.230088496,1.247002398,0.109925293,1.303258145,0.131664853,1.529411765,0.209302326,2.342342342,0.401617251,2.280701754,0.390374332,2,0.333333333,2.175732218,0.370223979,1.884057971,0.306532663,1.992337165,0.33162612,0.956834532,-0.022058824,0.767307692,-0.131664853,1.173529412,0.079837618,1.797297297,0.285024155,1.75,0.272727273,1.534615385,0.210925645,1.669456067,0.250783699,1.445652174,0.182222222,1.528735632,0.209090909,0.815347722,-0.101717305,0.653846154,-0.209302326,0.852130326,-0.079837618,1.531531532,0.209964413,1.49122807,0.197183099,1.307692308,0.133333333,1.422594142,0.174438687,1.231884058,0.103896104,1.302681992,0.131447587,0.532374101,-0.305164319,0.426923077,-0.401617251,0.556390977,-0.285024155,0.652941176,-0.209964413,0.973684211,-0.013333333,0.853846154,-0.078838174,0.928870293,-0.036876356,0.804347826,-0.108433735,0.850574713,-0.080745342,0.54676259,-0.293023256,0.438461538,-0.390374332,0.571428571,-0.272727273,0.670588235,-0.197183099,1.027027027,0.013333333,0.876923077,-0.06557377,0.953974895,-0.023554604,0.826086957,-0.095238095,0.873563218,-0.067484663,0.623501199,-0.231905465,0.5,-0.333333333,0.651629073,-0.210925645,0.764705882,-0.133333333,1.171171171,0.078838174,1.140350877,0.06557377,1.087866109,0.042084168,0.942028986,-0.029850746,0.996168582,-0.001919386,0.573141487,-0.271341463,0.459615385,-0.370223979,0.598997494,-0.250783699,0.702941176,-0.174438687,1.076576577,0.036876356,1.048245614,0.023554604,0.919230769,-0.042084168,0.865942029,-0.07184466,0.915708812,-0.044,0.661870504,-0.203463203,0.530769231,-0.306532663,0.691729323,-0.182222222,0.811764706,-0.103896104,1.243243243,0.108433735,1.210526316,0.095238095,1.061538462,0.029850746,1.154811715,0.07184466,1.057471264,0.027932961,0.625899281,-0.230088496,0.501923077,-0.33162612,0.654135338,-0.209090909,0.767647059,-0.131447587,1.175675676,0.080745342,1.144736842,0.067484663,1.003846154,0.001919386,1.092050209,0.044,0.945652174,-0.027932961
252,235,426,526,385,337,218,208,213,194,2.24,0.809885932,-0.105042017,1.106493506,0.050554871,1.264094955,0.116644823,1.95412844,0.322981366,2.048076923,0.34384858,2,0.333333333,2.195876289,0.374193548,1.69047619,0.256637168,1.812765957,0.288956127,1.234741784,0.105042017,1.366233766,0.154774973,1.560830861,0.219003476,2.412844037,0.413978495,2.528846154,0.433242507,2.469483568,0.423545332,2.711340206,0.461111111,2.087301587,0.35218509,2.238297872,0.38239159,0.903755869,-0.050554871,0.731939163,-0.154774973,1.142433234,0.066481994,1.766055046,0.27694859,1.850961538,0.298482293,1.807511737,0.287625418,1.984536082,0.329879102,1.527777778,0.208791209,1.638297872,0.241935484,0.791079812,-0.116644823,0.640684411,-0.219003476,0.875324675,-0.066481994,1.54587156,0.214414414,1.620192308,0.236697248,1.582159624,0.225454545,1.737113402,0.269303202,1.337301587,0.144312394,1.434042553,0.178321678,0.511737089,-0.322981366,0.414448669,-0.413978495,0.566233766,-0.27694859,0.646884273,-0.214414414,1.048076923,0.023474178,1.023474178,0.011600928,1.12371134,0.058252427,0.865079365,-0.072340426,0.927659574,-0.037527594,0.488262911,-0.34384858,0.395437262,-0.433242507,0.54025974,-0.298482293,0.617210682,-0.236697248,0.95412844,-0.023474178,0.976525822,-0.011876485,1.072164948,0.034825871,0.825396825,-0.095652174,0.885106383,-0.060948081,0.5,-0.333333333,0.404942966,-0.423545332,0.553246753,-0.287625418,0.632047478,-0.225454545,0.97706422,-0.011600928,1.024038462,0.011876485,1.097938144,0.046683047,0.845238095,-0.083870968,0.906382979,-0.049107143,0.455399061,-0.374193548,0.368821293,-0.461111111,0.503896104,-0.329879102,0.575667656,-0.269303202,0.889908257,-0.058252427,0.932692308,-0.034825871,0.910798122,-0.046683047,0.76984127,-0.130044843,0.825531915,-0.095571096,0.591549296,-0.256637168,0.479087452,-0.35218509,0.654545455,-0.208791209,0.747774481,-0.144312394,1.155963303,0.072340426,1.211538462,0.095652174,1.183098592,0.083870968,1.298969072,0.130044843,1.072340426,0.034907598,0.551643192,-0.288956127,0.446768061,-0.38239159,0.61038961,-0.241935484,0.697329377,-0.178321678,1.077981651,0.037527594,1.129807692,0.060948081,1.103286385,0.049107143,1.211340206,0.095571096,0.932539683,-0.034907598
768,679,1086,1255,1044,1025,839,865,814,842,2.98,0.865338645,-0.072191371,1.040229885,0.01971831,1.059512195,0.028896258,1.294398093,0.128311688,1.255491329,0.113275243,1.334152334,0.143157895,1.289786223,0.126556017,1.4140625,0.171521036,1.599410898,0.230594901,1.155616943,0.072191371,1.20210728,0.091779034,1.224390244,0.100877193,1.495828367,0.198662846,1.450867052,0.183962264,1.541769042,0.213146448,1.490498812,0.196948021,1.634114583,0.240731587,1.848306333,0.297828335,0.961325967,-0.01971831,0.83187251,-0.091779034,1.018536585,0.00918318,1.244338498,0.108868826,1.206936416,0.09376637,1.282555283,0.12378902,1.239904988,0.107104984,1.359375,0.152317881,1.537555228,0.211839814,0.943830571,-0.028896258,0.816733068,-0.100877193,0.981800766,-0.00918318,1.221692491,0.099785408,1.184971098,0.084656085,1.259213759,0.11473627,1.217339667,0.098018211,1.334635417,0.143335192,1.509572901,0.203051643,0.772559853,-0.128311688,0.668525896,-0.198662846,0.803639847,-0.108868826,0.818536585,-0.099785408,0.969942197,-0.015258216,1.030712531,0.015124017,0.996437055,-0.001784652,1.092447917,0.044181705,1.235640648,0.105401845,0.796500921,-0.113275243,0.689243028,-0.183962264,0.828544061,-0.09376637,0.843902439,-0.084656085,1.030989273,0.015258216,1.062653563,0.030375223,1.027315914,0.013473931,1.126302083,0.059399878,1.273932253,0.120466321,0.749539595,-0.143157895,0.648605578,-0.213146448,0.779693487,-0.12378902,0.794146341,-0.11473627,0.970202622,-0.015124017,0.941040462,-0.030375223,0.966745843,-0.016908213,1.059895833,0.029077118,1.198821797,0.090421969,0.775322284,-0.126556017,0.670916335,-0.196948021,0.80651341,-0.107104984,0.821463415,-0.098018211,1.003575685,0.001784652,0.973410405,-0.013473931,1.034398034,0.016908213,1.096354167,0.045962733,1.24005891,0.107166338,0.70718232,-0.171521036,0.611952191,-0.240731587,0.735632184,-0.152317881,0.749268293,-0.143335192,0.915375447,-0.044181705,0.887861272,-0.059399878,0.943488943,-0.029077118,0.912114014,-0.045962733,1.13107511,0.061506565,0.625230203,-0.230594901,0.541035857,-0.297828335,0.650383142,-0.211839814,0.662439024,-0.203051643,0.809296782,-0.105401845,0.784971098,-0.120466321,0.834152334,-0.090421969,0.806413302,-0.107166338,0.884114583,-0.061506565
455,412,647,739,615,564,426,426,487,396,1.91,0.875507442,-0.066378066,1.05203252,0.025356577,1.147163121,0.068538398,1.518779343,0.205964585,1.518779343,0.205964585,1.328542094,0.141093474,1.633838384,0.240651965,1.421978022,0.174228675,1.57038835,0.22190746,1.142194745,0.066378066,1.201626016,0.091580502,1.310283688,0.134305449,1.734741784,0.268669528,1.734741784,0.268669528,1.517453799,0.205546493,1.866161616,0.302202643,1.624175824,0.237855946,1.79368932,0.284100782,0.950540958,-0.025356577,0.832205683,-0.091580502,1.090425532,0.043256997,1.443661972,0.181556196,1.443661972,0.181556196,1.262833676,0.11615245,1.553030303,0.216617211,1.351648352,0.14953271,1.492718447,0.197663096,0.871715611,-0.068538398,0.763193505,-0.134305449,0.917073171,-0.043256997,1.323943662,0.139393939,1.323943662,0.139393939,1.158110883,0.073263559,1.424242424,0.175,1.23956044,0.106967615,1.368932039,0.155737705,0.658423493,-0.205964585,0.576454668,-0.268669528,0.692682927,-0.181556196,0.755319149,-0.139393939,1,0,0.874743326,-0.066812705,1.075757576,0.03649635,0.936263736,-0.03291714,1.033980583,0.016706444,0.658423493,-0.205964585,0.576454668,-0.268669528,0.692682927,-0.181556196,0.755319149,-0.139393939,1,0,0.874743326,-0.066812705,1.075757576,0.03649635,0.936263736,-0.03291714,1.033980583,0.016706444,0.752704791,-0.141093474,0.658998647,-0.205546493,0.791869919,-0.11615245,0.863475177,-0.073263559,1.143192488,0.066812705,1.143192488,0.066812705,1.22979798,0.103057758,1.07032967,0.033970276,1.182038835,0.083426029,0.612055641,-0.240651965,0.535859269,-0.302202643,0.643902439,-0.216617211,0.70212766,-0.175,0.929577465,-0.03649635,0.929577465,-0.03649635,0.813141684,-0.103057758,0.87032967,-0.0693302,0.961165049,-0.01980198,0.70324575,-0.174228675,0.615696888,-0.237855946,0.739837398,-0.14953271,0.806737589,-0.106967615,1.068075117,0.03291714,1.068075117,0.03291714,0.934291581,-0.033970276,1.148989899,0.0693302,1.104368932,0.049596309,0.636785162,-0.22190746,0.557510149,-0.284100782,0.669918699,-0.197663096,0.730496454,-0.155737705,0.96713615,-0.016706444,0.96713615,-0.016706444,0.845995893,-0.083426029,1.04040404,0.01980198,0.905494505,-0.049596309
716,630,1137,1274,1102,1018,779,739,806,741,3.78,0.892464678,-0.056822895,1.031760436,0.015631979,1.116895874,0.055220418,1.459563543,0.186847599,1.538565629,0.212153518,1.410669975,0.170355121,1.534412955,0.21086262,1.587988827,0.227199137,1.804761905,0.286926995,1.120492524,0.056822895,1.156079855,0.072390572,1.251473477,0.111692845,1.635430039,0.24111057,1.723951286,0.265772479,1.580645161,0.225,1.719298246,0.264516129,1.779329609,0.28040201,2.022222222,0.338235294,0.969217238,-0.015631979,0.864992151,-0.072390572,1.082514735,0.039622642,1.414634146,0.171717172,1.49120433,0.197175448,1.367245658,0.155136268,1.487179487,0.195876289,1.539106145,0.212321232,1.749206349,0.272517321,0.89533861,-0.055220418,0.799058085,-0.111692845,0.923774955,-0.039622642,1.306803594,0.132999444,1.377537212,0.158793398,1.263027295,0.11622807,1.373819163,0.157475839,1.421787709,0.174163783,1.615873016,0.235436893,0.685136324,-0.186847599,0.611459969,-0.24111057,0.706896552,-0.171717172,0.765225933,-0.132999444,1.054127199,0.026350461,0.966501241,-0.0170347,1.051282051,0.025,1.087988827,0.042140468,1.236507937,0.105748758,0.649956025,-0.212153518,0.580062794,-0.265772479,0.670598911,-0.197175448,0.725933202,-0.158793398,0.948652118,-0.026350461,0.916873449,-0.043365696,0.997300945,-0.001351351,1.032122905,0.01580756,1.173015873,0.079620161,0.708883026,-0.170355121,0.632653061,-0.225,0.731397459,-0.155136268,0.791748527,-0.11622807,1.03465982,0.0170347,1.090663058,0.043365696,1.087719298,0.042016807,1.125698324,0.05913272,1.279365079,0.122562674,0.65171504,-0.21086262,0.581632653,-0.264516129,0.672413793,-0.195876289,0.727897839,-0.157475839,0.951219512,-0.025,1.00270636,0.001351351,0.919354839,-0.042016807,1.034916201,0.017158545,1.176190476,0.080962801,0.629727353,-0.227199137,0.562009419,-0.28040201,0.649727768,-0.212321232,0.703339882,-0.174163783,0.919127086,-0.042140468,0.968876861,-0.01580756,0.888337469,-0.05913272,0.966261808,-0.017158545,1.136507937,0.063893016,0.55408971,-0.286926995,0.494505495,-0.338235294,0.57168784,-0.272517321,0.618860511,-0.235436893,0.80872914,-0.105748758,0.852503383,-0.079620161,0.781637717,-0.122562674,0.850202429,-0.080962801,0.879888268,-0.063893016
885,803,1226,1351,1154,1154,881,910,888,871,2.91,0.907475944,-0.048506015,1.062391681,0.030252101,1.062391681,0.030252101,1.391600454,0.163739915,1.347252747,0.147940075,1.380630631,0.159886471,1.407577497,0.169289461,1.385310734,0.161534818,1.526774595,0.208477082,1.101957586,0.048506015,1.170710572,0.078642715,1.170710572,0.078642715,1.533484677,0.210573477,1.484615385,0.19504644,1.521396396,0.206788745,1.5510907,0.216021602,1.526553672,0.208407871,1.682440847,0.254410399,0.941272431,-0.030252101,0.854182087,-0.078642715,1,0,1.309875142,0.134152334,1.268131868,0.118217054,1.29954955,0.130264447,1.324913892,0.139753086,1.303954802,0.131927415,1.437110834,0.179356157,0.941272431,-0.030252101,0.854182087,-0.078642715,1,0,1.309875142,0.134152334,1.268131868,0.118217054,1.29954955,0.130264447,1.324913892,0.139753086,1.303954802,0.131927415,1.437110834,0.179356157,0.718597064,-0.163739915,0.652109548,-0.210573477,0.763431542,-0.134152334,0.763431542,-0.134152334,0.968131868,-0.016192071,0.992117117,-0.003957038,1.011481056,0.005707763,0.995480226,-0.002265006,1.097135741,0.04631829,0.742251223,-0.147940075,0.67357513,-0.19504644,0.788561525,-0.118217054,0.788561525,-0.118217054,1.03291714,0.016192071,1.024774775,0.012235818,1.044776119,0.02189781,1.028248588,0.013927577,1.133250311,0.062463514,0.724306688,-0.159886471,0.657290896,-0.206788745,0.7694974,-0.130264447,0.7694974,-0.130264447,1.007945516,0.003957038,0.975824176,-0.012235818,1.019517796,0.009664582,1.003389831,0.001692047,1.105853051,0.050266115,0.710440457,-0.169289461,0.644707624,-0.216021602,0.754766031,-0.139753086,0.754766031,-0.139753086,0.988649262,-0.005707763,0.957142857,-0.02189781,0.980855856,-0.009664582,0.984180791,-0.007972665,1.084682441,0.040621266,0.721859706,-0.161534818,0.655070318,-0.208407871,0.766897747,-0.131927415,0.766897747,-0.131927415,1.004540295,0.002265006,0.972527473,-0.013927577,0.996621622,-0.001692047,1.016073479,0.007972665,1.102117061,0.048578199,0.65497553,-0.208477082,0.594374537,-0.254410399,0.695840555,-0.179356157,0.695840555,-0.179356157,0.911464245,-0.04631829,0.882417582,-0.062463514,0.904279279,-0.050266115,0.921928817,-0.040621266,0.907344633,-0.048578199
871,763,1013,1163,1031,989,870,838,878,830,2.03,0.871023216,-0.068933824,0.982541222,-0.008806262,1.024266936,0.011988012,1.164367816,0.075942645,1.208830549,0.09454349,1.153758542,0.071390799,1.220481928,0.099294628,1.163030999,0.07537155,1.327653997,0.140765766,1.148075025,0.068933824,1.128031038,0.060164084,1.175935288,0.080855019,1.336781609,0.144121987,1.387828162,0.162418791,1.324601367,0.139637433,1.401204819,0.167084797,1.335246843,0.143559489,1.524246396,0.20768432,1.017769003,0.008806262,0.88650043,-0.060164084,1.042467139,0.020792079,1.185057471,0.084692267,1.230310263,0.103263777,1.174259681,0.080146674,1.242168675,0.108006448,1.1836969,0.084121977,1.351245085,0.149386845,0.976307996,-0.011988012,0.85038693,-0.080855019,0.959262852,-0.020792079,1.136781609,0.06401291,1.180190931,0.082649152,1.12642369,0.059453669,1.191566265,0.087410665,1.135476464,0.06344086,1.296199214,0.128995434,0.858835143,-0.075942645,0.748065348,-0.144121987,0.843840931,-0.084692267,0.879676441,-0.06401291,1.038186158,0.018735363,0.990888383,-0.004576659,1.048192771,0.023529412,0.998851894,-0.000574383,1.140235911,0.065523576,0.827245805,-0.09454349,0.720550301,-0.162418791,0.812803104,-0.103263777,0.847320526,-0.082649152,0.963218391,-0.018735363,0.954441913,-0.023310023,1.009638554,0.004796163,0.962112514,-0.019309538,1.098296199,0.046845721,0.866732478,-0.071390799,0.75494411,-0.139637433,0.851600388,-0.080146674,0.88776542,-0.059453669,1.009195402,0.004576659,1.047732697,0.023310023,1.057831325,0.028103044,1.008036739,0.004002287,1.150720839,0.07007922,0.81934847,-0.099294628,0.713671539,-0.167084797,0.805043647,-0.108006448,0.839231547,-0.087410665,0.954022989,-0.023529412,0.990453461,-0.004796163,0.945330296,-0.028103044,0.952927669,-0.024103469,1.087811271,0.042059008,0.85982231,-0.07537155,0.748925193,-0.143559489,0.844810863,-0.084121977,0.880687563,-0.06344086,1.001149425,0.000574383,1.039379475,0.019309538,0.992027335,-0.004002287,1.04939759,0.024103469,1.141546527,0.066095471,0.753208292,-0.140765766,0.656061909,-0.20768432,0.740058196,-0.149386845,0.77148635,-0.128995434,0.877011494,-0.065523576,0.910501193,-0.046845721,0.869020501,-0.07007922,0.919277108,-0.042059008,0.876004592,-0.066095471
4175,3844,4950,4715,4594,5072,5023,5013,4764,4940,2.41,1.049840933,0.024314537,1.077492381,0.037300922,0.975946372,-0.012173219,0.985466852,-0.007319763,0.987432675,-0.006323397,1.039042821,0.019147622,1.002024291,0.001011122,1.185628743,0.084931507,1.287721124,0.125767569,0.952525253,-0.024314537,1.026338703,0.012998174,0.929613565,-0.036476959,0.938682063,-0.031628671,0.940554558,-0.030633224,0.989714526,-0.005169322,0.954453441,-0.023303988,1.129341317,0.060742407,1.226586889,0.101764225,0.928080808,-0.037300922,0.974337222,-0.012998174,0.905757098,-0.049451686,0.914592873,-0.044608506,0.916417315,-0.043614031,0.964315701,-0.018166275,0.929959514,-0.036291168,1.100359281,0.047781959,1.195109261,0.088883622,1.024646465,0.012173219,1.075715801,0.036476959,1.104048759,0.049451686,1.009755126,0.004853888,1.0117694,0.005850273,1.064651553,0.031313542,1.026720648,0.013184179,1.214850299,0.097004434,1.319458897,0.137729924,1.014747475,0.007319763,1.065323436,0.031628671,1.093382673,0.044608506,0.990339117,-0.004853888,1.001994813,0.000996413,1.054366079,0.026463676,1.016801619,0.008330824,1.203113772,0.092193955,1.306711759,0.132964926,1.012727273,0.006323397,1.063202545,0.030633224,1.091205921,0.043614031,0.988367508,-0.005850273,0.998009158,-0.000996413,1.052267003,0.025467935,1.014777328,0.007334472,1.200718563,0.091205921,1.304110302,0.131986,0.962424242,-0.019147622,1.010392365,0.005169322,1.037004789,0.018166275,0.939274448,-0.031313542,0.948437189,-0.026463676,0.950329144,-0.025467935,0.96437247,-0.018136851,1.141077844,0.065891039,1.239334027,0.106877323,0.997979798,-0.001011122,1.047720042,0.023303988,1.075315629,0.036291168,0.973974763,-0.013184179,0.98347601,-0.008330824,0.985437862,-0.007334472,1.036943745,0.018136851,1.183233533,0.083927592,1.285119667,0.124772313,0.843434343,-0.084931507,0.885471898,-0.060742407,0.908794079,-0.047781959,0.823146688,-0.097004434,0.831176588,-0.092193955,0.83283463,-0.091205921,0.8763644,-0.065891039,0.8451417,-0.083927592,1.086108221,0.041276967,0.776565657,-0.125767569,0.815270414,-0.101764225,0.836743579,-0.088883622,0.757886435,-0.137729924,0.765279713,-0.132964926,0.766806304,-0.131986,0.806884971,-0.106877323,0.778137652,-0.124772313,0.920718563,-0.041276967
967,901,1012,1065,1046,1069,968,1011,916,983,1.46,0.950234742,-0.025517573,0.96749522,-0.016520894,0.946679139,-0.027390678,1.045454545,0.022222222,1.00098912,0.000494315,1.104803493,0.049792531,1.029501526,0.014536341,1.046535677,0.022738757,1.123196448,0.058024046,1.052371542,0.025517573,1.018164436,0.009000474,0.996258185,-0.001874414,1.100206612,0.04771274,1.053412463,0.026011561,1.162663755,0.075214538,1.083418108,0.040039063,1.101344364,0.048228346,1.182019978,0.083418108,1.033596838,0.016520894,0.982159624,-0.009000474,0.978484565,-0.010874704,1.080578512,0.038728898,1.034619189,0.01701507,1.141921397,0.066258919,1.064089522,0.031049778,1.081695967,0.039244908,1.160932297,0.074473549,1.056324111,0.027390678,1.003755869,0.001874414,1.021988528,0.010874704,1.104338843,0.04958272,1.057368942,0.027884615,1.167030568,0.077078086,1.087487284,0.041910331,1.105480869,0.050098232,1.186459489,0.085279188,0.956521739,-0.022222222,0.908920188,-0.04771274,0.92543021,-0.038728898,0.905519177,-0.04958272,0.957467854,-0.021728146,1.056768559,0.027600849,0.98474059,-0.007688365,1.001034126,0.000516796,1.07436182,0.035848047,0.999011858,-0.000494315,0.949295775,-0.026011561,0.966539197,-0.01701507,0.945743686,-0.027884615,1.044421488,0.021728146,1.10371179,0.049299429,1.028484232,0.014042126,1.045501551,0.022244692,1.12208657,0.057531381,0.90513834,-0.049792531,0.860093897,-0.075214538,0.875717017,-0.066258919,0.856875585,-0.077078086,0.946280992,-0.027600849,0.90603363,-0.049299429,0.931841302,-0.035281727,0.947259566,-0.02708444,1.016648169,0.008255366,0.971343874,-0.014536341,0.923004695,-0.040039063,0.939770554,-0.031049778,0.919550982,-0.041910331,1.015495868,0.007688365,0.972304649,-0.014042126,1.073144105,0.035281727,1.016546019,0.008205128,1.091009989,0.043524416,0.955533597,-0.022738757,0.907981221,-0.048228346,0.924474187,-0.039244908,0.904583723,-0.050098232,0.998966942,-0.000516796,0.956478734,-0.022244692,1.055676856,0.02708444,0.983723296,-0.008205128,1.073251942,0.035331906,0.890316206,-0.058024046,0.84600939,-0.083418108,0.861376673,-0.074473549,0.842843779,-0.085279188,0.930785124,-0.035848047,0.891196835,-0.057531381,0.983624454,-0.008255366,0.916581892,-0.043524416,0.931747673,-0.035331906
917,839,1118,1253,1100,1098,950,935,872,914,1.85,0.892258579,-0.056938001,1.016363636,0.008115419,1.018214936,0.009025271,1.176842105,0.081237911,1.195721925,0.089137847,1.282110092,0.12361809,1.223194748,0.100393701,1.219193021,0.098771499,1.332538737,0.142565151,1.120751342,0.056938001,1.139090909,0.065023374,1.141165756,0.065929392,1.318947368,0.137539719,1.340106952,0.145338208,1.436926606,0.179294118,1.370897155,0.156437471,1.366412214,0.15483871,1.493444577,0.19789675,0.983899821,-0.008115419,0.877893057,-0.065023374,1.001821494,0.000909918,1.157894737,0.073170732,1.176470588,0.081081081,1.26146789,0.115618661,1.203501094,0.092353525,1.199563795,0.090728805,1.311084625,0.134605467,0.982110912,-0.009025271,0.876296887,-0.065929392,0.998181818,-0.000909918,1.155789474,0.072265625,1.174331551,0.080177078,1.259174312,0.114720812,1.20131291,0.091451292,1.19738277,0.089826303,1.308700834,0.133711926,0.849731664,-0.081237911,0.758180367,-0.137539719,0.863636364,-0.073170732,0.865209472,-0.072265625,1.016042781,0.00795756,1.089449541,0.042810099,1.039387309,0.019313305,1.035986914,0.017675415,1.132300358,0.062045836,0.836314848,-0.089137847,0.746209098,-0.145338208,0.85,-0.081081081,0.85154827,-0.080177078,0.984210526,-0.00795756,1.072247706,0.034864416,1.02297593,0.011357491,1.019629226,0.009719222,1.114421931,0.054114994,0.779964222,-0.12361809,0.695929769,-0.179294118,0.792727273,-0.115618661,0.79417122,-0.114720812,0.917894737,-0.042810099,0.932620321,-0.034864416,0.95404814,-0.023516237,0.950926936,-0.025153717,1.039332539,0.019286967,0.817531306,-0.100393701,0.729449322,-0.156437471,0.830909091,-0.092353525,0.832422587,-0.091451292,0.962105263,-0.019313305,0.977540107,-0.011357491,1.048165138,0.023516237,0.996728462,-0.001638449,1.089392133,0.042783799,0.820214669,-0.098771499,0.731843575,-0.15483871,0.833636364,-0.090728805,0.835154827,-0.089826303,0.965263158,-0.017675415,0.980748663,-0.009719222,1.051605505,0.025153717,1.003282276,0.001638449,1.092967819,0.044419134,0.750447227,-0.142565151,0.669592977,-0.19789675,0.762727273,-0.134605467,0.764116576,-0.133711926,0.883157895,-0.062045836,0.897326203,-0.054114994,0.962155963,-0.019286967,0.917943107,-0.042783799,0.914940022,-0.044419134
810,755,903,1007,933,935,746,766,712,784,1.21,0.896722939,-0.054450262,0.967845659,-0.016339869,0.965775401,-0.017410229,1.210455764,0.095209218,1.178851175,0.082085081,1.268258427,0.118266254,1.151785714,0.070539419,1.114814815,0.054290718,1.19602649,0.089264174,1.11517165,0.054450262,1.079314041,0.03814433,1.077005348,0.03707518,1.349865952,0.148887621,1.31462141,0.135927806,1.414325843,0.171611402,1.284438776,0.124511446,1.243209877,0.108420473,1.333774834,0.143019296,1.033222591,0.016339869,0.926514399,-0.03814433,0.997860963,-0.001070664,1.250670241,0.111375819,1.218015666,0.098293114,1.310393258,0.134346505,1.19005102,0.086779266,1.151851852,0.070567986,1.235761589,0.105450237,1.035437431,0.017410229,0.928500497,-0.03707518,1.002143623,0.001070664,1.253351206,0.112433076,1.220626632,0.099353322,1.313202247,0.135397693,1.192602041,0.087841768,1.154320988,0.071633238,1.238410596,0.106508876,0.826135105,-0.095209218,0.7408143,-0.148887621,0.799571275,-0.111375819,0.797860963,-0.112433076,0.973890339,-0.013227513,1.047752809,0.023319616,0.951530612,-0.024836601,0.920987654,-0.041131105,0.98807947,-0.005996003,0.848283499,-0.082085081,0.760675273,-0.135927806,0.821007503,-0.098293114,0.819251337,-0.099353322,1.026809651,0.013227513,1.075842697,0.036535859,0.977040816,-0.011612903,0.945679012,-0.027918782,1.014569536,0.007232084,0.788482835,-0.118266254,0.707050645,-0.171611402,0.763129689,-0.134346505,0.761497326,-0.135397693,0.954423592,-0.023319616,0.929503916,-0.036535859,0.908163265,-0.048128342,0.879012346,-0.064388962,0.943046358,-0.02931152,0.868217054,-0.070539419,0.778550149,-0.124511446,0.840300107,-0.086779266,0.838502674,-0.087841768,1.050938338,0.024836601,1.023498695,0.011612903,1.101123596,0.048128342,0.967901235,-0.016311167,1.038410596,0.018843405,0.897009967,-0.054290718,0.804369414,-0.108420473,0.868167203,-0.070567986,0.86631016,-0.071633238,1.085790885,0.041131105,1.057441253,0.027918782,1.137640449,0.064388962,1.033163265,0.016311167,1.072847682,0.03514377,0.836101883,-0.089264174,0.749751738,-0.143019296,0.809217578,-0.105450237,0.807486631,-0.106508876,1.012064343,0.005996003,0.985639687,-0.007232084,1.060393258,0.02931152,0.963010204,-0.018843405,0.932098765,-0.03514377
657,580,816,969,819,824,680,690,641,652,1.4,0.842105263,-0.085714286,0.996336996,-0.001834862,0.990291262,-0.004878049,1.2,0.090909091,1.182608696,0.083665339,1.27301092,0.120109815,1.251533742,0.111716621,1.242009132,0.107942974,1.406896552,0.169054441,1.1875,0.085714286,1.183150183,0.083892617,1.175970874,0.08087005,1.425,0.175257732,1.404347826,0.168173599,1.511700468,0.203726708,1.486196319,0.195558297,1.474885845,0.191881919,1.670689655,0.251129761,1.003676471,0.001834862,0.845201238,-0.083892617,0.993932039,-0.003043214,1.204411765,0.092728486,1.186956522,0.085487078,1.277691108,0.121917808,1.256134969,0.113528212,1.246575342,0.109756098,1.412068966,0.170836312,1.009803922,0.004878049,0.850361197,-0.08087005,1.006105006,0.003043214,1.211764706,0.095744681,1.194202899,0.088507266,1.28549142,0.124914676,1.263803681,0.116531165,1.254185693,0.112761648,1.420689655,0.173789174,0.833333333,-0.090909091,0.701754386,-0.175257732,0.83028083,-0.092728486,0.825242718,-0.095744681,0.985507246,-0.00729927,1.060842434,0.029523089,1.042944785,0.021021021,1.03500761,0.017202693,1.172413793,0.079365079,0.845588235,-0.083665339,0.712074303,-0.168173599,0.842490842,-0.085487078,0.837378641,-0.088507266,1.014705882,0.00729927,1.076443058,0.036814425,1.058282209,0.028315946,1.050228311,0.024498886,1.189655172,0.086614173,0.785539216,-0.120109815,0.661506708,-0.203726708,0.782661783,-0.121917808,0.777912621,-0.124914676,0.942647059,-0.029523089,0.928985507,-0.036814425,0.983128834,-0.008507347,0.97564688,-0.012326656,1.105172414,0.04995905,0.799019608,-0.111716621,0.672858617,-0.195558297,0.796092796,-0.113528212,0.791262136,-0.116531165,0.958823529,-0.021021021,0.944927536,-0.028315946,1.017160686,0.008507347,0.99238965,-0.00381971,1.124137931,0.058441558,0.805147059,-0.107942974,0.678018576,-0.191881919,0.802197802,-0.109756098,0.797330097,-0.112761648,0.966176471,-0.017202693,0.952173913,-0.024498886,1.024960998,0.012326656,1.007668712,0.00381971,1.132758621,0.062247373,0.710784314,-0.169054441,0.598555212,-0.251129761,0.708180708,-0.170836312,0.703883495,-0.173789174,0.852941176,-0.079365079,0.84057971,-0.086614173,0.904836193,-0.04995905,0.889570552,-0.058441558,0.882800609,-0.062247373
139,138,144,194,200,170,65,65,58,33,1,0.742268041,-0.147928994,0.72,-0.162790698,0.847058824,-0.082802548,2.215384615,0.377990431,2.215384615,0.377990431,2.482758621,0.425742574,4.363636364,0.627118644,1.035971223,0.017667845,1.043478261,0.021276596,1.347222222,0.147928994,0.97,-0.015228426,1.141176471,0.065934066,2.984615385,0.498069498,2.984615385,0.498069498,3.344827586,0.53968254,5.878787879,0.709251101,1.395683453,0.165165165,1.405797101,0.168674699,1.388888889,0.162790698,1.030927835,0.015228426,1.176470588,0.081081081,3.076923077,0.509433962,3.076923077,0.509433962,3.448275862,0.550387597,6.060606061,0.716738197,1.438848921,0.179941003,1.449275362,0.183431953,1.180555556,0.082802548,0.87628866,-0.065934066,0.85,-0.081081081,2.615384615,0.446808511,2.615384615,0.446808511,2.931034483,0.49122807,5.151515152,0.674876847,1.223021583,0.100323625,1.231884058,0.103896104,0.451388889,-0.377990431,0.335051546,-0.498069498,0.325,-0.509433962,0.382352941,-0.446808511,1,0,1.120689655,0.056910569,1.96969697,0.326530612,0.467625899,-0.362745098,0.471014493,-0.359605911,0.451388889,-0.377990431,0.335051546,-0.498069498,0.325,-0.509433962,0.382352941,-0.446808511,1,0,1.120689655,0.056910569,1.96969697,0.326530612,0.467625899,-0.362745098,0.471014493,-0.359605911,0.402777778,-0.425742574,0.298969072,-0.53968254,0.29,-0.550387597,0.341176471,-0.49122807,0.892307692,-0.056910569,0.892307692,-0.056910569,1.757575758,0.274725275,0.417266187,-0.411167513,0.420289855,-0.408163265,0.229166667,-0.627118644,0.170103093,-0.709251101,0.165,-0.716738197,0.194117647,-0.674876847,0.507692308,-0.326530612,0.507692308,-0.326530612,0.568965517,-0.274725275,0.237410072,-0.61627907,0.239130435,-0.614035088,0.965277778,-0.017667845,0.716494845,-0.165165165,0.695,-0.179941003,0.817647059,-0.100323625,2.138461538,0.362745098,2.138461538,0.362745098,2.396551724,0.411167513,4.212121212,0.61627907,1.007246377,0.003610108,0.958333333,-0.021276596,0.711340206,-0.168674699,0.69,-0.183431953,0.811764706,-0.103896104,2.123076923,0.359605911,2.123076923,0.359605911,2.379310345,0.408163265,4.181818182,0.614035088,0.992805755,-0.003610108
6209,4606,9504,9058,8624,9407,8838,8677,8430,8376,4.02,1.049238242,0.024027583,1.102040816,0.048543689,1.01031147,0.00512929,1.075356415,0.036310108,1.095309439,0.045487047,1.127402135,0.05988625,1.134670487,0.063087248,1.530681269,0.209698975,2.063395571,0.347129695,0.953072391,-0.024027583,1.050324675,0.024544735,0.962899968,-0.018900623,1.02489251,0.01229325,1.043909185,0.021482943,1.074495848,0.035910339,1.081423114,0.039118963,1.458850056,0.186611646,1.96656535,0.325819672,0.907407407,-0.048543689,0.952086553,-0.024544735,0.916764112,-0.043425212,0.975786377,-0.012255183,0.993891898,-0.003063407,1.023013049,0.01137563,1.029608405,0.014588235,1.388951522,0.162812647,1.872340426,0.303703704,0.989793771,-0.00512929,1.038529477,0.018900623,1.090793135,0.043425212,1.064381082,0.031186626,1.08413046,0.040367175,1.115895611,0.054773785,1.12308978,0.057976719,1.515058786,0.204789959,2.042336083,0.342610433,0.929924242,-0.036310108,0.975712078,-0.01229325,1.024814471,0.012255183,0.939513129,-0.031186626,1.0185548,0.009192121,1.048398577,0.023627519,1.055157593,0.02683862,1.42341762,0.174719213,1.918801563,0.314787266,0.912984007,-0.045487047,0.957937735,-0.021482943,1.00614564,0.003063407,0.922398214,-0.040367175,0.981783209,-0.009192121,1.029300119,0.014438534,1.035936008,0.017650853,1.397487518,0.165793363,1.883847156,0.306481969,0.886994949,-0.05988625,0.930669022,-0.035910339,0.977504638,-0.01137563,0.896141171,-0.054773785,0.953835709,-0.023627519,0.97153394,-0.014438534,1.006446991,0.003213138,1.357706555,0.151718014,1.83022145,0.293341516,0.881313131,-0.063087248,0.924707441,-0.039118963,0.971243043,-0.014588235,0.890400765,-0.057976719,0.94772573,-0.02683862,0.965310591,-0.017650853,0.993594306,-0.003213138,1.349009502,0.148577305,1.818497612,0.290402095,0.653303872,-0.209698975,0.685471406,-0.186611646,0.719967532,-0.162812647,0.660040395,-0.204789959,0.70253451,-0.174719213,0.715569897,-0.165793363,0.73653618,-0.151718014,0.741284623,-0.148577305,1.348024316,0.148220065,0.484638047,-0.347129695,0.508500773,-0.325819672,0.534090909,-0.303703704,0.489635378,-0.342610433,0.521158633,-0.314787266,0.530828627,-0.306481969,0.546381969,-0.293341516,0.549904489,-0.290402095,0.741826381,-0.148220065
460,373,747,748,778,655,557,698,641,511,1.95,0.998663102,-0.000668896,0.960154242,-0.020327869,1.140458015,0.065620542,1.341113106,0.145705521,1.070200573,0.033910035,1.165366615,0.076368876,1.46183953,0.187599364,1.623913043,0.237779619,2.002680965,0.333928571,1.001338688,0.000668896,0.961439589,-0.01965924,1.141984733,0.066286529,1.342908438,0.146360153,1.071633238,0.034578147,1.166926677,0.077033837,1.463796477,0.188244639,1.626086957,0.238410596,2.00536193,0.334522748,1.041499331,0.020327869,1.040106952,0.01965924,1.18778626,0.085833915,1.396768402,0.165543071,1.114613181,0.054200542,1.213728549,0.096546864,1.522504892,0.207137316,1.691304348,0.256865913,2.085790885,0.351867941,0.876840696,-0.065620542,0.875668449,-0.066286529,0.841902314,-0.085833915,1.175942549,0.080858086,0.938395415,-0.031781227,1.021840874,0.010802469,1.281800391,0.123499142,1.423913043,0.174887892,1.756032172,0.274319066,0.745649264,-0.145705521,0.744652406,-0.146360153,0.715938303,-0.165543071,0.850381679,-0.080858086,0.797994269,-0.112350598,0.868954758,-0.070116861,1.090019569,0.043071161,1.210869565,0.095378564,1.493297587,0.197849462,0.934404284,-0.033910035,0.93315508,-0.034578147,0.897172237,-0.054200542,1.065648855,0.031781227,1.253141831,0.112350598,1.088923557,0.042569081,1.365949119,0.154673284,1.517391304,0.20552677,1.871313673,0.303454715,0.858099063,-0.076368876,0.856951872,-0.077033837,0.823907455,-0.096546864,0.978625954,-0.010802469,1.150807899,0.070116861,0.918338109,-0.042569081,1.254403131,0.112847222,1.393478261,0.164396004,1.71849866,0.264299803,0.684069612,-0.187599364,0.68315508,-0.188244639,0.656812339,-0.207137316,0.780152672,-0.123499142,0.917414722,-0.043071161,0.732091691,-0.154673284,0.797191888,-0.112847222,1.110869565,0.052523172,1.36997319,0.156108597,0.615796519,-0.237779619,0.614973262,-0.238410596,0.59125964,-0.256865913,0.702290076,-0.174887892,0.825852783,-0.095378564,0.659025788,-0.20552677,0.717628705,-0.164396004,0.900195695,-0.052523172,1.233243968,0.104441777,0.499330656,-0.333928571,0.498663102,-0.334522748,0.479434447,-0.351867941,0.569465649,-0.274319066,0.669658887,-0.197849462,0.534383954,-0.303454715,0.581903276,-0.264299803,0.729941292,-0.156108597,0.810869565,-0.104441777
41,33,113,140,106,90,31,43,37,33,2.03,0.807142857,-0.106719368,1.066037736,0.03196347,1.255555556,0.113300493,3.64516129,0.569444444,2.627906977,0.448717949,3.054054054,0.506666667,3.424242424,0.547945205,2.756097561,0.467532468,3.424242424,0.547945205,1.238938053,0.106719368,1.320754717,0.138211382,1.555555556,0.217391304,4.516129032,0.637426901,3.255813953,0.530054645,3.783783784,0.581920904,4.242424242,0.61849711,3.414634146,0.546961326,4.242424242,0.61849711,0.938053097,-0.03196347,0.757142857,-0.138211382,1.177777778,0.081632653,3.419354839,0.547445255,2.465116279,0.422818792,2.864864865,0.482517483,3.212121212,0.525179856,2.585365854,0.442176871,3.212121212,0.525179856,0.796460177,-0.113300493,0.642857143,-0.217391304,0.849056604,-0.081632653,2.903225806,0.487603306,2.093023256,0.353383459,2.432432432,0.417322835,2.727272727,0.463414634,2.195121951,0.374045802,2.727272727,0.463414634,0.274336283,-0.569444444,0.221428571,-0.637426901,0.29245283,-0.547445255,0.344444444,-0.487603306,0.720930233,-0.162162162,0.837837838,-0.088235294,0.939393939,-0.03125,0.756097561,-0.138888889,0.939393939,-0.03125,0.380530973,-0.448717949,0.307142857,-0.530054645,0.405660377,-0.422818792,0.477777778,-0.353383459,1.387096774,0.162162162,1.162162162,0.075,1.303030303,0.131578947,1.048780488,0.023809524,1.303030303,0.131578947,0.327433628,-0.506666667,0.264285714,-0.581920904,0.349056604,-0.482517483,0.411111111,-0.417322835,1.193548387,0.088235294,0.860465116,-0.075,1.121212121,0.057142857,0.902439024,-0.051282051,1.121212121,0.057142857,0.292035398,-0.547945205,0.235714286,-0.61849711,0.311320755,-0.525179856,0.366666667,-0.463414634,1.064516129,0.03125,0.76744186,-0.131578947,0.891891892,-0.057142857,0.804878049,-0.108108108,1,0,0.362831858,-0.467532468,0.292857143,-0.546961326,0.386792453,-0.442176871,0.455555556,-0.374045802,1.322580645,0.138888889,0.953488372,-0.023809524,1.108108108,0.051282051,1.242424242,0.108108108,1.242424242,0.108108108,0.292035398,-0.547945205,0.235714286,-0.61849711,0.311320755,-0.525179856,0.366666667,-0.463414634,1.064516129,0.03125,0.76744186,-0.131578947,0.891891892,-0.057142857,1,0,0.804878049,-0.108108108
84,75,176,148,183,152,122,141,136,114,3.79,1.189189189,0.086419753,0.961748634,-0.019498607,1.157894737,0.073170732,1.442622951,0.181208054,1.24822695,0.110410095,1.294117647,0.128205128,1.543859649,0.213793103,2.095238095,0.353846154,2.346666667,0.402390438,0.840909091,-0.086419753,0.808743169,-0.105740181,0.973684211,-0.013333333,1.213114754,0.096296296,1.04964539,0.024221453,1.088235294,0.042253521,1.298245614,0.129770992,1.761904762,0.275862069,1.973333333,0.32735426,1.039772727,0.019498607,1.236486486,0.105740181,1.203947368,0.092537313,1.5,0.2,1.29787234,0.12962963,1.345588235,0.147335423,1.605263158,0.232323232,2.178571429,0.370786517,2.44,0.418604651,0.863636364,-0.073170732,1.027027027,0.013333333,0.830601093,-0.092537313,1.245901639,0.109489051,1.078014184,0.037542662,1.117647059,0.055555556,1.333333333,0.142857143,1.80952381,0.288135593,2.026666667,0.339207048,0.693181818,-0.181208054,0.824324324,-0.096296296,0.666666667,-0.2,0.802631579,-0.109489051,0.865248227,-0.072243346,0.897058824,-0.054263566,1.070175439,0.033898305,1.452380952,0.184466019,1.626666667,0.23857868,0.801136364,-0.110410095,0.952702703,-0.024221453,0.770491803,-0.12962963,0.927631579,-0.037542662,1.155737705,0.072243346,1.036764706,0.018050542,1.236842105,0.105882353,1.678571429,0.253333333,1.88,0.305555556,0.772727273,-0.128205128,0.918918919,-0.042253521,0.743169399,-0.147335423,0.894736842,-0.055555556,1.114754098,0.054263566,0.964539007,-0.018050542,1.192982456,0.088,1.619047619,0.236363636,1.813333333,0.289099526,0.647727273,-0.213793103,0.77027027,-0.129770992,0.62295082,-0.232323232,0.75,-0.142857143,0.93442623,-0.033898305,0.808510638,-0.105882353,0.838235294,-0.088,1.357142857,0.151515152,1.52,0.206349206,0.477272727,-0.353846154,0.567567568,-0.275862069,0.459016393,-0.370786517,0.552631579,-0.288135593,0.68852459,-0.184466019,0.595744681,-0.253333333,0.617647059,-0.236363636,0.736842105,-0.151515152,1.12,0.056603774,0.426136364,-0.402390438,0.506756757,-0.32735426,0.409836066,-0.418604651,0.493421053,-0.339207048,0.614754098,-0.23857868,0.531914894,-0.305555556,0.551470588,-0.289099526,0.657894737,-0.206349206,0.892857143,-0.056603774
87,78,57,103,132,158,79,117,107,92,3.98,0.553398058,-0.2875,0.431818182,-0.396825397,0.360759494,-0.469767442,0.721518987,-0.161764706,0.487179487,-0.344827586,0.53271028,-0.304878049,0.619565217,-0.234899329,0.655172414,-0.208333333,0.730769231,-0.155555556,1.807017544,0.2875,0.78030303,-0.123404255,0.651898734,-0.210727969,1.303797468,0.131868132,0.88034188,-0.063636364,0.962616822,-0.019047619,1.119565217,0.056410256,1.183908046,0.084210526,1.320512821,0.138121547,2.315789474,0.396825397,1.281553398,0.123404255,0.835443038,-0.089655172,1.670886076,0.251184834,1.128205128,0.060240964,1.23364486,0.10460251,1.434782609,0.178571429,1.517241379,0.205479452,1.692307692,0.257142857,2.771929825,0.469767442,1.533980583,0.210727969,1.196969697,0.089655172,2,0.333333333,1.35042735,0.149090909,1.476635514,0.19245283,1.717391304,0.264,1.816091954,0.289795918,2.025641026,0.338983051,1.385964912,0.161764706,0.766990291,-0.131868132,0.598484848,-0.251184834,0.5,-0.333333333,0.675213675,-0.193877551,0.738317757,-0.150537634,0.858695652,-0.076023392,0.908045977,-0.048192771,1.012820513,0.006369427,2.052631579,0.344827586,1.13592233,0.063636364,0.886363636,-0.060240964,0.740506329,-0.149090909,1.481012658,0.193877551,1.093457944,0.044642857,1.27173913,0.119617225,1.344827586,0.147058824,1.5,0.2,1.877192982,0.304878049,1.038834951,0.019047619,0.810606061,-0.10460251,0.67721519,-0.19245283,1.35443038,0.150537634,0.914529915,-0.044642857,1.163043478,0.075376884,1.229885057,0.103092784,1.371794872,0.156756757,1.614035088,0.234899329,0.893203883,-0.056410256,0.696969697,-0.178571429,0.582278481,-0.264,1.164556962,0.076023392,0.786324786,-0.119617225,0.859813084,-0.075376884,1.057471264,0.027932961,1.179487179,0.082352941,1.526315789,0.208333333,0.844660194,-0.084210526,0.659090909,-0.205479452,0.550632911,-0.289795918,1.101265823,0.048192771,0.743589744,-0.147058824,0.813084112,-0.103092784,0.945652174,-0.027932961,1.115384615,0.054545455,1.368421053,0.155555556,0.757281553,-0.138121547,0.590909091,-0.257142857,0.493670886,-0.338983051,0.987341772,-0.006369427,0.666666667,-0.2,0.728971963,-0.156756757,0.847826087,-0.082352941,0.896551724,-0.054545455
2986,2682,3828,3630,3285,3526,3442,3314,4306,3243,1.44,1.054545455,0.026548673,1.165296804,0.076339097,1.085649461,0.041066086,1.112144102,0.053094911,1.155099578,0.071968636,0.888992104,-0.058765675,1.180388529,0.082732287,1.281982585,0.123569122,1.427293065,0.176036866,0.948275862,-0.026548673,1.105022831,0.04989154,1.029495179,0.014533259,1.054619407,0.02658371,1.095353048,0.045506912,0.843009754,-0.085181452,1.11933395,0.056307289,1.215673141,0.097339782,1.353467562,0.150190114,0.85815047,-0.076339097,0.904958678,-0.04989154,0.931650596,-0.035383938,0.954386984,-0.023338784,0.991249246,-0.004394605,0.762888992,-0.134501383,1.012950971,0.006433824,1.100133958,0.047679796,1.224832215,0.101055807,0.921107628,-0.041066086,0.971349862,-0.014533259,1.073363775,0.035383938,1.024404416,0.012055109,1.063971032,0.030994152,0.818857408,-0.09959142,1.087264878,0.041808243,1.180843938,0.082923833,1.314690529,0.135953608,0.899164054,-0.053094911,0.948209366,-0.02658371,1.047792998,0.023338784,0.976176971,-0.012055109,1.038624019,0.018946122,0.799349745,-0.111512648,1.061362936,0.029768138,1.152712659,0.070939639,1.283370619,0.124101894,0.865726228,-0.071968636,0.912947658,-0.045506912,1.008828006,0.004394605,0.939875213,-0.030994152,0.962812318,-0.018946122,0.769623781,-0.130183727,1.021893309,0.010828123,1.109845948,0.052063492,1.235645041,0.105403602,1.124869383,0.058765675,1.186225895,0.085181452,1.310806697,0.134501383,1.22121384,0.09959142,1.251016851,0.111512648,1.29933615,0.130183727,1.327782917,0.140813353,1.44206296,0.181020296,1.60551827,0.232398397,0.847178683,-0.082732287,0.89338843,-0.056307289,0.987214612,-0.006433824,0.919739081,-0.041808243,0.942184776,-0.029768138,0.978575739,-0.010828123,0.75313516,-0.140813353,1.086068319,0.041258629,1.20917226,0.094683544,0.780041797,-0.123569122,0.822589532,-0.097339782,0.908980213,-0.047679796,0.846851957,-0.082923833,0.867518884,-0.070939639,0.901025951,-0.052063492,0.693450999,-0.181020296,0.92075239,-0.041258629,1.113348248,0.053634439,0.700626959,-0.176036866,0.738842975,-0.150190114,0.816438356,-0.101055807,0.760635281,-0.135953608,0.779198141,-0.124101894,0.809293905,-0.105403602,0.622851835,-0.232398397,0.827012026,-0.094683544,0.898191561,-0.053634439
49,47,337,489,278,208,34,54,41,34,4.61,0.689161554,-0.18401937,1.212230216,0.095934959,1.620192308,0.236697248,9.911764706,0.81671159,6.240740741,0.723785166,8.219512195,0.783068783,9.911764706,0.81671159,6.87755102,0.74611399,7.170212766,0.755208333,1.451038576,0.18401937,1.758992806,0.275097784,2.350961538,0.403156385,14.38235294,0.86998088,9.055555556,0.801104972,11.92682927,0.845283019,14.38235294,0.86998088,9.979591837,0.817843866,10.40425532,0.824626866,0.824925816,-0.095934959,0.568507157,-0.275097784,1.336538462,0.144032922,8.176470588,0.782051282,5.148148148,0.674698795,6.780487805,0.742946708,8.176470588,0.782051282,5.673469388,0.70030581,5.914893617,0.710769231,0.617210682,-0.236697248,0.425357873,-0.403156385,0.748201439,-0.144032922,6.117647059,0.719008264,3.851851852,0.58778626,5.073170732,0.670682731,6.117647059,0.719008264,4.244897959,0.618677043,4.425531915,0.631372549,0.100890208,-0.81671159,0.069529652,-0.86998088,0.122302158,-0.782051282,0.163461538,-0.719008264,0.62962963,-0.227272727,0.829268293,-0.093333333,1,0,0.693877551,-0.180722892,0.723404255,-0.160493827,0.160237389,-0.723785166,0.110429448,-0.801104972,0.194244604,-0.674698795,0.259615385,-0.58778626,1.588235294,0.227272727,1.317073171,0.136842105,1.588235294,0.227272727,1.102040816,0.048543689,1.14893617,0.069306931,0.121661721,-0.783068783,0.083844581,-0.845283019,0.147482014,-0.742946708,0.197115385,-0.670682731,1.205882353,0.093333333,0.759259259,-0.136842105,1.205882353,0.093333333,0.836734694,-0.088888889,0.872340426,-0.068181818,0.100890208,-0.81671159,0.069529652,-0.86998088,0.122302158,-0.782051282,0.163461538,-0.719008264,1,0,0.62962963,-0.227272727,0.829268293,-0.093333333,0.693877551,-0.180722892,0.723404255,-0.160493827,0.145400593,-0.74611399,0.100204499,-0.817843866,0.176258993,-0.70030581,0.235576923,-0.618677043,1.441176471,0.180722892,0.907407407,-0.048543689,1.195121951,0.088888889,1.441176471,0.180722892,1.042553191,0.020833333,0.139465875,-0.755208333,0.096114519,-0.824626866,0.169064748,-0.710769231,0.225961538,-0.631372549,1.382352941,0.160493827,0.87037037,-0.069306931,1.146341463,0.068181818,1.382352941,0.160493827,0.959183673,-0.020833333
5296,5278,6028,6209,6140,6687,6481,6315,5954,6082,2.56,0.970848768,-0.014791207,0.981758958,-0.009204471,0.901450576,-0.051828549,0.930103379,-0.036213926,0.954552652,-0.023252046,1.012428619,0.006175931,0.991121342,-0.004459125,1.138217523,0.064641469,1.14209928,0.066336459,1.030026543,0.014791207,1.011237785,0.005587497,0.92851802,-0.037065757,0.958031168,-0.0214342,0.983214568,-0.00846375,1.042828351,0.020965222,1.020881289,0.010332764,1.17239426,0.079356801,1.176392573,0.081048141,1.01857996,0.009204471,0.988887099,-0.005587497,0.918199492,-0.042644422,0.947384663,-0.027018461,0.972288203,-0.014050582,1.031239503,0.015379527,1.009536337,0.004745541,1.159365559,0.073802029,1.163319439,0.075494833,1.109323159,0.051828549,1.076985022,0.037065757,1.089087948,0.042644422,1.031785218,0.015643985,1.058907363,0.028610983,1.123110514,0.057985919,1.099473857,0.047380374,1.262651057,0.116081115,1.266957181,0.117760134,1.075149303,0.036213926,1.043807376,0.0214342,1.055537459,0.027018461,0.969193958,-0.015643985,1.026286619,0.012972804,1.088511925,0.042380378,1.06560342,0.03175993,1.223753776,0.100619852,1.227927245,0.102304618,1.047611148,0.023252046,1.017071992,0.00846375,1.028501629,0.014050582,0.944369672,-0.028610983,0.974386669,-0.012972804,1.060631508,0.029423751,1.038309767,0.01879487,1.192409366,0.087761605,1.196475938,0.08945053,0.987723955,-0.006175931,0.958930585,-0.020965222,0.96970684,-0.015379527,0.890384328,-0.057985919,0.918685388,-0.042380378,0.942834521,-0.029423751,0.978954291,-0.010634762,1.124244713,0.058488889,1.128078818,0.060185185,1.008958195,0.004459125,0.979545821,-0.010332764,0.990553746,-0.004745541,0.909525946,-0.047380374,0.938435427,-0.03175993,0.963103721,-0.01879487,1.021498153,0.010634762,1.148413897,0.069080682,1.152330428,0.070774648,0.878566689,-0.064641469,0.852955387,-0.079356801,0.862540717,-0.073802029,0.791984447,-0.116081115,0.817157846,-0.100619852,0.838638163,-0.087761605,0.88948606,-0.058488889,0.870766195,-0.069080682,1.003410383,0.001702289,0.875580624,-0.066336459,0.85005637,-0.081048141,0.859609121,-0.075494833,0.789292657,-0.117760134,0.814380497,-0.102304618,0.835787807,-0.08945053,0.886462882,-0.060185185,0.867806643,-0.070774648,0.996601208,-0.001702289
715,545,1027,888,685,734,670,661,1081,714,3.13,1.156531532,0.072584856,1.499270073,0.199766355,1.399182561,0.166382737,1.532835821,0.210371243,1.553706505,0.216824645,0.950046253,-0.025616698,1.43837535,0.179781735,1.436363636,0.179104478,1.88440367,0.306615776,0.864654333,-0.072584856,1.296350365,0.129052765,1.209809264,0.094944513,1.325373134,0.139922978,1.343419062,0.146546159,0.82146161,-0.098019299,1.243697479,0.108614232,1.241958042,0.107922645,1.629357798,0.23935799,0.666991237,-0.199766355,0.771396396,-0.129052765,0.933242507,-0.03453136,1.02238806,0.011070111,1.036308623,0.017830609,0.633672525,-0.224235561,0.959383754,-0.020729092,0.958041958,-0.021428571,1.256880734,0.113821138,0.714703019,-0.166382737,0.826576577,-0.094944513,1.071532847,0.03453136,1.095522388,0.045584046,1.110438729,0.052329749,0.679000925,-0.191184573,1.028011204,0.013812155,1.026573427,0.013112491,1.346788991,0.147771697,0.652385589,-0.210371243,0.754504505,-0.139922978,0.97810219,-0.011070111,0.91280654,-0.045584046,1.013615734,0.006761833,0.619796485,-0.234723015,0.93837535,-0.031791908,0.937062937,-0.032490975,1.229357798,0.102880658,0.643622201,-0.216824645,0.744369369,-0.146546159,0.964963504,-0.017830609,0.900544959,-0.052329749,0.986567164,-0.006761833,0.61147086,-0.241102181,0.925770308,-0.038545455,0.924475524,-0.039244186,1.212844037,0.096185738,1.052580331,0.025616698,1.217342342,0.098019299,1.57810219,0.224235561,1.472752044,0.191184573,1.613432836,0.234723015,1.635400908,0.241102181,1.514005602,0.204456825,1.511888112,0.203786192,1.983486239,0.329643296,0.695228822,-0.179781735,0.804054054,-0.108614232,1.042335766,0.020729092,0.972752044,-0.013812155,1.065671642,0.031791908,1.080181543,0.038545455,0.660499537,-0.204456825,0.998601399,-0.00069979,1.310091743,0.134233519,0.696202532,-0.179104478,0.80518018,-0.107922645,1.04379562,0.021428571,0.974114441,-0.013112491,1.067164179,0.032490975,1.081694402,0.039244186,0.661424607,-0.203786192,1.00140056,0.00069979,1.311926606,0.134920635,0.53067186,-0.306615776,0.613738739,-0.23935799,0.795620438,-0.113821138,0.742506812,-0.147771697,0.813432836,-0.102880658,0.824508321,-0.096185738,0.504162812,-0.329643296,0.763305322,-0.134233519,0.762237762,-0.134920635
101,85,158,201,174,111,27,45,47,33,1.9,0.786069652,-0.119777159,0.908045977,-0.048192771,1.423423423,0.17472119,5.851851852,0.708108108,3.511111111,0.556650246,3.361702128,0.541463415,4.787878788,0.654450262,1.564356436,0.22007722,1.858823529,0.300411523,1.272151899,0.119777159,1.155172414,0.072,1.810810811,0.288461538,7.444444444,0.763157895,4.466666667,0.634146341,4.276595745,0.620967742,6.090909091,0.717948718,1.99009901,0.331125828,2.364705882,0.405594406,1.101265823,0.048192771,0.865671642,-0.072,1.567567568,0.221052632,6.444444444,0.731343284,3.866666667,0.589041096,3.70212766,0.574660633,5.272727273,0.68115942,1.722772277,0.265454545,2.047058824,0.343629344,0.702531646,-0.17472119,0.552238806,-0.288461538,0.637931034,-0.221052632,4.111111111,0.608695652,2.466666667,0.423076923,2.361702128,0.405063291,3.363636364,0.541666667,1.099009901,0.047169811,1.305882353,0.132653061,0.170886076,-0.708108108,0.134328358,-0.763157895,0.155172414,-0.731343284,0.243243243,-0.608695652,0.6,-0.25,0.574468085,-0.27027027,0.818181818,-0.1,0.267326733,-0.578125,0.317647059,-0.517857143,0.284810127,-0.556650246,0.223880597,-0.634146341,0.25862069,-0.589041096,0.405405405,-0.423076923,1.666666667,0.25,0.957446809,-0.02173913,1.363636364,0.153846154,0.445544554,-0.383561644,0.529411765,-0.307692308,0.297468354,-0.541463415,0.233830846,-0.620967742,0.270114943,-0.574660633,0.423423423,-0.405063291,1.740740741,0.27027027,1.044444444,0.02173913,1.424242424,0.175,0.465346535,-0.364864865,0.552941176,-0.287878788,0.208860759,-0.654450262,0.164179104,-0.717948718,0.189655172,-0.68115942,0.297297297,-0.541666667,1.222222222,0.1,0.733333333,-0.153846154,0.70212766,-0.175,0.326732673,-0.507462687,0.388235294,-0.440677966,0.639240506,-0.22007722,0.502487562,-0.331125828,0.58045977,-0.265454545,0.90990991,-0.047169811,3.740740741,0.578125,2.244444444,0.383561644,2.14893617,0.364864865,3.060606061,0.507462687,1.188235294,0.086021505,0.537974684,-0.300411523,0.422885572,-0.405594406,0.488505747,-0.343629344,0.765765766,-0.132653061,3.148148148,0.517857143,1.888888889,0.307692308,1.808510638,0.287878788,2.575757576,0.440677966,0.841584158,-0.086021505
245,211,470,521,423,402,311,325,320,284,3.38,0.902111324,-0.051463169,1.111111111,0.052631579,1.169154229,0.077981651,1.511254019,0.203585147,1.446153846,0.182389937,1.46875,0.189873418,1.654929577,0.24668435,1.918367347,0.314685315,2.227488152,0.380323054,1.108510638,0.051463169,1.231678487,0.103813559,1.2960199,0.128927411,1.675241158,0.252403846,1.603076923,0.231678487,1.628125,0.239001189,1.834507042,0.294409938,2.126530612,0.360313316,2.469194313,0.423497268,0.9,-0.052631579,0.811900192,-0.103813559,1.052238806,0.025454545,1.360128617,0.152588556,1.301538462,0.131016043,1.321875,0.138627187,1.48943662,0.196605375,1.726530612,0.266467066,2.004739336,0.334384858,0.855319149,-0.077981651,0.77159309,-0.128927411,0.95035461,-0.025454545,1.292604502,0.127629734,1.236923077,0.105914718,1.25625,0.113573407,1.415492958,0.172011662,1.640816327,0.242658423,1.90521327,0.311582382,0.661702128,-0.203585147,0.596928983,-0.252403846,0.735224586,-0.152588556,0.773631841,-0.127629734,0.956923077,-0.022012579,0.971875,-0.014263074,1.095070423,0.045378151,1.269387755,0.118705036,1.473933649,0.191570881,0.691489362,-0.182389937,0.623800384,-0.231678487,0.768321513,-0.131016043,0.808457711,-0.105914718,1.045016077,0.022012579,1.015625,0.007751938,1.144366197,0.067323481,1.326530612,0.140350877,1.54028436,0.212686567,0.680851064,-0.189873418,0.614203455,-0.239001189,0.756501182,-0.138627187,0.7960199,-0.113573407,1.028938907,0.014263074,0.984615385,-0.007751938,1.126760563,0.059602649,1.306122449,0.132743363,1.516587678,0.20527307,0.604255319,-0.24668435,0.545105566,-0.294409938,0.671394799,-0.196605375,0.706467662,-0.172011662,0.91318328,-0.045378151,0.873846154,-0.067323481,0.8875,-0.059602649,1.159183673,0.073724008,1.345971564,0.147474747,0.521276596,-0.314685315,0.47024952,-0.360313316,0.579196217,-0.266467066,0.609452736,-0.242658423,0.78778135,-0.118705036,0.753846154,-0.140350877,0.765625,-0.132743363,0.862676056,-0.073724008,1.161137441,0.074561404,0.44893617,-0.380323054,0.404990403,-0.423497268,0.498817967,-0.334384858,0.524875622,-0.311582382,0.678456592,-0.191570881,0.649230769,-0.212686567,0.659375,-0.20527307,0.742957746,-0.147474747,0.86122449,-0.074561404
267,235,399,549,429,342,236,211,238,201,2.43,0.726775956,-0.158227848,0.93006993,-0.036231884,1.166666667,0.076923077,1.690677966,0.256692913,1.890995261,0.308196721,1.676470588,0.252747253,1.985074627,0.33,1.494382022,0.198198198,1.69787234,0.258675079,1.37593985,0.158227848,1.27972028,0.122699387,1.605263158,0.232323232,2.326271186,0.398726115,2.601895735,0.444736842,2.306722689,0.395171537,2.731343284,0.464,2.056179775,0.345588235,2.336170213,0.400510204,1.07518797,0.036231884,0.781420765,-0.122699387,1.254385965,0.112840467,1.81779661,0.290225564,2.033175355,0.340625,1.802521008,0.286356822,2.134328358,0.361904762,1.606741573,0.232758621,1.825531915,0.292168675,0.857142857,-0.076923077,0.62295082,-0.232323232,0.797202797,-0.112840467,1.449152542,0.183391003,1.620853081,0.236889693,1.43697479,0.179310345,1.701492537,0.259668508,1.280898876,0.123152709,1.455319149,0.185441941,0.591478697,-0.256692913,0.429872495,-0.398726115,0.55011655,-0.290225564,0.69005848,-0.183391003,1.118483412,0.055928412,0.991596639,-0.004219409,1.174129353,0.080091533,0.883895131,-0.061630219,1.004255319,0.002123142,0.528822055,-0.308196721,0.384335155,-0.444736842,0.491841492,-0.340625,0.616959064,-0.236889693,0.894067797,-0.055928412,0.886554622,-0.06013363,1.049751244,0.024271845,0.790262172,-0.117154812,0.89787234,-0.053811659,0.596491228,-0.252747253,0.433515483,-0.395171537,0.554778555,-0.286356822,0.695906433,-0.179310345,1.008474576,0.004219409,1.127962085,0.06013363,1.184079602,0.08428246,0.891385768,-0.057425743,1.012765957,0.006342495,0.503759398,-0.33,0.366120219,-0.464,0.468531469,-0.361904762,0.587719298,-0.259668508,0.851694915,-0.080091533,0.952606635,-0.024271845,0.844537815,-0.08428246,0.752808989,-0.141025641,0.855319149,-0.077981651,0.669172932,-0.198198198,0.486338798,-0.345588235,0.622377622,-0.232758621,0.780701754,-0.123152709,1.131355932,0.061630219,1.265402844,0.117154812,1.121848739,0.057425743,1.328358209,0.141025641,1.136170213,0.06374502,0.588972431,-0.258675079,0.428051002,-0.400510204,0.547785548,-0.292168675,0.687134503,-0.185441941,0.995762712,-0.002123142,1.113744076,0.053811659,0.987394958,-0.006342495,1.169154229,0.077981651,0.880149813,-0.06374502
401,370,549,626,579,512,401,391,435,364,1.79,0.876996805,-0.065531915,0.948186528,-0.026595745,1.072265625,0.034872762,1.369077307,0.155789474,1.404092072,0.168085106,1.262068966,0.115853659,1.508241758,0.202628697,1.369077307,0.155789474,1.483783784,0.194776931,1.140255009,0.065531915,1.081174439,0.039004149,1.22265625,0.100175747,1.561097257,0.219084713,1.601023018,0.23107178,1.43908046,0.18001885,1.71978022,0.264646465,1.561097257,0.219084713,1.691891892,0.257028112,1.054644809,0.026595745,0.924920128,-0.039004149,1.130859375,0.061411549,1.443890274,0.181632653,1.480818414,0.193814433,1.331034483,0.142011834,1.590659341,0.227995758,1.443890274,0.181632653,1.564864865,0.220231823,0.932604736,-0.034872762,0.817891374,-0.100175747,0.884283247,-0.061411549,1.27680798,0.121577218,1.309462916,0.133997785,1.177011494,0.081309398,1.406593407,0.168949772,1.27680798,0.121577218,1.383783784,0.160997732,0.730418944,-0.155789474,0.64057508,-0.219084713,0.692573402,-0.181632653,0.783203125,-0.121577218,1.025575448,0.012626263,0.92183908,-0.040669856,1.101648352,0.048366013,1,0,1.083783784,0.040207523,0.712204007,-0.168085106,0.624600639,-0.23107178,0.675302245,-0.193814433,0.763671875,-0.133997785,0.975062344,-0.012626263,0.898850575,-0.053268765,1.074175824,0.035761589,0.975062344,-0.012626263,1.056756757,0.027595269,0.792349727,-0.115853659,0.694888179,-0.18001885,0.751295337,-0.142011834,0.849609375,-0.081309398,1.08478803,0.040669856,1.112531969,0.053268765,1.195054945,0.088861076,1.08478803,0.040669856,1.175675676,0.080745342,0.663023679,-0.202628697,0.581469649,-0.264646465,0.628670121,-0.227995758,0.7109375,-0.168949772,0.907730673,-0.048366013,0.930946292,-0.035761589,0.836781609,-0.088861076,0.907730673,-0.048366013,0.983783784,-0.008174387,0.730418944,-0.155789474,0.64057508,-0.219084713,0.692573402,-0.181632653,0.783203125,-0.121577218,1,0,1.025575448,0.012626263,0.92183908,-0.040669856,1.101648352,0.048366013,1.083783784,0.040207523,0.673952641,-0.194776931,0.591054313,-0.257028112,0.639032815,-0.220231823,0.72265625,-0.160997732,0.922693267,-0.040207523,0.94629156,-0.027595269,0.850574713,-0.080745342,1.016483516,0.008174387,0.922693267,-0.040207523
684,606,929,1080,947,876,716,680,758,691,2.39,0.860185185,-0.075161772,0.980992608,-0.009594883,1.060502283,0.029362881,1.297486034,0.129483283,1.366176471,0.154754506,1.225593668,0.101363367,1.344428365,0.14691358,1.358187135,0.151890887,1.5330033,0.210423453,1.162540366,0.075161772,1.140443506,0.065614208,1.232876712,0.104294479,1.508379888,0.202672606,1.588235294,0.227272727,1.424802111,0.175190424,1.562952243,0.219649915,1.578947368,0.224489796,1.782178218,0.28113879,1.019375673,0.009594883,0.876851852,-0.065614208,1.081050228,0.038946791,1.322625698,0.138905592,1.392647059,0.164105716,1.249340369,0.11085044,1.370477569,0.156288156,1.384502924,0.161250766,1.562706271,0.219575016,0.942949408,-0.029362881,0.811111111,-0.104294479,0.925026399,-0.038946791,1.223463687,0.100502513,1.288235294,0.12596401,1.155672823,0.072215422,1.267727931,0.118059987,1.280701754,0.123076923,1.445544554,0.182186235,0.770721206,-0.129483283,0.662962963,-0.202672606,0.756071806,-0.138905592,0.817351598,-0.100502513,1.052941176,0.025787966,0.944591029,-0.028493894,1.03617945,0.017768301,1.046783626,0.022857143,1.181518152,0.083207262,0.73196986,-0.154754506,0.62962963,-0.227272727,0.718057022,-0.164105716,0.776255708,-0.12596401,0.94972067,-0.025787966,0.897097625,-0.054242003,0.984081042,-0.008023341,0.994152047,-0.002932551,1.122112211,0.057542768,0.815931109,-0.101363367,0.701851852,-0.175190424,0.800422386,-0.11085044,0.865296804,-0.072215422,1.058659218,0.028493894,1.114705882,0.054242003,1.096960926,0.046238785,1.108187135,0.051317614,1.250825083,0.11143695,0.743810549,-0.14691358,0.639814815,-0.219649915,0.72967265,-0.156288156,0.788812785,-0.118059987,0.965083799,-0.017768301,1.016176471,0.008023341,0.911609499,-0.046238785,1.010233918,0.005090909,1.140264026,0.065535852,0.736275565,-0.151890887,0.633333333,-0.224489796,0.722280887,-0.161250766,0.780821918,-0.123076923,0.955307263,-0.022857143,1.005882353,0.002932551,0.90237467,-0.051317614,0.989869754,-0.005090909,1.128712871,0.060465116,0.652314316,-0.210423453,0.561111111,-0.28113879,0.639915523,-0.219575016,0.691780822,-0.182186235,0.846368715,-0.083207262,0.891176471,-0.057542768,0.799472296,-0.11143695,0.87698987,-0.065535852,0.885964912,-0.060465116
731,645,937,1029,918,945,840,820,830,809,3.42,0.910592809,-0.046795524,1.020697168,0.010242588,0.991534392,-0.004250797,1.11547619,0.054586382,1.142682927,0.06659078,1.128915663,0.060554612,1.158220025,0.073310424,1.281805746,0.123501199,1.452713178,0.184576485,1.098185699,0.046795524,1.120915033,0.057010786,1.088888889,0.042553191,1.225,0.101123596,1.254878049,0.113034072,1.239759036,0.107046799,1.271940667,0.119695321,1.407660739,0.169318182,1.595348837,0.229390681,0.979722519,-0.010242588,0.89212828,-0.057010786,0.971428571,-0.014492754,1.092857143,0.044368601,1.119512195,0.056386651,1.106024096,0.050343249,1.13473424,0.063115229,1.255813953,0.113402062,1.423255814,0.174664107,1.008537887,0.004250797,0.918367347,-0.042553191,1.029411765,0.014492754,1.125,0.058823529,1.152439024,0.07082153,1.138554217,0.064788732,1.168108776,0.077537058,1.292749658,0.127684964,1.465116279,0.188679245,0.896478122,-0.054586382,0.816326531,-0.101123596,0.91503268,-0.044368601,0.888888889,-0.058823529,1.024390244,0.012048193,1.012048193,0.005988024,1.038318912,0.018799272,1.149110807,0.069382559,1.302325581,0.131313131,0.875133404,-0.06659078,0.796890185,-0.113034072,0.893246187,-0.056386651,0.867724868,-0.07082153,0.976190476,-0.012048193,0.987951807,-0.006060606,1.013597033,0.006752609,1.121751026,0.057382334,1.271317829,0.119453925,0.885805763,-0.060554612,0.806608358,-0.107046799,0.904139434,-0.050343249,0.878306878,-0.064788732,0.988095238,-0.005988024,1.012195122,0.006060606,1.025957973,0.012812691,1.135430917,0.063420884,1.286821705,0.125423729,0.86339381,-0.073310424,0.786200194,-0.119695321,0.881263617,-0.063115229,0.856084656,-0.077537058,0.963095238,-0.018799272,0.986585366,-0.006752609,0.974698795,-0.012812691,1.106703146,0.050649351,1.254263566,0.112792297,0.780149413,-0.123501199,0.710398445,-0.169318182,0.796296296,-0.113402062,0.773544974,-0.127684964,0.870238095,-0.069382559,0.891463415,-0.057382334,0.880722892,-0.063420884,0.903584672,-0.050649351,1.133333333,0.0625,0.688367129,-0.184576485,0.626822157,-0.229390681,0.702614379,-0.174664107,0.682539683,-0.188679245,0.767857143,-0.131313131,0.786585366,-0.119453925,0.777108434,-0.125423729,0.797280593,-0.112792297,0.882352941,-0.0625
2149,2562,1723,1751,1789,2138,2414,2669,1924,2824,2.42,0.984009138,-0.008059873,0.963107881,-0.018792711,0.805893358,-0.107485107,0.713753107,-0.167029248,0.645560135,-0.215391621,0.895530146,-0.055113792,0.610127479,-0.242137673,0.801768264,-0.110020661,0.672521468,-0.1957993,1.016250725,0.008059873,0.978759083,-0.010734463,0.81898971,-0.099511443,0.725352113,-0.159183673,0.656050955,-0.207692308,0.91008316,-0.04707483,0.620042493,-0.234535519,0.81479758,-0.102051282,0.683450429,-0.18803617,1.038305281,0.018792711,1.021701885,0.010734463,0.83676333,-0.088871912,0.741093621,-0.148703307,0.670288498,-0.197397936,0.92983368,-0.03635874,0.633498584,-0.224365922,0.832480223,-0.091416963,0.698282592,-0.177660308,1.240858967,0.107485107,1.221016562,0.099511443,1.195081051,0.088871912,0.885666943,-0.060632689,0.801049082,-0.110463907,1.111226611,0.052683407,0.757082153,-0.138250705,0.99488134,-0.002565897,0.834504294,-0.090212766,1.401044689,0.167029248,1.378640777,0.159183673,1.349357183,0.148703307,1.12909261,0.060632689,0.904458599,-0.050167224,1.254677755,0.112955279,0.854815864,-0.07827415,1.123313169,0.058075827,0.942232631,-0.029742765,1.549042368,0.215391621,1.524271845,0.207692308,1.491894913,0.197397936,1.248362956,0.110463907,1.105633803,0.050167224,1.387214137,0.162203353,0.945113314,-0.028217732,1.241973011,0.107928601,1.041764247,0.02045498,1.116656994,0.055113792,1.098800685,0.04707483,1.075461151,0.03635874,0.899906455,-0.052683407,0.797017399,-0.112955279,0.720869239,-0.162203353,0.681303116,-0.189553496,0.89530014,-0.055241836,0.7509758,-0.142220241,1.639001741,0.242137673,1.61279269,0.234535519,1.578535495,0.224365922,1.320860617,0.138250705,1.169842585,0.07827415,1.058074185,0.028217732,1.467775468,0.189553496,1.314099581,0.135732958,1.102263856,0.048644634,1.24724318,0.110020661,1.227298686,0.102051282,1.201229737,0.091416963,1.005144995,0.002565897,0.890223695,-0.058075827,0.805170476,-0.107928601,1.116943867,0.055241836,0.760977337,-0.135732958,0.838797814,-0.087667162,1.486941381,0.1957993,1.463163906,0.18803617,1.432084964,0.177660308,1.198316183,0.090212766,1.061309031,0.029742765,0.959910079,-0.02045498,1.331600832,0.142220241,0.907223796,-0.048644634,1.19218241,0.087667162
1059,949,1306,1437,1284,1270,1074,1055,1035,1040,1.66,0.908837857,-0.047757929,1.017133956,0.008494208,1.028346457,0.013975155,1.216014898,0.097478992,1.237914692,0.106310885,1.261835749,0.115762495,1.255769231,0.113384484,1.233238905,0.104439746,1.376185458,0.158314856,1.100306279,0.047757929,1.119158879,0.056229327,1.131496063,0.06169191,1.337988827,0.144563919,1.362085308,0.15329053,1.388405797,0.162621359,1.381730769,0.160274526,1.35694051,0.151442308,1.514225501,0.204526404,0.983154671,-0.008494208,0.893528184,-0.056229327,1.011023622,0.005481597,1.195530726,0.089058524,1.217061611,0.097905088,1.24057971,0.107373868,1.234615385,0.104991394,1.212464589,0.09603073,1.353003161,0.150022391,0.972434916,-0.013975155,0.883785665,-0.06169191,0.989096573,-0.005481597,1.182495345,0.083617747,1.203791469,0.092473118,1.22705314,0.101952278,1.221153846,0.0995671,1.19924457,0.090596823,1.33825079,0.144659757,0.822358346,-0.097478992,0.747390397,-0.144563919,0.836448598,-0.089058524,0.845669291,-0.083617747,1.018009479,0.008924378,1.037681159,0.018492176,1.032692308,0.016083254,1.014164306,0.007032349,1.131717597,0.061789422,0.807810107,-0.106310885,0.734168406,-0.15329053,0.82165109,-0.097905088,0.830708661,-0.092473118,0.982309125,-0.008924378,1.019323671,0.009569378,1.014423077,0.007159905,0.996222852,-0.001892148,1.111696523,0.052894212,0.792496172,-0.115762495,0.720250522,-0.162621359,0.806074766,-0.107373868,0.81496063,-0.101952278,0.963687151,-0.018492176,0.981042654,-0.009569378,0.995192308,-0.002409639,0.97733711,-0.011461318,1.090621707,0.043346774,0.796324655,-0.113384484,0.723729993,-0.160274526,0.809968847,-0.104991394,0.818897638,-0.0995671,0.968342644,-0.016083254,0.985781991,-0.007159905,1.004830918,0.002409639,0.982058546,-0.009051929,1.095890411,0.045751634,0.810872894,-0.104439746,0.736951983,-0.151442308,0.824766355,-0.09603073,0.833858268,-0.090596823,0.98603352,-0.007032349,1.003791469,0.001892148,1.023188406,0.011461318,1.018269231,0.009051929,1.115911486,0.054780876,0.726646248,-0.158314856,0.660403619,-0.204526404,0.739096573,-0.150022391,0.747244094,-0.144659757,0.883612663,-0.061789422,0.899526066,-0.052894212,0.916908213,-0.043346774,0.9125,-0.045751634,0.896128423,-0.054780876
141,126,293,325,244,215,175,151,152,174,1.3,0.901538462,-0.051779935,1.200819672,0.091247672,1.362790698,0.153543307,1.674285714,0.252136752,1.940397351,0.31981982,1.927631579,0.316853933,1.683908046,0.254817987,2.078014184,0.350230415,2.325396825,0.398568019,1.109215017,0.051779935,1.331967213,0.142355009,1.511627907,0.203703704,1.857142857,0.3,2.152317881,0.365546218,2.138157895,0.362683438,1.867816092,0.30260521,2.304964539,0.394849785,2.579365079,0.441241685,0.832764505,-0.091247672,0.750769231,-0.142355009,1.134883721,0.063180828,1.394285714,0.164677804,1.61589404,0.235443038,1.605263158,0.232323232,1.402298851,0.167464115,1.730496454,0.267532468,1.936507937,0.318918919,0.733788396,-0.153543307,0.661538462,-0.203703704,0.881147541,-0.063180828,1.228571429,0.102564103,1.42384106,0.174863388,1.414473684,0.171662125,1.235632184,0.105398458,1.524822695,0.207865169,1.706349206,0.260997067,0.597269625,-0.252136752,0.538461538,-0.3,0.717213115,-0.164677804,0.813953488,-0.102564103,1.158940397,0.073619632,1.151315789,0.070336391,1.005747126,0.00286533,1.241134752,0.107594937,1.388888889,0.162790698,0.515358362,-0.31981982,0.464615385,-0.365546218,0.618852459,-0.235443038,0.702325581,-0.174863388,0.862857143,-0.073619632,0.993421053,-0.00330033,0.867816092,-0.070769231,1.070921986,0.034246575,1.198412698,0.090252708,0.518771331,-0.316853933,0.467692308,-0.362683438,0.62295082,-0.232323232,0.706976744,-0.171662125,0.868571429,-0.070336391,1.006622517,0.00330033,0.873563218,-0.067484663,1.078014184,0.037542662,1.206349206,0.09352518,0.593856655,-0.254817987,0.535384615,-0.30260521,0.713114754,-0.167464115,0.809302326,-0.105398458,0.994285714,-0.00286533,1.152317881,0.070769231,1.144736842,0.067484663,1.234042553,0.104761905,1.380952381,0.16,0.481228669,-0.350230415,0.433846154,-0.394849785,0.577868852,-0.267532468,0.655813953,-0.207865169,0.805714286,-0.107594937,0.933774834,-0.034246575,0.927631579,-0.037542662,0.810344828,-0.104761905,1.119047619,0.056179775,0.43003413,-0.398568019,0.387692308,-0.441241685,0.516393443,-0.318918919,0.586046512,-0.260997067,0.72,-0.162790698,0.834437086,-0.090252708,0.828947368,-0.09352518,0.724137931,-0.16,0.893617021,-0.056179775
891,861,1174,1287,1115,1115,958,970,835,928,1.99,0.912198912,-0.045916294,1.052914798,0.025775448,1.052914798,0.025775448,1.225469729,0.101313321,1.210309278,0.095149254,1.405988024,0.168740667,1.265086207,0.117031399,1.317620651,0.137046005,1.363530778,0.153808354,1.096252129,0.045916294,1.15426009,0.071606994,1.15426009,0.071606994,1.3434238,0.146547884,1.326804124,0.140451927,1.541317365,0.213006598,1.386853448,0.162076749,1.444444444,0.181818182,1.494773519,0.198324022,0.949744463,-0.025775448,0.866355866,-0.071606994,1,0,1.16388309,0.075735649,1.149484536,0.069544365,1.335329341,0.143589744,1.201508621,0.091532061,1.251402918,0.111665005,1.295005807,0.12854251,0.949744463,-0.025775448,0.866355866,-0.071606994,1,0,1.16388309,0.075735649,1.149484536,0.069544365,1.335329341,0.143589744,1.201508621,0.091532061,1.251402918,0.111665005,1.295005807,0.12854251,0.816013629,-0.101313321,0.744366744,-0.146547884,0.859192825,-0.075735649,0.859192825,-0.075735649,0.987628866,-0.006224066,1.147305389,0.068600112,1.032327586,0.015906681,1.075196409,0.036235803,1.112659698,0.053326003,0.826235094,-0.095149254,0.753690754,-0.140451927,0.869955157,-0.069544365,0.869955157,-0.069544365,1.012526096,0.006224066,1.161676647,0.074792244,1.045258621,0.022128556,1.088664422,0.042450296,1.12659698,0.059530311,0.711243612,-0.168740667,0.648795649,-0.213006598,0.748878924,-0.143589744,0.748878924,-0.143589744,0.871607516,-0.068600112,0.860824742,-0.074792244,0.899784483,-0.052750993,0.93714927,-0.032444959,0.969802555,-0.015330189,0.790459966,-0.117031399,0.721056721,-0.162076749,0.832286996,-0.091532061,0.832286996,-0.091532061,0.96868476,-0.015906681,0.956701031,-0.022128556,1.111377246,0.052750993,1.041526375,0.020340847,1.077816492,0.03745109,0.758943782,-0.137046005,0.692307692,-0.181818182,0.799103139,-0.111665005,0.799103139,-0.111665005,0.93006263,-0.036235803,0.918556701,-0.042450296,1.067065868,0.032444959,0.96012931,-0.020340847,1.034843206,0.017123288,0.733390119,-0.153808354,0.668997669,-0.198324022,0.772197309,-0.12854251,0.772197309,-0.12854251,0.89874739,-0.053326003,0.887628866,-0.059530311,1.031137725,0.015330189,0.927801724,-0.03745109,0.966329966,-0.017123288
167,141,130,151,135,144,58,62,48,68,4,0.860927152,-0.074733096,0.962962963,-0.018867925,0.902777778,-0.051094891,2.24137931,0.382978723,2.096774194,0.354166667,2.708333333,0.460674157,1.911764706,0.313131313,0.778443114,-0.124579125,0.921985816,-0.040590406,1.161538462,0.074733096,1.118518519,0.055944056,1.048611111,0.023728814,2.603448276,0.444976077,2.435483871,0.417840376,3.145833333,0.51758794,2.220588235,0.378995434,0.904191617,-0.050314465,1.070921986,0.034246575,1.038461538,0.018867925,0.894039735,-0.055944056,0.9375,-0.032258065,2.327586207,0.398963731,2.177419355,0.370558376,2.8125,0.475409836,1.985294118,0.330049261,0.808383234,-0.105960265,0.957446809,-0.02173913,1.107692308,0.051094891,0.953642384,-0.023728814,1.066666667,0.032258065,2.482758621,0.425742574,2.322580645,0.398058252,3,0.5,2.117647059,0.358490566,0.862275449,-0.073954984,1.021276596,0.010526316,0.446153846,-0.382978723,0.38410596,-0.444976077,0.42962963,-0.398963731,0.402777778,-0.425742574,0.935483871,-0.033333333,1.208333333,0.094339623,0.852941176,-0.079365079,0.347305389,-0.484444444,0.411347518,-0.417085427,0.476923077,-0.354166667,0.410596026,-0.417840376,0.459259259,-0.370558376,0.430555556,-0.398058252,1.068965517,0.033333333,1.291666667,0.127272727,0.911764706,-0.046153846,0.371257485,-0.458515284,0.439716312,-0.389162562,0.369230769,-0.460674157,0.317880795,-0.51758794,0.355555556,-0.475409836,0.333333333,-0.5,0.827586207,-0.094339623,0.774193548,-0.127272727,0.705882353,-0.172413793,0.28742515,-0.553488372,0.340425532,-0.492063492,0.523076923,-0.313131313,0.450331126,-0.378995434,0.503703704,-0.330049261,0.472222222,-0.358490566,1.172413793,0.079365079,1.096774194,0.046153846,1.416666667,0.172413793,0.407185629,-0.421276596,0.482269504,-0.349282297,1.284615385,0.124579125,1.105960265,0.050314465,1.237037037,0.105960265,1.159722222,0.073954984,2.879310345,0.484444444,2.693548387,0.458515284,3.479166667,0.553488372,2.455882353,0.421276596,1.184397163,0.084415584,1.084615385,0.040590406,0.933774834,-0.034246575,1.044444444,0.02173913,0.979166667,-0.010526316,2.431034483,0.417085427,2.274193548,0.389162562,2.9375,0.492063492,2.073529412,0.349282297,0.844311377,-0.084415584
579,517,681,780,690,694,575,562,500,550,1.56,0.873076923,-0.067761807,0.986956522,-0.006564551,0.981268012,-0.009454545,1.184347826,0.084394904,1.211743772,0.095736122,1.362,0.153259949,1.238181818,0.106417547,1.176165803,0.080952381,1.3172147,0.136894825,1.145374449,0.067761807,1.130434783,0.06122449,1.123919308,0.05834464,1.356521739,0.151291513,1.387900356,0.162444113,1.56,0.21875,1.418181818,0.172932331,1.347150259,0.14790287,1.508704062,0.202775636,1.013215859,0.006564551,0.884615385,-0.06122449,0.994236311,-0.002890173,1.2,0.090909091,1.227758007,0.102236422,1.38,0.159663866,1.254545455,0.112903226,1.191709845,0.087470449,1.334622824,0.143330572,1.019089574,0.009454545,0.88974359,-0.05834464,1.005797101,0.002890173,1.206956522,0.093774626,1.234875445,0.105095541,1.388,0.162479062,1.261818182,0.115755627,1.198618307,0.090337785,1.342359768,0.146160198,0.844346549,-0.084394904,0.737179487,-0.151291513,0.833333333,-0.090909091,0.828530259,-0.093774626,1.023131673,0.011433597,1.15,0.069767442,1.045454545,0.022222222,0.993091537,-0.003466205,1.112185687,0.053113553,0.825256975,-0.095736122,0.720512821,-0.162444113,0.814492754,-0.102236422,0.809798271,-0.105095541,0.977391304,-0.011433597,1.124,0.058380414,1.021818182,0.010791367,0.970639033,-0.014899211,1.087040619,0.041705283,0.734214391,-0.153259949,0.641025641,-0.21875,0.724637681,-0.159663866,0.720461095,-0.162479062,0.869565217,-0.069767442,0.889679715,-0.058380414,0.909090909,-0.047619048,0.863557858,-0.073215941,0.967117988,-0.016715831,0.80763583,-0.106417547,0.705128205,-0.172932331,0.797101449,-0.112903226,0.792507205,-0.115755627,0.956521739,-0.022222222,0.978647687,-0.010791367,1.1,0.047619048,0.949913644,-0.025686448,1.063829787,0.030927835,0.850220264,-0.080952381,0.742307692,-0.14790287,0.839130435,-0.087470449,0.834293948,-0.090337785,1.006956522,0.003466205,1.03024911,0.014899211,1.158,0.073215941,1.052727273,0.025686448,1.119922631,0.056569343,0.75917768,-0.136894825,0.662820513,-0.202775636,0.749275362,-0.143330572,0.744956772,-0.146160198,0.899130435,-0.053113553,0.919928826,-0.041705283,1.034,0.016715831,0.94,-0.030927835,0.892918826,-0.056569343
4025,3708,5412,4651,4110,4355,4230,4089,4866,4020,2.49,1.163620727,0.075623571,1.316788321,0.13673598,1.242709529,0.108221562,1.279432624,0.122588675,1.32355099,0.1392485,1.112207152,0.053123176,1.346268657,0.147582697,1.344596273,0.146974674,1.459546926,0.186842105,0.859386548,-0.075623571,1.13163017,0.061750942,1.067967853,0.032866978,1.099527187,0.047404572,1.137441917,0.064302059,0.955815865,-0.022591153,1.156965174,0.072771307,1.15552795,0.072153066,1.254314995,0.112812537,0.759423503,-0.13673598,0.883680929,-0.061750942,0.943742824,-0.028942705,0.971631206,-0.014388489,1.00513573,0.002561288,0.844636252,-0.084224599,1.02238806,0.011070111,1.021118012,0.010448679,1.108414239,0.0514198,0.804693274,-0.108221562,0.936357773,-0.032866978,1.059610706,0.028942705,1.029550827,0.01456028,1.06505258,0.031501658,0.894985614,-0.055416983,1.083333333,0.04,1.081987578,0.039379475,1.174487594,0.080243086,0.781596452,-0.122588675,0.909481832,-0.047404572,1.02919708,0.014388489,0.971297359,-0.01456028,1.034482759,0.016949153,0.869297164,-0.069920844,1.052238806,0.025454545,1.050931677,0.024833434,1.140776699,0.065759637,0.755543237,-0.1392485,0.879165771,-0.064302059,0.994890511,-0.002561288,0.938920781,-0.031501658,0.966666667,-0.016949153,0.840320592,-0.086767169,1.017164179,0.008509064,1.015900621,0.007887602,1.102750809,0.048864948,0.899113082,-0.053123176,1.046226618,0.022591153,1.183941606,0.084224599,1.117336395,0.055416983,1.15035461,0.069920844,1.19002201,0.086767169,1.210447761,0.095205942,1.208944099,0.094590035,1.312297735,0.135059482,0.742793792,-0.147582697,0.864330252,-0.072771307,0.97810219,-0.011070111,0.923076923,-0.04,0.95035461,-0.025454545,0.983125459,-0.008509064,0.826140567,-0.095205942,0.998757764,-0.000621504,1.084142395,0.040372671,0.743717664,-0.146974674,0.865405289,-0.072153066,0.979318735,-0.010448679,0.924225029,-0.039379475,0.951536643,-0.024833434,0.984348251,-0.007887602,0.827168105,-0.094590035,1.001243781,0.000621504,1.085490831,0.040993146,0.685144124,-0.186842105,0.797247904,-0.112812537,0.902189781,-0.0514198,0.851435132,-0.080243086,0.876595745,-0.065759637,0.906823184,-0.048864948,0.762022195,-0.135059482,0.92238806,-0.040372671,0.921242236,-0.040993146
1105,761,2027,1545,1327,1686,1606,1447,1746,1243,3.22,1.31197411,0.13493841,1.527505652,0.208706023,1.202253855,0.091839483,1.262141968,0.115882191,1.400829302,0.166954519,1.16093929,0.074476544,1.6307321,0.239755352,1.83438914,0.294380587,2.663600526,0.454088953,0.762210163,-0.13493841,1.164280332,0.075905292,0.916370107,-0.04363974,0.962017435,-0.019358934,1.06772633,0.032754011,0.884879725,-0.061075661,1.242960579,0.108321377,1.398190045,0.166037736,2.03022339,0.339982654,0.654662062,-0.208706023,0.858899676,-0.075905292,0.787069988,-0.119150348,0.826276463,-0.095124446,0.9170698,-0.043258832,0.76002291,-0.136348845,1.067578439,0.032684825,1.200904977,0.091282895,1.743758213,0.271072797,0.83177109,-0.091839483,1.091262136,0.04363974,1.270535041,0.119150348,1.0498132,0.024301337,1.165169316,0.076284711,0.965635739,-0.017482517,1.356395817,0.151246159,1.525791855,0.208169115,2.215505913,0.378013895,0.792303897,-0.115882191,1.039482201,0.019358934,1.210248681,0.095124446,0.952550415,-0.024301337,1.109882516,0.052079921,0.919816724,-0.04176611,1.292035398,0.127413127,1.453393665,0.184802656,2.110381078,0.356991973,0.713862852,-0.166954519,0.936569579,-0.032754011,1.09042954,0.043258832,0.858244365,-0.076284711,0.900996264,-0.052079921,0.828751432,-0.093642343,1.164119067,0.075836431,1.309502262,0.134012539,1.901445466,0.310688406,0.861371485,-0.074476544,1.130097087,0.061075661,1.315749812,0.136348845,1.035587189,0.017482517,1.087173101,0.04176611,1.206634416,0.093642343,1.40466613,0.168283707,1.580090498,0.224833392,2.29434954,0.39289988,0.61322151,-0.239755352,0.804530744,-0.108321377,0.936699322,-0.032684825,0.737247924,-0.151246159,0.773972603,-0.127413127,0.859018659,-0.075836431,0.711912944,-0.168283707,1.124886878,0.058773424,1.633377135,0.240518962,0.545140602,-0.294380587,0.715210356,-0.166037736,0.83270535,-0.091282895,0.65539739,-0.208169115,0.688044832,-0.184802656,0.763648929,-0.134012539,0.632875143,-0.224833392,0.888978278,-0.058773424,1.452036794,0.184351554,0.375431672,-0.454088953,0.492556634,-0.339982654,0.573474002,-0.271072797,0.451364176,-0.378013895,0.47384807,-0.356991973,0.525915688,-0.310688406,0.435853379,-0.39289988,0.612228479,-0.240518962,0.688687783,-0.184351554
59,47,160,143,162,154,54,85,77,49,2.99,1.118881119,0.056105611,0.987654321,-0.00621118,1.038961039,0.01910828,2.962962963,0.495327103,1.882352941,0.306122449,2.077922078,0.35021097,3.265306122,0.531100478,2.711864407,0.461187215,3.404255319,0.54589372,0.89375,-0.056105611,0.882716049,-0.062295082,0.928571429,-0.037037037,2.648148148,0.45177665,1.682352941,0.254385965,1.857142857,0.3,2.918367347,0.489583333,2.423728814,0.415841584,3.042553191,0.505263158,1.0125,0.00621118,1.132867133,0.062295082,1.051948052,0.025316456,3,0.5,1.905882353,0.311740891,2.103896104,0.355648536,3.306122449,0.535545024,2.745762712,0.466063348,3.446808511,0.550239234,0.9625,-0.01910828,1.076923077,0.037037037,0.950617284,-0.025316456,2.851851852,0.480769231,1.811764706,0.288702929,2,0.333333333,3.142857143,0.517241379,2.610169492,0.44600939,3.276595745,0.532338308,0.3375,-0.495327103,0.377622378,-0.45177665,0.333333333,-0.5,0.350649351,-0.480769231,0.635294118,-0.223021583,0.701298701,-0.175572519,1.102040816,0.048543689,0.915254237,-0.044247788,1.14893617,0.069306931,0.53125,-0.306122449,0.594405594,-0.254385965,0.524691358,-0.311740891,0.551948052,-0.288702929,1.574074074,0.223021583,1.103896104,0.049382716,1.734693878,0.268656716,1.440677966,0.180555556,1.808510638,0.287878788,0.48125,-0.35021097,0.538461538,-0.3,0.475308642,-0.355648536,0.5,-0.333333333,1.425925926,0.175572519,0.905882353,-0.049382716,1.571428571,0.222222222,1.305084746,0.132352941,1.638297872,0.241935484,0.30625,-0.531100478,0.342657343,-0.489583333,0.302469136,-0.535545024,0.318181818,-0.517241379,0.907407407,-0.048543689,0.576470588,-0.268656716,0.636363636,-0.222222222,0.830508475,-0.092592593,1.042553191,0.020833333,0.36875,-0.461187215,0.412587413,-0.415841584,0.364197531,-0.466063348,0.383116883,-0.44600939,1.092592593,0.044247788,0.694117647,-0.180555556,0.766233766,-0.132352941,1.204081633,0.092592593,1.255319149,0.113207547,0.29375,-0.54589372,0.328671329,-0.505263158,0.290123457,-0.550239234,0.305194805,-0.532338308,0.87037037,-0.069306931,0.552941176,-0.287878788,0.61038961,-0.241935484,0.959183673,-0.020833333,0.796610169,-0.113207547
1554,1363,1374,1414,1442,1623,1803,1943,1597,1931,1.05,0.971711457,-0.014347202,0.952843273,-0.024147727,0.846580407,-0.083083083,0.762063228,-0.13503305,0.707153886,-0.171540549,0.860363181,-0.075058903,0.711548421,-0.168532526,0.884169884,-0.06147541,1.008070433,0.004018999,1.029112082,0.014347202,0.980582524,-0.009803922,0.871226124,-0.068817912,0.784248475,-0.120920112,0.727740607,-0.157581174,0.885410144,-0.06077715,0.732263076,-0.154559043,0.90990991,-0.047169811,1.037417461,0.018365142,1.049490539,0.024147727,1.01980198,0.009803922,0.888478127,-0.059053834,0.799778148,-0.111248074,0.742151312,-0.148005908,0.902943018,-0.05100362,0.746763335,-0.1449748,0.927927928,-0.037383178,1.057960382,0.028163993,1.181222707,0.083083083,1.147807638,0.068817912,1.125520111,0.059053834,0.900166389,-0.052539405,0.835306227,-0.089736399,1.016280526,0.008074534,0.840497152,-0.086662915,1.044401544,0.021718602,1.190755686,0.087073007,1.312227074,0.13503305,1.275106082,0.120920112,1.250346741,0.111248074,1.11090573,0.052539405,0.927946475,-0.037373198,1.12899186,0.060588235,0.933713102,-0.034279593,1.16023166,0.074173369,1.322817315,0.138976627,1.41411936,0.171540549,1.374115983,0.157581174,1.347434119,0.148005908,1.197165742,0.089736399,1.077648364,0.037373198,1.21665623,0.097740113,1.006214397,0.003097574,1.25032175,0.111238204,1.425531915,0.175438596,1.162299854,0.075058903,1.129420085,0.06077715,1.107489598,0.05100362,0.983980283,-0.008074534,0.885745979,-0.060588235,0.821924858,-0.097740113,0.827032626,-0.094671202,1.027670528,0.013646461,1.171680117,0.079054054,1.405385735,0.168532526,1.36562942,0.154559043,1.339112344,0.1449748,1.189772027,0.086662915,1.07099279,0.034279593,0.993823984,-0.003097574,1.209142142,0.094671202,1.242599743,0.108177905,1.416727806,0.17243473,1.131004367,0.06147541,1.099009901,0.047169811,1.077669903,0.037383178,0.957486137,-0.021718602,0.861896839,-0.074173369,0.799794133,-0.111238204,0.973074515,-0.013646461,0.804764371,-0.108177905,1.140132062,0.065478231,0.991994178,-0.004018999,0.963932107,-0.018365142,0.945214979,-0.028163993,0.839802834,-0.087073007,0.755962285,-0.138976627,0.701492537,-0.175438596,0.853475266,-0.079054054,0.70585189,-0.17243473,0.877091377,-0.065478231
53,54,93,87,113,95,26,36,42,29,1.91,1.068965517,0.033333333,0.82300885,-0.097087379,0.978947368,-0.010638298,3.576923077,0.56302521,2.583333333,0.441860465,2.214285714,0.377777778,3.206896552,0.524590164,1.754716981,0.273972603,1.722222222,0.265306122,0.935483871,-0.033333333,0.769911504,-0.13,0.915789474,-0.043956044,3.346153846,0.539823009,2.416666667,0.414634146,2.071428571,0.348837209,3,0.5,1.641509434,0.242857143,1.611111111,0.234042553,1.215053763,0.097087379,1.298850575,0.13,1.189473684,0.086538462,4.346153846,0.625899281,3.138888889,0.516778523,2.69047619,0.458064516,3.896551724,0.591549296,2.132075472,0.361445783,2.092592593,0.353293413,1.021505376,0.010638298,1.091954023,0.043956044,0.840707965,-0.086538462,3.653846154,0.570247934,2.638888889,0.450381679,2.261904762,0.386861314,3.275862069,0.532258065,1.79245283,0.283783784,1.759259259,0.275167785,0.279569892,-0.56302521,0.298850575,-0.539823009,0.230088496,-0.625899281,0.273684211,-0.570247934,0.722222222,-0.161290323,0.619047619,-0.235294118,0.896551724,-0.054545455,0.490566038,-0.341772152,0.481481481,-0.35,0.387096774,-0.441860465,0.413793103,-0.414634146,0.318584071,-0.516778523,0.378947368,-0.450381679,1.384615385,0.161290323,0.857142857,-0.076923077,1.24137931,0.107692308,0.679245283,-0.191011236,0.666666667,-0.2,0.451612903,-0.377777778,0.482758621,-0.348837209,0.371681416,-0.458064516,0.442105263,-0.386861314,1.615384615,0.235294118,1.166666667,0.076923077,1.448275862,0.183098592,0.79245283,-0.115789474,0.777777778,-0.125,0.311827957,-0.524590164,0.333333333,-0.5,0.256637168,-0.591549296,0.305263158,-0.532258065,1.115384615,0.054545455,0.805555556,-0.107692308,0.69047619,-0.183098592,0.547169811,-0.292682927,0.537037037,-0.301204819,0.569892473,-0.273972603,0.609195402,-0.242857143,0.469026549,-0.361445783,0.557894737,-0.283783784,2.038461538,0.341772152,1.472222222,0.191011236,1.261904762,0.115789474,1.827586207,0.292682927,0.981481481,-0.009345794,0.580645161,-0.265306122,0.620689655,-0.234042553,0.477876106,-0.353293413,0.568421053,-0.275167785,2.076923077,0.35,1.5,0.2,1.285714286,0.125,1.862068966,0.301204819,1.018867925,0.009345794
45,43,58,61,75,73,29,32,32,36,16.32,0.950819672,-0.025210084,0.773333333,-0.127819549,0.794520548,-0.114503817,2,0.333333333,1.8125,0.288888889,1.8125,0.288888889,1.611111111,0.234042553,1.288888889,0.126213592,1.348837209,0.148514851,1.051724138,0.025210084,0.813333333,-0.102941176,0.835616438,-0.089552239,2.103448276,0.355555556,1.90625,0.311827957,1.90625,0.311827957,1.694444444,0.257731959,1.355555556,0.150943396,1.418604651,0.173076923,1.293103448,0.127819549,1.229508197,0.102941176,1.02739726,0.013513514,2.586206897,0.442307692,2.34375,0.401869159,2.34375,0.401869159,2.083333333,0.351351351,1.666666667,0.25,1.744186047,0.271186441,1.25862069,0.114503817,1.196721311,0.089552239,0.973333333,-0.013513514,2.517241379,0.431372549,2.28125,0.39047619,2.28125,0.39047619,2.027777778,0.339449541,1.622222222,0.237288136,1.697674419,0.25862069,0.5,-0.333333333,0.475409836,-0.355555556,0.386666667,-0.442307692,0.397260274,-0.431372549,0.90625,-0.049180328,0.90625,-0.049180328,0.805555556,-0.107692308,0.644444444,-0.216216216,0.674418605,-0.194444444,0.551724138,-0.288888889,0.524590164,-0.311827957,0.426666667,-0.401869159,0.438356164,-0.39047619,1.103448276,0.049180328,1,0,0.888888889,-0.058823529,0.711111111,-0.168831169,0.744186047,-0.146666667,0.551724138,-0.288888889,0.524590164,-0.311827957,0.426666667,-0.401869159,0.438356164,-0.39047619,1.103448276,0.049180328,1,0,0.888888889,-0.058823529,0.711111111,-0.168831169,0.744186047,-0.146666667,0.620689655,-0.234042553,0.590163934,-0.257731959,0.48,-0.351351351,0.493150685,-0.339449541,1.24137931,0.107692308,1.125,0.058823529,1.125,0.058823529,0.8,-0.111111111,0.837209302,-0.088607595,0.775862069,-0.126213592,0.737704918,-0.150943396,0.6,-0.25,0.616438356,-0.237288136,1.551724138,0.216216216,1.40625,0.168831169,1.40625,0.168831169,1.25,0.111111111,1.046511628,0.022727273,0.74137931,-0.148514851,0.704918033,-0.173076923,0.573333333,-0.271186441,0.589041096,-0.25862069,1.482758621,0.194444444,1.34375,0.146666667,1.34375,0.146666667,1.194444444,0.088607595,0.955555556,-0.022727273
33,39,35,68,108,119,45,48,44,43,2.44,0.514705882,-0.32038835,0.324074074,-0.51048951,0.294117647,-0.545454545,0.777777778,-0.125,0.729166667,-0.156626506,0.795454545,-0.113924051,0.813953488,-0.102564103,1.060606061,0.029411765,0.897435897,-0.054054054,1.942857143,0.32038835,0.62962963,-0.227272727,0.571428571,-0.272727273,1.511111111,0.203539823,1.416666667,0.172413793,1.545454545,0.214285714,1.581395349,0.225225225,2.060606061,0.346534653,1.743589744,0.271028037,3.085714286,0.51048951,1.588235294,0.227272727,0.907563025,-0.04845815,2.4,0.411764706,2.25,0.384615385,2.454545455,0.421052632,2.511627907,0.430463576,3.272727273,0.531914894,2.769230769,0.469387755,3.4,0.545454545,1.75,0.272727273,1.101851852,0.04845815,2.644444444,0.451219512,2.479166667,0.425149701,2.704545455,0.460122699,2.76744186,0.469135802,3.606060606,0.565789474,3.051282051,0.506329114,1.285714286,0.125,0.661764706,-0.203539823,0.416666667,-0.411764706,0.378151261,-0.451219512,0.9375,-0.032258065,1.022727273,0.011235955,1.046511628,0.022727273,1.363636364,0.153846154,1.153846154,0.071428571,1.371428571,0.156626506,0.705882353,-0.172413793,0.444444444,-0.384615385,0.403361345,-0.425149701,1.066666667,0.032258065,1.090909091,0.043478261,1.11627907,0.054945055,1.454545455,0.185185185,1.230769231,0.103448276,1.257142857,0.113924051,0.647058824,-0.214285714,0.407407407,-0.421052632,0.369747899,-0.460122699,0.977777778,-0.011235955,0.916666667,-0.043478261,1.023255814,0.011494253,1.333333333,0.142857143,1.128205128,0.060240964,1.228571429,0.102564103,0.632352941,-0.225225225,0.398148148,-0.430463576,0.361344538,-0.469135802,0.955555556,-0.022727273,0.895833333,-0.054945055,0.977272727,-0.011494253,1.303030303,0.131578947,1.102564103,0.048780488,0.942857143,-0.029411765,0.485294118,-0.346534653,0.305555556,-0.531914894,0.277310924,-0.565789474,0.733333333,-0.153846154,0.6875,-0.185185185,0.75,-0.142857143,0.76744186,-0.131578947,0.846153846,-0.083333333,1.114285714,0.054054054,0.573529412,-0.271028037,0.361111111,-0.469387755,0.327731092,-0.506329114,0.866666667,-0.071428571,0.8125,-0.103448276,0.886363636,-0.060240964,0.906976744,-0.048780488,1.181818182,0.083333333
100,66,330,484,478,555,290,363,329,302,1.39,0.681818182,-0.189189189,0.690376569,-0.183168317,0.594594595,-0.254237288,1.137931034,0.064516129,0.909090909,-0.047619048,1.003039514,0.001517451,1.092715232,0.044303797,3.3,0.534883721,5,0.666666667,1.466666667,0.189189189,1.012552301,0.006237006,0.872072072,-0.068334937,1.668965517,0.250645995,1.333333333,0.142857143,1.47112462,0.190651907,1.602649007,0.231552163,4.84,0.657534247,7.333333333,0.76,1.448484848,0.183168317,0.987603306,-0.006237006,0.861261261,-0.074540174,1.648275862,0.244791667,1.316804408,0.136741974,1.452887538,0.184634449,1.582781457,0.225641026,4.78,0.653979239,7.242424242,0.757352941,1.681818182,0.254237288,1.146694215,0.068334937,1.161087866,0.074540174,1.913793103,0.313609467,1.52892562,0.209150327,1.686930091,0.255656109,1.837748344,0.295215869,5.55,0.694656489,8.409090909,0.787439614,0.878787879,-0.064516129,0.599173554,-0.250645995,0.606694561,-0.244791667,0.522522523,-0.313609467,0.798898072,-0.11179173,0.881458967,-0.063004847,0.960264901,-0.02027027,2.9,0.487179487,4.393939394,0.629213483,1.1,0.047619048,0.75,-0.142857143,0.759414226,-0.136741974,0.654054054,-0.209150327,1.251724138,0.11179173,1.103343465,0.049132948,1.201986755,0.091729323,3.63,0.568034557,5.5,0.692307692,0.996969697,-0.001517451,0.679752066,-0.190651907,0.688284519,-0.184634449,0.592792793,-0.255656109,1.134482759,0.063004847,0.906336088,-0.049132948,1.089403974,0.042789223,3.29,0.533799534,4.984848485,0.665822785,0.915151515,-0.044303797,0.623966942,-0.231552163,0.631799163,-0.225641026,0.544144144,-0.295215869,1.04137931,0.02027027,0.831955923,-0.091729323,0.917933131,-0.042789223,3.02,0.502487562,4.575757576,0.641304348,0.303030303,-0.534883721,0.20661157,-0.657534247,0.209205021,-0.653979239,0.18018018,-0.694656489,0.344827586,-0.487179487,0.275482094,-0.568034557,0.303951368,-0.533799534,0.331125828,-0.502487562,1.515151515,0.204819277,0.2,-0.666666667,0.136363636,-0.76,0.138075314,-0.757352941,0.118918919,-0.787439614,0.227586207,-0.629213483,0.181818182,-0.692307692,0.200607903,-0.665822785,0.218543046,-0.641304348,0.66,-0.204819277
101,110,85,175,156,125,7,30,28,30,1.99,0.485714286,-0.346153846,0.544871795,-0.294605809,0.68,-0.19047619,12.14285714,0.847826087,2.833333333,0.47826087,3.035714286,0.504424779,2.833333333,0.47826087,0.841584158,-0.086021505,0.772727273,-0.128205128,2.058823529,0.346153846,1.121794872,0.057401813,1.4,0.166666667,25,0.923076923,5.833333333,0.707317073,6.25,0.724137931,5.833333333,0.707317073,1.732673267,0.268115942,1.590909091,0.228070175,1.835294118,0.294605809,0.891428571,-0.057401813,1.248,0.110320285,22.28571429,0.914110429,5.2,0.677419355,5.571428571,0.695652174,5.2,0.677419355,1.544554455,0.214007782,1.418181818,0.172932331,1.470588235,0.19047619,0.714285714,-0.166666667,0.801282051,-0.110320285,17.85714286,0.893939394,4.166666667,0.612903226,4.464285714,0.633986928,4.166666667,0.612903226,1.237623762,0.10619469,1.136363636,0.063829787,0.082352941,-0.847826087,0.04,-0.923076923,0.044871795,-0.914110429,0.056,-0.893939394,0.233333333,-0.621621622,0.25,-0.6,0.233333333,-0.621621622,0.069306931,-0.87037037,0.063636364,-0.88034188,0.352941176,-0.47826087,0.171428571,-0.707317073,0.192307692,-0.677419355,0.24,-0.612903226,4.285714286,0.621621622,1.071428571,0.034482759,1,0,0.297029703,-0.541984733,0.272727273,-0.571428571,0.329411765,-0.504424779,0.16,-0.724137931,0.179487179,-0.695652174,0.224,-0.633986928,4,0.6,0.933333333,-0.034482759,0.933333333,-0.034482759,0.277227723,-0.565891473,0.254545455,-0.594202899,0.352941176,-0.47826087,0.171428571,-0.707317073,0.192307692,-0.677419355,0.24,-0.612903226,4.285714286,0.621621622,1,0,1.071428571,0.034482759,0.297029703,-0.541984733,0.272727273,-0.571428571,1.188235294,0.086021505,0.577142857,-0.268115942,0.647435897,-0.214007782,0.808,-0.10619469,14.42857143,0.87037037,3.366666667,0.541984733,3.607142857,0.565891473,3.366666667,0.541984733,0.918181818,-0.042654028,1.294117647,0.128205128,0.628571429,-0.228070175,0.705128205,-0.172932331,0.88,-0.063829787,15.71428571,0.88034188,3.666666667,0.571428571,3.928571429,0.594202899,3.666666667,0.571428571,1.089108911,0.042654028
297,256,412,560,373,335,255,282,250,273,1.46,0.735714286,-0.152263374,1.104557641,0.049681529,1.229850746,0.103078983,1.615686275,0.235382309,1.460992908,0.187319885,1.648,0.244712991,1.509157509,0.202919708,1.387205387,0.162200282,1.609375,0.233532934,1.359223301,0.152263374,1.501340483,0.200428725,1.671641791,0.251396648,2.196078431,0.374233129,1.985815603,0.330166271,2.24,0.382716049,2.051282051,0.344537815,1.885521886,0.306884481,2.1875,0.37254902,0.905339806,-0.049681529,0.666071429,-0.200428725,1.113432836,0.053672316,1.462745098,0.187898089,1.322695035,0.138931298,1.492,0.197431782,1.366300366,0.154798762,1.255892256,0.113432836,1.45703125,0.186009539,0.813106796,-0.103078983,0.598214286,-0.251396648,0.898123324,-0.053672316,1.31372549,0.13559322,1.187943262,0.085899514,1.34,0.145299145,1.227106227,0.101973684,1.127946128,0.060126582,1.30859375,0.133671743,0.618932039,-0.235382309,0.455357143,-0.374233129,0.683646113,-0.187898089,0.76119403,-0.13559322,0.904255319,-0.05027933,1.02,0.00990099,0.934065934,-0.034090909,0.858585859,-0.076086957,0.99609375,-0.001956947,0.684466019,-0.187319885,0.503571429,-0.330166271,0.756032172,-0.138931298,0.841791045,-0.085899514,1.105882353,0.05027933,1.128,0.060150376,1.032967033,0.016216216,0.949494949,-0.025906736,1.1015625,0.048327138,0.606796117,-0.244712991,0.446428571,-0.382716049,0.670241287,-0.197431782,0.746268657,-0.145299145,0.980392157,-0.00990099,0.886524823,-0.060150376,0.915750916,-0.043977055,0.841750842,-0.085923218,0.9765625,-0.011857708,0.662621359,-0.202919708,0.4875,-0.344537815,0.731903485,-0.154798762,0.814925373,-0.101973684,1.070588235,0.034090909,0.968085106,-0.016216216,1.092,0.043977055,0.919191919,-0.042105263,1.06640625,0.032136106,0.720873786,-0.162200282,0.530357143,-0.306884481,0.796246649,-0.113432836,0.886567164,-0.060126582,1.164705882,0.076086957,1.053191489,0.025906736,1.188,0.085923218,1.087912088,0.042105263,1.16015625,0.074141049,0.621359223,-0.233532934,0.457142857,-0.37254902,0.686327078,-0.186009539,0.764179104,-0.133671743,1.003921569,0.001956947,0.907801418,-0.048327138,1.024,0.011857708,0.937728938,-0.032136106,0.861952862,-0.074141049
232,220,379,457,390,346,187,198,209,195,2.87,0.829321663,-0.093301435,0.971794872,-0.014304291,1.095375723,0.045517241,2.026737968,0.339222615,1.914141414,0.313691508,1.813397129,0.289115646,1.943589744,0.320557491,1.63362069,0.240589198,1.722727273,0.265442404,1.205804749,0.093301435,1.171794872,0.079102715,1.320809249,0.138231631,2.443850267,0.419254658,2.308080808,0.395419847,2.186602871,0.372372372,2.343589744,0.401840491,1.969827586,0.326560232,2.077272727,0.350073855,1.029023747,0.014304291,0.853391685,-0.079102715,1.12716763,0.059782609,2.085561497,0.351819757,1.96969697,0.326530612,1.866028708,0.302170284,2,0.333333333,1.681034483,0.254019293,1.772727273,0.278688525,0.91292876,-0.045517241,0.757111597,-0.138231631,0.887179487,-0.059782609,1.85026738,0.298311445,1.747474747,0.272058824,1.655502392,0.246846847,1.774358974,0.279112754,1.49137931,0.197231834,1.572727273,0.222614841,0.493403694,-0.339222615,0.409190372,-0.419254658,0.479487179,-0.351819757,0.540462428,-0.298311445,0.944444444,-0.028571429,0.894736842,-0.055555556,0.958974359,-0.020942408,0.806034483,-0.107398568,0.85,-0.081081081,0.522427441,-0.313691508,0.433260394,-0.395419847,0.507692308,-0.326530612,0.572254335,-0.272058824,1.058823529,0.028571429,0.947368421,-0.027027027,1.015384615,0.007633588,0.853448276,-0.079069767,0.9,-0.052631579,0.551451187,-0.289115646,0.457330416,-0.372372372,0.535897436,-0.302170284,0.604046243,-0.246846847,1.117647059,0.055555556,1.055555556,0.027027027,1.071794872,0.034653465,0.900862069,-0.052154195,0.95,-0.025641026,0.514511873,-0.320557491,0.426695842,-0.401840491,0.5,-0.333333333,0.563583815,-0.279112754,1.042780749,0.020942408,0.984848485,-0.007633588,0.933014354,-0.034653465,0.840517241,-0.086651054,0.886363636,-0.060240964,0.612137203,-0.240589198,0.507658643,-0.326560232,0.594871795,-0.254019293,0.670520231,-0.197231834,1.240641711,0.107398568,1.171717172,0.079069767,1.110047847,0.052154195,1.18974359,0.086651054,1.054545455,0.026548673,0.580474934,-0.265442404,0.481400438,-0.350073855,0.564102564,-0.278688525,0.63583815,-0.222614841,1.176470588,0.081081081,1.111111111,0.052631579,1.052631579,0.025641026,1.128205128,0.060240964,0.948275862,-0.026548673
174,163,301,378,332,270,148,160,181,151,2.8,0.796296296,-0.113402062,0.906626506,-0.048973144,1.114814815,0.054290718,2.033783784,0.340757238,1.88125,0.305856833,1.662983425,0.248962656,1.993377483,0.331858407,1.729885057,0.267368421,1.846625767,0.297413793,1.255813953,0.113402062,1.138554217,0.064788732,1.4,0.166666667,2.554054054,0.437262357,2.3625,0.405204461,2.08839779,0.352415027,2.503311258,0.429111531,2.172413793,0.369565217,2.319018405,0.3974122,1.102990033,0.048973144,0.878306878,-0.064788732,1.22962963,0.102990033,2.243243243,0.383333333,2.075,0.349593496,1.834254144,0.294346979,2.198675497,0.374741201,1.908045977,0.312252964,2.036809816,0.341414141,0.897009967,-0.054290718,0.714285714,-0.166666667,0.813253012,-0.102990033,1.824324324,0.291866029,1.6875,0.255813953,1.491712707,0.197339246,1.78807947,0.282660333,1.551724138,0.216216216,1.656441718,0.247113164,0.491694352,-0.340757238,0.391534392,-0.437262357,0.445783133,-0.383333333,0.548148148,-0.291866029,0.925,-0.038961039,0.817679558,-0.100303951,0.98013245,-0.010033445,0.850574713,-0.080745342,0.90797546,-0.048231511,0.531561462,-0.305856833,0.423280423,-0.405204461,0.481927711,-0.349593496,0.592592593,-0.255813953,1.081081081,0.038961039,0.883977901,-0.061583578,1.059602649,0.028938907,0.91954023,-0.041916168,0.981595092,-0.009287926,0.601328904,-0.248962656,0.478835979,-0.352415027,0.545180723,-0.294346979,0.67037037,-0.197339246,1.222972973,0.100303951,1.13125,0.061583578,1.198675497,0.090361446,1.040229885,0.01971831,1.110429448,0.052325581,0.50166113,-0.331858407,0.399470899,-0.429111531,0.454819277,-0.374741201,0.559259259,-0.282660333,1.02027027,0.010033445,0.94375,-0.028938907,0.834254144,-0.090361446,0.867816092,-0.070769231,0.926380368,-0.038216561,0.57807309,-0.267368421,0.46031746,-0.369565217,0.524096386,-0.312252964,0.644444444,-0.216216216,1.175675676,0.080745342,1.0875,0.041916168,0.961325967,-0.01971831,1.152317881,0.070769231,1.067484663,0.03264095,0.541528239,-0.297413793,0.431216931,-0.3974122,0.490963855,-0.341414141,0.603703704,-0.247113164,1.101351351,0.048231511,1.01875,0.009287926,0.900552486,-0.052325581,1.079470199,0.038216561,0.936781609,-0.03264095
622,518,924,1036,841,819,717,703,726,666,2.61,0.891891892,-0.057142857,1.098692033,0.047025496,1.128205128,0.060240964,1.288702929,0.126142596,1.314366999,0.135832821,1.272727273,0.12,1.387387387,0.162264151,1.485530547,0.19534282,1.783783784,0.281553398,1.121212121,0.057142857,1.231866825,0.103889185,1.264957265,0.116981132,1.444909344,0.181973759,1.473684211,0.191489362,1.426997245,0.175936436,1.555555556,0.217391304,1.665594855,0.249698432,2,0.333333333,0.91017316,-0.047025496,0.811776062,-0.103889185,1.026862027,0.013253012,1.172942817,0.079589217,1.196301565,0.089378238,1.158402204,0.073388641,1.262762763,0.116124751,1.352090032,0.149692413,1.623552124,0.237674761,0.886363636,-0.060240964,0.790540541,-0.116981132,0.973840666,-0.013253012,1.142259414,0.06640625,1.165007112,0.076215506,1.128099174,0.060194175,1.22972973,0.103030303,1.316720257,0.136710618,1.581081081,0.22513089,0.775974026,-0.126142596,0.692084942,-0.181973759,0.85255648,-0.079589217,0.875457875,-0.06640625,1.019914651,0.009859155,0.987603306,-0.006237006,1.076576577,0.036876356,1.152733119,0.070948469,1.384169884,0.161133603,0.760822511,-0.135832821,0.678571429,-0.191489362,0.835909631,-0.089378238,0.858363858,-0.076215506,0.980474198,-0.009859155,0.968319559,-0.016095171,1.055555556,0.027027027,1.13022508,0.061132075,1.357142857,0.151515152,0.785714286,-0.12,0.700772201,-0.175936436,0.863258026,-0.073388641,0.886446886,-0.060194175,1.012552301,0.006237006,1.032716927,0.016095171,1.09009009,0.043103448,1.167202572,0.077151335,1.401544402,0.167202572,0.720779221,-0.162264151,0.642857143,-0.217391304,0.791914388,-0.116124751,0.813186813,-0.103030303,0.928870293,-0.036876356,0.947368421,-0.027027027,0.917355372,-0.043103448,1.07073955,0.034161491,1.285714286,0.125,0.673160173,-0.19534282,0.6003861,-0.249698432,0.739595719,-0.149692413,0.759462759,-0.136710618,0.867503487,-0.070948469,0.884779516,-0.061132075,0.856749311,-0.077151335,0.933933934,-0.034161491,1.200772201,0.09122807,0.560606061,-0.281553398,0.5,-0.333333333,0.615933413,-0.237674761,0.632478632,-0.22513089,0.722454672,-0.161133603,0.736842105,-0.151515152,0.713498623,-0.167202572,0.777777778,-0.125,0.832797428,-0.09122807
328,279,373,455,366,379,337,331,286,340,1.83,0.81978022,-0.099033816,1.019125683,0.00947226,0.984168865,-0.007978723,1.106824926,0.050704225,1.126888218,0.059659091,1.304195804,0.132018209,1.097058824,0.04628331,1.137195122,0.064194009,1.336917563,0.144171779,1.219839142,0.099033816,1.243169399,0.108404385,1.200527704,0.091127098,1.350148368,0.148989899,1.374622356,0.157760814,1.590909091,0.228070175,1.338235294,0.144654088,1.387195122,0.162196679,1.630824373,0.239782016,0.981233244,-0.00947226,0.804395604,-0.108404385,0.965699208,-0.017449664,1.086053412,0.041251778,1.105740181,0.050215208,1.27972028,0.122699387,1.076470588,0.036827195,1.115853659,0.054755043,1.311827957,0.134883721,1.016085791,0.007978723,0.832967033,-0.091127098,1.035519126,0.017449664,1.12462908,0.058659218,1.145015106,0.067605634,1.325174825,0.139849624,1.114705882,0.054242003,1.155487805,0.072135785,1.358422939,0.151975684,0.903485255,-0.050704225,0.740659341,-0.148989899,0.920765027,-0.041251778,0.889182058,-0.058659218,1.018126888,0.008982036,1.178321678,0.081861958,0.991176471,-0.004431315,1.027439024,0.013533835,1.207885305,0.094155844,0.887399464,-0.059659091,0.727472527,-0.157760814,0.904371585,-0.050215208,0.873350923,-0.067605634,0.982195846,-0.008982036,1.157342657,0.072933549,0.973529412,-0.013412817,1.009146341,0.004552352,1.186379928,0.085245902,0.766756032,-0.132018209,0.628571429,-0.228070175,0.781420765,-0.122699387,0.754617414,-0.139849624,0.848664688,-0.081861958,0.864048338,-0.072933549,0.841176471,-0.086261981,0.87195122,-0.068403909,1.025089606,0.012389381,0.91152815,-0.04628331,0.747252747,-0.144654088,0.928961749,-0.036827195,0.897097625,-0.054242003,1.008902077,0.004431315,1.027190332,0.013412817,1.188811189,0.086261981,1.036585366,0.017964072,1.218637993,0.098546042,0.879356568,-0.064194009,0.720879121,-0.162196679,0.896174863,-0.054755043,0.865435356,-0.072135785,0.973293769,-0.013533835,0.990936556,-0.004552352,1.146853147,0.068403909,0.964705882,-0.017964072,1.17562724,0.080724876,0.747989276,-0.144171779,0.613186813,-0.239782016,0.762295082,-0.134883721,0.736147757,-0.151975684,0.827893175,-0.094155844,0.842900302,-0.085245902,0.975524476,-0.012389381,0.820588235,-0.098546042,0.850609756,-0.080724876
821,726,1077,1134,1012,1029,903,916,874,884,1.24,0.94973545,-0.02578019,1.064229249,0.031115366,1.04664723,0.022792023,1.19269103,0.087878788,1.175764192,0.08078274,1.232265446,0.104049206,1.218325792,0.098419174,1.31181486,0.13487882,1.483471074,0.194675541,1.052924791,0.02578019,1.12055336,0.056849953,1.102040816,0.048543689,1.255813953,0.113402062,1.237991266,0.106341463,1.297482838,0.129482072,1.28280543,0.123885035,1.381242387,0.160102302,1.561983471,0.219354839,0.939647168,-0.031115366,0.892416226,-0.056849953,0.983479106,-0.00832925,1.120708749,0.05691906,1.104803493,0.049792531,1.157894737,0.073170732,1.14479638,0.067510549,1.232643118,0.104200764,1.393939394,0.164556962,0.955431755,-0.022792023,0.907407407,-0.048543689,1.016798419,0.00832925,1.139534884,0.065217391,1.123362445,0.058097686,1.177345538,0.081450342,1.164027149,0.075797177,1.253349574,0.112432432,1.417355372,0.172649573,0.838440111,-0.087878788,0.796296296,-0.113402062,0.89229249,-0.05691906,0.87755102,-0.065217391,0.98580786,-0.007146784,1.033180778,0.01631964,1.021493213,0.010632345,1.099878197,0.047563805,1.243801653,0.108655617,0.850510678,-0.08078274,0.807760141,-0.106341463,0.90513834,-0.049792531,0.890184645,-0.058097686,1.014396456,0.007146784,1.04805492,0.023463687,1.036199095,0.017777778,1.115712546,0.054691998,1.261707989,0.115712546,0.811513463,-0.104049206,0.770723104,-0.129482072,0.863636364,-0.073170732,0.849368319,-0.081450342,0.967884828,-0.01631964,0.954148472,-0.023463687,0.988687783,-0.005688282,1.06455542,0.031268437,1.203856749,0.0925,0.820798514,-0.098419174,0.779541446,-0.123885035,0.873517787,-0.067510549,0.859086492,-0.075797177,0.978959025,-0.010632345,0.965065502,-0.017777778,1.011441648,0.005688282,1.076735688,0.036950147,1.217630854,0.098136646,0.762302693,-0.13487882,0.723985891,-0.160102302,0.811264822,-0.104200764,0.797862002,-0.112432432,0.909191584,-0.047563805,0.89628821,-0.054691998,0.939359268,-0.031268437,0.928733032,-0.036950147,1.130853994,0.061409179,0.674094708,-0.194675541,0.64021164,-0.219354839,0.717391304,-0.164556962,0.705539359,-0.172649573,0.803986711,-0.108655617,0.792576419,-0.115712546,0.830663616,-0.0925,0.821266968,-0.098136646,0.884287454,-0.061409179
1072,938,1587,1680,1415,1380,1189,1160,1125,1125,2.05,0.944642857,-0.028466483,1.12155477,0.057295137,1.15,0.069767442,1.334735071,0.143371758,1.368103448,0.155442301,1.410666667,0.170353982,1.410666667,0.170353982,1.480410448,0.193681835,1.691897655,0.257029703,1.058601134,0.028466483,1.187279152,0.085621971,1.217391304,0.098039216,1.412952061,0.17113977,1.448275862,0.183098592,1.493333333,0.197860963,1.493333333,0.197860963,1.567164179,0.220930233,1.791044776,0.28342246,0.891619408,-0.057295137,0.842261905,-0.085621971,1.025362319,0.012522361,1.190075694,0.086789555,1.219827586,0.099029126,1.257777778,0.114173228,1.257777778,0.114173228,1.319962687,0.137917169,1.508528785,0.202719932,0.869565217,-0.069767442,0.821428571,-0.098039216,0.975265018,-0.012522361,1.160639193,0.074347995,1.189655172,0.086614173,1.226666667,0.101796407,1.226666667,0.101796407,1.287313433,0.125611746,1.471215352,0.190681622,0.74921235,-0.143371758,0.707738095,-0.17113977,0.840282686,-0.086789555,0.861594203,-0.074347995,1.025,0.012345679,1.056888889,0.027657736,1.056888889,0.027657736,1.109141791,0.051747015,1.267590618,0.118006582,0.730938878,-0.155442301,0.69047619,-0.183098592,0.819787986,-0.099029126,0.84057971,-0.086614173,0.975609756,-0.012345679,1.031111111,0.015317287,1.031111111,0.015317287,1.082089552,0.039426523,1.236673774,0.105815062,0.708884688,-0.170353982,0.669642857,-0.197860963,0.795053004,-0.114173228,0.815217391,-0.101796407,0.946173255,-0.027657736,0.969827586,-0.015317287,1,0,1.049440299,0.024123805,1.199360341,0.090644692,0.708884688,-0.170353982,0.669642857,-0.197860963,0.795053004,-0.114173228,0.815217391,-0.101796407,0.946173255,-0.027657736,0.969827586,-0.015317287,1,0,1.049440299,0.024123805,1.199360341,0.090644692,0.675488343,-0.193681835,0.638095238,-0.220930233,0.757597173,-0.137917169,0.776811594,-0.125611746,0.901597981,-0.051747015,0.924137931,-0.039426523,0.952888889,-0.024123805,0.952888889,-0.024123805,1.142857143,0.066666667,0.5910523,-0.257029703,0.558333333,-0.28342246,0.662897527,-0.202719932,0.679710145,-0.190681622,0.788898234,-0.118006582,0.80862069,-0.105815062,0.833777778,-0.090644692,0.833777778,-0.090644692,0.875,-0.066666667
850,751,1022,1068,943,964,780,817,753,764,1.63,0.956928839,-0.022009569,1.083775186,0.040203562,1.060165975,0.029204431,1.31025641,0.134295228,1.250917993,0.111473627,1.357237716,0.151549296,1.337696335,0.144456887,1.202352941,0.091880342,1.360852197,0.15284828,1.045009785,0.022009569,1.132555673,0.06215813,1.107883817,0.051181102,1.369230769,0.155844156,1.307221542,0.133156499,1.418326693,0.172981878,1.397905759,0.165938865,1.256470588,0.113660063,1.422103862,0.174271578,0.922700587,-0.040203562,0.882958801,-0.06215813,0.978215768,-0.011012061,1.208974359,0.094602438,1.154222766,0.071590909,1.252324037,0.112028302,1.234293194,0.104862332,1.109411765,0.051868377,1.255659121,0.113341204,0.943248532,-0.029204431,0.902621723,-0.051181102,1.022269353,0.011012061,1.235897436,0.105504587,1.179926561,0.0825379,1.280212483,0.122888759,1.261780105,0.115740741,1.134117647,0.062844542,1.283621838,0.124198251,0.763209393,-0.134295228,0.730337079,-0.155844156,0.827147402,-0.094602438,0.809128631,-0.105504587,0.954712362,-0.023168441,1.035856574,0.017612524,1.020942408,0.010362694,0.917647059,-0.042944785,1.03861518,0.018941868,0.799412916,-0.111473627,0.764981273,-0.133156499,0.866383881,-0.071590909,0.847510373,-0.0825379,1.047435897,0.023168441,1.08499336,0.040764331,1.069371728,0.033523087,0.961176471,-0.019796041,1.087882823,0.042091837,0.736790607,-0.151549296,0.70505618,-0.172981878,0.798515376,-0.112028302,0.781120332,-0.122888759,0.965384615,-0.017612524,0.921664627,-0.040764331,0.985602094,-0.007251154,0.885882353,-0.060511541,1.002663116,0.001329787,0.747553816,-0.144456887,0.715355805,-0.165938865,0.810180276,-0.104862332,0.79253112,-0.115740741,0.979487179,-0.010362694,0.935128519,-0.033523087,1.014608234,0.007251154,0.898823529,-0.053283767,1.017310253,0.008580858,0.831702544,-0.091880342,0.79588015,-0.113660063,0.901378579,-0.051868377,0.881742739,-0.062844542,1.08974359,0.042944785,1.040391677,0.019796041,1.128818061,0.060511541,1.112565445,0.053283767,1.131824234,0.061836352,0.734833659,-0.15284828,0.703183521,-0.174271578,0.796394486,-0.113341204,0.779045643,-0.124198251,0.962820513,-0.018941868,0.919216646,-0.042091837,0.997343958,-0.001329787,0.982984293,-0.008580858,0.883529412,-0.061836352
1380,1330,1545,1673,1414,1474,1467,1584,1232,1628,2.55,0.923490735,-0.039776259,1.092644979,0.044271713,1.04816825,0.023517721,1.053169734,0.025896414,0.975378788,-0.012464046,1.254058442,0.112711559,0.949017199,-0.02615821,1.119565217,0.056410256,1.161654135,0.074782609,1.082847896,0.039776259,1.183168317,0.083900227,1.135006784,0.063234827,1.140422631,0.065605096,1.056186869,0.02732576,1.357954545,0.151807229,1.027641278,0.013632233,1.212318841,0.095971176,1.257894737,0.114219114,0.915210356,-0.044271713,0.845188285,-0.083900227,0.959294437,-0.020775623,0.963871847,-0.01839639,0.892676768,-0.05670447,1.147727273,0.068783069,0.868550369,-0.070348455,1.024637681,0.012168933,1.063157895,0.030612245,0.954045307,-0.023517721,0.881052002,-0.063234827,1.042432815,0.020775623,1.004771643,0.002380143,0.930555556,-0.035971223,1.196428571,0.089430894,0.905405405,-0.04964539,1.068115942,0.03293623,1.108270677,0.051355207,0.949514563,-0.025896414,0.876867902,-0.065605096,1.03748232,0.01839639,0.995251018,-0.002380143,0.926136364,-0.038348083,1.190746753,0.087069285,0.901105651,-0.052019386,1.063043478,0.030558483,1.103007519,0.048981051,1.025242718,0.012464046,0.946802152,-0.02732576,1.120226308,0.05670447,1.074626866,0.035971223,1.079754601,0.038348083,1.285714286,0.125,0.972972973,-0.01369863,1.147826087,0.068825911,1.190977444,0.087165408,0.797411003,-0.112711559,0.736401674,-0.151807229,0.871287129,-0.068783069,0.835820896,-0.089430894,0.839809134,-0.087069285,0.777777778,-0.125,0.756756757,-0.138461538,0.892753623,-0.056661562,0.926315789,-0.038251366,1.053721683,0.02615821,0.973102212,-0.013632233,1.151343706,0.070348455,1.104477612,0.04964539,1.109747785,0.052019386,1.027777778,0.01369863,1.321428571,0.138461538,1.179710145,0.082446809,1.22406015,0.100743746,0.893203883,-0.056410256,0.824865511,-0.095971176,0.975954738,-0.012168933,0.936227951,-0.03293623,0.940695297,-0.030558483,0.871212121,-0.068825911,1.12012987,0.056661562,0.847665848,-0.082446809,1.037593985,0.018450185,0.860841424,-0.074782609,0.794979079,-0.114219114,0.940594059,-0.030612245,0.902306649,-0.051355207,0.906612134,-0.048981051,0.839646465,-0.087165408,1.079545455,0.038251366,0.816953317,-0.100743746,0.963768116,-0.018450185
924,816,1006,1101,1005,989,872,867,793,829,1,0.913714805,-0.045087803,1.000995025,0.000497265,1.01718908,0.008521303,1.153669725,0.071352503,1.160322953,0.074212493,1.268600252,0.118399111,1.213510253,0.096457766,1.088744589,0.042487047,1.232843137,0.10428101,1.0944334,0.045087803,1.095522388,0.045584046,1.113245703,0.053588517,1.262614679,0.116066903,1.269896194,0.118902439,1.388398487,0.162618796,1.328106152,0.140932642,1.191558442,0.087407407,1.349264706,0.148669797,0.999005964,-0.000497265,0.91280654,-0.045584046,1.016177958,0.008024072,1.152522936,0.070857752,1.15916955,0.073717949,1.267339218,0.117908788,1.212303981,0.095965104,1.087662338,0.041990669,1.231617647,0.103789127,0.983101392,-0.008521303,0.898274296,-0.053588517,0.984079602,-0.008024072,1.134174312,0.062869425,1.14071511,0.065732759,1.247162673,0.109988777,1.193003619,0.088008801,1.07034632,0.033978045,1.212009804,0.095844875,0.866799205,-0.071352503,0.792007266,-0.116066903,0.867661692,-0.070857752,0.881698686,-0.062869425,1.005767013,0.002875216,1.09962169,0.047447447,1.051869723,0.025279248,0.943722944,-0.028953229,1.068627451,0.033175355,0.861829026,-0.074212493,0.78746594,-0.118902439,0.862686567,-0.073717949,0.876643074,-0.065732759,0.994266055,-0.002875216,1.09331652,0.044578313,1.045838359,0.02240566,0.938311688,-0.031825796,1.0625,0.03030303,0.788270378,-0.118399111,0.720254314,-0.162618796,0.789054726,-0.117908788,0.80182002,-0.109988777,0.90940367,-0.047447447,0.914648212,-0.044578313,0.956574186,-0.022194821,0.858225108,-0.076295865,0.971813725,-0.014294593,0.824055666,-0.096457766,0.752951862,-0.140932642,0.824875622,-0.095965104,0.838220425,-0.088008801,0.950688073,-0.025279248,0.956170704,-0.02240566,1.045397226,0.022194821,0.897186147,-0.054192812,1.015931373,0.007902736,0.918489066,-0.042487047,0.839237057,-0.087407407,0.919402985,-0.041990669,0.934277048,-0.033978045,1.059633028,0.028953229,1.065743945,0.031825796,1.16519546,0.076295865,1.114595899,0.054192812,1.132352941,0.062068966,0.811133201,-0.10428101,0.741144414,-0.148669797,0.811940299,-0.103789127,0.825075834,-0.095844875,0.935779817,-0.033175355,0.941176471,-0.03030303,1.029003783,0.014294593,0.984318456,-0.007902736,0.883116883,-0.062068966
1703,1458,1568,1631,1628,1864,2006,2136,1733,2194,4.18,0.961373391,-0.019693654,0.963144963,-0.018773467,0.841201717,-0.086247086,0.781655035,-0.122551763,0.734082397,-0.153347732,0.904789383,-0.049984853,0.71467639,-0.166400851,0.920728127,-0.041271782,1.075445816,0.036351619,1.040178571,0.019693654,1.001842752,0.000920528,0.875,-0.066666667,0.813060818,-0.103106956,0.763576779,-0.134058933,0.941142527,-0.030321046,0.743391067,-0.147189542,0.957721668,-0.021595681,1.118655693,0.05600518,1.038265306,0.018773467,0.998160638,-0.000920528,0.873390558,-0.067583047,0.811565304,-0.104017611,0.762172285,-0.134962806,0.939411425,-0.031240702,0.742023701,-0.148090005,0.95596007,-0.022515761,1.11659808,0.055087492,1.18877551,0.086247086,1.142857143,0.066666667,1.144963145,0.067583047,0.929212363,-0.036692506,0.872659176,-0.068,1.07559146,0.036419238,0.84958979,-0.081320848,1.094539049,0.045135969,1.278463649,0.122215533,1.279336735,0.122551763,1.229920294,0.103106956,1.232186732,0.104017611,1.076180258,0.036692506,0.939138577,-0.031385804,1.157530294,0.073014175,0.914311759,-0.044761905,1.177921315,0.081693179,1.375857339,0.158198614,1.362244898,0.153347732,1.309625996,0.134058933,1.312039312,0.134962806,1.145922747,0.068,1.064805583,0.031385804,1.23254472,0.104161282,0.973564266,-0.013394919,1.254257193,0.112789789,1.465020576,0.188647746,1.105229592,0.049984853,1.06253832,0.030321046,1.064496314,0.031240702,0.92972103,-0.036419238,0.863908275,-0.073014175,0.811329588,-0.104161282,0.789881495,-0.117392412,1.017615972,0.008731083,1.18861454,0.086179881,1.399234694,0.166400851,1.345187002,0.147189542,1.347665848,0.148090005,1.177038627,0.081320848,1.093718843,0.044761905,1.027153558,0.013394919,1.266012695,0.117392412,1.288314739,0.125994355,1.504801097,0.201533406,1.086096939,0.041271782,1.044144697,0.021595681,1.046068796,0.022515761,0.913626609,-0.045135969,0.848953141,-0.081693179,0.797284644,-0.112789789,0.982688979,-0.008731083,0.77620784,-0.125994355,1.168038409,0.077507118,0.929846939,-0.036351619,0.893930104,-0.05600518,0.895577396,-0.055087492,0.782188841,-0.122215533,0.726819541,-0.158198614,0.68258427,-0.188647746,0.841315638,-0.086179881,0.664539654,-0.201533406,0.85613623,-0.077507118
2469,2207,2285,2506,2434,2656,2753,2698,2580,2636,3.19,0.911811652,-0.046128157,0.938783895,-0.031574486,0.860316265,-0.075086015,0.830003632,-0.092894006,0.846923647,-0.082881798,0.885658915,-0.060637205,0.866843703,-0.071326966,0.925475901,-0.038704249,1.035342093,0.017364203,1.096717724,0.046128157,1.029580937,0.014574899,0.943524096,-0.029058504,0.910279695,-0.046967104,0.928836175,-0.036894696,0.971317829,-0.014549744,0.950682853,-0.025281991,1.014985824,0.007437186,1.135478024,0.063441545,1.065207877,0.031574486,0.971268955,-0.014574899,0.916415663,-0.043614931,0.884126408,-0.061499904,0.902149741,-0.051441933,0.943410853,-0.029118468,0.923368741,-0.039842209,0.98582422,-0.007138487,1.102854554,0.048911872,1.162363239,0.075086015,1.059856345,0.029058504,1.091207888,0.043614931,0.96476571,-0.017933075,0.984432913,-0.007844602,1.029457364,0.014514897,1.007587253,0.003779289,1.075739166,0.036487805,1.203443589,0.092329838,1.204814004,0.092894006,1.098563448,0.046967104,1.131059984,0.061499904,1.036521084,0.017933075,1.020385471,0.010089892,1.067054264,0.032439527,1.044385432,0.021710893,1.115026326,0.054385293,1.247394653,0.110080645,1.180743982,0.082881798,1.076616121,0.036894696,1.108463435,0.051441933,1.015813253,0.007844602,0.980021794,-0.010089892,1.045736434,0.022356953,1.023520486,0.011623547,1.092750101,0.044319721,1.222473947,0.100101937,1.129102845,0.060637205,1.02952913,0.014549744,1.059983566,0.029118468,0.971385542,-0.014514897,0.937159462,-0.032439527,0.956263899,-0.022356953,0.97875569,-0.010736196,1.044957473,0.021984551,1.169007703,0.077919365,1.153610503,0.071326966,1.051875499,0.025281991,1.082990961,0.039842209,0.99246988,-0.003779289,0.957500908,-0.021710893,0.977020015,-0.011623547,1.021705426,0.010736196,1.06763872,0.032713026,1.194381513,0.088581458,1.080525164,0.038704249,0.985235435,-0.007437186,1.014379622,0.007138487,0.929593373,-0.036487805,0.896839811,-0.054385293,0.915122313,-0.044319721,0.956976744,-0.021984551,0.936646434,-0.032713026,1.118713185,0.056030796,0.965864333,-0.017364203,0.880686353,-0.063441545,0.90673788,-0.048911872,0.830948795,-0.092329838,0.801670904,-0.110080645,0.818013343,-0.100101937,0.855426357,-0.077919365,0.837253414,-0.088581458,0.893884164,-0.056030796
883,799,1173,1300,1124,1083,967,950,909,948,2.02,0.902307692,-0.05135463,1.043594306,0.021332172,1.083102493,0.039893617,1.21302999,0.096261682,1.234736842,0.105040038,1.290429043,0.126801153,1.237341772,0.106082037,1.328425821,0.141050584,1.468085106,0.189655172,1.108269395,0.05135463,1.15658363,0.072607261,1.200369344,0.091061687,1.344364012,0.146890163,1.368421053,0.155555556,1.430143014,0.177003169,1.371308017,0.15658363,1.472253681,0.19102153,1.627033792,0.238685088,0.958226769,-0.021332172,0.864615385,-0.072607261,1.037857802,0.018577254,1.162357808,0.075083692,1.183157895,0.083895853,1.236523652,0.105755042,1.185654008,0.084942085,1.272933182,0.120079721,1.406758448,0.16900676,0.923273657,-0.039893617,0.833076923,-0.091061687,0.963523132,-0.018577254,1.119958635,0.056585366,1.14,0.065420561,1.191419142,0.087349398,1.142405063,0.066469719,1.226500566,0.1017294,1.355444305,0.150903294,0.824381927,-0.096261682,0.743846154,-0.146890163,0.860320285,-0.075083692,0.89289012,-0.056585366,1.017894737,0.008868023,1.063806381,0.030916844,1.020042194,0.009921671,1.095130238,0.045405405,1.210262829,0.095130238,0.809889173,-0.105040038,0.730769231,-0.155555556,0.84519573,-0.083895853,0.877192982,-0.065420561,0.982419855,-0.008868023,1.04510451,0.022054868,1.002109705,0.001053741,1.07587769,0.0365521,1.188986233,0.086335049,0.774936061,-0.126801153,0.699230769,-0.177003169,0.808718861,-0.105755042,0.83933518,-0.087349398,0.940020683,-0.030916844,0.956842105,-0.022054868,0.958860759,-0.021001616,1.029445074,0.014508929,1.13767209,0.06440281,0.808184143,-0.106082037,0.729230769,-0.15658363,0.84341637,-0.084942085,0.87534626,-0.066469719,0.980351603,-0.009921671,0.997894737,-0.001053741,1.04290429,0.021001616,1.073612684,0.035499727,1.186483104,0.085289067,0.752770673,-0.141050584,0.679230769,-0.19102153,0.785587189,-0.120079721,0.815327793,-0.1017294,0.913133402,-0.045405405,0.929473684,-0.0365521,0.97139714,-0.014508929,0.931434599,-0.035499727,1.105131414,0.049940547,0.68115942,-0.189655172,0.614615385,-0.238685088,0.710854093,-0.16900676,0.737765466,-0.150903294,0.826266805,-0.095130238,0.841052632,-0.086335049,0.878987899,-0.06440281,0.842827004,-0.085289067,0.904869762,-0.049940547
649,575,806,853,751,786,681,723,729,675,1.16,0.944900352,-0.028330319,1.073235686,0.035324342,1.025445293,0.012562814,1.183553598,0.08406187,1.114799447,0.054283846,1.105624143,0.050162866,1.194074074,0.088453747,1.241910632,0.10790378,1.40173913,0.167270094,1.058312655,0.028330319,1.135818908,0.063591022,1.08524173,0.040878585,1.25256975,0.112125163,1.179806362,0.08248731,1.170096022,0.078381795,1.263703704,0.116492147,1.314329738,0.135818908,1.483478261,0.194677871,0.931761787,-0.035324342,0.88042204,-0.063591022,0.955470738,-0.022771633,1.102790015,0.048882682,1.038727524,0.018995929,1.030178326,0.014864865,1.112592593,0.053295933,1.157164869,0.072857143,1.306086957,0.132730015,0.975186104,-0.012562814,0.921453693,-0.040878585,1.046604527,0.022771633,1.154185022,0.071574642,1.087136929,0.041749503,1.0781893,0.037623762,1.164444444,0.075975359,1.211093991,0.095470383,1.366956522,0.155033064,0.844913151,-0.08406187,0.798358734,-0.112125163,0.906790945,-0.048882682,0.866412214,-0.071574642,0.941908714,-0.02991453,0.934156379,-0.034042553,1.008888889,0.004424779,1.049306626,0.02406015,1.184347826,0.084394904,0.897022333,-0.054283846,0.847596717,-0.08248731,0.962716378,-0.018995929,0.919847328,-0.041749503,1.061674009,0.02991453,0.991769547,-0.004132231,1.071111111,0.034334764,1.114021572,0.05393586,1.257391304,0.114021572,0.904466501,-0.050162866,0.854630715,-0.078381795,0.970705726,-0.014864865,0.927480916,-0.037623762,1.070484581,0.034042553,1.008298755,0.004132231,1.08,0.038461538,1.123266564,0.058055152,1.267826087,0.11809816,0.837468983,-0.088453747,0.791324736,-0.116492147,0.898801598,-0.053295933,0.858778626,-0.075975359,0.991189427,-0.004424779,0.933609959,-0.034334764,0.925925926,-0.038461538,1.040061633,0.019637462,1.173913043,0.08,0.805210918,-0.10790378,0.76084408,-0.135818908,0.864181092,-0.072857143,0.825699746,-0.095470383,0.953010279,-0.02406015,0.897648686,-0.05393586,0.890260631,-0.058055152,0.961481481,-0.019637462,1.128695652,0.060457516,0.713399504,-0.167270094,0.674091442,-0.194677871,0.765645806,-0.132730015,0.731552163,-0.155033064,0.844346549,-0.084394904,0.795297372,-0.114021572,0.788751715,-0.11809816,0.851851852,-0.08,0.885978428,-0.060457516
235,180,378,332,286,333,248,256,278,260,6.94,1.138554217,0.064788732,1.321678322,0.138554217,1.135135135,0.063291139,1.524193548,0.207667732,1.4765625,0.192429022,1.35971223,0.152439024,1.453846154,0.184952978,1.608510638,0.233278956,2.1,0.35483871,0.878306878,-0.064788732,1.160839161,0.074433657,0.996996997,-0.001503759,1.338709677,0.144827586,1.296875,0.129251701,1.194244604,0.08852459,1.276923077,0.121621622,1.412765957,0.171075838,1.844444444,0.296875,0.756613757,-0.138554217,0.861445783,-0.074433657,0.858858859,-0.075928918,1.153225806,0.071161049,1.1171875,0.055350554,1.028776978,0.014184397,1.1,0.047619048,1.217021277,0.097888676,1.588888889,0.227467811,0.880952381,-0.063291139,1.003012048,0.001503759,1.164335664,0.075928918,1.342741935,0.146299484,1.30078125,0.130730051,1.197841727,0.090016367,1.280769231,0.123102867,1.417021277,0.172535211,1.85,0.298245614,0.656084656,-0.207667732,0.746987952,-0.144827586,0.867132867,-0.071161049,0.744744745,-0.146299484,0.96875,-0.015873016,0.892086331,-0.057034221,0.953846154,-0.023622047,1.055319149,0.026915114,1.377777778,0.158878505,0.677248677,-0.192429022,0.771084337,-0.129251701,0.895104895,-0.055350554,0.768768769,-0.130730051,1.032258065,0.015873016,0.920863309,-0.041198502,0.984615385,-0.007751938,1.089361702,0.042769857,1.422222222,0.174311927,0.735449735,-0.152439024,0.837349398,-0.08852459,0.972027972,-0.014184397,0.834834835,-0.090016367,1.120967742,0.057034221,1.0859375,0.041198502,1.069230769,0.033457249,1.182978723,0.083820663,1.544444444,0.213973799,0.687830688,-0.184952978,0.78313253,-0.121621622,0.909090909,-0.047619048,0.780780781,-0.123102867,1.048387097,0.023622047,1.015625,0.007751938,0.935251799,-0.033457249,1.106382979,0.050505051,1.444444444,0.181818182,0.621693122,-0.233278956,0.707831325,-0.171075838,0.821678322,-0.097888676,0.705705706,-0.172535211,0.947580645,-0.026915114,0.91796875,-0.042769857,0.845323741,-0.083820663,0.903846154,-0.050505051,1.305555556,0.13253012,0.476190476,-0.35483871,0.542168675,-0.296875,0.629370629,-0.227467811,0.540540541,-0.298245614,0.725806452,-0.158878505,0.703125,-0.174311927,0.647482014,-0.213973799,0.692307692,-0.181818182,0.765957447,-0.13253012
38,29,184,120,100,102,70,97,66,77,3.47,1.533333333,0.210526316,1.84,0.295774648,1.803921569,0.286713287,2.628571429,0.448818898,1.896907216,0.309608541,2.787878788,0.472,2.38961039,0.409961686,4.842105263,0.657657658,6.344827586,0.727699531,0.652173913,-0.210526316,1.2,0.090909091,1.176470588,0.081081081,1.714285714,0.263157895,1.237113402,0.105990783,1.818181818,0.290322581,1.558441558,0.218274112,3.157894737,0.518987342,4.137931034,0.610738255,0.543478261,-0.295774648,0.833333333,-0.090909091,0.980392157,-0.00990099,1.428571429,0.176470588,1.030927835,0.015228426,1.515151515,0.204819277,1.298701299,0.129943503,2.631578947,0.449275362,3.448275862,0.550387597,0.554347826,-0.286713287,0.85,-0.081081081,1.02,0.00990099,1.457142857,0.186046512,1.051546392,0.025125628,1.545454545,0.214285714,1.324675325,0.139664804,2.684210526,0.457142857,3.517241379,0.557251908,0.380434783,-0.448818898,0.583333333,-0.263157895,0.7,-0.176470588,0.68627451,-0.186046512,0.721649485,-0.161676647,1.060606061,0.029411765,0.909090909,-0.047619048,1.842105263,0.296296296,2.413793103,0.414141414,0.527173913,-0.309608541,0.808333333,-0.105990783,0.97,-0.015228426,0.950980392,-0.025125628,1.385714286,0.161676647,1.46969697,0.190184049,1.25974026,0.114942529,2.552631579,0.437037037,3.344827586,0.53968254,0.358695652,-0.472,0.55,-0.290322581,0.66,-0.204819277,0.647058824,-0.214285714,0.942857143,-0.029411765,0.680412371,-0.190184049,0.857142857,-0.076923077,1.736842105,0.269230769,2.275862069,0.389473684,0.418478261,-0.409961686,0.641666667,-0.218274112,0.77,-0.129943503,0.754901961,-0.139664804,1.1,0.047619048,0.793814433,-0.114942529,1.166666667,0.076923077,2.026315789,0.339130435,2.655172414,0.452830189,0.206521739,-0.657657658,0.316666667,-0.518987342,0.38,-0.449275362,0.37254902,-0.457142857,0.542857143,-0.296296296,0.391752577,-0.437037037,0.575757576,-0.269230769,0.493506494,-0.339130435,1.310344828,0.134328358,0.157608696,-0.727699531,0.241666667,-0.610738255,0.29,-0.550387597,0.284313725,-0.557251908,0.414285714,-0.414141414,0.298969072,-0.53968254,0.439393939,-0.389473684,0.376623377,-0.452830189,0.763157895,-0.134328358
58,39,86,104,114,106,63,56,65,65,11.83,0.826923077,-0.094736842,0.754385965,-0.14,0.811320755,-0.104166667,1.365079365,0.154362416,1.535714286,0.211267606,1.323076923,0.139072848,1.323076923,0.139072848,1.482758621,0.194444444,2.205128205,0.376,1.209302326,0.094736842,0.912280702,-0.04587156,0.981132075,-0.00952381,1.650793651,0.245508982,1.857142857,0.3,1.6,0.230769231,1.6,0.230769231,1.793103448,0.283950617,2.666666667,0.454545455,1.325581395,0.14,1.096153846,0.04587156,1.075471698,0.036363636,1.80952381,0.288135593,2.035714286,0.341176471,1.753846154,0.273743017,1.753846154,0.273743017,1.965517241,0.325581395,2.923076923,0.490196078,1.23255814,0.104166667,1.019230769,0.00952381,0.929824561,-0.036363636,1.682539683,0.25443787,1.892857143,0.308641975,1.630769231,0.239766082,1.630769231,0.239766082,1.827586207,0.292682927,2.717948718,0.462068966,0.73255814,-0.154362416,0.605769231,-0.245508982,0.552631579,-0.288135593,0.594339623,-0.25443787,1.125,0.058823529,0.969230769,-0.015625,0.969230769,-0.015625,1.086206897,0.041322314,1.615384615,0.235294118,0.651162791,-0.211267606,0.538461538,-0.3,0.49122807,-0.341176471,0.528301887,-0.308641975,0.888888889,-0.058823529,0.861538462,-0.074380165,0.861538462,-0.074380165,0.965517241,-0.01754386,1.435897436,0.178947368,0.755813953,-0.139072848,0.625,-0.230769231,0.570175439,-0.273743017,0.613207547,-0.239766082,1.031746032,0.015625,1.160714286,0.074380165,1,0,1.120689655,0.056910569,1.666666667,0.25,0.755813953,-0.139072848,0.625,-0.230769231,0.570175439,-0.273743017,0.613207547,-0.239766082,1.031746032,0.015625,1.160714286,0.074380165,1,0,1.120689655,0.056910569,1.666666667,0.25,0.674418605,-0.194444444,0.557692308,-0.283950617,0.50877193,-0.325581395,0.547169811,-0.292682927,0.920634921,-0.041322314,1.035714286,0.01754386,0.892307692,-0.056910569,0.892307692,-0.056910569,1.487179487,0.195876289,0.453488372,-0.376,0.375,-0.454545455,0.342105263,-0.490196078,0.367924528,-0.462068966,0.619047619,-0.235294118,0.696428571,-0.178947368,0.6,-0.25,0.6,-0.25,0.672413793,-0.195876289
69,56,226,224,190,159,79,97,87,81,2.26,1.008928571,0.004444444,1.189473684,0.086538462,1.421383648,0.174025974,2.860759494,0.481967213,2.329896907,0.399380805,2.597701149,0.444089457,2.790123457,0.472312704,3.275362319,0.53220339,4.035714286,0.602836879,0.991150442,-0.004444444,1.178947368,0.082125604,1.408805031,0.169712794,2.835443038,0.478547855,2.309278351,0.395638629,2.574712644,0.440514469,2.765432099,0.468852459,3.246376812,0.529010239,4,0.6,0.840707965,-0.086538462,0.848214286,-0.082125604,1.194968553,0.088825215,2.405063291,0.412639405,1.958762887,0.324041812,2.183908046,0.371841155,2.345679012,0.402214022,2.753623188,0.467181467,3.392857143,0.544715447,0.703539823,-0.174025974,0.709821429,-0.169712794,0.836842105,-0.088825215,2.012658228,0.336134454,1.639175258,0.2421875,1.827586207,0.292682927,1.962962963,0.325,2.304347826,0.394736842,2.839285714,0.479069767,0.349557522,-0.481967213,0.352678571,-0.478547855,0.415789474,-0.412639405,0.496855346,-0.336134454,0.81443299,-0.102272727,0.908045977,-0.048192771,0.975308642,-0.0125,1.144927536,0.067567568,1.410714286,0.17037037,0.42920354,-0.399380805,0.433035714,-0.395638629,0.510526316,-0.324041812,0.610062893,-0.2421875,1.227848101,0.102272727,1.114942529,0.054347826,1.197530864,0.08988764,1.405797101,0.168674699,1.732142857,0.267973856,0.384955752,-0.444089457,0.388392857,-0.440514469,0.457894737,-0.371841155,0.547169811,-0.292682927,1.101265823,0.048192771,0.896907216,-0.054347826,1.074074074,0.035714286,1.260869565,0.115384615,1.553571429,0.216783217,0.35840708,-0.472312704,0.361607143,-0.468852459,0.426315789,-0.402214022,0.509433962,-0.325,1.025316456,0.0125,0.835051546,-0.08988764,0.931034483,-0.035714286,1.173913043,0.08,1.446428571,0.182481752,0.305309735,-0.53220339,0.308035714,-0.529010239,0.363157895,-0.467181467,0.433962264,-0.394736842,0.873417722,-0.067567568,0.711340206,-0.168674699,0.793103448,-0.115384615,0.851851852,-0.08,1.232142857,0.104,0.247787611,-0.602836879,0.25,-0.6,0.294736842,-0.544715447,0.352201258,-0.479069767,0.708860759,-0.17037037,0.577319588,-0.267973856,0.643678161,-0.216783217,0.691358025,-0.182481752,0.811594203,-0.104
21,35,42,117,97,58,17,30,21,23,2.37,0.358974359,-0.471698113,0.432989691,-0.395683453,0.724137931,-0.16,2.470588235,0.423728814,1.4,0.166666667,2,0.333333333,1.826086957,0.292307692,2,0.333333333,1.2,0.090909091,2.785714286,0.471698113,1.206185567,0.093457944,2.017241379,0.337142857,6.882352941,0.746268657,3.9,0.591836735,5.571428571,0.695652174,5.086956522,0.671428571,5.571428571,0.695652174,3.342857143,0.539473684,2.30952381,0.395683453,0.829059829,-0.093457944,1.672413793,0.251612903,5.705882353,0.701754386,3.233333333,0.527559055,4.619047619,0.644067797,4.217391304,0.616666667,4.619047619,0.644067797,2.771428571,0.46969697,1.380952381,0.16,0.495726496,-0.337142857,0.597938144,-0.251612903,3.411764706,0.546666667,1.933333333,0.318181818,2.761904762,0.46835443,2.52173913,0.432098765,2.761904762,0.46835443,1.657142857,0.247311828,0.404761905,-0.423728814,0.145299145,-0.746268657,0.175257732,-0.701754386,0.293103448,-0.546666667,0.566666667,-0.276595745,0.80952381,-0.105263158,0.739130435,-0.15,0.80952381,-0.105263158,0.485714286,-0.346153846,0.714285714,-0.166666667,0.256410256,-0.591836735,0.309278351,-0.527559055,0.517241379,-0.318181818,1.764705882,0.276595745,1.428571429,0.176470588,1.304347826,0.132075472,1.428571429,0.176470588,0.857142857,-0.076923077,0.5,-0.333333333,0.179487179,-0.695652174,0.216494845,-0.644067797,0.362068966,-0.46835443,1.235294118,0.105263158,0.7,-0.176470588,0.913043478,-0.045454545,1,0,0.6,-0.25,0.547619048,-0.292307692,0.196581197,-0.671428571,0.237113402,-0.616666667,0.396551724,-0.432098765,1.352941176,0.15,0.766666667,-0.132075472,1.095238095,0.045454545,1.095238095,0.045454545,0.657142857,-0.206896552,0.5,-0.333333333,0.179487179,-0.695652174,0.216494845,-0.644067797,0.362068966,-0.46835443,1.235294118,0.105263158,0.7,-0.176470588,1,0,0.913043478,-0.045454545,0.6,-0.25,0.833333333,-0.090909091,0.299145299,-0.539473684,0.360824742,-0.46969697,0.603448276,-0.247311828,2.058823529,0.346153846,1.166666667,0.076923077,1.666666667,0.25,1.52173913,0.206896552,1.666666667,0.25
158,135,68,183,200,171,127,140,135,107,2.18,0.371584699,-0.458167331,0.34,-0.492537313,0.397660819,-0.430962343,0.535433071,-0.302564103,0.485714286,-0.346153846,0.503703704,-0.330049261,0.635514019,-0.222857143,0.430379747,-0.398230088,0.503703704,-0.330049261,2.691176471,0.458167331,0.915,-0.044386423,1.070175439,0.033898305,1.440944882,0.180645161,1.307142857,0.133126935,1.355555556,0.150943396,1.710280374,0.262068966,1.158227848,0.073313783,1.355555556,0.150943396,2.941176471,0.492537313,1.092896175,0.044386423,1.169590643,0.078167116,1.57480315,0.22324159,1.428571429,0.176470588,1.481481481,0.194029851,1.869158879,0.302931596,1.265822785,0.117318436,1.481481481,0.194029851,2.514705882,0.430962343,0.93442623,-0.033898305,0.855,-0.078167116,1.346456693,0.147651007,1.221428571,0.099678457,1.266666667,0.117647059,1.598130841,0.230215827,1.082278481,0.039513678,1.266666667,0.117647059,1.867647059,0.302564103,0.693989071,-0.180645161,0.635,-0.22324159,0.742690058,-0.147651007,0.907142857,-0.048689139,0.940740741,-0.030534351,1.186915888,0.085470085,0.803797468,-0.10877193,0.940740741,-0.030534351,2.058823529,0.346153846,0.765027322,-0.133126935,0.7,-0.176470588,0.81871345,-0.099678457,1.102362205,0.048689139,1.037037037,0.018181818,1.308411215,0.133603239,0.886075949,-0.060402685,1.037037037,0.018181818,1.985294118,0.330049261,0.737704918,-0.150943396,0.675,-0.194029851,0.789473684,-0.117647059,1.062992126,0.030534351,0.964285714,-0.018181818,1.261682243,0.115702479,0.85443038,-0.078498294,1,0,1.573529412,0.222857143,0.584699454,-0.262068966,0.535,-0.302931596,0.625730994,-0.230215827,0.842519685,-0.085470085,0.764285714,-0.133603239,0.792592593,-0.115702479,0.67721519,-0.19245283,0.792592593,-0.115702479,2.323529412,0.398230088,0.863387978,-0.073313783,0.79,-0.117318436,0.923976608,-0.039513678,1.244094488,0.10877193,1.128571429,0.060402685,1.17037037,0.078498294,1.476635514,0.19245283,1.17037037,0.078498294,1.985294118,0.330049261,0.737704918,-0.150943396,0.675,-0.194029851,0.789473684,-0.117647059,1.062992126,0.030534351,0.964285714,-0.018181818,1,0,1.261682243,0.115702479,0.85443038,-0.078498294
39,37,11,82,97,63,14,23,16,8,2.71,0.134146341,-0.76344086,0.113402062,-0.796296296,0.174603175,-0.702702703,0.785714286,-0.12,0.47826087,-0.352941176,0.6875,-0.185185185,1.375,0.157894737,0.282051282,-0.56,0.297297297,-0.541666667,7.454545455,0.76344086,0.845360825,-0.083798883,1.301587302,0.131034483,5.857142857,0.708333333,3.565217391,0.561904762,5.125,0.673469388,10.25,0.822222222,2.102564103,0.355371901,2.216216216,0.378151261,8.818181818,0.796296296,1.182926829,0.083798883,1.53968254,0.2125,6.928571429,0.747747748,4.217391304,0.616666667,6.0625,0.716814159,12.125,0.847619048,2.487179487,0.426470588,2.621621622,0.447761194,5.727272727,0.702702703,0.768292683,-0.131034483,0.649484536,-0.2125,4.5,0.636363636,2.739130435,0.465116279,3.9375,0.594936709,7.875,0.774647887,1.615384615,0.235294118,1.702702703,0.26,1.272727273,0.12,0.170731707,-0.708333333,0.144329897,-0.747747748,0.222222222,-0.636363636,0.608695652,-0.243243243,0.875,-0.066666667,1.75,0.272727273,0.358974359,-0.471698113,0.378378378,-0.450980392,2.090909091,0.352941176,0.280487805,-0.561904762,0.237113402,-0.616666667,0.365079365,-0.465116279,1.642857143,0.243243243,1.4375,0.179487179,2.875,0.483870968,0.58974359,-0.258064516,0.621621622,-0.233333333,1.454545455,0.185185185,0.195121951,-0.673469388,0.164948454,-0.716814159,0.253968254,-0.594936709,1.142857143,0.066666667,0.695652174,-0.179487179,2,0.333333333,0.41025641,-0.418181818,0.432432432,-0.396226415,0.727272727,-0.157894737,0.097560976,-0.822222222,0.082474227,-0.847619048,0.126984127,-0.774647887,0.571428571,-0.272727273,0.347826087,-0.483870968,0.5,-0.333333333,0.205128205,-0.659574468,0.216216216,-0.644444444,3.545454545,0.56,0.475609756,-0.355371901,0.402061856,-0.426470588,0.619047619,-0.235294118,2.785714286,0.471698113,1.695652174,0.258064516,2.4375,0.418181818,4.875,0.659574468,1.054054054,0.026315789,3.363636364,0.541666667,0.451219512,-0.378151261,0.381443299,-0.447761194,0.587301587,-0.26,2.642857143,0.450980392,1.608695652,0.233333333,2.3125,0.396226415,4.625,0.644444444,0.948717949,-0.026315789
93,90,160,206,177,161,96,97,97,79,2.07,0.776699029,-0.12568306,0.903954802,-0.050445104,0.99378882,-0.003115265,1.666666667,0.25,1.649484536,0.245136187,1.649484536,0.245136187,2.025316456,0.338912134,1.720430108,0.264822134,1.777777778,0.28,1.2875,0.12568306,1.163841808,0.075718016,1.279503106,0.122615804,2.145833333,0.364238411,2.12371134,0.359735974,2.12371134,0.359735974,2.607594937,0.445614035,2.215053763,0.377926421,2.288888889,0.391891892,1.10625,0.050445104,0.859223301,-0.075718016,1.099378882,0.047337278,1.84375,0.296703297,1.824742268,0.291970803,1.824742268,0.291970803,2.240506329,0.3828125,1.903225806,0.311111111,1.966666667,0.325842697,1.00625,0.003115265,0.781553398,-0.122615804,0.90960452,-0.047337278,1.677083333,0.252918288,1.659793814,0.248062016,1.659793814,0.248062016,2.037974684,0.341666667,1.731182796,0.267716535,1.788888889,0.282868526,0.6,-0.25,0.466019417,-0.364238411,0.542372881,-0.296703297,0.596273292,-0.252918288,0.989690722,-0.005181347,0.989690722,-0.005181347,1.215189873,0.097142857,1.032258065,0.015873016,1.066666667,0.032258065,0.60625,-0.245136187,0.470873786,-0.359735974,0.548022599,-0.291970803,0.602484472,-0.248062016,1.010416667,0.005181347,1,0,1.227848101,0.102272727,1.043010753,0.021052632,1.077777778,0.037433155,0.60625,-0.245136187,0.470873786,-0.359735974,0.548022599,-0.291970803,0.602484472,-0.248062016,1.010416667,0.005181347,1,0,1.227848101,0.102272727,1.043010753,0.021052632,1.077777778,0.037433155,0.49375,-0.338912134,0.383495146,-0.445614035,0.446327684,-0.3828125,0.49068323,-0.341666667,0.822916667,-0.097142857,0.81443299,-0.102272727,0.81443299,-0.102272727,0.849462366,-0.081395349,0.877777778,-0.065088757,0.58125,-0.264822134,0.451456311,-0.377926421,0.525423729,-0.311111111,0.577639752,-0.267716535,0.96875,-0.015873016,0.958762887,-0.021052632,0.958762887,-0.021052632,1.17721519,0.081395349,1.033333333,0.016393443,0.5625,-0.28,0.436893204,-0.391891892,0.508474576,-0.325842697,0.559006211,-0.282868526,0.9375,-0.032258065,0.927835052,-0.037433155,0.927835052,-0.037433155,1.139240506,0.065088757,0.967741935,-0.016393443
50,48,83,78,78,72,28,30,29,19,1.96,1.064102564,0.031055901,1.064102564,0.031055901,1.152777778,0.070967742,2.964285714,0.495495495,2.766666667,0.469026549,2.862068966,0.482142857,4.368421053,0.62745098,1.66,0.248120301,1.729166667,0.267175573,0.939759036,-0.031055901,1,0,1.083333333,0.04,2.785714286,0.471698113,2.6,0.444444444,2.689655172,0.457943925,4.105263158,0.608247423,1.56,0.21875,1.625,0.238095238,0.939759036,-0.031055901,1,0,1.083333333,0.04,2.785714286,0.471698113,2.6,0.444444444,2.689655172,0.457943925,4.105263158,0.608247423,1.56,0.21875,1.625,0.238095238,0.86746988,-0.070967742,0.923076923,-0.04,0.923076923,-0.04,2.571428571,0.44,2.4,0.411764706,2.482758621,0.425742574,3.789473684,0.582417582,1.44,0.180327869,1.5,0.2,0.337349398,-0.495495495,0.358974359,-0.471698113,0.358974359,-0.471698113,0.388888889,-0.44,0.933333333,-0.034482759,0.965517241,-0.01754386,1.473684211,0.191489362,0.56,-0.282051282,0.583333333,-0.263157895,0.361445783,-0.469026549,0.384615385,-0.444444444,0.384615385,-0.444444444,0.416666667,-0.411764706,1.071428571,0.034482759,1.034482759,0.016949153,1.578947368,0.224489796,0.6,-0.25,0.625,-0.230769231,0.34939759,-0.482142857,0.371794872,-0.457943925,0.371794872,-0.457943925,0.402777778,-0.425742574,1.035714286,0.01754386,0.966666667,-0.016949153,1.526315789,0.208333333,0.58,-0.265822785,0.604166667,-0.246753247,0.228915663,-0.62745098,0.243589744,-0.608247423,0.243589744,-0.608247423,0.263888889,-0.582417582,0.678571429,-0.191489362,0.633333333,-0.224489796,0.655172414,-0.208333333,0.38,-0.449275362,0.395833333,-0.432835821,0.602409639,-0.248120301,0.641025641,-0.21875,0.641025641,-0.21875,0.694444444,-0.180327869,1.785714286,0.282051282,1.666666667,0.25,1.724137931,0.265822785,2.631578947,0.449275362,1.041666667,0.020408163,0.578313253,-0.267175573,0.615384615,-0.238095238,0.615384615,-0.238095238,0.666666667,-0.2,1.714285714,0.263157895,1.6,0.230769231,1.655172414,0.246753247,2.526315789,0.432835821,0.96,-0.020408163
89,83,162,257,173,137,97,105,94,90,1.7,0.630350195,-0.22673031,0.936416185,-0.032835821,1.182481752,0.08361204,1.670103093,0.250965251,1.542857143,0.213483146,1.723404255,0.265625,1.8,0.285714286,1.820224719,0.290836653,1.951807229,0.32244898,1.586419753,0.22673031,1.485549133,0.195348837,1.875912409,0.304568528,2.649484536,0.451977401,2.447619048,0.419889503,2.734042553,0.464387464,2.855555556,0.481268012,2.887640449,0.485549133,3.096385542,0.511764706,1.067901235,0.032835821,0.673151751,-0.195348837,1.262773723,0.116129032,1.783505155,0.281481481,1.647619048,0.244604317,1.840425532,0.29588015,1.922222222,0.315589354,1.943820225,0.320610687,2.084337349,0.3515625,0.845679012,-0.08361204,0.53307393,-0.304568528,0.791907514,-0.116129032,1.412371134,0.170940171,1.304761905,0.132231405,1.457446809,0.186147186,1.522222222,0.207048458,1.539325843,0.212389381,1.65060241,0.245454545,0.598765432,-0.250965251,0.377431907,-0.451977401,0.560693642,-0.281481481,0.708029197,-0.170940171,0.923809524,-0.03960396,1.031914894,0.015706806,1.077777778,0.037433155,1.08988764,0.043010753,1.168674699,0.077777778,0.648148148,-0.213483146,0.408560311,-0.419889503,0.606936416,-0.244604317,0.766423358,-0.132231405,1.082474227,0.03960396,1.117021277,0.055276382,1.166666667,0.076923077,1.179775281,0.082474227,1.265060241,0.117021277,0.580246914,-0.265625,0.365758755,-0.464387464,0.543352601,-0.29588015,0.686131387,-0.186147186,0.969072165,-0.015706806,0.895238095,-0.055276382,1.044444444,0.02173913,1.056179775,0.027322404,1.13253012,0.062146893,0.555555556,-0.285714286,0.350194553,-0.481268012,0.520231214,-0.315589354,0.656934307,-0.207048458,0.927835052,-0.037433155,0.857142857,-0.076923077,0.957446809,-0.02173913,1.011235955,0.005586592,1.084337349,0.040462428,0.549382716,-0.290836653,0.346303502,-0.485549133,0.514450867,-0.320610687,0.649635036,-0.212389381,0.917525773,-0.043010753,0.847619048,-0.082474227,0.946808511,-0.027322404,0.988888889,-0.005586592,1.072289157,0.034883721,0.512345679,-0.32244898,0.322957198,-0.511764706,0.479768786,-0.3515625,0.605839416,-0.245454545,0.855670103,-0.077777778,0.79047619,-0.117021277,0.882978723,-0.062146893,0.922222222,-0.040462428,0.93258427,-0.034883721
150,137,290,350,286,255,166,167,166,147,2.57,0.828571429,-0.09375,1.013986014,0.006944444,1.137254902,0.064220183,1.746987952,0.271929825,1.736526946,0.269146608,1.746987952,0.271929825,1.972789116,0.327231121,1.933333333,0.318181818,2.116788321,0.358313817,1.206896552,0.09375,1.223776224,0.100628931,1.37254902,0.157024793,2.108433735,0.356589147,2.095808383,0.353965184,2.108433735,0.356589147,2.380952381,0.408450704,2.333333333,0.4,2.554744526,0.437371663,0.986206897,-0.006944444,0.817142857,-0.100628931,1.121568627,0.057301294,1.722891566,0.265486726,1.71257485,0.262693157,1.722891566,0.265486726,1.945578231,0.321016166,1.906666667,0.311926606,2.087591241,0.352245863,0.879310345,-0.064220183,0.728571429,-0.157024793,0.891608392,-0.057301294,1.536144578,0.211401425,1.526946108,0.208530806,1.536144578,0.211401425,1.734693878,0.268656716,1.7,0.259259259,1.861313869,0.301020408,0.572413793,-0.271929825,0.474285714,-0.356589147,0.58041958,-0.265486726,0.650980392,-0.211401425,0.994011976,-0.003003003,1,0,1.129251701,0.060702875,1.106666667,0.050632911,1.211678832,0.095709571,0.575862069,-0.269146608,0.477142857,-0.353965184,0.583916084,-0.262693157,0.654901961,-0.208530806,1.006024096,0.003003003,1.006024096,0.003003003,1.136054422,0.063694268,1.113333333,0.05362776,1.218978102,0.098684211,0.572413793,-0.271929825,0.474285714,-0.356589147,0.58041958,-0.265486726,0.650980392,-0.211401425,1,0,0.994011976,-0.003003003,1.129251701,0.060702875,1.106666667,0.050632911,1.211678832,0.095709571,0.506896552,-0.327231121,0.42,-0.408450704,0.513986014,-0.321016166,0.576470588,-0.268656716,0.885542169,-0.060702875,0.880239521,-0.063694268,0.885542169,-0.060702875,0.98,-0.01010101,1.072992701,0.035211268,0.517241379,-0.318181818,0.428571429,-0.4,0.524475524,-0.311926606,0.588235294,-0.259259259,0.903614458,-0.050632911,0.898203593,-0.05362776,0.903614458,-0.050632911,1.020408163,0.01010101,1.094890511,0.045296167,0.472413793,-0.358313817,0.391428571,-0.437371663,0.479020979,-0.352245863,0.537254902,-0.301020408,0.825301205,-0.095709571,0.820359281,-0.098684211,0.825301205,-0.095709571,0.931972789,-0.035211268,0.913333333,-0.045296167
117,107,204,259,227,204,153,151,143,157,2.33,0.787644788,-0.118790497,0.898678414,-0.053364269,1,0,1.333333333,0.142857143,1.350993377,0.149295775,1.426573427,0.175792507,1.299363057,0.130193906,1.743589744,0.271028037,1.906542056,0.311897106,1.269607843,0.118790497,1.140969163,0.065843621,1.269607843,0.118790497,1.692810458,0.257281553,1.715231788,0.263414634,1.811188811,0.288557214,1.649681529,0.245192308,2.213675214,0.377659574,2.420560748,0.415300546,1.112745098,0.053364269,0.876447876,-0.065843621,1.112745098,0.053364269,1.483660131,0.194736842,1.503311258,0.201058201,1.587412587,0.227027027,1.445859873,0.182291667,1.94017094,0.319767442,2.121495327,0.359281437,1,0,0.787644788,-0.118790497,0.898678414,-0.053364269,1.333333333,0.142857143,1.350993377,0.149295775,1.426573427,0.175792507,1.299363057,0.130193906,1.743589744,0.271028037,1.906542056,0.311897106,0.75,-0.142857143,0.590733591,-0.257281553,0.674008811,-0.194736842,0.75,-0.142857143,1.013245033,0.006578947,1.06993007,0.033783784,0.974522293,-0.012903226,1.307692308,0.133333333,1.429906542,0.176923077,0.740196078,-0.149295775,0.583011583,-0.263414634,0.665198238,-0.201058201,0.740196078,-0.149295775,0.986928105,-0.006578947,1.055944056,0.027210884,0.961783439,-0.019480519,1.290598291,0.126865672,1.411214953,0.170542636,0.700980392,-0.175792507,0.552123552,-0.288557214,0.629955947,-0.227027027,0.700980392,-0.175792507,0.934640523,-0.033783784,0.947019868,-0.027210884,0.910828025,-0.046666667,1.222222222,0.1,1.336448598,0.144,0.769607843,-0.130193906,0.606177606,-0.245192308,0.691629956,-0.182291667,0.769607843,-0.130193906,1.026143791,0.012903226,1.039735099,0.019480519,1.097902098,0.046666667,1.341880342,0.145985401,1.46728972,0.189393939,0.573529412,-0.271028037,0.451737452,-0.377659574,0.515418502,-0.319767442,0.573529412,-0.271028037,0.764705882,-0.133333333,0.774834437,-0.126865672,0.818181818,-0.1,0.74522293,-0.145985401,1.093457944,0.044642857,0.524509804,-0.311897106,0.413127413,-0.415300546,0.471365639,-0.359281437,0.524509804,-0.311897106,0.699346405,-0.176923077,0.708609272,-0.170542636,0.748251748,-0.144,0.681528662,-0.189393939,0.914529915,-0.044642857
267,235,427,441,385,372,285,309,307,286,2.66,0.968253968,-0.016129032,1.109090909,0.051724138,1.147849462,0.068836045,1.498245614,0.199438202,1.381877023,0.160326087,1.390879479,0.163487738,1.493006993,0.197755961,1.599250936,0.23054755,1.817021277,0.290030211,1.032786885,0.016129032,1.145454545,0.06779661,1.185483871,0.084870849,1.547368421,0.214876033,1.427184466,0.176,1.436482085,0.179144385,1.541958042,0.213204952,1.651685393,0.245762712,1.876595745,0.304733728,0.901639344,-0.051724138,0.873015873,-0.06779661,1.034946237,0.017173052,1.350877193,0.149253731,1.245954693,0.109510086,1.254071661,0.112716763,1.346153846,0.147540984,1.441947566,0.180981595,1.638297872,0.241935484,0.871194379,-0.068836045,0.843537415,-0.084870849,0.966233766,-0.017173052,1.305263158,0.132420091,1.203883495,0.092511013,1.211726384,0.095729013,1.300699301,0.130699088,1.393258427,0.164319249,1.582978723,0.225700165,0.667447307,-0.199438202,0.646258503,-0.214876033,0.74025974,-0.149253731,0.766129032,-0.132420091,0.922330097,-0.04040404,0.928338762,-0.037162162,0.996503497,-0.001751313,1.06741573,0.032608696,1.212765957,0.096153846,0.723653396,-0.160326087,0.700680272,-0.176,0.802597403,-0.109510086,0.830645161,-0.092511013,1.084210526,0.04040404,1.006514658,0.003246753,1.08041958,0.038655462,1.157303371,0.072916667,1.314893617,0.136029412,0.718969555,-0.163487738,0.696145125,-0.179144385,0.797402597,-0.112716763,0.825268817,-0.095729013,1.077192982,0.037162162,0.993527508,-0.003246753,1.073426573,0.035413153,1.149812734,0.069686411,1.306382979,0.132841328,0.669789227,-0.197755961,0.648526077,-0.213204952,0.742857143,-0.147540984,0.768817204,-0.130699088,1.003508772,0.001751313,0.925566343,-0.038655462,0.931596091,-0.035413153,1.071161049,0.034358047,1.217021277,0.097888676,0.62529274,-0.23054755,0.605442177,-0.245762712,0.693506494,-0.180981595,0.717741935,-0.164319249,0.936842105,-0.032608696,0.86407767,-0.072916667,0.86970684,-0.069686411,0.933566434,-0.034358047,1.136170213,0.06374502,0.550351288,-0.290030211,0.532879819,-0.304733728,0.61038961,-0.241935484,0.63172043,-0.225700165,0.824561404,-0.096153846,0.760517799,-0.136029412,0.765472313,-0.132841328,0.821678322,-0.097888676,0.880149813,-0.06374502
236,211,368,443,366,341,219,250,232,201,2.43,0.830699774,-0.092478422,1.005464481,0.002724796,1.079178886,0.038081805,1.680365297,0.253833049,1.472,0.190938511,1.586206897,0.226666667,1.830845771,0.293497364,1.559322034,0.218543046,1.744075829,0.271157168,1.203804348,0.092478422,1.210382514,0.095179234,1.299120235,0.130102041,2.02283105,0.33836858,1.772,0.278499278,1.909482759,0.312592593,2.2039801,0.375776398,1.877118644,0.304860088,2.099526066,0.354740061,0.994565217,-0.002724796,0.826185102,-0.095179234,1.073313783,0.035360679,1.671232877,0.251282051,1.464,0.188311688,1.577586207,0.224080268,1.820895522,0.291005291,1.550847458,0.215946844,1.734597156,0.268630849,0.926630435,-0.038081805,0.769751693,-0.130102041,0.931693989,-0.035360679,1.557077626,0.217857143,1.364,0.153976311,1.469827586,0.190226876,1.696517413,0.258302583,1.444915254,0.181975737,1.616113744,0.235507246,0.595108696,-0.253833049,0.494356659,-0.33836858,0.598360656,-0.251282051,0.642228739,-0.217857143,0.876,-0.066098081,0.943965517,-0.028824834,1.089552239,0.042857143,0.927966102,-0.037362637,1.037914692,0.018604651,0.679347826,-0.190938511,0.564334086,-0.278499278,0.683060109,-0.188311688,0.73313783,-0.153976311,1.141552511,0.066098081,1.077586207,0.037344398,1.243781095,0.10864745,1.059322034,0.028806584,1.184834123,0.084598698,0.630434783,-0.226666667,0.523702032,-0.312592593,0.633879781,-0.224080268,0.680351906,-0.190226876,1.059360731,0.028824834,0.928,-0.037344398,1.154228856,0.071593533,0.983050847,-0.008547009,1.099526066,0.047404063,0.546195652,-0.293497364,0.453724605,-0.375776398,0.549180328,-0.291005291,0.589442815,-0.258302583,0.917808219,-0.042857143,0.804,-0.10864745,0.86637931,-0.071593533,0.851694915,-0.080091533,0.952606635,-0.024271845,0.641304348,-0.218543046,0.532731377,-0.304860088,0.644808743,-0.215946844,0.692082111,-0.181975737,1.077625571,0.037362637,0.944,-0.028806584,1.017241379,0.008547009,1.174129353,0.080091533,1.118483412,0.055928412,0.573369565,-0.271157168,0.476297968,-0.354740061,0.576502732,-0.268630849,0.618768328,-0.235507246,0.96347032,-0.018604651,0.844,-0.084598698,0.909482759,-0.047404063,1.049751244,0.024271845,0.894067797,-0.055928412
330,300,545,654,528,486,367,389,376,357,2.05,0.833333333,-0.090909091,1.03219697,0.01584343,1.121399177,0.057225994,1.485013624,0.195175439,1.401028278,0.167023555,1.449468085,0.1834962,1.526610644,0.208425721,1.651515152,0.245714286,1.816666667,0.289940828,1.2,0.090909091,1.238636364,0.106598985,1.345679012,0.147368421,1.782016349,0.281096964,1.681233933,0.254074784,1.739361702,0.269902913,1.831932773,0.293768546,1.981818182,0.329268293,2.18,0.371069182,0.968807339,-0.01584343,0.80733945,-0.106598985,1.086419753,0.041420118,1.438692098,0.179888268,1.357326478,0.151581243,1.404255319,0.168141593,1.478991597,0.193220339,1.6,0.230769231,1.76,0.275362319,0.891743119,-0.057225994,0.743119266,-0.147368421,0.920454545,-0.041420118,1.324250681,0.13950762,1.249357326,0.110857143,1.292553191,0.127610209,1.361344538,0.153024911,1.472727273,0.191176471,1.62,0.236641221,0.673394495,-0.195175439,0.56116208,-0.281096964,0.695075758,-0.179888268,0.755144033,-0.13950762,0.94344473,-0.029100529,0.97606383,-0.012113055,1.028011204,0.013812155,1.112121212,0.053084648,1.223333333,0.100449775,0.713761468,-0.167023555,0.594801223,-0.254074784,0.736742424,-0.151581243,0.800411523,-0.110857143,1.059945504,0.029100529,1.034574468,0.016993464,1.089635854,0.042895442,1.178787879,0.082058414,1.296666667,0.129172714,0.689908257,-0.1834962,0.574923547,-0.269902913,0.712121212,-0.168141593,0.773662551,-0.127610209,1.024523161,0.012113055,0.966580977,-0.016993464,1.053221289,0.025920873,1.139393939,0.065155807,1.253333333,0.112426036,0.655045872,-0.208425721,0.54587156,-0.293768546,0.676136364,-0.193220339,0.734567901,-0.153024911,0.972752044,-0.013812155,0.917737789,-0.042895442,0.949468085,-0.025920873,1.081818182,0.03930131,1.19,0.086757991,0.605504587,-0.245714286,0.504587156,-0.329268293,0.625,-0.230769231,0.679012346,-0.191176471,0.899182561,-0.053084648,0.848329049,-0.082058414,0.877659574,-0.065155807,0.924369748,-0.03930131,1.1,0.047619048,0.550458716,-0.289940828,0.458715596,-0.371069182,0.568181818,-0.275362319,0.617283951,-0.236641221,0.817438692,-0.100449775,0.771208226,-0.129172714,0.79787234,-0.112426036,0.840336134,-0.086757991,0.909090909,-0.047619048
399,371,625,681,598,577,463,476,527,440,1.74,0.917767988,-0.04287902,1.045150502,0.02207686,1.083188908,0.039933444,1.349892009,0.148897059,1.31302521,0.135331517,1.185958254,0.085069444,1.420454545,0.17370892,1.56641604,0.220703125,1.684636119,0.25502008,1.0896,0.04287902,1.138795987,0.064894449,1.180242634,0.082670906,1.470842333,0.190559441,1.430672269,0.177182368,1.292220114,0.127483444,1.547727273,0.214986619,1.706766917,0.261111111,1.835579515,0.294676806,0.9568,-0.02207686,0.878120411,-0.064894449,1.036395147,0.01787234,1.291576674,0.127238454,1.256302521,0.113594041,1.134724858,0.063111111,1.359090909,0.1522158,1.498746867,0.199598796,1.611859838,0.234262126,0.9232,-0.039933444,0.847283407,-0.082670906,0.964882943,-0.01787234,1.246220302,0.109615385,1.212184874,0.095916429,1.09487666,0.045289855,1.311363636,0.134709931,1.446115288,0.182377049,1.555256065,0.217299578,0.7408,-0.148897059,0.679882526,-0.190559441,0.774247492,-0.127238454,0.802426343,-0.109615385,0.972689076,-0.013844515,0.878557875,-0.064646465,1.052272727,0.025470653,1.160401003,0.07424594,1.247978437,0.110311751,0.7616,-0.135331517,0.6989721,-0.177182368,0.795986622,-0.113594041,0.824956672,-0.095916429,1.028077754,0.013844515,0.903225806,-0.050847458,1.081818182,0.03930131,1.192982456,0.088,1.283018868,0.123966942,0.8432,-0.085069444,0.773861968,-0.127483444,0.881270903,-0.063111111,0.913344887,-0.045289855,1.138228942,0.064646465,1.107142857,0.050847458,1.197727273,0.089968976,1.320802005,0.138228942,1.420485175,0.173719376,0.704,-0.17370892,0.646108664,-0.214986619,0.735785953,-0.1522158,0.762564991,-0.134709931,0.950323974,-0.025470653,0.924369748,-0.03930131,0.834914611,-0.089968976,1.102756892,0.0488677,1.185983827,0.085080148,0.6384,-0.220703125,0.585903084,-0.261111111,0.66722408,-0.199598796,0.691507799,-0.182377049,0.861771058,-0.07424594,0.838235294,-0.088,0.75711575,-0.138228942,0.906818182,-0.0488677,1.075471698,0.036363636,0.5936,-0.25502008,0.544787078,-0.294676806,0.620401338,-0.234262126,0.642980936,-0.217299578,0.801295896,-0.110311751,0.779411765,-0.123966942,0.70398482,-0.173719376,0.843181818,-0.085080148,0.929824561,-0.036363636
611,536,946,964,877,840,744,695,751,694,1.73,0.981327801,-0.009424084,1.078677309,0.037849698,1.126190476,0.059350504,1.271505376,0.119526627,1.361151079,0.152955515,1.259653795,0.114908662,1.363112392,0.153658537,1.548281506,0.215157354,1.764925373,0.276653171,1.019027484,0.009424084,1.099201824,0.047256926,1.147619048,0.068736142,1.295698925,0.128805621,1.38705036,0.162145871,1.283621838,0.124198251,1.389048991,0.162846803,1.577741408,0.224126984,1.798507463,0.285333333,0.927061311,-0.037849698,0.909751037,-0.047256926,1.044047619,0.021549214,1.178763441,0.082048118,1.261870504,0.115776081,1.167776298,0.077395577,1.263688761,0.116486314,1.435351882,0.178763441,1.63619403,0.241330502,0.88794926,-0.059350504,0.871369295,-0.068736142,0.957810718,-0.021549214,1.129032258,0.060606061,1.208633094,0.094462541,1.118508655,0.055939661,1.21037464,0.09517601,1.374795417,0.157822192,1.567164179,0.220930233,0.786469345,-0.119526627,0.771784232,-0.128805621,0.848346636,-0.082048118,0.885714286,-0.060606061,1.070503597,0.034051425,0.990679095,-0.004682274,1.07204611,0.034770515,1.217675941,0.098154982,1.388059701,0.1625,0.734672304,-0.152955515,0.720954357,-0.162145871,0.792474344,-0.115776081,0.827380952,-0.094462541,0.934139785,-0.034051425,0.925432756,-0.038727524,1.001440922,0.000719942,1.137479542,0.06431853,1.296641791,0.129163282,0.793868922,-0.114908662,0.779045643,-0.124198251,0.856328392,-0.077395577,0.894047619,-0.055939661,1.009408602,0.004682274,1.08057554,0.038727524,1.082132565,0.039446367,1.22913257,0.102790015,1.401119403,0.167055167,0.733615222,-0.153658537,0.719917012,-0.162846803,0.791334094,-0.116486314,0.826190476,-0.09517601,0.932795699,-0.034770515,0.998561151,-0.000719942,0.924101198,-0.039446367,1.135842881,0.063601533,1.294776119,0.128455285,0.645877378,-0.215157354,0.633817427,-0.224126984,0.696693273,-0.178763441,0.727380952,-0.157822192,0.821236559,-0.098154982,0.879136691,-0.06431853,0.813581891,-0.102790015,0.880403458,-0.063601533,1.139925373,0.065387969,0.566596195,-0.276653171,0.556016598,-0.285333333,0.611174458,-0.241330502,0.638095238,-0.220930233,0.720430108,-0.1625,0.771223022,-0.129163282,0.713715047,-0.167055167,0.772334294,-0.128455285,0.877250409,-0.065387969
891,810,1141,1228,1079,1081,938,962,935,939,2.27,0.929153094,-0.036724356,1.057460612,0.027927928,1.055504163,0.0270027,1.21641791,0.097643098,1.186070686,0.0851165,1.220320856,0.099229287,1.215122471,0.097115385,1.280583614,0.123031496,1.408641975,0.169656586,1.076248904,0.036724356,1.138090825,0.064586042,1.135985199,0.063663924,1.309168443,0.13388735,1.276507277,0.121461187,1.313368984,0.135460009,1.307774228,0.133364098,1.378226712,0.159037282,1.516049383,0.205103042,0.9456617,-0.027927928,0.878664495,-0.064586042,0.998149861,-0.000925926,1.150319829,0.069905801,1.121621622,0.057324841,1.154010695,0.071499503,1.149094782,0.069375619,1.210998878,0.095431472,1.332098765,0.142403388,0.947414549,-0.0270027,0.88029316,-0.063663924,1.001853568,0.000925926,1.152452026,0.070827142,1.123700624,0.058247675,1.156149733,0.072420635,1.151224707,0.07029703,1.213243547,0.096348884,1.334567901,0.143310418,0.82208589,-0.097643098,0.763843648,-0.13388735,0.869323448,-0.069905801,0.867715079,-0.070827142,0.975051975,-0.012631579,1.003208556,0.001601708,0.998935037,-0.000532765,1.052749719,0.025697102,1.158024691,0.073226545,0.84312007,-0.0851165,0.783387622,-0.121461187,0.891566265,-0.057324841,0.889916744,-0.058247675,1.025586354,0.012631579,1.028877005,0.014232999,1.024494143,0.012098895,1.079685746,0.038316244,1.187654321,0.085778781,0.819456617,-0.099229287,0.761400651,-0.135460009,0.866543095,-0.071499503,0.86493987,-0.072420635,0.996801706,-0.001601708,0.971933472,-0.014232999,0.995740149,-0.002134472,1.049382716,0.024096386,1.154320988,0.071633238,0.822962314,-0.097115385,0.76465798,-0.133364098,0.870250232,-0.069375619,0.868640148,-0.07029703,1.001066098,0.000532765,0.976091476,-0.012098895,1.004278075,0.002134472,1.053872054,0.026229508,1.159259259,0.073756432,0.780893953,-0.123031496,0.725570033,-0.159037282,0.825764597,-0.095431472,0.824236818,-0.096348884,0.94989339,-0.025697102,0.926195426,-0.038316244,0.952941176,-0.024096386,0.948881789,-0.026229508,1.1,0.047619048,0.709903593,-0.169656586,0.659609121,-0.205103042,0.750695088,-0.142403388,0.749306198,-0.143310418,0.863539446,-0.073226545,0.841995842,-0.085778781,0.86631016,-0.071633238,0.862619808,-0.073756432,0.909090909,-0.047619048
27,20,24,55,82,82,32,23,30,18,6.41,0.436363636,-0.392405063,0.292682927,-0.547169811,0.292682927,-0.547169811,0.75,-0.142857143,1.043478261,0.021276596,0.8,-0.111111111,1.333333333,0.142857143,0.888888889,-0.058823529,1.2,0.090909091,2.291666667,0.392405063,0.670731707,-0.197080292,0.670731707,-0.197080292,1.71875,0.264367816,2.391304348,0.41025641,1.833333333,0.294117647,3.055555556,0.506849315,2.037037037,0.341463415,2.75,0.466666667,3.416666667,0.547169811,1.490909091,0.197080292,1,0,2.5625,0.438596491,3.565217391,0.561904762,2.733333333,0.464285714,4.555555556,0.64,3.037037037,0.504587156,4.1,0.607843137,3.416666667,0.547169811,1.490909091,0.197080292,1,0,2.5625,0.438596491,3.565217391,0.561904762,2.733333333,0.464285714,4.555555556,0.64,3.037037037,0.504587156,4.1,0.607843137,1.333333333,0.142857143,0.581818182,-0.264367816,0.390243902,-0.438596491,0.390243902,-0.438596491,1.391304348,0.163636364,1.066666667,0.032258065,1.777777778,0.28,1.185185185,0.084745763,1.6,0.230769231,0.958333333,-0.021276596,0.418181818,-0.41025641,0.280487805,-0.561904762,0.280487805,-0.561904762,0.71875,-0.163636364,0.766666667,-0.132075472,1.277777778,0.12195122,0.851851852,-0.08,1.15,0.069767442,1.25,0.111111111,0.545454545,-0.294117647,0.365853659,-0.464285714,0.365853659,-0.464285714,0.9375,-0.032258065,1.304347826,0.132075472,1.666666667,0.25,1.111111111,0.052631579,1.5,0.2,0.75,-0.142857143,0.327272727,-0.506849315,0.219512195,-0.64,0.219512195,-0.64,0.5625,-0.28,0.782608696,-0.12195122,0.6,-0.25,0.666666667,-0.2,0.9,-0.052631579,1.125,0.058823529,0.490909091,-0.341463415,0.329268293,-0.504587156,0.329268293,-0.504587156,0.84375,-0.084745763,1.173913043,0.08,0.9,-0.052631579,1.5,0.2,1.35,0.14893617,0.833333333,-0.090909091,0.363636364,-0.466666667,0.243902439,-0.607843137,0.243902439,-0.607843137,0.625,-0.230769231,0.869565217,-0.069767442,0.666666667,-0.2,1.111111111,0.052631579,0.740740741,-0.14893617
60,60,102,111,133,151,69,79,55,42,14.21,0.918918919,-0.042253521,0.766917293,-0.131914894,0.675496689,-0.193675889,1.47826087,0.192982456,1.291139241,0.127071823,1.854545455,0.299363057,2.428571429,0.416666667,1.7,0.259259259,1.7,0.259259259,1.088235294,0.042253521,0.834586466,-0.090163934,0.735099338,-0.152671756,1.608695652,0.233333333,1.405063291,0.168421053,2.018181818,0.337349398,2.642857143,0.450980392,1.85,0.298245614,1.85,0.298245614,1.303921569,0.131914894,1.198198198,0.090163934,0.880794702,-0.063380282,1.927536232,0.316831683,1.683544304,0.254716981,2.418181818,0.414893617,3.166666667,0.52,2.216666667,0.378238342,2.216666667,0.378238342,1.480392157,0.193675889,1.36036036,0.152671756,1.135338346,0.063380282,2.188405797,0.372727273,1.911392405,0.313043478,2.745454545,0.466019417,3.595238095,0.564766839,2.516666667,0.431279621,2.516666667,0.431279621,0.676470588,-0.192982456,0.621621622,-0.233333333,0.518796992,-0.316831683,0.456953642,-0.372727273,0.873417722,-0.067567568,1.254545455,0.112903226,1.642857143,0.243243243,1.15,0.069767442,1.15,0.069767442,0.774509804,-0.127071823,0.711711712,-0.168421053,0.593984962,-0.254716981,0.523178808,-0.313043478,1.144927536,0.067567568,1.436363636,0.179104478,1.880952381,0.305785124,1.316666667,0.136690647,1.316666667,0.136690647,0.539215686,-0.299363057,0.495495495,-0.337349398,0.413533835,-0.414893617,0.364238411,-0.466019417,0.797101449,-0.112903226,0.696202532,-0.179104478,1.30952381,0.134020619,0.916666667,-0.043478261,0.916666667,-0.043478261,0.411764706,-0.416666667,0.378378378,-0.450980392,0.315789474,-0.52,0.278145695,-0.564766839,0.608695652,-0.243243243,0.53164557,-0.305785124,0.763636364,-0.134020619,0.7,-0.176470588,0.7,-0.176470588,0.588235294,-0.259259259,0.540540541,-0.298245614,0.45112782,-0.378238342,0.397350993,-0.431279621,0.869565217,-0.069767442,0.759493671,-0.136690647,1.090909091,0.043478261,1.428571429,0.176470588,1,0,0.588235294,-0.259259259,0.540540541,-0.298245614,0.45112782,-0.378238342,0.397350993,-0.431279621,0.869565217,-0.069767442,0.759493671,-0.136690647,1.090909091,0.043478261,1.428571429,0.176470588,1,0
196,184,286,427,352,406,237,216,233,197,9.85,0.669789227,-0.197755961,0.8125,-0.103448276,0.704433498,-0.173410405,1.206751055,0.093690249,1.324074074,0.139442231,1.227467811,0.102119461,1.45177665,0.18426501,1.459183673,0.186721992,1.554347826,0.217021277,1.493006993,0.197755961,1.213068182,0.096277279,1.051724138,0.025210084,1.801687764,0.286144578,1.976851852,0.3281493,1.832618026,0.293939394,2.16751269,0.368589744,2.178571429,0.370786517,2.320652174,0.397708674,1.230769231,0.103448276,0.824355972,-0.096277279,0.866995074,-0.071240106,1.485232068,0.19524618,1.62962963,0.23943662,1.510729614,0.203418803,1.78680203,0.282331512,1.795918367,0.284671533,1.913043478,0.313432836,1.41958042,0.173410405,0.950819672,-0.025210084,1.153409091,0.071240106,1.713080169,0.262830482,1.87962963,0.305466238,1.74248927,0.270735524,2.060913706,0.346600332,2.071428571,0.348837209,2.206521739,0.376271186,0.828671329,-0.093690249,0.555035129,-0.286144578,0.673295455,-0.19524618,0.583743842,-0.262830482,1.097222222,0.046357616,1.017167382,0.008510638,1.203045685,0.092165899,1.209183673,0.094688222,1.288043478,0.125890736,0.755244755,-0.139442231,0.505854801,-0.3281493,0.613636364,-0.23943662,0.532019704,-0.305466238,0.911392405,-0.046357616,0.927038627,-0.037861915,1.096446701,0.046004843,1.102040816,0.048543689,1.173913043,0.08,0.814685315,-0.102119461,0.545667447,-0.293939394,0.661931818,-0.203418803,0.573891626,-0.270735524,0.983122363,-0.008510638,1.078703704,0.037861915,1.182741117,0.08372093,1.18877551,0.086247086,1.266304348,0.117505995,0.688811189,-0.18426501,0.461358314,-0.368589744,0.559659091,-0.282331512,0.485221675,-0.346600332,0.831223629,-0.092165899,0.912037037,-0.046004843,0.845493562,-0.08372093,1.005102041,0.002544529,1.070652174,0.034120735,0.685314685,-0.186721992,0.459016393,-0.370786517,0.556818182,-0.284671533,0.482758621,-0.348837209,0.827004219,-0.094688222,0.907407407,-0.048543689,0.841201717,-0.086247086,0.994923858,-0.002544529,1.065217391,0.031578947,0.643356643,-0.217021277,0.430913349,-0.397708674,0.522727273,-0.313432836,0.45320197,-0.376271186,0.776371308,-0.125890736,0.851851852,-0.08,0.789699571,-0.117505995,0.934010152,-0.034120735,0.93877551,-0.031578947
527,470,792,906,747,717,584,580,582,542,2.89,0.874172185,-0.067137809,1.060240964,0.029239766,1.10460251,0.049701789,1.356164384,0.151162791,1.365517241,0.15451895,1.360824742,0.152838428,1.461254613,0.187406297,1.5028463,0.20090978,1.685106383,0.255150555,1.143939394,0.067137809,1.212851406,0.096188748,1.263598326,0.116451017,1.551369863,0.216107383,1.562068966,0.219380888,1.556701031,0.217741935,1.671586716,0.251381215,1.719165085,0.264480112,1.927659574,0.316860465,0.943181818,-0.029239766,0.824503311,-0.096188748,1.041841004,0.020491803,1.279109589,0.122464313,1.287931034,0.125847777,1.283505155,0.124153499,1.378228782,0.159038014,1.417457306,0.172684458,1.589361702,0.227608874,0.90530303,-0.049701789,0.791390728,-0.116451017,0.959839357,-0.020491803,1.227739726,0.102229055,1.236206897,0.105628373,1.231958763,0.103926097,1.322878229,0.138999206,1.360531309,0.152733119,1.525531915,0.208087616,0.737373737,-0.151162791,0.644591611,-0.216107383,0.781793842,-0.122464313,0.814504881,-0.102229055,1.006896552,0.003436426,1.003436426,0.001715266,1.077490775,0.037300178,1.108159393,0.051305131,1.242553191,0.108159393,0.732323232,-0.15451895,0.6401766,-0.219380888,0.77643909,-0.125847777,0.808926081,-0.105628373,0.993150685,-0.003436426,0.996563574,-0.00172117,1.070110701,0.033868093,1.10056926,0.047877145,1.234042553,0.104761905,0.734848485,-0.152838428,0.642384106,-0.217741935,0.779116466,-0.124153499,0.811715481,-0.103926097,0.996575342,-0.001715266,1.003448276,0.00172117,1.073800738,0.035587189,1.104364326,0.049594229,1.238297872,0.106463878,0.684343434,-0.187406297,0.598233996,-0.251381215,0.725568942,-0.159038014,0.755927476,-0.138999206,0.928082192,-0.037300178,0.934482759,-0.033868093,0.931271478,-0.035587189,1.028462998,0.014031805,1.153191489,0.071146245,0.66540404,-0.20090978,0.581677704,-0.264480112,0.705488621,-0.172684458,0.735006974,-0.152733119,0.90239726,-0.051305131,0.90862069,-0.047877145,0.905498282,-0.049594229,0.972324723,-0.014031805,1.121276596,0.057171515,0.593434343,-0.255150555,0.518763797,-0.316860465,0.6291834,-0.227608874,0.655509066,-0.208087616,0.804794521,-0.108159393,0.810344828,-0.104761905,0.807560137,-0.106463878,0.867158672,-0.071146245,0.891840607,-0.057171515
618,536,781,894,755,740,683,652,641,635,1.87,0.87360179,-0.067462687,1.034437086,0.016927083,1.055405405,0.02695595,1.143484627,0.066939891,1.197852761,0.090020935,1.218408736,0.098452883,1.22992126,0.103107345,1.263754045,0.116511794,1.457089552,0.186028853,1.1446863,0.067462687,1.18410596,0.084293511,1.208108108,0.094247246,1.308931186,0.133798351,1.371165644,0.156532988,1.394695788,0.164820847,1.407874016,0.169391759,1.446601942,0.182539683,1.667910448,0.25034965,0.966709347,-0.016927083,0.844519016,-0.084293511,1.02027027,0.010033445,1.105417277,0.050069541,1.15797546,0.073205402,1.177847114,0.081661891,1.188976378,0.086330935,1.221682848,0.0997815,1.40858209,0.169635941,0.947503201,-0.02695595,0.827740492,-0.094247246,0.98013245,-0.010033445,1.083455344,0.040056219,1.134969325,0.063218391,1.154446178,0.071687183,1.165354331,0.076363636,1.197411003,0.089837997,1.380597015,0.159874608,0.874519846,-0.066939891,0.763982103,-0.133798351,0.904635762,-0.050069541,0.922972973,-0.040056219,1.047546012,0.023220974,1.065522621,0.031722054,1.075590551,0.036418816,1.105177994,0.049961568,1.274253731,0.120590648,0.834827145,-0.090020935,0.729306488,-0.156532988,0.863576159,-0.073205402,0.881081081,-0.063218391,0.954612006,-0.023220974,1.017160686,0.008507347,1.026771654,0.013209013,1.055016181,0.026771654,1.21641791,0.097643098,0.820742638,-0.098452883,0.717002237,-0.164820847,0.849006623,-0.081661891,0.866216216,-0.071687183,0.938506589,-0.031722054,0.983128834,-0.008507347,1.009448819,0.004702194,1.037216828,0.018268467,1.195895522,0.089209856,0.813060179,-0.103107345,0.710290828,-0.169391759,0.841059603,-0.086330935,0.858108108,-0.076363636,0.929721816,-0.036418816,0.97392638,-0.013209013,0.990639626,-0.004702194,1.027508091,0.013567438,1.184701493,0.084543126,0.791293214,-0.116511794,0.691275168,-0.182539683,0.818543046,-0.0997815,0.835135135,-0.089837997,0.904831625,-0.049961568,0.947852761,-0.026771654,0.964118565,-0.018268467,0.973228346,-0.013567438,1.152985075,0.071057192,0.686299616,-0.186028853,0.599552573,-0.25034965,0.709933775,-0.169635941,0.724324324,-0.159874608,0.78477306,-0.120590648,0.82208589,-0.097643098,0.836193448,-0.089209856,0.844094488,-0.084543126,0.867313916,-0.071057192
706,644,937,1027,848,846,765,759,743,713,2.39,0.912366115,-0.045824847,1.10495283,0.049859944,1.107565012,0.051037577,1.224836601,0.101057579,1.234519104,0.10495283,1.261103634,0.11547619,1.314165498,0.135757576,1.327195467,0.14059647,1.454968944,0.185325743,1.096051227,0.045824847,1.211084906,0.095466667,1.213947991,0.096636412,1.34248366,0.146205357,1.353096179,0.150055991,1.382234186,0.160451977,1.440392707,0.18045977,1.454674221,0.185227928,1.594720497,0.229204069,0.905016009,-0.049859944,0.82570594,-0.095466667,1.002364066,0.001180638,1.108496732,0.051456913,1.117259552,0.055382701,1.141318977,0.065996229,1.189340813,0.086483024,1.201133144,0.091377091,1.316770186,0.136729223,0.902881537,-0.051037577,0.82375852,-0.096636412,0.997641509,-0.001180638,1.105882353,0.05027933,1.114624506,0.054205607,1.138627187,0.064820642,1.186535764,0.085311097,1.198300283,0.090206186,1.313664596,0.13557047,0.816435432,-0.101057579,0.744888023,-0.146205357,0.902122642,-0.051456913,0.904255319,-0.05027933,1.007905138,0.003937008,1.02960969,0.014588859,1.072931276,0.035182679,1.083569405,0.04010877,1.187888199,0.085876508,0.810032017,-0.10495283,0.739045764,-0.150055991,0.89504717,-0.055382701,0.897163121,-0.054205607,0.992156863,-0.003937008,1.02153432,0.010652463,1.064516129,0.03125,1.075070822,0.036177474,1.178571429,0.081967213,0.792956243,-0.11547619,0.723466407,-0.160451977,0.876179245,-0.065996229,0.878250591,-0.064820642,0.97124183,-0.014588859,0.978919631,-0.010652463,1.042075736,0.020604396,1.052407932,0.025534852,1.153726708,0.071377073,0.760939168,-0.135757576,0.694255112,-0.18045977,0.840801887,-0.086483024,0.842789598,-0.085311097,0.932026144,-0.035182679,0.939393939,-0.03125,0.959623149,-0.020604396,1.009915014,0.004933051,1.107142857,0.050847458,0.753468517,-0.14059647,0.687439143,-0.185227928,0.83254717,-0.091377091,0.834515366,-0.090206186,0.922875817,-0.04010877,0.930171278,-0.036177474,0.950201884,-0.025534852,0.990182328,-0.004933051,1.096273292,0.045925926,0.687299893,-0.185325743,0.627069133,-0.229204069,0.759433962,-0.136729223,0.761229314,-0.13557047,0.841830065,-0.085876508,0.848484848,-0.081967213,0.866756393,-0.071377073,0.903225806,-0.050847458,0.912181303,-0.045925926
1113,991,1314,1424,1279,1284,1232,1208,1153,1172,1.76,0.922752809,-0.04017531,1.027365129,0.013497879,1.023364486,0.011547344,1.066558442,0.032207384,1.087748344,0.042030135,1.139635733,0.065261451,1.12116041,0.057119871,1.180592992,0.082818294,1.325933401,0.140130152,1.083713851,0.04017531,1.11336982,0.053644099,1.109034268,0.051698671,1.155844156,0.072289157,1.178807947,0.082066869,1.235039029,0.10516104,1.215017065,0.097072419,1.279424978,0.122585731,1.436932392,0.179296066,0.973363775,-0.013497879,0.898174157,-0.053644099,0.996105919,-0.001950839,1.038149351,0.018717642,1.058774834,0.028548452,1.109280139,0.051809211,1.091296928,0.043655651,1.149146451,0.069397993,1.29061554,0.126872247,0.97716895,-0.011547344,0.901685393,-0.051698671,1.003909304,0.001950839,1.042207792,0.020667727,1.062913907,0.030497592,1.113616652,0.053754616,1.09556314,0.045602606,1.153638814,0.071339174,1.295660949,0.128791209,0.937595129,-0.032207384,0.865168539,-0.072289157,0.963252541,-0.018717642,0.959501558,-0.020667727,1.01986755,0.009836066,1.068516912,0.03312369,1.051194539,0.024958403,1.106918239,0.050746269,1.243188698,0.108412056,0.919330289,-0.042030135,0.848314607,-0.082066869,0.944487881,-0.028548452,0.940809969,-0.030497592,0.980519481,-0.009836066,1.047701648,0.023295214,1.030716724,0.01512605,1.085354897,0.040930633,1.218970737,0.098681219,0.877473364,-0.065261451,0.809691011,-0.10516104,0.901485536,-0.051809211,0.897975078,-0.053754616,0.935876623,-0.03312369,0.954470199,-0.023295214,0.983788396,-0.008172043,1.035938904,0.017652251,1.163471241,0.075559701,0.891933029,-0.057119871,0.823033708,-0.097072419,0.916340891,-0.043655651,0.912772586,-0.045602606,0.951298701,-0.024958403,0.970198675,-0.01512605,1.016478751,0.008172043,1.053009883,0.025820569,1.182643794,0.083680074,0.847031963,-0.082818294,0.781601124,-0.122585731,0.870211102,-0.069397993,0.86682243,-0.071339174,0.903409091,-0.050746269,0.921357616,-0.040930633,0.965307892,-0.017652251,0.949658703,-0.025820569,1.123107972,0.057984791,0.754185693,-0.140130152,0.695926966,-0.179296066,0.774824081,-0.126872247,0.771806854,-0.128791209,0.804383117,-0.108412056,0.820364238,-0.098681219,0.859496964,-0.075559701,0.84556314,-0.083680074,0.890386343,-0.057984791
865,779,1022,1049,1006,963,885,956,866,870,1,0.974261201,-0.01303718,1.015904573,0.007889546,1.061266874,0.029722922,1.15480226,0.071840587,1.069037657,0.033367037,1.180138568,0.082627119,1.174712644,0.080338266,1.18150289,0.083200848,1.311938383,0.134925042,1.026418787,0.01303718,1.042743539,0.020924574,1.089304258,0.042743539,1.185310734,0.084798345,1.097280335,0.04638404,1.211316397,0.095561358,1.205747126,0.093277749,1.212716763,0.096133751,1.346598203,0.147702407,0.984344423,-0.007889546,0.95900858,-0.020924574,1.044652129,0.021838497,1.136723164,0.063987308,1.052301255,0.0254842,1.161662818,0.074786325,1.156321839,0.07249467,1.16300578,0.07536077,1.29139923,0.127170868,0.942270059,-0.029722922,0.918017159,-0.042743539,0.957256461,-0.021838497,1.088135593,0.042207792,1.007322176,0.003647733,1.112009238,0.053034445,1.106896552,0.050736498,1.113294798,0.053610503,1.236200257,0.105625718,0.865949119,-0.071840587,0.843660629,-0.084798345,0.87972167,-0.063987308,0.919003115,-0.042207792,0.925732218,-0.038565997,1.021939954,0.010850942,1.017241379,0.008547009,1.023121387,0.011428571,1.136071887,0.063701923,0.935420744,-0.033367037,0.911344137,-0.04638404,0.950298211,-0.0254842,0.992731049,-0.003647733,1.080225989,0.038565997,1.103926097,0.049396268,1.098850575,0.047097481,1.105202312,0.049972543,1.227214377,0.102017291,0.847358121,-0.082627119,0.825548141,-0.095561358,0.86083499,-0.074786325,0.899273105,-0.053034445,0.978531073,-0.010850942,0.905857741,-0.049396268,0.995402299,-0.002304147,1.001156069,0.000577701,1.111681643,0.052887538,0.851272016,-0.080338266,0.829361296,-0.093277749,0.864811133,-0.07249467,0.903426791,-0.050736498,0.983050847,-0.008547009,0.910041841,-0.047097481,1.004618938,0.002304147,1.005780347,0.002881844,1.116816431,0.055184961,0.846379648,-0.083200848,0.824594852,-0.096133751,0.859840954,-0.07536077,0.898234683,-0.053610503,0.97740113,-0.011428571,0.904811715,-0.049972543,0.998845266,-0.000577701,0.994252874,-0.002881844,1.110397946,0.052311436,0.76223092,-0.134925042,0.742612011,-0.147702407,0.774353877,-0.127170868,0.808930426,-0.105625718,0.880225989,-0.063701923,0.814853556,-0.102017291,0.899538106,-0.052887538,0.895402299,-0.055184961,0.900578035,-0.052311436
479,439,574,651,587,603,502,500,468,505,84.48,0.88172043,-0.062857143,0.977853492,-0.011197244,0.951907131,-0.024638912,1.143426295,0.066914498,1.148,0.068901304,1.226495726,0.101727447,1.136633663,0.0639481,1.198329854,0.090218424,1.307517084,0.133267522,1.134146341,0.062857143,1.109028961,0.051696284,1.07960199,0.038277512,1.296812749,0.129228101,1.302,0.131190269,1.391025641,0.163538874,1.289108911,0.126297578,1.35908142,0.152212389,1.482915718,0.194495413,1.022648084,0.011197244,0.901689708,-0.051696284,0.973466003,-0.013445378,1.169322709,0.07805326,1.174,0.080036799,1.254273504,0.112796209,1.162376238,0.075091575,1.225469729,0.101313321,1.337129841,0.144249513,1.050522648,0.024638912,0.926267281,-0.038277512,1.02725724,0.013445378,1.201195219,0.091402715,1.206,0.093381686,1.288461538,0.12605042,1.194059406,0.088447653,1.258872651,0.114602588,1.37357631,0.157389635,0.87456446,-0.066914498,0.771121352,-0.129228101,0.855195911,-0.07805326,0.832504146,-0.091402715,1.004,0.001996008,1.072649573,0.035051546,0.994059406,-0.002979146,1.048016701,0.023445464,1.143507973,0.066950053,0.871080139,-0.068901304,0.768049155,-0.131190269,0.851788756,-0.080036799,0.829187396,-0.093381686,0.996015936,-0.001996008,1.068376068,0.033057851,0.99009901,-0.004975124,1.043841336,0.02145046,1.138952164,0.064962726,0.81533101,-0.101727447,0.718894009,-0.163538874,0.797274276,-0.112796209,0.776119403,-0.12605042,0.932270916,-0.035051546,0.936,-0.033057851,0.926732673,-0.038026721,0.977035491,-0.011615628,1.066059226,0.031973539,0.879790941,-0.0639481,0.775729647,-0.126297578,0.860306644,-0.075091575,0.83747927,-0.088447653,1.005976096,0.002979146,1.01,0.004975124,1.079059829,0.038026721,1.054279749,0.026422764,1.150341686,0.069915254,0.834494774,-0.090218424,0.735791091,-0.152212389,0.816013629,-0.101313321,0.794361526,-0.114602588,0.954183267,-0.023445464,0.958,-0.02145046,1.023504274,0.011615628,0.948514851,-0.026422764,1.091116173,0.043572985,0.764808362,-0.133267522,0.674347158,-0.194495413,0.747870528,-0.144249513,0.728026534,-0.157389635,0.874501992,-0.066950053,0.878,-0.064962726,0.938034188,-0.031973539,0.869306931,-0.069915254,0.916492693,-0.043572985
823,706,1030,1207,1043,1047,881,871,808,862,39.66,0.853355427,-0.079123827,0.987535954,-0.006271105,0.983763133,-0.008184882,1.169125993,0.077969649,1.182548794,0.083640189,1.274752475,0.12078346,1.194895592,0.088794926,1.251518834,0.111710739,1.458923513,0.186635945,1.17184466,0.079123827,1.157238734,0.072888889,1.152817574,0.070984916,1.370034052,0.156130268,1.38576349,0.161693936,1.493811881,0.198014888,1.400232019,0.166747221,1.466585662,0.189162562,1.709631728,0.261892316,1.012621359,0.006271105,0.864125932,-0.072888889,0.996179561,-0.001913876,1.183881952,0.084199584,1.197474168,0.089864159,1.290841584,0.126958401,1.209976798,0.095013123,1.267314702,0.11789925,1.47733711,0.192681532,1.016504854,0.008184882,0.867439934,-0.070984916,1.003835091,0.001913876,1.188422247,0.086099585,1.20206659,0.091762252,1.295792079,0.12884097,1.214617169,0.096909377,1.27217497,0.119786096,1.483002833,0.194523674,0.855339806,-0.077969649,0.729908865,-0.156130268,0.844678811,-0.084199584,0.841451767,-0.086099585,1.011481056,0.005707763,1.090346535,0.043220841,1.022041763,0.010900746,1.070473876,0.034037559,1.247875354,0.110270951,0.845631068,-0.083640189,0.721623861,-0.161693936,0.835091083,-0.089864159,0.831900669,-0.091762252,0.988649262,-0.005707763,1.077970297,0.037522335,1.010440835,0.005193306,1.058323208,0.028335301,1.233711048,0.104629042,0.784466019,-0.12078346,0.669428335,-0.198014888,0.774688399,-0.126958401,0.771728749,-0.12884097,0.917139614,-0.043220841,0.927669346,-0.037522335,0.937354988,-0.032335329,0.981773998,-0.009196812,1.144475921,0.067371202,0.836893204,-0.088794926,0.714167357,-0.166747221,0.826462128,-0.095013123,0.82330468,-0.096909377,0.978433598,-0.010900746,0.989667049,-0.005193306,1.066831683,0.032335329,1.047387606,0.023145401,1.220963173,0.099489796,0.799029126,-0.111710739,0.681855841,-0.189162562,0.78906999,-0.11789925,0.786055396,-0.119786096,0.934165721,-0.034037559,0.94489093,-0.028335301,1.018564356,0.009196812,0.954756381,-0.023145401,1.16572238,0.076520602,0.685436893,-0.186635945,0.584921292,-0.261892316,0.676893576,-0.192681532,0.674307545,-0.194523674,0.801362089,-0.110270951,0.810562572,-0.104629042,0.873762376,-0.067371202,0.819025522,-0.099489796,0.857837181,-0.076520602
5393,5329,6441,6111,5930,6609,6250,6018,6203,5739,1.18,1.054000982,0.026290631,1.086172007,0.041306281,0.974580118,-0.012873563,1.03056,0.015050035,1.070289133,0.03395136,1.038368531,0.018823157,1.122320962,0.057635468,1.194325978,0.088558391,1.208669544,0.094477485,0.94876572,-0.026290631,1.030522766,0.015031974,0.924648207,-0.039150943,0.97776,-0.011245045,1.015453639,0.007667574,0.985168467,-0.007471171,1.064819655,0.031392405,1.133135546,0.062413074,1.14674423,0.068356643,0.920664493,-0.041306281,0.97038128,-0.015031974,0.89726131,-0.054151049,0.9488,-0.026272578,0.985377202,-0.007365249,0.955989038,-0.022500618,1.033281059,0.016368155,1.099573521,0.047425594,1.112779133,0.053379519,1.026082906,0.012873563,1.081492391,0.039150943,1.11450253,0.054151049,1.05744,0.02791819,1.098205384,0.046804467,1.065452201,0.031689042,1.151594354,0.070456754,1.225477471,0.101316447,1.240195159,0.10722064,0.97034622,-0.015050035,1.022745868,0.011245045,1.053962901,0.026272578,0.945680133,-0.02791819,1.038551014,0.018910988,1.007576979,0.003774191,1.089039902,0.042622404,1.158909698,0.073606459,1.172827923,0.079540548,0.934326968,-0.03395136,0.984781541,-0.007667574,1.014839798,0.007365249,0.910576487,-0.046804467,0.96288,-0.018910988,0.970175721,-0.015137877,1.048614741,0.023730544,1.11589097,0.054771712,1.12929255,0.060720895,0.963049216,-0.018823157,1.015054819,0.007471171,1.046037099,0.022500618,0.938568619,-0.031689042,0.99248,-0.003774191,1.03074111,0.015137877,1.080850322,0.038854463,1.150194697,0.069851673,1.164008257,0.075789109,0.891010713,-0.057635468,0.939126166,-0.031392405,0.967790894,-0.016368155,0.868361325,-0.070456754,0.91824,-0.042622404,0.953639083,-0.023730544,0.925197485,-0.038854463,1.064157241,0.031081567,1.076937512,0.03704373,0.837292346,-0.088558391,0.882506955,-0.062413074,0.909443508,-0.047425594,0.816008473,-0.101316447,0.86288,-0.073606459,0.896144899,-0.054771712,0.869418024,-0.069851673,0.939710751,-0.031081567,1.012009758,0.005969036,0.827356001,-0.094477485,0.872034037,-0.068356643,0.898650927,-0.053379519,0.806324709,-0.10722064,0.85264,-0.079540548,0.885510136,-0.060720895,0.859100435,-0.075789109,0.928558982,-0.03704373,0.988132765,-0.005969036
376,338,428,454,504,534,443,456,407,399,128.51,0.942731278,-0.029478458,0.849206349,-0.081545064,0.801498127,-0.11018711,0.966139955,-0.017221584,0.938596491,-0.031674208,1.051597052,0.025149701,1.072681704,0.035066505,1.138297872,0.064676617,1.266272189,0.117493473,1.060747664,0.029478458,0.900793651,-0.052192067,0.850187266,-0.08097166,1.0248307,0.012263099,0.995614035,-0.002197802,1.115479115,0.054587689,1.137844612,0.064478312,1.207446809,0.093975904,1.343195266,0.146464646,1.177570093,0.081545064,1.110132159,0.052192067,0.943820225,-0.028901734,1.137697517,0.064413939,1.105263158,0.05,1.238329238,0.1064764,1.263157895,0.11627907,1.340425532,0.145454545,1.49112426,0.197149644,1.247663551,0.11018711,1.176211454,0.08097166,1.05952381,0.028901734,1.205417607,0.093142272,1.171052632,0.078787879,1.312039312,0.134962806,1.338345865,0.144694534,1.420212766,0.173626374,1.579881657,0.224770642,1.035046729,0.017221584,0.975770925,-0.012263099,0.878968254,-0.064413939,0.829588015,-0.093142272,0.971491228,-0.014460512,1.088452088,0.042352941,1.110275689,0.052256532,1.178191489,0.081807082,1.310650888,0.134443022,1.065420561,0.031674208,1.004405286,0.002197802,0.904761905,-0.05,0.853932584,-0.078787879,1.029345372,0.014460512,1.12039312,0.056778679,1.142857143,0.066666667,1.212765957,0.096153846,1.349112426,0.14861461,0.950934579,-0.025149701,0.896475771,-0.054587689,0.807539683,-0.1064764,0.762172285,-0.134962806,0.918735892,-0.042352941,0.89254386,-0.056778679,1.020050125,0.009925558,1.082446809,0.039591315,1.204142012,0.09261745,0.932242991,-0.035066505,0.878854626,-0.064478312,0.791666667,-0.11627907,0.747191011,-0.144694534,0.900677201,-0.052256532,0.875,-0.066666667,0.98034398,-0.009925558,1.061170213,0.029677419,1.180473373,0.082767978,0.878504673,-0.064676617,0.828193833,-0.093975904,0.746031746,-0.145454545,0.70411985,-0.173626374,0.848758465,-0.081807082,0.824561404,-0.096153846,0.923832924,-0.039591315,0.94235589,-0.029677419,1.112426036,0.053221289,0.789719626,-0.117493473,0.744493392,-0.146464646,0.670634921,-0.197149644,0.632958801,-0.224770642,0.762979684,-0.134443022,0.74122807,-0.14861461,0.83046683,-0.09261745,0.847117794,-0.082767978,0.89893617,-0.053221289
366,332,387,380,406,458,349,353,296,303,1.63,1.018421053,0.009126467,0.95320197,-0.023959647,0.844978166,-0.084023669,1.108882521,0.051630435,1.09631728,0.045945946,1.307432432,0.133235725,1.277227723,0.12173913,1.057377049,0.027888446,1.165662651,0.076495132,0.981912145,-0.009126467,0.935960591,-0.03307888,0.829694323,-0.093078759,1.088825215,0.042524005,1.076487252,0.036834925,1.283783784,0.124260355,1.254125413,0.112737921,1.038251366,0.018766756,1.144578313,0.06741573,1.049095607,0.023959647,1.068421053,0.03307888,0.886462882,-0.060185185,1.163323782,0.075496689,1.150141643,0.069828722,1.371621622,0.156695157,1.339933993,0.145275035,1.109289617,0.051813472,1.222891566,0.100271003,1.183462532,0.084023669,1.205263158,0.093078759,1.128078818,0.060185185,1.312320917,0.135068154,1.297450425,0.12946979,1.547297297,0.214854111,1.511551155,0.203679369,1.25136612,0.111650485,1.379518072,0.159493671,0.901808786,-0.051630435,0.918421053,-0.042524005,0.859605911,-0.075496689,0.762008734,-0.135068154,0.988668555,-0.005698006,1.179054054,0.082170543,1.151815182,0.070552147,0.953551913,-0.023776224,1.051204819,0.024963289,0.912144703,-0.045945946,0.928947368,-0.036834925,0.869458128,-0.069828722,0.770742358,-0.12946979,1.011461318,0.005698006,1.192567568,0.087827427,1.165016502,0.076219512,0.964480874,-0.018080668,1.063253012,0.030656934,0.764857881,-0.133235725,0.778947368,-0.124260355,0.729064039,-0.156695157,0.64628821,-0.214854111,0.848137536,-0.082170543,0.838526912,-0.087827427,0.97689769,-0.011686144,0.808743169,-0.105740181,0.891566265,-0.057324841,0.782945736,-0.12173913,0.797368421,-0.112737921,0.746305419,-0.145275035,0.661572052,-0.203679369,0.868194842,-0.070552147,0.858356941,-0.076219512,1.023648649,0.011686144,0.827868852,-0.094170404,0.912650602,-0.045669291,0.945736434,-0.027888446,0.963157895,-0.018766756,0.901477833,-0.051813472,0.799126638,-0.111650485,1.048710602,0.023776224,1.036827195,0.018080668,1.236486486,0.105740181,1.207920792,0.094170404,1.102409639,0.048710602,0.857881137,-0.076495132,0.873684211,-0.06741573,0.81773399,-0.100271003,0.72489083,-0.159493671,0.951289398,-0.024963289,0.940509915,-0.030656934,1.121621622,0.057324841,1.095709571,0.045669291,0.907103825,-0.048710602
81,73,186,145,122,152,128,148,100,122,5.31,1.282758621,0.123867069,1.524590164,0.207792208,1.223684211,0.100591716,1.453125,0.184713376,1.256756757,0.113772455,1.86,0.300699301,1.524590164,0.207792208,2.296296296,0.393258427,2.547945205,0.436293436,0.779569892,-0.123867069,1.18852459,0.086142322,0.953947368,-0.023569024,1.1328125,0.062271062,0.97972973,-0.010238908,1.45,0.183673469,1.18852459,0.086142322,1.790123457,0.283185841,1.98630137,0.330275229,0.655913978,-0.207792208,0.84137931,-0.086142322,0.802631579,-0.109489051,0.953125,-0.024,0.824324324,-0.096296296,1.22,0.099099099,1,0,1.50617284,0.201970443,1.671232877,0.251282051,0.817204301,-0.100591716,1.048275862,0.023569024,1.245901639,0.109489051,1.1875,0.085714286,1.027027027,0.013333333,1.52,0.206349206,1.245901639,0.109489051,1.87654321,0.30472103,2.082191781,0.351111111,0.688172043,-0.184713376,0.882758621,-0.062271062,1.049180328,0.024,0.842105263,-0.085714286,0.864864865,-0.072463768,1.28,0.122807018,1.049180328,0.024,1.580246914,0.224880383,1.753424658,0.273631841,0.795698925,-0.113772455,1.020689655,0.010238908,1.213114754,0.096296296,0.973684211,-0.013333333,1.15625,0.072463768,1.48,0.193548387,1.213114754,0.096296296,1.827160494,0.292576419,2.02739726,0.339366516,0.537634409,-0.300699301,0.689655172,-0.183673469,0.819672131,-0.099099099,0.657894737,-0.206349206,0.78125,-0.122807018,0.675675676,-0.193548387,0.819672131,-0.099099099,1.234567901,0.104972376,1.369863014,0.156069364,0.655913978,-0.207792208,0.84137931,-0.086142322,1,0,0.802631579,-0.109489051,0.953125,-0.024,0.824324324,-0.096296296,1.22,0.099099099,1.50617284,0.201970443,1.671232877,0.251282051,0.435483871,-0.393258427,0.55862069,-0.283185841,0.663934426,-0.201970443,0.532894737,-0.30472103,0.6328125,-0.224880383,0.547297297,-0.292576419,0.81,-0.104972376,0.663934426,-0.201970443,1.109589041,0.051948052,0.392473118,-0.436293436,0.503448276,-0.330275229,0.598360656,-0.251282051,0.480263158,-0.351111111,0.5703125,-0.273631841,0.493243243,-0.339366516,0.73,-0.156069364,0.598360656,-0.251282051,0.901234568,-0.051948052
108,105,58,102,119,150,81,75,50,48,1.53,0.568627451,-0.275,0.487394958,-0.344632768,0.386666667,-0.442307692,0.716049383,-0.165467626,0.773333333,-0.127819549,1.16,0.074074074,1.208333333,0.094339623,0.537037037,-0.301204819,0.552380952,-0.288343558,1.75862069,0.275,0.857142857,-0.076923077,0.68,-0.19047619,1.259259259,0.114754098,1.36,0.152542373,2.04,0.342105263,2.125,0.36,0.944444444,-0.028571429,0.971428571,-0.014492754,2.051724138,0.344632768,1.166666667,0.076923077,0.793333333,-0.115241636,1.469135802,0.19,1.586666667,0.226804124,2.38,0.408284024,2.479166667,0.425149701,1.101851852,0.04845815,1.133333333,0.0625,2.586206897,0.442307692,1.470588235,0.19047619,1.260504202,0.115241636,1.851851852,0.298701299,2,0.333333333,3,0.5,3.125,0.515151515,1.388888889,0.162790698,1.428571429,0.176470588,1.396551724,0.165467626,0.794117647,-0.114754098,0.680672269,-0.19,0.54,-0.298701299,1.08,0.038461538,1.62,0.236641221,1.6875,0.255813953,0.75,-0.142857143,0.771428571,-0.129032258,1.293103448,0.127819549,0.735294118,-0.152542373,0.630252101,-0.226804124,0.5,-0.333333333,0.925925926,-0.038461538,1.5,0.2,1.5625,0.219512195,0.694444444,-0.180327869,0.714285714,-0.166666667,0.862068966,-0.074074074,0.490196078,-0.342105263,0.420168067,-0.408284024,0.333333333,-0.5,0.617283951,-0.236641221,0.666666667,-0.2,1.041666667,0.020408163,0.462962963,-0.367088608,0.476190476,-0.35483871,0.827586207,-0.094339623,0.470588235,-0.36,0.403361345,-0.425149701,0.32,-0.515151515,0.592592593,-0.255813953,0.64,-0.219512195,0.96,-0.020408163,0.444444444,-0.384615385,0.457142857,-0.37254902,1.862068966,0.301204819,1.058823529,0.028571429,0.907563025,-0.04845815,0.72,-0.162790698,1.333333333,0.142857143,1.44,0.180327869,2.16,0.367088608,2.25,0.384615385,1.028571429,0.014084507,1.810344828,0.288343558,1.029411765,0.014492754,0.882352941,-0.0625,0.7,-0.176470588,1.296296296,0.129032258,1.4,0.166666667,2.1,0.35483871,2.1875,0.37254902,0.972222222,-0.014084507
78,49,158,167,186,247,116,174,94,91,4.66,0.946107784,-0.027692308,0.849462366,-0.081395349,0.639676113,-0.219753086,1.362068966,0.153284672,0.908045977,-0.048192771,1.680851064,0.253968254,1.736263736,0.269076305,2.025641026,0.338983051,3.224489796,0.526570048,1.056962025,0.027692308,0.897849462,-0.053824363,0.67611336,-0.193236715,1.439655172,0.180212014,0.959770115,-0.020527859,1.776595745,0.279693487,1.835164835,0.294573643,2.141025641,0.363265306,3.408163265,0.546296296,1.17721519,0.081395349,1.113772455,0.053824363,0.753036437,-0.140877598,1.603448276,0.231788079,1.068965517,0.033333333,1.978723404,0.328571429,2.043956044,0.342960289,2.384615385,0.409090909,3.795918367,0.582978723,1.563291139,0.219753086,1.479041916,0.193236715,1.327956989,0.140877598,2.129310345,0.360881543,1.41954023,0.173396675,2.627659574,0.448680352,2.714285714,0.461538462,3.166666667,0.52,5.040816327,0.668918919,0.734177215,-0.153284672,0.694610778,-0.180212014,0.623655914,-0.231788079,0.469635628,-0.360881543,0.666666667,-0.2,1.234042553,0.104761905,1.274725275,0.120772947,1.487179487,0.195876289,2.367346939,0.406060606,1.101265823,0.048192771,1.041916168,0.020527859,0.935483871,-0.033333333,0.704453441,-0.173396675,1.5,0.2,1.85106383,0.298507463,1.912087912,0.313207547,2.230769231,0.380952381,3.551020408,0.560538117,0.594936709,-0.253968254,0.562874251,-0.279693487,0.505376344,-0.328571429,0.380566802,-0.448680352,0.810344828,-0.104761905,0.540229885,-0.298507463,1.032967033,0.016216216,1.205128205,0.093023256,1.918367347,0.314685315,0.575949367,-0.269076305,0.54491018,-0.294573643,0.489247312,-0.342960289,0.368421053,-0.461538462,0.784482759,-0.120772947,0.522988506,-0.313207547,0.968085106,-0.016216216,1.166666667,0.076923077,1.857142857,0.3,0.493670886,-0.338983051,0.467065868,-0.363265306,0.419354839,-0.409090909,0.315789474,-0.52,0.672413793,-0.195876289,0.448275862,-0.380952381,0.829787234,-0.093023256,0.857142857,-0.076923077,1.591836735,0.228346457,0.310126582,-0.526570048,0.293413174,-0.546296296,0.26344086,-0.582978723,0.198380567,-0.668918919,0.422413793,-0.406060606,0.281609195,-0.560538117,0.521276596,-0.314685315,0.538461538,-0.3,0.628205128,-0.228346457
65,49,216,158,124,126,101,115,97,109,40.63,1.367088608,0.155080214,1.741935484,0.270588235,1.714285714,0.263157895,2.138613861,0.362776025,1.87826087,0.305135952,2.226804124,0.380191693,1.981651376,0.329230769,3.323076923,0.537366548,4.408163265,0.630188679,0.731481481,-0.155080214,1.274193548,0.120567376,1.253968254,0.112676056,1.564356436,0.22007722,1.373913043,0.157509158,1.628865979,0.239215686,1.449541284,0.183520599,2.430769231,0.417040359,3.224489796,0.526570048,0.574074074,-0.270588235,0.784810127,-0.120567376,0.984126984,-0.008,1.227722772,0.102222222,1.07826087,0.037656904,1.278350515,0.122171946,1.137614679,0.064377682,1.907692308,0.312169312,2.530612245,0.433526012,0.583333333,-0.263157895,0.797468354,-0.112676056,1.016129032,0.008,1.247524752,0.110132159,1.095652174,0.045643154,1.298969072,0.130044843,1.155963303,0.072340426,1.938461538,0.319371728,2.571428571,0.44,0.467592593,-0.362776025,0.639240506,-0.22007722,0.814516129,-0.102222222,0.801587302,-0.110132159,0.87826087,-0.064814815,1.041237113,0.02020202,0.926605505,-0.038095238,1.553846154,0.21686747,2.06122449,0.346666667,0.532407407,-0.305135952,0.727848101,-0.157509158,0.927419355,-0.037656904,0.912698413,-0.045643154,1.138613861,0.064814815,1.18556701,0.08490566,1.055045872,0.026785714,1.769230769,0.277777778,2.346938776,0.402439024,0.449074074,-0.380191693,0.613924051,-0.239215686,0.782258065,-0.122171946,0.76984127,-0.130044843,0.96039604,-0.02020202,0.843478261,-0.08490566,0.889908257,-0.058252427,1.492307692,0.197530864,1.979591837,0.328767123,0.50462963,-0.329230769,0.689873418,-0.183520599,0.879032258,-0.064377682,0.865079365,-0.072340426,1.079207921,0.038095238,0.947826087,-0.026785714,1.12371134,0.058252427,1.676923077,0.252873563,2.224489796,0.379746835,0.300925926,-0.537366548,0.411392405,-0.417040359,0.524193548,-0.312169312,0.515873016,-0.319371728,0.643564356,-0.21686747,0.565217391,-0.277777778,0.670103093,-0.197530864,0.596330275,-0.252873563,1.326530612,0.140350877,0.226851852,-0.630188679,0.310126582,-0.526570048,0.39516129,-0.433526012,0.388888889,-0.44,0.485148515,-0.346666667,0.426086957,-0.402439024,0.505154639,-0.328767123,0.449541284,-0.379746835,0.753846154,-0.140350877
38,33,21,24,52,57,16,21,10,12,3.01,0.875,-0.066666667,0.403846154,-0.424657534,0.368421053,-0.461538462,1.3125,0.135135135,1,0,2.1,0.35483871,1.75,0.272727273,0.552631579,-0.288135593,0.636363636,-0.222222222,1.142857143,0.066666667,0.461538462,-0.368421053,0.421052632,-0.407407407,1.5,0.2,1.142857143,0.066666667,2.4,0.411764706,2,0.333333333,0.631578947,-0.225806452,0.727272727,-0.157894737,2.476190476,0.424657534,2.166666667,0.368421053,0.912280702,-0.04587156,3.25,0.529411765,2.476190476,0.424657534,5.2,0.677419355,4.333333333,0.625,1.368421053,0.155555556,1.575757576,0.223529412,2.714285714,0.461538462,2.375,0.407407407,1.096153846,0.04587156,3.5625,0.561643836,2.714285714,0.461538462,5.7,0.701492537,4.75,0.652173913,1.5,0.2,1.727272727,0.266666667,0.761904762,-0.135135135,0.666666667,-0.2,0.307692308,-0.529411765,0.280701754,-0.561643836,0.761904762,-0.135135135,1.6,0.230769231,1.333333333,0.142857143,0.421052632,-0.407407407,0.484848485,-0.346938776,1,0,0.875,-0.066666667,0.403846154,-0.424657534,0.368421053,-0.461538462,1.3125,0.135135135,2.1,0.35483871,1.75,0.272727273,0.552631579,-0.288135593,0.636363636,-0.222222222,0.476190476,-0.35483871,0.416666667,-0.411764706,0.192307692,-0.677419355,0.175438596,-0.701492537,0.625,-0.230769231,0.476190476,-0.35483871,0.833333333,-0.090909091,0.263157895,-0.583333333,0.303030303,-0.534883721,0.571428571,-0.272727273,0.5,-0.333333333,0.230769231,-0.625,0.210526316,-0.652173913,0.75,-0.142857143,0.571428571,-0.272727273,1.2,0.090909091,0.315789474,-0.52,0.363636364,-0.466666667,1.80952381,0.288135593,1.583333333,0.225806452,0.730769231,-0.155555556,0.666666667,-0.2,2.375,0.407407407,1.80952381,0.288135593,3.8,0.583333333,3.166666667,0.52,1.151515152,0.070422535,1.571428571,0.222222222,1.375,0.157894737,0.634615385,-0.223529412,0.578947368,-0.266666667,2.0625,0.346938776,1.571428571,0.222222222,3.3,0.534883721,2.75,0.466666667,0.868421053,-0.070422535
715,505,491,788,453,651,891,797,950,700,4.44,0.623096447,-0.232212666,1.08388521,0.040254237,0.75422427,-0.140105079,0.551066218,-0.289435601,0.616060226,-0.23757764,0.516842105,-0.318528799,0.701428571,-0.175482788,0.686713287,-0.185737977,0.972277228,-0.014056225,1.604887984,0.232212666,1.739514349,0.269943594,1.210445469,0.095205003,0.884399551,-0.061346039,0.988707654,-0.005678233,0.829473684,-0.093210587,1.125714286,0.059139785,1.102097902,0.048569528,1.56039604,0.218870843,0.922606925,-0.040254237,0.574873096,-0.269943594,0.695852535,-0.179347826,0.508417508,-0.325892857,0.56838143,-0.2752,0.476842105,-0.354240912,0.647142857,-0.214223764,0.633566434,-0.224315068,0.897029703,-0.054279749,1.32586558,0.140105079,0.826142132,-0.095205003,1.437086093,0.179347826,0.730639731,-0.155642023,0.816813049,-0.100828729,0.685263158,-0.186758276,0.93,-0.03626943,0.91048951,-0.046852123,1.289108911,0.126297578,1.814663951,0.289435601,1.13071066,0.061346039,1.966887417,0.325892857,1.368663594,0.155642023,1.117942284,0.055687204,0.937894737,-0.0320478,1.272857143,0.120050283,1.246153846,0.109589041,1.764356436,0.276504298,1.623217923,0.23757764,1.01142132,0.005678233,1.759381898,0.2752,1.224270353,0.100828729,0.894500561,-0.055687204,0.838947368,-0.087578706,1.138571429,0.064796259,1.114685315,0.054232804,1.578217822,0.224270353,1.934826884,0.318528799,1.205583756,0.093210587,2.097130243,0.354240912,1.459293395,0.186758276,1.066217733,0.0320478,1.191969887,0.087578706,1.357142857,0.151515152,1.328671329,0.141141141,1.881188119,0.305841924,1.425661914,0.175482788,0.888324873,-0.059139785,1.545253863,0.214223764,1.075268817,0.03626943,0.785634119,-0.120050283,0.878293601,-0.064796259,0.736842105,-0.151515152,0.979020979,-0.010600707,1.386138614,0.161825726,1.456211813,0.185737977,0.907360406,-0.048569528,1.578366446,0.224315068,1.098310292,0.046852123,0.802469136,-0.109589041,0.897114178,-0.054232804,0.752631579,-0.141141141,1.021428571,0.010600707,1.415841584,0.172131148,1.028513238,0.014056225,0.640862944,-0.218870843,1.114790287,0.054279749,0.775729647,-0.126297578,0.5667789,-0.276504298,0.633626098,-0.224270353,0.531578947,-0.305841924,0.721428571,-0.161825726,0.706293706,-0.172131148
39,15,215,309,267,215,39,56,17,25,6.65,0.69579288,-0.179389313,0.805243446,-0.107883817,1,0,5.512820513,0.692913386,3.839285714,0.586715867,12.64705882,0.853448276,8.6,0.791666667,5.512820513,0.692913386,14.33333333,0.869565217,1.437209302,0.179389313,1.157303371,0.072916667,1.437209302,0.179389313,7.923076923,0.775862069,5.517857143,0.693150685,18.17647059,0.895705521,12.36,0.850299401,7.923076923,0.775862069,20.6,0.907407407,1.241860465,0.107883817,0.86407767,-0.072916667,1.241860465,0.107883817,6.846153846,0.745098039,4.767857143,0.653250774,15.70588235,0.88028169,10.68,0.828767123,6.846153846,0.745098039,17.8,0.893617021,1,0,0.69579288,-0.179389313,0.805243446,-0.107883817,5.512820513,0.692913386,3.839285714,0.586715867,12.64705882,0.853448276,8.6,0.791666667,5.512820513,0.692913386,14.33333333,0.869565217,0.181395349,-0.692913386,0.126213592,-0.775862069,0.146067416,-0.745098039,0.181395349,-0.692913386,0.696428571,-0.178947368,2.294117647,0.392857143,1.56,0.21875,1,0,2.6,0.444444444,0.260465116,-0.586715867,0.181229773,-0.693150685,0.209737828,-0.653250774,0.260465116,-0.586715867,1.435897436,0.178947368,3.294117647,0.534246575,2.24,0.382716049,1.435897436,0.178947368,3.733333333,0.577464789,0.079069767,-0.853448276,0.055016181,-0.895705521,0.063670412,-0.88028169,0.079069767,-0.853448276,0.435897436,-0.392857143,0.303571429,-0.534246575,0.68,-0.19047619,0.435897436,-0.392857143,1.133333333,0.0625,0.11627907,-0.791666667,0.080906149,-0.850299401,0.093632959,-0.828767123,0.11627907,-0.791666667,0.641025641,-0.21875,0.446428571,-0.382716049,1.470588235,0.19047619,0.641025641,-0.21875,1.666666667,0.25,0.181395349,-0.692913386,0.126213592,-0.775862069,0.146067416,-0.745098039,0.181395349,-0.692913386,1,0,0.696428571,-0.178947368,2.294117647,0.392857143,1.56,0.21875,2.6,0.444444444,0.069767442,-0.869565217,0.048543689,-0.907407407,0.056179775,-0.893617021,0.069767442,-0.869565217,0.384615385,-0.444444444,0.267857143,-0.577464789,0.882352941,-0.0625,0.6,-0.25,0.384615385,-0.444444444
54,47,78,72,108,86,36,47,41,59,3.32,1.083333333,0.04,0.722222222,-0.161290323,0.906976744,-0.048780488,2.166666667,0.368421053,1.659574468,0.248,1.902439024,0.31092437,1.322033898,0.138686131,1.444444444,0.181818182,1.659574468,0.248,0.923076923,-0.04,0.666666667,-0.2,0.837209302,-0.088607595,2,0.333333333,1.531914894,0.210084034,1.756097561,0.274336283,1.220338983,0.099236641,1.333333333,0.142857143,1.531914894,0.210084034,1.384615385,0.161290323,1.5,0.2,1.255813953,0.113402062,3,0.5,2.29787234,0.393548387,2.634146341,0.44966443,1.830508475,0.293413174,2,0.333333333,2.29787234,0.393548387,1.102564103,0.048780488,1.194444444,0.088607595,0.796296296,-0.113402062,2.388888889,0.409836066,1.829787234,0.293233083,2.097560976,0.354330709,1.457627119,0.186206897,1.592592593,0.228571429,1.829787234,0.293233083,0.461538462,-0.368421053,0.5,-0.333333333,0.333333333,-0.5,0.418604651,-0.409836066,0.765957447,-0.13253012,0.87804878,-0.064935065,0.610169492,-0.242105263,0.666666667,-0.2,0.765957447,-0.13253012,0.602564103,-0.248,0.652777778,-0.210084034,0.435185185,-0.393548387,0.546511628,-0.293233083,1.305555556,0.13253012,1.146341463,0.068181818,0.796610169,-0.113207547,0.87037037,-0.069306931,1,0,0.525641026,-0.31092437,0.569444444,-0.274336283,0.37962963,-0.44966443,0.476744186,-0.354330709,1.138888889,0.064935065,0.872340426,-0.068181818,0.694915254,-0.18,0.759259259,-0.136842105,0.872340426,-0.068181818,0.756410256,-0.138686131,0.819444444,-0.099236641,0.546296296,-0.293413174,0.686046512,-0.186206897,1.638888889,0.242105263,1.255319149,0.113207547,1.43902439,0.18,1.092592593,0.044247788,1.255319149,0.113207547,0.692307692,-0.181818182,0.75,-0.142857143,0.5,-0.333333333,0.627906977,-0.228571429,1.5,0.2,1.14893617,0.069306931,1.317073171,0.136842105,0.915254237,-0.044247788,1.14893617,0.069306931,0.602564103,-0.248,0.652777778,-0.210084034,0.435185185,-0.393548387,0.546511628,-0.293233083,1.305555556,0.13253012,1,0,1.146341463,0.068181818,0.796610169,-0.113207547,0.87037037,-0.069306931
22,21,89,64,73,58,10,11,13,8,1.4,1.390625,0.163398693,1.219178082,0.098765432,1.534482759,0.210884354,8.9,0.797979798,8.090909091,0.78,6.846153846,0.745098039,11.125,0.835051546,4.045454545,0.603603604,4.238095238,0.618181818,0.719101124,-0.163398693,0.876712329,-0.065693431,1.103448276,0.049180328,6.4,0.72972973,5.818181818,0.706666667,4.923076923,0.662337662,8,0.777777778,2.909090909,0.488372093,3.047619048,0.505882353,0.820224719,-0.098765432,1.140625,0.065693431,1.25862069,0.114503817,7.3,0.759036145,6.636363636,0.738095238,5.615384615,0.697674419,9.125,0.802469136,3.318181818,0.536842105,3.476190476,0.553191489,0.651685393,-0.210884354,0.90625,-0.049180328,0.794520548,-0.114503817,5.8,0.705882353,5.272727273,0.68115942,4.461538462,0.633802817,7.25,0.757575758,2.636363636,0.45,2.761904762,0.46835443,0.112359551,-0.797979798,0.15625,-0.72972973,0.136986301,-0.759036145,0.172413793,-0.705882353,0.909090909,-0.047619048,0.769230769,-0.130434783,1.25,0.111111111,0.454545455,-0.375,0.476190476,-0.35483871,0.123595506,-0.78,0.171875,-0.706666667,0.150684932,-0.738095238,0.189655172,-0.68115942,1.1,0.047619048,0.846153846,-0.083333333,1.375,0.157894737,0.5,-0.333333333,0.523809524,-0.3125,0.146067416,-0.745098039,0.203125,-0.662337662,0.178082192,-0.697674419,0.224137931,-0.633802817,1.3,0.130434783,1.181818182,0.083333333,1.625,0.238095238,0.590909091,-0.257142857,0.619047619,-0.235294118,0.08988764,-0.835051546,0.125,-0.777777778,0.109589041,-0.802469136,0.137931034,-0.757575758,0.8,-0.111111111,0.727272727,-0.157894737,0.615384615,-0.238095238,0.363636364,-0.466666667,0.380952381,-0.448275862,0.247191011,-0.603603604,0.34375,-0.488372093,0.301369863,-0.536842105,0.379310345,-0.45,2.2,0.375,2,0.333333333,1.692307692,0.257142857,2.75,0.466666667,1.047619048,0.023255814,0.235955056,-0.618181818,0.328125,-0.505882353,0.287671233,-0.553191489,0.362068966,-0.46835443,2.1,0.35483871,1.909090909,0.3125,1.615384615,0.235294118,2.625,0.448275862,0.954545455,-0.023255814
36,28,42,127,119,79,14,10,18,13,3.46,0.330708661,-0.50295858,0.352941176,-0.47826087,0.53164557,-0.305785124,3,0.5,4.2,0.615384615,2.333333333,0.4,3.230769231,0.527272727,1.166666667,0.076923077,1.5,0.2,3.023809524,0.50295858,1.067226891,0.032520325,1.607594937,0.233009709,9.071428571,0.80141844,12.7,0.854014599,7.055555556,0.751724138,9.769230769,0.814285714,3.527777778,0.558282209,4.535714286,0.638709677,2.833333333,0.47826087,0.937007874,-0.032520325,1.506329114,0.202020202,8.5,0.789473684,11.9,0.84496124,6.611111111,0.737226277,9.153846154,0.803030303,3.305555556,0.535483871,4.25,0.619047619,1.880952381,0.305785124,0.622047244,-0.233009709,0.663865546,-0.202020202,5.642857143,0.698924731,7.9,0.775280899,4.388888889,0.628865979,6.076923077,0.717391304,2.194444444,0.373913043,2.821428571,0.476635514,0.333333333,-0.5,0.11023622,-0.80141844,0.117647059,-0.789473684,0.17721519,-0.698924731,1.4,0.166666667,0.777777778,-0.125,1.076923077,0.037037037,0.388888889,-0.44,0.5,-0.333333333,0.238095238,-0.615384615,0.078740157,-0.854014599,0.084033613,-0.84496124,0.126582278,-0.775280899,0.714285714,-0.166666667,0.555555556,-0.285714286,0.769230769,-0.130434783,0.277777778,-0.565217391,0.357142857,-0.473684211,0.428571429,-0.4,0.141732283,-0.751724138,0.151260504,-0.737226277,0.227848101,-0.628865979,1.285714286,0.125,1.8,0.285714286,1.384615385,0.161290323,0.5,-0.333333333,0.642857143,-0.217391304,0.30952381,-0.527272727,0.102362205,-0.814285714,0.109243697,-0.803030303,0.164556962,-0.717391304,0.928571429,-0.037037037,1.3,0.130434783,0.722222222,-0.161290323,0.361111111,-0.469387755,0.464285714,-0.365853659,0.857142857,-0.076923077,0.283464567,-0.558282209,0.302521008,-0.535483871,0.455696203,-0.373913043,2.571428571,0.44,3.6,0.565217391,2,0.333333333,2.769230769,0.469387755,1.285714286,0.125,0.666666667,-0.2,0.220472441,-0.638709677,0.235294118,-0.619047619,0.35443038,-0.476635514,2,0.333333333,2.8,0.473684211,1.555555556,0.217391304,2.153846154,0.365853659,0.777777778,-0.125
350,288,525,680,561,489,384,376,372,343,5.78,0.772058824,-0.128630705,0.935828877,-0.033149171,1.073619632,0.035502959,1.3671875,0.155115512,1.396276596,0.165371809,1.411290323,0.170568562,1.530612245,0.209677419,1.5,0.2,1.822916667,0.291512915,1.295238095,0.128630705,1.212121212,0.095890411,1.390593047,0.163387511,1.770833333,0.278195489,1.808510638,0.287878788,1.827956989,0.292775665,1.982507289,0.329423265,1.942857143,0.32038835,2.361111111,0.404958678,1.068571429,0.033149171,0.825,-0.095890411,1.147239264,0.068571429,1.4609375,0.187301587,1.492021277,0.197438634,1.508064516,0.202572347,1.635568513,0.241150442,1.602857143,0.231613611,1.947916667,0.32155477,0.931428571,-0.035502959,0.719117647,-0.163387511,0.871657754,-0.068571429,1.2734375,0.120274914,1.300531915,0.130635838,1.314516129,0.135888502,1.425655977,0.175480769,1.397142857,0.165673421,1.697916667,0.258687259,0.731428571,-0.155115512,0.564705882,-0.278195489,0.684491979,-0.187301587,0.785276074,-0.120274914,1.021276596,0.010526316,1.032258065,0.015873016,1.119533528,0.056396149,1.097142857,0.046321526,1.333333333,0.142857143,0.716190476,-0.165371809,0.552941176,-0.287878788,0.670231729,-0.197438634,0.768916155,-0.130635838,0.979166667,-0.010526316,1.010752688,0.005347594,1.096209913,0.045897079,1.074285714,0.035812672,1.305555556,0.13253012,0.708571429,-0.170568562,0.547058824,-0.292775665,0.663101604,-0.202572347,0.760736196,-0.135888502,0.96875,-0.015873016,0.989361702,-0.005347594,1.084548105,0.040559441,1.062857143,0.030470914,1.291666667,0.127272727,0.653333333,-0.209677419,0.504411765,-0.329423265,0.6114082,-0.241150442,0.701431493,-0.175480769,0.893229167,-0.056396149,0.912234043,-0.045897079,0.922043011,-0.040559441,0.98,-0.01010101,1.190972222,0.087163233,0.666666667,-0.2,0.514705882,-0.32038835,0.623885918,-0.231613611,0.715746421,-0.165673421,0.911458333,-0.046321526,0.930851064,-0.035812672,0.940860215,-0.030470914,1.020408163,0.01010101,1.215277778,0.097178683,0.548571429,-0.291512915,0.423529412,-0.404958678,0.513368984,-0.32155477,0.588957055,-0.258687259,0.75,-0.142857143,0.765957447,-0.13253012,0.774193548,-0.127272727,0.839650146,-0.087163233,0.822857143,-0.097178683
1850,1828,2759,2641,2502,2653,2577,2759,2334,2761,2.52,1.044680045,0.021851852,1.102717826,0.048850029,1.039954768,0.019586105,1.070624757,0.034107946,1,0,1.182090831,0.08344787,0.999275625,-0.000362319,1.491351351,0.197222825,1.509299781,0.202964901,0.957230881,-0.021851852,1.055555556,0.027027027,0.995476819,-0.002266717,1.02483508,0.012265236,0.957230881,-0.021851852,1.131533847,0.061708543,0.956537486,-0.022213995,1.427567568,0.176130038,1.444748359,0.181919893,0.906850308,-0.048850029,0.947368421,-0.027027027,0.943083302,-0.02929195,0.970896391,-0.014766686,0.906850308,-0.048850029,1.071979434,0.034739454,0.906193408,-0.049211476,1.352432432,0.149816176,1.368708972,0.155658199,0.961580283,-0.019586105,1.004543733,0.002266717,1.060351719,0.02929195,1.029491657,0.014531549,0.961580283,-0.019586105,1.136675236,0.063966312,0.960883738,-0.019948282,1.434054054,0.178325561,1.45131291,0.18411069,0.93403407,-0.034107946,0.975766755,-0.012265236,1.029976019,0.014766686,0.971353185,-0.014531549,0.93403407,-0.034107946,1.104113111,0.049480757,0.933357479,-0.034469839,1.392972973,0.164219562,1.409737418,0.170034052,1,0,1.044680045,0.021851852,1.102717826,0.048850029,1.039954768,0.019586105,1.070624757,0.034107946,1.182090831,0.08344787,0.999275625,-0.000362319,1.491351351,0.197222825,1.509299781,0.202964901,0.845958681,-0.08344787,0.883756153,-0.061708543,0.932853717,-0.034739454,0.879758764,-0.063966312,0.905704307,-0.049480757,0.845958681,-0.08344787,0.845345889,-0.083807655,1.261621622,0.115678776,1.276805252,0.121576165,1.0007249,0.000362319,1.045437334,0.022213995,1.103517186,0.049211476,1.040708632,0.019948282,1.071400854,0.034469839,1.0007249,0.000362319,1.182947729,0.083807655,1.492432432,0.197571026,1.510393873,0.203312268,0.670532802,-0.197222825,0.700492238,-0.176130038,0.739408473,-0.149816176,0.697323784,-0.178325561,0.717889018,-0.164219562,0.670532802,-0.197222825,0.792630677,-0.115678776,0.670047084,-0.197571026,1.012035011,0.005981512,0.662558898,-0.202964901,0.69216206,-0.181919893,0.730615508,-0.155658199,0.689031285,-0.18411069,0.70935196,-0.170034052,0.662558898,-0.202964901,0.783204799,-0.121576165,0.662078957,-0.203312268,0.988108108,-0.005981512
504,430,1093,1358,1093,1023,640,619,593,549,22.96,0.804860088,-0.108119135,1,0,1.068426197,0.033081285,1.7078125,0.261396422,1.765751212,0.276869159,1.84317032,0.296559905,1.990892532,0.331303289,2.168650794,0.368816531,2.541860465,0.435325016,1.242451967,0.108119135,1.242451967,0.108119135,1.327468231,0.140697186,2.121875,0.359359359,2.193861066,0.373798685,2.29005059,0.392106612,2.473588342,0.424226534,2.694444444,0.458646617,3.158139535,0.51901566,1,0,0.804860088,-0.108119135,1.068426197,0.033081285,1.7078125,0.261396422,1.765751212,0.276869159,1.84317032,0.296559905,1.990892532,0.331303289,2.168650794,0.368816531,2.541860465,0.435325016,0.935956084,-0.033081285,0.753313697,-0.140697186,0.935956084,-0.033081285,1.5984375,0.230306675,1.65266559,0.246041413,1.725126476,0.266089109,1.863387978,0.301526718,2.029761905,0.339882122,2.379069767,0.408121129,0.585544373,-0.261396422,0.471281296,-0.359359359,0.585544373,-0.261396422,0.625610948,-0.230306675,1.033925687,0.016679905,1.07925801,0.03811841,1.16575592,0.076534903,1.26984127,0.118881119,1.488372093,0.196261682,0.566331199,-0.276869159,0.455817378,-0.373798685,0.566331199,-0.276869159,0.605083089,-0.246041413,0.9671875,-0.016679905,1.043844857,0.021452145,1.127504554,0.059931507,1.228174603,0.102404274,1.439534884,0.180171592,0.542543458,-0.296559905,0.436671576,-0.392106612,0.542543458,-0.296559905,0.579667644,-0.266089109,0.9265625,-0.03811841,0.957996769,-0.021452145,1.080145719,0.038528897,1.176587302,0.081130356,1.379069767,0.159335288,0.502287283,-0.331303289,0.404270987,-0.424226534,0.502287283,-0.331303289,0.536656891,-0.301526718,0.8578125,-0.076534903,0.886914378,-0.059931507,0.925801012,-0.038528897,1.089285714,0.042735043,1.276744186,0.121552605,0.461116194,-0.368816531,0.371134021,-0.458646617,0.461116194,-0.368816531,0.492668622,-0.339882122,0.7875,-0.118881119,0.814216478,-0.102404274,0.849915683,-0.081130356,0.918032787,-0.042735043,1.172093023,0.079229122,0.393412626,-0.435325016,0.316642121,-0.51901566,0.393412626,-0.435325016,0.420332356,-0.408121129,0.671875,-0.196261682,0.694668821,-0.180171592,0.725126476,-0.159335288,0.783242259,-0.121552605,0.853174603,-0.079229122
5665,4797,5935,5755,5748,6142,5974,5841,6023,5704,4.59,1.03127715,0.015397776,1.032533055,0.016006163,0.966297623,-0.017140018,0.993471711,-0.003274834,1.016093135,0.007982337,0.985389341,-0.00735909,1.040497896,0.019847066,1.047661077,0.023275862,1.237231603,0.106038017,0.969671441,-0.015397776,1.001217815,0.000608537,0.936991208,-0.032529209,0.963341145,-0.018671669,0.985276494,-0.00741635,0.955503902,-0.022754288,1.008941094,0.00445065,1.015887026,0.007880911,1.199708151,0.090788476,0.968491997,-0.016006163,0.998783666,-0.000608537,0.935851514,-0.03313709,0.962169401,-0.019279986,0.984078069,-0.008024851,0.95434169,-0.023362501,1.007713885,0.003842124,1.014651368,0.007272409,1.198248906,0.090184922,1.034877843,0.017140018,1.067245873,0.032529209,1.068545581,0.03313709,1.028121861,0.013865962,1.051532272,0.025118918,1.019757596,0.009782162,1.076788219,0.036974506,1.084201236,0.040399763,1.280383573,0.122954566,1.006571188,0.003274834,1.038053866,0.018671669,1.039318024,0.019279986,0.972647346,-0.013865962,1.022770074,0.011256877,0.991864519,-0.004084354,1.047335203,0.023120397,1.054545455,0.026548673,1.245361684,0.109274905,0.984161752,-0.007982337,1.014943527,0.00741635,1.016179541,0.008024851,0.950993162,-0.025118918,0.97773686,-0.011256877,0.9697825,-0.015340526,1.024018233,0.011866609,1.031067961,0.015296367,1.217636023,0.098138748,1.014827296,0.00735909,1.046568202,0.022754288,1.047842728,0.023362501,0.980625204,-0.009782162,1.00820221,0.004084354,1.031159048,0.015340526,1.055925666,0.027202183,1.063195057,0.030629706,1.255576402,0.113308688,0.961078349,-0.019847066,0.991138141,-0.00445065,0.992345164,-0.003842124,0.928687724,-0.036974506,0.954804151,-0.023120397,0.976545112,-0.011866609,0.947036361,-0.027202183,1.006884378,0.003430381,1.189076506,0.086372726,0.954507161,-0.023275862,0.984361425,-0.007880911,0.985560195,-0.007272409,0.922338001,-0.040399763,0.948275862,-0.026548673,0.969868173,-0.015296367,0.940561182,-0.030629706,0.993162693,-0.003430381,1.180946425,0.082966928,0.808256108,-0.106038017,0.833536056,-0.090788476,0.834551148,-0.090184922,0.781015956,-0.122954566,0.802979578,-0.109274905,0.821263482,-0.098138748,0.796446953,-0.113308688,0.84098878,-0.086372726,0.846778464,-0.082966928
376,308,568,686,509,460,415,367,398,367,2.37,0.827988338,-0.094098884,1.115913556,0.054781801,1.234782609,0.105058366,1.368674699,0.155645982,1.547683924,0.214973262,1.427135678,0.175983437,1.547683924,0.214973262,1.510638298,0.203389831,1.844155844,0.296803653,1.207746479,0.094098884,1.347740668,0.148117155,1.491304348,0.197207679,1.653012048,0.246139873,1.869209809,0.30294397,1.72361809,0.265682657,1.869209809,0.30294397,1.824468085,0.291902072,2.227272727,0.38028169,0.896126761,-0.054781801,0.741982507,-0.148117155,1.106521739,0.050567595,1.226506024,0.101731602,1.386920981,0.162100457,1.278894472,0.122381477,1.386920981,0.162100457,1.353723404,0.150282486,1.652597403,0.246022032,0.809859155,-0.105058366,0.670553936,-0.197207679,0.903732809,-0.050567595,1.108433735,0.051428571,1.253405995,0.112454655,1.155778894,0.072261072,1.253405995,0.112454655,1.223404255,0.100478469,1.493506494,0.197916667,0.730633803,-0.155645982,0.604956268,-0.246139873,0.815324165,-0.101731602,0.902173913,-0.051428571,1.130790191,0.061381074,1.042713568,0.020910209,1.130790191,0.061381074,1.103723404,0.049304678,1.347402597,0.147994467,0.646126761,-0.214973262,0.534985423,-0.30294397,0.721021611,-0.162100457,0.797826087,-0.112454655,0.884337349,-0.061381074,0.922110553,-0.040522876,1,0,0.97606383,-0.012113055,1.191558442,0.087407407,0.700704225,-0.175983437,0.580174927,-0.265682657,0.781925344,-0.122381477,0.865217391,-0.072261072,0.959036145,-0.020910209,1.084468665,0.040522876,1.084468665,0.040522876,1.058510638,0.028423773,1.292207792,0.127478754,0.646126761,-0.214973262,0.534985423,-0.30294397,0.721021611,-0.162100457,0.797826087,-0.112454655,0.884337349,-0.061381074,1,0,0.922110553,-0.040522876,0.97606383,-0.012113055,1.191558442,0.087407407,0.661971831,-0.203389831,0.548104956,-0.291902072,0.73870334,-0.150282486,0.817391304,-0.100478469,0.906024096,-0.049304678,1.024523161,0.012113055,0.944723618,-0.028423773,1.024523161,0.012113055,1.220779221,0.099415205,0.542253521,-0.296803653,0.448979592,-0.38028169,0.605108055,-0.246022032,0.669565217,-0.197916667,0.742168675,-0.147994467,0.839237057,-0.087407407,0.773869347,-0.127478754,0.839237057,-0.087407407,0.819148936,-0.099415205
571,480,957,1148,829,775,627,601,630,585,10.45,0.833623693,-0.090736342,1.154402895,0.071668533,1.23483871,0.105080831,1.526315789,0.208333333,1.59234609,0.228498074,1.519047619,0.206049149,1.635897436,0.241245136,1.676007005,0.252617801,1.99375,0.331941545,1.199582027,0.090736342,1.384800965,0.161355589,1.481290323,0.193967759,1.830940989,0.293521127,1.91014975,0.312750143,1.822222222,0.291338583,1.962393162,0.324870167,2.010507881,0.335660268,2.391666667,0.41031941,0.866248694,-0.071668533,0.722125436,-0.161355589,1.069677419,0.033665835,1.322169059,0.138736264,1.37936772,0.159440559,1.315873016,0.136394791,1.417094017,0.172560113,1.451838879,0.184285714,1.727083333,0.266615737,0.809822362,-0.105080831,0.675087108,-0.193967759,0.934861279,-0.033665835,1.236044657,0.105563481,1.289517471,0.126453488,1.23015873,0.103202847,1.324786325,0.139705882,1.357267951,0.151560178,1.614583333,0.235059761,0.655172414,-0.208333333,0.546167247,-0.293521127,0.756332931,-0.138736264,0.809032258,-0.105563481,1.043261231,0.021172638,0.995238095,-0.002386635,1.071794872,0.034653465,1.098073555,0.046744574,1.30625,0.132791328,0.62800418,-0.228498074,0.523519164,-0.312750143,0.724969843,-0.159440559,0.775483871,-0.126453488,0.958532695,-0.021172638,0.953968254,-0.023558083,1.027350427,0.013490725,1.052539405,0.02559727,1.252083333,0.111933395,0.65830721,-0.206049149,0.548780488,-0.291338583,0.759951749,-0.136394791,0.812903226,-0.103202847,1.004784689,0.002386635,1.048252912,0.023558083,1.076923077,0.037037037,1.103327496,0.049125729,1.3125,0.135135135,0.611285266,-0.241245136,0.509581882,-0.324870167,0.705669481,-0.172560113,0.75483871,-0.139705882,0.933014354,-0.034653465,0.973377704,-0.013490725,0.928571429,-0.037037037,1.024518389,0.012110727,1.21875,0.098591549,0.596656217,-0.252617801,0.49738676,-0.335660268,0.688781665,-0.184285714,0.736774194,-0.151560178,0.910685805,-0.046744574,0.950083195,-0.02559727,0.906349206,-0.049125729,0.976068376,-0.012110727,1.189583333,0.086584206,0.501567398,-0.331941545,0.418118467,-0.41031941,0.579010856,-0.266615737,0.619354839,-0.235059761,0.765550239,-0.132791328,0.798668885,-0.111933395,0.761904762,-0.135135135,0.820512821,-0.098591549,0.840630473,-0.086584206
478,425,861,957,673,634,510,532,529,508,14.37,0.89968652,-0.052805281,1.279346211,0.122555411,1.358044164,0.151839465,1.688235294,0.256017505,1.618421053,0.236180905,1.627599244,0.238848921,1.69488189,0.257852447,1.80125523,0.286034354,2.025882353,0.33903577,1.111498258,0.052805281,1.421991085,0.174233129,1.509463722,0.20301697,1.876470588,0.304703476,1.79887218,0.285426461,1.809073724,0.288021534,1.883858268,0.306484642,2.00209205,0.333797909,2.251764706,0.384949349,0.781649245,-0.122555411,0.703239289,-0.174233129,1.061514196,0.029839327,1.319607843,0.137785292,1.265037594,0.117012448,1.27221172,0.119800333,1.32480315,0.139712108,1.407949791,0.169417897,1.583529412,0.225865209,0.736353078,-0.151839465,0.662486938,-0.20301697,0.94205052,-0.029839327,1.243137255,0.108391608,1.191729323,0.087478559,1.198487713,0.090283749,1.248031496,0.11033275,1.326359833,0.14028777,1.491764706,0.197355996,0.592334495,-0.256017505,0.532915361,-0.304703476,0.757800892,-0.137785292,0.804416404,-0.108391608,0.958646617,-0.021113244,0.964083176,-0.018286814,1.003937008,0.001964637,1.066945607,0.032388664,1.2,0.090909091,0.617886179,-0.236180905,0.555903866,-0.285426461,0.790490342,-0.117012448,0.839116719,-0.087478559,1.043137255,0.021113244,1.005671078,0.002827521,1.047244094,0.023076923,1.112970711,0.053465347,1.251764706,0.111807732,0.614401858,-0.238848921,0.55276907,-0.288021534,0.786032689,-0.119800333,0.834384858,-0.090283749,1.037254902,0.018286814,0.994360902,-0.002827521,1.041338583,0.020250723,1.106694561,0.050645482,1.244705882,0.109014675,0.590011614,-0.257852447,0.530825496,-0.306484642,0.754829123,-0.139712108,0.80126183,-0.11033275,0.996078431,-0.001964637,0.954887218,-0.023076923,0.960302457,-0.020250723,1.062761506,0.030425963,1.195294118,0.088960343,0.555168409,-0.286034354,0.499477534,-0.333797909,0.7102526,-0.169417897,0.753943218,-0.14028777,0.937254902,-0.032388664,0.898496241,-0.053465347,0.903591682,-0.050645482,0.940944882,-0.030425963,1.124705882,0.058693245,0.493612079,-0.33903577,0.444096134,-0.384949349,0.631500743,-0.225865209,0.670347003,-0.197355996,0.833333333,-0.090909091,0.79887218,-0.111807732,0.803402647,-0.109014675,0.836614173,-0.088960343,0.889121339,-0.058693245
744,672,1057,1203,946,923,811,799,779,784,3.14,0.878636741,-0.06460177,1.117336152,0.055416875,1.145178765,0.067676768,1.303329223,0.131691649,1.32290363,0.139008621,1.356867779,0.151416122,1.348214286,0.148288973,1.420698925,0.173792338,1.572916667,0.222672065,1.138126774,0.06460177,1.27167019,0.119590507,1.303358613,0.131702728,1.483353884,0.194637537,1.50563204,0.201798202,1.544287548,0.213925328,1.534438776,0.210870659,1.616935484,0.235747304,1.790178571,0.2832,0.894985809,-0.055416875,0.786367415,-0.119590507,1.024918743,0.012306046,1.166461159,0.076835515,1.183979975,0.084240688,1.214377407,0.096811594,1.206632653,0.093641618,1.271505376,0.119526627,1.407738095,0.16934487,0.873226112,-0.067676768,0.767248545,-0.131702728,0.975687104,-0.012306046,1.13810111,0.064590542,1.155193992,0.072009292,1.184852375,0.084606345,1.177295918,0.081429408,1.240591398,0.107378524,1.373511905,0.157366771,0.767265847,-0.131691649,0.674147963,-0.194637537,0.857293869,-0.076835515,0.878656555,-0.064590542,1.015018773,0.007453416,1.041078306,0.020125786,1.034438776,0.0169279,1.090053763,0.043086817,1.206845238,0.093728928,0.755912961,-0.139008621,0.664172901,-0.201798202,0.844608879,-0.084240688,0.865655471,-0.072009292,0.985203453,-0.007453416,1.025673941,0.012674271,1.019132653,0.009475679,1.073924731,0.035644848,1.188988095,0.086335826,0.736991485,-0.151416122,0.647547797,-0.213925328,0.82346723,-0.096811594,0.843986999,-0.084606345,0.96054254,-0.020125786,0.974968711,-0.012674271,0.993622449,-0.003198976,1.047043011,0.022980959,1.15922619,0.073742247,0.741721854,-0.148288973,0.651704073,-0.210870659,0.828752643,-0.093641618,0.849404117,-0.081429408,0.966707768,-0.0169279,0.981226533,-0.009475679,1.006418485,0.003198976,1.053763441,0.02617801,1.166666667,0.076923077,0.703878903,-0.173792338,0.618453865,-0.235747304,0.786469345,-0.119526627,0.806067172,-0.107378524,0.917385943,-0.043086817,0.931163955,-0.035644848,0.955070603,-0.022980959,0.948979592,-0.02617801,1.107142857,0.050847458,0.635761589,-0.222672065,0.558603491,-0.2832,0.710359408,-0.16934487,0.728060672,-0.157366771,0.828606658,-0.093728928,0.841051314,-0.086335826,0.862644416,-0.073742247,0.857142857,-0.076923077,0.903225806,-0.050847458
898,787,1072,1222,1014,1016,961,948,883,941,1.83,0.877250409,-0.065387969,1.057199211,0.02780441,1.05511811,0.026819923,1.115504683,0.054599115,1.130801688,0.061386139,1.214043035,0.096675192,1.139213603,0.065077,1.19376392,0.088324873,1.362134689,0.15330823,1.139925373,0.065387969,1.205128205,0.093023256,1.202755906,0.09204647,1.271592092,0.119560238,1.289029536,0.126267281,1.38391846,0.161045131,1.298618491,0.129912159,1.360801782,0.152830189,1.552731893,0.216525635,0.945895522,-0.02780441,0.829787234,-0.093023256,0.998031496,-0.000985222,1.055150884,0.026835443,1.069620253,0.033639144,1.148357871,0.069056405,1.077577046,0.037340153,1.129175947,0.060669456,1.288437103,0.126041088,0.947761194,-0.026819923,0.831423895,-0.09204647,1.001972387,0.000985222,1.05723205,0.027819929,1.071729958,0.034623218,1.150622877,0.070036862,1.079702444,0.038323965,1.131403118,0.061650993,1.290978399,0.127010538,0.896455224,-0.054599115,0.786415712,-0.119560238,0.947731755,-0.026835443,0.945866142,-0.027819929,1.01371308,0.006809848,1.088335221,0.042299349,1.021253985,0.010515247,1.070155902,0.033889188,1.221092757,0.099542334,0.884328358,-0.061386139,0.775777414,-0.126267281,0.934911243,-0.033639144,0.933070866,-0.034623218,0.986472425,-0.006809848,1.073612684,0.035499727,1.007438895,0.003705664,1.055679287,0.02708559,1.204574333,0.092795389,0.82369403,-0.096675192,0.722585925,-0.161045131,0.870808679,-0.069056405,0.869094488,-0.070036862,0.918834547,-0.042299349,0.931434599,-0.035499727,0.938363443,-0.031798246,0.983296214,-0.008422235,1.121982211,0.05748503,0.877798507,-0.065077,0.7700491,-0.129912159,0.92800789,-0.037340153,0.926181102,-0.038323965,0.979188345,-0.010515247,0.992616034,-0.003705664,1.065685164,0.031798246,1.047884187,0.023382273,1.195679797,0.08912037,0.837686567,-0.088324873,0.734860884,-0.152830189,0.885601578,-0.060669456,0.883858268,-0.061650993,0.934443288,-0.033889188,0.947257384,-0.02708559,1.016987542,0.008422235,0.954303932,-0.023382273,1.141041931,0.065875371,0.734141791,-0.15330823,0.644026187,-0.216525635,0.776134122,-0.126041088,0.774606299,-0.127010538,0.818938606,-0.099542334,0.830168776,-0.092795389,0.891279728,-0.05748503,0.836344315,-0.08912037,0.876391982,-0.065875371
958,890,1198,1306,1076,1088,956,999,891,937,5.33,0.917304747,-0.04313099,1.1133829,0.053649956,1.101102941,0.048118985,1.253138075,0.112349118,1.199199199,0.090578061,1.344556678,0.146960268,1.278548559,0.122248244,1.250521921,0.111317254,1.346067416,0.147509579,1.09015025,0.04313099,1.213754647,0.096557515,1.200367647,0.091060986,1.366108787,0.154730327,1.307307307,0.13318872,1.465768799,0.188893946,1.393810032,0.164511815,1.363256785,0.153710247,1.46741573,0.189435337,0.898163606,-0.053649956,0.82388974,-0.096557515,0.988970588,-0.005545287,1.125523013,0.059055118,1.077077077,0.037108434,1.207631874,0.094051856,1.148345784,0.069051167,1.123173278,0.058013766,1.208988764,0.094608342,0.908180301,-0.048118985,0.833078101,-0.091060986,1.011152416,0.005545287,1.138075314,0.064579256,1.089089089,0.042644945,1.221099888,0.099545225,1.161152615,0.074567901,1.135699374,0.063538612,1.22247191,0.100101112,0.797996661,-0.112349118,0.732006126,-0.154730327,0.888475836,-0.059055118,0.878676471,-0.064579256,0.956956957,-0.021994885,1.07295174,0.035192204,1.020277481,0.010036978,0.997912317,-0.001044932,1.074157303,0.035752979,0.833889816,-0.090578061,0.764931087,-0.13318872,0.928438662,-0.037108434,0.918198529,-0.042644945,1.044979079,0.021994885,1.121212121,0.057142857,1.066168623,0.032024793,1.042797495,0.020950434,1.12247191,0.057702488,0.743739566,-0.146960268,0.682235835,-0.188893946,0.828066914,-0.094051856,0.818933824,-0.099545225,0.932008368,-0.035192204,0.891891892,-0.057142857,0.95090715,-0.025164114,0.93006263,-0.036235803,1.001123596,0.000561482,0.782136895,-0.122248244,0.717457887,-0.164511815,0.870817844,-0.069051167,0.861213235,-0.074567901,0.980125523,-0.010036978,0.937937938,-0.032024793,1.051627385,0.025164114,0.978079332,-0.011081794,1.052808989,0.025725233,0.79966611,-0.111317254,0.733537519,-0.153710247,0.890334572,-0.058013766,0.880514706,-0.063538612,1.00209205,0.001044932,0.958958959,-0.020950434,1.075196409,0.036235803,1.022411953,0.011081794,1.076404494,0.036796537,0.742904841,-0.147509579,0.681470138,-0.189435337,0.827137546,-0.094608342,0.818014706,-0.100101112,0.930962343,-0.035752979,0.890890891,-0.057702488,0.998877666,-0.000561482,0.949839915,-0.025725233,0.929018789,-0.036796537
968,846,1065,1206,1065,1063,1005,981,935,990,1.46,0.883084577,-0.062087186,1,0,1.001881468,0.00093985,1.059701493,0.028985507,1.085626911,0.041055718,1.139037433,0.065,1.075757576,0.03649635,1.100206612,0.04771274,1.258865248,0.114599686,1.132394366,0.062087186,1.132394366,0.062087186,1.134524929,0.063023358,1.2,0.090909091,1.229357798,0.102880658,1.289839572,0.126576366,1.218181818,0.098360656,1.245867769,0.109475621,1.425531915,0.175438596,1,0,0.883084577,-0.062087186,1.001881468,0.00093985,1.059701493,0.028985507,1.085626911,0.041055718,1.139037433,0.065,1.075757576,0.03649635,1.100206612,0.04771274,1.258865248,0.114599686,0.998122066,-0.00093985,0.881426202,-0.063023358,0.998122066,-0.00093985,1.057711443,0.028046422,1.083588175,0.040117417,1.136898396,0.064064064,1.073737374,0.03555772,1.098140496,0.046774988,1.256501182,0.11367208,0.943661972,-0.028985507,0.833333333,-0.090909091,0.943661972,-0.028985507,0.945437441,-0.028046422,1.024464832,0.012084592,1.07486631,0.036082474,1.015151515,0.007518797,1.03822314,0.018753168,1.187943262,0.085899514,0.921126761,-0.041055718,0.813432836,-0.102880658,0.921126761,-0.041055718,0.922859831,-0.040117417,0.976119403,-0.012084592,1.049197861,0.024008351,0.990909091,-0.00456621,1.013429752,0.006670087,1.159574468,0.073891626,0.877934272,-0.065,0.775290216,-0.126576366,0.877934272,-0.065,0.879586077,-0.064064064,0.930348259,-0.036082474,0.953109072,-0.024008351,0.944444444,-0.028571429,0.965909091,-0.01734104,1.105200946,0.049971926,0.929577465,-0.03649635,0.820895522,-0.098360656,0.929577465,-0.03649635,0.931326435,-0.03555772,0.985074627,-0.007518797,1.009174312,0.00456621,1.058823529,0.028571429,1.022727273,0.011235955,1.170212766,0.078431373,0.908920188,-0.04771274,0.8026534,-0.109475621,0.908920188,-0.04771274,0.910630292,-0.046774988,0.96318408,-0.018753168,0.986748216,-0.006670087,1.035294118,0.01734104,0.977777778,-0.011235955,1.144208038,0.067254686,0.794366197,-0.114599686,0.701492537,-0.175438596,0.794366197,-0.114599686,0.795860771,-0.11367208,0.841791045,-0.085899514,0.862385321,-0.073891626,0.904812834,-0.049971926,0.854545455,-0.078431373,0.873966942,-0.067254686
781,716,1084,1141,962,986,819,886,752,802,1.93,0.950043821,-0.025617978,1.126819127,0.059628543,1.099391481,0.047342995,1.323565324,0.13925381,1.223476298,0.100507614,1.441489362,0.180827887,1.351620948,0.1495228,1.387964149,0.162466488,1.51396648,0.204444444,1.052583026,0.025617978,1.186070686,0.0851165,1.157200811,0.072872591,1.393162393,0.164285714,1.287810384,0.125801677,1.517287234,0.205493925,1.422693267,0.174472465,1.460947503,0.187304891,1.593575419,0.228863759,0.887453875,-0.059628543,0.84312007,-0.0851165,0.975659229,-0.012320329,1.174603175,0.080291971,1.085778781,0.041125541,1.279255319,0.12252042,1.199501247,0.090702948,1.231754161,0.103843947,1.343575419,0.146603099,0.909594096,-0.047342995,0.864154251,-0.072872591,1.024948025,0.012320329,1.203907204,0.092520776,1.112866817,0.053418803,1.311170213,0.134637514,1.229426434,0.102908277,1.262483995,0.116015846,1.377094972,0.158636898,0.755535055,-0.13925381,0.717791411,-0.164285714,0.851351351,-0.080291971,0.830628803,-0.092520776,0.924379233,-0.039296188,1.089095745,0.042647995,1.021197007,0.010487353,1.04865557,0.02375,1.143854749,0.067100977,0.817343173,-0.100507614,0.776511832,-0.125801677,0.920997921,-0.041125541,0.898580122,-0.053418803,1.081807082,0.039296188,1.178191489,0.081807082,1.104738155,0.049763033,1.134443022,0.062987403,1.237430168,0.106117353,0.693726937,-0.180827887,0.65907099,-0.205493925,0.781704782,-0.12252042,0.762677485,-0.134637514,0.918192918,-0.042647995,0.848758465,-0.081807082,0.93765586,-0.032175032,0.962868118,-0.018917156,1.05027933,0.024523161,0.739852399,-0.1495228,0.7028922,-0.174472465,0.833679834,-0.090702948,0.813387424,-0.102908277,0.979242979,-0.010487353,0.905191874,-0.049763033,1.066489362,0.032175032,1.026888604,0.013265951,1.120111732,0.056653491,0.720479705,-0.162466488,0.684487292,-0.187304891,0.811850312,-0.103843947,0.792089249,-0.116015846,0.953601954,-0.02375,0.881489842,-0.062987403,1.03856383,0.018917156,0.973815461,-0.013265951,1.090782123,0.043420174,0.660516605,-0.204444444,0.62751972,-0.228863759,0.744282744,-0.146603099,0.726166329,-0.158636898,0.874236874,-0.067100977,0.808126411,-0.106117353,0.95212766,-0.024523161,0.89276808,-0.056653491,0.916773367,-0.043420174
787,687,837,916,906,889,813,794,769,790,1.69,0.913755459,-0.045065602,0.92384106,-0.039586919,0.941507312,-0.030127462,1.029520295,0.014545455,1.054156171,0.026364194,1.088426528,0.04234122,1.059493671,0.028887523,1.063532402,0.030788177,1.218340611,0.098425197,1.094384707,0.045065602,1.011037528,0.005488474,1.030371204,0.014958449,1.126691267,0.059572007,1.153652393,0.071345029,1.191157347,0.087240356,1.159493671,0.073856975,1.163913596,0.075748679,1.333333333,0.142857143,1.082437276,0.039586919,0.989082969,-0.005488474,1.01912261,0.009470752,1.114391144,0.054101222,1.141057935,0.065882353,1.178153446,0.081791045,1.146835443,0.068396226,1.151207116,0.070289427,1.318777293,0.13747646,1.062126643,0.030127462,0.970524017,-0.014958449,0.981236203,-0.009470752,1.093480935,0.044653349,1.119647355,0.056446821,1.156046814,0.072376357,1.125316456,0.058963669,1.129606099,0.060859189,1.294032023,0.128172589,0.971326165,-0.014545455,0.887554585,-0.059572007,0.897350993,-0.054101222,0.914510686,-0.044653349,1.023929471,0.011823273,1.057217165,0.027812895,1.029113924,0.014348097,1.033036849,0.01625,1.183406114,0.084,0.948626045,-0.026364194,0.866812227,-0.071345029,0.876379691,-0.065882353,0.893138358,-0.056446821,0.976629766,-0.011823273,1.032509753,0.015994882,1.005063291,0.002525253,1.008894536,0.004427577,1.155749636,0.072248481,0.918757467,-0.04234122,0.839519651,-0.087240356,0.848785872,-0.081791045,0.865016873,-0.072376357,0.945879459,-0.027812895,0.968513854,-0.015994882,0.973417722,-0.013470173,0.977128335,-0.011568123,1.119359534,0.056318681,0.943847073,-0.028887523,0.862445415,-0.073856975,0.87196468,-0.068396226,0.88863892,-0.058963669,0.971709717,-0.014348097,0.994962217,-0.002525253,1.027308192,0.013470173,1.003811944,0.001902346,1.14992722,0.069735951,0.940262843,-0.030788177,0.859170306,-0.075748679,0.868653422,-0.070289427,0.885264342,-0.060859189,0.96801968,-0.01625,0.991183879,-0.004427577,1.023407022,0.011568123,0.996202532,-0.001902346,1.145560408,0.067842605,0.82078853,-0.098425197,0.75,-0.142857143,0.758278146,-0.13747646,0.772778403,-0.128172589,0.84501845,-0.084,0.865239295,-0.072248481,0.89336801,-0.056318681,0.869620253,-0.069735951,0.872935197,-0.067842605
326,255,369,366,354,410,345,334,315,317,0.8,1.008196721,0.004081633,1.042372881,0.020746888,0.9,-0.052631579,1.069565217,0.033613445,1.104790419,0.049786629,1.171428571,0.078947368,1.164037855,0.075801749,1.13190184,0.061870504,1.447058824,0.182692308,0.991869919,-0.004081633,1.033898305,0.016666667,0.892682927,-0.056701031,1.060869565,0.029535865,1.095808383,0.045714286,1.161904762,0.074889868,1.154574132,0.071742313,1.122699387,0.057803468,1.435294118,0.178743961,0.959349593,-0.020746888,0.967213115,-0.016666667,0.863414634,-0.073298429,1.026086957,0.012875536,1.05988024,0.029069767,1.123809524,0.058295964,1.116719243,0.05514158,1.085889571,0.041176471,1.388235294,0.162561576,1.111111111,0.052631579,1.120218579,0.056701031,1.15819209,0.073298429,1.188405797,0.086092715,1.22754491,0.102150538,1.301587302,0.131034483,1.293375394,0.127922971,1.257668712,0.114130435,1.607843137,0.233082707,0.93495935,-0.033613445,0.942622951,-0.029535865,0.974576271,-0.012875536,0.841463415,-0.086092715,1.032934132,0.016200295,1.095238095,0.045454545,1.088328076,0.042296073,1.058282209,0.028315946,1.352941176,0.15,0.905149051,-0.049786629,0.912568306,-0.045714286,0.943502825,-0.029069767,0.814634146,-0.102150538,0.968115942,-0.016200295,1.06031746,0.029275809,1.05362776,0.026113671,1.024539877,0.012121212,1.309803922,0.134125637,0.853658537,-0.078947368,0.860655738,-0.074889868,0.889830508,-0.058295964,0.768292683,-0.131034483,0.913043478,-0.045454545,0.943113772,-0.029275809,0.993690852,-0.003164557,0.966257669,-0.017160686,1.235294118,0.105263158,0.859078591,-0.075801749,0.866120219,-0.071742313,0.895480226,-0.05514158,0.773170732,-0.127922971,0.91884058,-0.042296073,0.949101796,-0.026113671,1.006349206,0.003164557,0.972392638,-0.01399689,1.243137255,0.108391608,0.883468835,-0.061870504,0.890710383,-0.057803468,0.920903955,-0.041176471,0.795121951,-0.114130435,0.944927536,-0.028315946,0.976047904,-0.012121212,1.034920635,0.017160686,1.028391167,0.01399689,1.278431373,0.122203098,0.691056911,-0.182692308,0.696721311,-0.178743961,0.720338983,-0.162561576,0.62195122,-0.233082707,0.739130435,-0.15,0.763473054,-0.134125637,0.80952381,-0.105263158,0.804416404,-0.108391608,0.782208589,-0.122203098
450,405,510,495,494,542,450,460,423,424,1.63,1.03030303,0.014925373,1.032388664,0.015936255,0.94095941,-0.030418251,1.133333333,0.0625,1.108695652,0.051546392,1.205673759,0.093247588,1.202830189,0.092077088,1.133333333,0.0625,1.259259259,0.114754098,0.970588235,-0.014925373,1.002024291,0.001011122,0.913284133,-0.045323047,1.1,0.047619048,1.076086957,0.036649215,1.170212766,0.078431373,1.16745283,0.077257889,1.1,0.047619048,1.222222222,0.1,0.968627451,-0.015936255,0.997979798,-0.001011122,0.911439114,-0.046332046,1.097777778,0.046610169,1.073913043,0.035639413,1.1678487,0.07742639,1.16509434,0.076252723,1.097777778,0.046610169,1.219753086,0.098998888,1.062745098,0.030418251,1.094949495,0.045323047,1.097165992,0.046332046,1.204444444,0.092741935,1.17826087,0.081836327,1.281323877,0.123316062,1.278301887,0.122153209,1.204444444,0.092741935,1.338271605,0.144667371,0.882352941,-0.0625,0.909090909,-0.047619048,0.910931174,-0.046610169,0.830258303,-0.092741935,0.97826087,-0.010989011,1.063829787,0.030927835,1.061320755,0.029748284,1,0,1.111111111,0.052631579,0.901960784,-0.051546392,0.929292929,-0.036649215,0.931174089,-0.035639413,0.848708487,-0.081836327,1.022222222,0.010989011,1.087470449,0.041902605,1.08490566,0.040723982,1.022222222,0.010989011,1.135802469,0.063583815,0.829411765,-0.093247588,0.854545455,-0.078431373,0.856275304,-0.07742639,0.780442804,-0.123316062,0.94,-0.030927835,0.919565217,-0.041902605,0.997641509,-0.001180638,0.94,-0.030927835,1.044444444,0.02173913,0.831372549,-0.092077088,0.856565657,-0.077257889,0.858299595,-0.076252723,0.782287823,-0.122153209,0.942222222,-0.029748284,0.92173913,-0.040723982,1.002364066,0.001180638,0.942222222,-0.029748284,1.04691358,0.02291918,0.882352941,-0.0625,0.909090909,-0.047619048,0.910931174,-0.046610169,0.830258303,-0.092741935,1,0,0.97826087,-0.010989011,1.063829787,0.030927835,1.061320755,0.029748284,1.111111111,0.052631579,0.794117647,-0.114754098,0.818181818,-0.1,0.819838057,-0.098998888,0.747232472,-0.144667371,0.9,-0.052631579,0.880434783,-0.063583815,0.957446809,-0.02173913,0.955188679,-0.02291918,0.9,-0.052631579
214,195,298,298,285,274,210,213,204,184,1.78,1,0,1.045614035,0.022298456,1.087591241,0.041958042,1.419047619,0.173228346,1.399061033,0.166340509,1.460784314,0.187250996,1.619565217,0.236514523,1.392523364,0.1640625,1.528205128,0.208924949,1,0,1.045614035,0.022298456,1.087591241,0.041958042,1.419047619,0.173228346,1.399061033,0.166340509,1.460784314,0.187250996,1.619565217,0.236514523,1.392523364,0.1640625,1.528205128,0.208924949,0.956375839,-0.022298456,0.956375839,-0.022298456,1.040145985,0.019677996,1.357142857,0.151515152,1.338028169,0.144578313,1.397058824,0.165644172,1.548913043,0.215351812,1.331775701,0.142284569,1.461538462,0.1875,0.919463087,-0.041958042,0.919463087,-0.041958042,0.961403509,-0.019677996,1.304761905,0.132231405,1.286384977,0.125256674,1.343137255,0.146443515,1.489130435,0.19650655,1.280373832,0.12295082,1.405128205,0.168443497,0.704697987,-0.173228346,0.704697987,-0.173228346,0.736842105,-0.151515152,0.766423358,-0.132231405,0.985915493,-0.007092199,1.029411765,0.014492754,1.141304348,0.065989848,0.981308411,-0.009433962,1.076923077,0.037037037,0.714765101,-0.166340509,0.714765101,-0.166340509,0.747368421,-0.144578313,0.777372263,-0.125256674,1.014285714,0.007092199,1.044117647,0.021582734,1.157608696,0.073047859,0.995327103,-0.00234192,1.092307692,0.044117647,0.684563758,-0.187250996,0.684563758,-0.187250996,0.715789474,-0.165644172,0.744525547,-0.146443515,0.971428571,-0.014492754,0.957746479,-0.021582734,1.108695652,0.051546392,0.953271028,-0.023923445,1.046153846,0.022556391,0.617449664,-0.236514523,0.617449664,-0.236514523,0.645614035,-0.215351812,0.671532847,-0.19650655,0.876190476,-0.065989848,0.863849765,-0.073047859,0.901960784,-0.051546392,0.859813084,-0.075376884,0.943589744,-0.029023747,0.718120805,-0.1640625,0.718120805,-0.1640625,0.750877193,-0.142284569,0.781021898,-0.12295082,1.019047619,0.009433962,1.004694836,0.00234192,1.049019608,0.023923445,1.163043478,0.075376884,1.097435897,0.046454768,0.654362416,-0.208924949,0.654362416,-0.208924949,0.684210526,-0.1875,0.711678832,-0.168443497,0.928571429,-0.037037037,0.915492958,-0.044117647,0.955882353,-0.022556391,1.059782609,0.029023747,0.911214953,-0.046454768
545,490,631,706,612,653,536,510,476,490,1.11,0.893767705,-0.056095737,1.031045752,0.015285599,0.966309342,-0.017133956,1.177238806,0.081405313,1.237254902,0.106047327,1.325630252,0.140018067,1.287755102,0.125780553,1.157798165,0.073129252,1.287755102,0.125780553,1.118858954,0.056095737,1.153594771,0.071320182,1.081163859,0.038999264,1.317164179,0.136876006,1.384313725,0.161184211,1.483193277,0.194585448,1.440816327,0.180602007,1.295412844,0.128697042,1.440816327,0.180602007,0.969889065,-0.015285599,0.866855524,-0.071320182,0.937212864,-0.032411067,1.141791045,0.066202091,1.2,0.090909091,1.285714286,0.125,1.248979592,0.110707804,1.12293578,0.057908384,1.248979592,0.110707804,1.034865293,0.017133956,0.924929178,-0.038999264,1.066993464,0.032411067,1.218283582,0.098402019,1.280392157,0.122957868,1.371848739,0.156775908,1.332653061,0.142607174,1.198165138,0.09015025,1.332653061,0.142607174,0.849445325,-0.081405313,0.759206799,-0.136876006,0.875816993,-0.066202091,0.820826953,-0.098402019,1.050980392,0.024856597,1.12605042,0.059288538,1.093877551,0.044834308,0.983486239,-0.008325624,1.093877551,0.044834308,0.808240887,-0.106047327,0.722379603,-0.161184211,0.833333333,-0.090909091,0.78101072,-0.122957868,0.951492537,-0.024856597,1.071428571,0.034482759,1.040816327,0.02,0.935779817,-0.033175355,1.040816327,0.02,0.754358162,-0.140018067,0.674220963,-0.194585448,0.777777778,-0.125,0.728943338,-0.156775908,0.888059701,-0.059288538,0.933333333,-0.034482759,0.971428571,-0.014492754,0.873394495,-0.067580803,0.971428571,-0.014492754,0.776545166,-0.125780553,0.694050992,-0.180602007,0.800653595,-0.110707804,0.750382848,-0.142607174,0.914179104,-0.044834308,0.960784314,-0.02,1.029411765,0.014492754,0.899082569,-0.053140097,1,0,0.863708399,-0.073129252,0.771954674,-0.128697042,0.890522876,-0.057908384,0.834609495,-0.09015025,1.016791045,0.008325624,1.068627451,0.033175355,1.144957983,0.067580803,1.112244898,0.053140097,1.112244898,0.053140097,0.776545166,-0.125780553,0.694050992,-0.180602007,0.800653595,-0.110707804,0.750382848,-0.142607174,0.914179104,-0.044834308,0.960784314,-0.02,1.029411765,0.014492754,1,0,0.899082569,-0.053140097
211,177,302,291,268,292,238,260,239,213,1.65,1.037800687,0.018549747,1.126865672,0.059649123,1.034246575,0.016835017,1.268907563,0.118518519,1.161538462,0.074733096,1.263598326,0.116451017,1.417840376,0.172815534,1.431279621,0.177387914,1.706214689,0.260960334,0.963576159,-0.018549747,1.085820896,0.041144902,0.996575342,-0.001715266,1.222689076,0.100189036,1.119230769,0.056261343,1.217573222,0.098113208,1.366197183,0.154761905,1.379146919,0.15936255,1.644067797,0.243589744,0.887417219,-0.059649123,0.920962199,-0.041144902,0.917808219,-0.042857143,1.12605042,0.059288538,1.030769231,0.015151515,1.121338912,0.057199211,1.258215962,0.114345114,1.27014218,0.118997912,1.514124294,0.204494382,0.966887417,-0.016835017,1.003436426,0.001715266,1.089552239,0.042857143,1.226890756,0.101886792,1.123076923,0.057971014,1.221757322,0.099811676,1.370892019,0.156435644,1.383886256,0.161033797,1.649717514,0.245202559,0.78807947,-0.118518519,0.817869416,-0.100189036,0.888059701,-0.059288538,0.815068493,-0.101886792,0.915384615,-0.044176707,0.9958159,-0.002096436,1.117370892,0.055432373,1.127962085,0.06013363,1.344632768,0.146987952,0.860927152,-0.074733096,0.89347079,-0.056261343,0.970149254,-0.015151515,0.890410959,-0.057971014,1.092436975,0.044176707,1.087866109,0.042084168,1.220657277,0.099365751,1.232227488,0.10403397,1.468926554,0.18993135,0.791390728,-0.116451017,0.821305842,-0.098113208,0.891791045,-0.057199211,0.818493151,-0.099811676,1.004201681,0.002096436,0.919230769,-0.042084168,1.122065728,0.057522124,1.132701422,0.062222222,1.350282486,0.149038462,0.705298013,-0.172815534,0.731958763,-0.154761905,0.794776119,-0.114345114,0.729452055,-0.156435644,0.894957983,-0.055432373,0.819230769,-0.099365751,0.891213389,-0.057522124,1.009478673,0.004716981,1.203389831,0.092307692,0.698675497,-0.177387914,0.725085911,-0.15936255,0.787313433,-0.118997912,0.72260274,-0.161033797,0.886554622,-0.06013363,0.811538462,-0.10403397,0.882845188,-0.062222222,0.990610329,-0.004716981,1.192090395,0.087628866,0.586092715,-0.260960334,0.608247423,-0.243589744,0.660447761,-0.204494382,0.606164384,-0.245202559,0.743697479,-0.146987952,0.680769231,-0.18993135,0.740585774,-0.149038462,0.830985915,-0.092307692,0.838862559,-0.087628866
297,238,358,381,394,389,286,292,321,294,2.9,0.939632546,-0.031123139,0.908629442,-0.04787234,0.920308483,-0.041499331,1.251748252,0.111801242,1.226027397,0.101538462,1.115264798,0.0544919,1.217687075,0.098159509,1.205387205,0.093129771,1.504201681,0.201342282,1.06424581,0.031123139,0.967005076,-0.016774194,0.979434447,-0.01038961,1.332167832,0.142428786,1.304794521,0.132243685,1.186915888,0.085470085,1.295918367,0.128888889,1.282828283,0.123893805,1.600840336,0.231017771,1.100558659,0.04787234,1.034120735,0.016774194,1.01285347,0.006385696,1.377622378,0.158823529,1.349315068,0.148688047,1.22741433,0.102097902,1.340136054,0.145348837,1.326599327,0.140376266,1.655462185,0.246835443,1.086592179,0.041499331,1.020997375,0.01038961,0.987309645,-0.006385696,1.36013986,0.152592593,1.332191781,0.142437592,1.211838006,0.095774648,1.323129252,0.13909224,1.30976431,0.134110787,1.634453782,0.240829346,0.798882682,-0.111801242,0.750656168,-0.142428786,0.725888325,-0.158823529,0.735218509,-0.152592593,0.979452055,-0.010380623,0.890965732,-0.057660626,0.972789116,-0.013793103,0.962962963,-0.018867925,1.201680672,0.091603053,0.815642458,-0.101538462,0.766404199,-0.132243685,0.741116751,-0.148688047,0.750642674,-0.142437592,1.020979021,0.010380623,0.909657321,-0.04730832,0.993197279,-0.003412969,0.983164983,-0.008488964,1.226890756,0.101886792,0.896648045,-0.0544919,0.842519685,-0.085470085,0.814720812,-0.102097902,0.825192802,-0.095774648,1.122377622,0.057660626,1.099315068,0.04730832,1.091836735,0.043902439,1.080808081,0.038834951,1.348739496,0.148479428,0.82122905,-0.098159509,0.771653543,-0.128888889,0.746192893,-0.145348837,0.755784062,-0.13909224,1.027972028,0.013793103,1.006849315,0.003412969,0.91588785,-0.043902439,0.98989899,-0.005076142,1.235294118,0.105263158,0.829608939,-0.093129771,0.779527559,-0.123893805,0.753807107,-0.140376266,0.763496144,-0.134110787,1.038461538,0.018867925,1.017123288,0.008488964,0.925233645,-0.038834951,1.010204082,0.005076142,1.24789916,0.110280374,0.664804469,-0.201342282,0.624671916,-0.231017771,0.604060914,-0.246835443,0.611825193,-0.240829346,0.832167832,-0.091603053,0.815068493,-0.101886792,0.741433022,-0.148479428,0.80952381,-0.105263158,0.801346801,-0.110280374
5450,4609,6909,6631,6542,7159,6807,6748,6312,6545,3.57,1.041924295,0.020531758,1.056099052,0.027284217,0.965078922,-0.017770827,1.014984575,0.00743657,1.023858921,0.011788826,1.094581749,0.045155435,1.055614973,0.027055151,1.267706422,0.118051622,1.499023649,0.199687446,0.959762628,-0.020531758,1.013604402,0.006756244,0.926246682,-0.038288615,0.974144263,-0.013097187,0.982661529,-0.008745048,1.050538657,0.024646527,1.013139801,0.006527019,1.216697248,0.097756808,1.438706878,0.179893238,0.94688088,-0.027284217,0.986578193,-0.006756244,0.913814779,-0.045033209,0.961069487,-0.019851674,0.969472436,-0.015500376,1.03643853,0.017893263,0.999541635,-0.000229235,1.200366972,0.091060707,1.419396832,0.173347682,1.036184687,0.017770827,1.079625999,0.038288615,1.094313666,0.045033209,1.051711473,0.025204067,1.060906935,0.029553462,1.134188847,0.062875807,1.09381207,0.044804437,1.313577982,0.135538108,1.55326535,0.216689327,0.985236648,-0.00743657,1.026542,0.013097187,1.04050749,0.019851674,0.950831122,-0.025204067,1.008743331,0.004352637,1.078422053,0.037731534,1.040030558,0.019622528,1.248990826,0.110712246,1.476893035,0.19253679,0.976697062,-0.011788826,1.017644398,0.008745048,1.031488841,0.015500376,0.942589747,-0.029553462,0.991332452,-0.004352637,1.069074778,0.03338438,1.031016043,0.015271195,1.238165138,0.106410887,1.464091994,0.188341992,0.913590968,-0.045155435,0.951892626,-0.024646527,0.964842556,-0.017893263,0.881687387,-0.062875807,0.92728074,-0.037731534,0.935388263,-0.03338438,0.964400306,-0.018122424,1.158165138,0.073286856,1.369494467,0.155938101,0.947315096,-0.027055151,0.987030614,-0.006527019,1.000458575,0.000229235,0.914233832,-0.044804437,0.96151021,-0.019622528,0.969917012,-0.015271195,1.036913815,0.018122424,1.200917431,0.091288037,1.420047733,0.17357002,0.788826169,-0.118051622,0.82189715,-0.097756808,0.833078569,-0.091060707,0.761279508,-0.135538108,0.800646393,-0.110712246,0.80764671,-0.106410887,0.863434728,-0.073286856,0.832696715,-0.091288037,1.182469082,0.08360672,0.667100883,-0.199687446,0.695068617,-0.179893238,0.70452461,-0.173347682,0.643805001,-0.216689327,0.677097106,-0.19253679,0.68301719,-0.188341992,0.730196451,-0.155938101,0.704201681,-0.17357002,0.845688073,-0.08360672
43,38,201,149,138,148,104,99,77,82,3.15,1.348993289,0.148571429,1.456521739,0.185840708,1.358108108,0.151862464,1.932692308,0.318032787,2.03030303,0.34,2.61038961,0.446043165,2.451219512,0.4204947,4.674418605,0.647540984,5.289473684,0.682008368,0.741293532,-0.148571429,1.079710145,0.038327526,1.006756757,0.003367003,1.432692308,0.177865613,1.505050505,0.201612903,1.935064935,0.318584071,1.817073171,0.29004329,3.465116279,0.552083333,3.921052632,0.593582888,0.686567164,-0.185840708,0.926174497,-0.038327526,0.932432432,-0.034965035,1.326923077,0.140495868,1.393939394,0.164556962,1.792207792,0.28372093,1.682926829,0.254545455,3.209302326,0.524861878,3.631578947,0.568181818,0.736318408,-0.151862464,0.993288591,-0.003367003,1.072463768,0.034965035,1.423076923,0.174603175,1.494949495,0.198380567,1.922077922,0.315555556,1.804878049,0.286956522,3.441860465,0.54973822,3.894736842,0.591397849,0.517412935,-0.318032787,0.697986577,-0.177865613,0.753623188,-0.140495868,0.702702703,-0.174603175,1.050505051,0.024630542,1.350649351,0.149171271,1.268292683,0.11827957,2.418604651,0.414965986,2.736842105,0.464788732,0.492537313,-0.34,0.66442953,-0.201612903,0.717391304,-0.164556962,0.668918919,-0.198380567,0.951923077,-0.024630542,1.285714286,0.125,1.207317073,0.093922652,2.302325581,0.394366197,2.605263158,0.445255474,0.383084577,-0.446043165,0.516778523,-0.318584071,0.557971014,-0.28372093,0.52027027,-0.315555556,0.740384615,-0.149171271,0.777777778,-0.125,0.93902439,-0.031446541,1.790697674,0.283333333,2.026315789,0.339130435,0.407960199,-0.4204947,0.55033557,-0.29004329,0.594202899,-0.254545455,0.554054054,-0.286956522,0.788461538,-0.11827957,0.828282828,-0.093922652,1.064935065,0.031446541,1.906976744,0.312,2.157894737,0.366666667,0.213930348,-0.647540984,0.288590604,-0.552083333,0.311594203,-0.524861878,0.290540541,-0.54973822,0.413461538,-0.414965986,0.434343434,-0.394366197,0.558441558,-0.283333333,0.524390244,-0.312,1.131578947,0.061728395,0.189054726,-0.682008368,0.255033557,-0.593582888,0.275362319,-0.568181818,0.256756757,-0.591397849,0.365384615,-0.464788732,0.383838384,-0.445255474,0.493506494,-0.339130435,0.463414634,-0.366666667,0.88372093,-0.061728395
44,29,33,48,75,62,15,15,13,23,2.06,0.6875,-0.185185185,0.44,-0.388888889,0.532258065,-0.305263158,2.2,0.375,2.2,0.375,2.538461538,0.434782609,1.434782609,0.178571429,0.75,-0.142857143,1.137931034,0.064516129,1.454545455,0.185185185,0.64,-0.219512195,0.774193548,-0.127272727,3.2,0.523809524,3.2,0.523809524,3.692307692,0.573770492,2.086956522,0.352112676,1.090909091,0.043478261,1.655172414,0.246753247,2.272727273,0.388888889,1.5625,0.219512195,1.209677419,0.094890511,5,0.666666667,5,0.666666667,5.769230769,0.704545455,3.260869565,0.530612245,1.704545455,0.260504202,2.586206897,0.442307692,1.878787879,0.305263158,1.291666667,0.127272727,0.826666667,-0.094890511,4.133333333,0.61038961,4.133333333,0.61038961,4.769230769,0.653333333,2.695652174,0.458823529,1.409090909,0.169811321,2.137931034,0.362637363,0.454545455,-0.375,0.3125,-0.523809524,0.2,-0.666666667,0.241935484,-0.61038961,1,0,1.153846154,0.071428571,0.652173913,-0.210526316,0.340909091,-0.491525424,0.517241379,-0.318181818,0.454545455,-0.375,0.3125,-0.523809524,0.2,-0.666666667,0.241935484,-0.61038961,1,0,1.153846154,0.071428571,0.652173913,-0.210526316,0.340909091,-0.491525424,0.517241379,-0.318181818,0.393939394,-0.434782609,0.270833333,-0.573770492,0.173333333,-0.704545455,0.209677419,-0.653333333,0.866666667,-0.071428571,0.866666667,-0.071428571,0.565217391,-0.277777778,0.295454545,-0.543859649,0.448275862,-0.380952381,0.696969697,-0.178571429,0.479166667,-0.352112676,0.306666667,-0.530612245,0.370967742,-0.458823529,1.533333333,0.210526316,1.533333333,0.210526316,1.769230769,0.277777778,0.522727273,-0.313432836,0.793103448,-0.115384615,1.333333333,0.142857143,0.916666667,-0.043478261,0.586666667,-0.260504202,0.709677419,-0.169811321,2.933333333,0.491525424,2.933333333,0.491525424,3.384615385,0.543859649,1.913043478,0.313432836,1.517241379,0.205479452,0.878787879,-0.064516129,0.604166667,-0.246753247,0.386666667,-0.442307692,0.467741935,-0.362637363,1.933333333,0.318181818,1.933333333,0.318181818,2.230769231,0.380952381,1.260869565,0.115384615,0.659090909,-0.205479452
34,33,22,94,64,40,7,9,6,5,1.02,0.234042553,-0.620689655,0.34375,-0.488372093,0.55,-0.290322581,3.142857143,0.517241379,2.444444444,0.419354839,3.666666667,0.571428571,4.4,0.62962963,0.647058824,-0.214285714,0.666666667,-0.2,4.272727273,0.620689655,1.46875,0.189873418,2.35,0.402985075,13.42857143,0.861386139,10.44444444,0.825242718,15.66666667,0.88,18.8,0.898989899,2.764705882,0.46875,2.848484848,0.480314961,2.909090909,0.488372093,0.680851064,-0.189873418,1.6,0.230769231,9.142857143,0.802816901,7.111111111,0.753424658,10.66666667,0.828571429,12.8,0.855072464,1.882352941,0.306122449,1.939393939,0.319587629,1.818181818,0.290322581,0.425531915,-0.402985075,0.625,-0.230769231,5.714285714,0.70212766,4.444444444,0.632653061,6.666666667,0.739130435,8,0.777777778,1.176470588,0.081081081,1.212121212,0.095890411,0.318181818,-0.517241379,0.074468085,-0.861386139,0.109375,-0.802816901,0.175,-0.70212766,0.777777778,-0.125,1.166666667,0.076923077,1.4,0.166666667,0.205882353,-0.658536585,0.212121212,-0.65,0.409090909,-0.419354839,0.095744681,-0.825242718,0.140625,-0.753424658,0.225,-0.632653061,1.285714286,0.125,1.5,0.2,1.8,0.285714286,0.264705882,-0.581395349,0.272727273,-0.571428571,0.272727273,-0.571428571,0.063829787,-0.88,0.09375,-0.828571429,0.15,-0.739130435,0.857142857,-0.076923077,0.666666667,-0.2,1.2,0.090909091,0.176470588,-0.7,0.181818182,-0.692307692,0.227272727,-0.62962963,0.053191489,-0.898989899,0.078125,-0.855072464,0.125,-0.777777778,0.714285714,-0.166666667,0.555555556,-0.285714286,0.833333333,-0.090909091,0.147058824,-0.743589744,0.151515152,-0.736842105,1.545454545,0.214285714,0.361702128,-0.46875,0.53125,-0.306122449,0.85,-0.081081081,4.857142857,0.658536585,3.777777778,0.581395349,5.666666667,0.7,6.8,0.743589744,1.03030303,0.014925373,1.5,0.2,0.35106383,-0.480314961,0.515625,-0.319587629,0.825,-0.095890411,4.714285714,0.65,3.666666667,0.571428571,5.5,0.692307692,6.6,0.736842105,0.970588235,-0.014925373
58,48,100,170,136,85,33,30,37,28,1.69,0.588235294,-0.259259259,0.735294118,-0.152542373,1.176470588,0.081081081,3.03030303,0.503759398,3.333333333,0.538461538,2.702702703,0.459854015,3.571428571,0.5625,1.724137931,0.265822785,2.083333333,0.351351351,1.7,0.259259259,1.25,0.111111111,2,0.333333333,5.151515152,0.674876847,5.666666667,0.7,4.594594595,0.642512077,6.071428571,0.717171717,2.931034483,0.49122807,3.541666667,0.559633028,1.36,0.152542373,0.8,-0.111111111,1.6,0.230769231,4.121212121,0.609467456,4.533333333,0.638554217,3.675675676,0.572254335,4.857142857,0.658536585,2.344827586,0.402061856,2.833333333,0.47826087,0.85,-0.081081081,0.5,-0.333333333,0.625,-0.230769231,2.575757576,0.440677966,2.833333333,0.47826087,2.297297297,0.393442623,3.035714286,0.504424779,1.465517241,0.188811189,1.770833333,0.278195489,0.33,-0.503759398,0.194117647,-0.674876847,0.242647059,-0.609467456,0.388235294,-0.440677966,1.1,0.047619048,0.891891892,-0.057142857,1.178571429,0.081967213,0.568965517,-0.274725275,0.6875,-0.185185185,0.3,-0.538461538,0.176470588,-0.7,0.220588235,-0.638554217,0.352941176,-0.47826087,0.909090909,-0.047619048,0.810810811,-0.104477612,1.071428571,0.034482759,0.517241379,-0.318181818,0.625,-0.230769231,0.37,-0.459854015,0.217647059,-0.642512077,0.272058824,-0.572254335,0.435294118,-0.393442623,1.121212121,0.057142857,1.233333333,0.104477612,1.321428571,0.138461538,0.637931034,-0.221052632,0.770833333,-0.129411765,0.28,-0.5625,0.164705882,-0.717171717,0.205882353,-0.658536585,0.329411765,-0.504424779,0.848484848,-0.081967213,0.933333333,-0.034482759,0.756756757,-0.138461538,0.482758621,-0.348837209,0.583333333,-0.263157895,0.58,-0.265822785,0.341176471,-0.49122807,0.426470588,-0.402061856,0.682352941,-0.188811189,1.757575758,0.274725275,1.933333333,0.318181818,1.567567568,0.221052632,2.071428571,0.348837209,1.208333333,0.094339623,0.48,-0.351351351,0.282352941,-0.559633028,0.352941176,-0.47826087,0.564705882,-0.278195489,1.454545455,0.185185185,1.6,0.230769231,1.297297297,0.129411765,1.714285714,0.263157895,0.827586207,-0.094339623
80,59,130,170,157,163,74,145,66,81,2.01,0.764705882,-0.133333333,0.828025478,-0.094076655,0.797546012,-0.112627986,1.756756757,0.274509804,0.896551724,-0.054545455,1.96969697,0.326530612,1.604938272,0.232227488,1.625,0.238095238,2.203389831,0.375661376,1.307692308,0.133333333,1.082802548,0.039755352,1.042944785,0.021021021,2.297297297,0.393442623,1.172413793,0.079365079,2.575757576,0.440677966,2.098765432,0.354581673,2.125,0.36,2.881355932,0.484716157,1.207692308,0.094076655,0.923529412,-0.039755352,0.963190184,-0.01875,2.121621622,0.359307359,1.082758621,0.039735099,2.378787879,0.408071749,1.938271605,0.319327731,1.9625,0.324894515,2.661016949,0.453703704,1.253846154,0.112627986,0.958823529,-0.021021021,1.038216561,0.01875,2.202702703,0.375527426,1.124137931,0.058441558,2.46969697,0.423580786,2.012345679,0.336065574,2.0375,0.341563786,2.762711864,0.468468468,0.569230769,-0.274509804,0.435294118,-0.393442623,0.47133758,-0.359307359,0.45398773,-0.375527426,0.510344828,-0.324200913,1.121212121,0.057142857,0.913580247,-0.04516129,0.925,-0.038961039,1.254237288,0.112781955,1.115384615,0.054545455,0.852941176,-0.079365079,0.923566879,-0.039735099,0.889570552,-0.058441558,1.959459459,0.324200913,2.196969697,0.374407583,1.790123457,0.283185841,1.8125,0.288888889,2.457627119,0.421568627,0.507692308,-0.326530612,0.388235294,-0.440677966,0.420382166,-0.408071749,0.404907975,-0.423580786,0.891891892,-0.057142857,0.455172414,-0.374407583,0.814814815,-0.102040816,0.825,-0.095890411,1.118644068,0.056,0.623076923,-0.232227488,0.476470588,-0.354581673,0.515923567,-0.319327731,0.496932515,-0.336065574,1.094594595,0.04516129,0.55862069,-0.283185841,1.227272727,0.102040816,1.0125,0.00621118,1.372881356,0.157142857,0.615384615,-0.238095238,0.470588235,-0.36,0.50955414,-0.324894515,0.490797546,-0.341563786,1.081081081,0.038961039,0.551724138,-0.288888889,1.212121212,0.095890411,0.987654321,-0.00621118,1.355932203,0.151079137,0.453846154,-0.375661376,0.347058824,-0.484716157,0.375796178,-0.453703704,0.36196319,-0.468468468,0.797297297,-0.112781955,0.406896552,-0.421568627,0.893939394,-0.056,0.728395062,-0.157142857,0.7375,-0.151079137
70,62,102,235,184,125,32,54,48,68,3.14,0.434042553,-0.394658754,0.554347826,-0.286713287,0.816,-0.101321586,3.1875,0.52238806,1.888888889,0.307692308,2.125,0.36,1.5,0.2,1.457142857,0.186046512,1.64516129,0.243902439,2.303921569,0.394658754,1.277173913,0.121718377,1.88,0.305555556,7.34375,0.760299625,4.351851852,0.626297578,4.895833333,0.660777385,3.455882353,0.551155116,3.357142857,0.540983607,3.790322581,0.582491582,1.803921569,0.286713287,0.782978723,-0.121718377,1.472,0.190938511,5.75,0.703703704,3.407407407,0.546218487,3.833333333,0.586206897,2.705882353,0.46031746,2.628571429,0.448818898,2.967741935,0.495934959,1.225490196,0.101321586,0.531914894,-0.305555556,0.679347826,-0.190938511,3.90625,0.592356688,2.314814815,0.396648045,2.604166667,0.445086705,1.838235294,0.295336788,1.785714286,0.282051282,2.016129032,0.336898396,0.31372549,-0.52238806,0.136170213,-0.760299625,0.173913043,-0.703703704,0.256,-0.592356688,0.592592593,-0.255813953,0.666666667,-0.2,0.470588235,-0.36,0.457142857,-0.37254902,0.516129032,-0.319148936,0.529411765,-0.307692308,0.229787234,-0.626297578,0.293478261,-0.546218487,0.432,-0.396648045,1.6875,0.255813953,1.125,0.058823529,0.794117647,-0.114754098,0.771428571,-0.129032258,0.870967742,-0.068965517,0.470588235,-0.36,0.204255319,-0.660777385,0.260869565,-0.586206897,0.384,-0.445086705,1.5,0.2,0.888888889,-0.058823529,0.705882353,-0.172413793,0.685714286,-0.186440678,0.774193548,-0.127272727,0.666666667,-0.2,0.289361702,-0.551155116,0.369565217,-0.46031746,0.544,-0.295336788,2.125,0.36,1.259259259,0.114754098,1.416666667,0.172413793,0.971428571,-0.014492754,1.096774194,0.046153846,0.68627451,-0.186046512,0.29787234,-0.540983607,0.380434783,-0.448818898,0.56,-0.282051282,2.1875,0.37254902,1.296296296,0.129032258,1.458333333,0.186440678,1.029411765,0.014492754,1.129032258,0.060606061,0.607843137,-0.243902439,0.263829787,-0.582491582,0.336956522,-0.495934959,0.496,-0.336898396,1.9375,0.319148936,1.148148148,0.068965517,1.291666667,0.127272727,0.911764706,-0.046153846,0.885714286,-0.060606061
64,68,175,298,138,86,9,36,26,22,2.36,0.587248322,-0.260042283,1.268115942,0.118210863,2.034883721,0.340996169,19.44444444,0.902173913,4.861111111,0.658767773,6.730769231,0.741293532,7.954545455,0.776649746,2.734375,0.464435146,2.573529412,0.440329218,1.702857143,0.260042283,2.15942029,0.366972477,3.465116279,0.552083333,33.11111111,0.941368078,8.277777778,0.784431138,11.46153846,0.839506173,13.54545455,0.8625,4.65625,0.64640884,4.382352941,0.628415301,0.788571429,-0.118210863,0.463087248,-0.366972477,1.604651163,0.232142857,15.33333333,0.87755102,3.833333333,0.586206897,5.307692308,0.682926829,6.272727273,0.725,2.15625,0.366336634,2.029411765,0.339805825,0.491428571,-0.340996169,0.288590604,-0.552083333,0.623188406,-0.232142857,9.555555556,0.810526316,2.388888889,0.409836066,3.307692308,0.535714286,3.909090909,0.592592593,1.34375,0.146666667,1.264705882,0.116883117,0.051428571,-0.902173913,0.030201342,-0.941368078,0.065217391,-0.87755102,0.104651163,-0.810526316,0.25,-0.6,0.346153846,-0.485714286,0.409090909,-0.419354839,0.140625,-0.753424658,0.132352941,-0.766233766,0.205714286,-0.658767773,0.120805369,-0.784431138,0.260869565,-0.586206897,0.418604651,-0.409836066,4,0.6,1.384615385,0.161290323,1.636363636,0.24137931,0.5625,-0.28,0.529411765,-0.307692308,0.148571429,-0.741293532,0.087248322,-0.839506173,0.188405797,-0.682926829,0.302325581,-0.535714286,2.888888889,0.485714286,0.722222222,-0.161290323,1.181818182,0.083333333,0.40625,-0.422222222,0.382352941,-0.446808511,0.125714286,-0.776649746,0.073825503,-0.8625,0.15942029,-0.725,0.255813953,-0.592592593,2.444444444,0.419354839,0.611111111,-0.24137931,0.846153846,-0.083333333,0.34375,-0.488372093,0.323529412,-0.511111111,0.365714286,-0.464435146,0.214765101,-0.64640884,0.463768116,-0.366336634,0.744186047,-0.146666667,7.111111111,0.753424658,1.777777778,0.28,2.461538462,0.422222222,2.909090909,0.488372093,0.941176471,-0.03030303,0.388571429,-0.440329218,0.228187919,-0.628415301,0.492753623,-0.339805825,0.790697674,-0.116883117,7.555555556,0.766233766,1.888888889,0.307692308,2.615384615,0.446808511,3.090909091,0.511111111,1.0625,0.03030303
122,91,180,319,178,264,66,150,59,101,2.41,0.564263323,-0.278557114,1.011235955,0.005586592,0.681818182,-0.189189189,2.727272727,0.463414634,1.2,0.090909091,3.050847458,0.506276151,1.782178218,0.28113879,1.475409836,0.19205298,1.978021978,0.328413284,1.772222222,0.278557114,1.792134831,0.283702213,1.208333333,0.094339623,4.833333333,0.657142857,2.126666667,0.360341151,5.406779661,0.687830688,3.158415842,0.519047619,2.614754098,0.446712018,3.505494505,0.556097561,0.988888889,-0.005586592,0.55799373,-0.283702213,0.674242424,-0.194570136,2.696969697,0.459016393,1.186666667,0.085365854,3.016949153,0.502109705,1.762376238,0.275985663,1.459016393,0.186666667,1.956043956,0.323420074,1.466666667,0.189189189,0.827586207,-0.094339623,1.483146067,0.194570136,4,0.6,1.76,0.275362319,4.474576271,0.634674923,2.613861386,0.446575342,2.163934426,0.367875648,2.901098901,0.487323944,0.366666667,-0.463414634,0.206896552,-0.657142857,0.370786517,-0.459016393,0.25,-0.6,0.44,-0.388888889,1.118644068,0.056,0.653465347,-0.209580838,0.540983607,-0.29787234,0.725274725,-0.159235669,0.833333333,-0.090909091,0.470219436,-0.360341151,0.842696629,-0.085365854,0.568181818,-0.275362319,2.272727273,0.388888889,2.542372881,0.435406699,1.485148515,0.195219124,1.229508197,0.102941176,1.648351648,0.244813278,0.327777778,-0.506276151,0.184952978,-0.687830688,0.331460674,-0.502109705,0.223484848,-0.634674923,0.893939394,-0.056,0.393333333,-0.435406699,0.584158416,-0.2625,0.483606557,-0.348066298,0.648351648,-0.213333333,0.561111111,-0.28113879,0.31661442,-0.519047619,0.56741573,-0.275985663,0.382575758,-0.446575342,1.53030303,0.209580838,0.673333333,-0.195219124,1.711864407,0.2625,0.827868852,-0.094170404,1.10989011,0.052083333,0.677777778,-0.19205298,0.382445141,-0.446712018,0.685393258,-0.186666667,0.462121212,-0.367875648,1.848484848,0.29787234,0.813333333,-0.102941176,2.06779661,0.348066298,1.207920792,0.094170404,1.340659341,0.145539906,0.505555556,-0.328413284,0.285266458,-0.556097561,0.511235955,-0.323420074,0.34469697,-0.487323944,1.378787879,0.159235669,0.606666667,-0.244813278,1.542372881,0.213333333,0.900990099,-0.052083333,0.745901639,-0.145539906
963,856,1081,1322,1179,1137,943,944,911,916,3.05,0.817700454,-0.100291303,0.916878711,-0.043362832,0.950747581,-0.025247971,1.146341463,0.068181818,1.145127119,0.067654321,1.186608123,0.085341365,1.180131004,0.082623936,1.122533749,0.057729941,1.262850467,0.116159009,1.222941721,0.100291303,1.121289228,0.057177129,1.162708883,0.075233835,1.401908802,0.167328918,1.400423729,0.166813769,1.45115258,0.184057322,1.443231441,0.181411975,1.372793354,0.157111597,1.544392523,0.213957759,1.090656799,0.043362832,0.89183056,-0.057177129,1.036939314,0.018134715,1.250265111,0.111215834,1.248940678,0.110692416,1.294182217,0.128229665,1.287117904,0.125536993,1.224299065,0.100840336,1.377336449,0.158722359,1.051803885,0.025247971,0.860060514,-0.075233835,0.96437659,-0.018134715,1.205726405,0.093269231,1.204449153,0.092743873,1.248079034,0.110351563,1.241266376,0.107647345,1.180685358,0.082857143,1.328271028,0.140993477,0.872340426,-0.068181818,0.713313162,-0.167328918,0.799830365,-0.111215834,0.82937555,-0.093269231,0.998940678,-0.000529942,1.035126235,0.017259978,1.029475983,0.014523938,0.979231568,-0.010493179,1.101635514,0.0483602,0.873265495,-0.067654321,0.714069592,-0.166813769,0.800678541,-0.110692416,0.830255057,-0.092743873,1.001060445,0.000529942,1.03622393,0.017789757,1.030567686,0.015053763,0.98026999,-0.009963293,1.102803738,0.048888889,0.842738205,-0.085341365,0.689107413,-0.184057322,0.772688719,-0.128229665,0.80123131,-0.110351563,0.966065748,-0.017259978,0.965042373,-0.017789757,0.994541485,-0.002736727,0.946002077,-0.027748132,1.064252336,0.031126203,0.847363552,-0.082623936,0.692889561,-0.181411975,0.776929601,-0.125536993,0.805628848,-0.107647345,0.971367975,-0.014523938,0.970338983,-0.015053763,1.005488474,0.002736727,0.951194185,-0.025013305,1.070093458,0.033860045,0.890841813,-0.057729941,0.728441755,-0.157111597,0.816793893,-0.100840336,0.846965699,-0.082857143,1.021208908,0.010493179,1.020127119,0.009963293,1.057080132,0.027748132,1.051310044,0.025013305,1.125,0.058823529,0.791859389,-0.116159009,0.647503782,-0.213957759,0.726039016,-0.158722359,0.752858399,-0.140993477,0.907741251,-0.0483602,0.906779661,-0.048888889,0.939626784,-0.031126203,0.934497817,-0.033860045,0.888888889,-0.058823529
778,700,989,1064,1032,1141,880,837,770,805,3.89,0.929511278,-0.036531905,0.958333333,-0.021276596,0.866783523,-0.071361502,1.123863636,0.058319957,1.181600956,0.083242059,1.284415584,0.124502558,1.228571429,0.102564103,1.271208226,0.119411432,1.412857143,0.171107164,1.075834176,0.036531905,1.031007752,0.015267176,0.932515337,-0.034920635,1.209090909,0.094650206,1.271206691,0.119410836,1.381818182,0.160305344,1.32173913,0.138576779,1.367609254,0.155266015,1.52,0.206349206,1.043478261,0.021276596,0.969924812,-0.015267176,0.904469763,-0.050161068,1.172727273,0.079497908,1.23297491,0.104333868,1.34025974,0.145394007,1.281987578,0.12357104,1.326478149,0.140331492,1.474285714,0.191685912,1.153690597,0.071361502,1.072368421,0.034920635,1.105620155,0.050161068,1.296590909,0.129143988,1.363201912,0.153690597,1.481818182,0.194139194,1.417391304,0.172661871,1.466580977,0.189161021,1.63,0.239543726,0.889787664,-0.058319957,0.827067669,-0.094650206,0.852713178,-0.079497908,0.771253287,-0.129143988,1.051373955,0.025043681,1.142857143,0.066666667,1.093167702,0.044510386,1.131105398,0.061519903,1.257142857,0.113924051,0.846309403,-0.083242059,0.786654135,-0.119410836,0.811046512,-0.104333868,0.733567046,-0.153690597,0.951136364,-0.025043681,1.087012987,0.041692595,1.039751553,0.019488429,1.075835476,0.036532508,1.195714286,0.089134678,0.778564206,-0.124502558,0.723684211,-0.160305344,0.746124031,-0.145394007,0.674846626,-0.194139194,0.875,-0.066666667,0.91995221,-0.041692595,0.956521739,-0.022222222,0.989717224,-0.005167959,1.1,0.047619048,0.813953488,-0.102564103,0.756578947,-0.138576779,0.78003876,-0.12357104,0.705521472,-0.172661871,0.914772727,-0.044510386,0.96176822,-0.019488429,1.045454545,0.022222222,1.03470437,0.017056222,1.15,0.069767442,0.786653185,-0.119411432,0.731203008,-0.155266015,0.753875969,-0.140331492,0.681858019,-0.189161021,0.884090909,-0.061519903,0.929510155,-0.036532508,1.01038961,0.005167959,0.966459627,-0.017056222,1.111428571,0.052774019,0.707785642,-0.171107164,0.657894737,-0.206349206,0.678294574,-0.191685912,0.613496933,-0.239543726,0.795454545,-0.113924051,0.836320191,-0.089134678,0.909090909,-0.047619048,0.869565217,-0.069767442,0.899742931,-0.052774019
21,19,181,386,299,256,36,31,22,6,4.42,0.468911917,-0.361552028,0.605351171,-0.245833333,0.70703125,-0.171624714,5.027777778,0.668202765,5.838709677,0.70754717,8.227272727,0.783251232,30.16666667,0.935828877,8.619047619,0.792079208,9.526315789,0.81,2.132596685,0.361552028,1.2909699,0.127007299,1.5078125,0.202492212,10.72222222,0.829383886,12.4516129,0.851318945,17.54545455,0.892156863,64.33333333,0.969387755,18.38095238,0.896805897,20.31578947,0.90617284,1.651933702,0.245833333,0.774611399,-0.127007299,1.16796875,0.077477477,8.305555556,0.785074627,9.64516129,0.812121212,13.59090909,0.862928349,49.83333333,0.960655738,14.23809524,0.86875,15.73684211,0.880503145,1.414364641,0.171624714,0.663212435,-0.202492212,0.856187291,-0.077477477,7.111111111,0.753424658,8.258064516,0.783972125,11.63636364,0.841726619,42.66666667,0.954198473,12.19047619,0.848375451,13.47368421,0.861818182,0.198895028,-0.668202765,0.093264249,-0.829383886,0.120401338,-0.785074627,0.140625,-0.753424658,1.161290323,0.074626866,1.636363636,0.24137931,6,0.714285714,1.714285714,0.263157895,1.894736842,0.309090909,0.171270718,-0.70754717,0.080310881,-0.851318945,0.10367893,-0.812121212,0.12109375,-0.783972125,0.861111111,-0.074626866,1.409090909,0.169811321,5.166666667,0.675675676,1.476190476,0.192307692,1.631578947,0.24,0.121546961,-0.783251232,0.056994819,-0.892156863,0.073578595,-0.862928349,0.0859375,-0.841726619,0.611111111,-0.24137931,0.709677419,-0.169811321,3.666666667,0.571428571,1.047619048,0.023255814,1.157894737,0.073170732,0.033149171,-0.935828877,0.015544041,-0.969387755,0.02006689,-0.960655738,0.0234375,-0.954198473,0.166666667,-0.714285714,0.193548387,-0.675675676,0.272727273,-0.571428571,0.285714286,-0.555555556,0.315789474,-0.52,0.116022099,-0.792079208,0.054404145,-0.896805897,0.070234114,-0.86875,0.08203125,-0.848375451,0.583333333,-0.263157895,0.677419355,-0.192307692,0.954545455,-0.023255814,3.5,0.555555556,1.105263158,0.05,0.104972376,-0.81,0.049222798,-0.90617284,0.063545151,-0.880503145,0.07421875,-0.861818182,0.527777778,-0.309090909,0.612903226,-0.24,0.863636364,-0.073170732,3.166666667,0.52,0.904761905,-0.05
71,75,366,594,267,178,14,18,27,18,4.87,0.616161616,-0.2375,1.370786517,0.156398104,2.056179775,0.345588235,26.14285714,0.926315789,20.33333333,0.90625,13.55555556,0.86259542,20.33333333,0.90625,5.154929577,0.675057208,4.88,0.659863946,1.62295082,0.2375,2.224719101,0.379790941,3.337078652,0.538860104,42.42857143,0.953947368,33,0.941176471,22,0.913043478,33,0.941176471,8.366197183,0.786466165,7.92,0.775784753,0.729508197,-0.156398104,0.449494949,-0.379790941,1.5,0.2,19.07142857,0.900355872,14.83333333,0.873684211,9.888888889,0.816326531,14.83333333,0.873684211,3.76056338,0.579881657,3.56,0.561403509,0.486338798,-0.345588235,0.2996633,-0.538860104,0.666666667,-0.2,12.71428571,0.854166667,9.888888889,0.816326531,6.592592593,0.736585366,9.888888889,0.816326531,2.507042254,0.429718876,2.373333333,0.407114625,0.038251366,-0.926315789,0.023569024,-0.953947368,0.052434457,-0.900355872,0.078651685,-0.854166667,0.777777778,-0.125,0.518518519,-0.317073171,0.777777778,-0.125,0.197183099,-0.670588235,0.186666667,-0.685393258,0.049180328,-0.90625,0.03030303,-0.941176471,0.06741573,-0.873684211,0.101123596,-0.816326531,1.285714286,0.125,0.666666667,-0.2,1,0,0.253521127,-0.595505618,0.24,-0.612903226,0.073770492,-0.86259542,0.045454545,-0.913043478,0.101123596,-0.816326531,0.151685393,-0.736585366,1.928571429,0.317073171,1.5,0.2,1.5,0.2,0.38028169,-0.448979592,0.36,-0.470588235,0.049180328,-0.90625,0.03030303,-0.941176471,0.06741573,-0.873684211,0.101123596,-0.816326531,1.285714286,0.125,1,0,0.666666667,-0.2,0.253521127,-0.595505618,0.24,-0.612903226,0.193989071,-0.675057208,0.11952862,-0.786466165,0.265917603,-0.579881657,0.398876404,-0.429718876,5.071428571,0.670588235,3.944444444,0.595505618,2.62962963,0.448979592,3.944444444,0.595505618,0.946666667,-0.02739726,0.204918033,-0.659863946,0.126262626,-0.775784753,0.280898876,-0.561403509,0.421348315,-0.407114625,5.357142857,0.685393258,4.166666667,0.612903226,2.777777778,0.470588235,4.166666667,0.612903226,1.056338028,0.02739726
913,846,1232,1480,1188,1160,895,926,796,907,7.35,0.832432432,-0.091445428,1.037037037,0.018181818,1.062068966,0.030100334,1.376536313,0.158439116,1.330453564,0.141797961,1.547738693,0.214990138,1.358324146,0.151940159,1.34939759,0.148717949,1.456264775,0.185755534,1.201298701,0.091445428,1.245791246,0.109445277,1.275862069,0.121212121,1.653631285,0.246315789,1.598272138,0.230257689,1.859296482,0.300527241,1.631753032,0.240050272,1.621029573,0.236941078,1.749408983,0.272570937,0.964285714,-0.018181818,0.802702703,-0.109445277,1.024137931,0.011925043,1.327374302,0.140662506,1.282937365,0.123935667,1.492462312,0.197580645,1.309812569,0.134128878,1.301204819,0.130890052,1.404255319,0.168141593,0.941558442,-0.030100334,0.783783784,-0.121212121,0.976430976,-0.011925043,1.296089385,0.128953771,1.252699784,0.112176414,1.457286432,0.18609407,1.278941566,0.122399613,1.270536692,0.119150989,1.371158392,0.156530409,0.726461039,-0.158439116,0.60472973,-0.246315789,0.753367003,-0.140662506,0.771551724,-0.128953771,0.966522678,-0.017023613,1.124371859,0.05854524,0.98676957,-0.006659267,0.980284775,-0.009955752,1.057919622,0.028144744,0.751623377,-0.141797961,0.625675676,-0.230257689,0.779461279,-0.123935667,0.798275862,-0.112176414,1.034636872,0.017023613,1.163316583,0.075493612,1.020948181,0.010365521,1.014238773,0.007069059,1.094562648,0.045146727,0.646103896,-0.214990138,0.537837838,-0.300527241,0.67003367,-0.197580645,0.686206897,-0.18609407,0.889385475,-0.05854524,0.859611231,-0.075493612,0.877618523,-0.065179096,0.871851041,-0.068461088,0.940898345,-0.03045067,0.736201299,-0.151940159,0.612837838,-0.240050272,0.763468013,-0.134128878,0.781896552,-0.122399613,1.013407821,0.006659267,0.979481641,-0.010365521,1.139447236,0.065179096,0.993428258,-0.003296703,1.072104019,0.03479749,0.741071429,-0.148717949,0.616891892,-0.236941078,0.768518519,-0.130890052,0.787068966,-0.119150989,1.020111732,0.009955752,0.985961123,-0.007069059,1.146984925,0.068461088,1.006615215,0.003296703,1.079196217,0.038089824,0.686688312,-0.185755534,0.571621622,-0.272570937,0.712121212,-0.168141593,0.729310345,-0.156530409,0.945251397,-0.028144744,0.913606911,-0.045146727,1.06281407,0.03045067,0.932745314,-0.03479749,0.926615553,-0.038089824
104,61,507,418,368,463,363,354,254,249,9.14,1.21291866,0.096216216,1.377717391,0.158857143,1.095032397,0.045360825,1.396694215,0.165517241,1.43220339,0.177700348,1.996062992,0.332457293,2.036144578,0.341269841,4.875,0.659574468,8.31147541,0.785211268,0.824457594,-0.096216216,1.135869565,0.063613232,0.902807775,-0.05107832,1.151515152,0.070422535,1.18079096,0.082901554,1.645669291,0.244047619,1.678714859,0.253373313,4.019230769,0.601532567,6.852459016,0.745302714,0.725838264,-0.158857143,0.880382775,-0.063613232,0.794816415,-0.114320096,1.013774105,0.006839945,1.039548023,0.019390582,1.448818898,0.183279743,1.477911647,0.19286872,3.538461538,0.559322034,6.032786885,0.715617716,0.91321499,-0.045360825,1.107655502,0.05107832,1.258152174,0.114320096,1.275482094,0.121065375,1.307909605,0.133414933,1.822834646,0.291492329,1.859437751,0.300561798,4.451923077,0.633156966,7.590163934,0.767175573,0.715976331,-0.165517241,0.868421053,-0.070422535,0.986413043,-0.006839945,0.784017279,-0.121065375,1.025423729,0.012552301,1.429133858,0.176661264,1.457831325,0.18627451,3.490384615,0.554603854,5.950819672,0.712264151,0.698224852,-0.177700348,0.846889952,-0.082901554,0.961956522,-0.019390582,0.764578834,-0.133414933,0.975206612,-0.012552301,1.393700787,0.164473684,1.421686747,0.174129353,3.403846154,0.545851528,5.803278689,0.706024096,0.500986193,-0.332457293,0.607655502,-0.244047619,0.690217391,-0.183279743,0.548596112,-0.291492329,0.699724518,-0.176661264,0.717514124,-0.164473684,1.020080321,0.009940358,2.442307692,0.418994413,4.163934426,0.612698413,0.49112426,-0.341269841,0.59569378,-0.253373313,0.676630435,-0.19286872,0.537796976,-0.300561798,0.685950413,-0.18627451,0.703389831,-0.174129353,0.980314961,-0.009940358,2.394230769,0.410764873,4.081967213,0.606451613,0.205128205,-0.659574468,0.248803828,-0.601532567,0.282608696,-0.559322034,0.22462203,-0.633156966,0.286501377,-0.554603854,0.293785311,-0.545851528,0.409448819,-0.418994413,0.417670683,-0.410764873,1.704918033,0.260606061,0.120315582,-0.785211268,0.145933014,-0.745302714,0.16576087,-0.715617716,0.13174946,-0.767175573,0.168044077,-0.712264151,0.172316384,-0.706024096,0.24015748,-0.612698413,0.24497992,-0.606451613,0.586538462,-0.260606061
5525,5245,7531,7284,7060,7616,7084,6798,6671,6491,4.66,1.03390994,0.016672292,1.066713881,0.032280173,0.988839286,-0.005611672,1.063099944,0.030585015,1.107825831,0.051155,1.128916204,0.060554851,1.160221846,0.074169163,1.363076923,0.153645833,1.435843661,0.178929242,0.967202231,-0.016672292,1.031728045,0.015616286,0.956407563,-0.022281879,1.028232637,0.013919822,1.071491615,0.034512143,1.091890271,0.043926908,1.122169157,0.057568058,1.318371041,0.137325318,1.388751192,0.162742438,0.937458505,-0.032280173,0.969247666,-0.015616286,0.926995798,-0.037884982,0.996612084,-0.001696833,1.038540747,0.018906047,1.058312097,0.028330056,1.087659837,0.041989521,1.277828054,0.1219706,1.346043851,0.147501016,1.011286682,0.005611672,1.045579352,0.022281879,1.078753541,0.037884982,1.075098814,0.036190476,1.120329509,0.056750382,1.141657922,0.066144047,1.1733169,0.079747643,1.378461538,0.15912031,1.452049571,0.184355804,0.940645333,-0.030585015,0.972542559,-0.013919822,1.003399433,0.001696833,0.930147059,-0.036190476,1.042071197,0.020602219,1.061909759,0.030025445,1.091357264,0.043683241,1.282171946,0.123641843,1.350619638,0.149160516,0.902668968,-0.051155,0.933278418,-0.034512143,0.962889518,-0.018906047,0.892594538,-0.056750382,0.959627329,-0.020602219,1.019037626,0.009429059,1.047296256,0.023101814,1.23040724,0.103302767,1.296091516,0.128954579,0.885805338,-0.060554851,0.915842943,-0.043926908,0.94490085,-0.028330056,0.875919118,-0.066144047,0.941699605,-0.030025445,0.981318035,-0.009429059,1.027730704,0.013675733,1.207420814,0.093965235,1.271877979,0.119671031,0.86190413,-0.074169163,0.891131247,-0.057568058,0.919405099,-0.041989521,0.852284664,-0.079747643,0.916290232,-0.043683241,0.954839659,-0.023101814,0.973017539,-0.013675733,1.174841629,0.08039281,1.237559581,0.106169052,0.733634312,-0.153645833,0.758511807,-0.137325318,0.782577904,-0.1219706,0.725446429,-0.15912031,0.779926595,-0.123641843,0.812739041,-0.103302767,0.828211662,-0.093965235,0.851178555,-0.08039281,1.053384175,0.025998143,0.696454654,-0.178929242,0.720071389,-0.162742438,0.742917847,-0.147501016,0.688681723,-0.184355804,0.740400903,-0.149160516,0.771550456,-0.128954579,0.786238945,-0.119671031,0.808041904,-0.106169052,0.949321267,-0.025998143
48,44,78,69,88,76,11,29,12,9,2.71,1.130434783,0.06122449,0.886363636,-0.060240964,1.026315789,0.012987013,7.090909091,0.752808989,2.689655172,0.457943925,6.5,0.733333333,8.666666667,0.793103448,1.625,0.238095238,1.772727273,0.278688525,0.884615385,-0.06122449,0.784090909,-0.121019108,0.907894737,-0.048275862,6.272727273,0.725,2.379310345,0.408163265,5.75,0.703703704,7.666666667,0.769230769,1.4375,0.179487179,1.568181818,0.221238938,1.128205128,0.060240964,1.275362319,0.121019108,1.157894737,0.073170732,8,0.777777778,3.034482759,0.504273504,7.333333333,0.76,9.777777778,0.81443299,1.833333333,0.294117647,2,0.333333333,0.974358974,-0.012987013,1.101449275,0.048275862,0.863636364,-0.073170732,6.909090909,0.747126437,2.620689655,0.447619048,6.333333333,0.727272727,8.444444444,0.788235294,1.583333333,0.225806452,1.727272727,0.266666667,0.141025641,-0.752808989,0.15942029,-0.725,0.125,-0.777777778,0.144736842,-0.747126437,0.379310345,-0.45,0.916666667,-0.043478261,1.222222222,0.1,0.229166667,-0.627118644,0.25,-0.6,0.371794872,-0.457943925,0.420289855,-0.408163265,0.329545455,-0.504273504,0.381578947,-0.447619048,2.636363636,0.45,2.416666667,0.414634146,3.222222222,0.526315789,0.604166667,-0.246753247,0.659090909,-0.205479452,0.153846154,-0.733333333,0.173913043,-0.703703704,0.136363636,-0.76,0.157894737,-0.727272727,1.090909091,0.043478261,0.413793103,-0.414634146,1.333333333,0.142857143,0.25,-0.6,0.272727273,-0.571428571,0.115384615,-0.793103448,0.130434783,-0.769230769,0.102272727,-0.81443299,0.118421053,-0.788235294,0.818181818,-0.1,0.310344828,-0.526315789,0.75,-0.142857143,0.1875,-0.684210526,0.204545455,-0.660377358,0.615384615,-0.238095238,0.695652174,-0.179487179,0.545454545,-0.294117647,0.631578947,-0.225806452,4.363636364,0.627118644,1.655172414,0.246753247,4,0.6,5.333333333,0.684210526,1.090909091,0.043478261,0.564102564,-0.278688525,0.637681159,-0.221238938,0.5,-0.333333333,0.578947368,-0.266666667,4,0.6,1.517241379,0.205479452,3.666666667,0.571428571,4.888888889,0.660377358,0.916666667,-0.043478261
1056,949,1108,1219,1191,1261,1090,1058,969,1014,3.96,0.908941756,-0.047700902,0.930310663,-0.036102653,0.878667724,-0.064584213,1.016513761,0.008189263,1.047258979,0.023084026,1.143446852,0.066923447,1.09270217,0.044297832,1.049242424,0.024029575,1.167544784,0.077297035,1.100180505,0.047700902,1.023509656,0.011618257,0.966693101,-0.016935484,1.118348624,0.055868341,1.152173913,0.070707071,1.257997936,0.114259598,1.202169625,0.091804747,1.154356061,0.071648352,1.284510011,0.124538745,1.074909747,0.036102653,0.977030353,-0.011618257,0.944488501,-0.028548124,1.09266055,0.044278825,1.125708885,0.059137394,1.229102167,0.102777778,1.174556213,0.080272109,1.127840909,0.060080107,1.255005269,0.113084112,1.138086643,0.064584213,1.034454471,0.016935484,1.058774139,0.028548124,1.156880734,0.072735006,1.191871456,0.087537732,1.301341589,0.130941704,1.243589744,0.108571429,1.194128788,0.088476478,1.328767123,0.141176471,0.983754513,-0.008189263,0.894175554,-0.055868341,0.915197313,-0.044278825,0.864393339,-0.072735006,1.030245747,0.014897579,1.124871001,0.058766391,1.07495069,0.036121673,1.03219697,0.01584343,1.14857745,0.069151545,0.954873646,-0.023084026,0.867924528,-0.070707071,0.888329135,-0.059137394,0.839016653,-0.087537732,0.970642202,-0.014897579,1.091847265,0.043907252,1.043392505,0.021235521,1.001893939,0.000946074,1.114857745,0.054309915,0.874548736,-0.066923447,0.794913864,-0.114259598,0.813602015,-0.102777778,0.768437748,-0.130941704,0.888990826,-0.058766391,0.915879017,-0.043907252,0.955621302,-0.02269289,0.917613636,-0.042962963,1.021074816,0.010427529,0.915162455,-0.044297832,0.831829368,-0.091804747,0.85138539,-0.080272109,0.804123711,-0.108571429,0.930275229,-0.036121673,0.958412098,-0.021235521,1.046439628,0.02269289,0.960227273,-0.020289855,1.068493151,0.033112583,0.953068592,-0.024029575,0.866283839,-0.071648352,0.886649874,-0.060080107,0.837430611,-0.088476478,0.968807339,-0.01584343,0.998109641,-0.000946074,1.089783282,0.042962963,1.041420118,0.020289855,1.112750263,0.053366584,0.856498195,-0.077297035,0.778506973,-0.124538745,0.796809404,-0.113084112,0.75257732,-0.141176471,0.870642202,-0.069151545,0.896975425,-0.054309915,0.979360165,-0.010427529,0.935897436,-0.033112583,0.898674242,-0.053366584
940,842,896,1017,1040,1076,898,896,833,893,2.46,0.881022616,-0.063251438,0.861538462,-0.074380165,0.832713755,-0.09127789,0.997772829,-0.001114827,1,0,1.075630252,0.036437247,1.003359462,0.001676914,0.953191489,-0.023965142,1.064133017,0.031070196,1.135044643,0.063251438,0.977884615,-0.011181332,0.945167286,-0.028189202,1.132516704,0.062140992,1.135044643,0.063251438,1.220888355,0.099459459,1.138857783,0.064921466,1.081914894,0.039345938,1.20783848,0.094136633,1.160714286,0.074380165,1.022615536,0.011181332,0.966542751,-0.017013233,1.158129176,0.073271414,1.160714286,0.074380165,1.2484994,0.110517886,1.164613662,0.076047594,1.106382979,0.050505051,1.235154394,0.105207226,1.200892857,0.09127789,1.058013766,0.028189202,1.034615385,0.017013233,1.198218263,0.090172239,1.200892857,0.09127789,1.291716687,0.127291776,1.204927212,0.092940579,1.144680851,0.067460317,1.277909739,0.122002086,1.002232143,0.001114827,0.882989184,-0.062140992,0.863461538,-0.073271414,0.834572491,-0.090172239,1.002232143,0.001114827,1.078031212,0.037550549,1.005599104,0.002791736,0.955319149,-0.022850925,1.066508314,0.032183908,1,0,0.881022616,-0.063251438,0.861538462,-0.074380165,0.832713755,-0.09127789,0.997772829,-0.001114827,1.075630252,0.036437247,1.003359462,0.001676914,0.953191489,-0.023965142,1.064133017,0.031070196,0.9296875,-0.036437247,0.819075713,-0.099459459,0.800961538,-0.110517886,0.774163569,-0.127291776,0.927616927,-0.037550549,0.9296875,-0.036437247,0.93281075,-0.034762457,0.886170213,-0.06034969,0.989311164,-0.005373134,0.996651786,-0.001676914,0.878072763,-0.064921466,0.858653846,-0.076047594,0.829925651,-0.092940579,0.994432071,-0.002791736,0.996651786,-0.001676914,1.072028812,0.034762457,0.95,-0.025641026,1.060570071,0.029394813,1.049107143,0.023965142,0.924287119,-0.039345938,0.903846154,-0.050505051,0.873605948,-0.067460317,1.046770601,0.022850925,1.049107143,0.023965142,1.128451381,0.06034969,1.052631579,0.025641026,1.116389549,0.054994388,0.939732143,-0.031070196,0.82792527,-0.094136633,0.809615385,-0.105207226,0.782527881,-0.122002086,0.937639198,-0.032183908,0.939732143,-0.031070196,1.010804322,0.005373134,0.942889138,-0.029394813,0.895744681,-0.054994388
609,583,2244,2089,2025,2262,2231,2218,1880,2151,2.27,1.074198181,0.035771982,1.108148148,0.05130007,0.99204244,-0.003994674,1.005826983,0.002905028,1.011722272,0.005826983,1.193617021,0.088263822,1.043235704,0.02116041,3.684729064,0.573080967,3.849056604,0.587548638,0.930926916,-0.035771982,1.031604938,0.015556636,0.92351901,-0.039760974,0.936351412,-0.03287037,0.941839495,-0.029951242,1.111170213,0.0526581,0.971176197,-0.014622642,3.430213465,0.548554485,3.583190395,0.563622754,0.902406417,-0.05130007,0.969363332,-0.015556636,0.895225464,-0.055283415,0.907664724,-0.048402256,0.912984671,-0.045486684,1.07712766,0.037131882,0.941422594,-0.030172414,3.325123153,0.537585421,3.473413379,0.55291411,1.00802139,0.003994674,1.082814744,0.039760974,1.117037037,0.055283415,1.013895114,0.006899622,1.019837692,0.009821429,1.203191489,0.092225978,1.051603905,0.025152957,3.714285714,0.575757576,3.879931389,0.590158172,0.994206774,-0.002905028,1.067975108,0.03287037,1.101728395,0.048402256,0.986295314,-0.006899622,1.005861136,0.002922005,1.186702128,0.085380686,1.037192004,0.018256504,3.663382594,0.571126761,3.826758148,0.585643213,0.988413547,-0.005826983,1.061752034,0.029951242,1.095308642,0.045486684,0.980548187,-0.009821429,0.994173017,-0.002922005,1.179787234,0.082479258,1.031148303,0.015335317,3.642036125,0.569154581,3.804459691,0.5837201,0.837789661,-0.088263822,0.89995213,-0.0526581,0.928395062,-0.037131882,0.8311229,-0.092225978,0.842671448,-0.085380686,0.84761046,-0.082479258,0.874012087,-0.067228975,3.087027915,0.510646846,3.224699828,0.526593585,0.95855615,-0.02116041,1.029679272,0.014622642,1.062222222,0.030172414,0.950928382,-0.025152957,0.964141641,-0.018256504,0.969792606,-0.015335317,1.144148936,0.067228975,3.532019704,0.558695652,3.689536878,0.573518654,0.271390374,-0.573080967,0.291527046,-0.548554485,0.300740741,-0.537585421,0.269230769,-0.575757576,0.272971762,-0.571126761,0.274571686,-0.569154581,0.32393617,-0.510646846,0.283124128,-0.558695652,1.044596913,0.021812081,0.259803922,-0.587548638,0.2790809,-0.563622754,0.287901235,-0.55291411,0.257736516,-0.590158172,0.261317795,-0.585643213,0.262849414,-0.5837201,0.310106383,-0.526593585,0.271036727,-0.573518654,0.957307061,-0.021812081
532,497,507,537,540,591,461,490,442,452,2.66,0.944134078,-0.028735632,0.938888889,-0.031518625,0.85786802,-0.076502732,1.09978308,0.047520661,1.034693878,0.017051153,1.147058824,0.068493151,1.121681416,0.057351408,0.953007519,-0.024061598,1.020120724,0.009960159,1.059171598,0.028735632,0.994444444,-0.002785515,0.908629442,-0.04787234,1.164859002,0.076152305,1.095918367,0.045764362,1.214932127,0.097037794,1.188053097,0.085945399,1.009398496,0.004677268,1.080482897,0.03868472,1.065088757,0.031518625,1.005586592,0.002785515,0.913705584,-0.045092838,1.171366594,0.078921079,1.102040816,0.048543689,1.221719457,0.099796334,1.194690265,0.088709677,1.015037594,0.007462687,1.086519115,0.041465767,1.165680473,0.076502732,1.100558659,0.04787234,1.094444444,0.045092838,1.281995662,0.123574144,1.206122449,0.093432007,1.337104072,0.144240077,1.307522124,0.133269415,1.110902256,0.052537845,1.189134809,0.086397059,0.909270217,-0.047520661,0.858472998,-0.076152305,0.853703704,-0.078921079,0.780033841,-0.123574144,0.940816327,-0.030494217,1.042986425,0.021040975,1.019911504,0.009857612,0.866541353,-0.071500504,0.927565392,-0.037578288,0.966469428,-0.017051153,0.912476723,-0.045764362,0.907407407,-0.048543689,0.829103215,-0.093432007,1.062906725,0.030494217,1.108597285,0.051502146,1.084070796,0.040339703,0.921052632,-0.04109589,0.985915493,-0.007092199,0.871794872,-0.068493151,0.823091248,-0.097037794,0.818518519,-0.099796334,0.747884941,-0.144240077,0.958785249,-0.021040975,0.902040816,-0.051502146,0.977876106,-0.011185682,0.830827068,-0.092402464,0.889336016,-0.05857295,0.891518738,-0.057351408,0.841713222,-0.085945399,0.837037037,-0.088709677,0.764805415,-0.133269415,0.980477223,-0.009857612,0.92244898,-0.040339703,1.022624434,0.011185682,0.84962406,-0.081300813,0.90945674,-0.047418335,1.049309665,0.024061598,0.990689013,-0.004677268,0.985185185,-0.007462687,0.900169205,-0.052537845,1.154013015,0.071500504,1.085714286,0.04109589,1.20361991,0.092402464,1.17699115,0.081300813,1.070422535,0.034013605,0.980276134,-0.009960159,0.925512104,-0.03868472,0.92037037,-0.041465767,0.840947547,-0.086397059,1.078091106,0.037578288,1.014285714,0.007092199,1.124434389,0.05857295,1.099557522,0.047418335,0.934210526,-0.034013605
248,237,279,308,318,346,166,168,152,165,2.05,0.905844156,-0.049403748,0.877358491,-0.065326633,0.806358382,-0.1072,1.680722892,0.253932584,1.660714286,0.248322148,1.835526316,0.294663573,1.690909091,0.256756757,1.125,0.058823529,1.17721519,0.081395349,1.103942652,0.049403748,0.968553459,-0.015974441,0.89017341,-0.058103976,1.855421687,0.299578059,1.833333333,0.294117647,2.026315789,0.339130435,1.866666667,0.302325581,1.241935484,0.107913669,1.299578059,0.130275229,1.139784946,0.065326633,1.032467532,0.015974441,0.919075145,-0.042168675,1.915662651,0.314049587,1.892857143,0.308641975,2.092105263,0.353191489,1.927272727,0.316770186,1.282258065,0.123674912,1.341772152,0.145945946,1.240143369,0.1072,1.123376623,0.058103976,1.088050314,0.042168675,2.084337349,0.3515625,2.05952381,0.346303502,2.276315789,0.389558233,2.096969697,0.354207436,1.39516129,0.164983165,1.459915612,0.186963979,0.594982079,-0.253932584,0.538961039,-0.299578059,0.522012579,-0.314049587,0.479768786,-0.3515625,0.988095238,-0.005988024,1.092105263,0.044025157,1.006060606,0.003021148,0.669354839,-0.198067633,0.700421941,-0.17617866,0.602150538,-0.248322148,0.545454545,-0.294117647,0.528301887,-0.308641975,0.485549133,-0.346303502,1.012048193,0.005988024,1.105263158,0.05,1.018181818,0.009009009,0.677419355,-0.192307692,0.708860759,-0.17037037,0.544802867,-0.294663573,0.493506494,-0.339130435,0.477987421,-0.353191489,0.439306358,-0.389558233,0.915662651,-0.044025157,0.904761905,-0.05,0.921212121,-0.041009464,0.612903226,-0.24,0.641350211,-0.218508997,0.591397849,-0.256756757,0.535714286,-0.302325581,0.518867925,-0.316770186,0.476878613,-0.354207436,0.993975904,-0.003021148,0.982142857,-0.009009009,1.085526316,0.041009464,0.665322581,-0.200968523,0.696202532,-0.179104478,0.888888889,-0.058823529,0.805194805,-0.107913669,0.779874214,-0.123674912,0.716763006,-0.164983165,1.493975904,0.198067633,1.476190476,0.192307692,1.631578947,0.24,1.503030303,0.200968523,1.046413502,0.022680412,0.849462366,-0.081395349,0.769480519,-0.130275229,0.745283019,-0.145945946,0.684971098,-0.186963979,1.427710843,0.17617866,1.410714286,0.17037037,1.559210526,0.218508997,1.436363636,0.179104478,0.955645161,-0.022680412
229,184,117,139,190,263,145,145,113,161,1.73,0.841726619,-0.0859375,0.615789474,-0.237785016,0.44486692,-0.384210526,0.806896552,-0.106870229,0.806896552,-0.106870229,1.03539823,0.017391304,0.726708075,-0.158273381,0.510917031,-0.323699422,0.635869565,-0.222591362,1.188034188,0.0859375,0.731578947,-0.155015198,0.52851711,-0.308457711,0.95862069,-0.021126761,0.95862069,-0.021126761,1.230088496,0.103174603,0.863354037,-0.073333333,0.6069869,-0.244565217,0.755434783,-0.139318885,1.623931624,0.237785016,1.366906475,0.155015198,0.72243346,-0.161147903,1.310344828,0.134328358,1.310344828,0.134328358,1.681415929,0.254125413,1.180124224,0.082621083,0.829694323,-0.093078759,1.032608696,0.016042781,2.247863248,0.384210526,1.892086331,0.308457711,1.384210526,0.161147903,1.813793103,0.289215686,1.813793103,0.289215686,2.327433628,0.39893617,1.633540373,0.240566038,1.148471616,0.069105691,1.429347826,0.176733781,1.239316239,0.106870229,1.043165468,0.021126761,0.763157895,-0.134328358,0.551330798,-0.289215686,1,0,1.283185841,0.124031008,0.900621118,-0.052287582,0.633187773,-0.22459893,0.788043478,-0.118541033,1.239316239,0.106870229,1.043165468,0.021126761,0.763157895,-0.134328358,0.551330798,-0.289215686,1,0,1.283185841,0.124031008,0.900621118,-0.052287582,0.633187773,-0.22459893,0.788043478,-0.118541033,0.965811966,-0.017391304,0.81294964,-0.103174603,0.594736842,-0.254125413,0.429657795,-0.39893617,0.779310345,-0.124031008,0.779310345,-0.124031008,0.701863354,-0.175182482,0.493449782,-0.339181287,0.614130435,-0.239057239,1.376068376,0.158273381,1.158273381,0.073333333,0.847368421,-0.082621083,0.6121673,-0.240566038,1.110344828,0.052287582,1.110344828,0.052287582,1.424778761,0.175182482,0.703056769,-0.174358974,0.875,-0.066666667,1.957264957,0.323699422,1.647482014,0.244565217,1.205263158,0.093078759,0.870722433,-0.069105691,1.579310345,0.22459893,1.579310345,0.22459893,2.026548673,0.339181287,1.422360248,0.174358974,1.244565217,0.108958838,1.572649573,0.222591362,1.323741007,0.139318885,0.968421053,-0.016042781,0.699619772,-0.176733781,1.268965517,0.118541033,1.268965517,0.118541033,1.628318584,0.239057239,1.142857143,0.066666667,0.80349345,-0.108958838
375,302,530,504,478,546,500,557,446,528,1.58,1.051587302,0.025145068,1.108786611,0.051587302,0.970695971,-0.014869888,1.06,0.029126214,0.951526032,-0.024839006,1.188340807,0.086065574,1.003787879,0.001890359,1.413333333,0.171270718,1.754966887,0.274038462,0.950943396,-0.025145068,1.054393305,0.026476578,0.923076923,-0.04,1.008,0.003984064,0.904847397,-0.049952875,1.130044843,0.061052632,0.954545455,-0.023255814,1.344,0.146757679,1.668874172,0.250620347,0.901886792,-0.051587302,0.948412698,-0.026476578,0.875457875,-0.06640625,0.956,-0.022494888,0.858168761,-0.076328502,1.071748879,0.034632035,0.90530303,-0.049701789,1.274666667,0.120750293,1.582781457,0.225641026,1.030188679,0.014869888,1.083333333,0.04,1.142259414,0.06640625,1.092,0.043977055,0.980251346,-0.009972801,1.224215247,0.100806452,1.034090909,0.016759777,1.456,0.185667752,1.80794702,0.287735849,0.943396226,-0.029126214,0.992063492,-0.003984064,1.046025105,0.022494888,0.915750916,-0.043977055,0.897666068,-0.053926206,1.121076233,0.057082452,0.946969697,-0.027237354,1.333333333,0.142857143,1.655629139,0.246882793,1.050943396,0.024839006,1.10515873,0.049952875,1.165271967,0.076328502,1.02014652,0.009972801,1.114,0.053926206,1.248878924,0.110667996,1.054924242,0.026728111,1.485333333,0.19527897,1.844370861,0.29685681,0.841509434,-0.086065574,0.884920635,-0.061052632,0.933054393,-0.034632035,0.816849817,-0.100806452,0.892,-0.057082452,0.800718133,-0.110667996,0.84469697,-0.084188912,1.189333333,0.086479903,1.476821192,0.192513369,0.996226415,-0.001890359,1.047619048,0.023255814,1.10460251,0.049701789,0.967032967,-0.016759777,1.056,0.027237354,0.947935368,-0.026728111,1.183856502,0.084188912,1.408,0.169435216,1.748344371,0.272289157,0.70754717,-0.171270718,0.744047619,-0.146757679,0.784518828,-0.120750293,0.686813187,-0.185667752,0.75,-0.142857143,0.673249551,-0.19527897,0.840807175,-0.086479903,0.710227273,-0.169435216,1.241721854,0.107828656,0.569811321,-0.274038462,0.599206349,-0.250620347,0.631799163,-0.225641026,0.553113553,-0.287735849,0.604,-0.246882793,0.542190305,-0.29685681,0.677130045,-0.192513369,0.571969697,-0.272289157,0.805333333,-0.107828656
60,62,108,187,129,131,10,14,6,5,1.31,0.577540107,-0.26779661,0.837209302,-0.088607595,0.824427481,-0.09623431,10.8,0.830508475,7.714285714,0.770491803,18,0.894736842,21.6,0.911504425,1.8,0.285714286,1.741935484,0.270588235,1.731481481,0.26779661,1.449612403,0.183544304,1.427480916,0.176100629,18.7,0.898477157,13.35714286,0.860696517,31.16666667,0.937823834,37.4,0.947916667,3.116666667,0.51417004,3.016129032,0.502008032,1.194444444,0.088607595,0.689839572,-0.183544304,0.984732824,-0.007692308,12.9,0.856115108,9.214285714,0.804195804,21.5,0.911111111,25.8,0.925373134,2.15,0.365079365,2.080645161,0.35078534,1.212962963,0.09623431,0.700534759,-0.176100629,1.015503876,0.007692308,13.1,0.858156028,9.357142857,0.806896552,21.83333333,0.912408759,26.2,0.926470588,2.183333333,0.371727749,2.112903226,0.357512953,0.092592593,-0.830508475,0.053475936,-0.898477157,0.07751938,-0.856115108,0.076335878,-0.858156028,0.714285714,-0.166666667,1.666666667,0.25,2,0.333333333,0.166666667,-0.714285714,0.161290323,-0.722222222,0.12962963,-0.770491803,0.07486631,-0.860696517,0.108527132,-0.804195804,0.106870229,-0.806896552,1.4,0.166666667,2.333333333,0.4,2.8,0.473684211,0.233333333,-0.621621622,0.225806452,-0.631578947,0.055555556,-0.894736842,0.032085561,-0.937823834,0.046511628,-0.911111111,0.045801527,-0.912408759,0.6,-0.25,0.428571429,-0.4,1.2,0.090909091,0.1,-0.818181818,0.096774194,-0.823529412,0.046296296,-0.911504425,0.026737968,-0.947916667,0.03875969,-0.925373134,0.038167939,-0.926470588,0.5,-0.333333333,0.357142857,-0.473684211,0.833333333,-0.090909091,0.083333333,-0.846153846,0.080645161,-0.850746269,0.555555556,-0.285714286,0.320855615,-0.51417004,0.465116279,-0.365079365,0.458015267,-0.371727749,6,0.714285714,4.285714286,0.621621622,10,0.818181818,12,0.846153846,0.967741935,-0.016393443,0.574074074,-0.270588235,0.331550802,-0.502008032,0.480620155,-0.35078534,0.473282443,-0.357512953,6.2,0.722222222,4.428571429,0.631578947,10.33333333,0.823529412,12.4,0.850746269,1.033333333,0.016393443
70,59,347,434,250,221,66,76,61,49,4.41,0.799539171,-0.111395647,1.388,0.162479062,1.570135747,0.221830986,5.257575758,0.680387409,4.565789474,0.640661939,5.68852459,0.700980392,7.081632653,0.752525253,4.957142857,0.664268585,5.881355932,0.709359606,1.250720461,0.111395647,1.736,0.269005848,1.963800905,0.32519084,6.575757576,0.736,5.710526316,0.701960784,7.114754098,0.753535354,8.857142857,0.797101449,6.2,0.722222222,7.355932203,0.760649087,0.720461095,-0.162479062,0.576036866,-0.269005848,1.131221719,0.061571125,3.787878788,0.582278481,3.289473684,0.533742331,4.098360656,0.607717042,5.102040816,0.672240803,3.571428571,0.5625,4.237288136,0.618122977,0.636887608,-0.221830986,0.50921659,-0.32519084,0.884,-0.061571125,3.348484848,0.540069686,2.907894737,0.488215488,3.62295082,0.567375887,4.510204082,0.637037037,3.157142857,0.518900344,3.745762712,0.578571429,0.190201729,-0.680387409,0.152073733,-0.736,0.264,-0.582278481,0.298642534,-0.540069686,0.868421053,-0.070422535,1.081967213,0.039370079,1.346938776,0.147826087,0.942857143,-0.029411765,1.118644068,0.056,0.219020173,-0.640661939,0.175115207,-0.701960784,0.304,-0.533742331,0.343891403,-0.488215488,1.151515152,0.070422535,1.245901639,0.109489051,1.551020408,0.216,1.085714286,0.04109589,1.288135593,0.125925926,0.175792507,-0.700980392,0.140552995,-0.753535354,0.244,-0.607717042,0.2760181,-0.567375887,0.924242424,-0.039370079,0.802631579,-0.109489051,1.244897959,0.109090909,0.871428571,-0.06870229,1.033898305,0.016666667,0.141210375,-0.752525253,0.112903226,-0.797101449,0.196,-0.672240803,0.221719457,-0.637037037,0.742424242,-0.147826087,0.644736842,-0.216,0.803278689,-0.109090909,0.7,-0.176470588,0.830508475,-0.092592593,0.201729107,-0.664268585,0.161290323,-0.722222222,0.28,-0.5625,0.316742081,-0.518900344,1.060606061,0.029411765,0.921052632,-0.04109589,1.147540984,0.06870229,1.428571429,0.176470588,1.186440678,0.085271318,0.170028818,-0.709359606,0.1359447,-0.760649087,0.236,-0.618122977,0.266968326,-0.578571429,0.893939394,-0.056,0.776315789,-0.125925926,0.967213115,-0.016666667,1.204081633,0.092592593,0.842857143,-0.085271318
96,96,246,396,205,183,45,44,51,37,3.01,0.621212121,-0.23364486,1.2,0.090909091,1.344262295,0.146853147,5.466666667,0.690721649,5.590909091,0.696551724,4.823529412,0.656565657,6.648648649,0.738515901,2.5625,0.438596491,2.5625,0.438596491,1.609756098,0.23364486,1.931707317,0.317803661,2.163934426,0.367875648,8.8,0.795918367,9,0.8,7.764705882,0.771812081,10.7027027,0.829099307,4.125,0.609756098,4.125,0.609756098,0.833333333,-0.090909091,0.517676768,-0.317803661,1.120218579,0.056701031,4.555555556,0.64,4.659090909,0.646586345,4.019607843,0.6015625,5.540540541,0.694214876,2.135416667,0.362126246,2.135416667,0.362126246,0.743902439,-0.146853147,0.462121212,-0.367875648,0.892682927,-0.056701031,4.066666667,0.605263158,4.159090909,0.612334802,3.588235294,0.564102564,4.945945946,0.663636364,1.90625,0.311827957,1.90625,0.311827957,0.182926829,-0.690721649,0.113636364,-0.795918367,0.219512195,-0.64,0.245901639,-0.605263158,1.022727273,0.011235955,0.882352941,-0.0625,1.216216216,0.097560976,0.46875,-0.361702128,0.46875,-0.361702128,0.178861789,-0.696551724,0.111111111,-0.8,0.214634146,-0.646586345,0.240437158,-0.612334802,0.977777778,-0.011235955,0.862745098,-0.073684211,1.189189189,0.086419753,0.458333333,-0.371428571,0.458333333,-0.371428571,0.207317073,-0.656565657,0.128787879,-0.771812081,0.248780488,-0.6015625,0.278688525,-0.564102564,1.133333333,0.0625,1.159090909,0.073684211,1.378378378,0.159090909,0.53125,-0.306122449,0.53125,-0.306122449,0.150406504,-0.738515901,0.093434343,-0.829099307,0.180487805,-0.694214876,0.202185792,-0.663636364,0.822222222,-0.097560976,0.840909091,-0.086419753,0.725490196,-0.159090909,0.385416667,-0.443609023,0.385416667,-0.443609023,0.390243902,-0.438596491,0.242424242,-0.609756098,0.468292683,-0.362126246,0.524590164,-0.311827957,2.133333333,0.361702128,2.181818182,0.371428571,1.882352941,0.306122449,2.594594595,0.443609023,1,0,0.390243902,-0.438596491,0.242424242,-0.609756098,0.468292683,-0.362126246,0.524590164,-0.311827957,2.133333333,0.361702128,2.181818182,0.371428571,1.882352941,0.306122449,2.594594595,0.443609023,1,0
253,225,478,645,404,307,192,203,201,197,3.06,0.741085271,-0.148708816,1.183168317,0.083900227,1.557003257,0.217834395,2.489583333,0.426865672,2.354679803,0.403817915,2.378109453,0.407952872,2.426395939,0.416296296,1.889328063,0.307797538,2.124444444,0.359886202,1.349372385,0.148708816,1.596534653,0.229742612,2.100977199,0.355042017,3.359375,0.541218638,3.177339901,0.521226415,3.208955224,0.524822695,3.274111675,0.532066508,2.549407115,0.436525612,2.866666667,0.482758621,0.845188285,-0.083900227,0.626356589,-0.229742612,1.315960912,0.136427567,2.104166667,0.355704698,1.990147783,0.331136738,2.009950249,0.33553719,2.050761421,0.344425957,1.596837945,0.229832572,1.795555556,0.284578696,0.642259414,-0.217834395,0.475968992,-0.355042017,0.75990099,-0.136427567,1.598958333,0.230460922,1.512315271,0.203921569,1.527363184,0.208661417,1.558375635,0.218253968,1.213438735,0.096428571,1.364444444,0.154135338,0.40167364,-0.426865672,0.297674419,-0.541218638,0.475247525,-0.355704698,0.625407166,-0.230460922,0.945812808,-0.027848101,0.955223881,-0.022900763,0.974619289,-0.01285347,0.758893281,-0.137078652,0.853333333,-0.079136691,0.424686192,-0.403817915,0.314728682,-0.521226415,0.502475248,-0.331136738,0.661237785,-0.203921569,1.057291667,0.027848101,1.009950249,0.004950495,1.030456853,0.015,0.802371542,-0.109649123,0.902222222,-0.051401869,0.420502092,-0.407952872,0.311627907,-0.524822695,0.497524752,-0.33553719,0.654723127,-0.208661417,1.046875,0.022900763,0.990147783,-0.004950495,1.020304569,0.010050251,0.794466403,-0.114537445,0.893333333,-0.056338028,0.412133891,-0.416296296,0.305426357,-0.532066508,0.487623762,-0.344425957,0.641693811,-0.218253968,1.026041667,0.01285347,0.97044335,-0.015,0.980099502,-0.010050251,0.778656126,-0.124444444,0.875555556,-0.066350711,0.529288703,-0.307797538,0.392248062,-0.436525612,0.626237624,-0.229832572,0.824104235,-0.096428571,1.317708333,0.137078652,1.246305419,0.109649123,1.258706468,0.114537445,1.284263959,0.124444444,1.124444444,0.058577406,0.470711297,-0.359886202,0.348837209,-0.482758621,0.556930693,-0.284578696,0.732899023,-0.154135338,1.171875,0.079136691,1.108374384,0.051401869,1.119402985,0.056338028,1.14213198,0.066350711,0.889328063,-0.058577406
415,373,538,772,525,504,322,334,352,332,2.27,0.696891192,-0.178625954,1.024761905,0.012229539,1.067460317,0.032629559,1.670807453,0.251162791,1.610778443,0.233944954,1.528409091,0.208988764,1.620481928,0.236781609,1.296385542,0.129066107,1.442359249,0.181119649,1.434944238,0.178625954,1.47047619,0.190439476,1.531746032,0.210031348,2.397515528,0.411334552,2.311377246,0.3960217,2.193181818,0.37366548,2.325301205,0.398550725,1.860240964,0.300758214,2.069705094,0.348471616,0.975836431,-0.012229539,0.680051813,-0.190439476,1.041666667,0.020408163,1.630434783,0.239669421,1.571856287,0.222351572,1.491477273,0.197263398,1.581325301,0.225204201,1.265060241,0.117021277,1.407506702,0.169265033,0.936802974,-0.032629559,0.652849741,-0.210031348,0.96,-0.020408163,1.565217391,0.220338983,1.508982036,0.202863962,1.431818182,0.177570093,1.518072289,0.205741627,1.214457831,0.096844396,1.351206434,0.149372862,0.598513011,-0.251162791,0.417098446,-0.411334552,0.613333333,-0.239669421,0.638888889,-0.220338983,0.964071856,-0.018292683,0.914772727,-0.044510386,0.969879518,-0.01529052,0.775903614,-0.126187246,0.863270777,-0.073381295,0.620817844,-0.233944954,0.432642487,-0.3960217,0.636190476,-0.222351572,0.662698413,-0.202863962,1.037267081,0.018292683,0.948863636,-0.026239067,1.006024096,0.003003003,0.804819277,-0.108144192,0.895442359,-0.055162659,0.654275093,-0.208988764,0.455958549,-0.37366548,0.67047619,-0.197263398,0.698412698,-0.177570093,1.093167702,0.044510386,1.053892216,0.026239067,1.060240964,0.029239766,0.848192771,-0.082138201,0.943699732,-0.028965517,0.617100372,-0.236781609,0.430051813,-0.398550725,0.632380952,-0.225204201,0.658730159,-0.205741627,1.031055901,0.01529052,0.994011976,-0.003003003,0.943181818,-0.029239766,0.8,-0.111111111,0.890080429,-0.058156028,0.771375465,-0.129066107,0.537564767,-0.300758214,0.79047619,-0.117021277,0.823412698,-0.096844396,1.288819876,0.126187246,1.24251497,0.108144192,1.178977273,0.082138201,1.25,0.111111111,1.112600536,0.053299492,0.69330855,-0.181119649,0.483160622,-0.348471616,0.71047619,-0.169265033,0.740079365,-0.149372862,1.158385093,0.073381295,1.116766467,0.055162659,1.059659091,0.028965517,1.123493976,0.058156028,0.898795181,-0.053299492
1150,1028,1453,1577,1379,1359,1166,1201,1220,1145,3.93,0.921369689,-0.040924092,1.053662074,0.026129944,1.069168506,0.033428165,1.246140652,0.109583811,1.209825146,0.094951017,1.190983607,0.087167976,1.268995633,0.118552733,1.263478261,0.116404149,1.413424125,0.171301894,1.085340674,0.040924092,1.143582306,0.066982409,1.160412068,0.074250681,1.352487136,0.149835946,1.31307244,0.135349172,1.292622951,0.127636754,1.377292576,0.158706833,1.371304348,0.156582325,1.534046693,0.21074856,0.949070888,-0.026129944,0.874445149,-0.066982409,1.014716703,0.007304602,1.182675815,0.083693517,1.148209825,0.068992248,1.130327869,0.061177376,1.204366812,0.092709984,1.199130435,0.090549624,1.341439689,0.145824678,0.935306263,-0.033428165,0.861762841,-0.074250681,0.985496737,-0.007304602,1.165523156,0.076435644,1.131557036,0.06171875,1.113934426,0.053896859,1.186899563,0.085463259,1.18173913,0.08330012,1.321984436,0.138667784,0.802477632,-0.109583811,0.739378567,-0.149835946,0.845540247,-0.083693517,0.857983812,-0.076435644,0.970857619,-0.01478665,0.955737705,-0.02263202,1.018340611,0.009086975,1.013913043,0.006908463,1.134241245,0.062898815,0.826565726,-0.094951017,0.761572606,-0.135349172,0.870920957,-0.068992248,0.883738043,-0.06171875,1.030017153,0.01478665,0.98442623,-0.007847997,1.048908297,0.023870418,1.044347826,0.021692897,1.168287938,0.077613279,0.83964212,-0.087167976,0.773620799,-0.127636754,0.884699057,-0.061177376,0.897718911,-0.053896859,1.046312178,0.02263202,1.01582015,0.007847997,1.065502183,0.031712474,1.060869565,0.029535865,1.186770428,0.085409253,0.788024776,-0.118552733,0.726062143,-0.158706833,0.83031182,-0.092709984,0.842531273,-0.085463259,0.981989708,-0.009086975,0.95337219,-0.023870418,0.93852459,-0.031712474,0.995652174,-0.002178649,1.11381323,0.053842614,0.791465933,-0.116404149,0.72923272,-0.156582325,0.833937636,-0.090549624,0.846210449,-0.08330012,0.986277873,-0.006908463,0.957535387,-0.021692897,0.942622951,-0.029535865,1.004366812,0.002178649,1.118677043,0.056014692,0.707501721,-0.171301894,0.65187064,-0.21074856,0.74546773,-0.145824678,0.756438558,-0.138667784,0.881646655,-0.062898815,0.855953372,-0.077613279,0.842622951,-0.085409253,0.897816594,-0.053842614,0.893913043,-0.056014692
1371,1294,1556,1684,1537,1647,1412,1411,1280,1361,4.62,0.923990499,-0.039506173,1.012361744,0.006142903,0.944748027,-0.028410865,1.101983003,0.04851752,1.102763997,0.048870913,1.215625,0.097320169,1.143277002,0.066849503,1.134938001,0.063204646,1.202472952,0.091929825,1.082262211,0.039506173,1.095640859,0.045638001,1.022465088,0.011107775,1.192634561,0.087855297,1.193479802,0.088206785,1.315625,0.136302294,1.237325496,0.106075534,1.228300511,0.102454992,1.301391036,0.130960376,0.987789203,-0.006142903,0.912707838,-0.045638001,0.9332119,-0.034547739,1.088526912,0.04238725,1.08929837,0.042740841,1.20078125,0.091231807,1.129316679,0.060731539,1.121079504,0.057083906,1.187789799,0.085835394,1.05848329,0.028410865,0.978028504,-0.011107775,1.07156799,0.034547739,1.166430595,0.076822491,1.167257264,0.077174624,1.28671875,0.125384353,1.210139603,0.095079787,1.20131291,0.091451292,1.272797527,0.120027202,0.907455013,-0.04851752,0.83847981,-0.087855297,0.918672739,-0.04238725,0.857316333,-0.076822491,1.000708717,0.000354233,1.103125,0.049034175,1.037472447,0.018391634,1.029905179,0.014732303,1.091190108,0.0436068,0.906812339,-0.048870913,0.837885986,-0.088206785,0.918022121,-0.042740841,0.856709168,-0.077174624,0.999291785,-0.000354233,1.10234375,0.048680788,1.036737693,0.018037518,1.029175784,0.014378145,1.090417311,0.043253235,0.822622108,-0.097320169,0.760095012,-0.136302294,0.832791152,-0.091231807,0.777170613,-0.125384353,0.906515581,-0.049034175,0.907158044,-0.048680788,0.940484938,-0.030670201,0.933625091,-0.034326669,0.989180835,-0.005439005,0.874678663,-0.066849503,0.808194774,-0.106075534,0.885491217,-0.060731539,0.826350941,-0.095079787,0.96388102,-0.018391634,0.964564139,-0.018037518,1.06328125,0.030670201,0.992706054,-0.003660322,1.051777434,0.025235405,0.881105398,-0.063204646,0.814133017,-0.102454992,0.891997398,-0.057083906,0.832422587,-0.091451292,0.970963173,-0.014732303,0.971651311,-0.014378145,1.07109375,0.034326669,1.007347539,0.003660322,1.05950541,0.028893058,0.831619537,-0.091929825,0.768408551,-0.130960376,0.841899805,-0.085835394,0.785670917,-0.120027202,0.916430595,-0.0436068,0.917080085,-0.043253235,1.0109375,0.005439005,0.950771492,-0.025235405,0.943836616,-0.028893058
1160,1180,1468,1276,1050,1288,1249,1257,1361,1283,3.02,1.150470219,0.069970845,1.398095238,0.166004766,1.139751553,0.065312046,1.175340272,0.080603607,1.167859984,0.077431193,1.078618663,0.037822552,1.144193297,0.067248273,1.265517241,0.117199391,1.244067797,0.108761329,0.869209809,-0.069970845,1.215238095,0.097162511,0.99068323,-0.004680187,1.021617294,0.010693069,1.015115354,0.007500987,0.937545922,-0.032233599,0.994544037,-0.002735444,1.1,0.047619048,1.081355932,0.039087948,0.715258856,-0.166004766,0.822884013,-0.097162511,0.815217391,-0.101796407,0.840672538,-0.086559374,0.835322196,-0.089726918,0.77149155,-0.128992119,0.818394388,-0.09987141,0.905172414,-0.049773756,0.889830508,-0.058295964,0.877384196,-0.065312046,1.009404389,0.004680187,1.226666667,0.101796407,1.03122498,0.015372487,1.024661893,0.012180747,0.946362968,-0.027557569,1.003897116,0.001944769,1.110344828,0.052287582,1.091525424,0.04376013,0.850817439,-0.080603607,0.978840125,-0.010693069,1.18952381,0.086559374,0.969720497,-0.015372487,0.99363564,-0.003192338,0.917707568,-0.042911877,0.97349961,-0.01342812,1.076724138,0.03694479,1.058474576,0.028406752,0.85626703,-0.077431193,0.985109718,-0.007500987,1.197142857,0.089726918,0.975931677,-0.012180747,1.006405124,0.003192338,0.923585599,-0.039724981,0.979734996,-0.01023622,1.08362069,0.040132396,1.065254237,0.031596225,0.927111717,-0.037822552,1.06661442,0.032233599,1.296190476,0.128992119,1.056677019,0.027557569,1.089671737,0.042911877,1.082736675,0.039724981,1.060795012,0.029500756,1.173275862,0.079730266,1.153389831,0.071231799,0.873978202,-0.067248273,1.005485893,0.002735444,1.221904762,0.09987141,0.996118012,-0.001944769,1.027221777,0.01342812,1.020684169,0.01023622,0.942689199,-0.029500756,1.106034483,0.050347933,1.087288136,0.04181892,0.790190736,-0.117199391,0.909090909,-0.047619048,1.104761905,0.049773756,0.900621118,-0.052287582,0.928742994,-0.03694479,0.92283214,-0.040132396,0.852314475,-0.079730266,0.904130943,-0.050347933,0.983050847,-0.008547009,0.803814714,-0.108761329,0.92476489,-0.039087948,1.123809524,0.058295964,0.916149068,-0.04376013,0.944755805,-0.028406752,0.938743039,-0.031596225,0.867009552,-0.071231799,0.919719408,-0.04181892,1.017241379,0.008547009
205,194,285,283,277,347,193,186,180,147,5.11,1.007067138,0.003521127,1.028880866,0.014234875,0.821325648,-0.098101266,1.476683938,0.192468619,1.532258065,0.210191083,1.583333333,0.225806452,1.93877551,0.319444444,1.390243902,0.163265306,1.469072165,0.189979123,0.992982456,-0.003521127,1.02166065,0.010714286,0.81556196,-0.101587302,1.466321244,0.18907563,1.521505376,0.206823028,1.572222222,0.222462203,1.925170068,0.31627907,1.380487805,0.159836066,1.458762887,0.186582809,0.971929825,-0.014234875,0.978798587,-0.010714286,0.798270893,-0.112179487,1.435233161,0.178723404,1.489247312,0.196544276,1.538888889,0.212253829,1.884353741,0.306603774,1.351219512,0.149377593,1.427835052,0.176220807,1.21754386,0.098101266,1.22614841,0.101587302,1.252707581,0.112179487,1.797927461,0.285185185,1.865591398,0.30206379,1.927777778,0.316888046,2.360544218,0.4048583,1.692682927,0.257246377,1.788659794,0.282809612,0.677192982,-0.192468619,0.681978799,-0.18907563,0.696750903,-0.178723404,0.556195965,-0.285185185,1.037634409,0.018469657,1.072222222,0.034852547,1.31292517,0.135294118,0.941463415,-0.030150754,0.994845361,-0.002583979,0.652631579,-0.210191083,0.657243816,-0.206823028,0.671480144,-0.196544276,0.536023055,-0.30206379,0.96373057,-0.018469657,1.033333333,0.016393443,1.265306122,0.117117117,0.907317073,-0.04859335,0.958762887,-0.021052632,0.631578947,-0.225806452,0.636042403,-0.222462203,0.649819495,-0.212253829,0.518731988,-0.316888046,0.932642487,-0.034852547,0.967741935,-0.016393443,1.224489796,0.100917431,0.87804878,-0.064935065,0.927835052,-0.037433155,0.515789474,-0.319444444,0.519434629,-0.31627907,0.530685921,-0.306603774,0.423631124,-0.4048583,0.761658031,-0.135294118,0.790322581,-0.117117117,0.816666667,-0.100917431,0.717073171,-0.164772727,0.757731959,-0.137829912,0.719298246,-0.163265306,0.724381625,-0.159836066,0.740072202,-0.149377593,0.590778098,-0.257246377,1.062176166,0.030150754,1.102150538,0.04859335,1.138888889,0.064935065,1.394557823,0.164772727,1.056701031,0.027568922,0.680701754,-0.189979123,0.685512367,-0.186582809,0.700361011,-0.176220807,0.55907781,-0.282809612,1.005181347,0.002583979,1.043010753,0.021052632,1.077777778,0.037433155,1.319727891,0.137829912,0.946341463,-0.027568922
192,191,94,177,199,229,126,173,66,169,4.8,0.531073446,-0.306273063,0.472361809,-0.358361775,0.410480349,-0.417956656,0.746031746,-0.145454545,0.543352601,-0.29588015,1.424242424,0.175,0.556213018,-0.285171103,0.489583333,-0.342657343,0.492146597,-0.340350877,1.882978723,0.306273063,0.889447236,-0.058510638,0.772925764,-0.128078818,1.404761905,0.168316832,1.023121387,0.011428571,2.681818182,0.456790123,1.047337278,0.023121387,0.921875,-0.040650407,0.926701571,-0.038043478,2.117021277,0.358361775,1.124293785,0.058510638,0.868995633,-0.070093458,1.579365079,0.224615385,1.150289017,0.069892473,3.015151515,0.501886792,1.177514793,0.081521739,1.036458333,0.017902813,1.041884817,0.020512821,2.436170213,0.417956656,1.293785311,0.128078818,1.150753769,0.070093458,1.817460317,0.290140845,1.323699422,0.139303483,3.46969697,0.552542373,1.355029586,0.150753769,1.192708333,0.087885986,1.19895288,0.09047619,1.340425532,0.145454545,0.711864407,-0.168316832,0.633165829,-0.224615385,0.550218341,-0.290140845,0.728323699,-0.157190635,1.909090909,0.3125,0.74556213,-0.145762712,0.65625,-0.20754717,0.659685864,-0.205047319,1.840425532,0.29588015,0.97740113,-0.011428571,0.869346734,-0.069892473,0.755458515,-0.139303483,1.373015873,0.157190635,2.621212121,0.447698745,1.023668639,0.011695906,0.901041667,-0.052054795,0.905759162,-0.049450549,0.70212766,-0.175,0.372881356,-0.456790123,0.331658291,-0.501886792,0.288209607,-0.552542373,0.523809524,-0.3125,0.38150289,-0.447698745,0.390532544,-0.438297872,0.34375,-0.488372093,0.345549738,-0.486381323,1.79787234,0.285171103,0.95480226,-0.023121387,0.849246231,-0.081521739,0.737991266,-0.150753769,1.341269841,0.145762712,0.976878613,-0.011695906,2.560606061,0.438297872,0.880208333,-0.063711911,0.884816754,-0.061111111,2.042553191,0.342657343,1.084745763,0.040650407,0.964824121,-0.017902813,0.838427948,-0.087885986,1.523809524,0.20754717,1.10982659,0.052054795,2.909090909,0.488372093,1.136094675,0.063711911,1.005235602,0.002610966,2.031914894,0.340350877,1.079096045,0.038043478,0.959798995,-0.020512821,0.834061135,-0.09047619,1.515873016,0.205047319,1.104046243,0.049450549,2.893939394,0.486381323,1.130177515,0.061111111,0.994791667,-0.002610966
1056,1097,1137,1060,955,1183,1175,1252,1038,1294,5.39,1.072641509,0.035047792,1.190575916,0.086998088,0.961115807,-0.019827586,0.967659574,-0.016435986,0.908146965,-0.048137296,1.095375723,0.045517241,0.878670788,-0.064582476,1.076704545,0.036935705,1.036463081,0.017905103,0.932277924,-0.035047792,1.109947644,0.052109181,0.89602705,-0.054837272,0.90212766,-0.051454139,0.846645367,-0.083044983,1.021194605,0.010486177,0.819165379,-0.099405268,1.003787879,0.001890359,0.96627165,-0.017153454,0.839929639,-0.086998088,0.900943396,-0.052109181,0.807269653,-0.106641721,0.812765957,-0.103286385,0.762779553,-0.134571817,0.920038536,-0.04164576,0.738021638,-0.150733659,0.904356061,-0.050223769,0.870556062,-0.06920078,1.040457344,0.019827586,1.116037736,0.054837272,1.238743455,0.106641721,1.006808511,0.003392706,0.944888179,-0.028336756,1.139691715,0.065285907,0.914219474,-0.044812273,1.120265152,0.056721751,1.078395624,0.037719298,1.033421284,0.016435986,1.108490566,0.051454139,1.230366492,0.103286385,0.993237532,-0.003392706,0.938498403,-0.031726411,1.131984586,0.061906914,0.908037094,-0.048197651,1.112689394,0.05333931,1.071103008,0.034330986,1.10114336,0.048137296,1.181132075,0.083044983,1.310994764,0.134571817,1.058326289,0.028336756,1.065531915,0.031726411,1.206165703,0.093449782,0.967542504,-0.016496465,1.185606061,0.08492201,1.141294439,0.065985526,0.91292876,-0.045517241,0.979245283,-0.010486177,1.086910995,0.04164576,0.877430262,-0.065285907,0.883404255,-0.061906914,0.829073482,-0.093449782,0.802163833,-0.109777015,0.982954545,-0.008595989,0.946216955,-0.02763466,1.138082674,0.064582476,1.220754717,0.099405268,1.354973822,0.150733659,1.093829248,0.044812273,1.101276596,0.048197651,1.033546326,0.016496465,1.246628131,0.109777015,1.225378788,0.101276596,1.179580675,0.082392304,0.928759894,-0.036935705,0.996226415,-0.001890359,1.105759162,0.050223769,0.892645816,-0.056721751,0.898723404,-0.05333931,0.843450479,-0.08492201,1.01734104,0.008595989,0.816074189,-0.101276596,0.962625342,-0.019043196,0.964819701,-0.017905103,1.03490566,0.017153454,1.148691099,0.06920078,0.927303466,-0.037719298,0.933617021,-0.034330986,0.876198083,-0.065985526,1.056840077,0.02763466,0.847758887,-0.082392304,1.038825758,0.019043196
4875,4289,7180,6725,6474,6989,6695,6504,6097,6377,2.63,1.067657993,0.032722042,1.109051591,0.05170646,1.027328659,0.013480133,1.072442121,0.034954955,1.103936039,0.04940076,1.177628342,0.081569632,1.12592128,0.059231393,1.472820513,0.191206968,1.674049895,0.2520708,0.936629526,-0.032722042,1.038770466,0.019016592,0.962226356,-0.019250401,1.004480956,0.002235469,1.03397909,0.016705722,1.103001476,0.048978319,1.054571115,0.02656083,1.379487179,0.159482759,1.567964561,0.221173052,0.901671309,-0.05170646,0.96267658,-0.019016592,0.926312777,-0.03825299,0.966990291,-0.016781836,0.995387454,-0.002311604,1.061833689,0.029989659,1.015210914,0.007548051,1.328,0.140893471,1.509442761,0.203010313,0.973398329,-0.013480133,1.039256506,0.019250401,1.079548965,0.03825299,1.043913368,0.021484946,1.074569496,0.035944564,1.14630146,0.068164451,1.095969892,0.04578782,1.433641026,0.178186109,1.62951737,0.23940415,0.932451253,-0.034954955,0.995539033,-0.002235469,1.034136546,0.016781836,0.957933896,-0.021484946,1.029366544,0.014470793,1.098081023,0.046747967,1.049866708,0.024326805,1.373333333,0.157303371,1.560969923,0.219045885,0.905849582,-0.04940076,0.967137546,-0.016705722,1.00463392,0.002311604,0.930605237,-0.035944564,0.971471247,-0.014470793,1.066754141,0.032299024,1.019915321,0.009859483,1.334153846,0.14315845,1.516437398,0.205225609,0.849164345,-0.081569632,0.9066171,-0.048978319,0.941767068,-0.029989659,0.872370869,-0.068164451,0.910679612,-0.046747967,0.937423124,-0.032299024,0.956092206,-0.022446689,1.250666667,0.111374408,1.421543483,0.174080493,0.88816156,-0.059231393,0.948252788,-0.02656083,0.985016991,-0.007548051,0.912433825,-0.04578782,0.952501867,-0.024326805,0.980473555,-0.009859483,1.045924225,0.022446689,1.308102564,0.13348738,1.486826766,0.195762235,0.678969359,-0.191206968,0.724907063,-0.159482759,0.753012048,-0.140893471,0.697524682,-0.178186109,0.72815534,-0.157303371,0.749538745,-0.14315845,0.799573561,-0.111374408,0.76446605,-0.13348738,1.136628585,0.063945875,0.59735376,-0.2520708,0.637769517,-0.221173052,0.662496138,-0.203010313,0.613678638,-0.23940415,0.640627334,-0.219045885,0.659440344,-0.205225609,0.703460718,-0.174080493,0.67257331,-0.195762235,0.879794872,-0.063945875
98,78,108,196,118,84,5,41,51,26,2.09,0.551020408,-0.289473684,0.915254237,-0.044247788,1.285714286,0.125,21.6,0.911504425,2.634146341,0.44966443,2.117647059,0.358490566,4.153846154,0.611940299,1.102040816,0.048543689,1.384615385,0.161290323,1.814814815,0.289473684,1.661016949,0.248407643,2.333333333,0.4,39.2,0.950248756,4.780487805,0.654008439,3.843137255,0.587044534,7.538461538,0.765765766,2,0.333333333,2.512820513,0.430656934,1.092592593,0.044247788,0.602040816,-0.248407643,1.404761905,0.168316832,23.6,0.918699187,2.87804878,0.48427673,2.31372549,0.396449704,4.538461538,0.638888889,1.204081633,0.092592593,1.512820513,0.204081633,0.777777778,-0.125,0.428571429,-0.4,0.711864407,-0.168316832,16.8,0.887640449,2.048780488,0.344,1.647058824,0.244444444,3.230769231,0.527272727,0.857142857,-0.076923077,1.076923077,0.037037037,0.046296296,-0.911504425,0.025510204,-0.950248756,0.042372881,-0.918699187,0.05952381,-0.887640449,0.12195122,-0.782608696,0.098039216,-0.821428571,0.192307692,-0.677419355,0.051020408,-0.902912621,0.064102564,-0.879518072,0.37962963,-0.44966443,0.209183673,-0.654008439,0.347457627,-0.48427673,0.488095238,-0.344,8.2,0.782608696,0.803921569,-0.108695652,1.576923077,0.223880597,0.418367347,-0.410071942,0.525641026,-0.31092437,0.472222222,-0.358490566,0.260204082,-0.587044534,0.43220339,-0.396449704,0.607142857,-0.244444444,10.2,0.821428571,1.243902439,0.108695652,1.961538462,0.324675325,0.520408163,-0.315436242,0.653846154,-0.209302326,0.240740741,-0.611940299,0.132653061,-0.765765766,0.220338983,-0.638888889,0.30952381,-0.527272727,5.2,0.677419355,0.634146341,-0.223880597,0.509803922,-0.324675325,0.265306122,-0.580645161,0.333333333,-0.5,0.907407407,-0.048543689,0.5,-0.333333333,0.830508475,-0.092592593,1.166666667,0.076923077,19.6,0.902912621,2.390243902,0.410071942,1.921568627,0.315436242,3.769230769,0.580645161,1.256410256,0.113636364,0.722222222,-0.161290323,0.397959184,-0.430656934,0.661016949,-0.204081633,0.928571429,-0.037037037,15.6,0.879518072,1.902439024,0.31092437,1.529411765,0.209302326,3,0.5,0.795918367,-0.113636364
142,101,227,360,184,192,28,44,86,55,2.15,0.630555556,-0.226575809,1.233695652,0.104622871,1.182291667,0.08353222,8.107142857,0.780392157,5.159090909,0.675276753,2.639534884,0.450479233,4.127272727,0.609929078,1.598591549,0.230352304,2.247524752,0.384146341,1.585903084,0.226575809,1.956521739,0.323529412,1.875,0.304347826,12.85714286,0.855670103,8.181818182,0.782178218,4.186046512,0.614349776,6.545454545,0.734939759,2.535211268,0.434262948,3.564356436,0.561822126,0.810572687,-0.104622871,0.511111111,-0.323529412,0.958333333,-0.021276596,6.571428571,0.735849057,4.181818182,0.614035088,2.139534884,0.362962963,3.345454545,0.539748954,1.295774648,0.128834356,1.821782178,0.29122807,0.845814978,-0.08353222,0.533333333,-0.304347826,1.043478261,0.021276596,6.857142857,0.745454545,4.363636364,0.627118644,2.23255814,0.381294964,3.490909091,0.55465587,1.352112676,0.149700599,1.900990099,0.310580205,0.123348018,-0.780392157,0.077777778,-0.855670103,0.152173913,-0.735849057,0.145833333,-0.745454545,0.636363636,-0.222222222,0.325581395,-0.50877193,0.509090909,-0.325301205,0.197183099,-0.670588235,0.277227723,-0.565891473,0.193832599,-0.675276753,0.122222222,-0.782178218,0.239130435,-0.614035088,0.229166667,-0.627118644,1.571428571,0.222222222,0.511627907,-0.323076923,0.8,-0.111111111,0.309859155,-0.52688172,0.435643564,-0.393103448,0.378854626,-0.450479233,0.238888889,-0.614349776,0.467391304,-0.362962963,0.447916667,-0.381294964,3.071428571,0.50877193,1.954545455,0.323076923,1.563636364,0.219858156,0.605633803,-0.245614035,0.851485149,-0.080213904,0.242290749,-0.609929078,0.152777778,-0.734939759,0.298913043,-0.539748954,0.286458333,-0.55465587,1.964285714,0.325301205,1.25,0.111111111,0.639534884,-0.219858156,0.387323944,-0.441624365,0.544554455,-0.294871795,0.625550661,-0.230352304,0.394444444,-0.434262948,0.77173913,-0.128834356,0.739583333,-0.149700599,5.071428571,0.670588235,3.227272727,0.52688172,1.651162791,0.245614035,2.581818182,0.441624365,1.405940594,0.16872428,0.444933921,-0.384146341,0.280555556,-0.561822126,0.548913043,-0.29122807,0.526041667,-0.310580205,3.607142857,0.565891473,2.295454545,0.393103448,1.174418605,0.080213904,1.836363636,0.294871795,0.711267606,-0.16872428
39,36,152,272,153,124,5,13,16,16,4.65,0.558823529,-0.283018868,0.993464052,-0.003278689,1.225806452,0.101449275,30.4,0.936305732,11.69230769,0.842424242,9.5,0.80952381,9.5,0.80952381,3.897435897,0.591623037,4.222222222,0.617021277,1.789473684,0.283018868,1.777777778,0.28,2.193548387,0.373737374,54.4,0.963898917,20.92307692,0.90877193,17,0.888888889,17,0.888888889,6.974358974,0.749196141,7.555555556,0.766233766,1.006578947,0.003278689,0.5625,-0.28,1.233870968,0.104693141,30.6,0.936708861,11.76923077,0.843373494,9.5625,0.810650888,9.5625,0.810650888,3.923076923,0.59375,4.25,0.619047619,0.815789474,-0.101449275,0.455882353,-0.373737374,0.810457516,-0.104693141,24.8,0.92248062,9.538461538,0.810218978,7.75,0.771428571,7.75,0.771428571,3.179487179,0.521472393,3.444444444,0.55,0.032894737,-0.936305732,0.018382353,-0.963898917,0.032679739,-0.936708861,0.040322581,-0.92248062,0.384615385,-0.444444444,0.3125,-0.523809524,0.3125,-0.523809524,0.128205128,-0.772727273,0.138888889,-0.756097561,0.085526316,-0.842424242,0.047794118,-0.90877193,0.08496732,-0.843373494,0.10483871,-0.810218978,2.6,0.444444444,0.8125,-0.103448276,0.8125,-0.103448276,0.333333333,-0.5,0.361111111,-0.469387755,0.105263158,-0.80952381,0.058823529,-0.888888889,0.104575163,-0.810650888,0.129032258,-0.771428571,3.2,0.523809524,1.230769231,0.103448276,1,0,0.41025641,-0.418181818,0.444444444,-0.384615385,0.105263158,-0.80952381,0.058823529,-0.888888889,0.104575163,-0.810650888,0.129032258,-0.771428571,3.2,0.523809524,1.230769231,0.103448276,1,0,0.41025641,-0.418181818,0.444444444,-0.384615385,0.256578947,-0.591623037,0.143382353,-0.749196141,0.254901961,-0.59375,0.314516129,-0.521472393,7.8,0.772727273,3,0.5,2.4375,0.418181818,2.4375,0.418181818,1.083333333,0.04,0.236842105,-0.617021277,0.132352941,-0.766233766,0.235294118,-0.619047619,0.290322581,-0.55,7.2,0.756097561,2.769230769,0.469387755,2.25,0.384615385,2.25,0.384615385,0.923076923,-0.04
112,115,200,438,232,195,16,43,19,38,3.06,0.456621005,-0.373040752,0.862068966,-0.074074074,1.025641026,0.012658228,12.5,0.851851852,4.651162791,0.646090535,10.52631579,0.826484018,5.263157895,0.680672269,1.785714286,0.282051282,1.739130435,0.26984127,2.19,0.373040752,1.887931034,0.307462687,2.246153846,0.383886256,27.375,0.929515419,10.18604651,0.821205821,23.05263158,0.916849015,11.52631579,0.840336134,3.910714286,0.592727273,3.808695652,0.584086799,1.16,0.074074074,0.529680365,-0.307462687,1.18974359,0.086651054,14.5,0.870967742,5.395348837,0.687272727,12.21052632,0.848605578,6.105263158,0.718518519,2.071428571,0.348837209,2.017391304,0.337175793,0.975,-0.012658228,0.445205479,-0.383886256,0.840517241,-0.086651054,12.1875,0.848341232,4.534883721,0.638655462,10.26315789,0.822429907,5.131578947,0.673819742,1.741071429,0.270358306,1.695652174,0.258064516,0.08,-0.851851852,0.03652968,-0.929515419,0.068965517,-0.870967742,0.082051282,-0.848341232,0.372093023,-0.457627119,0.842105263,-0.085714286,0.421052632,-0.407407407,0.142857143,-0.75,0.139130435,-0.755725191,0.215,-0.646090535,0.098173516,-0.821205821,0.185344828,-0.687272727,0.220512821,-0.638655462,2.6875,0.457627119,2.263157895,0.387096774,1.131578947,0.061728395,0.383928571,-0.44516129,0.373913043,-0.455696203,0.095,-0.826484018,0.043378995,-0.916849015,0.081896552,-0.848605578,0.097435897,-0.822429907,1.1875,0.085714286,0.441860465,-0.387096774,0.5,-0.333333333,0.169642857,-0.709923664,0.165217391,-0.71641791,0.19,-0.680672269,0.086757991,-0.840336134,0.163793103,-0.718518519,0.194871795,-0.673819742,2.375,0.407407407,0.88372093,-0.061728395,2,0.333333333,0.339285714,-0.493333333,0.330434783,-0.503267974,0.56,-0.282051282,0.255707763,-0.592727273,0.482758621,-0.348837209,0.574358974,-0.270358306,7,0.75,2.604651163,0.44516129,5.894736842,0.709923664,2.947368421,0.493333333,0.973913043,-0.013215859,0.575,-0.26984127,0.262557078,-0.584086799,0.495689655,-0.337175793,0.58974359,-0.258064516,7.1875,0.755725191,2.674418605,0.455696203,6.052631579,0.71641791,3.026315789,0.503267974,1.026785714,0.013215859
80,81,299,540,211,181,28,25,16,33,12.53,0.553703704,-0.287246722,1.417061611,0.17254902,1.651933702,0.245833333,10.67857143,0.828746177,11.96,0.845679012,18.6875,0.898412698,9.060606061,0.801204819,3.7375,0.577836412,3.691358025,0.573684211,1.806020067,0.287246722,2.559241706,0.438082557,2.983425414,0.497919556,19.28571429,0.901408451,21.6,0.911504425,33.75,0.942446043,16.36363636,0.884816754,6.75,0.741935484,6.666666667,0.739130435,0.705685619,-0.17254902,0.390740741,-0.438082557,1.165745856,0.076530612,7.535714286,0.765690377,8.44,0.788135593,13.1875,0.859030837,6.393939394,0.729508197,2.6375,0.450171821,2.604938272,0.445205479,0.605351171,-0.245833333,0.335185185,-0.497919556,0.857819905,-0.076530612,6.464285714,0.732057416,7.24,0.757281553,11.3125,0.837563452,5.484848485,0.691588785,2.2625,0.38697318,2.234567901,0.381679389,0.093645485,-0.828746177,0.051851852,-0.901408451,0.132701422,-0.765690377,0.154696133,-0.732057416,1.12,0.056603774,1.75,0.272727273,0.848484848,-0.081967213,0.35,-0.481481481,0.345679012,-0.486238532,0.08361204,-0.845679012,0.046296296,-0.911504425,0.118483412,-0.788135593,0.138121547,-0.757281553,0.892857143,-0.056603774,1.5625,0.219512195,0.757575758,-0.137931034,0.3125,-0.523809524,0.308641975,-0.528301887,0.053511706,-0.898412698,0.02962963,-0.942446043,0.075829384,-0.859030837,0.08839779,-0.837563452,0.571428571,-0.272727273,0.64,-0.219512195,0.484848485,-0.346938776,0.2,-0.666666667,0.197530864,-0.670103093,0.110367893,-0.801204819,0.061111111,-0.884816754,0.156398104,-0.729508197,0.182320442,-0.691588785,1.178571429,0.081967213,1.32,0.137931034,2.0625,0.346938776,0.4125,-0.415929204,0.407407407,-0.421052632,0.267558528,-0.577836412,0.148148148,-0.741935484,0.379146919,-0.450171821,0.44198895,-0.38697318,2.857142857,0.481481481,3.2,0.523809524,5,0.666666667,2.424242424,0.415929204,0.987654321,-0.00621118,0.27090301,-0.573684211,0.15,-0.739130435,0.383886256,-0.445205479,0.447513812,-0.381679389,2.892857143,0.486238532,3.24,0.528301887,5.0625,0.670103093,2.454545455,0.421052632,1.0125,0.00621118
508,536,988,1006,676,676,646,739,792,739,13.73,0.982107356,-0.009027081,1.461538462,0.1875,1.461538462,0.1875,1.529411765,0.209302326,1.336941813,0.14418066,1.247474747,0.11011236,1.336941813,0.14418066,1.94488189,0.320855615,1.843283582,0.296587927,1.018218623,0.009027081,1.48816568,0.196195006,1.48816568,0.196195006,1.557275542,0.217917676,1.361299053,0.153008596,1.27020202,0.119021135,1.361299053,0.153008596,1.980314961,0.328929987,1.876865672,0.304798962,0.684210526,-0.1875,0.671968191,-0.196195006,1,0,1.046439628,0.02269289,0.914749662,-0.044522968,0.853535354,-0.079019074,0.914749662,-0.044522968,1.330708661,0.141891892,1.26119403,0.115511551,0.684210526,-0.1875,0.671968191,-0.196195006,1,0,1.046439628,0.02269289,0.914749662,-0.044522968,0.853535354,-0.079019074,0.914749662,-0.044522968,1.330708661,0.141891892,1.26119403,0.115511551,0.653846154,-0.209302326,0.642147117,-0.217917676,0.955621302,-0.02269289,0.955621302,-0.02269289,0.874154263,-0.067148014,0.815656566,-0.101529903,0.874154263,-0.067148014,1.271653543,0.119584055,1.205223881,0.093062606,0.747975709,-0.14418066,0.734592445,-0.153008596,1.093195266,0.044522968,1.093195266,0.044522968,1.143962848,0.067148014,0.933080808,-0.034617897,1,0,1.454724409,0.185244587,1.378731343,0.159215686,0.801619433,-0.11011236,0.787276342,-0.119021135,1.171597633,0.079019074,1.171597633,0.079019074,1.226006192,0.101529903,1.071718539,0.034617897,1.071718539,0.034617897,1.559055118,0.218461538,1.47761194,0.192771084,0.747975709,-0.14418066,0.734592445,-0.153008596,1.093195266,0.044522968,1.093195266,0.044522968,1.143962848,0.067148014,1,0,0.933080808,-0.034617897,1.454724409,0.185244587,1.378731343,0.159215686,0.51417004,-0.320855615,0.504970179,-0.328929987,0.75147929,-0.141891892,0.75147929,-0.141891892,0.786377709,-0.119584055,0.687415426,-0.185244587,0.641414141,-0.218461538,0.687415426,-0.185244587,0.947761194,-0.026819923,0.542510121,-0.296587927,0.532803181,-0.304798962,0.792899408,-0.115511551,0.792899408,-0.115511551,0.829721362,-0.093062606,0.725304465,-0.159215686,0.676767677,-0.192771084,0.725304465,-0.159215686,1.05511811,0.026819923
265,233,494,648,425,373,210,195,205,184,4.39,0.762345679,-0.134851138,1.162352941,0.07508161,1.324396783,0.139561707,2.352380952,0.403409091,2.533333333,0.433962264,2.409756098,0.413447783,2.684782609,0.457227139,1.864150943,0.30171278,2.120171674,0.359009629,1.311740891,0.134851138,1.524705882,0.207828518,1.737265416,0.269343781,3.085714286,0.51048951,3.323076923,0.537366548,3.16097561,0.519343494,3.52173913,0.557692308,2.445283019,0.419496166,2.78111588,0.471055619,0.860323887,-0.07508161,0.655864198,-0.207828518,1.139410188,0.065162907,2.023809524,0.338582677,2.179487179,0.370967742,2.073170732,0.349206349,2.309782609,0.395730706,1.603773585,0.231884058,1.824034335,0.291793313,0.755060729,-0.139561707,0.575617284,-0.269343781,0.877647059,-0.065162907,1.776190476,0.279588336,1.912820513,0.313380282,1.819512195,0.290657439,2.027173913,0.339317774,1.40754717,0.169278997,1.600858369,0.231023102,0.425101215,-0.403409091,0.324074074,-0.51048951,0.494117647,-0.338582677,0.563002681,-0.279588336,1.076923077,0.037037037,1.024390244,0.012048193,1.141304348,0.065989848,0.79245283,-0.115789474,0.901287554,-0.051918736,0.394736842,-0.433962264,0.300925926,-0.537366548,0.458823529,-0.370967742,0.522788204,-0.313380282,0.928571429,-0.037037037,0.951219512,-0.025,1.059782609,0.029023747,0.735849057,-0.152173913,0.836909871,-0.088785047,0.414979757,-0.413447783,0.316358025,-0.519343494,0.482352941,-0.349206349,0.549597855,-0.290657439,0.976190476,-0.012048193,1.051282051,0.025,1.114130435,0.053984576,0.773584906,-0.127659574,0.879828326,-0.063926941,0.372469636,-0.457227139,0.283950617,-0.557692308,0.432941176,-0.395730706,0.493297587,-0.339317774,0.876190476,-0.065989848,0.943589744,-0.029023747,0.897560976,-0.053984576,0.694339623,-0.180400891,0.789699571,-0.117505995,0.536437247,-0.30171278,0.408950617,-0.419496166,0.623529412,-0.231884058,0.710455764,-0.169278997,1.261904762,0.115789474,1.358974359,0.152173913,1.292682927,0.127659574,1.440217391,0.180400891,1.137339056,0.064257028,0.471659919,-0.359009629,0.359567901,-0.471055619,0.548235294,-0.291793313,0.624664879,-0.231023102,1.10952381,0.051918736,1.194871795,0.088785047,1.136585366,0.063926941,1.266304348,0.117505995,0.879245283,-0.064257028
268,249,549,670,428,374,217,225,221,191,3.23,0.819402985,-0.09926169,1.28271028,0.123848516,1.467914439,0.189599133,2.529953917,0.433420366,2.44,0.418604651,2.484162896,0.425974026,2.87434555,0.483783784,2.048507463,0.343941248,2.204819277,0.37593985,1.220400729,0.09926169,1.565420561,0.220400729,1.79144385,0.283524904,3.087557604,0.510710259,2.977777778,0.497206704,3.031674208,0.503928171,3.507853403,0.556329849,2.5,0.428571429,2.690763052,0.458106638,0.779599271,-0.123848516,0.63880597,-0.220400729,1.144385027,0.067331671,1.97235023,0.327131783,1.902222222,0.310872894,1.936651584,0.318952234,2.240837696,0.382875606,1.597014925,0.229885057,1.718875502,0.264401773,0.681238616,-0.189599133,0.558208955,-0.283524904,0.873831776,-0.067331671,1.723502304,0.265651438,1.662222222,0.248747913,1.692307692,0.257142857,1.958115183,0.323893805,1.395522388,0.165109034,1.502008032,0.200642055,0.395264117,-0.433420366,0.323880597,-0.510710259,0.507009346,-0.327131783,0.580213904,-0.265651438,0.964444444,-0.018099548,0.981900452,-0.00913242,1.136125654,0.06372549,0.809701493,-0.105154639,0.871485944,-0.068669528,0.409836066,-0.418604651,0.335820896,-0.497206704,0.525700935,-0.310872894,0.601604278,-0.248747913,1.036866359,0.018099548,1.018099548,0.00896861,1.178010471,0.081730769,0.839552239,-0.087221095,0.903614458,-0.050632911,0.402550091,-0.425974026,0.329850746,-0.503928171,0.51635514,-0.318952234,0.590909091,-0.257142857,1.01843318,0.00913242,0.982222222,-0.00896861,1.157068063,0.072815534,0.824626866,-0.096114519,0.887550201,-0.059574468,0.347905282,-0.483783784,0.285074627,-0.556329849,0.446261682,-0.382875606,0.510695187,-0.323893805,0.880184332,-0.06372549,0.848888889,-0.081730769,0.864253394,-0.072815534,0.712686567,-0.167755991,0.767068273,-0.131818182,0.488160291,-0.343941248,0.4,-0.428571429,0.626168224,-0.229885057,0.71657754,-0.165109034,1.235023041,0.105154639,1.191111111,0.087221095,1.212669683,0.096114519,1.403141361,0.167755991,1.076305221,0.036750484,0.453551913,-0.37593985,0.371641791,-0.458106638,0.581775701,-0.264401773,0.665775401,-0.200642055,1.147465438,0.068669528,1.106666667,0.050632911,1.126696833,0.059574468,1.303664921,0.131818182,0.929104478,-0.036750484
664,578,1675,1909,1246,1158,798,805,725,750,12.06,0.877422734,-0.065290179,1.344301766,0.146867511,1.446459413,0.182492058,2.098997494,0.354630004,2.080745342,0.350806452,2.310344828,0.395833333,2.233333333,0.381443299,2.522590361,0.432235998,2.897923875,0.486906347,1.139701493,0.065290179,1.532102729,0.210142631,1.648531952,0.244864689,2.392230576,0.410417436,2.371428571,0.406779661,2.633103448,0.449506454,2.545333333,0.43587815,2.875,0.483870968,3.302768166,0.535182951,0.743880597,-0.146867511,0.652697748,-0.210142631,1.075993092,0.036605657,1.561403509,0.219178082,1.547826087,0.215017065,1.71862069,0.264332826,1.661333333,0.248496994,1.876506024,0.304712042,2.155709343,0.36622807,0.691343284,-0.182492058,0.606600314,-0.244864689,0.929373997,-0.036605657,1.45112782,0.18404908,1.438509317,0.179826796,1.597241379,0.229952204,1.544,0.213836478,1.743975904,0.271130626,2.003460208,0.334101382,0.47641791,-0.354630004,0.418019906,-0.410417436,0.640449438,-0.219178082,0.689119171,-0.18404908,0.991304348,-0.004366812,1.100689655,0.047931714,1.064,0.031007752,1.201807229,0.091655267,1.380622837,0.159883721,0.480597015,-0.350806452,0.421686747,-0.406779661,0.646067416,-0.215017065,0.695164076,-0.179826796,1.00877193,0.004366812,1.110344828,0.052287582,1.073333333,0.035369775,1.212349398,0.095983662,1.392733564,0.164135936,0.432835821,-0.395833333,0.37977999,-0.449506454,0.581861958,-0.264332826,0.626079447,-0.229952204,0.908521303,-0.047931714,0.900621118,-0.052287582,0.966666667,-0.016949153,1.09186747,0.043916487,1.25432526,0.112816577,0.447761194,-0.381443299,0.392875851,-0.43587815,0.601926164,-0.248496994,0.647668394,-0.213836478,0.939849624,-0.031007752,0.931677019,-0.035369775,1.034482759,0.016949153,1.129518072,0.060820368,1.297577855,0.129518072,0.39641791,-0.432235998,0.347826087,-0.483870968,0.532905297,-0.304712042,0.573402418,-0.271130626,0.832080201,-0.091655267,0.82484472,-0.095983662,0.915862069,-0.043916487,0.885333333,-0.060820368,1.148788927,0.069243156,0.345074627,-0.486906347,0.302776323,-0.535182951,0.46388443,-0.36622807,0.499136442,-0.334101382,0.724310777,-0.159883721,0.718012422,-0.164135936,0.797241379,-0.112816577,0.770666667,-0.129518072,0.870481928,-0.069243156
609,541,956,1119,850,827,608,590,658,563,10.39,0.854334227,-0.078554217,1.124705882,0.058693245,1.15598549,0.072349972,1.572368421,0.222506394,1.620338983,0.236739974,1.452887538,0.184634449,1.698046181,0.258722844,1.569786535,0.22172524,1.767097967,0.277221109,1.170502092,0.078554217,1.316470588,0.136617572,1.353083434,0.150051387,1.840460526,0.295888825,1.896610169,0.309537741,1.700607903,0.259425999,1.987566607,0.330558859,1.837438424,0.295138889,2.068391867,0.348192771,0.889121339,-0.058693245,0.759606792,-0.136617572,1.027811366,0.013714967,1.398026316,0.165980796,1.440677966,0.180555556,1.291793313,0.127320955,1.509769094,0.203113942,1.395730706,0.165181631,1.57116451,0.222142344,0.865062762,-0.072349972,0.739052726,-0.150051387,0.972941176,-0.013714967,1.360197368,0.15261324,1.401694915,0.167254764,1.256838906,0.113804714,1.468916519,0.189928058,1.357963875,0.151810585,1.528650647,0.209064327,0.635983264,-0.222506394,0.54334227,-0.295888825,0.715294118,-0.165980796,0.735187424,-0.15261324,1.030508475,0.015025042,0.924012158,-0.039494471,1.079928952,0.038428693,0.998357964,-0.000821693,1.123844732,0.058311575,0.617154812,-0.236739974,0.527256479,-0.309537741,0.694117647,-0.180555556,0.713422007,-0.167254764,0.970394737,-0.015025042,0.896656535,-0.054487179,1.047957371,0.023417173,0.968801314,-0.015846539,1.090573013,0.043324492,0.688284519,-0.184634449,0.588025022,-0.259425999,0.774117647,-0.127320955,0.795646917,-0.113804714,1.082236842,0.039494471,1.115254237,0.054487179,1.168738899,0.077805078,1.08045977,0.038674033,1.216266174,0.097581318,0.588912134,-0.258722844,0.503127793,-0.330558859,0.662352941,-0.203113942,0.680773881,-0.189928058,0.925986842,-0.038428693,0.954237288,-0.023417173,0.8556231,-0.077805078,0.924466338,-0.039249147,1.040665434,0.019927536,0.637029289,-0.22172524,0.544235925,-0.295138889,0.716470588,-0.165181631,0.736396614,-0.151810585,1.001644737,0.000821693,1.03220339,0.015846539,0.925531915,-0.038674033,1.081705151,0.039249147,1.125693161,0.059130435,0.565899582,-0.277221109,0.483467382,-0.348192771,0.636470588,-0.222142344,0.654171705,-0.209064327,0.889802632,-0.058311575,0.916949153,-0.043324492,0.82218845,-0.097581318,0.960923623,-0.019927536,0.888341544,-0.059130435
540,484,958,1159,822,689,518,483,520,476,5.09,0.826574633,-0.094945678,1.165450122,0.076404494,1.3904209,0.163327262,1.849420849,0.298102981,1.983436853,0.3296322,1.842307692,0.296346414,2.012605042,0.336122734,1.774074074,0.279038718,1.979338843,0.328710125,1.209812109,0.094945678,1.409975669,0.170116103,1.682148041,0.254329004,2.237451737,0.382230173,2.399585921,0.411693057,2.228846154,0.380583681,2.43487395,0.417737003,2.146296296,0.36433196,2.394628099,0.410833841,0.858037578,-0.076404494,0.709232097,-0.170116103,1.193033382,0.088021178,1.586872587,0.226865672,1.701863354,0.259770115,1.580769231,0.225037258,1.726890756,0.266563945,1.522222222,0.207048458,1.698347107,0.258805513,0.719206681,-0.163327262,0.594477998,-0.254329004,0.838199513,-0.088021178,1.33011583,0.141673571,1.426501035,0.175767918,1.325,0.139784946,1.447478992,0.182832618,1.275925926,0.121236778,1.423553719,0.174765558,0.540709812,-0.298102981,0.446937015,-0.382230173,0.630170316,-0.226865672,0.751814224,-0.141673571,1.072463768,0.034965035,0.996153846,-0.001926782,1.088235294,0.042253521,0.959259259,-0.020793951,1.070247934,0.033932136,0.504175365,-0.3296322,0.416738568,-0.411693057,0.587591241,-0.259770115,0.701015965,-0.175767918,0.932432432,-0.034965035,0.928846154,-0.036889332,1.014705882,0.00729927,0.894444444,-0.055718475,0.997933884,-0.001034126,0.542797495,-0.296346414,0.44866264,-0.380583681,0.632603406,-0.225037258,0.754716981,-0.139784946,1.003861004,0.001926782,1.076604555,0.036889332,1.092436975,0.044176707,0.962962963,-0.018867925,1.074380165,0.035856574,0.496868476,-0.336122734,0.410698878,-0.417737003,0.579075426,-0.266563945,0.690856313,-0.182832618,0.918918919,-0.042253521,0.985507246,-0.00729927,0.915384615,-0.044176707,0.881481481,-0.062992126,0.983471074,-0.008333333,0.563674322,-0.279038718,0.465918896,-0.36433196,0.656934307,-0.207048458,0.783744557,-0.121236778,1.042471042,0.020793951,1.118012422,0.055718475,1.038461538,0.018867925,1.134453782,0.062992126,1.115702479,0.0546875,0.505219207,-0.328710125,0.417601381,-0.410833841,0.588807786,-0.258805513,0.702467344,-0.174765558,0.934362934,-0.033932136,1.002070393,0.001034126,0.930769231,-0.035856574,1.016806723,0.008333333,0.896296296,-0.0546875
1037,922,1476,1673,1296,1280,1056,1054,1064,1034,4.39,0.88224746,-0.062559543,1.138888889,0.064935065,1.153125,0.071117562,1.397727273,0.165876777,1.400379507,0.166798419,1.387218045,0.162204724,1.427466151,0.176095618,1.423336548,0.174691604,1.600867679,0.231025855,1.133468835,0.062559543,1.290895062,0.126978781,1.30703125,0.133084998,1.584280303,0.226090143,1.587286528,0.226989366,1.572368421,0.222506394,1.617988395,0.236054673,1.613307618,0.234686347,1.814533623,0.289402697,0.87804878,-0.064935065,0.774656306,-0.126978781,1.0125,0.00621118,1.227272727,0.102040816,1.229601518,0.102978723,1.218045113,0.098305085,1.253384913,0.112446352,1.24975892,0.111015859,1.405639913,0.168620379,0.867208672,-0.071117562,0.765092648,-0.133084998,0.987654321,-0.00621118,1.212121212,0.095890411,1.214421252,0.096829477,1.203007519,0.092150171,1.237911025,0.106309421,1.234329797,0.104876996,1.388286334,0.162579473,0.715447154,-0.165876777,0.631201435,-0.226090143,0.814814815,-0.102040816,0.825,-0.095890411,1.001897533,0.000947867,0.992481203,-0.003773585,1.021276596,0.010526316,1.018322083,0.009077879,1.145336226,0.067745197,0.714092141,-0.166798419,0.630005977,-0.226989366,0.813271605,-0.102978723,0.8234375,-0.096829477,0.998106061,-0.000947867,0.990601504,-0.004721435,1.01934236,0.009578544,1.016393443,0.008130081,1.143167028,0.066801619,0.720867209,-0.162204724,0.635983264,-0.222506394,0.820987654,-0.098305085,0.83125,-0.092150171,1.007575758,0.003773585,1.009487666,0.004721435,1.02901354,0.014299333,1.026036644,0.012851023,1.154013015,0.071500504,0.700542005,-0.176095618,0.618051405,-0.236054673,0.797839506,-0.112446352,0.8078125,-0.106309421,0.979166667,-0.010526316,0.981024668,-0.009578544,0.971804511,-0.014299333,0.99710704,-0.001448576,1.121475054,0.057259714,0.702574526,-0.174691604,0.619844591,-0.234686347,0.800154321,-0.111015859,0.81015625,-0.104876996,0.982007576,-0.009077879,0.983870968,-0.008130081,0.97462406,-0.012851023,1.002901354,0.001448576,1.12472885,0.05870342,0.624661247,-0.231025855,0.551105798,-0.289402697,0.711419753,-0.168620379,0.7203125,-0.162579473,0.873106061,-0.067745197,0.874762808,-0.066801619,0.866541353,-0.071500504,0.891682785,-0.057259714,0.889103182,-0.05870342
969,860,1154,1389,1192,1207,969,986,968,956,11.9,0.830813535,-0.092410539,0.968120805,-0.016197783,0.956089478,-0.022448115,1.190918473,0.087140838,1.170385396,0.078504673,1.19214876,0.087653157,1.207112971,0.093838863,1.190918473,0.087140838,1.341860465,0.145978153,1.203639515,0.092410539,1.165268456,0.076327005,1.150787075,0.070107858,1.433436533,0.178117048,1.40872211,0.169684211,1.434917355,0.178616886,1.45292887,0.184648188,1.433436533,0.178117048,1.615116279,0.235215651,1.032928943,0.016197783,0.858171346,-0.076327005,0.987572494,-0.006252605,1.230134159,0.103192966,1.208924949,0.094582185,1.231404959,0.103703704,1.246861925,0.109869646,1.230134159,0.103192966,1.386046512,0.161793372,1.04592721,0.022448115,0.868970482,-0.070107858,1.012583893,0.006252605,1.245614035,0.109375,1.224137931,0.100775194,1.246900826,0.109885057,1.262552301,0.116042534,1.245614035,0.109375,1.403488372,0.167876149,0.839688042,-0.087140838,0.69762419,-0.178117048,0.812919463,-0.103192966,0.802816901,-0.109375,0.982758621,-0.008695652,1.001033058,0.000516262,1.013598326,0.006753247,1,0,1.126744186,0.059595407,0.854419411,-0.078504673,0.709863211,-0.169684211,0.827181208,-0.094582185,0.816901408,-0.100775194,1.01754386,0.008695652,1.018595041,0.009211873,1.031380753,0.015447992,1.01754386,0.008695652,1.146511628,0.068255688,0.83882149,-0.087653157,0.696904248,-0.178616886,0.812080537,-0.103703704,0.801988401,-0.109885057,0.998968008,-0.000516262,0.981744422,-0.009211873,1.012552301,0.006237006,0.998968008,-0.000516262,1.125581395,0.059080963,0.828422877,-0.093838863,0.688264939,-0.184648188,0.802013423,-0.109869646,0.792046396,-0.116042534,0.986584107,-0.006753247,0.969574037,-0.015447992,0.987603306,-0.006237006,0.986584107,-0.006753247,1.111627907,0.052863436,0.839688042,-0.087140838,0.69762419,-0.178117048,0.812919463,-0.103192966,0.802816901,-0.109375,1,0,0.982758621,-0.008695652,1.001033058,0.000516262,1.013598326,0.006753247,1.126744186,0.059595407,0.745233969,-0.145978153,0.619150468,-0.235215651,0.72147651,-0.161793372,0.712510356,-0.167876149,0.8875129,-0.059595407,0.872210953,-0.068255688,0.888429752,-0.059080963,0.89958159,-0.052863436,0.8875129,-0.059595407
4809,4250,6884,6439,5856,6327,5957,5817,6153,5605,3.49,1.06911011,0.033400886,1.175546448,0.080690738,1.088035404,0.042161835,1.155615243,0.072190639,1.183427884,0.084009133,1.118803836,0.056071182,1.228189117,0.102410121,1.431482637,0.177456598,1.619764706,0.23657266,0.93535735,-0.033400886,1.099556011,0.047417649,1.017701912,0.008773304,1.080913211,0.038883511,1.10692797,0.050750653,1.046481391,0.022712834,1.148795718,0.069246098,1.338947806,0.144914651,1.515058824,0.204789971,0.850668216,-0.080690738,0.90945799,-0.047417649,0.925557136,-0.038660428,0.983045157,-0.008549903,1.006704487,0.003341043,0.951730863,-0.024731451,1.044781445,0.021900358,1.217716781,0.098171589,1.377882353,0.158915496,0.91908774,-0.042161835,0.982605995,-0.008773304,1.080430328,0.038660428,1.062111801,0.030120482,1.087674059,0.041996047,1.028278888,0.013942308,1.128813559,0.060509554,1.315658141,0.136314655,1.488705882,0.196369481,0.865339919,-0.072190639,0.925143656,-0.038883511,1.017247268,0.008549903,0.941520468,-0.030120482,1.024067389,0.011890606,0.96814562,-0.016184971,1.06280107,0.03044456,1.238719068,0.10663199,1.401647059,0.16723817,0.845002905,-0.084009133,0.903401149,-0.050750653,0.993340164,-0.003341043,0.919393077,-0.041996047,0.976498237,-0.011890606,0.945392491,-0.028070175,1.037823372,0.018560672,1.209606987,0.09486166,1.368705882,0.155657097,0.893811737,-0.056071182,0.955583165,-0.022712834,1.050717213,0.024731451,0.972498815,-0.013942308,1.032902468,0.016184971,1.057761733,0.028070175,1.097769848,0.046606566,1.279475983,0.122605364,1.447764706,0.182928002,0.814206856,-0.102410121,0.870476782,-0.069246098,0.957137978,-0.021900358,0.885885886,-0.060509554,0.940909854,-0.03044456,0.963555097,-0.018560672,0.910937754,-0.046606566,1.165522978,0.076435568,1.318823529,0.137493658,0.698576409,-0.177456598,0.746855102,-0.144914651,0.821209016,-0.098171589,0.760075865,-0.136314655,0.807285546,-0.10663199,0.826714801,-0.09486166,0.781569966,-0.122605364,0.857983943,-0.076435568,1.131529412,0.06170659,0.61737362,-0.23657266,0.660040379,-0.204789971,0.725751366,-0.158915496,0.671724356,-0.196369481,0.713446366,-0.16723817,0.730617157,-0.155657097,0.690719974,-0.182928002,0.758251561,-0.137493658,0.883759617,-0.06170659
763,673,928,1144,927,957,780,775,672,747,3.4,0.811188811,-0.104247104,1.001078749,0.000539084,0.96969697,-0.015384615,1.18974359,0.086651054,1.197419355,0.089841456,1.380952381,0.16,1.242302544,0.108059701,1.216251638,0.097575399,1.378900446,0.159275453,1.232758621,0.104247104,1.234088457,0.104780299,1.195402299,0.089005236,1.466666667,0.189189189,1.476129032,0.19228765,1.702380952,0.259911894,1.53145917,0.20994183,1.499344692,0.199790246,1.699851412,0.259218492,0.998922414,-0.000539084,0.810314685,-0.104780299,0.968652038,-0.015923567,1.188461538,0.086115993,1.196129032,0.089306698,1.379464286,0.159474672,1.240963855,0.107526882,1.214941022,0.09704142,1.377414562,0.15875,1.03125,0.015384615,0.836538462,-0.089005236,1.03236246,0.015923567,1.226923077,0.101899827,1.23483871,0.105080831,1.424107143,0.174953959,1.281124498,0.123239437,1.254259502,0.112790698,1.421991085,0.174233129,0.840517241,-0.086651054,0.681818182,-0.189189189,0.841423948,-0.086115993,0.815047022,-0.101899827,1.006451613,0.003215434,1.160714286,0.074380165,1.044176707,0.021611002,1.022280472,0.011017498,1.158989599,0.073640743,0.83512931,-0.089841456,0.677447552,-0.19228765,0.836030205,-0.089306698,0.809822362,-0.105080831,0.993589744,-0.003215434,1.15327381,0.071181755,1.037483266,0.018396846,1.015727392,0.007802341,1.151560178,0.070441989,0.724137931,-0.16,0.587412587,-0.259911894,0.724919094,-0.159474672,0.702194357,-0.174953959,0.861538462,-0.074380165,0.867096774,-0.071181755,0.899598394,-0.052854123,0.880733945,-0.063414634,0.998514116,-0.000743494,0.804956897,-0.108059701,0.652972028,-0.20994183,0.805825243,-0.107526882,0.780564263,-0.123239437,0.957692308,-0.021611002,0.963870968,-0.018396846,1.111607143,0.052854123,0.979030144,-0.010596026,1.109955423,0.052112676,0.822198276,-0.097575399,0.666958042,-0.199790246,0.823085221,-0.09704142,0.797283177,-0.112790698,0.978205128,-0.011017498,0.984516129,-0.007802341,1.135416667,0.063414634,1.021419009,0.010596026,1.133729569,0.062674095,0.725215517,-0.159275453,0.588286713,-0.259218492,0.725997843,-0.15875,0.703239289,-0.174233129,0.862820513,-0.073640743,0.868387097,-0.070441989,1.001488095,0.000743494,0.900937082,-0.052112676,0.882044561,-0.062674095
577,538,764,923,758,746,547,547,489,528,5.15,0.827735645,-0.094250148,1.007915567,0.003942181,1.024128686,0.01192053,1.396709324,0.165522502,1.396709324,0.165522502,1.562372188,0.219473264,1.446969697,0.182662539,1.324090121,0.139448173,1.420074349,0.173579109,1.208115183,0.094250148,1.2176781,0.09815586,1.237265416,0.106051528,1.68738574,0.255782313,1.68738574,0.255782313,1.887525562,0.307365439,1.748106061,0.272226051,1.59965338,0.230666667,1.715613383,0.263518138,0.992146597,-0.003942181,0.821235103,-0.09815586,1.016085791,0.007978723,1.385740402,0.161685824,1.385740402,0.161685824,1.550102249,0.215717723,1.435606061,0.178849145,1.313691508,0.135580524,1.408921933,0.169753086,0.976439791,-0.01192053,0.80823402,-0.106051528,0.984168865,-0.007978723,1.363802559,0.153905646,1.363802559,0.153905646,1.525562372,0.208097166,1.412878788,0.1711146,1.292894281,0.127739985,1.3866171,0.161993769,0.715968586,-0.165522502,0.592632719,-0.255782313,0.721635884,-0.161685824,0.733243968,-0.153905646,1,0,1.118609407,0.055984556,1.035984848,0.017674419,0.948006932,-0.026690391,1.016728625,0.008294931,0.715968586,-0.165522502,0.592632719,-0.255782313,0.721635884,-0.161685824,0.733243968,-0.153905646,1,0,1.118609407,0.055984556,1.035984848,0.017674419,0.948006932,-0.026690391,1.016728625,0.008294931,0.640052356,-0.219473264,0.52979415,-0.307365439,0.645118734,-0.215717723,0.655495979,-0.208097166,0.893967093,-0.055984556,0.893967093,-0.055984556,0.926136364,-0.038348083,0.847487002,-0.082551595,0.908921933,-0.047711782,0.691099476,-0.182662539,0.572047671,-0.272226051,0.696569921,-0.178849145,0.707774799,-0.1711146,0.965265082,-0.017674419,0.965265082,-0.017674419,1.079754601,0.038348083,0.91507799,-0.044343891,0.981412639,-0.009380863,0.755235602,-0.139448173,0.625135428,-0.230666667,0.76121372,-0.135580524,0.773458445,-0.127739985,1.054844607,0.026690391,1.054844607,0.026690391,1.1799591,0.082551595,1.09280303,0.044343891,1.072490706,0.034977578,0.704188482,-0.173579109,0.582881907,-0.263518138,0.709762533,-0.169753086,0.721179625,-0.161993769,0.983546618,-0.008294931,0.983546618,-0.008294931,1.100204499,0.047711782,1.018939394,0.009380863,0.932409012,-0.034977578
660,573,836,1003,808,809,652,634,648,635,2.44,0.833499501,-0.090810223,1.034653465,0.01703163,1.033374536,0.016413374,1.282208589,0.123655914,1.318611987,0.137414966,1.290123457,0.126684636,1.316535433,0.13664174,1.266666667,0.117647059,1.458987784,0.186657204,1.199760766,0.090810223,1.241336634,0.107675318,1.239802225,0.107064018,1.538343558,0.212084592,1.582018927,0.22541234,1.547839506,0.215021199,1.579527559,0.224664225,1.51969697,0.206253758,1.7504363,0.27284264,0.966507177,-0.01703163,0.80558325,-0.107675318,0.998763906,-0.000618429,1.239263804,0.106849315,1.27444795,0.120665742,1.24691358,0.10989011,1.272440945,0.11988912,1.224242424,0.100817439,1.410122164,0.170166546,0.967703349,-0.016413374,0.806580259,-0.107064018,1.001237624,0.000618429,1.240797546,0.107460643,1.276025237,0.121275121,1.24845679,0.11050103,1.274015748,0.120498615,1.225757576,0.101429544,1.411867365,0.170767004,0.779904306,-0.123655914,0.65004985,-0.212084592,0.806930693,-0.106849315,0.805933251,-0.107460643,1.028391167,0.01399689,1.00617284,0.003076923,1.026771654,0.013209013,0.987878788,-0.006097561,1.137870855,0.064489796,0.758373206,-0.137414966,0.632103689,-0.22541234,0.784653465,-0.120665742,0.78368356,-0.121275121,0.972392638,-0.01399689,0.978395062,-0.010920437,0.998425197,-0.000788022,0.960606061,-0.020092736,1.106457243,0.050538525,0.775119617,-0.126684636,0.646061815,-0.215021199,0.801980198,-0.10989011,0.800988875,-0.11050103,0.993865031,-0.003076923,1.022082019,0.010920437,1.020472441,0.010132502,0.981818182,-0.009174312,1.130890052,0.061425061,0.759569378,-0.13664174,0.633100698,-0.224664225,0.785891089,-0.11988912,0.784919654,-0.120498615,0.97392638,-0.013209013,1.001577287,0.000788022,0.979938272,-0.010132502,0.962121212,-0.019305019,1.108202443,0.051324503,0.789473684,-0.117647059,0.658025922,-0.206253758,0.816831683,-0.100817439,0.815822002,-0.101429544,1.012269939,0.006097561,1.041009464,0.020092736,1.018518519,0.009174312,1.039370079,0.019305019,1.151832461,0.070559611,0.685406699,-0.186657204,0.571286142,-0.27284264,0.709158416,-0.170166546,0.708281829,-0.170767004,0.878834356,-0.064489796,0.903785489,-0.050538525,0.884259259,-0.061425061,0.902362205,-0.051324503,0.868181818,-0.070559611
132,108,180,288,191,215,86,108,79,100,2.58,0.625,-0.230769231,0.942408377,-0.029649596,0.837209302,-0.088607595,2.093023256,0.353383459,1.666666667,0.25,2.278481013,0.38996139,1.8,0.285714286,1.363636364,0.153846154,1.666666667,0.25,1.6,0.230769231,1.507853403,0.202505219,1.339534884,0.145129225,3.348837209,0.540106952,2.666666667,0.454545455,3.64556962,0.569482289,2.88,0.484536082,2.181818182,0.371428571,2.666666667,0.454545455,1.061111111,0.029649596,0.663194444,-0.202505219,0.888372093,-0.0591133,2.220930233,0.379061372,1.768518519,0.277591973,2.417721519,0.414814815,1.91,0.312714777,1.446969697,0.182662539,1.768518519,0.277591973,1.194444444,0.088607595,0.746527778,-0.145129225,1.12565445,0.0591133,2.5,0.428571429,1.990740741,0.33126935,2.721518987,0.462585034,2.15,0.365079365,1.628787879,0.239193084,1.990740741,0.33126935,0.477777778,-0.353383459,0.298611111,-0.540106952,0.45026178,-0.379061372,0.4,-0.428571429,0.796296296,-0.113402062,1.088607595,0.042424242,0.86,-0.075268817,0.651515152,-0.211009174,0.796296296,-0.113402062,0.6,-0.25,0.375,-0.454545455,0.565445026,-0.277591973,0.502325581,-0.33126935,1.255813953,0.113402062,1.367088608,0.155080214,1.08,0.038461538,0.818181818,-0.1,1,0,0.438888889,-0.38996139,0.274305556,-0.569482289,0.413612565,-0.414814815,0.36744186,-0.462585034,0.918604651,-0.042424242,0.731481481,-0.155080214,0.79,-0.117318436,0.598484848,-0.251184834,0.731481481,-0.155080214,0.555555556,-0.285714286,0.347222222,-0.484536082,0.523560209,-0.312714777,0.465116279,-0.365079365,1.162790698,0.075268817,0.925925926,-0.038461538,1.265822785,0.117318436,0.757575758,-0.137931034,0.925925926,-0.038461538,0.733333333,-0.153846154,0.458333333,-0.371428571,0.691099476,-0.182662539,0.613953488,-0.239193084,1.534883721,0.211009174,1.222222222,0.1,1.670886076,0.251184834,1.32,0.137931034,1.222222222,0.1,0.6,-0.25,0.375,-0.454545455,0.565445026,-0.277591973,0.502325581,-0.33126935,1.255813953,0.113402062,1,0,1.367088608,0.155080214,1.08,0.038461538,0.818181818,-0.1
12,11,82,89,70,64,1,1,1,1,3.15,0.921348315,-0.040935673,1.171428571,0.078947368,1.28125,0.123287671,82,0.975903614,82,0.975903614,82,0.975903614,82,0.975903614,6.833333333,0.744680851,7.454545455,0.76344086,1.085365854,0.040935673,1.271428571,0.119496855,1.390625,0.163398693,89,0.977777778,89,0.977777778,89,0.977777778,89,0.977777778,7.416666667,0.762376238,8.090909091,0.78,0.853658537,-0.078947368,0.786516854,-0.119496855,1.09375,0.044776119,70,0.971830986,70,0.971830986,70,0.971830986,70,0.971830986,5.833333333,0.707317073,6.363636364,0.728395062,0.780487805,-0.123287671,0.719101124,-0.163398693,0.914285714,-0.044776119,64,0.969230769,64,0.969230769,64,0.969230769,64,0.969230769,5.333333333,0.684210526,5.818181818,0.706666667,0.012195122,-0.975903614,0.011235955,-0.977777778,0.014285714,-0.971830986,0.015625,-0.969230769,1,0,1,0,1,0,0.083333333,-0.846153846,0.090909091,-0.833333333,0.012195122,-0.975903614,0.011235955,-0.977777778,0.014285714,-0.971830986,0.015625,-0.969230769,1,0,1,0,1,0,0.083333333,-0.846153846,0.090909091,-0.833333333,0.012195122,-0.975903614,0.011235955,-0.977777778,0.014285714,-0.971830986,0.015625,-0.969230769,1,0,1,0,1,0,0.083333333,-0.846153846,0.090909091,-0.833333333,0.012195122,-0.975903614,0.011235955,-0.977777778,0.014285714,-0.971830986,0.015625,-0.969230769,1,0,1,0,1,0,0.083333333,-0.846153846,0.090909091,-0.833333333,0.146341463,-0.744680851,0.134831461,-0.762376238,0.171428571,-0.707317073,0.1875,-0.684210526,12,0.846153846,12,0.846153846,12,0.846153846,12,0.846153846,1.090909091,0.043478261,0.134146341,-0.76344086,0.123595506,-0.78,0.157142857,-0.728395062,0.171875,-0.706666667,11,0.833333333,11,0.833333333,11,0.833333333,11,0.833333333,0.916666667,-0.043478261
68,77,68,78,103,138,51,70,29,60,2.77,0.871794872,-0.068493151,0.660194175,-0.204678363,0.492753623,-0.339805825,1.333333333,0.142857143,0.971428571,-0.014492754,2.344827586,0.402061856,1.133333333,0.0625,1,0,0.883116883,-0.062068966,1.147058824,0.068493151,0.757281553,-0.138121547,0.565217391,-0.277777778,1.529411765,0.209302326,1.114285714,0.054054054,2.689655172,0.457943925,1.3,0.130434783,1.147058824,0.068493151,1.012987013,0.006451613,1.514705882,0.204678363,1.320512821,0.138121547,0.746376812,-0.145228216,2.019607843,0.337662338,1.471428571,0.190751445,3.551724138,0.560606061,1.716666667,0.263803681,1.514705882,0.204678363,1.337662338,0.144444444,2.029411765,0.339805825,1.769230769,0.277777778,1.339805825,0.145228216,2.705882353,0.46031746,1.971428571,0.326923077,4.75862069,0.652694611,2.3,0.393939394,2.029411765,0.339805825,1.792207792,0.28372093,0.75,-0.142857143,0.653846154,-0.209302326,0.495145631,-0.337662338,0.369565217,-0.46031746,0.728571429,-0.157024793,1.75862069,0.275,0.85,-0.081081081,0.75,-0.142857143,0.662337662,-0.203125,1.029411765,0.014492754,0.897435897,-0.054054054,0.67961165,-0.190751445,0.507246377,-0.326923077,1.37254902,0.157024793,2.413793103,0.414141414,1.166666667,0.076923077,1.029411765,0.014492754,0.909090909,-0.047619048,0.426470588,-0.402061856,0.371794872,-0.457943925,0.281553398,-0.560606061,0.210144928,-0.652694611,0.568627451,-0.275,0.414285714,-0.414141414,0.483333333,-0.348314607,0.426470588,-0.402061856,0.376623377,-0.452830189,0.882352941,-0.0625,0.769230769,-0.130434783,0.582524272,-0.263803681,0.434782609,-0.393939394,1.176470588,0.081081081,0.857142857,-0.076923077,2.068965517,0.348314607,0.882352941,-0.0625,0.779220779,-0.124087591,1,0,0.871794872,-0.068493151,0.660194175,-0.204678363,0.492753623,-0.339805825,1.333333333,0.142857143,0.971428571,-0.014492754,2.344827586,0.402061856,1.133333333,0.0625,0.883116883,-0.062068966,1.132352941,0.062068966,0.987179487,-0.006451613,0.747572816,-0.144444444,0.557971014,-0.28372093,1.509803922,0.203125,1.1,0.047619048,2.655172414,0.452830189,1.283333333,0.124087591,1.132352941,0.062068966
72,72,335,595,406,323,81,78,90,70,8.03,0.56302521,-0.279569892,0.825123153,-0.095816464,1.037151703,0.018237082,4.135802469,0.610576923,4.294871795,0.622276029,3.722222222,0.576470588,4.785714286,0.654320988,4.652777778,0.646191646,4.652777778,0.646191646,1.776119403,0.279569892,1.465517241,0.188811189,1.842105263,0.296296296,7.345679012,0.76035503,7.628205128,0.76820208,6.611111111,0.737226277,8.5,0.789473684,8.263888889,0.784107946,8.263888889,0.784107946,1.211940299,0.095816464,0.682352941,-0.188811189,1.256965944,0.113854595,5.012345679,0.667351129,5.205128205,0.67768595,4.511111111,0.637096774,5.8,0.705882353,5.638888889,0.69874477,5.638888889,0.69874477,0.964179104,-0.018237082,0.542857143,-0.296296296,0.795566502,-0.113854595,3.987654321,0.599009901,4.141025641,0.610972569,3.588888889,0.564164649,4.614285714,0.643765903,4.486111111,0.635443038,4.486111111,0.635443038,0.241791045,-0.610576923,0.136134454,-0.76035503,0.199507389,-0.667351129,0.250773994,-0.599009901,1.038461538,0.018867925,0.9,-0.052631579,1.157142857,0.072847682,1.125,0.058823529,1.125,0.058823529,0.232835821,-0.622276029,0.131092437,-0.76820208,0.192118227,-0.67768595,0.241486068,-0.610972569,0.962962963,-0.018867925,0.866666667,-0.071428571,1.114285714,0.054054054,1.083333333,0.04,1.083333333,0.04,0.268656716,-0.576470588,0.151260504,-0.737226277,0.221674877,-0.637096774,0.278637771,-0.564164649,1.111111111,0.052631579,1.153846154,0.071428571,1.285714286,0.125,1.25,0.111111111,1.25,0.111111111,0.208955224,-0.654320988,0.117647059,-0.789473684,0.172413793,-0.705882353,0.216718266,-0.643765903,0.864197531,-0.072847682,0.897435897,-0.054054054,0.777777778,-0.125,0.972222222,-0.014084507,0.972222222,-0.014084507,0.214925373,-0.646191646,0.121008403,-0.784107946,0.177339901,-0.69874477,0.222910217,-0.635443038,0.888888889,-0.058823529,0.923076923,-0.04,0.8,-0.111111111,1.028571429,0.014084507,1,0,0.214925373,-0.646191646,0.121008403,-0.784107946,0.177339901,-0.69874477,0.222910217,-0.635443038,0.888888889,-0.058823529,0.923076923,-0.04,0.8,-0.111111111,1.028571429,0.014084507,1,0
206,177,588,738,522,466,268,272,279,233,4.28,0.796747967,-0.113122172,1.126436782,0.059459459,1.261802575,0.115749526,2.194029851,0.373831776,2.161764706,0.36744186,2.107526882,0.356401384,2.52360515,0.432399513,2.854368932,0.481108312,3.322033898,0.537254902,1.255102041,0.113122172,1.413793103,0.171428571,1.583690987,0.225913621,2.753731343,0.467196819,2.713235294,0.461386139,2.64516129,0.451327434,3.167381974,0.520082389,3.582524272,0.563559322,4.169491525,0.613114754,0.887755102,-0.059459459,0.707317073,-0.171428571,1.120171674,0.056680162,1.947761194,0.321518987,1.919117647,0.314861461,1.870967742,0.303370787,2.240343348,0.382781457,2.533980583,0.434065934,2.949152542,0.493562232,0.792517007,-0.115749526,0.631436314,-0.225913621,0.892720307,-0.056680162,1.73880597,0.269754768,1.713235294,0.262872629,1.670250896,0.251006711,2,0.333333333,2.262135922,0.386904762,2.632768362,0.449455677,0.455782313,-0.373831776,0.363143631,-0.467196819,0.513409962,-0.321518987,0.575107296,-0.269754768,0.985294118,-0.007407407,0.960573477,-0.020109689,1.150214592,0.069860279,1.300970874,0.130801688,1.514124294,0.204494382,0.462585034,-0.36744186,0.368563686,-0.461386139,0.521072797,-0.314861461,0.583690987,-0.262872629,1.014925373,0.007407407,0.974910394,-0.012704174,1.167381974,0.077227723,1.32038835,0.138075314,1.536723164,0.211581292,0.474489796,-0.356401384,0.37804878,-0.451327434,0.534482759,-0.303370787,0.598712446,-0.251006711,1.041044776,0.020109689,1.025735294,0.012704174,1.197424893,0.08984375,1.354368932,0.150515464,1.576271186,0.223684211,0.396258503,-0.432399513,0.315718157,-0.520082389,0.446360153,-0.382781457,0.5,-0.333333333,0.869402985,-0.069860279,0.856617647,-0.077227723,0.835125448,-0.08984375,1.131067961,0.061503417,1.316384181,0.136585366,0.350340136,-0.481108312,0.279132791,-0.563559322,0.394636015,-0.434065934,0.442060086,-0.386904762,0.768656716,-0.130801688,0.757352941,-0.138075314,0.738351254,-0.150515464,0.884120172,-0.061503417,1.163841808,0.075718016,0.301020408,-0.537254902,0.239837398,-0.613114754,0.33908046,-0.493562232,0.379828326,-0.449455677,0.660447761,-0.204494382,0.650735294,-0.211581292,0.634408602,-0.223684211,0.759656652,-0.136585366,0.859223301,-0.075718016
555,517,1099,1355,898,786,561,536,555,500,9.22,0.811070111,-0.104319478,1.223830735,0.100650976,1.39821883,0.166047745,1.959001783,0.324096386,2.050373134,0.344342508,1.98018018,0.328899637,2.198,0.374609131,1.98018018,0.328899637,2.125725338,0.360148515,1.232939035,0.104319478,1.508908686,0.202840657,1.723918575,0.265763662,2.415329768,0.41440501,2.527985075,0.433104178,2.441441441,0.418848168,2.71,0.460916442,2.441441441,0.418848168,2.620889749,0.447649573,0.81710646,-0.100650976,0.662730627,-0.202840657,1.142493639,0.066508314,1.600713012,0.230980123,1.675373134,0.252440725,1.618018018,0.236063317,1.796,0.284692418,1.618018018,0.236063317,1.736943907,0.269257951,0.715195632,-0.166047745,0.580073801,-0.265763662,0.875278396,-0.066508314,1.401069519,0.167037862,1.46641791,0.189107413,1.416216216,0.172259508,1.572,0.222395023,1.416216216,0.172259508,1.520309478,0.206446662,0.510464058,-0.324096386,0.41402214,-0.41440501,0.624721604,-0.230980123,0.713740458,-0.167037862,1.046641791,0.022789426,1.010810811,0.005376344,1.122,0.057492931,1.010810811,0.005376344,1.085106383,0.040816327,0.487716106,-0.344342508,0.395571956,-0.433104178,0.59688196,-0.252440725,0.681933842,-0.189107413,0.95543672,-0.022789426,0.965765766,-0.017415215,1.072,0.034749035,0.965765766,-0.017415215,1.036750484,0.018043685,0.50500455,-0.328899637,0.409594096,-0.418848168,0.618040089,-0.236063317,0.70610687,-0.172259508,0.989304813,-0.005376344,1.035447761,0.017415215,1.11,0.052132701,1,0,1.073500967,0.035447761,0.454959054,-0.374609131,0.36900369,-0.460916442,0.556792873,-0.284692418,0.636132316,-0.222395023,0.891265597,-0.057492931,0.932835821,-0.034749035,0.900900901,-0.052132701,0.900900901,-0.052132701,0.967117988,-0.016715831,0.50500455,-0.328899637,0.409594096,-0.418848168,0.618040089,-0.236063317,0.70610687,-0.172259508,0.989304813,-0.005376344,1.035447761,0.017415215,1,0,1.11,0.052132701,1.073500967,0.035447761,0.470427662,-0.360148515,0.381549815,-0.447649573,0.575723831,-0.269257951,0.657760814,-0.206446662,0.921568627,-0.040816327,0.964552239,-0.018043685,0.931531532,-0.035447761,1.034,0.016715831,0.931531532,-0.035447761
549,488,933,1119,832,764,617,626,619,599,2.96,0.833780161,-0.090643275,1.121394231,0.057223796,1.221204188,0.099587507,1.512155592,0.203870968,1.490415335,0.196921103,1.50726979,0.202319588,1.557595993,0.218015666,1.699453552,0.259109312,1.911885246,0.313159747,1.199356913,0.090643275,1.344951923,0.147104049,1.464659686,0.188528943,1.813614263,0.289170507,1.787539936,0.28252149,1.807754443,0.287686997,1.868113523,0.302677532,2.038251366,0.341726619,2.293032787,0.392657125,0.891747053,-0.057223796,0.743521001,-0.147104049,1.089005236,0.042606516,1.348460292,0.148378192,1.329073482,0.141289438,1.344103393,0.146795314,1.388981636,0.162823201,1.515482696,0.204923968,1.704918033,0.260606061,0.81886388,-0.099587507,0.682752458,-0.188528943,0.918269231,-0.042606516,1.238249595,0.106444605,1.220447284,0.099280576,1.234248788,0.104844541,1.275459098,0.121056493,1.391621129,0.163747144,1.56557377,0.220447284,0.66130761,-0.203870968,0.551385165,-0.289170507,0.741586538,-0.148378192,0.807591623,-0.106444605,0.985623003,-0.007240547,0.996768982,-0.001618123,1.030050083,0.014802632,1.123861566,0.058319039,1.264344262,0.116742081,0.670953912,-0.196921103,0.559428061,-0.28252149,0.752403846,-0.141289438,0.819371728,-0.099280576,1.01458671,0.007240547,1.011308562,0.00562249,1.045075125,0.022040816,1.140255009,0.065531915,1.282786885,0.123877917,0.663451233,-0.202319588,0.553172475,-0.287686997,0.743990385,-0.146795314,0.810209424,-0.104844541,1.003241491,0.001618123,0.988817891,-0.00562249,1.033388982,0.016420361,1.127504554,0.059931507,1.268442623,0.11833785,0.642015005,-0.218015666,0.535299374,-0.302677532,0.719951923,-0.162823201,0.784031414,-0.121056493,0.97082658,-0.014802632,0.95686901,-0.022040816,0.967689822,-0.016420361,1.091074681,0.043554007,1.227459016,0.102115915,0.588424437,-0.259109312,0.490616622,-0.341726619,0.659855769,-0.204923968,0.718586387,-0.163747144,0.889789303,-0.058319039,0.876996805,-0.065531915,0.886914378,-0.059931507,0.916527546,-0.043554007,1.125,0.058823529,0.523043944,-0.313159747,0.436103664,-0.392657125,0.586538462,-0.260606061,0.638743455,-0.220447284,0.790923825,-0.116742081,0.779552716,-0.123877917,0.788368336,-0.11833785,0.814691152,-0.102115915,0.888888889,-0.058823529
1064,927,1267,1433,1253,1288,1117,1115,1105,1106,6.96,0.884159107,-0.061481481,1.011173184,0.005555556,0.983695652,-0.008219178,1.134288272,0.062919463,1.13632287,0.063811923,1.146606335,0.068296796,1.14556962,0.067846608,1.190789474,0.087087087,1.366774542,0.154968095,1.131018153,0.061481481,1.143655227,0.067014147,1.11257764,0.053289232,1.282900627,0.123921569,1.285201794,0.124803768,1.296832579,0.129235619,1.295660036,0.128790863,1.346804511,0.147777333,1.545846818,0.21440678,0.988950276,-0.005555556,0.874389393,-0.067014147,0.972826087,-0.013774105,1.1217547,0.057383966,1.123766816,0.058277027,1.133936652,0.062765055,1.132911392,0.06231454,1.177631579,0.081570997,1.35167206,0.149541284,1.016574586,0.008219178,0.898813678,-0.053289232,1.027932961,0.013774105,1.15308863,0.071101871,1.155156951,0.071993342,1.16561086,0.076473046,1.164556962,0.076023392,1.210526316,0.095238095,1.389428263,0.162979684,0.881610103,-0.062919463,0.779483601,-0.123921569,0.891460495,-0.057383966,0.867236025,-0.071101871,1.001793722,0.000896057,1.010859729,0.00540054,1.00994575,0.004948268,1.04981203,0.024300779,1.204962244,0.09295499,0.880031571,-0.063811923,0.778087927,-0.124803768,0.889864326,-0.058277027,0.86568323,-0.071993342,0.99820949,-0.000896057,1.009049774,0.004504505,1.008137432,0.004052229,1.047932331,0.023405232,1.202804746,0.092066601,0.872138911,-0.068296796,0.77110956,-0.129235619,0.88188348,-0.062765055,0.857919255,-0.076473046,0.989256938,-0.00540054,0.99103139,-0.004504505,0.999095841,-0.000452284,1.038533835,0.01890272,1.19201726,0.087598425,0.872928177,-0.067846608,0.771807397,-0.128790863,0.882681564,-0.06231454,0.858695652,-0.076023392,0.990152193,-0.004948268,0.991928251,-0.004052229,1.000904977,0.000452284,1.039473684,0.019354839,1.193096009,0.088047221,0.839779006,-0.087087087,0.742498255,-0.147777333,0.849162011,-0.081570997,0.826086957,-0.095238095,0.952551477,-0.024300779,0.95426009,-0.023405232,0.962895928,-0.01890272,0.962025316,-0.019354839,1.147788565,0.068809643,0.731649566,-0.154968095,0.646894627,-0.21440678,0.739824421,-0.149541284,0.719720497,-0.162979684,0.829901522,-0.09295499,0.831390135,-0.092066601,0.838914027,-0.087598425,0.838155515,-0.088047221,0.871240602,-0.068809643
624,602,742,966,720,707,575,560,488,566,4.23,0.768115942,-0.131147541,1.030555556,0.01504788,1.04950495,0.024154589,1.290434783,0.126803341,1.325,0.139784946,1.520491803,0.206504065,1.310954064,0.134556575,1.189102564,0.086383602,1.23255814,0.104166667,1.301886792,0.131147541,1.341666667,0.145907473,1.366336634,0.154811715,1.68,0.253731343,1.725,0.266055046,1.979508197,0.328748281,1.706713781,0.261096606,1.548076923,0.21509434,1.604651163,0.232142857,0.970350404,-0.01504788,0.745341615,-0.145907473,1.018387553,0.009110021,1.252173913,0.111969112,1.285714286,0.125,1.475409836,0.19205298,1.272084806,0.119751166,1.153846154,0.071428571,1.196013289,0.089258699,0.952830189,-0.024154589,0.731884058,-0.154811715,0.981944444,-0.009110021,1.229565217,0.102964119,1.2625,0.116022099,1.448770492,0.183263598,1.249116608,0.11076198,1.133012821,0.062359128,1.174418605,0.080213904,0.774932615,-0.126803341,0.595238095,-0.253731343,0.798611111,-0.111969112,0.813295615,-0.102964119,1.026785714,0.013215859,1.178278689,0.081843838,1.01590106,0.007887818,0.921474359,-0.040867389,0.955149502,-0.022939677,0.754716981,-0.139784946,0.579710145,-0.266055046,0.777777778,-0.125,0.792079208,-0.116022099,0.973913043,-0.013215859,1.147540984,0.06870229,0.989399293,-0.005328597,0.897435897,-0.054054054,0.930232558,-0.036144578,0.657681941,-0.206504065,0.505175983,-0.328748281,0.677777778,-0.19205298,0.690240453,-0.183263598,0.848695652,-0.081843838,0.871428571,-0.06870229,0.862190813,-0.074003795,0.782051282,-0.122302158,0.810631229,-0.104587156,0.762803235,-0.134556575,0.585921325,-0.261096606,0.786111111,-0.119751166,0.800565771,-0.11076198,0.984347826,-0.007887818,1.010714286,0.005328597,1.159836066,0.074003795,0.907051282,-0.048739496,0.940199336,-0.030821918,0.84097035,-0.086383602,0.645962733,-0.21509434,0.866666667,-0.071428571,0.882602546,-0.062359128,1.085217391,0.040867389,1.114285714,0.054054054,1.278688525,0.122302158,1.102473498,0.048739496,1.03654485,0.017944535,0.811320755,-0.104166667,0.623188406,-0.232142857,0.836111111,-0.089258699,0.851485149,-0.080213904,1.046956522,0.022939677,1.075,0.036144578,1.233606557,0.104587156,1.06360424,0.030821918,0.96474359,-0.017944535
793,722,965,1107,969,1036,856,883,775,847,6.22,0.871725384,-0.068532819,0.995872033,-0.002068252,0.931467181,-0.035482259,1.127336449,0.059857221,1.092865232,0.044372294,1.24516129,0.109195402,1.13931523,0.065121413,1.216897856,0.097838453,1.336565097,0.144042679,1.147150259,0.068532819,1.142414861,0.066473988,1.068532819,0.033131125,1.293224299,0.127865512,1.253680634,0.112562814,1.428387097,0.176408077,1.306965762,0.133060389,1.395964691,0.165263158,1.533240997,0.21049754,1.004145078,0.002068252,0.875338753,-0.066473988,0.935328185,-0.033416459,1.132009346,0.061917808,1.097395243,0.046436285,1.250322581,0.111238532,1.14403778,0.067180617,1.221941992,0.099886493,1.342105263,0.146067416,1.07357513,0.035482259,0.935862692,-0.033131125,1.069143447,0.033416459,1.210280374,0.095137421,1.173272933,0.079729026,1.336774194,0.144119271,1.223140496,0.100371747,1.306431274,0.132859486,1.434903047,0.178612059,0.887046632,-0.059857221,0.773261066,-0.127865512,0.883384933,-0.061917808,0.826254826,-0.095137421,0.969422424,-0.015526164,1.104516129,0.049662784,1.010625738,0.005284792,1.079445145,0.038204973,1.185595568,0.084917617,0.915025907,-0.044372294,0.79765131,-0.112562814,0.91124871,-0.046436285,0.852316602,-0.079729026,1.031542056,0.015526164,1.139354839,0.065138721,1.042502952,0.020809249,1.113493064,0.053699284,1.22299169,0.100311526,0.803108808,-0.109195402,0.700090334,-0.176408077,0.799793602,-0.111238532,0.748069498,-0.144119271,0.905373832,-0.049662784,0.877689694,-0.065138721,0.914994097,-0.044389642,0.977301387,-0.011479592,1.073407202,0.035404142,0.877720207,-0.065121413,0.765130985,-0.133060389,0.874097007,-0.067180617,0.817567568,-0.100371747,0.989485981,-0.005284792,0.959229898,-0.020809249,1.092903226,0.044389642,1.068095839,0.032926829,1.173130194,0.079668579,0.821761658,-0.097838453,0.716350497,-0.165263158,0.818369453,-0.099886493,0.765444015,-0.132859486,0.926401869,-0.038204973,0.898074745,-0.053699284,1.023225806,0.011479592,0.936245573,-0.032926829,1.09833795,0.046864686,0.748186528,-0.144042679,0.652213189,-0.21049754,0.745098039,-0.146067416,0.696911197,-0.178612059,0.843457944,-0.084917617,0.817667044,-0.100311526,0.931612903,-0.035404142,0.852420307,-0.079668579,0.910466583,-0.046864686
809,751,929,1068,923,952,777,765,703,755,27.6,0.869850187,-0.069604407,1.006500542,0.003239741,0.975840336,-0.012227539,1.195624196,0.089097304,1.214379085,0.096812279,1.321479374,0.138480392,1.230463576,0.103325416,1.148331273,0.069044879,1.23701731,0.105952381,1.149623251,0.069604407,1.157096425,0.072827725,1.121848739,0.057425743,1.374517375,0.157723577,1.396078431,0.165302782,1.519203414,0.20609825,1.414569536,0.171695008,1.320148331,0.137986148,1.422103862,0.174271578,0.993541442,-0.003239741,0.86423221,-0.072827725,0.969537815,-0.015466667,1.187902188,0.085882353,1.206535948,0.093601896,1.312944523,0.135301353,1.222516556,0.10011919,1.14091471,0.065819861,1.229027963,0.102747909,1.024757804,0.012227539,0.891385768,-0.057425743,1.031419285,0.015466667,1.225225225,0.101214575,1.244444444,0.108910891,1.354196302,0.150453172,1.260927152,0.115407147,1.176761434,0.081203861,1.267643142,0.118027011,0.836383208,-0.089097304,0.72752809,-0.157723577,0.841820152,-0.085882353,0.816176471,-0.101214575,1.015686275,0.007782101,1.105263158,0.05,1.029139073,0.014360313,0.960444994,-0.020176545,1.034620506,0.017015707,0.823466093,-0.096812279,0.716292135,-0.165302782,0.828819068,-0.093601896,0.803571429,-0.108910891,0.984555985,-0.007782101,1.088193457,0.042234332,1.013245033,0.006578947,0.945611867,-0.027954257,1.018641811,0.009234828,0.756727664,-0.138480392,0.6582397,-0.20609825,0.761646804,-0.135301353,0.738445378,-0.150453172,0.904761905,-0.05,0.918954248,-0.042234332,0.931125828,-0.035665295,0.868974042,-0.07010582,0.93608522,-0.03301238,0.81270183,-0.103325416,0.706928839,-0.171695008,0.817984832,-0.10011919,0.793067227,-0.115407147,0.971685972,-0.014360313,0.986928105,-0.006578947,1.073968706,0.035665295,0.933250927,-0.034526854,1.005326232,0.002656042,0.870828848,-0.069044879,0.757490637,-0.137986148,0.876489707,-0.065819861,0.849789916,-0.081203861,1.041184041,0.020176545,1.05751634,0.027954257,1.150782361,0.07010582,1.071523179,0.034526854,1.07723036,0.037179487,0.808396125,-0.105952381,0.703183521,-0.174271578,0.813651138,-0.102747909,0.788865546,-0.118027011,0.966537967,-0.017015707,0.981699346,-0.009234828,1.068278805,0.03301238,0.994701987,-0.002656042,0.928306551,-0.037179487
22,17,102,213,118,91,12,15,11,25,1.38,0.478873239,-0.352380952,0.86440678,-0.072727273,1.120879121,0.056994819,8.5,0.789473684,6.8,0.743589744,9.272727273,0.805309735,4.08,0.606299213,4.636363636,0.64516129,6,0.714285714,2.088235294,0.352380952,1.805084746,0.287009063,2.340659341,0.401315789,17.75,0.893333333,14.2,0.868421053,19.36363636,0.901785714,8.52,0.789915966,9.681818182,0.812765957,12.52941176,0.852173913,1.156862745,0.072727273,0.55399061,-0.287009063,1.296703297,0.129186603,9.833333333,0.815384615,7.866666667,0.77443609,10.72727273,0.829457364,4.72,0.65034965,5.363636364,0.685714286,6.941176471,0.748148148,0.892156863,-0.056994819,0.427230047,-0.401315789,0.771186441,-0.129186603,7.583333333,0.766990291,6.066666667,0.716981132,8.272727273,0.784313725,3.64,0.568965517,4.136363636,0.610619469,5.352941176,0.685185185,0.117647059,-0.789473684,0.056338028,-0.893333333,0.101694915,-0.815384615,0.131868132,-0.766990291,0.8,-0.111111111,1.090909091,0.043478261,0.48,-0.351351351,0.545454545,-0.294117647,0.705882353,-0.172413793,0.147058824,-0.743589744,0.070422535,-0.868421053,0.127118644,-0.77443609,0.164835165,-0.716981132,1.25,0.111111111,1.363636364,0.153846154,0.6,-0.25,0.681818182,-0.189189189,0.882352941,-0.0625,0.107843137,-0.805309735,0.051643192,-0.901785714,0.093220339,-0.829457364,0.120879121,-0.784313725,0.916666667,-0.043478261,0.733333333,-0.153846154,0.44,-0.388888889,0.5,-0.333333333,0.647058824,-0.214285714,0.245098039,-0.606299213,0.117370892,-0.789915966,0.211864407,-0.65034965,0.274725275,-0.568965517,2.083333333,0.351351351,1.666666667,0.25,2.272727273,0.388888889,1.136363636,0.063829787,1.470588235,0.19047619,0.215686275,-0.64516129,0.103286385,-0.812765957,0.186440678,-0.685714286,0.241758242,-0.610619469,1.833333333,0.294117647,1.466666667,0.189189189,2,0.333333333,0.88,-0.063829787,1.294117647,0.128205128,0.166666667,-0.714285714,0.079812207,-0.852173913,0.144067797,-0.748148148,0.186813187,-0.685185185,1.416666667,0.172413793,1.133333333,0.0625,1.545454545,0.214285714,0.68,-0.19047619,0.772727273,-0.128205128
38,46,93,280,191,193,10,14,18,24,0,0.332142857,-0.501340483,0.486910995,-0.345070423,0.481865285,-0.34965035,9.3,0.805825243,6.642857143,0.738317757,5.166666667,0.675675676,3.875,0.58974359,2.447368421,0.419847328,2.02173913,0.338129496,3.010752688,0.501340483,1.465968586,0.18895966,1.450777202,0.183932347,28,0.931034483,20,0.904761905,15.55555556,0.879194631,11.66666667,0.842105263,7.368421053,0.761006289,6.086956522,0.717791411,2.053763441,0.345070423,0.682142857,-0.18895966,0.989637306,-0.005208333,19.1,0.900497512,13.64285714,0.863414634,10.61111111,0.827751196,7.958333333,0.776744186,5.026315789,0.668122271,4.152173913,0.611814346,2.075268817,0.34965035,0.689285714,-0.183932347,1.010471204,0.005208333,19.3,0.901477833,13.78571429,0.8647343,10.72222222,0.829383886,8.041666667,0.778801843,5.078947368,0.670995671,4.195652174,0.615062762,0.107526882,-0.805825243,0.035714286,-0.931034483,0.052356021,-0.900497512,0.051813472,-0.901477833,0.714285714,-0.166666667,0.555555556,-0.285714286,0.416666667,-0.411764706,0.263157895,-0.583333333,0.217391304,-0.642857143,0.150537634,-0.738317757,0.05,-0.904761905,0.073298429,-0.863414634,0.07253886,-0.8647343,1.4,0.166666667,0.777777778,-0.125,0.583333333,-0.263157895,0.368421053,-0.461538462,0.304347826,-0.533333333,0.193548387,-0.675675676,0.064285714,-0.879194631,0.094240838,-0.827751196,0.093264249,-0.829383886,1.8,0.285714286,1.285714286,0.125,0.75,-0.142857143,0.473684211,-0.357142857,0.391304348,-0.4375,0.258064516,-0.58974359,0.085714286,-0.842105263,0.12565445,-0.776744186,0.124352332,-0.778801843,2.4,0.411764706,1.714285714,0.263157895,1.333333333,0.142857143,0.631578947,-0.225806452,0.52173913,-0.314285714,0.408602151,-0.419847328,0.135714286,-0.761006289,0.19895288,-0.668122271,0.196891192,-0.670995671,3.8,0.583333333,2.714285714,0.461538462,2.111111111,0.357142857,1.583333333,0.225806452,0.826086957,-0.095238095,0.494623656,-0.338129496,0.164285714,-0.717791411,0.240837696,-0.611814346,0.238341969,-0.615062762,4.6,0.642857143,3.285714286,0.533333333,2.555555556,0.4375,1.916666667,0.314285714,1.210526316,0.095238095
69,59,193,435,224,207,62,69,54,46,2.87,0.443678161,-0.385350318,0.861607143,-0.074340528,0.93236715,-0.035,3.112903226,0.51372549,2.797101449,0.473282443,3.574074074,0.562753036,4.195652174,0.615062762,2.797101449,0.473282443,3.271186441,0.531746032,2.25388601,0.385350318,1.941964286,0.320182094,2.101449275,0.355140187,7.016129032,0.750503018,6.304347826,0.726190476,8.055555556,0.779141104,9.456521739,0.808731809,6.304347826,0.726190476,7.372881356,0.761133603,1.160621762,0.074340528,0.514942529,-0.320182094,1.082125604,0.039443155,3.612903226,0.566433566,3.246376812,0.529010239,4.148148148,0.611510791,4.869565217,0.659259259,3.246376812,0.529010239,3.796610169,0.583038869,1.07253886,0.035,0.475862069,-0.355140187,0.924107143,-0.039443155,3.338709677,0.539033457,3,0.5,3.833333333,0.586206897,4.5,0.636363636,3,0.5,3.508474576,0.556390977,0.321243523,-0.51372549,0.142528736,-0.750503018,0.276785714,-0.566433566,0.299516908,-0.539033457,0.898550725,-0.053435115,1.148148148,0.068965517,1.347826087,0.148148148,0.898550725,-0.053435115,1.050847458,0.024793388,0.357512953,-0.473282443,0.15862069,-0.726190476,0.308035714,-0.529010239,0.333333333,-0.5,1.112903226,0.053435115,1.277777778,0.12195122,1.5,0.2,1,0,1.169491525,0.078125,0.279792746,-0.562753036,0.124137931,-0.779141104,0.241071429,-0.611510791,0.260869565,-0.586206897,0.870967742,-0.068965517,0.782608696,-0.12195122,1.173913043,0.08,0.782608696,-0.12195122,0.915254237,-0.044247788,0.238341969,-0.615062762,0.105747126,-0.808731809,0.205357143,-0.659259259,0.222222222,-0.636363636,0.741935484,-0.148148148,0.666666667,-0.2,0.851851852,-0.08,0.666666667,-0.2,0.779661017,-0.123809524,0.357512953,-0.473282443,0.15862069,-0.726190476,0.308035714,-0.529010239,0.333333333,-0.5,1.112903226,0.053435115,1,0,1.277777778,0.12195122,1.5,0.2,1.169491525,0.078125,0.305699482,-0.531746032,0.135632184,-0.761133603,0.263392857,-0.583038869,0.285024155,-0.556390977,0.951612903,-0.024793388,0.855072464,-0.078125,1.092592593,0.044247788,1.282608696,0.123809524,0.855072464,-0.078125
53,41,223,426,238,200,46,40,43,36,2.22,0.523474178,-0.312788906,0.93697479,-0.032537961,1.115,0.054373522,4.847826087,0.657992565,5.575,0.69581749,5.186046512,0.676691729,6.194444444,0.722007722,4.20754717,0.615942029,5.43902439,0.689393939,1.910313901,0.312788906,1.789915966,0.28313253,2.13,0.361022364,9.260869565,0.805084746,10.65,0.82832618,9.906976744,0.81663113,11.83333333,0.844155844,8.037735849,0.778705637,10.3902439,0.824411135,1.067264574,0.032537961,0.558685446,-0.28313253,1.19,0.086757991,5.173913043,0.676056338,5.95,0.712230216,5.534883721,0.693950178,6.611111111,0.737226277,4.490566038,0.635738832,5.804878049,0.70609319,0.896860987,-0.054373522,0.469483568,-0.361022364,0.840336134,-0.086757991,4.347826087,0.62601626,5,0.666666667,4.651162791,0.646090535,5.555555556,0.694915254,3.773584906,0.581027668,4.87804878,0.659751037,0.206278027,-0.657992565,0.107981221,-0.805084746,0.193277311,-0.676056338,0.23,-0.62601626,1.15,0.069767442,1.069767442,0.033707865,1.277777778,0.12195122,0.867924528,-0.070707071,1.12195122,0.057471264,0.179372197,-0.69581749,0.093896714,-0.82832618,0.168067227,-0.712230216,0.2,-0.666666667,0.869565217,-0.069767442,0.930232558,-0.036144578,1.111111111,0.052631579,0.754716981,-0.139784946,0.975609756,-0.012345679,0.192825112,-0.676691729,0.100938967,-0.81663113,0.180672269,-0.693950178,0.215,-0.646090535,0.934782609,-0.033707865,1.075,0.036144578,1.194444444,0.088607595,0.811320755,-0.104166667,1.048780488,0.023809524,0.161434978,-0.722007722,0.084507042,-0.844155844,0.151260504,-0.737226277,0.18,-0.694915254,0.782608696,-0.12195122,0.9,-0.052631579,0.837209302,-0.088607595,0.679245283,-0.191011236,0.87804878,-0.064935065,0.237668161,-0.615942029,0.124413146,-0.778705637,0.222689076,-0.635738832,0.265,-0.581027668,1.152173913,0.070707071,1.325,0.139784946,1.23255814,0.104166667,1.472222222,0.191011236,1.292682927,0.127659574,0.183856502,-0.689393939,0.096244131,-0.824411135,0.172268908,-0.70609319,0.205,-0.659751037,0.891304348,-0.057471264,1.025,0.012345679,0.953488372,-0.023809524,1.138888889,0.064935065,0.773584906,-0.127659574
1864,2176,680,1081,1339,1621,1719,1994,752,2196,0.95,0.629047179,-0.227711528,0.507841673,-0.326399208,0.419494139,-0.408952629,0.395578825,-0.433097124,0.341023069,-0.491398654,0.904255319,-0.05027933,0.309653916,-0.527121001,0.364806867,-0.465408805,0.3125,-0.523809524,1.589705882,0.227711528,0.807318895,-0.10661157,0.666872301,-0.199851962,0.628853985,-0.227857143,0.542126379,-0.296910569,1.4375,0.179487179,0.492258652,-0.340250229,0.579935622,-0.265874363,0.496783088,-0.336198956,1.969117647,0.326399208,1.2386679,0.10661157,0.826033313,-0.09527027,0.778941245,-0.124264225,0.671514544,-0.196519652,1.780585106,0.280726925,0.609744991,-0.242432815,0.718347639,-0.163908835,0.615349265,-0.238122333,2.383823529,0.408952629,1.499537465,0.199851962,1.210604929,0.09527027,0.942990111,-0.029341317,0.812938816,-0.103181189,2.155585106,0.366203118,0.738160291,-0.150641865,0.869635193,-0.069727403,0.744944853,-0.146168027,2.527941176,0.433097124,1.590194265,0.227857143,1.283793876,0.124264225,1.060456508,0.029341317,0.862086259,-0.074064099,2.285904255,0.391339539,0.782786885,-0.12183908,0.9222103,-0.040468881,0.789981618,-0.11732991,2.932352941,0.491398654,1.844588344,0.296910569,1.489171023,0.196519652,1.230104874,0.103181189,1.159976731,0.074064099,2.651595745,0.452294246,0.908014572,-0.048210024,1.069742489,0.033696216,0.916360294,-0.043645084,1.105882353,0.05027933,0.695652174,-0.179487179,0.561613144,-0.280726925,0.463911166,-0.366203118,0.437463642,-0.391339539,0.377131394,-0.452294246,0.342440801,-0.489823609,0.403433476,-0.425076453,0.345588235,-0.486338798,3.229411765,0.527121001,2.031452359,0.340250229,1.640029873,0.242432815,1.354719309,0.150641865,1.277486911,0.12183908,1.101303912,0.048210024,2.920212766,0.489823609,1.178111588,0.081773399,1.009191176,0.004574565,2.741176471,0.465408805,1.724329325,0.265874363,1.392083645,0.163908835,1.149907465,0.069727403,1.084351367,0.040468881,0.934804413,-0.033696216,2.478723404,0.425076453,0.848816029,-0.081773399,0.856617647,-0.077227723,3.2,0.523809524,2.012950971,0.336198956,1.625093353,0.238122333,1.342381246,0.146168027,1.26585224,0.11732991,1.091273821,0.043645084,2.893617021,0.486338798,0.990892532,-0.004574565,1.167381974,0.077227723
60,59,508,666,301,231,90,84,73,59,4.12,0.762762763,-0.134582624,1.687707641,0.255871446,2.199134199,0.374830853,5.644444444,0.698996656,6.047619048,0.716216216,6.95890411,0.748709122,8.610169492,0.791887125,8.466666667,0.788732394,8.610169492,0.791887125,1.311023622,0.134582624,2.212624585,0.37745605,2.883116883,0.484949833,7.4,0.761904762,7.928571429,0.776,9.123287671,0.802435724,11.28813559,0.837241379,11.1,0.834710744,11.28813559,0.837241379,0.592519685,-0.255871446,0.451951952,-0.37745605,1.303030303,0.131578947,3.344444444,0.539641944,3.583333333,0.563636364,4.123287671,0.609625668,5.101694915,0.672222222,5.016666667,0.667590028,5.101694915,0.672222222,0.454724409,-0.374830853,0.346846847,-0.484949833,0.76744186,-0.131578947,2.566666667,0.439252336,2.75,0.466666667,3.164383562,0.519736842,3.915254237,0.593103448,3.85,0.587628866,3.915254237,0.593103448,0.177165354,-0.698996656,0.135135135,-0.761904762,0.299003322,-0.539641944,0.38961039,-0.439252336,1.071428571,0.034482759,1.232876712,0.104294479,1.525423729,0.208053691,1.5,0.2,1.525423729,0.208053691,0.165354331,-0.716216216,0.126126126,-0.776,0.279069767,-0.563636364,0.363636364,-0.466666667,0.933333333,-0.034482759,1.150684932,0.070063694,1.423728814,0.174825175,1.4,0.166666667,1.423728814,0.174825175,0.143700787,-0.748709122,0.10960961,-0.802435724,0.242524917,-0.609625668,0.316017316,-0.519736842,0.811111111,-0.104294479,0.869047619,-0.070063694,1.237288136,0.106060606,1.216666667,0.097744361,1.237288136,0.106060606,0.116141732,-0.791887125,0.088588589,-0.837241379,0.196013289,-0.672222222,0.255411255,-0.593103448,0.655555556,-0.208053691,0.702380952,-0.174825175,0.808219178,-0.106060606,0.983333333,-0.008403361,1,0,0.118110236,-0.788732394,0.09009009,-0.834710744,0.199335548,-0.667590028,0.25974026,-0.587628866,0.666666667,-0.2,0.714285714,-0.166666667,0.821917808,-0.097744361,1.016949153,0.008403361,1.016949153,0.008403361,0.116141732,-0.791887125,0.088588589,-0.837241379,0.196013289,-0.672222222,0.255411255,-0.593103448,0.655555556,-0.208053691,0.702380952,-0.174825175,0.808219178,-0.106060606,1,0,0.983333333,-0.008403361
100,87,379,576,331,263,125,124,118,117,3,0.657986111,-0.206282723,1.145015106,0.067605634,1.441064639,0.180685358,3.032,0.503968254,3.056451613,0.50695825,3.211864407,0.525150905,3.239316239,0.528225806,3.79,0.582463466,4.356321839,0.626609442,1.519788918,0.206282723,1.740181269,0.270121279,2.190114068,0.37306317,4.608,0.643366619,4.64516129,0.645714286,4.881355932,0.659942363,4.923076923,0.662337662,5.76,0.704142012,6.620689655,0.737556561,0.873350923,-0.067605634,0.574652778,-0.270121279,1.258555133,0.114478114,2.648,0.451754386,2.669354839,0.454945055,2.805084746,0.474387528,2.829059829,0.477678571,3.31,0.535962877,3.804597701,0.583732057,0.693931398,-0.180685358,0.456597222,-0.37306317,0.794561934,-0.114478114,2.104,0.355670103,2.120967742,0.359173127,2.228813559,0.380577428,2.247863248,0.384210526,2.63,0.449035813,3.022988506,0.502857143,0.329815303,-0.503968254,0.217013889,-0.643366619,0.377643505,-0.451754386,0.475285171,-0.355670103,1.008064516,0.004016064,1.059322034,0.028806584,1.068376068,0.033057851,1.25,0.111111111,1.436781609,0.179245283,0.327176781,-0.50695825,0.215277778,-0.645714286,0.374622356,-0.454945055,0.47148289,-0.359173127,0.992,-0.004016064,1.050847458,0.024793388,1.05982906,0.029045643,1.24,0.107142857,1.425287356,0.17535545,0.311345646,-0.525150905,0.204861111,-0.659942363,0.356495468,-0.474387528,0.448669202,-0.380577428,0.944,-0.028806584,0.951612903,-0.024793388,1.008547009,0.004255319,1.18,0.082568807,1.356321839,0.151219512,0.308707124,-0.528225806,0.203125,-0.662337662,0.35347432,-0.477678571,0.44486692,-0.384210526,0.936,-0.033057851,0.943548387,-0.029045643,0.991525424,-0.004255319,1.17,0.078341014,1.344827586,0.147058824,0.263852243,-0.582463466,0.173611111,-0.704142012,0.302114804,-0.535962877,0.380228137,-0.449035813,0.8,-0.111111111,0.806451613,-0.107142857,0.847457627,-0.082568807,0.854700855,-0.078341014,1.149425287,0.069518717,0.229551451,-0.626609442,0.151041667,-0.737556561,0.262839879,-0.583732057,0.330798479,-0.502857143,0.696,-0.179245283,0.701612903,-0.17535545,0.737288136,-0.151219512,0.743589744,-0.147058824,0.87,-0.069518717
135,114,297,431,232,198,92,96,76,97,7.31,0.689095128,-0.184065934,1.280172414,0.122873346,1.5,0.2,3.22826087,0.526992288,3.09375,0.511450382,3.907894737,0.592493298,3.06185567,0.507614213,2.2,0.375,2.605263158,0.445255474,1.451178451,0.184065934,1.857758621,0.30015083,2.176767677,0.370429253,4.684782609,0.648183556,4.489583333,0.635673624,5.671052632,0.700197239,4.443298969,0.632575758,3.192592593,0.522968198,3.780701754,0.581651376,0.781144781,-0.122873346,0.538283063,-0.30015083,1.171717172,0.079069767,2.52173913,0.432098765,2.416666667,0.414634146,3.052631579,0.506493506,2.391752577,0.410334347,1.718518519,0.264305177,2.035087719,0.341040462,0.666666667,-0.2,0.459396752,-0.370429253,0.853448276,-0.079069767,2.152173913,0.365517241,2.0625,0.346938776,2.605263158,0.445255474,2.041237113,0.342372881,1.466666667,0.189189189,1.736842105,0.269230769,0.30976431,-0.526992288,0.213457077,-0.648183556,0.396551724,-0.432098765,0.464646465,-0.365517241,0.958333333,-0.021276596,1.210526316,0.095238095,0.948453608,-0.026455026,0.681481481,-0.189427313,0.807017544,-0.106796117,0.323232323,-0.511450382,0.222737819,-0.635673624,0.413793103,-0.414634146,0.484848485,-0.346938776,1.043478261,0.021276596,1.263157895,0.11627907,0.989690722,-0.005181347,0.711111111,-0.168831169,0.842105263,-0.085714286,0.255892256,-0.592493298,0.176334107,-0.700197239,0.327586207,-0.506493506,0.383838384,-0.445255474,0.826086957,-0.095238095,0.791666667,-0.11627907,0.783505155,-0.121387283,0.562962963,-0.279620853,0.666666667,-0.2,0.326599327,-0.507614213,0.225058005,-0.632575758,0.418103448,-0.410334347,0.48989899,-0.342372881,1.054347826,0.026455026,1.010416667,0.005181347,1.276315789,0.121387283,0.718518519,-0.163793103,0.850877193,-0.08056872,0.454545455,-0.375,0.313225058,-0.522968198,0.581896552,-0.264305177,0.681818182,-0.189189189,1.467391304,0.189427313,1.40625,0.168831169,1.776315789,0.279620853,1.391752577,0.163793103,1.184210526,0.084337349,0.383838384,-0.445255474,0.26450116,-0.581651376,0.49137931,-0.341040462,0.575757576,-0.269230769,1.239130435,0.106796117,1.1875,0.085714286,1.5,0.2,1.175257732,0.08056872,0.844444444,-0.084337349
230,203,471,614,393,359,270,243,264,244,1.76,0.767100977,-0.131797235,1.198473282,0.090277778,1.311977716,0.134939759,1.744444444,0.271255061,1.938271605,0.319327731,1.784090909,0.281632653,1.930327869,0.317482517,2.047826087,0.343794579,2.320197044,0.397626113,1.303609342,0.131797235,1.562340967,0.219463754,1.710306407,0.262076053,2.274074074,0.389140271,2.526748971,0.432905484,2.325757576,0.398633257,2.516393443,0.431235431,2.669565217,0.454976303,3.024630542,0.503059976,0.834394904,-0.090277778,0.640065147,-0.219463754,1.094707521,0.045212766,1.455555556,0.185520362,1.617283951,0.235849057,1.488636364,0.196347032,1.610655738,0.233908948,1.708695652,0.261637239,1.935960591,0.318791946,0.762208068,-0.134939759,0.584690554,-0.262076053,0.913486005,-0.045212766,1.32962963,0.141494436,1.477366255,0.19269103,1.359848485,0.152487961,1.471311475,0.190713101,1.560869565,0.21901528,1.768472906,0.277580071,0.573248408,-0.271255061,0.439739414,-0.389140271,0.687022901,-0.185520362,0.752089136,-0.141494436,1.111111111,0.052631579,1.022727273,0.011235955,1.106557377,0.050583658,1.173913043,0.08,1.330049261,0.141649049,0.515923567,-0.319327731,0.395765472,-0.432905484,0.618320611,-0.235849057,0.676880223,-0.19269103,0.9,-0.052631579,0.920454545,-0.041420118,0.995901639,-0.002053388,1.056521739,0.027484144,1.197044335,0.089686099,0.560509554,-0.281632653,0.429967427,-0.398633257,0.671755725,-0.196347032,0.735376045,-0.152487961,0.977777778,-0.011235955,1.086419753,0.041420118,1.081967213,0.039370079,1.147826087,0.068825911,1.300492611,0.130620985,0.518046709,-0.317482517,0.397394137,-0.431235431,0.62086514,-0.233908948,0.679665738,-0.190713101,0.903703704,-0.050583658,1.004115226,0.002053388,0.924242424,-0.039370079,1.060869565,0.029535865,1.201970443,0.091722595,0.488322718,-0.343794579,0.374592834,-0.454976303,0.58524173,-0.261637239,0.640668524,-0.21901528,0.851851852,-0.08,0.946502058,-0.027484144,0.871212121,-0.068825911,0.942622951,-0.029535865,1.133004926,0.062355658,0.430997877,-0.397626113,0.330618893,-0.503059976,0.51653944,-0.318791946,0.56545961,-0.277580071,0.751851852,-0.141649049,0.835390947,-0.089686099,0.768939394,-0.130620985,0.831967213,-0.091722595,0.882608696,-0.062355658
250,217,539,659,448,403,293,294,321,293,2.55,0.817905918,-0.100166945,1.203125,0.092198582,1.337468983,0.144373673,1.839590444,0.295673077,1.833333333,0.294117647,1.679127726,0.253488372,1.839590444,0.295673077,2.156,0.366286439,2.483870968,0.425925926,1.222634508,0.100166945,1.470982143,0.190605239,1.635235732,0.241054614,2.249146758,0.384453782,2.241496599,0.383001049,2.052959502,0.344897959,2.249146758,0.384453782,2.636,0.449944994,3.036866359,0.50456621,0.831168831,-0.092198582,0.679817906,-0.190605239,1.111662531,0.052878966,1.529010239,0.209176788,1.523809524,0.20754717,1.395638629,0.165149545,1.529010239,0.209176788,1.792,0.283667622,2.064516129,0.347368421,0.747680891,-0.144373673,0.611532625,-0.241054614,0.899553571,-0.052878966,1.375426621,0.158045977,1.370748299,0.156384505,1.255451713,0.113259669,1.375426621,0.158045977,1.612,0.234303216,1.857142857,0.3,0.543599258,-0.295673077,0.44461305,-0.384453782,0.654017857,-0.209176788,0.727047146,-0.158045977,0.996598639,-0.001703578,0.912772586,-0.045602606,1,0,1.172,0.079189687,1.350230415,0.149019608,0.545454545,-0.294117647,0.446130501,-0.383001049,0.65625,-0.20754717,0.729528536,-0.156384505,1.003412969,0.001703578,0.91588785,-0.043902439,1.003412969,0.001703578,1.176,0.080882353,1.35483871,0.150684932,0.59554731,-0.253488372,0.487101669,-0.344897959,0.716517857,-0.165149545,0.796526055,-0.113259669,1.09556314,0.045602606,1.091836735,0.043902439,1.09556314,0.045602606,1.284,0.124343257,1.479262673,0.19330855,0.543599258,-0.295673077,0.44461305,-0.384453782,0.654017857,-0.209176788,0.727047146,-0.158045977,1,0,0.996598639,-0.001703578,0.912772586,-0.045602606,1.172,0.079189687,1.350230415,0.149019608,0.463821892,-0.366286439,0.379362671,-0.449944994,0.558035714,-0.283667622,0.620347395,-0.234303216,0.853242321,-0.079189687,0.850340136,-0.080882353,0.778816199,-0.124343257,0.853242321,-0.079189687,1.152073733,0.070663812,0.402597403,-0.425925926,0.329286798,-0.50456621,0.484375,-0.347368421,0.538461538,-0.3,0.740614334,-0.149019608,0.738095238,-0.150684932,0.676012461,-0.19330855,0.740614334,-0.149019608,0.868,-0.070663812
101,77,326,434,234,229,101,123,112,101,1.63,0.751152074,-0.142105263,1.393162393,0.164285714,1.423580786,0.174774775,3.227722772,0.526932084,2.650406504,0.452115813,2.910714286,0.488584475,3.227722772,0.526932084,3.227722772,0.526932084,4.233766234,0.617866005,1.331288344,0.142105263,1.854700855,0.299401198,1.895196507,0.309200603,4.297029703,0.622429907,3.528455285,0.558348294,3.875,0.58974359,4.297029703,0.622429907,4.297029703,0.622429907,5.636363636,0.698630137,0.717791411,-0.164285714,0.539170507,-0.299401198,1.021834061,0.010799136,2.316831683,0.397014925,1.902439024,0.31092437,2.089285714,0.352601156,2.316831683,0.397014925,2.316831683,0.397014925,3.038961039,0.504823151,0.702453988,-0.174774775,0.52764977,-0.309200603,0.978632479,-0.010799136,2.267326733,0.387878788,1.861788618,0.301136364,2.044642857,0.343108504,2.267326733,0.387878788,2.267326733,0.387878788,2.974025974,0.496732026,0.309815951,-0.526932084,0.232718894,-0.622429907,0.431623932,-0.397014925,0.441048035,-0.387878788,0.821138211,-0.098214286,0.901785714,-0.051643192,1,0,1,0,1.311688312,0.134831461,0.377300613,-0.452115813,0.283410138,-0.558348294,0.525641026,-0.31092437,0.537117904,-0.301136364,1.217821782,0.098214286,1.098214286,0.046808511,1.217821782,0.098214286,1.217821782,0.098214286,1.597402597,0.23,0.343558282,-0.488584475,0.258064516,-0.58974359,0.478632479,-0.352601156,0.489082969,-0.343108504,1.108910891,0.051643192,0.910569106,-0.046808511,1.108910891,0.051643192,1.108910891,0.051643192,1.454545455,0.185185185,0.309815951,-0.526932084,0.232718894,-0.622429907,0.431623932,-0.397014925,0.441048035,-0.387878788,1,0,0.821138211,-0.098214286,0.901785714,-0.051643192,1,0,1.311688312,0.134831461,0.309815951,-0.526932084,0.232718894,-0.622429907,0.431623932,-0.397014925,0.441048035,-0.387878788,1,0,0.821138211,-0.098214286,0.901785714,-0.051643192,1,0,1.311688312,0.134831461,0.236196319,-0.617866005,0.177419355,-0.698630137,0.329059829,-0.504823151,0.336244541,-0.496732026,0.762376238,-0.134831461,0.62601626,-0.23,0.6875,-0.185185185,0.762376238,-0.134831461,0.762376238,-0.134831461
778,693,1074,1162,943,957,803,813,816,776,2.31,0.924268503,-0.039355993,1.138918346,0.064947942,1.122257053,0.05760709,1.337484433,0.144379329,1.32103321,0.138314785,1.316176471,0.136507937,1.384020619,0.161081081,1.380462725,0.159827214,1.54978355,0.215619694,1.081936685,0.039355993,1.23223754,0.104038005,1.214211076,0.096743747,1.447073474,0.182697201,1.429274293,0.176708861,1.424019608,0.174924166,1.49742268,0.199174407,1.493573265,0.197938144,1.676767677,0.252830189,0.878026071,-0.064947942,0.811531842,-0.104038005,0.985370951,-0.007368421,1.174346202,0.080183276,1.159901599,0.074031891,1.155637255,0.072200114,1.215206186,0.097149506,1.212082262,0.095874492,1.360750361,0.152811736,0.891061453,-0.05760709,0.823580034,-0.096743747,1.014846235,0.007368421,1.191780822,0.0875,1.177121771,0.081355932,1.172794118,0.079526227,1.233247423,0.104443162,1.230077121,0.103170029,1.380952381,0.16,0.747672253,-0.144379329,0.691049914,-0.182697201,0.851537646,-0.080183276,0.83908046,-0.0875,0.987699877,-0.006188119,0.984068627,-0.008029648,1.034793814,0.01709943,1.032133676,0.015812777,1.158730159,0.073529412,0.75698324,-0.138314785,0.699655766,-0.176708861,0.8621421,-0.074031891,0.849529781,-0.081355932,1.0124533,0.006188119,0.996323529,-0.001841621,1.047680412,0.023285085,1.044987147,0.021998743,1.173160173,0.079681275,0.759776536,-0.136507937,0.702237522,-0.174924166,0.865323436,-0.072200114,0.852664577,-0.079526227,1.01618929,0.008029648,1.003690037,0.001841621,1.051546392,0.025125628,1.048843188,0.023839398,1.177489177,0.081510934,0.722532588,-0.161081081,0.667814114,-0.199174407,0.82290562,-0.097149506,0.810867294,-0.104443162,0.96637609,-0.01709943,0.954489545,-0.023285085,0.950980392,-0.025125628,0.997429306,-0.001287001,1.11976912,0.056501021,0.724394786,-0.159827214,0.669535284,-0.197938144,0.825026511,-0.095874492,0.812957158,-0.103170029,0.96886675,-0.015812777,0.956949569,-0.021998743,0.953431373,-0.023839398,1.00257732,0.001287001,1.122655123,0.057783821,0.645251397,-0.215619694,0.596385542,-0.252830189,0.734888653,-0.152811736,0.724137931,-0.16,0.863013699,-0.073529412,0.852398524,-0.079681275,0.849264706,-0.081510934,0.893041237,-0.056501021,0.890745501,-0.057783821
74,73,321,485,208,152,59,65,69,62,2.58,0.66185567,-0.203473945,1.543269231,0.213610586,2.111842105,0.357293869,5.440677966,0.689473684,4.938461538,0.663212435,4.652173913,0.646153846,5.177419355,0.676240209,4.337837838,0.625316456,4.397260274,0.629441624,1.510903427,0.203473945,2.331730769,0.3997114,3.190789474,0.522762951,8.220338983,0.783088235,7.461538462,0.763636364,7.028985507,0.750902527,7.822580645,0.773308958,6.554054054,0.735241503,6.643835616,0.738351254,0.647975078,-0.213610586,0.428865979,-0.3997114,1.368421053,0.155555556,3.525423729,0.558052434,3.2,0.523809524,3.014492754,0.501805054,3.35483871,0.540740741,2.810810811,0.475177305,2.849315068,0.480427046,0.473520249,-0.357293869,0.313402062,-0.522762951,0.730769231,-0.155555556,2.576271186,0.440758294,2.338461538,0.400921659,2.202898551,0.375565611,2.451612903,0.420560748,2.054054054,0.345132743,2.082191781,0.351111111,0.183800623,-0.689473684,0.121649485,-0.783088235,0.283653846,-0.558052434,0.388157895,-0.440758294,0.907692308,-0.048387097,0.855072464,-0.078125,0.951612903,-0.024793388,0.797297297,-0.112781955,0.808219178,-0.106060606,0.202492212,-0.663212435,0.134020619,-0.763636364,0.3125,-0.523809524,0.427631579,-0.400921659,1.101694915,0.048387097,0.942028986,-0.029850746,1.048387097,0.023622047,0.878378378,-0.064748201,0.890410959,-0.057971014,0.214953271,-0.646153846,0.142268041,-0.750902527,0.331730769,-0.501805054,0.453947368,-0.375565611,1.169491525,0.078125,1.061538462,0.029850746,1.112903226,0.053435115,0.932432432,-0.034965035,0.945205479,-0.028169014,0.193146417,-0.676240209,0.127835052,-0.773308958,0.298076923,-0.540740741,0.407894737,-0.420560748,1.050847458,0.024793388,0.953846154,-0.023622047,0.898550725,-0.053435115,0.837837838,-0.088235294,0.849315068,-0.081481481,0.230529595,-0.625316456,0.15257732,-0.735241503,0.355769231,-0.475177305,0.486842105,-0.345132743,1.254237288,0.112781955,1.138461538,0.064748201,1.072463768,0.034965035,1.193548387,0.088235294,1.01369863,0.006802721,0.22741433,-0.629441624,0.150515464,-0.738351254,0.350961538,-0.480427046,0.480263158,-0.351111111,1.237288136,0.106060606,1.123076923,0.057971014,1.057971014,0.028169014,1.177419355,0.081481481,0.986486486,-0.006802721
327,299,394,405,326,335,295,322,257,329,2.07,0.972839506,-0.013767209,1.208588957,0.094444444,1.176119403,0.080932785,1.33559322,0.143686502,1.223602484,0.100558659,1.53307393,0.210445469,1.197568389,0.089903181,1.204892966,0.092926491,1.317725753,0.137085137,1.027918782,0.013767209,1.242331288,0.108071135,1.208955224,0.094594595,1.372881356,0.157142857,1.257763975,0.114167813,1.575875486,0.223564955,1.23100304,0.103542234,1.23853211,0.106557377,1.35451505,0.150568182,0.827411168,-0.094444444,0.804938272,-0.108071135,0.973134328,-0.013615734,1.105084746,0.049919485,1.01242236,0.00617284,1.26848249,0.118353345,0.990881459,-0.004580153,0.996941896,-0.001531394,1.090301003,0.0432,0.850253807,-0.080932785,0.827160494,-0.094594595,1.027607362,0.013615734,1.13559322,0.063492063,1.040372671,0.01978691,1.303501946,0.131756757,1.018237082,0.009036145,1.024464832,0.012084592,1.120401338,0.056782334,0.748730964,-0.143686502,0.728395062,-0.157142857,0.904907975,-0.049919485,0.880597015,-0.063492063,0.916149068,-0.04376013,1.147859922,0.06884058,0.896656535,-0.054487179,0.902140673,-0.051446945,0.986622074,-0.006734007,0.817258883,-0.100558659,0.795061728,-0.114167813,0.987730061,-0.00617284,0.96119403,-0.01978691,1.091525424,0.04376013,1.252918288,0.112262522,0.978723404,-0.010752688,0.98470948,-0.00770416,1.076923077,0.037037037,0.652284264,-0.210445469,0.634567901,-0.223564955,0.788343558,-0.118353345,0.767164179,-0.131756757,0.871186441,-0.06884058,0.798136646,-0.112262522,0.781155015,-0.122866894,0.785932722,-0.119863014,0.859531773,-0.075539568,0.835025381,-0.089903181,0.812345679,-0.103542234,1.009202454,0.004580153,0.982089552,-0.009036145,1.115254237,0.054487179,1.02173913,0.010752688,1.280155642,0.122866894,1.006116208,0.00304878,1.100334448,0.047770701,0.829949239,-0.092926491,0.807407407,-0.106557377,1.003067485,0.001531394,0.976119403,-0.012084592,1.108474576,0.051446945,1.01552795,0.00770416,1.272373541,0.119863014,0.993920973,-0.00304878,1.093645485,0.044728435,0.758883249,-0.137085137,0.738271605,-0.150568182,0.917177914,-0.0432,0.892537313,-0.056782334,1.013559322,0.006734007,0.928571429,-0.037037037,1.163424125,0.075539568,0.90881459,-0.047770701,0.914373089,-0.044728435
517,451,653,789,639,674,583,544,534,548,1.46,0.827629911,-0.094313454,1.021909233,0.010835913,0.96884273,-0.01582517,1.120068611,0.056634304,1.200367647,0.091060986,1.222846442,0.100252738,1.191605839,0.087427144,1.263056093,0.116239316,1.44789357,0.182971014,1.208269525,0.094313454,1.234741784,0.105042017,1.170623145,0.078605605,1.353344768,0.150145773,1.450367647,0.183795949,1.47752809,0.192743764,1.439781022,0.180254301,1.526112186,0.208269525,1.749445676,0.272580645,0.97856049,-0.010835913,0.809885932,-0.105042017,0.948071217,-0.026656512,1.096054889,0.045826514,1.174632353,0.080304311,1.196629213,0.089514066,1.166058394,0.076663858,1.235976789,0.105536332,1.416851441,0.172477064,1.032159265,0.01582517,0.854245881,-0.078605605,1.054773083,0.026656512,1.156089194,0.07239459,1.238970588,0.106732348,1.262172285,0.11589404,1.229927007,0.103109656,1.303675048,0.131821998,1.494456763,0.198222222,0.89280245,-0.056634304,0.738910013,-0.150145773,0.912363067,-0.045826514,0.864985163,-0.07239459,1.071691176,0.034605146,1.0917603,0.043867502,1.063868613,0.030946065,1.127659574,0.06,1.292682927,0.127659574,0.833078101,-0.091060986,0.689480355,-0.183795949,0.851330203,-0.080304311,0.807121662,-0.106732348,0.933104631,-0.034605146,1.018726592,0.009276438,0.99270073,-0.003663004,1.052224371,0.025447691,1.206208426,0.093467337,0.817764165,-0.100252738,0.676806084,-0.192743764,0.835680751,-0.089514066,0.792284866,-0.11589404,0.915951973,-0.043867502,0.981617647,-0.009276438,0.974452555,-0.012939002,1.032882012,0.016175071,1.184035477,0.084263959,0.839203675,-0.087427144,0.694550063,-0.180254301,0.857589984,-0.076663858,0.81305638,-0.103109656,0.939965695,-0.030946065,1.007352941,0.003663004,1.026217228,0.012939002,1.059961315,0.029107981,1.215077605,0.097097097,0.791730475,-0.116239316,0.655259823,-0.208269525,0.809076682,-0.105536332,0.767062315,-0.131821998,0.886792453,-0.06,0.950367647,-0.025447691,0.968164794,-0.016175071,0.943430657,-0.029107981,1.146341463,0.068181818,0.690658499,-0.182971014,0.571609632,-0.272580645,0.705790297,-0.172477064,0.669139466,-0.198222222,0.773584906,-0.127659574,0.829044118,-0.093467337,0.844569288,-0.084263959,0.822992701,-0.097097097,0.872340426,-0.068181818
72,16,353,439,231,226,120,143,106,116,1.59,0.804100228,-0.108585859,1.528138528,0.20890411,1.561946903,0.219343696,2.941666667,0.492600423,2.468531469,0.423387097,3.330188679,0.538126362,3.043103448,0.50533049,4.902777778,0.661176471,22.0625,0.913279133,1.243626062,0.108585859,1.9004329,0.310447761,1.942477876,0.320300752,3.658333333,0.570661896,3.06993007,0.508591065,4.141509434,0.611009174,3.784482759,0.581981982,6.097222222,0.718199609,27.4375,0.92967033,0.654390935,-0.20890411,0.5261959,-0.310447761,1.022123894,0.010940919,1.925,0.316239316,1.615384615,0.235294118,2.179245283,0.370919881,1.99137931,0.331412104,3.208333333,0.524752475,14.4375,0.870445344,0.640226629,-0.219343696,0.514806378,-0.320300752,0.978354978,-0.010940919,1.883333333,0.306358382,1.58041958,0.224932249,2.132075472,0.361445783,1.948275862,0.321637427,3.138888889,0.516778523,14.125,0.867768595,0.339943343,-0.492600423,0.273348519,-0.570661896,0.519480519,-0.316239316,0.530973451,-0.306358382,0.839160839,-0.087452471,1.132075472,0.061946903,1.034482759,0.016949153,1.666666667,0.25,7.5,0.764705882,0.40509915,-0.423387097,0.325740319,-0.508591065,0.619047619,-0.235294118,0.632743363,-0.224932249,1.191666667,0.087452471,1.349056604,0.148594378,1.232758621,0.104247104,1.986111111,0.330232558,8.9375,0.798742138,0.300283286,-0.538126362,0.241457859,-0.611009174,0.458874459,-0.370919881,0.469026549,-0.361445783,0.883333333,-0.061946903,0.741258741,-0.148594378,0.913793103,-0.045045045,1.472222222,0.191011236,6.625,0.737704918,0.328611898,-0.50533049,0.264236902,-0.581981982,0.502164502,-0.331412104,0.513274336,-0.321637427,0.966666667,-0.016949153,0.811188811,-0.104247104,1.094339623,0.045045045,1.611111111,0.234042553,7.25,0.757575758,0.203966006,-0.661176471,0.164009112,-0.718199609,0.311688312,-0.524752475,0.318584071,-0.516778523,0.6,-0.25,0.503496503,-0.330232558,0.679245283,-0.191011236,0.620689655,-0.234042553,4.5,0.636363636,0.045325779,-0.913279133,0.036446469,-0.92967033,0.069264069,-0.870445344,0.07079646,-0.867768595,0.133333333,-0.764705882,0.111888112,-0.798742138,0.150943396,-0.737704918,0.137931034,-0.757575758,0.222222222,-0.636363636
711,652,609,731,728,784,628,680,579,683,1.43,0.833105335,-0.091044776,0.836538462,-0.089005236,0.776785714,-0.125628141,0.969745223,-0.015359741,0.895588235,-0.055081458,1.051813472,0.025252525,0.891654466,-0.057275542,0.856540084,-0.077272727,0.93404908,-0.034099921,1.200328407,0.091044776,1.004120879,0.002056203,0.932397959,-0.034983498,1.164012739,0.075791023,1.075,0.036144578,1.262521589,0.116030534,1.070278184,0.033946252,1.028129395,0.013869626,1.121165644,0.057122198,1.195402299,0.089005236,0.995896033,-0.002056203,0.928571429,-0.037037037,1.159235669,0.073746313,1.070588235,0.034090909,1.257340242,0.11400153,1.065885798,0.031892275,1.023909986,0.01181376,1.116564417,0.055072464,1.287356322,0.125628141,1.07250342,0.034983498,1.076923077,0.037037037,1.248407643,0.110481586,1.152941176,0.071038251,1.354058722,0.150403522,1.147877013,0.068847989,1.102672293,0.048829431,1.202453988,0.091922006,1.031198686,0.015359741,0.859097127,-0.075791023,0.862637363,-0.073746313,0.801020408,-0.110481586,0.923529412,-0.039755352,1.08462867,0.04059652,0.919472914,-0.041952708,0.88326301,-0.061986557,0.963190184,-0.01875,1.116584565,0.055081458,0.930232558,-0.036144578,0.934065934,-0.034090909,0.867346939,-0.071038251,1.082802548,0.039755352,1.174438687,0.080222399,0.995607613,-0.002201027,0.956399437,-0.022286125,1.042944785,0.021021021,0.950738916,-0.025252525,0.792065663,-0.116030534,0.79532967,-0.11400153,0.738520408,-0.150403522,0.921974522,-0.04059652,0.851470588,-0.080222399,0.8477306,-0.082408875,0.814345992,-0.102325581,0.88803681,-0.059301381,1.121510673,0.057275542,0.934336525,-0.033946252,0.938186813,-0.031892275,0.871173469,-0.068847989,1.087579618,0.041952708,1.004411765,0.002201027,1.179620035,0.082408875,0.960618847,-0.020086083,1.047546012,0.023220974,1.167487685,0.077272727,0.972640219,-0.013869626,0.976648352,-0.01181376,0.906887755,-0.048829431,1.132165605,0.061986557,1.045588235,0.022286125,1.227979275,0.102325581,1.040995608,0.020086083,1.090490798,0.043286867,1.070607553,0.034099921,0.891928865,-0.057122198,0.895604396,-0.055072464,0.831632653,-0.091922006,1.038216561,0.01875,0.958823529,-0.021021021,1.126079447,0.059301381,0.954612006,-0.023220974,0.917018284,-0.043286867
884,818,872,1033,960,1002,879,919,806,892,4.38,0.844143272,-0.084514436,0.908333333,-0.048034934,0.870259481,-0.069370331,0.992036405,-0.003997716,0.948857454,-0.026242323,1.081885856,0.039332539,0.977578475,-0.011337868,0.986425339,-0.006833713,1.06601467,0.031952663,1.184633028,0.084514436,1.076041667,0.036628199,1.030938124,0.015233415,1.17519909,0.080543933,1.124047878,0.058401639,1.281637717,0.12343665,1.158071749,0.073246753,1.168552036,0.077725613,1.262836186,0.116153431,1.100917431,0.048034934,0.929332043,-0.036628199,0.958083832,-0.021406728,1.092150171,0.044045677,1.044613711,0.021820117,1.191066998,0.087202718,1.076233184,0.036717063,1.085972851,0.041214751,1.173594132,0.079865017,1.149082569,0.069370331,0.969990319,-0.015233415,1.04375,0.021406728,1.139931741,0.06539075,1.09031556,0.043206663,1.243176179,0.10840708,1.123318386,0.058078141,1.133484163,0.062566278,1.224938875,0.101098901,1.008027523,0.003997716,0.850919652,-0.080543933,0.915625,-0.044045677,0.877245509,-0.06539075,0.956474429,-0.022246941,1.09057072,0.043323442,0.985426009,-0.007340486,0.994343891,-0.002836075,1.074572127,0.035945787,1.053899083,0.026242323,0.88964182,-0.058401639,0.957291667,-0.021820117,0.917165669,-0.043206663,1.045506257,0.022246941,1.140198511,0.065507246,1.030269058,0.01490889,1.03959276,0.019412091,1.123471883,0.058146229,0.924311927,-0.039332539,0.780251694,-0.12343665,0.839583333,-0.087202718,0.804391218,-0.10840708,0.916951081,-0.043323442,0.877040261,-0.065507246,0.903587444,-0.050647821,0.911764706,-0.046153846,0.985330073,-0.007389163,1.02293578,0.011337868,0.863504356,-0.073246753,0.929166667,-0.036717063,0.890219561,-0.058078141,1.014789534,0.007340486,0.970620239,-0.01490889,1.106699752,0.050647821,1.009049774,0.004504505,1.090464548,0.043274854,1.013761468,0.006833713,0.855759923,-0.077725613,0.920833333,-0.041214751,0.882235529,-0.062566278,1.005688282,0.002836075,0.961915125,-0.019412091,1.096774194,0.046153846,0.99103139,-0.004504505,1.080684597,0.038777908,0.938073394,-0.031952663,0.791868345,-0.116153431,0.852083333,-0.079865017,0.816367265,-0.101098901,0.930602958,-0.035945787,0.890097933,-0.058146229,1.014888337,0.007389163,0.917040359,-0.043274854,0.925339367,-0.038777908
1011,914,1107,1229,1144,1229,1054,1069,959,1063,1.27,0.900732303,-0.052226027,0.967657343,-0.016437139,0.900732303,-0.052226027,1.05028463,0.024525683,1.03554724,0.017463235,1.154327424,0.071636012,1.041392286,0.020276498,1.09495549,0.045325779,1.211159737,0.095497279,1.110207769,0.052226027,1.074300699,0.035819638,1,0,1.166034156,0.076653526,1.149672591,0.069625762,1.281543274,0.123400366,1.156161806,0.072425829,1.215628091,0.097321429,1.34463895,0.146990201,1.033423668,0.016437139,0.93083808,-0.035819638,0.93083808,-0.035819638,1.085388994,0.040946315,1.070159027,0.033890646,1.192909281,0.087969567,1.076199436,0.036701405,1.131552918,0.061716937,1.251641138,0.111758989,1.110207769,0.052226027,1,0,1.074300699,0.035819638,1.166034156,0.076653526,1.149672591,0.069625762,1.281543274,0.123400366,1.156161806,0.072425829,1.215628091,0.097321429,1.34463895,0.146990201,0.952122855,-0.024525683,0.857607811,-0.076653526,0.921328671,-0.040946315,0.857607811,-0.076653526,0.985968195,-0.007065473,1.099061522,0.047193244,0.991533396,-0.004251299,1.042532146,0.020823245,1.153172867,0.071138211,0.96567299,-0.017463235,0.869812856,-0.069625762,0.934440559,-0.033890646,0.869812856,-0.069625762,1.014231499,0.007065473,1.114702815,0.054240631,1.005644403,0.002814259,1.057368942,0.027884615,1.169584245,0.078164397,0.86630533,-0.071636012,0.780309194,-0.123400366,0.838286713,-0.087969567,0.780309194,-0.123400366,0.909867173,-0.047193244,0.897100094,-0.054240631,0.902163688,-0.051434224,0.948565776,-0.026395939,1.049234136,0.024025627,0.960252936,-0.020276498,0.864930838,-0.072425829,0.929195804,-0.036701405,0.864930838,-0.072425829,1.008538899,0.004251299,0.994387278,-0.002814259,1.108446298,0.051434224,1.051434224,0.025072324,1.163019694,0.075366717,0.913279133,-0.045325779,0.822620016,-0.097321429,0.883741259,-0.061716937,0.822620016,-0.097321429,0.959203036,-0.020823245,0.945743686,-0.027884615,1.054223149,0.026395939,0.951081844,-0.025072324,1.106126915,0.05038961,0.825654923,-0.095497279,0.74369406,-0.146990201,0.798951049,-0.111758989,0.74369406,-0.146990201,0.867172676,-0.071138211,0.855004677,-0.078164397,0.953076121,-0.024025627,0.859830668,-0.075366717,0.904055391,-0.05038961
3743,3406,4529,4288,4199,4443,4253,4336,4010,4188,4.46,1.056203358,0.02733356,1.078590141,0.037809349,1.019356291,0.009585377,1.064895368,0.031427921,1.04451107,0.02177101,1.129426434,0.060779951,1.081423114,0.039118963,1.209991985,0.095019342,1.329712272,0.14152489,0.94678737,-0.02733356,1.021195523,0.010486627,0.965113662,-0.017752835,1.008229485,0.004097881,0.988929889,-0.005565863,1.069326683,0.033502049,1.023877746,0.011798018,1.14560513,0.067862035,1.258954786,0.11463478,0.927136233,-0.037809349,0.979244403,-0.010486627,0.945082152,-0.028234205,0.98730308,-0.00638902,0.968404059,-0.016051552,1.04713217,0.023023511,1.002626552,0.001311554,1.121827411,0.057416268,1.232824427,0.104273504,0.981011261,-0.009585377,1.036147388,0.017752835,1.058109074,0.028234205,1.044674348,0.021849126,1.024677122,0.012188176,1.10798005,0.051224417,1.060888252,0.029544665,1.187015763,0.085511849,1.304462713,0.132118741,0.939059395,-0.031427921,0.991837687,-0.004097881,1.012860205,0.00638902,0.957236102,-0.021849126,0.980857934,-0.009663523,1.060598504,0.029408205,1.015520535,0.007700509,1.136254341,0.063781891,1.248678802,0.11058885,0.957385736,-0.02177101,1.01119403,0.005565863,1.032626816,0.016051552,0.975917173,-0.012188176,1.019515636,0.009663523,1.081296758,0.039060628,1.035339064,0.01736274,1.158429068,0.073400173,1.273047563,0.120123999,0.885405167,-0.060779951,0.93516791,-0.033502049,0.954989283,-0.023023511,0.902543327,-0.051224417,0.942863861,-0.029408205,0.924815498,-0.039060628,0.957497612,-0.021712613,1.071333155,0.034438282,1.177334116,0.081445523,0.924707441,-0.039118963,0.976679104,-0.011798018,0.997380329,-0.001311554,0.942606347,-0.029544665,0.984716671,-0.007700509,0.965867159,-0.01736274,1.044389027,0.021712613,1.118888592,0.05610894,1.229594833,0.102976034,0.826451755,-0.095019342,0.872901119,-0.067862035,0.891402715,-0.057416268,0.842448796,-0.085511849,0.880084646,-0.063781891,0.863238007,-0.073400173,0.933416459,-0.034438282,0.893744031,-0.05610894,1.098943042,0.04713946,0.752042393,-0.14152489,0.794309701,-0.11463478,0.811145511,-0.104273504,0.766599145,-0.132118741,0.800846461,-0.11058885,0.785516605,-0.120123999,0.849376559,-0.081445523,0.813276027,-0.102976034,0.909965269,-0.04713946
174,156,330,456,339,324,190,196,176,174,62.9,0.723684211,-0.160305344,0.973451327,-0.013452915,1.018518519,0.009174312,1.736842105,0.269230769,1.683673469,0.254752852,1.875,0.304347826,1.896551724,0.30952381,1.896551724,0.30952381,2.115384615,0.358024691,1.381818182,0.160305344,1.345132743,0.147169811,1.407407407,0.169230769,2.4,0.411764706,2.326530612,0.398773006,2.590909091,0.443037975,2.620689655,0.447619048,2.620689655,0.447619048,2.923076923,0.490196078,1.027272727,0.013452915,0.743421053,-0.147169811,1.046296296,0.022624434,1.784210526,0.281663516,1.729591837,0.26728972,1.926136364,0.316504854,1.948275862,0.321637427,1.948275862,0.321637427,2.173076923,0.36969697,0.981818182,-0.009174312,0.710526316,-0.169230769,0.955752212,-0.022624434,1.705263158,0.260700389,1.653061224,0.246153846,1.840909091,0.296,1.862068966,0.301204819,1.862068966,0.301204819,2.076923077,0.35,0.575757576,-0.269230769,0.416666667,-0.411764706,0.560471976,-0.281663516,0.586419753,-0.260700389,0.969387755,-0.015544041,1.079545455,0.038251366,1.091954023,0.043956044,1.091954023,0.043956044,1.217948718,0.098265896,0.593939394,-0.254752852,0.429824561,-0.398773006,0.578171091,-0.26728972,0.604938272,-0.246153846,1.031578947,0.015544041,1.113636364,0.053763441,1.126436782,0.059459459,1.126436782,0.059459459,1.256410256,0.113636364,0.533333333,-0.304347826,0.385964912,-0.443037975,0.519174041,-0.316504854,0.543209877,-0.296,0.926315789,-0.038251366,0.897959184,-0.053763441,1.011494253,0.005714286,1.011494253,0.005714286,1.128205128,0.060240964,0.527272727,-0.30952381,0.381578947,-0.447619048,0.513274336,-0.321637427,0.537037037,-0.301204819,0.915789474,-0.043956044,0.887755102,-0.059459459,0.988636364,-0.005714286,1,0,1.115384615,0.054545455,0.527272727,-0.30952381,0.381578947,-0.447619048,0.513274336,-0.321637427,0.537037037,-0.301204819,0.915789474,-0.043956044,0.887755102,-0.059459459,0.988636364,-0.005714286,1,0,1.115384615,0.054545455,0.472727273,-0.358024691,0.342105263,-0.490196078,0.460176991,-0.36969697,0.481481481,-0.35,0.821052632,-0.098265896,0.795918367,-0.113636364,0.886363636,-0.060240964,0.896551724,-0.054545455,0.896551724,-0.054545455
64,47,177,173,154,172,86,87,82,92,8.61,1.023121387,0.011428571,1.149350649,0.069486405,1.029069767,0.014326648,2.058139535,0.346007605,2.034482759,0.340909091,2.158536585,0.366795367,1.923913043,0.31598513,2.765625,0.468879668,3.765957447,0.580357143,0.97740113,-0.011428571,1.123376623,0.058103976,1.005813953,0.002898551,2.011627907,0.335907336,1.988505747,0.330769231,2.109756098,0.356862745,1.880434783,0.305660377,2.703125,0.459915612,3.680851064,0.572727273,0.870056497,-0.069486405,0.89017341,-0.058103976,0.895348837,-0.055214724,1.790697674,0.283333333,1.770114943,0.278008299,1.87804878,0.305084746,1.673913043,0.25203252,2.40625,0.412844037,3.276595745,0.532338308,0.971751412,-0.014326648,0.994219653,-0.002898551,1.116883117,0.055214724,2,0.333333333,1.977011494,0.328185328,2.097560976,0.354330709,1.869565217,0.303030303,2.6875,0.457627119,3.659574468,0.570776256,0.485875706,-0.346007605,0.497109827,-0.335907336,0.558441558,-0.283333333,0.5,-0.333333333,0.988505747,-0.005780347,1.048780488,0.023809524,0.934782609,-0.033707865,1.34375,0.146666667,1.829787234,0.293233083,0.491525424,-0.340909091,0.502890173,-0.330769231,0.564935065,-0.278008299,0.505813953,-0.328185328,1.011627907,0.005780347,1.06097561,0.029585799,0.945652174,-0.027932961,1.359375,0.152317881,1.85106383,0.298507463,0.463276836,-0.366795367,0.473988439,-0.356862745,0.532467532,-0.305084746,0.476744186,-0.354330709,0.953488372,-0.023809524,0.942528736,-0.029585799,0.891304348,-0.057471264,1.28125,0.123287671,1.744680851,0.271317829,0.519774011,-0.31598513,0.531791908,-0.305660377,0.597402597,-0.25203252,0.534883721,-0.303030303,1.069767442,0.033707865,1.057471264,0.027932961,1.12195122,0.057471264,1.4375,0.179487179,1.957446809,0.323741007,0.361581921,-0.468879668,0.369942197,-0.459915612,0.415584416,-0.412844037,0.372093023,-0.457627119,0.744186047,-0.146666667,0.735632184,-0.152317881,0.780487805,-0.123287671,0.695652174,-0.179487179,1.361702128,0.153153153,0.265536723,-0.580357143,0.271676301,-0.572727273,0.305194805,-0.532338308,0.273255814,-0.570776256,0.546511628,-0.293233083,0.540229885,-0.298507463,0.573170732,-0.271317829,0.510869565,-0.323741007,0.734375,-0.153153153
295,277,340,406,354,391,297,347,317,341,2.58,0.837438424,-0.08847185,0.960451977,-0.020172911,0.869565217,-0.069767442,1.144781145,0.067503925,0.979827089,-0.010189229,1.072555205,0.03500761,0.997067449,-0.001468429,1.152542373,0.070866142,1.227436823,0.102106969,1.194117647,0.08847185,1.146892655,0.068421053,1.038363171,0.018820577,1.367003367,0.155049787,1.170028818,0.078353254,1.280757098,0.123098202,1.190615836,0.087014726,1.376271186,0.158345221,1.465703971,0.188872621,1.041176471,0.020172911,0.871921182,-0.068421053,0.905370844,-0.04966443,1.191919192,0.087557604,1.020172911,0.009985735,1.116719243,0.05514158,1.038123167,0.018705036,1.2,0.090909091,1.277978339,0.122028526,1.15,0.069767442,0.963054187,-0.018820577,1.104519774,0.04966443,1.316498316,0.136627907,1.126801153,0.059620596,1.233438486,0.104519774,1.146627566,0.068306011,1.325423729,0.139941691,1.411552347,0.170658683,0.873529412,-0.067503925,0.731527094,-0.155049787,0.838983051,-0.087557604,0.759590793,-0.136627907,0.855907781,-0.077639752,0.936908517,-0.03257329,0.870967742,-0.068965517,1.006779661,0.003378378,1.072202166,0.034843206,1.020588235,0.010189229,0.854679803,-0.078353254,0.980225989,-0.009985735,0.887468031,-0.059620596,1.168350168,0.077639752,1.094637224,0.045180723,1.017595308,0.00872093,1.176271186,0.080996885,1.252707581,0.112179487,0.932352941,-0.03500761,0.780788177,-0.123098202,0.895480226,-0.05514158,0.810741688,-0.104519774,1.067340067,0.03257329,0.913544669,-0.045180723,0.929618768,-0.036474164,1.074576271,0.035947712,1.144404332,0.067340067,1.002941176,0.001468429,0.839901478,-0.087014726,0.963276836,-0.018705036,0.872122762,-0.068306011,1.148148148,0.068965517,0.982708934,-0.00872093,1.075709779,0.036474164,1.155932203,0.072327044,1.231046931,0.103559871,0.867647059,-0.070866142,0.726600985,-0.158345221,0.833333333,-0.090909091,0.754475703,-0.139941691,0.993265993,-0.003378378,0.850144092,-0.080996885,0.930599369,-0.035947712,0.865102639,-0.072327044,1.064981949,0.031468531,0.814705882,-0.102106969,0.68226601,-0.188872621,0.782485876,-0.122028526,0.708439898,-0.170658683,0.932659933,-0.034843206,0.798270893,-0.112179487,0.873817035,-0.067340067,0.812316716,-0.103559871,0.938983051,-0.031468531
25,9,215,332,258,246,25,40,22,9,3.34,0.647590361,-0.213893967,0.833333333,-0.090909091,0.87398374,-0.067245119,8.6,0.791666667,5.375,0.68627451,9.772727273,0.814345992,23.88888889,0.919642857,8.6,0.791666667,23.88888889,0.919642857,1.544186047,0.213893967,1.286821705,0.125423729,1.349593496,0.148788927,13.28,0.859943978,8.3,0.784946237,15.09090909,0.875706215,36.88888889,0.947214076,13.28,0.859943978,36.88888889,0.947214076,1.2,0.090909091,0.777108434,-0.125423729,1.048780488,0.023809524,10.32,0.823321555,6.45,0.731543624,11.72727273,0.842857143,28.66666667,0.93258427,10.32,0.823321555,28.66666667,0.93258427,1.144186047,0.067245119,0.740963855,-0.148788927,0.953488372,-0.023809524,9.84,0.815498155,6.15,0.72027972,11.18181818,0.835820896,27.33333333,0.929411765,9.84,0.815498155,27.33333333,0.929411765,0.11627907,-0.791666667,0.075301205,-0.859943978,0.096899225,-0.823321555,0.101626016,-0.815498155,0.625,-0.230769231,1.136363636,0.063829787,2.777777778,0.470588235,1,0,2.777777778,0.470588235,0.186046512,-0.68627451,0.120481928,-0.784946237,0.15503876,-0.731543624,0.162601626,-0.72027972,1.6,0.230769231,1.818181818,0.290322581,4.444444444,0.632653061,1.6,0.230769231,4.444444444,0.632653061,0.102325581,-0.814345992,0.06626506,-0.875706215,0.085271318,-0.842857143,0.089430894,-0.835820896,0.88,-0.063829787,0.55,-0.290322581,2.444444444,0.419354839,0.88,-0.063829787,2.444444444,0.419354839,0.041860465,-0.919642857,0.027108434,-0.947214076,0.034883721,-0.93258427,0.036585366,-0.929411765,0.36,-0.470588235,0.225,-0.632653061,0.409090909,-0.419354839,0.36,-0.470588235,1,0,0.11627907,-0.791666667,0.075301205,-0.859943978,0.096899225,-0.823321555,0.101626016,-0.815498155,1,0,0.625,-0.230769231,1.136363636,0.063829787,2.777777778,0.470588235,2.777777778,0.470588235,0.041860465,-0.919642857,0.027108434,-0.947214076,0.034883721,-0.93258427,0.036585366,-0.929411765,0.36,-0.470588235,0.225,-0.632653061,0.409090909,-0.419354839,1,0,0.36,-0.470588235
31,28,211,354,282,218,20,33,26,10,4.95,0.596045198,-0.253097345,0.74822695,-0.144016227,0.967889908,-0.016317016,10.55,0.826839827,6.393939394,0.729508197,8.115384615,0.780590717,21.1,0.909502262,6.806451613,0.743801653,7.535714286,0.765690377,1.677725118,0.253097345,1.255319149,0.113207547,1.623853211,0.237762238,17.7,0.893048128,10.72727273,0.829457364,13.61538462,0.863157895,35.4,0.945054945,11.41935484,0.838961039,12.64285714,0.853403141,1.336492891,0.144016227,0.796610169,-0.113207547,1.293577982,0.128,14.1,0.867549669,8.545454545,0.79047619,10.84615385,0.831168831,28.2,0.931506849,9.096774194,0.801916933,10.07142857,0.819354839,1.033175355,0.016317016,0.615819209,-0.237762238,0.773049645,-0.128,10.9,0.831932773,6.606060606,0.737051793,8.384615385,0.786885246,21.8,0.912280702,7.032258065,0.751004016,7.785714286,0.772357724,0.09478673,-0.826839827,0.056497175,-0.893048128,0.070921986,-0.867549669,0.091743119,-0.831932773,0.606060606,-0.245283019,0.769230769,-0.130434783,2,0.333333333,0.64516129,-0.215686275,0.714285714,-0.166666667,0.156398104,-0.729508197,0.093220339,-0.829457364,0.117021277,-0.79047619,0.151376147,-0.737051793,1.65,0.245283019,1.269230769,0.118644068,3.3,0.534883721,1.064516129,0.03125,1.178571429,0.081967213,0.123222749,-0.780590717,0.073446328,-0.863157895,0.092198582,-0.831168831,0.119266055,-0.786885246,1.3,0.130434783,0.787878788,-0.118644068,2.6,0.444444444,0.838709677,-0.087719298,0.928571429,-0.037037037,0.047393365,-0.909502262,0.028248588,-0.945054945,0.035460993,-0.931506849,0.04587156,-0.912280702,0.5,-0.333333333,0.303030303,-0.534883721,0.384615385,-0.444444444,0.322580645,-0.512195122,0.357142857,-0.473684211,0.146919431,-0.743801653,0.087570621,-0.838961039,0.109929078,-0.801916933,0.142201835,-0.751004016,1.55,0.215686275,0.939393939,-0.03125,1.192307692,0.087719298,3.1,0.512195122,1.107142857,0.050847458,0.132701422,-0.765690377,0.079096045,-0.853403141,0.09929078,-0.819354839,0.128440367,-0.772357724,1.4,0.166666667,0.848484848,-0.081967213,1.076923077,0.037037037,2.8,0.473684211,0.903225806,-0.050847458
52,47,391,664,351,250,46,46,40,49,4.49,0.588855422,-0.258767773,1.113960114,0.053908356,1.564,0.219968799,8.5,0.789473684,8.5,0.789473684,9.775,0.814385151,7.979591837,0.777272727,7.519230769,0.76523702,8.319148936,0.785388128,1.698209719,0.258767773,1.891737892,0.308374384,2.656,0.452954048,14.43478261,0.870422535,14.43478261,0.870422535,16.6,0.886363636,13.55102041,0.862552595,12.76923077,0.854748603,14.12765957,0.867791842,0.89769821,-0.053908356,0.528614458,-0.308374384,1.404,0.168053245,7.630434783,0.768261965,7.630434783,0.768261965,8.775,0.795396419,7.163265306,0.755,6.75,0.741935484,7.468085106,0.763819095,0.639386189,-0.219968799,0.376506024,-0.452954048,0.712250712,-0.168053245,5.434782609,0.689189189,5.434782609,0.689189189,6.25,0.724137931,5.102040816,0.672240803,4.807692308,0.655629139,5.319148936,0.683501684,0.117647059,-0.789473684,0.069277108,-0.870422535,0.131054131,-0.768261965,0.184,-0.689189189,1,0,1.15,0.069767442,0.93877551,-0.031578947,0.884615385,-0.06122449,0.978723404,-0.010752688,0.117647059,-0.789473684,0.069277108,-0.870422535,0.131054131,-0.768261965,0.184,-0.689189189,1,0,1.15,0.069767442,0.93877551,-0.031578947,0.884615385,-0.06122449,0.978723404,-0.010752688,0.10230179,-0.814385151,0.060240964,-0.886363636,0.113960114,-0.795396419,0.16,-0.724137931,0.869565217,-0.069767442,0.869565217,-0.069767442,0.816326531,-0.101123596,0.769230769,-0.130434783,0.85106383,-0.08045977,0.125319693,-0.777272727,0.073795181,-0.862552595,0.13960114,-0.755,0.196,-0.672240803,1.065217391,0.031578947,1.065217391,0.031578947,1.225,0.101123596,0.942307692,-0.02970297,1.042553191,0.020833333,0.132992327,-0.76523702,0.078313253,-0.854748603,0.148148148,-0.741935484,0.208,-0.655629139,1.130434783,0.06122449,1.130434783,0.06122449,1.3,0.130434783,1.06122449,0.02970297,1.106382979,0.050505051,0.120204604,-0.785388128,0.070783133,-0.867791842,0.133903134,-0.763819095,0.188,-0.683501684,1.02173913,0.010752688,1.02173913,0.010752688,1.175,0.08045977,0.959183673,-0.020833333,0.903846154,-0.050505051
42,38,161,314,269,210,20,28,38,11,3.21,0.512738854,-0.322105263,0.598513011,-0.251162791,0.766666667,-0.132075472,8.05,0.779005525,5.75,0.703703704,4.236842105,0.618090452,14.63636364,0.872093023,3.833333333,0.586206897,4.236842105,0.618090452,1.950310559,0.322105263,1.167286245,0.077186964,1.495238095,0.198473282,15.7,0.880239521,11.21428571,0.83625731,8.263157895,0.784090909,28.54545455,0.932307692,7.476190476,0.764044944,8.263157895,0.784090909,1.670807453,0.251162791,0.856687898,-0.077186964,1.280952381,0.123173278,13.45,0.861591696,9.607142857,0.811447811,7.078947368,0.752442997,24.45454545,0.921428571,6.404761905,0.729903537,7.078947368,0.752442997,1.304347826,0.132075472,0.668789809,-0.198473282,0.780669145,-0.123173278,10.5,0.826086957,7.5,0.764705882,5.526315789,0.693548387,19.09090909,0.900452489,5,0.666666667,5.526315789,0.693548387,0.124223602,-0.779005525,0.063694268,-0.880239521,0.074349442,-0.861591696,0.095238095,-0.826086957,0.714285714,-0.166666667,0.526315789,-0.310344828,1.818181818,0.290322581,0.476190476,-0.35483871,0.526315789,-0.310344828,0.173913043,-0.703703704,0.089171975,-0.83625731,0.104089219,-0.811447811,0.133333333,-0.764705882,1.4,0.166666667,0.736842105,-0.151515152,2.545454545,0.435897436,0.666666667,-0.2,0.736842105,-0.151515152,0.236024845,-0.618090452,0.121019108,-0.784090909,0.141263941,-0.752442997,0.180952381,-0.693548387,1.9,0.310344828,1.357142857,0.151515152,3.454545455,0.551020408,0.904761905,-0.05,1,0,0.068322981,-0.872093023,0.035031847,-0.932307692,0.040892193,-0.921428571,0.052380952,-0.900452489,0.55,-0.290322581,0.392857143,-0.435897436,0.289473684,-0.551020408,0.261904762,-0.58490566,0.289473684,-0.551020408,0.260869565,-0.586206897,0.133757962,-0.764044944,0.156133829,-0.729903537,0.2,-0.666666667,2.1,0.35483871,1.5,0.2,1.105263158,0.05,3.818181818,0.58490566,1.105263158,0.05,0.236024845,-0.618090452,0.121019108,-0.784090909,0.141263941,-0.752442997,0.180952381,-0.693548387,1.9,0.310344828,1.357142857,0.151515152,1,0,3.454545455,0.551020408,0.904761905,-0.05
494,452,781,1011,737,688,493,494,476,479,3.87,0.772502473,-0.128348214,1.059701493,0.028985507,1.135174419,0.063308373,1.584178499,0.226059655,1.58097166,0.225098039,1.640756303,0.242641209,1.630480167,0.23968254,1.58097166,0.225098039,1.727876106,0.266828873,1.294494238,0.128348214,1.371777476,0.156750572,1.469476744,0.19011183,2.050709939,0.344414894,2.046558704,0.343521595,2.12394958,0.359784802,2.110647182,0.35704698,2.046558704,0.343521595,2.236725664,0.382091593,0.943661972,-0.028985507,0.728981207,-0.156750572,1.07122093,0.034385965,1.494929006,0.198373984,1.491902834,0.197400487,1.548319328,0.215169002,1.538622129,0.212171053,1.491902834,0.197400487,1.630530973,0.239697225,0.880921895,-0.063308373,0.680514342,-0.19011183,0.933514247,-0.034385965,1.395537525,0.16511431,1.392712551,0.164128596,1.445378151,0.182130584,1.436325678,0.179091688,1.392712551,0.164128596,1.522123894,0.207017544,0.631241997,-0.226059655,0.487636004,-0.344414894,0.668928087,-0.198373984,0.716569767,-0.16511431,0.997975709,-0.001013171,1.035714286,0.01754386,1.029227557,0.014403292,0.997975709,-0.001013171,1.090707965,0.043386243,0.632522407,-0.225098039,0.488625124,-0.343521595,0.670284939,-0.197400487,0.718023256,-0.164128596,1.002028398,0.001013171,1.037815126,0.018556701,1.03131524,0.015416238,1,0,1.092920354,0.044397463,0.609475032,-0.242641209,0.470820969,-0.359784802,0.645861601,-0.215169002,0.691860465,-0.182130584,0.965517241,-0.01754386,0.963562753,-0.018556701,0.993736952,-0.003141361,0.963562753,-0.018556701,1.053097345,0.025862069,0.613316261,-0.23968254,0.473788328,-0.35704698,0.649932157,-0.212171053,0.69622093,-0.179091688,0.971602434,-0.014403292,0.969635628,-0.015416238,1.006302521,0.003141361,0.969635628,-0.015416238,1.059734513,0.029001074,0.632522407,-0.225098039,0.488625124,-0.343521595,0.670284939,-0.197400487,0.718023256,-0.164128596,1.002028398,0.001013171,1,0,1.037815126,0.018556701,1.03131524,0.015416238,1.092920354,0.044397463,0.578745198,-0.266828873,0.447082097,-0.382091593,0.613297151,-0.239697225,0.656976744,-0.207017544,0.9168357,-0.043386243,0.914979757,-0.044397463,0.949579832,-0.025862069,0.943632568,-0.029001074,0.914979757,-0.044397463
584,508,890,1125,859,794,621,622,643,602,2.65,0.791111111,-0.11662531,1.036088475,0.017724414,1.120906801,0.057007126,1.433172303,0.178027796,1.430868167,0.177248677,1.384136858,0.161121983,1.478405316,0.193029491,1.523972603,0.207598372,1.751968504,0.273247496,1.264044944,0.11662531,1.309662398,0.134072581,1.416876574,0.17248567,1.811594203,0.288659794,1.808681672,0.287922152,1.749611198,0.272624434,1.868770764,0.30283729,1.926369863,0.316559391,2.214566929,0.377832211,0.965168539,-0.017724414,0.763555556,-0.134072581,1.08186398,0.039322444,1.383252818,0.160810811,1.381028939,0.160027009,1.33592535,0.143808256,1.426910299,0.175906913,1.470890411,0.190575191,1.690944882,0.256766642,0.892134831,-0.057007126,0.705777778,-0.17248567,0.924330617,-0.039322444,1.278582931,0.122261484,1.276527331,0.121468927,1.234836703,0.105080028,1.318936877,0.137535817,1.359589041,0.152394775,1.562992126,0.219662058,0.697752809,-0.178027796,0.552,-0.288659794,0.722933644,-0.160810811,0.782115869,-0.122261484,0.998392283,-0.000804505,0.965785381,-0.017405063,1.031561462,0.015535568,1.063356164,0.030705394,1.222440945,0.100088574,0.698876404,-0.177248677,0.552888889,-0.287922152,0.724097788,-0.160027009,0.783375315,-0.121468927,1.001610306,0.000804505,0.967340591,-0.016600791,1.033222591,0.016339869,1.065068493,0.031509121,1.224409449,0.100884956,0.72247191,-0.161121983,0.571555556,-0.272624434,0.74854482,-0.143808256,0.809823678,-0.105080028,1.035426731,0.017405063,1.033762058,0.016600791,1.068106312,0.032931727,1.101027397,0.04808476,1.265748031,0.117289314,0.676404494,-0.193029491,0.535111111,-0.30283729,0.700814901,-0.175906913,0.758186398,-0.137535817,0.969404187,-0.015535568,0.967845659,-0.016339869,0.936236392,-0.032931727,1.030821918,0.015177066,1.18503937,0.084684685,0.656179775,-0.207598372,0.519111111,-0.316559391,0.679860303,-0.190575191,0.735516373,-0.152394775,0.94041868,-0.030705394,0.938906752,-0.031509121,0.908242613,-0.04808476,0.970099668,-0.015177066,1.149606299,0.06959707,0.570786517,-0.273247496,0.451555556,-0.377832211,0.591385332,-0.256766642,0.639798489,-0.219662058,0.818035427,-0.100088574,0.816720257,-0.100884956,0.790046656,-0.117289314,0.843853821,-0.084684685,0.869863014,-0.06959707
1047,973,1273,1488,1229,1242,1076,1080,1043,1060,2.42,0.855510753,-0.077870337,1.035801465,0.017585931,1.024959742,0.012326044,1.183085502,0.083865475,1.178703704,0.082022949,1.220517737,0.099309154,1.200943396,0.091298757,1.215854823,0.097413793,1.308324769,0.133570793,1.16889238,0.077870337,1.210740439,0.095325727,1.198067633,0.09010989,1.382899628,0.160686427,1.377777778,0.158878505,1.426653883,0.175819834,1.403773585,0.167974882,1.421203438,0.173964497,1.529290853,0.209264527,0.965435978,-0.017585931,0.82594086,-0.095325727,0.989533011,-0.005261028,1.142193309,0.06637744,1.137962963,0.0645301,1.178331735,0.081866197,1.159433962,0.073831367,1.17382999,0.079964851,1.263103803,0.116257947,0.975648075,-0.012326044,0.834677419,-0.09010989,1.010577705,0.005261028,1.154275093,0.07161346,1.15,0.069767442,1.190795781,0.087089716,1.171698113,0.079061685,1.186246418,0.085190039,1.276464543,0.121444695,0.845247447,-0.083865475,0.72311828,-0.160686427,0.875508544,-0.06637744,0.866344605,-0.07161346,0.996296296,-0.001855288,1.031639501,0.015573384,1.01509434,0.007490637,1.027698185,0.013659915,1.105858171,0.050268424,0.848389631,-0.082022949,0.725806452,-0.158878505,0.878763222,-0.0645301,0.869565217,-0.069767442,1.003717472,0.001855288,1.035474593,0.017428168,1.018867925,0.009345794,1.031518625,0.01551481,1.109969168,0.05211885,0.81932443,-0.099309154,0.70094086,-0.175819834,0.848657445,-0.081866197,0.839774557,-0.087089716,0.969330855,-0.015573384,0.965740741,-0.017428168,0.983962264,-0.00808369,0.996179561,-0.001913876,1.071942446,0.034722222,0.832678712,-0.091298757,0.712365591,-0.167974882,0.862489829,-0.073831367,0.853462158,-0.079061685,0.985130112,-0.007490637,0.981481481,-0.009345794,1.016299137,0.00808369,1.012416428,0.00616991,1.089414183,0.042793901,0.822466614,-0.097413793,0.703629032,-0.173964497,0.851912124,-0.079964851,0.842995169,-0.085190039,0.973048327,-0.013659915,0.969444444,-0.01551481,1.003835091,0.001913876,0.987735849,-0.00616991,1.076053443,0.036633663,0.764336214,-0.133570793,0.653897849,-0.209264527,0.79170057,-0.116257947,0.783413849,-0.121444695,0.904275093,-0.050268424,0.900925926,-0.05211885,0.932885906,-0.034722222,0.917924528,-0.042793901,0.929321872,-0.036633663
965,883,1216,1443,1125,1182,1028,1013,924,991,2.55,0.842688843,-0.08537044,1.080888889,0.038872277,1.028764805,0.014178482,1.182879377,0.083778966,1.200394867,0.09107223,1.316017316,0.136448598,1.227043391,0.101948346,1.260103627,0.115084823,1.377123443,0.158646975,1.186677632,0.08537044,1.282666667,0.123831776,1.220812183,0.099428571,1.403696498,0.167948199,1.424481737,0.175081433,1.561688312,0.219264892,1.456104945,0.185702547,1.495336788,0.198504983,1.634201586,0.240756664,0.925164474,-0.038872277,0.77962578,-0.123831776,0.95177665,-0.024707412,1.094357977,0.045053414,1.110562685,0.052385407,1.217532468,0.098096633,1.135216953,0.063327032,1.165803109,0.076555024,1.274065685,0.120517928,0.972039474,-0.014178482,0.819126819,-0.099428571,1.050666667,0.024707412,1.149805447,0.069683258,1.166831194,0.076993166,1.279220779,0.122507123,1.192734612,0.087896917,1.224870466,0.101071262,1.338618347,0.144794189,0.845394737,-0.083778966,0.712404712,-0.167948199,0.913777778,-0.045053414,0.869712352,-0.069683258,1.014807502,0.007349339,1.112554113,0.053278689,1.037336024,0.018325904,1.065284974,0.031610637,1.164212911,0.075876504,0.833059211,-0.09107223,0.702009702,-0.175081433,0.900444444,-0.052385407,0.857021997,-0.076993166,0.98540856,-0.007349339,1.096320346,0.045947341,1.022199798,0.010978044,1.049740933,0.024266936,1.147225368,0.068565401,0.759868421,-0.136448598,0.64033264,-0.219264892,0.821333333,-0.098096633,0.781725888,-0.122507123,0.898832685,-0.053278689,0.912142152,-0.045947341,0.932391524,-0.034986945,0.957512953,-0.021704606,1.046432616,0.022689541,0.814967105,-0.101948346,0.686763687,-0.185702547,0.880888889,-0.063327032,0.838409475,-0.087896917,0.964007782,-0.018325904,0.97828233,-0.010978044,1.072510823,0.034986945,1.026943005,0.013292434,1.122310306,0.057630736,0.793585526,-0.115084823,0.668745669,-0.198504983,0.857777778,-0.076555024,0.81641286,-0.101071262,0.938715953,-0.031610637,0.952615992,-0.024266936,1.044372294,0.021704606,0.973763875,-0.013292434,1.092865232,0.044372294,0.726151316,-0.158646975,0.611919612,-0.240756664,0.784888889,-0.120517928,0.747038917,-0.144794189,0.858949416,-0.075876504,0.871668312,-0.068565401,0.955627706,-0.022689541,0.891019173,-0.057630736,0.915025907,-0.044372294
876,775,1190,1396,1103,1102,936,909,882,876,1.59,0.85243553,-0.079659706,1.078875793,0.037941561,1.079854809,0.038394415,1.271367521,0.119473189,1.309130913,0.133873273,1.349206349,0.148648649,1.358447489,0.151984511,1.358447489,0.151984511,1.535483871,0.211195929,1.173109244,0.079659706,1.265639166,0.117246899,1.266787659,0.117694155,1.491452991,0.197255575,1.535753575,0.211279826,1.58276644,0.225636523,1.593607306,0.228873239,1.593607306,0.228873239,1.801290323,0.286043298,0.926890756,-0.037941561,0.790114613,-0.117246899,1.000907441,0.000453515,1.178418803,0.081902894,1.213421342,0.096421471,1.250566893,0.111335013,1.25913242,0.114704396,1.25913242,0.114704396,1.423225806,0.174653887,0.92605042,-0.038394415,0.789398281,-0.117694155,0.999093382,-0.000453515,1.177350427,0.081452404,1.212321232,0.095972153,1.249433107,0.110887097,1.257990868,0.114256825,1.257990868,0.114256825,1.421935484,0.174214172,0.786554622,-0.119473189,0.670487106,-0.197255575,0.848594742,-0.081902894,0.849364791,-0.081452404,1.02970297,0.014634146,1.06122449,0.02970297,1.068493151,0.033112583,1.068493151,0.033112583,1.207741935,0.094097019,0.763865546,-0.133873273,0.651146132,-0.211279826,0.824116047,-0.096421471,0.824863884,-0.095972153,0.971153846,-0.014634146,1.030612245,0.015075377,1.037671233,0.018487395,1.037671233,0.018487395,1.172903226,0.079572447,0.741176471,-0.148648649,0.631805158,-0.225636523,0.799637353,-0.111335013,0.800362976,-0.110887097,0.942307692,-0.02970297,0.97029703,-0.015075377,1.006849315,0.003412969,1.006849315,0.003412969,1.138064516,0.064574532,0.736134454,-0.151984511,0.627507163,-0.228873239,0.794197643,-0.114704396,0.79491833,-0.114256825,0.935897436,-0.033112583,0.96369637,-0.018487395,0.993197279,-0.003412969,1,0,1.130322581,0.061175045,0.736134454,-0.151984511,0.627507163,-0.228873239,0.794197643,-0.114704396,0.79491833,-0.114256825,0.935897436,-0.033112583,0.96369637,-0.018487395,0.993197279,-0.003412969,1,0,1.130322581,0.061175045,0.651260504,-0.211195929,0.555157593,-0.286043298,0.702629193,-0.174653887,0.703266788,-0.174214172,0.827991453,-0.094097019,0.852585259,-0.079572447,0.878684807,-0.064574532,0.884703196,-0.061175045,0.884703196,-0.061175045
384,319,496,729,546,529,391,398,360,388,3.45,0.680384088,-0.190204082,0.908424908,-0.047984645,0.937618147,-0.032195122,1.268542199,0.11837655,1.246231156,0.109619687,1.377777778,0.158878505,1.278350515,0.122171946,1.291666667,0.127272727,1.554858934,0.217177914,1.469758065,0.190204082,1.335164835,0.143529412,1.378071834,0.158982512,1.864450128,0.301785714,1.831658291,0.293700089,2.025,0.338842975,1.878865979,0.305282005,1.8984375,0.309973046,2.285266458,0.391221374,1.100806452,0.047984645,0.748971193,-0.143529412,1.032136106,0.015813953,1.396419437,0.165421558,1.371859296,0.156779661,1.516666667,0.205298013,1.407216495,0.169164882,1.421875,0.174193548,1.711598746,0.262427746,1.066532258,0.032195122,0.725651578,-0.158982512,0.968864469,-0.015813953,1.352941176,0.15,1.329145729,0.141316073,1.469444444,0.190101237,1.363402062,0.153762268,1.377604167,0.158817087,1.65830721,0.247641509,0.788306452,-0.11837655,0.536351166,-0.301785714,0.716117216,-0.165421558,0.739130435,-0.15,0.98241206,-0.00887199,1.086111111,0.041278296,1.007731959,0.003851091,1.018229167,0.009032258,1.225705329,0.101408451,0.802419355,-0.109619687,0.545953361,-0.293700089,0.728937729,-0.156779661,0.752362949,-0.141316073,1.017902813,0.00887199,1.105555556,0.050131926,1.025773196,0.012722646,1.036458333,0.017902813,1.247648903,0.110181311,0.725806452,-0.158878505,0.49382716,-0.338842975,0.659340659,-0.205298013,0.680529301,-0.190101237,0.920716113,-0.041278296,0.904522613,-0.050131926,0.927835052,-0.037433155,0.9375,-0.032258065,1.128526646,0.060382916,0.782258065,-0.122171946,0.53223594,-0.305282005,0.710622711,-0.169164882,0.733459357,-0.153762268,0.992327366,-0.003851091,0.974874372,-0.012722646,1.077777778,0.037433155,1.010416667,0.005181347,1.21630094,0.097595474,0.774193548,-0.127272727,0.526748971,-0.309973046,0.703296703,-0.174193548,0.725897921,-0.158817087,0.982097187,-0.009032258,0.964824121,-0.017902813,1.066666667,0.032258065,0.989690722,-0.005181347,1.203761755,0.092460882,0.643145161,-0.217177914,0.437585734,-0.391221374,0.584249084,-0.262427746,0.603024575,-0.247641509,0.815856777,-0.101408451,0.801507538,-0.110181311,0.886111111,-0.060382916,0.822164948,-0.097595474,0.830729167,-0.092460882
216,208,330,533,388,393,145,145,158,156,1.88,0.619136961,-0.235225956,0.850515464,-0.080779944,0.839694656,-0.087136929,2.275862069,0.389473684,2.275862069,0.389473684,2.088607595,0.352459016,2.115384615,0.358024691,1.527777778,0.208791209,1.586538462,0.226765799,1.615151515,0.235225956,1.37371134,0.157437568,1.356234097,0.151187905,3.675862069,0.572271386,3.675862069,0.572271386,3.373417722,0.542691751,3.416666667,0.547169811,2.467592593,0.423230975,2.5625,0.438596491,1.175757576,0.080779944,0.727954972,-0.157437568,0.987277354,-0.006402049,2.675862069,0.455909944,2.675862069,0.455909944,2.455696203,0.421245421,2.487179487,0.426470588,1.796296296,0.284768212,1.865384615,0.302013423,1.190909091,0.087136929,0.737335835,-0.151187905,1.012886598,0.006402049,2.710344828,0.460966543,2.710344828,0.460966543,2.487341772,0.426497278,2.519230769,0.431693989,1.819444444,0.290640394,1.889423077,0.3078203,0.439393939,-0.389473684,0.272045028,-0.572271386,0.37371134,-0.455909944,0.368956743,-0.460966543,1,0,0.917721519,-0.04290429,0.929487179,-0.03654485,0.671296296,-0.1966759,0.697115385,-0.178470255,0.439393939,-0.389473684,0.272045028,-0.572271386,0.37371134,-0.455909944,0.368956743,-0.460966543,1,0,0.917721519,-0.04290429,0.929487179,-0.03654485,0.671296296,-0.1966759,0.697115385,-0.178470255,0.478787879,-0.352459016,0.296435272,-0.542691751,0.407216495,-0.421245421,0.402035623,-0.426497278,1.089655172,0.04290429,1.089655172,0.04290429,1.012820513,0.006369427,0.731481481,-0.155080214,0.759615385,-0.136612022,0.472727273,-0.358024691,0.292682927,-0.547169811,0.402061856,-0.426470588,0.396946565,-0.431693989,1.075862069,0.03654485,1.075862069,0.03654485,0.987341772,-0.006369427,0.722222222,-0.161290323,0.75,-0.142857143,0.654545455,-0.208791209,0.405253283,-0.423230975,0.556701031,-0.284768212,0.549618321,-0.290640394,1.489655172,0.1966759,1.489655172,0.1966759,1.367088608,0.155080214,1.384615385,0.161290323,1.038461538,0.018867925,0.63030303,-0.226765799,0.390243902,-0.438596491,0.536082474,-0.302013423,0.529262087,-0.3078203,1.434482759,0.178470255,1.434482759,0.178470255,1.316455696,0.136612022,1.333333333,0.142857143,0.962962963,-0.018867925
2917,2501,3924,3557,3240,3502,3297,3195,3459,3141,2.47,1.103176834,0.049057613,1.211111111,0.095477387,1.12050257,0.056827363,1.190172884,0.086830079,1.228169014,0.102402023,1.134431917,0.062982527,1.249283668,0.110828025,1.345217689,0.147200702,1.568972411,0.221478599,0.906472987,-0.049057613,1.097839506,0.046638223,1.015705311,0.007791472,1.078859569,0.037934053,1.113302034,0.053613744,1.028331888,0.013968073,1.132441897,0.062108092,1.219403497,0.098856966,1.422231108,0.174314955,0.825688073,-0.095477387,0.910879955,-0.046638223,0.925185608,-0.038860872,0.982711556,-0.008719596,1.014084507,0.006993007,0.936686904,-0.032691446,1.031518625,0.01551481,1.110730202,0.052460614,1.295481807,0.128723219,0.892456677,-0.056827363,0.984537532,-0.007791472,1.080864198,0.038860872,1.062177737,0.030151493,1.096087637,0.045841422,1.012431339,0.006177273,1.11493155,0.054342917,1.200548509,0.091135691,1.400239904,0.166749958,0.840214067,-0.086830079,0.926904695,-0.037934053,1.017592593,0.008719596,0.941462022,-0.030151493,1.031924883,0.015711645,0.953165655,-0.023978686,1.049665712,0.024231128,1.130270826,0.061152237,1.318272691,0.13728872,0.814220183,-0.102402023,0.898228845,-0.053613744,0.986111111,-0.006993007,0.912335808,-0.045841422,0.969062784,-0.015711645,0.923677363,-0.039675383,1.017191977,0.008522727,1.095303394,0.045484293,1.277489004,0.121839888,0.881498471,-0.062982527,0.972448693,-0.013968073,1.067592593,0.032691446,0.987721302,-0.006177273,1.049135578,0.023978686,1.082629108,0.039675383,1.101241643,0.048181818,1.185807336,0.085006274,1.383046781,0.160738255,0.800458716,-0.110828025,0.883047512,-0.062108092,0.969444444,-0.01551481,0.896916048,-0.054342917,0.952684258,-0.024231128,0.983098592,-0.008522727,0.908065915,-0.048181818,1.076791224,0.0369759,1.255897641,0.113434952,0.743374108,-0.147200702,0.820073095,-0.098856966,0.900308642,-0.052460614,0.832952599,-0.091135691,0.884743706,-0.061152237,0.912989045,-0.045484293,0.843307314,-0.085006274,0.928685132,-0.0369759,1.166333467,0.0767811,0.637359837,-0.221478599,0.703120607,-0.174314955,0.77191358,-0.128723219,0.714163335,-0.166749958,0.758568396,-0.13728872,0.782785603,-0.121839888,0.723041341,-0.160738255,0.796243235,-0.113434952,0.857387727,-0.0767811
574,529,654,726,752,788,544,536,505,531,4.11,0.900826446,-0.052173913,0.869680851,-0.06970128,0.829949239,-0.092926491,1.202205882,0.091819699,1.220149254,0.099159664,1.295049505,0.128559103,1.231638418,0.103797468,1.139372822,0.06514658,1.236294896,0.105663567,1.110091743,0.052173913,0.965425532,-0.01759134,0.921319797,-0.040951123,1.334558824,0.143307087,1.354477612,0.150554675,1.437623762,0.179528838,1.367231638,0.155131265,1.264808362,0.116923077,1.372400756,0.156972112,1.149847095,0.06970128,1.035812672,0.01759134,0.954314721,-0.023376623,1.382352941,0.160493827,1.402985075,0.167701863,1.489108911,0.196499602,1.416195857,0.172252533,1.31010453,0.134238311,1.421550095,0.174082748,1.204892966,0.092926491,1.085399449,0.040951123,1.04787234,0.023376623,1.448529412,0.183183183,1.470149254,0.190332326,1.56039604,0.218870843,1.483992467,0.194844579,1.3728223,0.15712188,1.489603025,0.196659074,0.831804281,-0.091819699,0.749311295,-0.143307087,0.723404255,-0.160493827,0.69035533,-0.183183183,1.014925373,0.007407407,1.077227723,0.037178265,1.024482109,0.012093023,0.947735192,-0.026833631,1.028355388,0.013979497,0.819571865,-0.099159664,0.738292011,-0.150554675,0.712765957,-0.167701863,0.680203046,-0.190332326,0.985294118,-0.007407407,1.061386139,0.029779059,1.009416196,0.004686036,0.933797909,-0.034234234,1.013232514,0.00657277,0.772171254,-0.128559103,0.695592287,-0.179528838,0.671542553,-0.196499602,0.640862944,-0.218870843,0.928308824,-0.037178265,0.942164179,-0.029779059,0.951035782,-0.025096525,0.879790941,-0.0639481,0.95463138,-0.023210832,0.811926606,-0.103797468,0.731404959,-0.155131265,0.706117021,-0.172252533,0.673857868,-0.194844579,0.976102941,-0.012093023,0.990671642,-0.004686036,1.051485149,0.025096525,0.925087108,-0.038914027,1.003780718,0.001886792,0.877675841,-0.06514658,0.790633609,-0.116923077,0.763297872,-0.134238311,0.728426396,-0.15712188,1.055147059,0.026833631,1.070895522,0.034234234,1.136633663,0.0639481,1.080979284,0.038914027,1.085066163,0.040797824,0.808868502,-0.105663567,0.728650138,-0.156972112,0.703457447,-0.174082748,0.671319797,-0.196659074,0.972426471,-0.013979497,0.986940299,-0.00657277,1.047524752,0.023210832,0.996233522,-0.001886792,0.921602787,-0.040797824
399,357,650,687,657,714,468,455,458,427,5.08,0.946142649,-0.027673897,0.98934551,-0.005355777,0.910364146,-0.046920821,1.388888889,0.162790698,1.428571429,0.176470588,1.419213974,0.173285199,1.522248244,0.207056639,1.629072682,0.2392755,1.820728291,0.290963257,1.056923077,0.027673897,1.0456621,0.022321429,0.962184874,-0.019271949,1.467948718,0.18961039,1.50989011,0.203152364,1.5,0.2,1.608899297,0.233393178,1.721804511,0.26519337,1.924369748,0.316091954,1.010769231,0.005355777,0.956331878,-0.022321429,0.920168067,-0.041575492,1.403846154,0.168,1.443956044,0.181654676,1.434497817,0.178475336,1.538641686,0.212177122,1.646616541,0.244318182,1.840336134,0.295857988,1.098461538,0.046920821,1.03930131,0.019271949,1.086757991,0.041575492,1.525641026,0.208121827,1.569230769,0.221556886,1.558951965,0.218430034,1.672131148,0.251533742,1.789473684,0.283018868,2,0.333333333,0.72,-0.162790698,0.681222707,-0.18961039,0.712328767,-0.168,0.655462185,-0.208121827,1.028571429,0.014084507,1.021834061,0.010799136,1.096018735,0.045810056,1.172932331,0.079584775,1.31092437,0.134545455,0.7,-0.176470588,0.662299854,-0.203152364,0.692541857,-0.181654676,0.637254902,-0.221556886,0.972222222,-0.014084507,0.993449782,-0.003285871,1.06557377,0.031746032,1.140350877,0.06557377,1.274509804,0.120689655,0.704615385,-0.173285199,0.666666667,-0.2,0.697108067,-0.178475336,0.641456583,-0.218430034,0.978632479,-0.010799136,1.006593407,0.003285871,1.072599532,0.035028249,1.147869674,0.068844807,1.282913165,0.12392638,0.656923077,-0.207056639,0.62154294,-0.233393178,0.649923896,-0.212177122,0.598039216,-0.251533742,0.912393162,-0.045810056,0.938461538,-0.031746032,0.93231441,-0.035028249,1.070175439,0.033898305,1.196078431,0.089285714,0.613846154,-0.2392755,0.580786026,-0.26519337,0.607305936,-0.244318182,0.558823529,-0.283018868,0.852564103,-0.079584775,0.876923077,-0.06557377,0.871179039,-0.068844807,0.93442623,-0.033898305,1.117647059,0.055555556,0.549230769,-0.290963257,0.519650655,-0.316091954,0.543378995,-0.295857988,0.5,-0.333333333,0.762820513,-0.134545455,0.784615385,-0.120689655,0.779475983,-0.12392638,0.836065574,-0.089285714,0.894736842,-0.055555556
251,224,374,621,487,481,231,256,213,222,5.04,0.602254428,-0.248241206,0.767967146,-0.131242741,0.777546778,-0.125146199,1.619047619,0.236363636,1.4609375,0.187301587,1.755868545,0.27427598,1.684684685,0.255033557,1.490039841,0.1968,1.669642857,0.25083612,1.660427807,0.248241206,1.275154004,0.120938628,1.291060291,0.127041742,2.688311688,0.457746479,2.42578125,0.416191562,2.915492958,0.489208633,2.797297297,0.473309609,2.474103586,0.424311927,2.772321429,0.469822485,1.302139037,0.131242741,0.784219002,-0.120938628,1.012474012,0.006198347,2.108225108,0.356545961,1.90234375,0.31090175,2.286384977,0.391428571,2.193693694,0.373765867,1.940239044,0.319783198,2.174107143,0.369901547,1.286096257,0.125146199,0.774557166,-0.127041742,0.987679671,-0.006198347,2.082251082,0.351123596,1.87890625,0.305291723,2.258215962,0.386167147,2.166666667,0.368421053,1.916334661,0.31420765,2.147321429,0.364539007,0.617647059,-0.236363636,0.371980676,-0.457746479,0.474332649,-0.356545961,0.48024948,-0.351123596,0.90234375,-0.051334702,1.084507042,0.040540541,1.040540541,0.01986755,0.920318725,-0.041493776,1.03125,0.015384615,0.684491979,-0.187301587,0.412238325,-0.416191562,0.525667351,-0.31090175,0.532224532,-0.305291723,1.108225108,0.051334702,1.201877934,0.091684435,1.153153153,0.071129707,1.019920319,0.009861933,1.142857143,0.066666667,0.569518717,-0.27427598,0.342995169,-0.489208633,0.437371663,-0.391428571,0.442827443,-0.386167147,0.922077922,-0.040540541,0.83203125,-0.091684435,0.959459459,-0.020689655,0.848605578,-0.081896552,0.950892857,-0.025171625,0.593582888,-0.255033557,0.357487923,-0.473309609,0.455852156,-0.373765867,0.461538462,-0.368421053,0.961038961,-0.01986755,0.8671875,-0.071129707,1.042253521,0.020689655,0.884462151,-0.061310782,0.991071429,-0.004484305,0.671122995,-0.1968,0.404186795,-0.424311927,0.515400411,-0.319783198,0.521829522,-0.31420765,1.086580087,0.041493776,0.98046875,-0.009861933,1.178403756,0.081896552,1.130630631,0.061310782,1.120535714,0.056842105,0.598930481,-0.25083612,0.360708535,-0.469822485,0.459958932,-0.369901547,0.465696466,-0.364539007,0.96969697,-0.015384615,0.875,-0.066666667,1.051643192,0.025171625,1.009009009,0.004484305,0.892430279,-0.056842105
39,35,105,127,158,170,20,39,14,25,4.86,0.826771654,-0.094827586,0.664556962,-0.201520913,0.617647059,-0.236363636,5.25,0.68,2.692307692,0.458333333,7.5,0.764705882,4.2,0.615384615,2.692307692,0.458333333,3,0.5,1.20952381,0.094827586,0.803797468,-0.10877193,0.747058824,-0.144781145,6.35,0.727891156,3.256410256,0.530120482,9.071428571,0.80141844,5.08,0.671052632,3.256410256,0.530120482,3.628571429,0.567901235,1.504761905,0.201520913,1.244094488,0.10877193,0.929411765,-0.036585366,7.9,0.775280899,4.051282051,0.604060914,11.28571429,0.837209302,6.32,0.726775956,4.051282051,0.604060914,4.514285714,0.637305699,1.619047619,0.236363636,1.338582677,0.144781145,1.075949367,0.036585366,8.5,0.789473684,4.358974359,0.626794258,12.14285714,0.847826087,6.8,0.743589744,4.358974359,0.626794258,4.857142857,0.658536585,0.19047619,-0.68,0.157480315,-0.727891156,0.126582278,-0.775280899,0.117647059,-0.789473684,0.512820513,-0.322033898,1.428571429,0.176470588,0.8,-0.111111111,0.512820513,-0.322033898,0.571428571,-0.272727273,0.371428571,-0.458333333,0.307086614,-0.530120482,0.246835443,-0.604060914,0.229411765,-0.626794258,1.95,0.322033898,2.785714286,0.471698113,1.56,0.21875,1,0,1.114285714,0.054054054,0.133333333,-0.764705882,0.11023622,-0.80141844,0.088607595,-0.837209302,0.082352941,-0.847826087,0.7,-0.176470588,0.358974359,-0.471698113,0.56,-0.282051282,0.358974359,-0.471698113,0.4,-0.428571429,0.238095238,-0.615384615,0.196850394,-0.671052632,0.158227848,-0.726775956,0.147058824,-0.743589744,1.25,0.111111111,0.641025641,-0.21875,1.785714286,0.282051282,0.641025641,-0.21875,0.714285714,-0.166666667,0.371428571,-0.458333333,0.307086614,-0.530120482,0.246835443,-0.604060914,0.229411765,-0.626794258,1.95,0.322033898,1,0,2.785714286,0.471698113,1.56,0.21875,1.114285714,0.054054054,0.333333333,-0.5,0.275590551,-0.567901235,0.221518987,-0.637305699,0.205882353,-0.658536585,1.75,0.272727273,0.897435897,-0.054054054,2.5,0.428571429,1.4,0.166666667,0.897435897,-0.054054054
46,45,136,213,229,228,37,66,51,44,5.28,0.638497653,-0.220630372,0.593886463,-0.254794521,0.596491228,-0.252747253,3.675675676,0.572254335,2.060606061,0.346534653,2.666666667,0.454545455,3.090909091,0.511111111,2.956521739,0.494505495,3.022222222,0.502762431,1.566176471,0.220630372,0.930131004,-0.036199095,0.934210526,-0.034013605,5.756756757,0.704,3.227272727,0.52688172,4.176470588,0.613636364,4.840909091,0.657587549,4.630434783,0.644787645,4.733333333,0.651162791,1.683823529,0.254794521,1.075117371,0.036199095,1.004385965,0.002188184,6.189189189,0.721804511,3.46969697,0.552542373,4.490196078,0.635714286,5.204545455,0.677655678,4.97826087,0.665454545,5.088888889,0.671532847,1.676470588,0.252747253,1.070422535,0.034013605,0.995633188,-0.002188184,6.162162162,0.720754717,3.454545455,0.551020408,4.470588235,0.634408602,5.181818182,0.676470588,4.956521739,0.664233577,5.066666667,0.67032967,0.272058824,-0.572254335,0.17370892,-0.704,0.161572052,-0.721804511,0.162280702,-0.720754717,0.560606061,-0.281553398,0.725490196,-0.159090909,0.840909091,-0.086419753,0.804347826,-0.108433735,0.822222222,-0.097560976,0.485294118,-0.346534653,0.309859155,-0.52688172,0.288209607,-0.552542373,0.289473684,-0.551020408,1.783783784,0.281553398,1.294117647,0.128205128,1.5,0.2,1.434782609,0.178571429,1.466666667,0.189189189,0.375,-0.454545455,0.23943662,-0.613636364,0.222707424,-0.635714286,0.223684211,-0.634408602,1.378378378,0.159090909,0.772727273,-0.128205128,1.159090909,0.073684211,1.108695652,0.051546392,1.133333333,0.0625,0.323529412,-0.511111111,0.20657277,-0.657587549,0.192139738,-0.677655678,0.192982456,-0.676470588,1.189189189,0.086419753,0.666666667,-0.2,0.862745098,-0.073684211,0.956521739,-0.022222222,0.977777778,-0.011235955,0.338235294,-0.494505495,0.215962441,-0.644787645,0.200873362,-0.665454545,0.201754386,-0.664233577,1.243243243,0.108433735,0.696969697,-0.178571429,0.901960784,-0.051546392,1.045454545,0.022222222,1.022222222,0.010989011,0.330882353,-0.502762431,0.211267606,-0.651162791,0.19650655,-0.671532847,0.197368421,-0.67032967,1.216216216,0.097560976,0.681818182,-0.189189189,0.882352941,-0.0625,1.022727273,0.011235955,0.97826087,-0.010989011
97,80,530,453,306,255,126,118,391,89,3.68,1.169977925,0.078331638,1.732026144,0.267942584,2.078431373,0.350318471,4.206349206,0.615853659,4.491525424,0.635802469,1.355498721,0.15092291,5.95505618,0.712439418,5.463917526,0.690590112,6.625,0.737704918,0.854716981,-0.078331638,1.480392157,0.193675889,1.776470588,0.279661017,3.595238095,0.564766839,3.838983051,0.586690018,1.158567775,0.073459716,5.08988764,0.671586716,4.670103093,0.647272727,5.6625,0.699812383,0.577358491,-0.267942584,0.675496689,-0.193675889,1.2,0.090909091,2.428571429,0.416666667,2.593220339,0.443396226,0.782608696,-0.12195122,3.438202247,0.549367089,3.154639175,0.518610422,3.825,0.585492228,0.481132075,-0.350318471,0.562913907,-0.279661017,0.833333333,-0.090909091,2.023809524,0.338582677,2.161016949,0.367292225,0.652173913,-0.210526316,2.865168539,0.48255814,2.628865979,0.448863636,3.1875,0.52238806,0.237735849,-0.615853659,0.278145695,-0.564766839,0.411764706,-0.416666667,0.494117647,-0.338582677,1.06779661,0.032786885,0.322250639,-0.512572534,1.415730337,0.172093023,1.298969072,0.130044843,1.575,0.223300971,0.222641509,-0.635802469,0.260485651,-0.586690018,0.385620915,-0.443396226,0.462745098,-0.367292225,0.936507937,-0.032786885,0.301790281,-0.536345776,1.325842697,0.140096618,1.216494845,0.097674419,1.475,0.191919192,0.737735849,-0.15092291,0.863134658,-0.073459716,1.277777778,0.12195122,1.533333333,0.210526316,3.103174603,0.512572534,3.313559322,0.536345776,4.393258427,0.629166667,4.030927835,0.602459016,4.8875,0.66029724,0.167924528,-0.712439418,0.196467991,-0.671586716,0.290849673,-0.549367089,0.349019608,-0.48255814,0.706349206,-0.172093023,0.754237288,-0.140096618,0.227621483,-0.629166667,0.917525773,-0.043010753,1.1125,0.053254438,0.183018868,-0.690590112,0.214128035,-0.647272727,0.316993464,-0.518610422,0.380392157,-0.448863636,0.76984127,-0.130044843,0.822033898,-0.097674419,0.248081841,-0.602459016,1.08988764,0.043010753,1.2125,0.096045198,0.150943396,-0.737704918,0.176600442,-0.699812383,0.261437908,-0.585492228,0.31372549,-0.52238806,0.634920635,-0.223300971,0.677966102,-0.191919192,0.204603581,-0.66029724,0.898876404,-0.053254438,0.824742268,-0.096045198
45,36,159,286,224,224,38,24,25,24,4.4,0.555944056,-0.285393258,0.709821429,-0.169712794,0.709821429,-0.169712794,4.184210526,0.614213198,6.625,0.737704918,6.36,0.72826087,6.625,0.737704918,3.533333333,0.558823529,4.416666667,0.630769231,1.798742138,0.285393258,1.276785714,0.121568627,1.276785714,0.121568627,7.526315789,0.765432099,11.91666667,0.84516129,11.44,0.839228296,11.91666667,0.84516129,6.355555556,0.728096677,7.944444444,0.776397516,1.408805031,0.169712794,0.783216783,-0.121568627,1,0,5.894736842,0.709923664,9.333333333,0.806451613,8.96,0.799196787,9.333333333,0.806451613,4.977777778,0.665427509,6.222222222,0.723076923,1.408805031,0.169712794,0.783216783,-0.121568627,1,0,5.894736842,0.709923664,9.333333333,0.806451613,8.96,0.799196787,9.333333333,0.806451613,4.977777778,0.665427509,6.222222222,0.723076923,0.238993711,-0.614213198,0.132867133,-0.765432099,0.169642857,-0.709923664,0.169642857,-0.709923664,1.583333333,0.225806452,1.52,0.206349206,1.583333333,0.225806452,0.844444444,-0.084337349,1.055555556,0.027027027,0.150943396,-0.737704918,0.083916084,-0.84516129,0.107142857,-0.806451613,0.107142857,-0.806451613,0.631578947,-0.225806452,0.96,-0.020408163,1,0,0.533333333,-0.304347826,0.666666667,-0.2,0.157232704,-0.72826087,0.087412587,-0.839228296,0.111607143,-0.799196787,0.111607143,-0.799196787,0.657894737,-0.206349206,1.041666667,0.020408163,1.041666667,0.020408163,0.555555556,-0.285714286,0.694444444,-0.180327869,0.150943396,-0.737704918,0.083916084,-0.84516129,0.107142857,-0.806451613,0.107142857,-0.806451613,0.631578947,-0.225806452,1,0,0.96,-0.020408163,0.533333333,-0.304347826,0.666666667,-0.2,0.283018868,-0.558823529,0.157342657,-0.728096677,0.200892857,-0.665427509,0.200892857,-0.665427509,1.184210526,0.084337349,1.875,0.304347826,1.8,0.285714286,1.875,0.304347826,1.25,0.111111111,0.226415094,-0.630769231,0.125874126,-0.776397516,0.160714286,-0.723076923,0.160714286,-0.723076923,0.947368421,-0.027027027,1.5,0.2,1.44,0.180327869,1.5,0.2,0.8,-0.111111111
37,39,267,456,298,255,52,53,41,25,4.05,0.585526316,-0.261410788,0.895973154,-0.054867257,1.047058824,0.022988506,5.134615385,0.673981191,5.037735849,0.66875,6.512195122,0.733766234,10.68,0.828767123,7.216216216,0.756578947,6.846153846,0.745098039,1.707865169,0.261410788,1.530201342,0.209549072,1.788235294,0.282700422,8.769230769,0.795275591,8.603773585,0.791748527,11.12195122,0.83501006,18.24,0.896049896,12.32432432,0.84989858,11.69230769,0.842424242,1.116104869,0.054867257,0.653508772,-0.209549072,1.168627451,0.077757685,5.730769231,0.702857143,5.622641509,0.698005698,7.268292683,0.758112094,11.92,0.845201238,8.054054054,0.779104478,7.641025641,0.768545994,0.95505618,-0.022988506,0.559210526,-0.282700422,0.855704698,-0.077757685,4.903846154,0.661237785,4.811320755,0.655844156,6.219512195,0.722972973,10.2,0.821428571,6.891891892,0.746575342,6.538461538,0.734693878,0.194756554,-0.673981191,0.114035088,-0.795275591,0.174496644,-0.702857143,0.203921569,-0.661237785,0.981132075,-0.00952381,1.268292683,0.11827957,2.08,0.350649351,1.405405405,0.168539326,1.333333333,0.142857143,0.198501873,-0.66875,0.11622807,-0.791748527,0.177852349,-0.698005698,0.207843137,-0.655844156,1.019230769,0.00952381,1.292682927,0.127659574,2.12,0.358974359,1.432432432,0.177777778,1.358974359,0.152173913,0.153558052,-0.733766234,0.089912281,-0.83501006,0.137583893,-0.758112094,0.160784314,-0.722972973,0.788461538,-0.11827957,0.773584906,-0.127659574,1.64,0.242424242,1.108108108,0.051282051,1.051282051,0.025,0.093632959,-0.828767123,0.054824561,-0.896049896,0.083892617,-0.845201238,0.098039216,-0.821428571,0.480769231,-0.350649351,0.471698113,-0.358974359,0.609756098,-0.242424242,0.675675676,-0.193548387,0.641025641,-0.21875,0.138576779,-0.756578947,0.081140351,-0.84989858,0.124161074,-0.779104478,0.145098039,-0.746575342,0.711538462,-0.168539326,0.698113208,-0.177777778,0.902439024,-0.051282051,1.48,0.193548387,0.948717949,-0.026315789,0.146067416,-0.745098039,0.085526316,-0.842424242,0.130872483,-0.768545994,0.152941176,-0.734693878,0.75,-0.142857143,0.735849057,-0.152173913,0.951219512,-0.025,1.56,0.21875,1.054054054,0.026315789
70,47,246,447,374,377,69,86,71,27,2.93,0.55033557,-0.29004329,0.657754011,-0.206451613,0.652519894,-0.210272873,3.565217391,0.561904762,2.860465116,0.481927711,3.464788732,0.552050473,9.111111111,0.802197802,3.514285714,0.556962025,5.234042553,0.679180887,1.817073171,0.29004329,1.195187166,0.088915956,1.185676393,0.084951456,6.47826087,0.73255814,5.197674419,0.677298311,6.295774648,0.725868726,16.55555556,0.886075949,6.385714286,0.729206963,9.510638298,0.809716599,1.520325203,0.206451613,0.836689038,-0.088915956,0.99204244,-0.003994674,5.420289855,0.688487585,4.348837209,0.626086957,5.267605634,0.680898876,13.85185185,0.865336658,5.342857143,0.684684685,7.957446809,0.77672209,1.532520325,0.210272873,0.843400447,-0.084951456,1.00802139,0.003994674,5.463768116,0.69058296,4.38372093,0.628509719,5.309859155,0.683035714,13.96296296,0.866336634,5.385714286,0.686800895,8.021276596,0.778301887,0.280487805,-0.561904762,0.154362416,-0.73255814,0.184491979,-0.688487585,0.183023873,-0.69058296,0.802325581,-0.109677419,0.971830986,-0.014285714,2.555555556,0.4375,0.985714286,-0.007194245,1.468085106,0.189655172,0.349593496,-0.481927711,0.192393736,-0.677298311,0.229946524,-0.626086957,0.228116711,-0.628509719,1.246376812,0.109677419,1.211267606,0.095541401,3.185185185,0.522123894,1.228571429,0.102564103,1.829787234,0.293233083,0.288617886,-0.552050473,0.158836689,-0.725868726,0.189839572,-0.680898876,0.188328912,-0.683035714,1.028985507,0.014285714,0.825581395,-0.095541401,2.62962963,0.448979592,1.014285714,0.007092199,1.510638298,0.203389831,0.109756098,-0.802197802,0.060402685,-0.886075949,0.072192513,-0.865336658,0.071618037,-0.866336634,0.391304348,-0.4375,0.313953488,-0.522123894,0.38028169,-0.448979592,0.385714286,-0.443298969,0.574468085,-0.27027027,0.284552846,-0.556962025,0.156599553,-0.729206963,0.187165775,-0.684684685,0.185676393,-0.686800895,1.014492754,0.007194245,0.813953488,-0.102564103,0.985915493,-0.007092199,2.592592593,0.443298969,1.489361702,0.196581197,0.191056911,-0.679180887,0.105145414,-0.809716599,0.125668449,-0.77672209,0.124668435,-0.778301887,0.68115942,-0.189655172,0.546511628,-0.293233083,0.661971831,-0.203389831,1.740740741,0.27027027,0.671428571,-0.196581197
42,57,159,230,232,199,39,50,46,24,4.06,0.691304348,-0.18251928,0.685344828,-0.186700767,0.798994975,-0.111731844,4.076923077,0.606060606,3.18,0.5215311,3.456521739,0.551219512,6.625,0.737704918,3.785714286,0.582089552,2.789473684,0.472222222,1.446540881,0.18251928,0.99137931,-0.004329004,1.155778894,0.072261072,5.897435897,0.710037175,4.6,0.642857143,5,0.666666667,9.583333333,0.811023622,5.476190476,0.691176471,4.035087719,0.602787456,1.459119497,0.186700767,1.008695652,0.004329004,1.165829146,0.076566125,5.948717949,0.712177122,4.64,0.645390071,5.043478261,0.669064748,9.666666667,0.8125,5.523809524,0.693430657,4.070175439,0.605536332,1.251572327,0.111731844,0.865217391,-0.072261072,0.857758621,-0.076566125,5.102564103,0.672268908,3.98,0.598393574,4.326086957,0.624489796,8.291666667,0.784753363,4.738095238,0.651452282,3.49122807,0.5546875,0.245283019,-0.606060606,0.169565217,-0.710037175,0.168103448,-0.712177122,0.195979899,-0.672268908,0.78,-0.123595506,0.847826087,-0.082352941,1.625,0.238095238,0.928571429,-0.037037037,0.684210526,-0.1875,0.314465409,-0.5215311,0.217391304,-0.642857143,0.215517241,-0.645390071,0.251256281,-0.598393574,1.282051282,0.123595506,1.086956522,0.041666667,2.083333333,0.351351351,1.19047619,0.086956522,0.877192982,-0.065420561,0.289308176,-0.551219512,0.2,-0.666666667,0.198275862,-0.669064748,0.231155779,-0.624489796,1.179487179,0.082352941,0.92,-0.041666667,1.916666667,0.314285714,1.095238095,0.045454545,0.807017544,-0.106796117,0.150943396,-0.737704918,0.104347826,-0.811023622,0.103448276,-0.8125,0.120603015,-0.784753363,0.615384615,-0.238095238,0.48,-0.351351351,0.52173913,-0.314285714,0.571428571,-0.272727273,0.421052632,-0.407407407,0.264150943,-0.582089552,0.182608696,-0.691176471,0.181034483,-0.693430657,0.211055276,-0.651452282,1.076923077,0.037037037,0.84,-0.086956522,0.913043478,-0.045454545,1.75,0.272727273,0.736842105,-0.151515152,0.358490566,-0.472222222,0.247826087,-0.602787456,0.245689655,-0.605536332,0.286432161,-0.5546875,1.461538462,0.1875,1.14,0.065420561,1.239130435,0.106796117,2.375,0.407407407,1.357142857,0.151515152
258,207,703,981,634,515,275,276,273,240,8.99,0.716615698,-0.165083135,1.108832808,0.051608078,1.365048544,0.154351396,2.556363636,0.437627812,2.547101449,0.436159346,2.575091575,0.44057377,2.929166667,0.490986214,2.724806202,0.463059313,3.396135266,0.545054945,1.39544808,0.165083135,1.547318612,0.214860681,1.904854369,0.311497326,3.567272727,0.562101911,3.554347826,0.560859189,3.593406593,0.564593301,4.0875,0.606879607,3.802325581,0.583535109,4.739130435,0.651515152,0.901849218,-0.051608078,0.646279307,-0.214860681,1.231067961,0.10356832,2.305454545,0.394939494,2.297101449,0.393406593,2.322344322,0.398015436,2.641666667,0.450800915,2.457364341,0.421524664,3.062801932,0.507728894,0.73257468,-0.154351396,0.524974516,-0.311497326,0.812302839,-0.10356832,1.872727273,0.303797468,1.865942029,0.302149178,1.886446886,0.307106599,2.145833333,0.364238411,1.996124031,0.332470893,2.487922705,0.426592798,0.391180654,-0.437627812,0.280326198,-0.562101911,0.433753943,-0.394939494,0.533980583,-0.303797468,0.996376812,-0.001814882,1.007326007,0.003649635,1.145833333,0.067961165,1.065891473,0.031894934,1.328502415,0.141078838,0.392603129,-0.436159346,0.281345566,-0.560859189,0.43533123,-0.393406593,0.53592233,-0.302149178,1.003636364,0.001814882,1.010989011,0.005464481,1.15,0.069767442,1.069767442,0.033707865,1.333333333,0.142857143,0.388335704,-0.44057377,0.278287462,-0.564593301,0.430599369,-0.398015436,0.530097087,-0.307106599,0.992727273,-0.003649635,0.989130435,-0.005464481,1.1375,0.064327485,1.058139535,0.028248588,1.31884058,0.1375,0.341394026,-0.490986214,0.244648318,-0.606879607,0.378548896,-0.450800915,0.466019417,-0.364238411,0.872727273,-0.067961165,0.869565217,-0.069767442,0.879120879,-0.064327485,0.930232558,-0.036144578,1.15942029,0.073825503,0.366998578,-0.463059313,0.262996942,-0.583535109,0.406940063,-0.421524664,0.500970874,-0.332470893,0.938181818,-0.031894934,0.934782609,-0.033707865,0.945054945,-0.028248588,1.075,0.036144578,1.246376812,0.109677419,0.294452347,-0.545054945,0.211009174,-0.651515152,0.326498423,-0.507728894,0.401941748,-0.426592798,0.752727273,-0.141078838,0.75,-0.142857143,0.758241758,-0.1375,0.8625,-0.073825503,0.802325581,-0.109677419
286,249,912,1058,615,520,328,340,326,312,4.67,0.862003781,-0.074111675,1.482926829,0.194499018,1.753846154,0.273743017,2.780487805,0.470967742,2.682352941,0.45686901,2.797546012,0.473344103,2.923076923,0.490196078,3.188811189,0.522537563,3.662650602,0.571059432,1.160087719,0.074111675,1.720325203,0.264793784,2.034615385,0.340937896,3.225609756,0.526695527,3.111764706,0.513590844,3.245398773,0.528901734,3.391025641,0.544525547,3.699300699,0.574404762,4.248995984,0.618974751,0.674342105,-0.194499018,0.581285444,-0.264793784,1.182692308,0.083700441,1.875,0.304347826,1.808823529,0.287958115,1.886503067,0.307120085,1.971153846,0.326860841,2.15034965,0.365149834,2.469879518,0.423611111,0.570175439,-0.273743017,0.491493384,-0.340937896,0.845528455,-0.083700441,1.585365854,0.226415094,1.529411765,0.209302326,1.595092025,0.229314421,1.666666667,0.25,1.818181818,0.290322581,2.088353414,0.352405722,0.359649123,-0.470967742,0.310018904,-0.526695527,0.533333333,-0.304347826,0.630769231,-0.226415094,0.964705882,-0.017964072,1.006134969,0.003058104,1.051282051,0.025,1.146853147,0.068403909,1.317269076,0.136915078,0.372807018,-0.45686901,0.321361059,-0.513590844,0.552845528,-0.287958115,0.653846154,-0.209302326,1.036585366,0.017964072,1.042944785,0.021021021,1.08974359,0.042944785,1.188811189,0.086261981,1.365461847,0.154499151,0.35745614,-0.473344103,0.308128544,-0.528901734,0.530081301,-0.307120085,0.626923077,-0.229314421,0.993902439,-0.003058104,0.958823529,-0.021021021,1.044871795,0.021943574,1.13986014,0.065359477,1.309236948,0.133913043,0.342105263,-0.490196078,0.29489603,-0.544525547,0.507317073,-0.326860841,0.6,-0.25,0.951219512,-0.025,0.917647059,-0.042944785,0.957055215,-0.021943574,1.090909091,0.043478261,1.253012048,0.112299465,0.313596491,-0.522537563,0.270321361,-0.574404762,0.46504065,-0.365149834,0.55,-0.290322581,0.87195122,-0.068403909,0.841176471,-0.086261981,0.877300613,-0.065359477,0.916666667,-0.043478261,1.148594378,0.069158879,0.273026316,-0.571059432,0.235349716,-0.618974751,0.404878049,-0.423611111,0.478846154,-0.352405722,0.759146341,-0.136915078,0.732352941,-0.154499151,0.763803681,-0.133913043,0.798076923,-0.112299465,0.870629371,-0.069158879
485,435,978,1170,786,693,529,519,519,488,3.89,0.835897436,-0.089385475,1.244274809,0.108843537,1.411255411,0.170556553,1.848771267,0.297942933,1.884393064,0.306613226,1.884393064,0.306613226,2.004098361,0.334242838,2.016494845,0.336978811,2.248275862,0.384288747,1.196319018,0.089385475,1.488549618,0.196319018,1.688311688,0.256038647,2.211720227,0.377280753,2.25433526,0.385435169,2.25433526,0.385435169,2.397540984,0.411338963,2.412371134,0.413897281,2.689655172,0.457943925,0.803680982,-0.108843537,0.671794872,-0.196319018,1.134199134,0.062880325,1.485822306,0.195437262,1.514450867,0.204597701,1.514450867,0.204597701,1.610655738,0.233908948,1.620618557,0.2368214,1.806896552,0.287469287,0.708588957,-0.170556553,0.592307692,-0.256038647,0.881679389,-0.062880325,1.310018904,0.134206219,1.335260116,0.143564356,1.335260116,0.143564356,1.420081967,0.17358171,1.428865979,0.176570458,1.593103448,0.228723404,0.540899796,-0.297942933,0.452136752,-0.377280753,0.67302799,-0.195437262,0.763347763,-0.134206219,1.019267823,0.009541985,1.019267823,0.009541985,1.084016393,0.040314651,1.090721649,0.043392505,1.216091954,0.097510373,0.530674847,-0.306613226,0.443589744,-0.385435169,0.660305344,-0.204597701,0.748917749,-0.143564356,0.981096408,-0.009541985,1,0,1.06352459,0.030784508,1.070103093,0.033864542,1.193103448,0.088050314,0.530674847,-0.306613226,0.443589744,-0.385435169,0.660305344,-0.204597701,0.748917749,-0.143564356,0.981096408,-0.009541985,1,0,1.06352459,0.030784508,1.070103093,0.033864542,1.193103448,0.088050314,0.498977505,-0.334242838,0.417094017,-0.411338963,0.62086514,-0.233908948,0.704184704,-0.17358171,0.922495274,-0.040314651,0.94026975,-0.030784508,0.94026975,-0.030784508,1.006185567,0.003083248,1.12183908,0.057421452,0.49591002,-0.336978811,0.414529915,-0.413897281,0.617048346,-0.2368214,0.6998557,-0.176570458,0.916824197,-0.043392505,0.934489403,-0.033864542,0.934489403,-0.033864542,0.993852459,-0.003083248,1.114942529,0.054347826,0.444785276,-0.384288747,0.371794872,-0.457943925,0.553435115,-0.287469287,0.627705628,-0.228723404,0.822306238,-0.097510373,0.838150289,-0.088050314,0.838150289,-0.088050314,0.891393443,-0.057421452,0.896907216,-0.054347826
528,437,809,1081,751,678,552,543,530,528,2.92,0.748381129,-0.143915344,1.07723036,0.037179487,1.193215339,0.088096839,1.46557971,0.188831741,1.489871087,0.196745562,1.526415094,0.208364451,1.53219697,0.210172027,1.53219697,0.210172027,1.851258581,0.298555377,1.336217553,0.143915344,1.439414115,0.180131004,1.59439528,0.229107447,1.958333333,0.323943662,1.990791897,0.331280788,2.039622642,0.342023588,2.047348485,0.343691734,2.047348485,0.343691734,2.473684211,0.424242424,0.928306551,-0.037179487,0.694727105,-0.180131004,1.107669617,0.051084675,1.360507246,0.152724482,1.38305709,0.160741886,1.416981132,0.172521468,1.422348485,0.174354965,1.422348485,0.174354965,1.718535469,0.264309764,0.838071693,-0.088096839,0.62719704,-0.229107447,0.902796272,-0.051084675,1.22826087,0.102439024,1.248618785,0.110565111,1.279245283,0.122516556,1.284090909,0.124378109,1.284090909,0.124378109,1.551487414,0.216143498,0.682323857,-0.188831741,0.510638298,-0.323943662,0.735019973,-0.152724482,0.814159292,-0.102439024,1.016574586,0.008219178,1.041509434,0.020332717,1.045454545,0.022222222,1.045454545,0.022222222,1.263157895,0.11627907,0.671199011,-0.196745562,0.502312673,-0.331280788,0.723035952,-0.160741886,0.800884956,-0.110565111,0.983695652,-0.008219178,1.024528302,0.012115564,1.028409091,0.014005602,1.028409091,0.014005602,1.242562929,0.108163265,0.65512979,-0.208364451,0.490286772,-0.342023588,0.705725699,-0.172521468,0.781710914,-0.122516556,0.960144928,-0.020332717,0.976058932,-0.012115564,1.003787879,0.001890359,1.003787879,0.001890359,1.212814645,0.096173733,0.652657602,-0.210172027,0.488436633,-0.343691734,0.703062583,-0.174354965,0.778761062,-0.124378109,0.956521739,-0.022222222,0.972375691,-0.014005602,0.996226415,-0.001890359,1,0,1.208237986,0.094300518,0.652657602,-0.210172027,0.488436633,-0.343691734,0.703062583,-0.174354965,0.778761062,-0.124378109,0.956521739,-0.022222222,0.972375691,-0.014005602,0.996226415,-0.001890359,1,0,1.208237986,0.094300518,0.540173053,-0.298555377,0.404255319,-0.424242424,0.581890812,-0.264309764,0.644542773,-0.216143498,0.791666667,-0.11627907,0.804788214,-0.108163265,0.824528302,-0.096173733,0.827651515,-0.094300518,0.827651515,-0.094300518
1061,944,885,1009,928,1037,1037,1053,878,1091,2.2,0.877106046,-0.065469905,0.953663793,-0.023717595,0.853423337,-0.079084287,0.853423337,-0.079084287,0.84045584,-0.086687307,1.007972665,0.003970505,0.811182401,-0.104251012,0.834118756,-0.090441932,0.9375,-0.032258065,1.140112994,0.065469905,1.087284483,0.041817243,0.972999036,-0.013685239,0.972999036,-0.013685239,0.958214625,-0.021338506,1.149202733,0.069422364,0.924839597,-0.039047619,0.950989632,-0.025120773,1.068855932,0.03328213,1.048587571,0.023717595,0.919722498,-0.041817243,0.894889103,-0.055470738,0.894889103,-0.055470738,0.881291548,-0.063099445,1.056947608,0.027685493,0.850595784,-0.080733036,0.87464656,-0.066867773,0.983050847,-0.008547009,1.171751412,0.079084287,1.027750248,0.013685239,1.117456897,0.055470738,1,0,0.984805318,-0.007655502,1.181093394,0.083028721,0.950504125,-0.02537594,0.97737983,-0.011439466,1.098516949,0.046945987,1.171751412,0.079084287,1.027750248,0.013685239,1.117456897,0.055470738,1,0,0.984805318,-0.007655502,1.181093394,0.083028721,0.950504125,-0.02537594,0.97737983,-0.011439466,1.098516949,0.046945987,1.189830508,0.086687307,1.043607532,0.021338506,1.134698276,0.063099445,1.015429122,0.007655502,1.015429122,0.007655502,1.199316629,0.090626618,0.965169569,-0.017723881,0.992459943,-0.003784295,1.115466102,0.054581873,0.992090395,-0.003970505,0.870168484,-0.069422364,0.94612069,-0.027685493,0.846673095,-0.083028721,0.846673095,-0.083028721,0.833808167,-0.090626618,0.804766269,-0.108176739,0.827521206,-0.094378546,0.930084746,-0.03622393,1.232768362,0.104251012,1.081268583,0.039047619,1.175646552,0.080733036,1.052073288,0.02537594,1.052073288,0.02537594,1.036087369,0.017723881,1.242596811,0.108176739,1.028275212,0.01394052,1.155720339,0.072235872,1.198870056,0.090441932,1.051536174,0.025120773,1.143318966,0.066867773,1.023143684,0.011439466,1.023143684,0.011439466,1.007597341,0.003784295,1.208428246,0.094378546,0.972502291,-0.01394052,1.123940678,0.058354115,1.066666667,0.032258065,0.935579782,-0.03328213,1.017241379,0.008547009,0.910318226,-0.046945987,0.910318226,-0.046945987,0.89648623,-0.054581873,1.075170843,0.03622393,0.865261228,-0.072235872,0.889726673,-0.058354115
74,58,470,694,296,197,55,60,60,64,1.64,0.677233429,-0.192439863,1.587837838,0.227154047,2.385786802,0.409295352,8.545454545,0.79047619,7.833333333,0.773584906,7.833333333,0.773584906,7.34375,0.760299625,6.351351351,0.727941176,8.103448276,0.78030303,1.476595745,0.192439863,2.344594595,0.402020202,3.52284264,0.557800224,12.61818182,0.853137517,11.56666667,0.840848806,11.56666667,0.840848806,10.84375,0.831134565,9.378378378,0.807291667,11.96551724,0.845744681,0.629787234,-0.227154047,0.426512968,-0.402020202,1.502538071,0.200811359,5.381818182,0.686609687,4.933333333,0.662921348,4.933333333,0.662921348,4.625,0.644444444,4,0.6,5.103448276,0.672316384,0.419148936,-0.409295352,0.283861671,-0.557800224,0.665540541,-0.200811359,3.581818182,0.563492063,3.283333333,0.53307393,3.283333333,0.53307393,3.078125,0.509578544,2.662162162,0.453874539,3.396551724,0.545098039,0.117021277,-0.79047619,0.07925072,-0.853137517,0.185810811,-0.686609687,0.279187817,-0.563492063,0.916666667,-0.043478261,0.916666667,-0.043478261,0.859375,-0.075630252,0.743243243,-0.147286822,0.948275862,-0.026548673,0.127659574,-0.773584906,0.086455331,-0.840848806,0.202702703,-0.662921348,0.304568528,-0.53307393,1.090909091,0.043478261,1,0,0.9375,-0.032258065,0.810810811,-0.104477612,1.034482759,0.016949153,0.127659574,-0.773584906,0.086455331,-0.840848806,0.202702703,-0.662921348,0.304568528,-0.53307393,1.090909091,0.043478261,1,0,0.9375,-0.032258065,0.810810811,-0.104477612,1.034482759,0.016949153,0.136170213,-0.760299625,0.09221902,-0.831134565,0.216216216,-0.644444444,0.324873096,-0.509578544,1.163636364,0.075630252,1.066666667,0.032258065,1.066666667,0.032258065,0.864864865,-0.072463768,1.103448276,0.049180328,0.157446809,-0.727941176,0.106628242,-0.807291667,0.25,-0.6,0.375634518,-0.453874539,1.345454545,0.147286822,1.233333333,0.104477612,1.233333333,0.104477612,1.15625,0.072463768,1.275862069,0.121212121,0.123404255,-0.78030303,0.083573487,-0.845744681,0.195945946,-0.672316384,0.294416244,-0.545098039,1.054545455,0.026548673,0.966666667,-0.016949153,0.966666667,-0.016949153,0.90625,-0.049180328,0.783783784,-0.121212121
895,812,1236,1498,1156,1117,971,960,887,954,1.36,0.825100134,-0.095830285,1.069204152,0.033444816,1.106535363,0.050573736,1.272914521,0.120072497,1.2875,0.12568306,1.393461105,0.164390014,1.295597484,0.128767123,1.381005587,0.160018771,1.522167488,0.20703125,1.21197411,0.095830285,1.295847751,0.128862095,1.341092211,0.145697897,1.542739444,0.21344674,1.560416667,0.218877136,1.688838782,0.256184486,1.570230608,0.221859706,1.673743017,0.251984956,1.844827586,0.296969697,0.935275081,-0.033444816,0.771695594,-0.128862095,1.034914951,0.017157941,1.190525232,0.086976963,1.204166667,0.092627599,1.303269448,0.131669114,1.211740042,0.095734597,1.291620112,0.127254998,1.42364532,0.174796748,0.903721683,-0.050573736,0.745660881,-0.145697897,0.966262976,-0.017157941,1.150360453,0.069923372,1.163541667,0.075589793,1.259301015,0.114770459,1.170859539,0.078705939,1.248044693,0.110337972,1.375615764,0.158113012,0.785598706,-0.120072497,0.648197597,-0.21344674,0.839965398,-0.086976963,0.869292748,-0.069923372,1.011458333,0.00569653,1.09470124,0.045209903,1.017819706,0.008831169,1.084916201,0.040728832,1.195812808,0.089175547,0.776699029,-0.12568306,0.640854473,-0.218877136,0.830449827,-0.092627599,0.859444942,-0.075589793,0.988671473,-0.00569653,1.082299887,0.039523552,1.006289308,0.003134796,1.072625698,0.035040431,1.18226601,0.083521445,0.71763754,-0.164390014,0.59212283,-0.256184486,0.767301038,-0.131669114,0.794091316,-0.114770459,0.913491246,-0.045209903,0.923958333,-0.039523552,0.929769392,-0.036393265,0.991061453,-0.004489338,1.092364532,0.044143614,0.77184466,-0.128767123,0.636849132,-0.221859706,0.825259516,-0.095734597,0.854073411,-0.078705939,0.982492276,-0.008831169,0.99375,-0.003134796,1.075535513,0.036393265,1.065921788,0.03190914,1.174876847,0.080407701,0.724110032,-0.160018771,0.597463284,-0.251984956,0.774221453,-0.127254998,0.801253357,-0.110337972,0.921730175,-0.040728832,0.932291667,-0.035040431,1.009019166,0.004489338,0.938155136,-0.03190914,1.102216749,0.048623316,0.656957929,-0.20703125,0.542056075,-0.296969697,0.702422145,-0.174796748,0.72694718,-0.158113012,0.836251287,-0.089175547,0.845833333,-0.083521445,0.915445321,-0.044143614,0.85115304,-0.080407701,0.90726257,-0.048623316
3775,3797,4858,4500,4152,4361,4308,4236,4210,4128,2.25,1.079555556,0.038256038,1.170038536,0.078357381,1.113964687,0.053910402,1.127669452,0.060004364,1.146836638,0.068396745,1.15391924,0.071460079,1.176841085,0.081237481,1.286887417,0.125448859,1.27943113,0.122588099,0.926307122,-0.038256038,1.083815029,0.040221914,1.031873424,0.015686717,1.044568245,0.021798365,1.062322946,0.03021978,1.06888361,0.033295063,1.090116279,0.043115438,1.19205298,0.087613293,1.185146168,0.08472942,0.854672705,-0.078357381,0.922666667,-0.040221914,0.952075212,-0.024550687,0.963788301,-0.018439716,0.980169972,-0.010014306,0.986223278,-0.00693614,1.005813953,0.002898551,1.09986755,0.047558976,1.093494864,0.044659706,0.897694524,-0.053910402,0.969111111,-0.015686717,1.050337187,0.024550687,1.012302693,0.006113739,1.029508971,0.014539956,1.035866983,0.017617548,1.056443798,0.027447285,1.155231788,0.072025565,1.14853832,0.069134592,0.886784685,-0.060004364,0.957333333,-0.021798365,1.037572254,0.018439716,0.987846824,-0.006113739,1.016997167,0.008426966,1.02327791,0.011505048,1.043604651,0.021337127,1.141192053,0.065940864,1.134579932,0.063047502,0.871963771,-0.068396745,0.941333333,-0.03021978,1.020231214,0.010014306,0.971336849,-0.014539956,0.983286908,-0.008426966,1.006175772,0.00307838,1.026162791,0.012912482,1.122119205,0.057545874,1.115617593,0.054649571,0.866611774,-0.071460079,0.935555556,-0.033295063,1.013969171,0.00693614,0.965374914,-0.017617548,0.977251625,-0.011505048,0.993862134,-0.00307838,1.019864341,0.009834493,1.115231788,0.054477145,1.108770082,0.051579868,0.8497324,-0.081237481,0.917333333,-0.043115438,0.994219653,-0.002898551,0.946571887,-0.027447285,0.95821727,-0.021337127,0.974504249,-0.012912482,0.980522565,-0.009834493,1.093509934,0.044666582,1.087174085,0.041766562,0.777068753,-0.125448859,0.838888889,-0.087613293,0.909200385,-0.047558976,0.86562715,-0.072025565,0.876276695,-0.065940864,0.891170916,-0.057545874,0.896674584,-0.054477145,0.914486434,-0.044666582,0.994205952,-0.002905441,0.781597365,-0.122588099,0.843777778,-0.08472942,0.914499037,-0.044659706,0.870671864,-0.069134592,0.881383473,-0.063047502,0.896364495,-0.054649571,0.901900238,-0.051579868,0.919815891,-0.041766562,1.005827815,0.002905441
751,709,990,1248,890,890,741,737,639,747,2.01,0.793269231,-0.115281501,1.112359551,0.053191489,1.112359551,0.053191489,1.336032389,0.143847487,1.343283582,0.146496815,1.549295775,0.215469613,1.325301205,0.139896373,1.318242344,0.137277427,1.396332863,0.165391407,1.260606061,0.115281501,1.402247191,0.167446211,1.402247191,0.167446211,1.684210526,0.254901961,1.693351425,0.25743073,1.953051643,0.322734499,1.670682731,0.25112782,1.661784288,0.248624312,1.76022567,0.275421564,0.898989899,-0.053191489,0.713141026,-0.167446211,1,0,1.201079622,0.091354997,1.207598372,0.094038107,1.392801252,0.164159581,1.191432396,0.087354918,1.185086551,0.084704449,1.25528914,0.113195747,0.898989899,-0.053191489,0.713141026,-0.167446211,1,0,1.201079622,0.091354997,1.207598372,0.094038107,1.392801252,0.164159581,1.191432396,0.087354918,1.185086551,0.084704449,1.25528914,0.113195747,0.748484848,-0.143847487,0.59375,-0.254901961,0.83258427,-0.091354997,0.83258427,-0.091354997,1.005427408,0.00270636,1.159624413,0.073913043,0.991967871,-0.004032258,0.986684421,-0.006702413,1.045133992,0.022068966,0.744444444,-0.146496815,0.590544872,-0.25743073,0.828089888,-0.094038107,0.828089888,-0.094038107,0.994601889,-0.00270636,1.153364632,0.07122093,0.986613119,-0.006738544,0.981358189,-0.009408602,1.039492243,0.019363762,0.645454545,-0.215469613,0.512019231,-0.322734499,0.717977528,-0.164159581,0.717977528,-0.164159581,0.862348178,-0.073913043,0.867028494,-0.07122093,0.855421687,-0.077922078,0.850865513,-0.08057554,0.901269394,-0.051928783,0.754545455,-0.139896373,0.598557692,-0.25112782,0.839325843,-0.087354918,0.839325843,-0.087354918,1.008097166,0.004032258,1.013568521,0.006738544,1.169014085,0.077922078,0.994673768,-0.002670227,1.053596615,0.026098901,0.758585859,-0.137277427,0.601762821,-0.248624312,0.843820225,-0.084704449,0.843820225,-0.084704449,1.013495277,0.006702413,1.018995929,0.009408602,1.175273865,0.08057554,1.005354752,0.002670227,1.059238364,0.028767123,0.716161616,-0.165391407,0.568108974,-0.275421564,0.796629213,-0.113195747,0.796629213,-0.113195747,0.956815115,-0.022068966,0.962008141,-0.019363762,1.109546166,0.051928783,0.949129853,-0.026098901,0.944074567,-0.028767123
886,802,1107,1343,1079,1069,919,912,841,917,2.12,0.824274013,-0.096326531,1.025949954,0.012808783,1.03554724,0.017463235,1.204570185,0.092793682,1.213815789,0.096582467,1.316290131,0.136550308,1.207197383,0.093873518,1.249435666,0.110888108,1.380299252,0.159769513,1.213188799,0.096326531,1.244670992,0.109000826,1.256314312,0.113598673,1.461371055,0.187444739,1.472587719,0.19113082,1.596908442,0.22985348,1.464558342,0.188495575,1.515801354,0.205024675,1.674563591,0.252214452,0.974706414,-0.012808783,0.803425168,-0.109000826,1.009354537,0.004655493,1.174102285,0.08008008,1.183114035,0.083877449,1.282996433,0.123958333,1.176663032,0.081162325,1.217832957,0.09821883,1.345386534,0.147262095,0.96567299,-0.017463235,0.795979151,-0.113598673,0.990732159,-0.004655493,1.163220892,0.075452716,1.172149123,0.079252903,1.271105826,0.119371728,1.165757906,0.07653575,1.206546275,0.093606138,1.332917706,0.142704436,0.830171635,-0.092793682,0.684288905,-0.187444739,0.851714551,-0.08008008,0.859681946,-0.075452716,1.007675439,0.003823048,1.09274673,0.044318182,1.002181025,0.001089325,1.03724605,0.018282548,1.145885287,0.06798373,0.823848238,-0.096582467,0.679076694,-0.19113082,0.845227062,-0.083877449,0.85313377,-0.079252903,0.992383025,-0.003823048,1.084423306,0.040501997,0.994547437,-0.002733734,1.029345372,0.014460512,1.137157107,0.064177363,0.75971093,-0.136550308,0.626209978,-0.22985348,0.779425394,-0.123958333,0.786716558,-0.119371728,0.915125136,-0.044318182,0.922149123,-0.040501997,0.917121047,-0.043230944,0.949209932,-0.026056746,1.048628429,0.023737066,0.82836495,-0.093873518,0.682799702,-0.188495575,0.849860982,-0.081162325,0.857811038,-0.07653575,0.997823721,-0.001089325,1.005482456,0.002733734,1.090368609,0.043230944,1.034988713,0.017193566,1.143391521,0.06689936,0.800361337,-0.110888108,0.659717051,-0.205024675,0.821130677,-0.09821883,0.828811974,-0.093606138,0.964091404,-0.018282548,0.971491228,-0.014460512,1.053507729,0.026056746,0.966194111,-0.017193566,1.104738155,0.049763033,0.724480578,-0.159769513,0.597170514,-0.252214452,0.743280816,-0.147262095,0.750233863,-0.142704436,0.872687704,-0.06798373,0.879385965,-0.064177363,0.953626635,-0.023737066,0.874591058,-0.06689936,0.905191874,-0.049763033
476,448,675,837,627,621,523,502,440,515,2.51,0.806451613,-0.107142857,1.076555024,0.036866359,1.086956522,0.041666667,1.290630975,0.12687813,1.344621514,0.146983857,1.534090909,0.210762332,1.310679612,0.134453782,1.418067227,0.172893136,1.506696429,0.202137133,1.24,0.107142857,1.33492823,0.143442623,1.347826087,0.148148148,1.600382409,0.230882353,1.667330677,0.250186706,1.902272727,0.310884886,1.625242718,0.23816568,1.758403361,0.274942879,1.868303571,0.302723735,0.928888889,-0.036866359,0.749103943,-0.143442623,1.009661836,0.004807692,1.198852772,0.090434783,1.249003984,0.110717449,1.425,0.175257732,1.217475728,0.098073555,1.317226891,0.136899365,1.399553571,0.166511628,0.92,-0.041666667,0.741935484,-0.148148148,0.990430622,-0.004807692,1.187380497,0.085664336,1.237051793,0.105966162,1.411363636,0.170593779,1.205825243,0.093309859,1.304621849,0.132178669,1.386160714,0.161833489,0.774814815,-0.12687813,0.624850657,-0.230882353,0.834130781,-0.090434783,0.842190016,-0.085664336,1.041832669,0.020487805,1.188636364,0.086188993,1.015533981,0.007707129,1.098739496,0.047047047,1.167410714,0.077239959,0.743703704,-0.146983857,0.599761051,-0.250186706,0.800637959,-0.110717449,0.808373591,-0.105966162,0.959847036,-0.020487805,1.140909091,0.06581741,0.974757282,-0.012782694,1.054621849,0.026584867,1.120535714,0.056842105,0.651851852,-0.210762332,0.525686977,-0.310884886,0.701754386,-0.175257732,0.708534622,-0.170593779,0.841300191,-0.086188993,0.876494024,-0.06581741,0.854368932,-0.078534031,0.924369748,-0.03930131,0.982142857,-0.009009009,0.762962963,-0.134453782,0.615292712,-0.23816568,0.821371611,-0.098073555,0.829307568,-0.093309859,0.984703633,-0.007707129,1.025896414,0.012782694,1.170454545,0.078534031,1.081932773,0.039354188,1.149553571,0.069574247,0.705185185,-0.172893136,0.56869773,-0.274942879,0.759170654,-0.136899365,0.766505636,-0.132178669,0.910133843,-0.047047047,0.948207171,-0.026584867,1.081818182,0.03930131,0.924271845,-0.039354188,1.0625,0.03030303,0.663703704,-0.202137133,0.535244922,-0.302723735,0.714513557,-0.166511628,0.721417069,-0.161833489,0.856596558,-0.077239959,0.892430279,-0.056842105,1.018181818,0.009009009,0.869902913,-0.069574247,0.941176471,-0.03030303
258,217,135,347,240,207,149,176,161,179,1.31,0.389048991,-0.439834025,0.5625,-0.28,0.652173913,-0.210526316,0.906040268,-0.049295775,0.767045455,-0.131832797,0.838509317,-0.087837838,0.754189944,-0.140127389,0.523255814,-0.312977099,0.622119816,-0.232954545,2.57037037,0.439834025,1.445833333,0.182282794,1.676328502,0.252707581,2.32885906,0.399193548,1.971590909,0.326959847,2.155279503,0.366141732,1.938547486,0.319391635,1.34496124,0.147107438,1.599078341,0.230496454,1.777777778,0.28,0.691642651,-0.182282794,1.15942029,0.073825503,1.610738255,0.233933162,1.363636364,0.153846154,1.49068323,0.197007481,1.340782123,0.145584726,0.930232558,-0.036144578,1.105990783,0.050328228,1.533333333,0.210526316,0.596541787,-0.252707581,0.8625,-0.073825503,1.389261745,0.162921348,1.176136364,0.080939948,1.285714286,0.125,1.156424581,0.07253886,0.802325581,-0.109677419,0.953917051,-0.023584906,1.103703704,0.049295775,0.429394813,-0.399193548,0.620833333,-0.233933162,0.719806763,-0.162921348,0.846590909,-0.083076923,0.925465839,-0.038709677,0.832402235,-0.091463415,0.57751938,-0.267813268,0.686635945,-0.18579235,1.303703704,0.131832797,0.507204611,-0.326959847,0.733333333,-0.153846154,0.850241546,-0.080939948,1.181208054,0.083076923,1.093167702,0.044510386,0.983240223,-0.008450704,0.682170543,-0.188940092,0.811059908,-0.1043257,1.192592593,0.087837838,0.463976945,-0.366141732,0.670833333,-0.197007481,0.777777778,-0.125,1.080536913,0.038709677,0.914772727,-0.044510386,0.899441341,-0.052941176,0.624031008,-0.23150358,0.741935484,-0.148148148,1.325925926,0.140127389,0.515850144,-0.319391635,0.745833333,-0.145584726,0.8647343,-0.07253886,1.201342282,0.091463415,1.017045455,0.008450704,1.111801242,0.052941176,0.69379845,-0.180778032,0.824884793,-0.095959596,1.911111111,0.312977099,0.74351585,-0.147107438,1.075,0.036144578,1.246376812,0.109677419,1.731543624,0.267813268,1.465909091,0.188940092,1.602484472,0.23150358,1.441340782,0.180778032,1.188940092,0.086315789,1.607407407,0.232954545,0.625360231,-0.230496454,0.904166667,-0.050328228,1.048309179,0.023584906,1.456375839,0.18579235,1.232954545,0.1043257,1.347826087,0.148148148,1.212290503,0.095959596,0.841085271,-0.086315789
104,78,207,395,237,232,125,120,69,117,1.29,0.524050633,-0.312292359,0.873417722,-0.067567568,0.892241379,-0.056947608,1.656,0.246987952,1.725,0.266055046,3,0.5,1.769230769,0.277777778,1.990384615,0.331189711,2.653846154,0.452631579,1.90821256,0.312292359,1.666666667,0.25,1.702586207,0.259968102,3.16,0.519230769,3.291666667,0.533980583,5.724637681,0.702586207,3.376068376,0.54296875,3.798076923,0.583166333,5.064102564,0.670190275,1.144927536,0.067567568,0.6,-0.25,1.021551724,0.010660981,1.896,0.309392265,1.975,0.327731092,3.434782609,0.549019608,2.025641026,0.338983051,2.278846154,0.390029326,3.038461538,0.504761905,1.120772947,0.056947608,0.587341772,-0.259968102,0.978902954,-0.010660981,1.856,0.299719888,1.933333333,0.318181818,3.362318841,0.541528239,1.982905983,0.329512894,2.230769231,0.380952381,2.974358974,0.496774194,0.603864734,-0.246987952,0.316455696,-0.519230769,0.52742616,-0.309392265,0.538793103,-0.299719888,1.041666667,0.020408163,1.811594203,0.288659794,1.068376068,0.033057851,1.201923077,0.091703057,1.602564103,0.231527094,0.579710145,-0.266055046,0.303797468,-0.533980583,0.506329114,-0.327731092,0.517241379,-0.318181818,0.96,-0.020408163,1.739130435,0.26984127,1.025641026,0.012658228,1.153846154,0.071428571,1.538461538,0.212121212,0.333333333,-0.5,0.174683544,-0.702586207,0.291139241,-0.549019608,0.297413793,-0.541528239,0.552,-0.288659794,0.575,-0.26984127,0.58974359,-0.258064516,0.663461538,-0.202312139,0.884615385,-0.06122449,0.565217391,-0.277777778,0.296202532,-0.54296875,0.493670886,-0.338983051,0.504310345,-0.329512894,0.936,-0.033057851,0.975,-0.012658228,1.695652174,0.258064516,1.125,0.058823529,1.5,0.2,0.502415459,-0.331189711,0.263291139,-0.583166333,0.438818565,-0.390029326,0.448275862,-0.380952381,0.832,-0.091703057,0.866666667,-0.071428571,1.507246377,0.202312139,0.888888889,-0.058823529,1.333333333,0.142857143,0.376811594,-0.452631579,0.197468354,-0.670190275,0.329113924,-0.504761905,0.336206897,-0.496774194,0.624,-0.231527094,0.65,-0.212121212,1.130434783,0.06122449,0.666666667,-0.2,0.75,-0.142857143
151,127,276,377,240,285,122,143,130,136,1.43,0.732095491,-0.15467075,1.15,0.069767442,0.968421053,-0.016042781,2.262295082,0.386934673,1.93006993,0.317422434,2.123076923,0.359605911,2.029411765,0.339805825,1.82781457,0.292740047,2.173228346,0.369727047,1.365942029,0.15467075,1.570833333,0.222042139,1.322807018,0.13897281,3.090163934,0.511022044,2.636363636,0.45,2.9,0.487179487,2.772058824,0.469785575,2.496688742,0.428030303,2.968503937,0.496031746,0.869565217,-0.069767442,0.636604775,-0.222042139,0.842105263,-0.085714286,1.967213115,0.325966851,1.678321678,0.253263708,1.846153846,0.297297297,1.764705882,0.276595745,1.589403974,0.227621483,1.88976378,0.307901907,1.032608696,0.016042781,0.75596817,-0.13897281,1.1875,0.085714286,2.336065574,0.4004914,1.993006993,0.331775701,2.192307692,0.373493976,2.095588235,0.35391924,1.887417219,0.30733945,2.244094488,0.383495146,0.442028986,-0.386934673,0.323607427,-0.511022044,0.508333333,-0.325966851,0.428070175,-0.4004914,0.853146853,-0.079245283,0.938461538,-0.031746032,0.897058824,-0.054263566,0.80794702,-0.106227106,0.960629921,-0.020080321,0.518115942,-0.317422434,0.379310345,-0.45,0.595833333,-0.253263708,0.501754386,-0.331775701,1.172131148,0.079245283,1.1,0.047619048,1.051470588,0.025089606,0.947019868,-0.027210884,1.125984252,0.059259259,0.471014493,-0.359605911,0.344827586,-0.487179487,0.541666667,-0.297297297,0.456140351,-0.373493976,1.06557377,0.031746032,0.909090909,-0.047619048,0.955882353,-0.022556391,0.860927152,-0.074733096,1.023622047,0.011673152,0.492753623,-0.339805825,0.360742706,-0.469785575,0.566666667,-0.276595745,0.477192982,-0.35391924,1.114754098,0.054263566,0.951048951,-0.025089606,1.046153846,0.022556391,0.900662252,-0.052264808,1.070866142,0.034220532,0.547101449,-0.292740047,0.400530504,-0.428030303,0.629166667,-0.227621483,0.529824561,-0.30733945,1.237704918,0.106227106,1.055944056,0.027210884,1.161538462,0.074733096,1.110294118,0.052264808,1.188976378,0.086330935,0.460144928,-0.369727047,0.336870027,-0.496031746,0.529166667,-0.307901907,0.445614035,-0.383495146,1.040983607,0.020080321,0.888111888,-0.059259259,0.976923077,-0.011673152,0.933823529,-0.034220532,0.841059603,-0.086330935
45,34,123,200,150,156,29,22,21,24,1.74,0.615,-0.238390093,0.82,-0.098901099,0.788461538,-0.11827957,4.24137931,0.618421053,5.590909091,0.696551724,5.857142857,0.708333333,5.125,0.673469388,2.733333333,0.464285714,3.617647059,0.566878981,1.62601626,0.238390093,1.333333333,0.142857143,1.282051282,0.123595506,6.896551724,0.746724891,9.090909091,0.801801802,9.523809524,0.809954751,8.333333333,0.785714286,4.444444444,0.632653061,5.882352941,0.709401709,1.219512195,0.098901099,0.75,-0.142857143,0.961538462,-0.019607843,5.172413793,0.675977654,6.818181818,0.744186047,7.142857143,0.754385965,6.25,0.724137931,3.333333333,0.538461538,4.411764706,0.630434783,1.268292683,0.11827957,0.78,-0.123595506,1.04,0.019607843,5.379310345,0.686486486,7.090909091,0.752808989,7.428571429,0.762711864,6.5,0.733333333,3.466666667,0.552238806,4.588235294,0.642105263,0.235772358,-0.618421053,0.145,-0.746724891,0.193333333,-0.675977654,0.185897436,-0.686486486,1.318181818,0.137254902,1.380952381,0.16,1.208333333,0.094339623,0.644444444,-0.216216216,0.852941176,-0.079365079,0.178861789,-0.696551724,0.11,-0.801801802,0.146666667,-0.744186047,0.141025641,-0.752808989,0.75862069,-0.137254902,1.047619048,0.023255814,0.916666667,-0.043478261,0.488888889,-0.343283582,0.647058824,-0.214285714,0.170731707,-0.708333333,0.105,-0.809954751,0.14,-0.754385965,0.134615385,-0.762711864,0.724137931,-0.16,0.954545455,-0.023255814,0.875,-0.066666667,0.466666667,-0.363636364,0.617647059,-0.236363636,0.195121951,-0.673469388,0.12,-0.785714286,0.16,-0.724137931,0.153846154,-0.733333333,0.827586207,-0.094339623,1.090909091,0.043478261,1.142857143,0.066666667,0.533333333,-0.304347826,0.705882353,-0.172413793,0.365853659,-0.464285714,0.225,-0.632653061,0.3,-0.538461538,0.288461538,-0.552238806,1.551724138,0.216216216,2.045454545,0.343283582,2.142857143,0.363636364,1.875,0.304347826,1.323529412,0.139240506,0.276422764,-0.566878981,0.17,-0.709401709,0.226666667,-0.630434783,0.217948718,-0.642105263,1.172413793,0.079365079,1.545454545,0.214285714,1.619047619,0.236363636,1.416666667,0.172413793,0.755555556,-0.139240506
565,510,605,659,608,643,525,504,472,482,0.88,0.918057663,-0.042721519,0.995065789,-0.002473207,0.940902022,-0.030448718,1.152380952,0.07079646,1.200396825,0.091073039,1.281779661,0.123491179,1.255186722,0.113155474,1.07079646,0.034188034,1.18627451,0.085201794,1.089256198,0.042721519,1.083881579,0.040252565,1.024883359,0.012288786,1.255238095,0.113175676,1.307539683,0.13327601,1.396186441,0.165340407,1.367219917,0.155127082,1.166371681,0.076797386,1.292156863,0.127459367,1.004958678,0.002473207,0.922610015,-0.040252565,0.945567652,-0.027977618,1.158095238,0.07325684,1.206349206,0.09352518,1.288135593,0.125925926,1.261410788,0.11559633,1.076106195,0.036658142,1.192156863,0.08765653,1.062809917,0.030448718,0.975720789,-0.012288786,1.057565789,0.027977618,1.224761905,0.101027397,1.275793651,0.121185702,1.362288136,0.153363229,1.334024896,0.143111111,1.138053097,0.064569536,1.260784314,0.115351258,0.867768595,-0.07079646,0.796661608,-0.113175676,0.863486842,-0.07325684,0.816485226,-0.101027397,1.041666667,0.020408163,1.112288136,0.053159478,1.089211618,0.042701092,0.92920354,-0.036697248,1.029411765,0.014492754,0.833057851,-0.091073039,0.764795144,-0.13327601,0.828947368,-0.09352518,0.783825816,-0.121185702,0.96,-0.020408163,1.06779661,0.032786885,1.045643154,0.022312373,0.892035398,-0.057062675,0.988235294,-0.00591716,0.780165289,-0.123491179,0.716236722,-0.165340407,0.776315789,-0.125925926,0.734059098,-0.153363229,0.899047619,-0.053159478,0.936507937,-0.032786885,0.979253112,-0.01048218,0.83539823,-0.089681774,0.925490196,-0.038696538,0.796694215,-0.113155474,0.731411229,-0.155127082,0.792763158,-0.11559633,0.749611198,-0.143111111,0.918095238,-0.042701092,0.956349206,-0.022312373,1.021186441,0.01048218,0.853097345,-0.079274117,0.945098039,-0.028225806,0.933884298,-0.034188034,0.857359636,-0.076797386,0.929276316,-0.036658142,0.878693624,-0.064569536,1.076190476,0.036697248,1.121031746,0.057062675,1.197033898,0.089681774,1.17219917,0.079274117,1.107843137,0.051162791,0.842975207,-0.085201794,0.773899848,-0.127459367,0.838815789,-0.08765653,0.793157076,-0.115351258,0.971428571,-0.014492754,1.011904762,0.00591716,1.080508475,0.038696538,1.058091286,0.028225806,0.902654867,-0.051162791
389,341,520,552,487,549,430,415,396,388,1.85,0.942028986,-0.029850746,1.067761807,0.032770606,0.947176685,-0.027128157,1.209302326,0.094736842,1.253012048,0.112299465,1.313131313,0.135371179,1.340206186,0.145374449,1.336760925,0.144114411,1.524926686,0.207897793,1.061538462,0.029850746,1.133470226,0.062560154,1.005464481,0.002724796,1.28372093,0.124236253,1.330120482,0.141675284,1.393939394,0.164556962,1.422680412,0.174468085,1.419023136,0.173219979,1.618768328,0.236282195,0.936538462,-0.032770606,0.882246377,-0.062560154,0.887067395,-0.05984556,1.13255814,0.062159215,1.173493976,0.079822616,1.22979798,0.103057758,1.255154639,0.113142857,1.251928021,0.111872146,1.428152493,0.176328502,1.055769231,0.027128157,0.994565217,-0.002724796,1.127310062,0.05984556,1.276744186,0.121552605,1.322891566,0.139004149,1.386363636,0.161904762,1.414948454,0.171824973,1.411311054,0.170575693,1.609970674,0.233707865,0.826923077,-0.094736842,0.778985507,-0.124236253,0.882956879,-0.062159215,0.783242259,-0.121552605,1.036144578,0.017751479,1.085858586,0.041162228,1.108247423,0.051344743,1.105398458,0.05006105,1.260997067,0.115434501,0.798076923,-0.112299465,0.751811594,-0.141675284,0.852156057,-0.079822616,0.755919854,-0.139004149,0.965116279,-0.017751479,1.047979798,0.023427867,1.069587629,0.03362391,1.066838046,0.032338308,1.217008798,0.097883598,0.761538462,-0.135371179,0.717391304,-0.164556962,0.813141684,-0.103057758,0.721311475,-0.161904762,0.920930233,-0.041162228,0.954216867,-0.023427867,1.020618557,0.010204082,1.017994859,0.008917197,1.161290323,0.074626866,0.746153846,-0.145374449,0.702898551,-0.174468085,0.796714579,-0.113142857,0.706739526,-0.171824973,0.902325581,-0.051344743,0.934939759,-0.03362391,0.97979798,-0.010204082,0.997429306,-0.001287001,1.137829912,0.064471879,0.748076923,-0.144114411,0.704710145,-0.173219979,0.798767967,-0.111872146,0.70856102,-0.170575693,0.904651163,-0.05006105,0.937349398,-0.032338308,0.982323232,-0.008917197,1.00257732,0.001287001,1.140762463,0.065753425,0.655769231,-0.207897793,0.617753623,-0.236282195,0.700205339,-0.176328502,0.621129326,-0.233707865,0.793023256,-0.115434501,0.821686747,-0.097883598,0.861111111,-0.074626866,0.878865979,-0.064471879,0.876606684,-0.065753425
1365,1338,1463,1400,1357,1496,1441,1435,1495,1399,6.52,1.045,0.02200489,1.078113486,0.037588652,0.977941176,-0.011152416,1.015267176,0.007575758,1.019512195,0.009661836,0.978595318,-0.01081812,1.045746962,0.022361985,1.071794872,0.034653465,1.093423019,0.044626919,0.956937799,-0.02200489,1.031687546,0.015596663,0.935828877,-0.033149171,0.971547536,-0.014431538,0.975609756,-0.012345679,0.936454849,-0.032815199,1.000714796,0.00035727,1.025641026,0.012658228,1.046337818,0.022644266,0.927546138,-0.037588652,0.969285714,-0.015596663,0.907085561,-0.048720645,0.941707148,-0.030021444,0.945644599,-0.027936963,0.907692308,-0.048387097,0.969978556,-0.015239478,0.994139194,-0.002939015,1.014200299,0.007050093,1.022556391,0.011152416,1.068571429,0.033149171,1.102431835,0.048720645,1.038167939,0.018726592,1.042508711,0.02081201,1.000668896,0.000334336,1.069335239,0.033506045,1.095970696,0.045788186,1.118086697,0.055751588,0.984962406,-0.007575758,1.029285714,0.014431538,1.061901253,0.030021444,0.963235294,-0.018726592,1.004181185,0.002086231,0.963879599,-0.018392371,1.030021444,0.014788732,1.055677656,0.027084818,1.076980568,0.037063692,0.980861244,-0.009661836,1.025,0.012345679,1.057479735,0.027936963,0.959224599,-0.02081201,0.995836225,-0.002086231,0.959866221,-0.020477816,1.025732666,0.012702893,1.051282051,0.025,1.072496263,0.034980166,1.021872864,0.01081812,1.067857143,0.032815199,1.101694915,0.048387097,0.999331551,-0.000334336,1.037473976,0.018392371,1.041811847,0.020477816,1.068620443,0.03317208,1.095238095,0.045454545,1.117339312,0.055418285,0.956254272,-0.022361985,0.999285714,-0.00035727,1.030950626,0.015239478,0.935160428,-0.033506045,0.970853574,-0.014788732,0.974912892,-0.012702893,0.935785953,-0.03317208,1.024908425,0.012301013,1.045590433,0.022287176,0.933014354,-0.034653465,0.975,-0.012658228,1.005895357,0.002939015,0.912433155,-0.045788186,0.947258848,-0.027084818,0.951219512,-0.025,0.913043478,-0.045454545,0.975696926,-0.012301013,1.020179372,0.009988901,0.914559125,-0.044626919,0.955714286,-0.022644266,0.985998526,-0.007050093,0.894385027,-0.055751588,0.92852186,-0.037063692,0.932404181,-0.034980166,0.894983278,-0.055418285,0.956397427,-0.022287176,0.98021978,-0.009988901
71,60,257,299,234,241,112,122,81,85,2.42,0.859531773,-0.075539568,1.098290598,0.046843177,1.066390041,0.032128514,2.294642857,0.39295393,2.106557377,0.356200528,3.172839506,0.520710059,3.023529412,0.502923977,3.61971831,0.567073171,4.283333333,0.621451104,1.163424125,0.075539568,1.277777778,0.12195122,1.2406639,0.107407407,2.669642857,0.454987835,2.450819672,0.420427553,3.691358025,0.573684211,3.517647059,0.557291667,4.211267606,0.616216216,4.983333333,0.665738162,0.910505837,-0.046843177,0.782608696,-0.12195122,0.970954357,-0.014736842,2.089285714,0.352601156,1.918032787,0.314606742,2.888888889,0.485714286,2.752941176,0.467084639,3.295774648,0.53442623,3.9,0.591836735,0.937743191,-0.032128514,0.806020067,-0.107407407,1.02991453,0.014736842,2.151785714,0.365439093,1.975409836,0.327823691,2.975308642,0.49689441,2.835294118,0.478527607,3.394366197,0.544871795,4.016666667,0.601328904,0.435797665,-0.39295393,0.37458194,-0.454987835,0.478632479,-0.352601156,0.46473029,-0.365439093,0.918032787,-0.042735043,1.382716049,0.160621762,1.317647059,0.137055838,1.577464789,0.224043716,1.866666667,0.302325581,0.474708171,-0.356200528,0.408026756,-0.420427553,0.521367521,-0.314606742,0.506224066,-0.327823691,1.089285714,0.042735043,1.50617284,0.201970443,1.435294118,0.178743961,1.718309859,0.264248705,2.033333333,0.340659341,0.315175097,-0.520710059,0.27090301,-0.573684211,0.346153846,-0.485714286,0.336099585,-0.49689441,0.723214286,-0.160621762,0.663934426,-0.201970443,0.952941176,-0.024096386,1.14084507,0.065789474,1.35,0.14893617,0.3307393,-0.502923977,0.284280936,-0.557291667,0.363247863,-0.467084639,0.352697095,-0.478527607,0.758928571,-0.137055838,0.696721311,-0.178743961,1.049382716,0.024096386,1.197183099,0.08974359,1.416666667,0.172413793,0.276264591,-0.567073171,0.237458194,-0.616216216,0.303418803,-0.53442623,0.294605809,-0.544871795,0.633928571,-0.224043716,0.581967213,-0.264248705,0.87654321,-0.065789474,0.835294118,-0.08974359,1.183333333,0.083969466,0.233463035,-0.621451104,0.200668896,-0.665738162,0.256410256,-0.591836735,0.248962656,-0.601328904,0.535714286,-0.302325581,0.491803279,-0.340659341,0.740740741,-0.14893617,0.705882353,-0.172413793,0.845070423,-0.083969466
79,63,131,226,204,191,71,65,66,57,4.85,0.579646018,-0.266106443,0.642156863,-0.217910448,0.685863874,-0.186335404,1.845070423,0.297029703,2.015384615,0.336734694,1.984848485,0.329949239,2.298245614,0.393617021,1.658227848,0.247619048,2.079365079,0.350515464,1.72519084,0.266106443,1.107843137,0.051162791,1.183246073,0.083932854,3.183098592,0.521885522,3.476923077,0.553264605,3.424242424,0.547945205,3.964912281,0.597173145,2.860759494,0.481967213,3.587301587,0.564013841,1.557251908,0.217910448,0.902654867,-0.051162791,1.068062827,0.032911392,2.873239437,0.483636364,3.138461538,0.516728625,3.090909091,0.511111111,3.578947368,0.563218391,2.582278481,0.441696113,3.238095238,0.528089888,1.458015267,0.186335404,0.845132743,-0.083932854,0.93627451,-0.032911392,2.690140845,0.458015267,2.938461538,0.4921875,2.893939394,0.486381323,3.350877193,0.540322581,2.417721519,0.414814815,3.031746032,0.503937008,0.541984733,-0.297029703,0.314159292,-0.521885522,0.348039216,-0.483636364,0.371727749,-0.458015267,1.092307692,0.044117647,1.075757576,0.03649635,1.245614035,0.109375,0.898734177,-0.053333333,1.126984127,0.059701493,0.496183206,-0.336734694,0.287610619,-0.553264605,0.318627451,-0.516728625,0.340314136,-0.4921875,0.915492958,-0.044117647,0.984848485,-0.007633588,1.140350877,0.06557377,0.82278481,-0.097222222,1.031746032,0.015625,0.503816794,-0.329949239,0.292035398,-0.547945205,0.323529412,-0.511111111,0.345549738,-0.486381323,0.929577465,-0.03649635,1.015384615,0.007633588,1.157894737,0.073170732,0.835443038,-0.089655172,1.047619048,0.023255814,0.435114504,-0.393617021,0.252212389,-0.597173145,0.279411765,-0.563218391,0.298429319,-0.540322581,0.802816901,-0.109375,0.876923077,-0.06557377,0.863636364,-0.073170732,0.721518987,-0.161764706,0.904761905,-0.05,0.603053435,-0.247619048,0.349557522,-0.481967213,0.387254902,-0.441696113,0.413612565,-0.414814815,1.112676056,0.053333333,1.215384615,0.097222222,1.196969697,0.089655172,1.385964912,0.161764706,1.253968254,0.112676056,0.480916031,-0.350515464,0.278761062,-0.564013841,0.308823529,-0.528089888,0.329842932,-0.503937008,0.887323944,-0.059701493,0.969230769,-0.015625,0.954545455,-0.023255814,1.105263158,0.05,0.797468354,-0.112676056
44,51,52,112,106,104,3,28,19,22,2.11,0.464285714,-0.365853659,0.490566038,-0.341772152,0.5,-0.333333333,17.33333333,0.890909091,1.857142857,0.3,2.736842105,0.464788732,2.363636364,0.405405405,1.181818182,0.083333333,1.019607843,0.009708738,2.153846154,0.365853659,1.056603774,0.027522936,1.076923077,0.037037037,37.33333333,0.947826087,4,0.6,5.894736842,0.709923664,5.090909091,0.671641791,2.545454545,0.435897436,2.196078431,0.374233129,2.038461538,0.341772152,0.946428571,-0.027522936,1.019230769,0.00952381,35.33333333,0.944954128,3.785714286,0.582089552,5.578947368,0.696,4.818181818,0.65625,2.409090909,0.413333333,2.078431373,0.350318471,2,0.333333333,0.928571429,-0.037037037,0.981132075,-0.00952381,34.66666667,0.943925234,3.714285714,0.575757576,5.473684211,0.691056911,4.727272727,0.650793651,2.363636364,0.405405405,2.039215686,0.341935484,0.057692308,-0.890909091,0.026785714,-0.947826087,0.028301887,-0.944954128,0.028846154,-0.943925234,0.107142857,-0.806451613,0.157894737,-0.727272727,0.136363636,-0.76,0.068181818,-0.872340426,0.058823529,-0.888888889,0.538461538,-0.3,0.25,-0.6,0.264150943,-0.582089552,0.269230769,-0.575757576,9.333333333,0.806451613,1.473684211,0.191489362,1.272727273,0.12,0.636363636,-0.222222222,0.549019608,-0.291139241,0.365384615,-0.464788732,0.169642857,-0.709923664,0.179245283,-0.696,0.182692308,-0.691056911,6.333333333,0.727272727,0.678571429,-0.191489362,0.863636364,-0.073170732,0.431818182,-0.396825397,0.37254902,-0.457142857,0.423076923,-0.405405405,0.196428571,-0.671641791,0.20754717,-0.65625,0.211538462,-0.650793651,7.333333333,0.76,0.785714286,-0.12,1.157894737,0.073170732,0.5,-0.333333333,0.431372549,-0.397260274,0.846153846,-0.083333333,0.392857143,-0.435897436,0.41509434,-0.413333333,0.423076923,-0.405405405,14.66666667,0.872340426,1.571428571,0.222222222,2.315789474,0.396825397,2,0.333333333,0.862745098,-0.073684211,0.980769231,-0.009708738,0.455357143,-0.374233129,0.481132075,-0.350318471,0.490384615,-0.341935484,17,0.888888889,1.821428571,0.291139241,2.684210526,0.457142857,2.318181818,0.397260274,1.159090909,0.073684211
60,46,94,232,169,166,26,21,27,31,3.14,0.405172414,-0.423312883,0.556213018,-0.285171103,0.56626506,-0.276923077,3.615384615,0.566666667,4.476190476,0.634782609,3.481481481,0.553719008,3.032258065,0.504,1.566666667,0.220779221,2.043478261,0.342857143,2.468085106,0.423312883,1.372781065,0.157107232,1.397590361,0.165829146,8.923076923,0.798449612,11.04761905,0.833992095,8.592592593,0.791505792,7.483870968,0.764258555,3.866666667,0.589041096,5.043478261,0.669064748,1.79787234,0.285171103,0.728448276,-0.157107232,1.018072289,0.008955224,6.5,0.733333333,8.047619048,0.778947368,6.259259259,0.724489796,5.451612903,0.69,2.816666667,0.475982533,3.673913043,0.572093023,1.765957447,0.276923077,0.715517241,-0.165829146,0.982248521,-0.008955224,6.384615385,0.729166667,7.904761905,0.77540107,6.148148148,0.720207254,5.35483871,0.685279188,2.766666667,0.469026549,3.608695652,0.566037736,0.276595745,-0.566666667,0.112068966,-0.798449612,0.153846154,-0.733333333,0.156626506,-0.729166667,1.238095238,0.106382979,0.962962963,-0.018867925,0.838709677,-0.087719298,0.433333333,-0.395348837,0.565217391,-0.277777778,0.223404255,-0.634782609,0.090517241,-0.833992095,0.124260355,-0.778947368,0.126506024,-0.77540107,0.807692308,-0.106382979,0.777777778,-0.125,0.677419355,-0.192307692,0.35,-0.481481481,0.456521739,-0.373134328,0.287234043,-0.553719008,0.11637931,-0.791505792,0.159763314,-0.724489796,0.162650602,-0.720207254,1.038461538,0.018867925,1.285714286,0.125,0.870967742,-0.068965517,0.45,-0.379310345,0.586956522,-0.260273973,0.329787234,-0.504,0.13362069,-0.764258555,0.183431953,-0.69,0.186746988,-0.685279188,1.192307692,0.087719298,1.476190476,0.192307692,1.148148148,0.068965517,0.516666667,-0.318681319,0.673913043,-0.194805195,0.638297872,-0.220779221,0.25862069,-0.589041096,0.355029586,-0.475982533,0.361445783,-0.469026549,2.307692308,0.395348837,2.857142857,0.481481481,2.222222222,0.379310345,1.935483871,0.318681319,1.304347826,0.132075472,0.489361702,-0.342857143,0.198275862,-0.669064748,0.272189349,-0.572093023,0.277108434,-0.566037736,1.769230769,0.277777778,2.19047619,0.373134328,1.703703704,0.260273973,1.483870968,0.194805195,0.766666667,-0.132075472
46,35,95,226,128,84,12,15,5,13,1.43,0.420353982,-0.408099688,0.7421875,-0.147982063,1.130952381,0.061452514,7.916666667,0.775700935,6.333333333,0.727272727,19,0.9,7.307692308,0.759259259,2.065217391,0.34751773,2.714285714,0.461538462,2.378947368,0.408099688,1.765625,0.276836158,2.69047619,0.458064516,18.83333333,0.899159664,15.06666667,0.875518672,45.2,0.956709957,17.38461538,0.891213389,4.913043478,0.661764706,6.457142857,0.731800766,1.347368421,0.147982063,0.566371681,-0.276836158,1.523809524,0.20754717,10.66666667,0.828571429,8.533333333,0.79020979,25.6,0.92481203,9.846153846,0.815602837,2.782608696,0.471264368,3.657142857,0.570552147,0.884210526,-0.061452514,0.371681416,-0.458064516,0.65625,-0.20754717,7,0.75,5.6,0.696969697,16.8,0.887640449,6.461538462,0.731958763,1.826086957,0.292307692,2.4,0.411764706,0.126315789,-0.775700935,0.053097345,-0.899159664,0.09375,-0.828571429,0.142857143,-0.75,0.8,-0.111111111,2.4,0.411764706,0.923076923,-0.04,0.260869565,-0.586206897,0.342857143,-0.489361702,0.157894737,-0.727272727,0.066371681,-0.875518672,0.1171875,-0.79020979,0.178571429,-0.696969697,1.25,0.111111111,3,0.5,1.153846154,0.071428571,0.326086957,-0.508196721,0.428571429,-0.4,0.052631579,-0.9,0.022123894,-0.956709957,0.0390625,-0.92481203,0.05952381,-0.887640449,0.416666667,-0.411764706,0.333333333,-0.5,0.384615385,-0.444444444,0.108695652,-0.803921569,0.142857143,-0.75,0.136842105,-0.759259259,0.057522124,-0.891213389,0.1015625,-0.815602837,0.154761905,-0.731958763,1.083333333,0.04,0.866666667,-0.071428571,2.6,0.444444444,0.282608696,-0.559322034,0.371428571,-0.458333333,0.484210526,-0.34751773,0.203539823,-0.661764706,0.359375,-0.471264368,0.547619048,-0.292307692,3.833333333,0.586206897,3.066666667,0.508196721,9.2,0.803921569,3.538461538,0.559322034,1.314285714,0.135802469,0.368421053,-0.461538462,0.154867257,-0.731800766,0.2734375,-0.570552147,0.416666667,-0.411764706,2.916666667,0.489361702,2.333333333,0.4,7,0.75,2.692307692,0.458333333,0.760869565,-0.135802469
37,34,228,465,245,175,6,7,5,6,5.61,0.490322581,-0.341991342,0.930612245,-0.035940803,1.302857143,0.131513648,38,0.948717949,32.57142857,0.940425532,45.6,0.957081545,38,0.948717949,6.162162162,0.720754717,6.705882353,0.740458015,2.039473684,0.341991342,1.897959184,0.309859155,2.657142857,0.453125,77.5,0.974522293,66.42857143,0.970338983,93,0.978723404,77.5,0.974522293,12.56756757,0.852589641,13.67647059,0.863727455,1.074561404,0.035940803,0.52688172,-0.309859155,1.4,0.166666667,40.83333333,0.952191235,35,0.944444444,49,0.96,40.83333333,0.952191235,6.621621622,0.737588652,7.205882353,0.756272401,0.76754386,-0.131513648,0.376344086,-0.453125,0.714285714,-0.166666667,29.16666667,0.933701657,25,0.923076923,35,0.944444444,29.16666667,0.933701657,4.72972973,0.650943396,5.147058824,0.674641148,0.026315789,-0.948717949,0.012903226,-0.974522293,0.024489796,-0.952191235,0.034285714,-0.933701657,0.857142857,-0.076923077,1.2,0.090909091,1,0,0.162162162,-0.720930233,0.176470588,-0.7,0.030701754,-0.940425532,0.015053763,-0.970338983,0.028571429,-0.944444444,0.04,-0.923076923,1.166666667,0.076923077,1.4,0.166666667,1.166666667,0.076923077,0.189189189,-0.681818182,0.205882353,-0.658536585,0.021929825,-0.957081545,0.010752688,-0.978723404,0.020408163,-0.96,0.028571429,-0.944444444,0.833333333,-0.090909091,0.714285714,-0.166666667,0.833333333,-0.090909091,0.135135135,-0.761904762,0.147058824,-0.743589744,0.026315789,-0.948717949,0.012903226,-0.974522293,0.024489796,-0.952191235,0.034285714,-0.933701657,1,0,0.857142857,-0.076923077,1.2,0.090909091,0.162162162,-0.720930233,0.176470588,-0.7,0.162280702,-0.720754717,0.079569892,-0.852589641,0.151020408,-0.737588652,0.211428571,-0.650943396,6.166666667,0.720930233,5.285714286,0.681818182,7.4,0.761904762,6.166666667,0.720930233,1.088235294,0.042253521,0.149122807,-0.740458015,0.07311828,-0.863727455,0.13877551,-0.756272401,0.194285714,-0.674641148,5.666666667,0.7,4.857142857,0.658536585,6.8,0.743589744,5.666666667,0.7,0.918918919,-0.042253521
81,65,230,520,296,228,17,36,31,40,2.77,0.442307692,-0.386666667,0.777027027,-0.125475285,1.00877193,0.004366812,13.52941176,0.862348178,6.388888889,0.729323308,7.419354839,0.762452107,5.75,0.703703704,2.839506173,0.479099678,3.538461538,0.559322034,2.260869565,0.386666667,1.756756757,0.274509804,2.280701754,0.390374332,30.58823529,0.936685289,14.44444444,0.870503597,16.77419355,0.887477314,13,0.857142857,6.419753086,0.730449251,8,0.777777778,1.286956522,0.125475285,0.569230769,-0.274509804,1.298245614,0.129770992,17.41176471,0.891373802,8.222222222,0.78313253,9.548387097,0.810397554,7.4,0.761904762,3.654320988,0.570291777,4.553846154,0.639889197,0.991304348,-0.004366812,0.438461538,-0.390374332,0.77027027,-0.129770992,13.41176471,0.86122449,6.333333333,0.727272727,7.35483871,0.760617761,5.7,0.701492537,2.814814815,0.475728155,3.507692308,0.556313993,0.073913043,-0.862348178,0.032692308,-0.936685289,0.057432432,-0.891373802,0.074561404,-0.86122449,0.472222222,-0.358490566,0.548387097,-0.291666667,0.425,-0.403508772,0.209876543,-0.653061224,0.261538462,-0.585365854,0.156521739,-0.729323308,0.069230769,-0.870503597,0.121621622,-0.78313253,0.157894737,-0.727272727,2.117647059,0.358490566,1.161290323,0.074626866,0.9,-0.052631579,0.444444444,-0.384615385,0.553846154,-0.287128713,0.134782609,-0.762452107,0.059615385,-0.887477314,0.10472973,-0.810397554,0.135964912,-0.760617761,1.823529412,0.291666667,0.861111111,-0.074626866,0.775,-0.126760563,0.382716049,-0.446428571,0.476923077,-0.354166667,0.173913043,-0.703703704,0.076923077,-0.857142857,0.135135135,-0.761904762,0.175438596,-0.701492537,2.352941176,0.403508772,1.111111111,0.052631579,1.290322581,0.126760563,0.49382716,-0.338842975,0.615384615,-0.238095238,0.352173913,-0.479099678,0.155769231,-0.730449251,0.273648649,-0.570291777,0.355263158,-0.475728155,4.764705882,0.653061224,2.25,0.384615385,2.612903226,0.446428571,2.025,0.338842975,1.246153846,0.109589041,0.282608696,-0.559322034,0.125,-0.777777778,0.219594595,-0.639889197,0.285087719,-0.556313993,3.823529412,0.585365854,1.805555556,0.287128713,2.096774194,0.354166667,1.625,0.238095238,0.802469136,-0.109589041
294,468,246,494,279,315,244,280,316,348,2.47,0.497975709,-0.335135135,0.88172043,-0.062857143,0.780952381,-0.122994652,1.008196721,0.004081633,0.878571429,-0.064638783,0.778481013,-0.12455516,0.706896552,-0.171717172,0.836734694,-0.088888889,0.525641026,-0.31092437,2.008130081,0.335135135,1.770609319,0.278137128,1.568253968,0.221260816,2.024590164,0.338753388,1.764285714,0.276485788,1.563291139,0.219753086,1.41954023,0.173396675,1.680272109,0.253807107,1.055555556,0.027027027,1.134146341,0.062857143,0.564777328,-0.278137128,0.885714286,-0.060606061,1.143442623,0.066921606,0.996428571,-0.001788909,0.882911392,-0.062184874,0.801724138,-0.110047847,0.948979592,-0.02617801,0.596153846,-0.253012048,1.280487805,0.122994652,0.637651822,-0.221260816,1.129032258,0.060606061,1.290983607,0.127012522,1.125,0.058823529,0.996835443,-0.001584786,0.905172414,-0.049773756,1.071428571,0.034482759,0.673076923,-0.195402299,0.991869919,-0.004081633,0.493927126,-0.338753388,0.874551971,-0.066921606,0.774603175,-0.127012522,0.871428571,-0.06870229,0.772151899,-0.128571429,0.701149425,-0.175675676,0.829931973,-0.092936803,0.521367521,-0.314606742,1.138211382,0.064638783,0.566801619,-0.276485788,1.003584229,0.001788909,0.888888889,-0.058823529,1.147540984,0.06870229,0.886075949,-0.060402685,0.804597701,-0.108280255,0.952380952,-0.024390244,0.598290598,-0.251336898,1.284552846,0.12455516,0.639676113,-0.219753086,1.132616487,0.062184874,1.003174603,0.001584786,1.295081967,0.128571429,1.128571429,0.060402685,0.908045977,-0.048192771,1.074829932,0.036065574,0.675213675,-0.193877551,1.414634146,0.171717172,0.704453441,-0.173396675,1.247311828,0.110047847,1.104761905,0.049773756,1.426229508,0.175675676,1.242857143,0.108280255,1.101265823,0.048192771,1.183673469,0.08411215,0.743589744,-0.147058824,1.195121951,0.088888889,0.5951417,-0.253807107,1.053763441,0.02617801,0.933333333,-0.034482759,1.204918033,0.092936803,1.05,0.024390244,0.930379747,-0.036065574,0.844827586,-0.08411215,0.628205128,-0.228346457,1.902439024,0.31092437,0.947368421,-0.027027027,1.677419355,0.253012048,1.485714286,0.195402299,1.918032787,0.314606742,1.671428571,0.251336898,1.481012658,0.193877551,1.344827586,0.147058824,1.591836735,0.228346457
22,17,619,832,483,364,43,43,38,9,8.3,0.743990385,-0.146795314,1.281573499,0.123411978,1.700549451,0.259409969,14.39534884,0.870090634,14.39534884,0.870090634,16.28947368,0.884322679,68.77777778,0.97133758,28.13636364,0.931357254,36.41176471,0.946540881,1.344103393,0.146795314,1.722567288,0.26539924,2.285714286,0.391304348,19.34883721,0.901714286,19.34883721,0.901714286,21.89473684,0.912643678,92.44444444,0.978596908,37.81818182,0.948477752,48.94117647,0.959952886,0.780290792,-0.123411978,0.580528846,-0.26539924,1.326923077,0.140495868,11.23255814,0.836501901,11.23255814,0.836501901,12.71052632,0.854126679,53.66666667,0.963414634,21.95454545,0.912871287,28.41176471,0.932,0.588045234,-0.259409969,0.4375,-0.391304348,0.753623188,-0.140495868,8.465116279,0.788697789,8.465116279,0.788697789,9.578947368,0.810945274,40.44444444,0.951742627,16.54545455,0.886010363,21.41176471,0.910761155,0.069466882,-0.870090634,0.051682692,-0.901714286,0.089026915,-0.836501901,0.118131868,-0.788697789,1,0,1.131578947,0.061728395,4.777777778,0.653846154,1.954545455,0.323076923,2.529411765,0.433333333,0.069466882,-0.870090634,0.051682692,-0.901714286,0.089026915,-0.836501901,0.118131868,-0.788697789,1,0,1.131578947,0.061728395,4.777777778,0.653846154,1.954545455,0.323076923,2.529411765,0.433333333,0.061389338,-0.884322679,0.045673077,-0.912643678,0.078674948,-0.854126679,0.104395604,-0.810945274,0.88372093,-0.061728395,0.88372093,-0.061728395,4.222222222,0.617021277,1.727272727,0.266666667,2.235294118,0.381818182,0.01453958,-0.97133758,0.010817308,-0.978596908,0.01863354,-0.963414634,0.024725275,-0.951742627,0.209302326,-0.653846154,0.209302326,-0.653846154,0.236842105,-0.617021277,0.409090909,-0.419354839,0.529411765,-0.307692308,0.035541195,-0.931357254,0.026442308,-0.948477752,0.045548654,-0.912871287,0.06043956,-0.886010363,0.511627907,-0.323076923,0.511627907,-0.323076923,0.578947368,-0.266666667,2.444444444,0.419354839,1.294117647,0.128205128,0.027463651,-0.946540881,0.020432692,-0.959952886,0.035196687,-0.932,0.046703297,-0.910761155,0.395348837,-0.433333333,0.395348837,-0.433333333,0.447368421,-0.381818182,1.888888889,0.307692308,0.772727273,-0.128205128
30,26,661,932,411,297,12,25,8,3,5,0.709227468,-0.170119272,1.608272506,0.233208955,2.225589226,0.379958246,55.08333333,0.964338782,26.44,0.927113703,82.625,0.976083707,220.3333333,0.990963855,22.03333333,0.91316932,25.42307692,0.924308588,1.409984871,0.170119272,2.267639903,0.387937453,3.138047138,0.516680228,77.66666667,0.974576271,37.28,0.947753396,116.5,0.982978723,310.6666667,0.993582888,31.06666667,0.937629938,35.84615385,0.945720251,0.621785174,-0.233208955,0.440987124,-0.387937453,1.383838384,0.161016949,34.25,0.943262411,16.44,0.885321101,51.375,0.961813842,137,0.985507246,13.7,0.863945578,15.80769231,0.881006865,0.449319213,-0.379958246,0.318669528,-0.516680228,0.722627737,-0.161016949,24.75,0.922330097,11.88,0.844720497,37.125,0.947540984,99,0.98,9.9,0.816513761,11.42307692,0.839009288,0.018154312,-0.964338782,0.012875536,-0.974576271,0.02919708,-0.943262411,0.04040404,-0.922330097,0.48,-0.351351351,1.5,0.2,4,0.6,0.4,-0.428571429,0.461538462,-0.368421053,0.037821483,-0.927113703,0.026824034,-0.947753396,0.060827251,-0.885321101,0.084175084,-0.844720497,2.083333333,0.351351351,3.125,0.515151515,8.333333333,0.785714286,0.833333333,-0.090909091,0.961538462,-0.019607843,0.012102874,-0.976083707,0.008583691,-0.982978723,0.01946472,-0.961813842,0.026936027,-0.947540984,0.666666667,-0.2,0.32,-0.515151515,2.666666667,0.454545455,0.266666667,-0.578947368,0.307692308,-0.529411765,0.004538578,-0.990963855,0.003218884,-0.993582888,0.00729927,-0.985507246,0.01010101,-0.98,0.25,-0.6,0.12,-0.785714286,0.375,-0.454545455,0.1,-0.818181818,0.115384615,-0.793103448,0.045385779,-0.91316932,0.032188841,-0.937629938,0.072992701,-0.863945578,0.101010101,-0.816513761,2.5,0.428571429,1.2,0.090909091,3.75,0.578947368,10,0.818181818,1.153846154,0.071428571,0.039334342,-0.924308588,0.027896996,-0.945720251,0.063260341,-0.881006865,0.087542088,-0.839009288,2.166666667,0.368421053,1.04,0.019607843,3.25,0.529411765,8.666666667,0.793103448,0.866666667,-0.071428571
115,106,713,917,451,341,107,121,109,83,7.47,0.777535442,-0.125153374,1.580931264,0.225085911,2.090909091,0.352941176,6.663551402,0.73902439,5.892561983,0.709832134,6.541284404,0.734793187,8.590361446,0.791457286,6.2,0.722222222,6.726415094,0.741147741,1.286115007,0.125153374,2.033259424,0.340643275,2.68914956,0.457869634,8.570093458,0.791015625,7.578512397,0.766859345,8.412844037,0.787524366,11.04819277,0.834,7.973913043,0.777131783,8.650943396,0.792766373,0.632538569,-0.225085911,0.491821156,-0.340643275,1.322580645,0.138888889,4.214953271,0.616487455,3.727272727,0.576923077,4.137614679,0.610714286,5.43373494,0.689138577,3.92173913,0.593639576,4.254716981,0.619389587,0.47826087,-0.352941176,0.371864776,-0.457869634,0.756097561,-0.138888889,3.186915888,0.522321429,2.818181818,0.476190476,3.128440367,0.515555556,4.108433735,0.608490566,2.965217391,0.495614035,3.216981132,0.525727069,0.150070126,-0.73902439,0.116684842,-0.791015625,0.237250554,-0.616487455,0.313782991,-0.522321429,0.884297521,-0.061403509,0.981651376,-0.009259259,1.289156627,0.126315789,0.930434783,-0.036036036,1.009433962,0.004694836,0.16970547,-0.709832134,0.131952017,-0.766859345,0.268292683,-0.576923077,0.35483871,-0.476190476,1.130841121,0.061403509,1.110091743,0.052173913,1.457831325,0.18627451,1.052173913,0.025423729,1.141509434,0.066079295,0.152875175,-0.734793187,0.118865867,-0.787524366,0.241685144,-0.610714286,0.319648094,-0.515555556,1.018691589,0.009259259,0.900826446,-0.052173913,1.313253012,0.135416667,0.947826087,-0.026785714,1.028301887,0.013953488,0.116409537,-0.791457286,0.090512541,-0.834,0.184035477,-0.689138577,0.24340176,-0.608490566,0.775700935,-0.126315789,0.685950413,-0.18627451,0.76146789,-0.135416667,0.72173913,-0.161616162,0.783018868,-0.121693122,0.161290323,-0.722222222,0.125408942,-0.777131783,0.254988914,-0.593639576,0.337243402,-0.495614035,1.074766355,0.036036036,0.950413223,-0.025423729,1.055045872,0.026785714,1.385542169,0.161616162,1.08490566,0.040723982,0.148667602,-0.741147741,0.115594329,-0.792766373,0.235033259,-0.619389587,0.31085044,-0.525727069,0.990654206,-0.004694836,0.876033058,-0.066079295,0.972477064,-0.013953488,1.277108434,0.121693122,0.92173913,-0.040723982
