B11,B12,B2,B3,B4,B5,B6,B7,B8,B8A,date,Value (QSDE),RATIO_B2_B3,ND_B2_B3,RATIO_B2_B4,ND_B2_B4,RATIO_B2_B5,ND_B2_B5,RATIO_B2_B6,ND_B2_B6,RATIO_B2_B7,ND_B2_B7,RATIO_B2_B8,ND_B2_B8,RATIO_B2_B8A,ND_B2_B8A,RATIO_B2_B11,ND_B2_B11,RATIO_B2_B12,ND_B2_B12,RATIO_B3_B2,ND_B3_B2,RATIO_B3_B4,ND_B3_B4,RATIO_B3_B5,ND_B3_B5,RATIO_B3_B6,ND_B3_B6,RATIO_B3_B7,ND_B3_B7,RATIO_B3_B8,ND_B3_B8,RATIO_B3_B8A,ND_B3_B8A,RATIO_B3_B11,ND_B3_B11,RATIO_B3_B12,ND_B3_B12,RATIO_B4_B2,ND_B4_B2,RATIO_B4_B3,ND_B4_B3,RATIO_B4_B5,ND_B4_B5,RATIO_B4_B6,ND_B4_B6,RATIO_B4_B7,ND_B4_B7,RATIO_B4_B8,ND_B4_B8,RATIO_B4_B8A,ND_B4_B8A,RATIO_B4_B11,ND_B4_B11,RATIO_B4_B12,ND_B4_B12,RATIO_B5_B2,ND_B5_B2,RATIO_B5_B3,ND_B5_B3,RATIO_B5_B4,ND_B5_B4,RATIO_B5_B6,ND_B5_B6,RATIO_B5_B7,ND_B5_B7,RATIO_B5_B8,ND_B5_B8,RATIO_B5_B8A,ND_B5_B8A,RATIO_B5_B11,ND_B5_B11,RATIO_B5_B12,ND_B5_B12,RATIO_B6_B2,ND_B6_B2,RATIO_B6_B3,ND_B6_B3,RATIO_B6_B4,ND_B6_B4,RATIO_B6_B5,ND_B6_B5,RATIO_B6_B7,ND_B6_B7,RATIO_B6_B8,ND_B6_B8,RATIO_B6_B8A,ND_B6_B8A,RATIO_B6_B11,ND_B6_B11,RATIO_B6_B12,ND_B6_B12,RATIO_B7_B2,ND_B7_B2,RATIO_B7_B3,ND_B7_B3,RATIO_B7_B4,ND_B7_B4,RATIO_B7_B5,ND_B7_B5,RATIO_B7_B6,ND_B7_B6,RATIO_B7_B8,ND_B7_B8,RATIO_B7_B8A,ND_B7_B8A,RATIO_B7_B11,ND_B7_B11,RATIO_B7_B12,ND_B7_B12,RATIO_B8_B2,ND_B8_B2,RATIO_B8_B3,ND_B8_B3,RATIO_B8_B4,ND_B8_B4,RATIO_B8_B5,ND_B8_B5,RATIO_B8_B6,ND_B8_B6,RATIO_B8_B7,ND_B8_B7,RATIO_B8_B8A,ND_B8_B8A,RATIO_B8_B11,ND_B8_B11,RATIO_B8_B12,ND_B8_B12,RATIO_B8A_B2,ND_B8A_B2,RATIO_B8A_B3,ND_B8A_B3,RATIO_B8A_B4,ND_B8A_B4,RATIO_B8A_B5,ND_B8A_B5,RATIO_B8A_B6,ND_B8A_B6,RATIO_B8A_B7,ND_B8A_B7,RATIO_B8A_B8,ND_B8A_B8,RATIO_B8A_B11,ND_B8A_B11,RATIO_B8A_B12,ND_B8A_B12,RATIO_B11_B2,ND_B11_B2,RATIO_B11_B3,ND_B11_B3,RATIO_B11_B4,ND_B11_B4,RATIO_B11_B5,ND_B11_B5,RATIO_B11_B6,ND_B11_B6,RATIO_B11_B7,ND_B11_B7,RATIO_B11_B8,ND_B11_B8,RATIO_B11_B8A,ND_B11_B8A,RATIO_B11_B12,ND_B11_B12,RATIO_B12_B2,ND_B12_B2,RATIO_B12_B3,ND_B12_B3,RATIO_B12_B4,ND_B12_B4,RATIO_B12_B5,ND_B12_B5,RATIO_B12_B6,ND_B12_B6,RATIO_B12_B7,ND_B12_B7,RATIO_B12_B8,ND_B12_B8,RATIO_B12_B8A,ND_B12_B8A,RATIO_B12_B11,ND_B12_B11
91,46,101,91,78,95,83,101,95,86,2/2/2024,156.73,1.10989010989011,0.052083333333333336,1.294871794871795,0.12849162011173185,1.063157894736842,0.030612244897959183,1.216867469879518,0.09782608695652174,1.0,0.0,1.063157894736842,0.030612244897959183,1.1744186046511629,0.08021390374331551,1.10989010989011,0.052083333333333336,2.1956521739130435,0.3741496598639456,0.900990099009901,-0.052083333333333336,1.1666666666666667,0.07692307692307693,0.9578947368421052,-0.021505376344086023,1.0963855421686748,0.04597701149425287,0.900990099009901,-0.052083333333333336,0.9578947368421052,-0.021505376344086023,1.058139534883721,0.02824858757062147,1.0,0.0,1.9782608695652173,0.3284671532846715,0.7722772277227723,-0.12849162011173185,0.8571428571428571,-0.07692307692307693,0.8210526315789474,-0.09826589595375723,0.9397590361445783,-0.031055900621118012,0.7722772277227723,-0.12849162011173185,0.8210526315789474,-0.09826589595375723,0.9069767441860465,-0.04878048780487805,0.8571428571428571,-0.07692307692307693,1.6956521739130435,0.25806451612903225,0.9405940594059405,-0.030612244897959183,1.043956043956044,0.021505376344086023,1.2179487179487178,0.09826589595375723,1.144578313253012,0.06741573033707865,0.9405940594059405,-0.030612244897959183,1.0,0.0,1.1046511627906976,0.049723756906077346,1.043956043956044,0.021505376344086023,2.0652173913043477,0.3475177304964539,0.8217821782178217,-0.09782608695652174,0.9120879120879121,-0.04597701149425287,1.064102564102564,0.031055900621118012,0.8736842105263158,-0.06741573033707865,0.8217821782178217,-0.09782608695652174,0.8736842105263158,-0.06741573033707865,0.9651162790697675,-0.01775147928994083,0.9120879120879121,-0.04597701149425287,1.8043478260869565,0.2868217054263566,1.0,0.0,1.10989010989011,0.052083333333333336,1.294871794871795,0.12849162011173185,1.063157894736842,0.030612244897959183,1.216867469879518,0.09782608695652174,1.063157894736842,0.030612244897959183,1.1744186046511629,0.08021390374331551,1.10989010989011,0.052083333333333336,2.1956521739130435,0.3741496598639456,0.9405940594059405,-0.030612244897959183,1.043956043956044,0.021505376344086023,1.2179487179487178,0.09826589595375723,1.0,0.0,1.144578313253012,0.06741573033707865,0.9405940594059405,-0.030612244897959183,1.1046511627906976,0.049723756906077346,1.043956043956044,0.021505376344086023,2.0652173913043477,0.3475177304964539,0.8514851485148515,-0.08021390374331551,0.945054945054945,-0.02824858757062147,1.1025641025641026,0.04878048780487805,0.9052631578947369,-0.049723756906077346,1.036144578313253,0.01775147928994083,0.8514851485148515,-0.08021390374331551,0.9052631578947369,-0.049723756906077346,0.945054945054945,-0.02824858757062147,1.8695652173913044,0.30303030303030304,0.900990099009901,-0.052083333333333336,1.0,0.0,1.1666666666666667,0.07692307692307693,0.9578947368421052,-0.021505376344086023,1.0963855421686748,0.04597701149425287,0.900990099009901,-0.052083333333333336,0.9578947368421052,-0.021505376344086023,1.058139534883721,0.02824858757062147,1.9782608695652173,0.3284671532846715,0.45544554455445546,-0.3741496598639456,0.5054945054945055,-0.3284671532846715,0.5897435897435898,-0.25806451612903225,0.4842105263157895,-0.3475177304964539,0.5542168674698795,-0.2868217054263566,0.45544554455445546,-0.3741496598639456,0.4842105263157895,-0.3475177304964539,0.5348837209302325,-0.30303030303030304,0.5054945054945055,-0.3284671532846715
76,64,116,84,92,105,74,100,97,96,2/7/2024,126.13,1.380952380952381,0.16,1.2608695652173914,0.11538461538461539,1.1047619047619048,0.049773755656108594,1.5675675675675675,0.22105263157894736,1.16,0.07407407407407407,1.1958762886597938,0.0892018779342723,1.2083333333333333,0.09433962264150944,1.5263157894736843,0.20833333333333334,1.8125,0.28888888888888886,0.7241379310344828,-0.16,0.9130434782608695,-0.045454545454545456,0.8,-0.1111111111111111,1.135135135135135,0.06329113924050633,0.84,-0.08695652173913043,0.865979381443299,-0.0718232044198895,0.875,-0.06666666666666667,1.105263157894737,0.05,1.3125,0.13513513513513514,0.7931034482758621,-0.11538461538461539,1.0952380952380953,0.045454545454545456,0.8761904761904762,-0.06598984771573604,1.2432432432432432,0.10843373493975904,0.92,-0.041666666666666664,0.9484536082474226,-0.026455026455026454,0.9583333333333334,-0.02127659574468085,1.2105263157894737,0.09523809523809523,1.4375,0.1794871794871795,0.9051724137931034,-0.049773755656108594,1.25,0.1111111111111111,1.141304347826087,0.06598984771573604,1.4189189189189189,0.17318435754189945,1.05,0.024390243902439025,1.0824742268041236,0.039603960396039604,1.09375,0.04477611940298507,1.381578947368421,0.16022099447513813,1.640625,0.24260355029585798,0.6379310344827587,-0.22105263157894736,0.8809523809523809,-0.06329113924050633,0.8043478260869565,-0.10843373493975904,0.7047619047619048,-0.17318435754189945,0.74,-0.14942528735632185,0.7628865979381443,-0.13450292397660818,0.7708333333333334,-0.12941176470588237,0.9736842105263158,-0.013333333333333334,1.15625,0.07246376811594203,0.8620689655172413,-0.07407407407407407,1.1904761904761905,0.08695652173913043,1.0869565217391304,0.041666666666666664,0.9523809523809523,-0.024390243902439025,1.3513513513513513,0.14942528735632185,1.0309278350515463,0.015228426395939087,1.0416666666666667,0.02040816326530612,1.3157894736842106,0.13636363636363635,1.5625,0.21951219512195122,0.8362068965517241,-0.0892018779342723,1.1547619047619047,0.0718232044198895,1.0543478260869565,0.026455026455026454,0.9238095238095239,-0.039603960396039604,1.3108108108108107,0.13450292397660818,0.97,-0.015228426395939087,1.0104166666666667,0.0051813471502590676,1.2763157894736843,0.12138728323699421,1.515625,0.20496894409937888,0.8275862068965517,-0.09433962264150944,1.1428571428571428,0.06666666666666667,1.0434782608695652,0.02127659574468085,0.9142857142857143,-0.04477611940298507,1.2972972972972974,0.12941176470588237,0.96,-0.02040816326530612,0.9896907216494846,-0.0051813471502590676,1.263157894736842,0.11627906976744186,1.5,0.2,0.6551724137931034,-0.20833333333333334,0.9047619047619048,-0.05,0.8260869565217391,-0.09523809523809523,0.7238095238095238,-0.16022099447513813,1.027027027027027,0.013333333333333334,0.76,-0.13636363636363635,0.7835051546391752,-0.12138728323699421,0.7916666666666666,-0.11627906976744186,1.1875,0.08571428571428572,0.5517241379310345,-0.28888888888888886,0.7619047619047619,-0.13513513513513514,0.6956521739130435,-0.1794871794871795,0.6095238095238096,-0.24260355029585798,0.8648648648648649,-0.07246376811594203,0.64,-0.21951219512195122,0.6597938144329897,-0.20496894409937888,0.6666666666666666,-0.2,0.8421052631578947,-0.08571428571428572
30,20,47,62,76,89,29,54,26,10,2/22/2024,190.17,0.7580645161290323,-0.13761467889908258,0.618421052631579,-0.23577235772357724,0.5280898876404494,-0.3088235294117647,1.6206896551724137,0.23684210526315788,0.8703703703703703,-0.06930693069306931,1.8076923076923077,0.2876712328767123,4.7,0.6491228070175439,1.5666666666666667,0.22077922077922077,2.35,0.40298507462686567,1.3191489361702127,0.13761467889908258,0.8157894736842105,-0.10144927536231885,0.6966292134831461,-0.17880794701986755,2.1379310344827585,0.3626373626373626,1.1481481481481481,0.06896551724137931,2.3846153846153846,0.4090909090909091,6.2,0.7222222222222222,2.066666666666667,0.34782608695652173,3.1,0.5121951219512195,1.6170212765957446,0.23577235772357724,1.2258064516129032,0.10144927536231885,0.8539325842696629,-0.07878787878787878,2.6206896551724137,0.44761904761904764,1.4074074074074074,0.16923076923076924,2.923076923076923,0.49019607843137253,7.6,0.7674418604651163,2.533333333333333,0.4339622641509434,3.8,0.5833333333333334,1.8936170212765957,0.3088235294117647,1.435483870967742,0.17880794701986755,1.1710526315789473,0.07878787878787878,3.0689655172413794,0.5084745762711864,1.6481481481481481,0.24475524475524477,3.423076923076923,0.5478260869565217,8.9,0.797979797979798,2.966666666666667,0.4957983193277311,4.45,0.6330275229357798,0.6170212765957447,-0.23684210526315788,0.46774193548387094,-0.3626373626373626,0.3815789473684211,-0.44761904761904764,0.3258426966292135,-0.5084745762711864,0.5370370370370371,-0.30120481927710846,1.1153846153846154,0.05454545454545454,2.9,0.48717948717948717,0.9666666666666667,-0.01694915254237288,1.45,0.1836734693877551,1.148936170212766,0.06930693069306931,0.8709677419354839,-0.06896551724137931,0.7105263157894737,-0.16923076923076924,0.6067415730337079,-0.24475524475524477,1.8620689655172413,0.30120481927710846,2.076923076923077,0.35,5.4,0.6875,1.8,0.2857142857142857,2.7,0.4594594594594595,0.5531914893617021,-0.2876712328767123,0.41935483870967744,-0.4090909090909091,0.34210526315789475,-0.49019607843137253,0.29213483146067415,-0.5478260869565217,0.896551724137931,-0.05454545454545454,0.48148148148148145,-0.35,2.6,0.4444444444444444,0.8666666666666667,-0.07142857142857142,1.3,0.13043478260869565,0.2127659574468085,-0.6491228070175439,0.16129032258064516,-0.7222222222222222,0.13157894736842105,-0.7674418604651163,0.11235955056179775,-0.797979797979798,0.3448275862068966,-0.48717948717948717,0.18518518518518517,-0.6875,0.38461538461538464,-0.4444444444444444,0.3333333333333333,-0.5,0.5,-0.3333333333333333,0.6382978723404256,-0.22077922077922077,0.4838709677419355,-0.34782608695652173,0.39473684210526316,-0.4339622641509434,0.33707865168539325,-0.4957983193277311,1.0344827586206897,0.01694915254237288,0.5555555555555556,-0.2857142857142857,1.1538461538461537,0.07142857142857142,3.0,0.5,1.5,0.2,0.425531914893617,-0.40298507462686567,0.3225806451612903,-0.5121951219512195,0.2631578947368421,-0.5833333333333334,0.2247191011235955,-0.6330275229357798,0.6896551724137931,-0.1836734693877551,0.37037037037037035,-0.4594594594594595,0.7692307692307693,-0.13043478260869565,2.0,0.3333333333333333,0.6666666666666666,-0.2
73,58,145,124,113,138,84,90,83,68,2/27/2024,189.32,1.1693548387096775,0.07806691449814127,1.2831858407079646,0.12403100775193798,1.0507246376811594,0.024734982332155476,1.7261904761904763,0.2663755458515284,1.6111111111111112,0.23404255319148937,1.7469879518072289,0.2719298245614035,2.1323529411764706,0.3615023474178404,1.9863013698630136,0.3302752293577982,2.5,0.42857142857142855,0.8551724137931035,-0.07806691449814127,1.0973451327433628,0.046413502109704644,0.8985507246376812,-0.05343511450381679,1.4761904761904763,0.19230769230769232,1.3777777777777778,0.1588785046728972,1.4939759036144578,0.19806763285024154,1.8235294117647058,0.2916666666666667,1.6986301369863013,0.25888324873096447,2.1379310344827585,0.3626373626373626,0.7793103448275862,-0.12403100775193798,0.9112903225806451,-0.046413502109704644,0.8188405797101449,-0.099601593625498,1.3452380952380953,0.14720812182741116,1.2555555555555555,0.11330049261083744,1.3614457831325302,0.15306122448979592,1.661764705882353,0.24861878453038674,1.547945205479452,0.21505376344086022,1.9482758620689655,0.3216374269005848,0.9517241379310345,-0.024734982332155476,1.1129032258064515,0.05343511450381679,1.2212389380530972,0.099601593625498,1.6428571428571428,0.24324324324324326,1.5333333333333334,0.21052631578947367,1.6626506024096386,0.248868778280543,2.0294117647058822,0.33980582524271846,1.8904109589041096,0.3080568720379147,2.3793103448275863,0.40816326530612246,0.5793103448275863,-0.2663755458515284,0.6774193548387096,-0.19230769230769232,0.7433628318584071,-0.14720812182741116,0.6086956521739131,-0.24324324324324326,0.9333333333333333,-0.034482758620689655,1.0120481927710843,0.005988023952095809,1.2352941176470589,0.10526315789473684,1.1506849315068493,0.07006369426751592,1.4482758620689655,0.18309859154929578,0.6206896551724138,-0.23404255319148937,0.7258064516129032,-0.1588785046728972,0.7964601769911505,-0.11330049261083744,0.6521739130434783,-0.21052631578947367,1.0714285714285714,0.034482758620689655,1.0843373493975903,0.04046242774566474,1.3235294117647058,0.13924050632911392,1.2328767123287672,0.10429447852760736,1.5517241379310345,0.21621621621621623,0.5724137931034483,-0.2719298245614035,0.6693548387096774,-0.19806763285024154,0.7345132743362832,-0.15306122448979592,0.6014492753623188,-0.248868778280543,0.9880952380952381,-0.005988023952095809,0.9222222222222223,-0.04046242774566474,1.2205882352941178,0.09933774834437085,1.1369863013698631,0.0641025641025641,1.4310344827586208,0.1773049645390071,0.4689655172413793,-0.3615023474178404,0.5483870967741935,-0.2916666666666667,0.6017699115044248,-0.24861878453038674,0.4927536231884058,-0.33980582524271846,0.8095238095238095,-0.10526315789473684,0.7555555555555555,-0.13924050632911392,0.8192771084337349,-0.09933774834437085,0.9315068493150684,-0.03546099290780142,1.1724137931034482,0.07936507936507936,0.503448275862069,-0.3302752293577982,0.5887096774193549,-0.25888324873096447,0.6460176991150443,-0.21505376344086022,0.5289855072463768,-0.3080568720379147,0.8690476190476191,-0.07006369426751592,0.8111111111111111,-0.10429447852760736,0.8795180722891566,-0.0641025641025641,1.0735294117647058,0.03546099290780142,1.2586206896551724,0.11450381679389313,0.4,-0.42857142857142855,0.46774193548387094,-0.3626373626373626,0.5132743362831859,-0.3216374269005848,0.42028985507246375,-0.40816326530612246,0.6904761904761905,-0.18309859154929578,0.6444444444444445,-0.21621621621621623,0.6987951807228916,-0.1773049645390071,0.8529411764705882,-0.07936507936507936,0.7945205479452054,-0.11450381679389313
238,215,304,343,344,364,288,309,279,268,4/12/2024,155.09,0.8862973760932945,-0.06027820710973725,0.8837209302325582,-0.06172839506172839,0.8351648351648352,-0.08982035928143713,1.0555555555555556,0.02702702702702703,0.9838187702265372,-0.008156606851549755,1.0896057347670252,0.04288164665523156,1.1343283582089552,0.06293706293706294,1.2773109243697478,0.12177121771217712,1.413953488372093,0.17148362235067438,1.1282894736842106,0.06027820710973725,0.997093023255814,-0.001455604075691412,0.9423076923076923,-0.0297029702970297,1.1909722222222223,0.08716323296354993,1.110032362459547,0.05214723926380368,1.2293906810035842,0.10289389067524116,1.2798507462686568,0.12274959083469722,1.4411764705882353,0.18072289156626506,1.5953488372093023,0.22939068100358423,1.131578947368421,0.06172839506172839,1.0029154518950438,0.001455604075691412,0.945054945054945,-0.02824858757062147,1.1944444444444444,0.08860759493670886,1.1132686084142396,0.05359877488514548,1.2329749103942653,0.1043338683788122,1.2835820895522387,0.12418300653594772,1.4453781512605042,0.18213058419243985,1.6,0.23076923076923078,1.1973684210526316,0.08982035928143713,1.0612244897959184,0.0297029702970297,1.058139534883721,0.02824858757062147,1.2638888888888888,0.1165644171779141,1.1779935275080906,0.08172362555720654,1.3046594982078854,0.1321928460342146,1.3582089552238805,0.1518987341772152,1.5294117647058822,0.20930232558139536,1.6930232558139535,0.25734024179620035,0.9473684210526315,-0.02702702702702703,0.8396501457725948,-0.08716323296354993,0.8372093023255814,-0.08860759493670886,0.7912087912087912,-0.1165644171779141,0.9320388349514563,-0.035175879396984924,1.032258064516129,0.015873015873015872,1.0746268656716418,0.03597122302158273,1.2100840336134453,0.09505703422053231,1.3395348837209302,0.14512922465208747,1.0164473684210527,0.008156606851549755,0.9008746355685131,-0.05214723926380368,0.8982558139534884,-0.05359877488514548,0.8489010989010989,-0.08172362555720654,1.0729166666666667,0.035175879396984924,1.10752688172043,0.05102040816326531,1.1529850746268657,0.07105719237435008,1.2983193277310925,0.12979890310786105,1.4372093023255814,0.17938931297709923,0.9177631578947368,-0.04288164665523156,0.8134110787172012,-0.10289389067524116,0.811046511627907,-0.1043338683788122,0.7664835164835165,-0.1321928460342146,0.96875,-0.015873015873015872,0.9029126213592233,-0.05102040816326531,1.041044776119403,0.02010968921389397,1.1722689075630253,0.07930367504835589,1.2976744186046512,0.12955465587044535,0.881578947368421,-0.06293706293706294,0.7813411078717201,-0.12274959083469722,0.7790697674418605,-0.12418300653594772,0.7362637362637363,-0.1518987341772152,0.9305555555555556,-0.03597122302158273,0.8673139158576052,-0.07105719237435008,0.9605734767025089,-0.02010968921389397,1.1260504201680672,0.05928853754940711,1.2465116279069768,0.10973084886128365,0.7828947368421053,-0.12177121771217712,0.6938775510204082,-0.18072289156626506,0.6918604651162791,-0.18213058419243985,0.6538461538461539,-0.20930232558139536,0.8263888888888888,-0.09505703422053231,0.7702265372168284,-0.12979890310786105,0.8530465949820788,-0.07930367504835589,0.8880597014925373,-0.05928853754940711,1.1069767441860465,0.05077262693156733,0.7072368421052632,-0.17148362235067438,0.6268221574344023,-0.22939068100358423,0.625,-0.23076923076923078,0.5906593406593407,-0.25734024179620035,0.7465277777777778,-0.14512922465208747,0.6957928802588996,-0.17938931297709923,0.7706093189964157,-0.12955465587044535,0.8022388059701493,-0.10973084886128365,0.9033613445378151,-0.05077262693156733
562,557,665,647,667,732,616,625,572,597,4/17/2024,156.1,1.027820710973725,0.013719512195121951,0.9970014992503748,-0.0015015015015015015,0.9084699453551912,-0.047959914101646385,1.0795454545454546,0.03825136612021858,1.064,0.031007751937984496,1.1625874125874125,0.07518189167340339,1.1139028475711892,0.05388272583201268,1.1832740213523132,0.08394458027709861,1.1938958707360863,0.088379705400982,0.9729323308270676,-0.013719512195121951,0.9700149925037481,-0.015220700152207,0.8838797814207651,-0.06163886874546773,1.0503246753246753,0.02454473475851148,1.0352,0.01729559748427673,1.131118881118881,0.06152584085315833,1.083752093802345,0.04019292604501608,1.1512455516014235,0.07030603804797353,1.1615798922800717,0.07475083056478406,1.0030075187969925,0.0015015015015015015,1.0309119010819165,0.015220700152207,0.9112021857923497,-0.04646175839885633,1.0827922077922079,0.03975058456742011,1.0672,0.032507739938080496,1.166083916083916,0.07667473769168684,1.117252931323283,0.055379746835443035,1.186832740213523,0.0854353132628153,1.1974865350089767,0.08986928104575163,1.1007518796992481,0.047959914101646385,1.1313755795981453,0.06163886874546773,1.0974512743628186,0.04646175839885633,1.1883116883116882,0.08605341246290801,1.1712,0.07885040530582167,1.2797202797202798,0.12269938650306748,1.2261306532663316,0.10158013544018059,1.302491103202847,0.13137557959814528,1.3141831238779174,0.13576415826221877,0.9263157894736842,-0.03825136612021858,0.9520865533230294,-0.02454473475851148,0.9235382308845578,-0.03975058456742011,0.8415300546448088,-0.08605341246290801,0.9856,-0.007252215954875101,1.0769230769230769,0.037037037037037035,1.031825795644891,0.015663643858202802,1.096085409252669,0.04584040747028863,1.1059245960502693,0.05029838022165388,0.9398496240601504,-0.031007751937984496,0.9659969088098919,-0.01729559748427673,0.9370314842578711,-0.032507739938080496,0.8538251366120219,-0.07885040530582167,1.0146103896103895,0.007252215954875101,1.0926573426573427,0.04427736006683375,1.0469011725293131,0.022913256955810146,1.112099644128114,0.05307497893850042,1.1220825852782765,0.05752961082910321,0.8601503759398497,-0.07518189167340339,0.884080370942813,-0.06152584085315833,0.8575712143928036,-0.07667473769168684,0.7814207650273224,-0.12269938650306748,0.9285714285714286,-0.037037037037037035,0.9152,-0.04427736006683375,0.9581239530988275,-0.0213857998289136,1.0177935943060499,0.008818342151675485,1.0269299820466786,0.013286093888396812,0.8977443609022556,-0.05388272583201268,0.9227202472952086,-0.04019292604501608,0.8950524737631185,-0.055379746835443035,0.8155737704918032,-0.10158013544018059,0.9691558441558441,-0.015663643858202802,0.9552,-0.022913256955810146,1.0437062937062938,0.0213857998289136,1.0622775800711743,0.030198446937014668,1.0718132854578097,0.03466204506065858,0.8451127819548873,-0.08394458027709861,0.8686244204018547,-0.07030603804797353,0.8425787106446777,-0.0854353132628153,0.76775956284153,-0.13137557959814528,0.9123376623376623,-0.04584040747028863,0.8992,-0.05307497893850042,0.9825174825174825,-0.008818342151675485,0.9413735343383585,-0.030198446937014668,1.0089766606822261,0.004468275245755138,0.837593984962406,-0.088379705400982,0.8608964451313755,-0.07475083056478406,0.8350824587706147,-0.08986928104575163,0.7609289617486339,-0.13576415826221877,0.9042207792207793,-0.05029838022165388,0.8912,-0.05752961082910321,0.9737762237762237,-0.013286093888396812,0.932998324958124,-0.03466204506065858,0.9911032028469751,-0.004468275245755138
115,101,234,205,191,207,89,114,68,85,5/7/2024,136.91,1.1414634146341462,0.06605922551252848,1.225130890052356,0.1011764705882353,1.1304347826086956,0.061224489795918366,2.6292134831460676,0.44891640866873067,2.0526315789473686,0.3448275862068966,3.4411764705882355,0.5496688741721855,2.7529411764705882,0.4670846394984326,2.034782608695652,0.34097421203438394,2.3168316831683167,0.3970149253731343,0.8760683760683761,-0.06605922551252848,1.0732984293193717,0.03535353535353535,0.9903381642512077,-0.0048543689320388345,2.303370786516854,0.3945578231292517,1.7982456140350878,0.2852664576802508,3.014705882352941,0.5018315018315018,2.411764705882353,0.41379310344827586,1.7826086956521738,0.28125,2.0297029702970297,0.33986928104575165,0.8162393162393162,-0.1011764705882353,0.9317073170731708,-0.03535353535353535,0.9227053140096618,-0.04020100502512563,2.146067415730337,0.36428571428571427,1.6754385964912282,0.25245901639344265,2.8088235294117645,0.4749034749034749,2.2470588235294118,0.38405797101449274,1.6608695652173913,0.24836601307189543,1.891089108910891,0.3082191780821918,0.8846153846153846,-0.061224489795918366,1.0097560975609756,0.0048543689320388345,1.0837696335078535,0.04020100502512563,2.3258426966292136,0.39864864864864863,1.8157894736842106,0.2897196261682243,3.0441176470588234,0.5054545454545455,2.4352941176470586,0.4178082191780822,1.8,0.2857142857142857,2.0495049504950495,0.34415584415584416,0.3803418803418803,-0.44891640866873067,0.43414634146341463,-0.3945578231292517,0.46596858638743455,-0.36428571428571427,0.42995169082125606,-0.39864864864864863,0.7807017543859649,-0.12315270935960591,1.3088235294117647,0.1337579617834395,1.0470588235294118,0.022988505747126436,0.7739130434782608,-0.12745098039215685,0.8811881188118812,-0.06315789473684211,0.48717948717948717,-0.3448275862068966,0.5560975609756098,-0.2852664576802508,0.5968586387434555,-0.25245901639344265,0.5507246376811594,-0.2897196261682243,1.2808988764044944,0.12315270935960591,1.6764705882352942,0.25274725274725274,1.3411764705882352,0.1457286432160804,0.991304347826087,-0.004366812227074236,1.1287128712871286,0.06046511627906977,0.2905982905982906,-0.5496688741721855,0.33170731707317075,-0.5018315018315018,0.35602094240837695,-0.4749034749034749,0.3285024154589372,-0.5054545454545455,0.7640449438202247,-0.1337579617834395,0.5964912280701754,-0.25274725274725274,0.8,-0.1111111111111111,0.591304347826087,-0.2568306010928962,0.6732673267326733,-0.1952662721893491,0.36324786324786323,-0.4670846394984326,0.4146341463414634,-0.41379310344827586,0.44502617801047123,-0.38405797101449274,0.4106280193236715,-0.4178082191780822,0.9550561797752809,-0.022988505747126436,0.7456140350877193,-0.1457286432160804,1.25,0.1111111111111111,0.7391304347826086,-0.15,0.8415841584158416,-0.08602150537634409,0.49145299145299143,-0.34097421203438394,0.5609756097560976,-0.28125,0.6020942408376964,-0.24836601307189543,0.5555555555555556,-0.2857142857142857,1.2921348314606742,0.12745098039215685,1.0087719298245614,0.004366812227074236,1.6911764705882353,0.2568306010928962,1.3529411764705883,0.15,1.1386138613861385,0.06481481481481481,0.43162393162393164,-0.3970149253731343,0.4926829268292683,-0.33986928104575165,0.5287958115183246,-0.3082191780821918,0.48792270531400966,-0.34415584415584416,1.1348314606741574,0.06315789473684211,0.8859649122807017,-0.06046511627906977,1.4852941176470589,0.1952662721893491,1.188235294117647,0.08602150537634409,0.8782608695652174,-0.06481481481481481
1212,1090,1295,1287,1305,1357,1263,1234,1127,1203,5/27/2024,134.77,1.0062160062160062,0.003098373353989156,0.9923371647509579,-0.0038461538461538464,0.9543109801031687,-0.023378582202111614,1.0253365003958828,0.012509773260359656,1.0494327390599676,0.024120205614867538,1.1490683229813665,0.06936416184971098,1.0764754779717374,0.03682946357085669,1.0684818481848184,0.03310729956122856,1.188073394495413,0.0859538784067086,0.9938223938223938,-0.003098373353989156,0.9862068965517241,-0.006944444444444444,0.948415622697126,-0.0264750378214826,1.0190023752969122,0.009411764705882352,1.0429497568881685,0.021023403411344704,1.1419698314108253,0.06628003314001657,1.0698254364089776,0.033734939759036145,1.061881188118812,0.030012004801920768,1.1807339449541285,0.08287757677745057,1.0077220077220077,0.0038461538461538464,1.013986013986014,0.006944444444444444,0.9616801768607222,-0.019534184823441023,1.0332541567695963,0.016355140186915886,1.0575364667747165,0.027963765261914138,1.1579414374445431,0.07319078947368421,1.084788029925187,0.04066985645933014,1.0767326732673268,0.03694874851013111,1.1972477064220184,0.08977035490605428,1.047876447876448,0.023378582202111614,1.0543900543900544,0.0264750378214826,1.0398467432950191,0.019534184823441023,1.0744259699129057,0.03587786259541985,1.09967585089141,0.047472018525665766,1.2040816326530612,0.09259259259259259,1.1280133000831256,0.06015625,1.1196369636963697,0.05644219540677306,1.244954128440367,0.10911319983653453,0.9752895752895753,-0.012509773260359656,0.9813519813519813,-0.009411764705882352,0.967816091954023,-0.016355140186915886,0.9307295504789977,-0.03587786259541985,1.0235008103727714,0.011613936724068883,1.1206743566992015,0.05690376569037657,1.0498753117206983,0.024330900243309004,1.0420792079207921,0.020606060606060607,1.1587155963302753,0.07352316192095197,0.9528957528957529,-0.024120205614867538,0.9588189588189588,-0.021023403411344704,0.9455938697318008,-0.027963765261914138,0.9093588798820929,-0.047472018525665766,0.9770387965162312,-0.011613936724068883,1.0949423247559893,0.04531977975434138,1.025768911055694,0.01272055806319245,1.018151815181518,0.008994276369582993,1.1321100917431193,0.06196213425129088,0.8702702702702703,-0.06936416184971098,0.8756798756798757,-0.06628003314001657,0.8636015325670499,-0.07319078947368421,0.8305084745762712,-0.09259259259259259,0.8923198733174981,-0.05690376569037657,0.913290113452188,-0.04531977975434138,0.9368246051537822,-0.03261802575107296,0.9298679867986799,-0.036340316374519024,1.0339449541284405,0.016689219666215605,0.9289575289575289,-0.03682946357085669,0.9347319347319347,-0.033734939759036145,0.9218390804597701,-0.04066985645933014,0.8865143699336773,-0.06015625,0.9524940617577197,-0.024330900243309004,0.9748784440842788,-0.01272055806319245,1.067435669920142,0.03261802575107296,0.9925742574257426,-0.0037267080745341614,1.1036697247706422,0.04928041866550371,0.9359073359073359,-0.03310729956122856,0.9417249417249417,-0.030012004801920768,0.9287356321839081,-0.03694874851013111,0.8931466470154753,-0.05644219540677306,0.9596199524940617,-0.020606060606060607,0.9821717990275527,-0.008994276369582993,1.0754214729370009,0.036340316374519024,1.0074812967581048,0.0037267080745341614,1.111926605504587,0.052997393570807995,0.8416988416988417,-0.0859538784067086,0.846930846930847,-0.08287757677745057,0.8352490421455939,-0.08977035490605428,0.8032424465733236,-0.10911319983653453,0.8630245447347585,-0.07352316192095197,0.8833063209076175,-0.06196213425129088,0.9671694764862466,-0.016689219666215605,0.9060681629260183,-0.04928041866550371,0.8993399339933993,-0.052997393570807995
1069,998,1130,1099,1137,1196,1104,1108,1000,1052,7/6/2024,227.47,1.0282074613284804,0.013907581875280395,0.9938434476693052,-0.0030877812086457872,0.9448160535117057,-0.028374892519346516,1.0235507246376812,0.011638316920322292,1.01985559566787,0.009830205540661306,1.13,0.06103286384976526,1.0741444866920151,0.035747021081576534,1.0570626753975678,0.02773988176443838,1.1322645290581161,0.06203007518796992,0.9725663716814159,-0.013907581875280395,0.9665787159190853,-0.01699463327370304,0.9188963210702341,-0.04226579520697168,0.9954710144927537,-0.0022696323195642307,0.9918772563176895,-0.0040779338468509285,1.099,0.04716531681753216,1.0446768060836502,0.02185030218503022,1.0280636108512629,0.013837638376383764,1.1012024048096192,0.04816404387219838,1.0061946902654868,0.0030877812086457872,1.0345768880800728,0.01699463327370304,0.9506688963210702,-0.02528932704672096,1.0298913043478262,0.014725568942436412,1.0261732851985559,0.012917594654788419,1.137,0.06410856340664482,1.0807984790874525,0.03883051621745089,1.0636108512628626,0.030825022665457842,1.1392785571142285,0.06510538641686182,1.0584070796460177,0.028374892519346516,1.0882620564149226,0.04226579520697168,1.051890941072999,0.02528932704672096,1.0833333333333333,0.04,1.0794223826714802,0.03819444444444445,1.196,0.08925318761384335,1.1368821292775666,0.06405693950177936,1.1188026192703462,0.05607064017660044,1.1983967935871744,0.0902461257976299,0.9769911504424779,-0.011638316920322292,1.0045495905368518,0.0022696323195642307,0.9709762532981531,-0.014725568942436412,0.9230769230769231,-0.04,0.9963898916967509,-0.0018083182640144665,1.104,0.049429657794676805,1.049429657794677,0.02411873840445269,1.0327408793264734,0.016106764841233318,1.1062124248496994,0.05042816365366318,0.9805309734513274,-0.009830205540661306,1.008189262966333,0.0040779338468509285,0.9744942832014072,-0.012917594654788419,0.9264214046822743,-0.03819444444444445,1.0036231884057971,0.0018083182640144665,1.108,0.051233396584440226,1.053231939163498,0.025925925925925925,1.0364826941066416,0.017914561322921452,1.1102204408817635,0.052231718898385564,0.8849557522123894,-0.06103286384976526,0.9099181073703366,-0.04716531681753216,0.8795074758135444,-0.06410856340664482,0.8361204013377926,-0.08925318761384335,0.9057971014492754,-0.049429657794676805,0.9025270758122743,-0.051233396584440226,0.9505703422053232,-0.025341130604288498,0.9354536950420954,-0.0333494441759304,1.002004008016032,0.001001001001001001,0.9309734513274336,-0.035747021081576534,0.9572338489535942,-0.02185030218503022,0.9252418645558487,-0.03883051621745089,0.8795986622073578,-0.06405693950177936,0.9528985507246377,-0.02411873840445269,0.9494584837545126,-0.025925925925925925,1.052,0.025341130604288498,0.9840972871842844,-0.008015087223008015,1.0541082164328657,0.026341463414634145,0.9460176991150443,-0.02773988176443838,0.9727024567788899,-0.013837638376383764,0.940193491644679,-0.030825022665457842,0.8938127090301003,-0.05607064017660044,0.9682971014492754,-0.016106764841233318,0.9648014440433214,-0.017914561322921452,1.069,0.0333494441759304,1.0161596958174905,0.008015087223008015,1.0711422845691383,0.0343492985002419,0.8831858407079646,-0.06203007518796992,0.908098271155596,-0.04816404387219838,0.8777484608619174,-0.06510538641686182,0.8344481605351171,-0.0902461257976299,0.9039855072463768,-0.05042816365366318,0.9007220216606499,-0.052231718898385564,0.998,-0.001001001001001001,0.9486692015209125,-0.026341463414634145,0.9335827876520112,-0.0343492985002419
74,48,122,66,62,73,43,57,49,59,10/24/2024,179.54,1.8484848484848484,0.2978723404255319,1.967741935483871,0.32608695652173914,1.6712328767123288,0.2512820512820513,2.8372093023255816,0.47878787878787876,2.1403508771929824,0.36312849162011174,2.489795918367347,0.4269005847953216,2.0677966101694913,0.34806629834254144,1.6486486486486487,0.24489795918367346,2.5416666666666665,0.43529411764705883,0.5409836065573771,-0.2978723404255319,1.064516129032258,0.03125,0.9041095890410958,-0.050359712230215826,1.5348837209302326,0.21100917431192662,1.1578947368421053,0.07317073170731707,1.346938775510204,0.14782608695652175,1.11864406779661,0.056,0.8918918918918919,-0.05714285714285714,1.375,0.15789473684210525,0.5081967213114754,-0.32608695652173914,0.9393939393939394,-0.03125,0.8493150684931506,-0.08148148148148149,1.441860465116279,0.18095238095238095,1.087719298245614,0.04201680672268908,1.2653061224489797,0.11711711711711711,1.0508474576271187,0.024793388429752067,0.8378378378378378,-0.08823529411764706,1.2916666666666667,0.12727272727272726,0.5983606557377049,-0.2512820512820513,1.106060606060606,0.050359712230215826,1.1774193548387097,0.08148148148148149,1.697674418604651,0.25862068965517243,1.280701754385965,0.12307692307692308,1.489795918367347,0.19672131147540983,1.2372881355932204,0.10606060606060606,0.9864864864864865,-0.006802721088435374,1.5208333333333333,0.2066115702479339,0.3524590163934426,-0.47878787878787876,0.6515151515151515,-0.21100917431192662,0.6935483870967742,-0.18095238095238095,0.589041095890411,-0.25862068965517243,0.7543859649122807,-0.14,0.8775510204081632,-0.06521739130434782,0.7288135593220338,-0.1568627450980392,0.581081081081081,-0.26495726495726496,0.8958333333333334,-0.054945054945054944,0.4672131147540984,-0.36312849162011174,0.8636363636363636,-0.07317073170731707,0.9193548387096774,-0.04201680672268908,0.7808219178082192,-0.12307692307692308,1.3255813953488371,0.14,1.163265306122449,0.07547169811320754,0.9661016949152542,-0.017241379310344827,0.7702702702702703,-0.1297709923664122,1.1875,0.08571428571428572,0.4016393442622951,-0.4269005847953216,0.7424242424242424,-0.14782608695652175,0.7903225806451613,-0.11711711711711711,0.6712328767123288,-0.19672131147540983,1.1395348837209303,0.06521739130434782,0.8596491228070176,-0.07547169811320754,0.8305084745762712,-0.09259259259259259,0.6621621621621622,-0.2032520325203252,1.0208333333333333,0.010309278350515464,0.48360655737704916,-0.34806629834254144,0.8939393939393939,-0.056,0.9516129032258065,-0.024793388429752067,0.8082191780821918,-0.10606060606060606,1.372093023255814,0.1568627450980392,1.0350877192982457,0.017241379310344827,1.2040816326530612,0.09259259259259259,0.7972972972972973,-0.11278195488721804,1.2291666666666667,0.102803738317757,0.6065573770491803,-0.24489795918367346,1.121212121212121,0.05714285714285714,1.1935483870967742,0.08823529411764706,1.0136986301369864,0.006802721088435374,1.7209302325581395,0.26495726495726496,1.2982456140350878,0.1297709923664122,1.510204081632653,0.2032520325203252,1.2542372881355932,0.11278195488721804,1.5416666666666667,0.21311475409836064,0.39344262295081966,-0.43529411764705883,0.7272727272727273,-0.15789473684210525,0.7741935483870968,-0.12727272727272726,0.6575342465753424,-0.2066115702479339,1.1162790697674418,0.054945054945054944,0.8421052631578947,-0.08571428571428572,0.9795918367346939,-0.010309278350515464,0.8135593220338984,-0.102803738317757,0.6486486486486487,-0.21311475409836064
71,80,195,129,112,114,99,114,88,104,11/3/2024,188.57,1.5116279069767442,0.2037037037037037,1.7410714285714286,0.2703583061889251,1.7105263157894737,0.2621359223300971,1.9696969696969697,0.32653061224489793,1.7105263157894737,0.2621359223300971,2.215909090909091,0.37809187279151946,1.875,0.30434782608695654,2.7464788732394365,0.46616541353383456,2.4375,0.41818181818181815,0.6615384615384615,-0.2037037037037037,1.1517857142857142,0.07053941908713693,1.131578947368421,0.06172839506172839,1.303030303030303,0.13157894736842105,1.131578947368421,0.06172839506172839,1.4659090909090908,0.1889400921658986,1.2403846153846154,0.1072961373390558,1.8169014084507042,0.29,1.6125,0.23444976076555024,0.5743589743589743,-0.2703583061889251,0.8682170542635659,-0.07053941908713693,0.9824561403508771,-0.008849557522123894,1.1313131313131313,0.061611374407582936,0.9824561403508771,-0.008849557522123894,1.2727272727272727,0.12,1.0769230769230769,0.037037037037037035,1.5774647887323943,0.22404371584699453,1.4,0.16666666666666666,0.5846153846153846,-0.2621359223300971,0.8837209302325582,-0.06172839506172839,1.0178571428571428,0.008849557522123894,1.1515151515151516,0.07042253521126761,1.0,0.0,1.2954545454545454,0.12871287128712872,1.0961538461538463,0.045871559633027525,1.6056338028169015,0.23243243243243245,1.425,0.17525773195876287,0.5076923076923077,-0.32653061224489793,0.7674418604651163,-0.13157894736842105,0.8839285714285714,-0.061611374407582936,0.868421052631579,-0.07042253521126761,0.868421052631579,-0.07042253521126761,1.125,0.058823529411764705,0.9519230769230769,-0.024630541871921183,1.3943661971830985,0.16470588235294117,1.2375,0.10614525139664804,0.5846153846153846,-0.2621359223300971,0.8837209302325582,-0.06172839506172839,1.0178571428571428,0.008849557522123894,1.0,0.0,1.1515151515151516,0.07042253521126761,1.2954545454545454,0.12871287128712872,1.0961538461538463,0.045871559633027525,1.6056338028169015,0.23243243243243245,1.425,0.17525773195876287,0.4512820512820513,-0.37809187279151946,0.6821705426356589,-0.1889400921658986,0.7857142857142857,-0.12,0.7719298245614035,-0.12871287128712872,0.8888888888888888,-0.058823529411764705,0.7719298245614035,-0.12871287128712872,0.8461538461538461,-0.08333333333333333,1.2394366197183098,0.1069182389937107,1.1,0.047619047619047616,0.5333333333333333,-0.30434782608695654,0.8062015503875969,-0.1072961373390558,0.9285714285714286,-0.037037037037037035,0.9122807017543859,-0.045871559633027525,1.0505050505050506,0.024630541871921183,0.9122807017543859,-0.045871559633027525,1.1818181818181819,0.08333333333333333,1.4647887323943662,0.18857142857142858,1.3,0.13043478260869565,0.3641025641025641,-0.46616541353383456,0.5503875968992248,-0.29,0.6339285714285714,-0.22404371584699453,0.6228070175438597,-0.23243243243243245,0.7171717171717171,-0.16470588235294117,0.6228070175438597,-0.23243243243243245,0.8068181818181818,-0.1069182389937107,0.6826923076923077,-0.18857142857142858,0.8875,-0.059602649006622516,0.41025641025641024,-0.41818181818181815,0.6201550387596899,-0.23444976076555024,0.7142857142857143,-0.16666666666666666,0.7017543859649122,-0.17525773195876287,0.8080808080808081,-0.10614525139664804,0.7017543859649122,-0.17525773195876287,0.9090909090909091,-0.047619047619047616,0.7692307692307693,-0.13043478260869565,1.1267605633802817,0.059602649006622516
106,98,89,97,100,99,73,81,115,80,12/8/2024,170.41,0.9175257731958762,-0.043010752688172046,0.89,-0.0582010582010582,0.898989898989899,-0.05319148936170213,1.2191780821917808,0.09876543209876543,1.0987654320987654,0.047058823529411764,0.7739130434782608,-0.12745098039215685,1.1125,0.05325443786982249,0.839622641509434,-0.08717948717948718,0.9081632653061225,-0.0481283422459893,1.0898876404494382,0.043010752688172046,0.97,-0.015228426395939087,0.9797979797979798,-0.01020408163265306,1.3287671232876712,0.1411764705882353,1.1975308641975309,0.0898876404494382,0.8434782608695652,-0.08490566037735849,1.2125,0.096045197740113,0.9150943396226415,-0.04433497536945813,0.9897959183673469,-0.005128205128205128,1.1235955056179776,0.0582010582010582,1.0309278350515463,0.015228426395939087,1.0101010101010102,0.005025125628140704,1.36986301369863,0.15606936416184972,1.2345679012345678,0.10497237569060773,0.8695652173913043,-0.06976744186046512,1.25,0.1111111111111111,0.9433962264150944,-0.02912621359223301,1.0204081632653061,0.010101010101010102,1.1123595505617978,0.05319148936170213,1.0206185567010309,0.01020408163265306,0.99,-0.005025125628140704,1.356164383561644,0.1511627906976744,1.2222222222222223,0.1,0.8608695652173913,-0.07476635514018691,1.2375,0.10614525139664804,0.9339622641509434,-0.03414634146341464,1.010204081632653,0.005076142131979695,0.8202247191011236,-0.09876543209876543,0.7525773195876289,-0.1411764705882353,0.73,-0.15606936416184972,0.7373737373737373,-0.1511627906976744,0.9012345679012346,-0.05194805194805195,0.6347826086956522,-0.22340425531914893,0.9125,-0.0457516339869281,0.6886792452830188,-0.18435754189944134,0.7448979591836735,-0.14619883040935672,0.9101123595505618,-0.047058823529411764,0.8350515463917526,-0.0898876404494382,0.81,-0.10497237569060773,0.8181818181818182,-0.1,1.1095890410958904,0.05194805194805195,0.7043478260869566,-0.17346938775510204,1.0125,0.006211180124223602,0.7641509433962265,-0.13368983957219252,0.826530612244898,-0.09497206703910614,1.2921348314606742,0.12745098039215685,1.1855670103092784,0.08490566037735849,1.15,0.06976744186046512,1.1616161616161615,0.07476635514018691,1.5753424657534247,0.22340425531914893,1.4197530864197532,0.17346938775510204,1.4375,0.1794871794871795,1.0849056603773586,0.04072398190045249,1.1734693877551021,0.07981220657276995,0.898876404494382,-0.05325443786982249,0.8247422680412371,-0.096045197740113,0.8,-0.1111111111111111,0.8080808080808081,-0.10614525139664804,1.095890410958904,0.0457516339869281,0.9876543209876543,-0.006211180124223602,0.6956521739130435,-0.1794871794871795,0.7547169811320755,-0.13978494623655913,0.8163265306122449,-0.10112359550561797,1.1910112359550562,0.08717948717948718,1.092783505154639,0.04433497536945813,1.06,0.02912621359223301,1.0707070707070707,0.03414634146341464,1.452054794520548,0.18435754189944134,1.308641975308642,0.13368983957219252,0.9217391304347826,-0.04072398190045249,1.325,0.13978494623655913,1.0816326530612246,0.0392156862745098,1.101123595505618,0.0481283422459893,1.0103092783505154,0.005128205128205128,0.98,-0.010101010101010102,0.98989898989899,-0.005076142131979695,1.3424657534246576,0.14619883040935672,1.2098765432098766,0.09497206703910614,0.8521739130434782,-0.07981220657276995,1.225,0.10112359550561797,0.9245283018867925,-0.0392156862745098
64,53,138,124,141,143,99,99,90,76,12/13/2024,155.01,1.1129032258064515,0.05343511450381679,0.9787234042553191,-0.010752688172043012,0.965034965034965,-0.017793594306049824,1.393939393939394,0.16455696202531644,1.393939393939394,0.16455696202531644,1.5333333333333334,0.21052631578947367,1.8157894736842106,0.2897196261682243,2.15625,0.36633663366336633,2.6037735849056602,0.44502617801047123,0.8985507246376812,-0.05343511450381679,0.8794326241134752,-0.06415094339622641,0.8671328671328671,-0.07116104868913857,1.2525252525252526,0.11210762331838565,1.2525252525252526,0.11210762331838565,1.3777777777777778,0.1588785046728972,1.631578947368421,0.24,1.9375,0.3191489361702128,2.339622641509434,0.4011299435028249,1.0217391304347827,0.010752688172043012,1.1370967741935485,0.06415094339622641,0.986013986013986,-0.007042253521126761,1.4242424242424243,0.175,1.4242424242424243,0.175,1.5666666666666667,0.22077922077922077,1.855263157894737,0.2995391705069124,2.203125,0.375609756097561,2.660377358490566,0.4536082474226804,1.036231884057971,0.017793594306049824,1.153225806451613,0.07116104868913857,1.0141843971631206,0.007042253521126761,1.4444444444444444,0.18181818181818182,1.4444444444444444,0.18181818181818182,1.5888888888888888,0.22746781115879827,1.881578947368421,0.3059360730593607,2.234375,0.38164251207729466,2.69811320754717,0.45918367346938777,0.717391304347826,-0.16455696202531644,0.7983870967741935,-0.11210762331838565,0.7021276595744681,-0.175,0.6923076923076923,-0.18181818181818182,1.0,0.0,1.1,0.047619047619047616,1.3026315789473684,0.13142857142857142,1.546875,0.2147239263803681,1.8679245283018868,0.3026315789473684,0.717391304347826,-0.16455696202531644,0.7983870967741935,-0.11210762331838565,0.7021276595744681,-0.175,0.6923076923076923,-0.18181818181818182,1.0,0.0,1.1,0.047619047619047616,1.3026315789473684,0.13142857142857142,1.546875,0.2147239263803681,1.8679245283018868,0.3026315789473684,0.6521739130434783,-0.21052631578947367,0.7258064516129032,-0.1588785046728972,0.6382978723404256,-0.22077922077922077,0.6293706293706294,-0.22746781115879827,0.9090909090909091,-0.047619047619047616,0.9090909090909091,-0.047619047619047616,1.1842105263157894,0.08433734939759036,1.40625,0.16883116883116883,1.6981132075471699,0.25874125874125875,0.5507246376811594,-0.2897196261682243,0.6129032258064516,-0.24,0.5390070921985816,-0.2995391705069124,0.5314685314685315,-0.3059360730593607,0.7676767676767676,-0.13142857142857142,0.7676767676767676,-0.13142857142857142,0.8444444444444444,-0.08433734939759036,1.1875,0.08571428571428572,1.4339622641509433,0.17829457364341086,0.463768115942029,-0.36633663366336633,0.5161290322580645,-0.3191489361702128,0.45390070921985815,-0.375609756097561,0.44755244755244755,-0.38164251207729466,0.6464646464646465,-0.2147239263803681,0.6464646464646465,-0.2147239263803681,0.7111111111111111,-0.16883116883116883,0.8421052631578947,-0.08571428571428572,1.2075471698113207,0.09401709401709402,0.38405797101449274,-0.44502617801047123,0.4274193548387097,-0.4011299435028249,0.375886524822695,-0.4536082474226804,0.3706293706293706,-0.45918367346938777,0.5353535353535354,-0.3026315789473684,0.5353535353535354,-0.3026315789473684,0.5888888888888889,-0.25874125874125875,0.6973684210526315,-0.17829457364341086,0.828125,-0.09401709401709402
44,37,87,61,79,63,30,23,12,24,12/23/2024,171.91,1.4262295081967213,0.17567567567567569,1.1012658227848102,0.04819277108433735,1.380952380952381,0.16,2.9,0.48717948717948717,3.782608695652174,0.5818181818181818,7.25,0.7575757575757576,3.625,0.5675675675675675,1.9772727272727273,0.3282442748091603,2.3513513513513513,0.4032258064516129,0.7011494252873564,-0.17567567567567569,0.7721518987341772,-0.12857142857142856,0.9682539682539683,-0.016129032258064516,2.033333333333333,0.34065934065934067,2.652173913043478,0.4523809523809524,5.083333333333333,0.6712328767123288,2.5416666666666665,0.43529411764705883,1.3863636363636365,0.1619047619047619,1.6486486486486487,0.24489795918367346,0.9080459770114943,-0.04819277108433735,1.2950819672131149,0.12857142857142856,1.253968253968254,0.11267605633802817,2.6333333333333333,0.44954128440366975,3.4347826086956523,0.5490196078431373,6.583333333333333,0.7362637362637363,3.2916666666666665,0.5339805825242718,1.7954545454545454,0.2845528455284553,2.135135135135135,0.3620689655172414,0.7241379310344828,-0.16,1.0327868852459017,0.016129032258064516,0.7974683544303798,-0.11267605633802817,2.1,0.3548387096774194,2.739130434782609,0.46511627906976744,5.25,0.68,2.625,0.4482758620689655,1.4318181818181819,0.17757009345794392,1.7027027027027026,0.26,0.3448275862068966,-0.48717948717948717,0.4918032786885246,-0.34065934065934067,0.379746835443038,-0.44954128440366975,0.47619047619047616,-0.3548387096774194,1.3043478260869565,0.1320754716981132,2.5,0.42857142857142855,1.25,0.1111111111111111,0.6818181818181818,-0.1891891891891892,0.8108108108108109,-0.1044776119402985,0.26436781609195403,-0.5818181818181818,0.3770491803278688,-0.4523809523809524,0.2911392405063291,-0.5490196078431373,0.36507936507936506,-0.46511627906976744,0.7666666666666667,-0.1320754716981132,1.9166666666666667,0.3142857142857143,0.9583333333333334,-0.02127659574468085,0.5227272727272727,-0.31343283582089554,0.6216216216216216,-0.23333333333333334,0.13793103448275862,-0.7575757575757576,0.19672131147540983,-0.6712328767123288,0.1518987341772152,-0.7362637362637363,0.19047619047619047,-0.68,0.4,-0.42857142857142855,0.5217391304347826,-0.3142857142857143,0.5,-0.3333333333333333,0.2727272727272727,-0.5714285714285714,0.32432432432432434,-0.5102040816326531,0.27586206896551724,-0.5675675675675675,0.39344262295081966,-0.43529411764705883,0.3037974683544304,-0.5339805825242718,0.38095238095238093,-0.4482758620689655,0.8,-0.1111111111111111,1.0434782608695652,0.02127659574468085,2.0,0.3333333333333333,0.5454545454545454,-0.29411764705882354,0.6486486486486487,-0.21311475409836064,0.5057471264367817,-0.3282442748091603,0.7213114754098361,-0.1619047619047619,0.5569620253164557,-0.2845528455284553,0.6984126984126984,-0.17757009345794392,1.4666666666666666,0.1891891891891892,1.9130434782608696,0.31343283582089554,3.6666666666666665,0.5714285714285714,1.8333333333333333,0.29411764705882354,1.1891891891891893,0.08641975308641975,0.42528735632183906,-0.4032258064516129,0.6065573770491803,-0.24489795918367346,0.46835443037974683,-0.3620689655172414,0.5873015873015873,-0.26,1.2333333333333334,0.1044776119402985,1.608695652173913,0.23333333333333334,3.0833333333333335,0.5102040816326531,1.5416666666666667,0.21311475409836064,0.8409090909090909,-0.08641975308641975
19,21,86,63,67,67,16,25,24,5,1/12/2025,170.02,1.3650793650793651,0.15436241610738255,1.2835820895522387,0.12418300653594772,1.2835820895522387,0.12418300653594772,5.375,0.6862745098039216,3.44,0.5495495495495496,3.5833333333333335,0.5636363636363636,17.2,0.8901098901098901,4.526315789473684,0.638095238095238,4.095238095238095,0.6074766355140186,0.7325581395348837,-0.15436241610738255,0.9402985074626866,-0.03076923076923077,0.9402985074626866,-0.03076923076923077,3.9375,0.5949367088607594,2.52,0.4318181818181818,2.625,0.4482758620689655,12.6,0.8529411764705882,3.3157894736842106,0.5365853658536586,3.0,0.5,0.7790697674418605,-0.12418300653594772,1.0634920634920635,0.03076923076923077,1.0,0.0,4.1875,0.6144578313253012,2.68,0.45652173913043476,2.7916666666666665,0.4725274725274725,13.4,0.8611111111111112,3.526315789473684,0.5581395348837209,3.1904761904761907,0.5227272727272727,0.7790697674418605,-0.12418300653594772,1.0634920634920635,0.03076923076923077,1.0,0.0,4.1875,0.6144578313253012,2.68,0.45652173913043476,2.7916666666666665,0.4725274725274725,13.4,0.8611111111111112,3.526315789473684,0.5581395348837209,3.1904761904761907,0.5227272727272727,0.18604651162790697,-0.6862745098039216,0.25396825396825395,-0.5949367088607594,0.23880597014925373,-0.6144578313253012,0.23880597014925373,-0.6144578313253012,0.64,-0.21951219512195122,0.6666666666666666,-0.2,3.2,0.5238095238095238,0.8421052631578947,-0.08571428571428572,0.7619047619047619,-0.13513513513513514,0.29069767441860467,-0.5495495495495496,0.3968253968253968,-0.4318181818181818,0.373134328358209,-0.45652173913043476,0.373134328358209,-0.45652173913043476,1.5625,0.21951219512195122,1.0416666666666667,0.02040816326530612,5.0,0.6666666666666666,1.3157894736842106,0.13636363636363635,1.1904761904761905,0.08695652173913043,0.27906976744186046,-0.5636363636363636,0.38095238095238093,-0.4482758620689655,0.3582089552238806,-0.4725274725274725,0.3582089552238806,-0.4725274725274725,1.5,0.2,0.96,-0.02040816326530612,4.8,0.6551724137931034,1.263157894736842,0.11627906976744186,1.1428571428571428,0.06666666666666667,0.05813953488372093,-0.8901098901098901,0.07936507936507936,-0.8529411764705882,0.07462686567164178,-0.8611111111111112,0.07462686567164178,-0.8611111111111112,0.3125,-0.5238095238095238,0.2,-0.6666666666666666,0.20833333333333334,-0.6551724137931034,0.2631578947368421,-0.5833333333333334,0.23809523809523808,-0.6153846153846154,0.22093023255813954,-0.638095238095238,0.30158730158730157,-0.5365853658536586,0.2835820895522388,-0.5581395348837209,0.2835820895522388,-0.5581395348837209,1.1875,0.08571428571428572,0.76,-0.13636363636363635,0.7916666666666666,-0.11627906976744186,3.8,0.5833333333333334,0.9047619047619048,-0.05,0.2441860465116279,-0.6074766355140186,0.3333333333333333,-0.5,0.31343283582089554,-0.5227272727272727,0.31343283582089554,-0.5227272727272727,1.3125,0.13513513513513514,0.84,-0.08695652173913043,0.875,-0.06666666666666667,4.2,0.6153846153846154,1.105263157894737,0.05
66,50,81,108,126,123,74,79,55,56,1/27/2025,160.04,0.75,-0.14285714285714285,0.6428571428571429,-0.21739130434782608,0.6585365853658537,-0.20588235294117646,1.0945945945945945,0.04516129032258064,1.0253164556962024,0.0125,1.4727272727272727,0.19117647058823528,1.4464285714285714,0.18248175182481752,1.2272727272727273,0.10204081632653061,1.62,0.2366412213740458,1.3333333333333333,0.14285714285714285,0.8571428571428571,-0.07692307692307693,0.8780487804878049,-0.06493506493506493,1.4594594594594594,0.18681318681318682,1.3670886075949367,0.15508021390374332,1.9636363636363636,0.32515337423312884,1.9285714285714286,0.3170731707317073,1.6363636363636365,0.2413793103448276,2.16,0.3670886075949367,1.5555555555555556,0.21739130434782608,1.1666666666666667,0.07692307692307693,1.024390243902439,0.012048192771084338,1.7027027027027026,0.26,1.5949367088607596,0.22926829268292684,2.290909090909091,0.39226519337016574,2.25,0.38461538461538464,1.9090909090909092,0.3125,2.52,0.4318181818181818,1.5185185185185186,0.20588235294117646,1.1388888888888888,0.06493506493506493,0.9761904761904762,-0.012048192771084338,1.662162162162162,0.24873096446700507,1.5569620253164558,0.21782178217821782,2.2363636363636363,0.38202247191011235,2.1964285714285716,0.3743016759776536,1.8636363636363635,0.30158730158730157,2.46,0.42196531791907516,0.9135802469135802,-0.04516129032258064,0.6851851851851852,-0.18681318681318682,0.5873015873015873,-0.26,0.6016260162601627,-0.24873096446700507,0.9367088607594937,-0.032679738562091505,1.3454545454545455,0.14728682170542637,1.3214285714285714,0.13846153846153847,1.121212121212121,0.05714285714285714,1.48,0.1935483870967742,0.9753086419753086,-0.0125,0.7314814814814815,-0.15508021390374332,0.626984126984127,-0.22926829268292684,0.6422764227642277,-0.21782178217821782,1.0675675675675675,0.032679738562091505,1.4363636363636363,0.1791044776119403,1.4107142857142858,0.17037037037037037,1.196969696969697,0.0896551724137931,1.58,0.2248062015503876,0.6790123456790124,-0.19117647058823528,0.5092592592592593,-0.32515337423312884,0.4365079365079365,-0.39226519337016574,0.44715447154471544,-0.38202247191011235,0.7432432432432432,-0.14728682170542637,0.6962025316455697,-0.1791044776119403,0.9821428571428571,-0.009009009009009009,0.8333333333333334,-0.09090909090909091,1.1,0.047619047619047616,0.691358024691358,-0.18248175182481752,0.5185185185185185,-0.3170731707317073,0.4444444444444444,-0.38461538461538464,0.45528455284552843,-0.3743016759776536,0.7567567567567568,-0.13846153846153847,0.7088607594936709,-0.17037037037037037,1.018181818181818,0.009009009009009009,0.8484848484848485,-0.08196721311475409,1.12,0.05660377358490566,0.8148148148148148,-0.10204081632653061,0.6111111111111112,-0.2413793103448276,0.5238095238095238,-0.3125,0.5365853658536586,-0.30158730158730157,0.8918918918918919,-0.05714285714285714,0.8354430379746836,-0.0896551724137931,1.2,0.09090909090909091,1.1785714285714286,0.08196721311475409,1.32,0.13793103448275862,0.6172839506172839,-0.2366412213740458,0.46296296296296297,-0.3670886075949367,0.3968253968253968,-0.4318181818181818,0.4065040650406504,-0.42196531791907516,0.6756756756756757,-0.1935483870967742,0.6329113924050633,-0.2248062015503876,0.9090909090909091,-0.047619047619047616,0.8928571428571429,-0.05660377358490566,0.7575757575757576,-0.13793103448275862
71,28,159,172,155,167,98,80,76,71,2/6/2025,145.71,0.9244186046511628,-0.03927492447129909,1.0258064516129033,0.012738853503184714,0.9520958083832335,-0.024539877300613498,1.6224489795918366,0.23735408560311283,1.9875,0.3305439330543933,2.0921052631578947,0.35319148936170214,2.23943661971831,0.3826086956521739,2.23943661971831,0.3826086956521739,5.678571428571429,0.7005347593582888,1.0817610062893082,0.03927492447129909,1.1096774193548387,0.05198776758409786,1.029940119760479,0.014749262536873156,1.7551020408163265,0.2740740740740741,2.15,0.36507936507936506,2.263157894736842,0.3870967741935484,2.4225352112676055,0.4156378600823045,2.4225352112676055,0.4156378600823045,6.142857142857143,0.72,0.9748427672955975,-0.012738853503184714,0.9011627906976745,-0.05198776758409786,0.9281437125748503,-0.037267080745341616,1.5816326530612246,0.22529644268774704,1.9375,0.3191489361702128,2.039473684210526,0.341991341991342,2.183098591549296,0.37168141592920356,2.183098591549296,0.37168141592920356,5.535714285714286,0.6939890710382514,1.050314465408805,0.024539877300613498,0.9709302325581395,-0.014749262536873156,1.0774193548387097,0.037267080745341616,1.7040816326530612,0.26037735849056604,2.0875,0.3522267206477733,2.1973684210526314,0.37448559670781895,2.352112676056338,0.40336134453781514,2.352112676056338,0.40336134453781514,5.964285714285714,0.7128205128205128,0.6163522012578616,-0.23735408560311283,0.5697674418604651,-0.2740740740740741,0.632258064516129,-0.22529644268774704,0.5868263473053892,-0.26037735849056604,1.225,0.10112359550561797,1.2894736842105263,0.12643678160919541,1.380281690140845,0.15976331360946747,1.380281690140845,0.15976331360946747,3.5,0.5555555555555556,0.5031446540880503,-0.3305439330543933,0.46511627906976744,-0.36507936507936506,0.5161290322580645,-0.3191489361702128,0.47904191616766467,-0.3522267206477733,0.8163265306122449,-0.10112359550561797,1.0526315789473684,0.02564102564102564,1.1267605633802817,0.059602649006622516,1.1267605633802817,0.059602649006622516,2.857142857142857,0.48148148148148145,0.4779874213836478,-0.35319148936170214,0.4418604651162791,-0.3870967741935484,0.49032258064516127,-0.341991341991342,0.4550898203592814,-0.37448559670781895,0.7755102040816326,-0.12643678160919541,0.95,-0.02564102564102564,1.0704225352112675,0.034013605442176874,1.0704225352112675,0.034013605442176874,2.7142857142857144,0.46153846153846156,0.44654088050314467,-0.3826086956521739,0.4127906976744186,-0.4156378600823045,0.45806451612903226,-0.37168141592920356,0.4251497005988024,-0.40336134453781514,0.7244897959183674,-0.15976331360946747,0.8875,-0.059602649006622516,0.9342105263157895,-0.034013605442176874,1.0,0.0,2.5357142857142856,0.43434343434343436,0.44654088050314467,-0.3826086956521739,0.4127906976744186,-0.4156378600823045,0.45806451612903226,-0.37168141592920356,0.4251497005988024,-0.40336134453781514,0.7244897959183674,-0.15976331360946747,0.8875,-0.059602649006622516,0.9342105263157895,-0.034013605442176874,1.0,0.0,2.5357142857142856,0.43434343434343436,0.1761006289308176,-0.7005347593582888,0.16279069767441862,-0.72,0.18064516129032257,-0.6939890710382514,0.16766467065868262,-0.7128205128205128,0.2857142857142857,-0.5555555555555556,0.35,-0.48148148148148145,0.3684210526315789,-0.46153846153846156,0.39436619718309857,-0.43434343434343436,0.39436619718309857,-0.43434343434343436
153,134,307,272,265,295,225,237,208,206,3/13/2025,135.61,1.1286764705882353,0.06044905008635579,1.1584905660377358,0.07342657342657342,1.040677966101695,0.019933554817275746,1.3644444444444443,0.15413533834586465,1.2953586497890295,0.12867647058823528,1.4759615384615385,0.19223300970873786,1.4902912621359223,0.1968810916179337,2.0065359477124183,0.3347826086956522,2.291044776119403,0.3922902494331066,0.8859934853420195,-0.06044905008635579,1.0264150943396226,0.01303538175046555,0.9220338983050848,-0.04056437389770723,1.208888888888889,0.09456740442655935,1.1476793248945147,0.068762278978389,1.3076923076923077,0.13333333333333333,1.3203883495145632,0.13807531380753138,1.7777777777777777,0.28,2.029850746268657,0.3399014778325123,0.8631921824104235,-0.07342657342657342,0.9742647058823529,-0.01303538175046555,0.8983050847457628,-0.05357142857142857,1.1777777777777778,0.08163265306122448,1.1181434599156117,0.055776892430278883,1.2740384615384615,0.12050739957716702,1.2864077669902914,0.12526539278131635,1.7320261437908497,0.2679425837320574,1.9776119402985075,0.3283208020050125,0.9609120521172638,-0.019933554817275746,1.0845588235294117,0.04056437389770723,1.1132075471698113,0.05357142857142857,1.3111111111111111,0.1346153846153846,1.2447257383966244,0.10902255639097744,1.4182692307692308,0.17296222664015903,1.4320388349514563,0.17764471057884232,1.9281045751633987,0.3169642857142857,2.201492537313433,0.3752913752913753,0.7328990228013029,-0.15413533834586465,0.8272058823529411,-0.09456740442655935,0.8490566037735849,-0.08163265306122448,0.7627118644067796,-0.1346153846153846,0.9493670886075949,-0.025974025974025976,1.0817307692307692,0.03926096997690531,1.0922330097087378,0.04408352668213457,1.4705882352941178,0.19047619047619047,1.6791044776119404,0.25348189415041783,0.7719869706840391,-0.12867647058823528,0.8713235294117647,-0.068762278978389,0.8943396226415095,-0.055776892430278883,0.8033898305084746,-0.10902255639097744,1.0533333333333332,0.025974025974025976,1.1394230769230769,0.0651685393258427,1.1504854368932038,0.06997742663656885,1.5490196078431373,0.2153846153846154,1.7686567164179106,0.2776280323450135,0.6775244299674267,-0.19223300970873786,0.7647058823529411,-0.13333333333333333,0.7849056603773585,-0.12050739957716702,0.7050847457627119,-0.17296222664015903,0.9244444444444444,-0.03926096997690531,0.8776371308016878,-0.0651685393258427,1.0097087378640777,0.004830917874396135,1.3594771241830066,0.1523545706371191,1.5522388059701493,0.21637426900584794,0.6710097719869706,-0.1968810916179337,0.7573529411764706,-0.13807531380753138,0.7773584905660378,-0.12526539278131635,0.6983050847457627,-0.17764471057884232,0.9155555555555556,-0.04408352668213457,0.869198312236287,-0.06997742663656885,0.9903846153846154,-0.004830917874396135,1.34640522875817,0.14763231197771587,1.537313432835821,0.21176470588235294,0.498371335504886,-0.3347826086956522,0.5625,-0.28,0.5773584905660377,-0.2679425837320574,0.5186440677966102,-0.3169642857142857,0.68,-0.19047619047619047,0.6455696202531646,-0.2153846153846154,0.7355769230769231,-0.1523545706371191,0.7427184466019418,-0.14763231197771587,1.1417910447761195,0.06620209059233449,0.4364820846905538,-0.3922902494331066,0.49264705882352944,-0.3399014778325123,0.5056603773584906,-0.3283208020050125,0.4542372881355932,-0.3752913752913753,0.5955555555555555,-0.25348189415041783,0.5654008438818565,-0.2776280323450135,0.6442307692307693,-0.21637426900584794,0.6504854368932039,-0.21176470588235294,0.8758169934640523,-0.06620209059233449
138,112,457,416,363,386,367,290,319,300,3/18/2025,125.43,1.0985576923076923,0.046964490263459335,1.258953168044077,0.11463414634146342,1.1839378238341969,0.08422301304863583,1.2452316076294279,0.10922330097087378,1.5758620689655172,0.22356091030789826,1.432601880877743,0.17783505154639176,1.5233333333333334,0.2073976221928666,3.3115942028985508,0.5361344537815126,4.080357142857143,0.6063268892794376,0.9102844638949672,-0.046964490263459335,1.1460055096418733,0.06803594351732992,1.077720207253886,0.03740648379052369,1.1335149863760219,0.06257982120051085,1.4344827586206896,0.17847025495750707,1.3040752351097178,0.13197278911564625,1.3866666666666667,0.16201117318435754,3.0144927536231885,0.5018050541516246,3.7142857142857144,0.5757575757575758,0.7943107221006565,-0.11463414634146342,0.8725961538461539,-0.06803594351732992,0.9404145077720207,-0.030707610146862484,0.989100817438692,-0.005479452054794521,1.2517241379310344,0.11179173047473201,1.1379310344827587,0.06451612903225806,1.21,0.09502262443438914,2.630434782608696,0.4491017964071856,3.2410714285714284,0.5284210526315789,0.8446389496717724,-0.08422301304863583,0.9278846153846154,-0.03740648379052369,1.0633608815426998,0.030707610146862484,1.0517711171662125,0.025232403718459494,1.3310344827586207,0.14201183431952663,1.2100313479623825,0.0950354609929078,1.2866666666666666,0.12536443148688048,2.7971014492753623,0.4732824427480916,3.4464285714285716,0.5502008032128514,0.8030634573304157,-0.10922330097087378,0.8822115384615384,-0.06257982120051085,1.0110192837465564,0.005479452054794521,0.9507772020725389,-0.025232403718459494,1.2655172413793103,0.1171993911719939,1.1504702194357366,0.06997084548104957,1.2233333333333334,0.10044977511244378,2.6594202898550723,0.4534653465346535,3.2767857142857144,0.5323590814196242,0.6345733041575492,-0.22356091030789826,0.6971153846153846,-0.17847025495750707,0.7988980716253443,-0.11179173047473201,0.7512953367875648,-0.14201183431952663,0.7901907356948229,-0.1171993911719939,0.9090909090909091,-0.047619047619047616,0.9666666666666667,-0.01694915254237288,2.101449275362319,0.35514018691588783,2.5892857142857144,0.4427860696517413,0.6980306345733042,-0.17783505154639176,0.7668269230769231,-0.13197278911564625,0.8787878787878788,-0.06451612903225806,0.8264248704663213,-0.0950354609929078,0.8692098092643051,-0.06997084548104957,1.1,0.047619047619047616,1.0633333333333332,0.030694668820678513,2.3115942028985508,0.39606126914660833,2.8482142857142856,0.4802784222737819,0.6564551422319475,-0.2073976221928666,0.7211538461538461,-0.16201117318435754,0.8264462809917356,-0.09502262443438914,0.7772020725388601,-0.12536443148688048,0.8174386920980926,-0.10044977511244378,1.0344827586206897,0.01694915254237288,0.9404388714733543,-0.030694668820678513,2.1739130434782608,0.3698630136986301,2.6785714285714284,0.4563106796116505,0.30196936542669583,-0.5361344537815126,0.3317307692307692,-0.5018050541516246,0.38016528925619836,-0.4491017964071856,0.35751295336787564,-0.4732824427480916,0.3760217983651226,-0.4534653465346535,0.47586206896551725,-0.35514018691588783,0.43260188087774293,-0.39606126914660833,0.46,-0.3698630136986301,1.2321428571428572,0.104,0.24507658643326038,-0.6063268892794376,0.2692307692307692,-0.5757575757575758,0.3085399449035813,-0.5284210526315789,0.29015544041450775,-0.5502008032128514,0.30517711171662126,-0.5323590814196242,0.38620689655172413,-0.4427860696517413,0.3510971786833856,-0.4802784222737819,0.37333333333333335,-0.4563106796116505,0.8115942028985508,-0.104
511,447,638,642,673,681,616,625,623,598,4/12/2025,121.38,0.9937694704049844,-0.003125,0.9479940564635958,-0.02669717772692601,0.9368575624082232,-0.032600454890068235,1.0357142857142858,0.017543859649122806,1.0208,0.010292953285827395,1.0240770465489566,0.011895321173671689,1.0668896321070234,0.032362459546925564,1.24853228962818,0.11053089643167972,1.4272930648769575,0.17603686635944701,1.006269592476489,0.003125,0.9539375928677564,-0.023574144486692015,0.9427312775330396,-0.02947845804988662,1.0422077922077921,0.02066772655007949,1.0272,0.013417521704814523,1.0304975922953452,0.015019762845849802,1.0735785953177257,0.035483870967741936,1.2563600782778865,0.11361665221162186,1.436241610738255,0.1790633608815427,1.054858934169279,0.02669717772692601,1.0482866043613708,0.023574144486692015,0.9882525697503671,-0.005908419497784343,1.0925324675324675,0.04422032583397983,1.0768,0.03697996918335902,1.0802568218298556,0.038580246913580245,1.125418060200669,0.059008654602675056,1.3170254403131116,0.13682432432432431,1.505592841163311,0.2017857142857143,1.067398119122257,0.032600454890068235,1.060747663551402,0.02947845804988662,1.011887072808321,0.005908419497784343,1.1055194805194806,0.05011565150346955,1.0896,0.042879019908116385,1.0930979133226324,0.04447852760736196,1.1387959866220736,0.06489444878811572,1.3326810176125246,0.14261744966442952,1.523489932885906,0.2074468085106383,0.9655172413793104,-0.017543859649122806,0.9595015576323987,-0.02066772655007949,0.9153046062407132,-0.04422032583397983,0.9045521292217328,-0.05011565150346955,0.9856,-0.007252215954875101,0.9887640449438202,-0.005649717514124294,1.0301003344481605,0.014827018121911038,1.2054794520547945,0.09316770186335403,1.378076062639821,0.1589840075258702,0.9796238244514106,-0.010292953285827395,0.9735202492211839,-0.013417521704814523,0.9286775631500743,-0.03697996918335902,0.9177679882525698,-0.042879019908116385,1.0146103896103895,0.007252215954875101,1.0032102728731942,0.0016025641025641025,1.0451505016722409,0.022076860179885527,1.2230919765166341,0.10035211267605634,1.3982102908277405,0.166044776119403,0.9764890282131662,-0.011895321173671689,0.9704049844236761,-0.015019762845849802,0.9257057949479941,-0.038580246913580245,0.9148311306901615,-0.04447852760736196,1.0113636363636365,0.005649717514124294,0.9968,-0.0016025641025641025,1.0418060200668897,0.020475020475020474,1.2191780821917808,0.09876543209876543,1.3937360178970917,0.16448598130841122,0.9373040752351097,-0.032362459546925564,0.9314641744548287,-0.035483870967741936,0.888558692421991,-0.059008654602675056,0.8781204111600588,-0.06489444878811572,0.9707792207792207,-0.014827018121911038,0.9568,-0.022076860179885527,0.9598715890850722,-0.020475020475020474,1.1702544031311155,0.07844905320108206,1.337807606263982,0.1444976076555024,0.8009404388714734,-0.11053089643167972,0.7959501557632399,-0.11361665221162186,0.7592867756315007,-0.13682432432432431,0.750367107195301,-0.14261744966442952,0.8295454545454546,-0.09316770186335403,0.8176,-0.10035211267605634,0.8202247191011236,-0.09876543209876543,0.8545150501672241,-0.07844905320108206,1.1431767337807606,0.06680584551148225,0.700626959247649,-0.17603686635944701,0.6962616822429907,-0.1790633608815427,0.6641901931649331,-0.2017857142857143,0.6563876651982379,-0.2074468085106383,0.7256493506493507,-0.1589840075258702,0.7152,-0.166044776119403,0.7174959871589085,-0.16448598130841122,0.7474916387959866,-0.1444976076555024,0.8747553816046967,-0.06680584551148225
558,473,649,658,643,644,592,611,589,602,4/17/2025,123.34,0.986322188449848,-0.006885998469778117,1.009331259720062,0.0046439628482972135,1.0077639751552796,0.0038669760247486465,1.0962837837837838,0.04593070104754231,1.0621931260229132,0.03015873015873016,1.101867572156197,0.048465266558966075,1.0780730897009967,0.037569944044764186,1.1630824372759856,0.07539353769676885,1.372093023255814,0.1568627450980392,1.0138674884437597,0.006885998469778117,1.0233281493001556,0.011529592621060722,1.0217391304347827,0.010752688172043012,1.1114864864864864,0.0528,1.0769230769230769,0.037037037037037035,1.1171477079796266,0.05533279871692061,1.0930232558139534,0.044444444444444446,1.17921146953405,0.08223684210526316,1.3911205073995772,0.16357206012378425,0.9907550077041603,-0.0046439628482972135,0.9772036474164134,-0.011529592621060722,0.9984472049689441,-0.000777000777000777,1.0861486486486487,0.04129554655870445,1.0523731587561376,0.025518341307814992,1.0916808149405772,0.04383116883116883,1.0681063122923589,0.03293172690763052,1.1523297491039426,0.07077435470441298,1.3594080338266386,0.15232974910394265,0.9922958397534669,-0.0038669760247486465,0.9787234042553191,-0.010752688172043012,1.0015552099533438,0.000777000777000777,1.087837837837838,0.042071197411003236,1.0540098199672667,0.026294820717131476,1.0933786078098473,0.04460665044606651,1.069767441860465,0.033707865168539325,1.1541218637992832,0.07154742096505824,1.3615221987315012,0.153088630259624,0.9121725731895224,-0.04593070104754231,0.8996960486322189,-0.0528,0.9206842923794712,-0.04129554655870445,0.9192546583850931,-0.042071197411003236,0.9689034369885434,-0.015793848711554447,1.0050933786078098,0.002540220152413209,0.9833887043189369,-0.008375209380234505,1.060931899641577,0.029565217391304348,1.251585623678647,0.11173708920187793,0.9414483821263482,-0.03015873015873016,0.9285714285714286,-0.037037037037037035,0.9502332814930016,-0.025518341307814992,0.9487577639751553,-0.026294820717131476,1.0320945945945945,0.015793848711554447,1.0373514431239388,0.018333333333333333,1.0149501661129567,0.00741962077493817,1.0949820788530467,0.045337895637296836,1.291754756871036,0.12730627306273062,0.9075500770416025,-0.048465266558966075,0.8951367781155015,-0.05533279871692061,0.9160186625194401,-0.04383116883116883,0.9145962732919255,-0.04460665044606651,0.9949324324324325,-0.002540220152413209,0.9639934533551555,-0.018333333333333333,0.978405315614618,-0.0109151973131822,1.0555555555555556,0.02702702702702703,1.245243128964059,0.10922787193973635,0.9275808936825886,-0.037569944044764186,0.9148936170212766,-0.044444444444444446,0.9362363919129082,-0.03293172690763052,0.9347826086956522,-0.033707865168539325,1.0168918918918919,0.008375209380234505,0.9852700490998363,-0.00741962077493817,1.0220713073005094,0.0109151973131822,1.0788530465949822,0.03793103448275862,1.2727272727272727,0.12,0.8597842835130971,-0.07539353769676885,0.8480243161094225,-0.08223684210526316,0.8678071539657853,-0.07077435470441298,0.8664596273291926,-0.07154742096505824,0.9425675675675675,-0.029565217391304348,0.9132569558101473,-0.045337895637296836,0.9473684210526315,-0.02702702702702703,0.9269102990033222,-0.03793103448275862,1.1797040169133193,0.08244422890397672,0.7288135593220338,-0.1568627450980392,0.7188449848024316,-0.16357206012378425,0.7356143079315708,-0.15232974910394265,0.734472049689441,-0.153088630259624,0.7989864864864865,-0.11173708920187793,0.7741407528641571,-0.12730627306273062,0.8030560271646859,-0.10922787193973635,0.7857142857142857,-0.12,0.8476702508960573,-0.08244422890397672
488,445,649,635,666,634,620,563,537,518,4/27/2025,119.15,1.022047244094488,0.010903426791277258,0.9744744744744744,-0.012927756653992395,1.023659305993691,0.011691348402182385,1.0467741935483872,0.022852639873916468,1.152753108348135,0.07095709570957096,1.2085661080074488,0.09443507588532883,1.252895752895753,0.11225364181662383,1.3299180327868851,0.14160070360598065,1.4584269662921348,0.18647166361974407,0.9784283513097073,-0.010903426791277258,0.9534534534534534,-0.02382782475019216,1.001577287066246,0.0007880220646178094,1.0241935483870968,0.01195219123505976,1.1278863232682061,0.06010016694490818,1.1824953445065176,0.08361774744027303,1.225868725868726,0.10147441457068516,1.3012295081967213,0.13089937666963491,1.4269662921348314,0.17592592592592593,1.0261941448382126,0.012927756653992395,1.0488188976377952,0.02382782475019216,1.0504731861198737,0.024615384615384615,1.0741935483870968,0.03576982892690513,1.1829484902309058,0.0838079739625712,1.2402234636871508,0.10723192019950124,1.2857142857142858,0.125,1.3647540983606556,0.15424610051993068,1.496629213483146,0.19891989198919893,0.9768875192604006,-0.011691348402182385,0.9984251968503937,-0.0007880220646178094,0.9519519519519519,-0.024615384615384615,1.0225806451612902,0.011164274322169059,1.1261101243339253,0.059314954051796154,1.180633147113594,0.08283518360375747,1.223938223938224,0.10069444444444445,1.2991803278688525,0.13012477718360071,1.4247191011235956,0.17516218721038,0.9553158705701078,-0.022852639873916468,0.9763779527559056,-0.01195219123505976,0.9309309309309309,-0.03576982892690513,0.9779179810725552,-0.011164274322169059,1.1012433392539964,0.04818258664412511,1.1545623836126628,0.07173725151253241,1.196911196911197,0.08963093145869948,1.2704918032786885,0.11913357400722022,1.3932584269662922,0.1643192488262911,0.8674884437596302,-0.07095709570957096,0.8866141732283465,-0.06010016694490818,0.8453453453453453,-0.0838079739625712,0.88801261829653,-0.059314954051796154,0.9080645161290323,-0.04818258664412511,1.048417132216015,0.023636363636363636,1.0868725868725868,0.041628122109158186,1.153688524590164,0.071360608943863,1.2651685393258427,0.11706349206349206,0.827426810477658,-0.09443507588532883,0.8456692913385827,-0.08361774744027303,0.8063063063063063,-0.10723192019950124,0.8470031545741324,-0.08283518360375747,0.8661290322580645,-0.07173725151253241,0.9538188277087034,-0.023636363636363636,1.0366795366795367,0.01800947867298578,1.1004098360655739,0.04780487804878049,1.2067415730337079,0.09368635437881874,0.7981510015408321,-0.11225364181662383,0.815748031496063,-0.10147441457068516,0.7777777777777778,-0.125,0.8170347003154574,-0.10069444444444445,0.8354838709677419,-0.08963093145869948,0.9200710479573713,-0.041628122109158186,0.9646182495344506,-0.01800947867298578,1.0614754098360655,0.02982107355864811,1.1640449438202247,0.07580477673935618,0.7519260400616333,-0.14160070360598065,0.768503937007874,-0.13089937666963491,0.7327327327327328,-0.15424610051993068,0.7697160883280757,-0.13012477718360071,0.7870967741935484,-0.11913357400722022,0.866785079928952,-0.071360608943863,0.9087523277467412,-0.04780487804878049,0.9420849420849421,-0.02982107355864811,1.0966292134831461,0.04608788853161844,0.6856702619414484,-0.18647166361974407,0.7007874015748031,-0.17592592592592593,0.6681681681681682,-0.19891989198919893,0.7018927444794952,-0.17516218721038,0.717741935483871,-0.1643192488262911,0.7904085257548845,-0.11706349206349206,0.8286778398510242,-0.09368635437881874,0.859073359073359,-0.07580477673935618,0.9118852459016393,-0.04608788853161844
1513,1280,1662,1679,1674,1746,1571,1549,1485,1520,6/16/2025,131.91,0.9898749255509232,-0.0050882969170906915,0.992831541218638,-0.0035971223021582736,0.9518900343642611,-0.02464788732394366,1.0579248886059835,0.028147231673368387,1.0729502905100066,0.03519152911865463,1.1191919191919193,0.05624404194470925,1.0934210526315788,0.044626021370207415,1.098479841374752,0.04692913385826772,1.2984375,0.12984364377974167,1.010228640192539,0.0050882969170906915,1.0029868578255674,0.0014912019087384432,0.9616265750286369,-0.01956204379562044,1.0687460216422662,0.03323076923076923,1.0839251129761136,0.040272614622057,1.1306397306397307,0.06131479140328698,1.1046052631578946,0.04970303219756174,1.1097157964309319,0.05200501253132832,1.31171875,0.13484285231497128,1.0072202166064983,0.0035971223021582736,0.9970220369267421,-0.0014912019087384432,0.9587628865979382,-0.021052631578947368,1.0655633354551242,0.03174114021571649,1.080697224015494,0.03878374185541421,1.1272727272727272,0.05982905982905983,1.1013157894736842,0.048215403882279274,1.1064111037673496,0.05051772827110135,1.3078125,0.13337846987136087,1.0505415162454874,0.02464788732394366,1.0399047051816557,0.01956204379562044,1.043010752688172,0.021052631578947368,1.1113940165499683,0.052758516731986733,1.1271788250484183,0.05978755690440061,1.1757575757575758,0.0807799442896936,1.1486842105263158,0.06919779546846296,1.1539986781229346,0.0714943234120896,1.3640625,0.15399867812293458,0.9452466907340553,-0.028147231673368387,0.9356759976176295,-0.03323076923076923,0.9384707287933094,-0.03174114021571649,0.8997709049255441,-0.052758516731986733,1.014202711426727,0.007051282051282051,1.057912457912458,0.0281413612565445,1.0335526315789474,0.01649951472015529,1.0383344348975545,0.01880674448767834,1.22734375,0.10206944931602946,0.9320096269554753,-0.03519152911865463,0.9225729600952948,-0.040272614622057,0.9253285543608124,-0.03878374185541421,0.8871706758304696,-0.05978755690440061,0.9859961807765755,-0.007051282051282051,1.043097643097643,0.02109426499670402,1.019078947368421,0.009449332029977192,1.0237937871777925,0.011757021554539516,1.21015625,0.09508660303994344,0.8935018050541517,-0.05624404194470925,0.8844550327575939,-0.06131479140328698,0.8870967741935484,-0.05982905982905983,0.8505154639175257,-0.0807799442896936,0.9452577975811585,-0.0281413612565445,0.9586830213040671,-0.02109426499670402,0.9769736842105263,-0.011647254575707155,0.9814937210839392,-0.009339559706470981,1.16015625,0.07414104882459313,0.914560770156438,-0.044626021370207415,0.905300774270399,-0.04970303219756174,0.9080047789725209,-0.048215403882279274,0.870561282932417,-0.06919779546846296,0.9675366008911521,-0.01649951472015529,0.9812782440284055,-0.009449332029977192,1.0235690235690236,0.011647254575707155,1.004626569729015,0.0023079459281239697,1.1875,0.08571428571428572,0.9103489771359807,-0.04692913385826772,0.901131625967838,-0.05200501253132832,0.9038231780167264,-0.05051772827110135,0.8665521191294387,-0.0714943234120896,0.9630808402291534,-0.01880674448767834,0.9767591994835377,-0.011757021554539516,1.018855218855219,0.009339559706470981,0.9953947368421052,-0.0023079459281239697,1.18203125,0.08342284282133906,0.7701564380264742,-0.12984364377974167,0.7623585467540203,-0.13484285231497128,0.7646356033452808,-0.13337846987136087,0.7331042382588774,-0.15399867812293458,0.8147676639083387,-0.10206944931602946,0.8263395739186572,-0.09508660303994344,0.8619528619528619,-0.07414104882459313,0.8421052631578947,-0.08571428571428572,0.8460013218770654,-0.08342284282133906
623,537,578,596,612,654,585,613,576,679,7/26/2025,158.52,0.9697986577181208,-0.015332197614991482,0.9444444444444444,-0.02857142857142857,0.8837920489296636,-0.06168831168831169,0.9880341880341881,-0.0060189165950128975,0.9429037520391517,-0.02938706968933669,1.0034722222222223,0.0017331022530329288,0.8512518409425626,-0.08035003977724742,0.92776886035313,-0.03746877601998335,1.0763500931098697,0.036771300448430494,1.0311418685121108,0.015332197614991482,0.9738562091503268,-0.013245033112582781,0.9113149847094801,-0.0464,1.0188034188034187,0.009314140558848433,0.9722675367047309,-0.014061207609594707,1.0347222222222223,0.017064846416382253,0.8777614138438881,-0.06509803921568627,0.956661316211878,-0.022149302707136997,1.1098696461824953,0.05207413945278023,1.0588235294117647,0.02857142857142857,1.0268456375838926,0.013245033112582781,0.9357798165137615,-0.03317535545023697,1.0461538461538462,0.022556390977443608,0.99836867862969,-0.0008163265306122449,1.0625,0.030303030303030304,0.9013254786450663,-0.051897753679318356,0.9823434991974318,-0.008906882591093117,1.1396648044692737,0.06527415143603134,1.1314878892733564,0.06168831168831169,1.0973154362416107,0.0464,1.0686274509803921,0.03317535545023697,1.117948717948718,0.05569007263922518,1.066884176182708,0.03235990528808208,1.1354166666666667,0.06341463414634146,0.9631811487481591,-0.018754688672168042,1.0497592295345104,0.02427564604541895,1.217877094972067,0.0982367758186398,1.0121107266435987,0.0060189165950128975,0.9815436241610739,-0.009314140558848433,0.9558823529411765,-0.022556390977443608,0.8944954128440367,-0.05569007263922518,0.9543230016313213,-0.02337228714524207,1.015625,0.007751937984496124,0.8615611192930781,-0.07436708860759493,0.9390048154093098,-0.03145695364238411,1.089385474860335,0.0427807486631016,1.060553633217993,0.02938706968933669,1.028523489932886,0.014061207609594707,1.0016339869281046,0.0008163265306122449,0.9373088685015291,-0.03235990528808208,1.047863247863248,0.02337228714524207,1.0642361111111112,0.031118587047939444,0.9027982326951399,-0.05108359133126935,0.9839486356340289,-0.008090614886731391,1.1415270018621975,0.06608695652173913,0.9965397923875432,-0.0017331022530329288,0.9664429530201343,-0.017064846416382253,0.9411764705882353,-0.030303030303030304,0.8807339449541285,-0.06341463414634146,0.9846153846153847,-0.007751937984496124,0.9396411092985318,-0.031118587047939444,0.8483063328424153,-0.08207171314741035,0.9245585874799358,-0.03919933277731443,1.0726256983240223,0.03504043126684636,1.1747404844290656,0.08035003977724742,1.139261744966443,0.06509803921568627,1.1094771241830066,0.051897753679318356,1.0382262996941896,0.018754688672168042,1.1606837606837608,0.07436708860759493,1.1076672104404568,0.05108359133126935,1.1788194444444444,0.08207171314741035,1.0898876404494382,0.043010752688172046,1.2644320297951583,0.11677631578947369,1.0778546712802768,0.03746877601998335,1.0453020134228188,0.022149302707136997,1.0179738562091503,0.008906882591093117,0.9525993883792049,-0.02427564604541895,1.064957264957265,0.03145695364238411,1.0163132137030995,0.008090614886731391,1.0815972222222223,0.03919933277731443,0.9175257731958762,-0.043010752688172046,1.1601489757914338,0.07413793103448275,0.9290657439446367,-0.036771300448430494,0.9010067114093959,-0.05207413945278023,0.8774509803921569,-0.06527415143603134,0.8211009174311926,-0.0982367758186398,0.9179487179487179,-0.0427807486631016,0.8760195758564437,-0.06608695652173913,0.9322916666666666,-0.03504043126684636,0.7908689248895434,-0.11677631578947369,0.8619582664526485,-0.07413793103448275
594,498,588,550,621,661,568,675,521,644,7/28/2025,155.6,1.069090909090909,0.033391915641476276,0.9468599033816425,-0.02729528535980149,0.8895612708018155,-0.05844675740592474,1.0352112676056338,0.01730103806228374,0.8711111111111111,-0.0688836104513064,1.128598848368522,0.060414788097385035,0.9130434782608695,-0.045454545454545456,0.98989898989899,-0.005076142131979695,1.180722891566265,0.08287292817679558,0.935374149659864,-0.033391915641476276,0.8856682769726248,-0.06063193851409052,0.8320726172465961,-0.0916597853014038,0.9683098591549296,-0.016100178890876567,0.8148148148148148,-0.10204081632653061,1.055662188099808,0.02707749766573296,0.8540372670807453,-0.07872696817420435,0.9259259259259259,-0.038461538461538464,1.104417670682731,0.04961832061068702,1.0561224489795917,0.02729528535980149,1.1290909090909091,0.06063193851409052,0.9394856278366112,-0.031201248049921998,1.0933098591549295,0.044575273338940284,0.92,-0.041666666666666664,1.1919385796545106,0.08756567425569177,0.9642857142857143,-0.01818181818181818,1.0454545454545454,0.022222222222222223,1.2469879518072289,0.10991957104557641,1.1241496598639455,0.05844675740592474,1.201818181818182,0.0916597853014038,1.0644122383252819,0.031201248049921998,1.1637323943661972,0.07567127746135069,0.9792592592592593,-0.010479041916167664,1.2687140115163147,0.11844331641285956,1.0263975155279503,0.013026819923371647,1.112794612794613,0.05338645418326693,1.3273092369477912,0.14063848144952545,0.9659863945578231,-0.01730103806228374,1.0327272727272727,0.016100178890876567,0.9146537842190016,-0.044575273338940284,0.859304084720121,-0.07567127746135069,0.8414814814814815,-0.08608205953338696,1.09021113243762,0.04315886134067952,0.8819875776397516,-0.0627062706270627,0.9562289562289562,-0.022375215146299483,1.140562248995984,0.06566604127579738,1.1479591836734695,0.0688836104513064,1.2272727272727273,0.10204081632653061,1.0869565217391304,0.041666666666666664,1.021180030257186,0.010479041916167664,1.1883802816901408,0.08608205953338696,1.2955854126679462,0.12876254180602006,1.0481366459627328,0.02350265352539803,1.1363636363636365,0.06382978723404255,1.355421686746988,0.15089514066496162,0.8860544217687075,-0.060414788097385035,0.9472727272727273,-0.02707749766573296,0.8389694041867954,-0.08756567425569177,0.7881996974281392,-0.11844331641285956,0.9172535211267606,-0.04315886134067952,0.7718518518518519,-0.12876254180602006,0.8090062111801242,-0.1055793991416309,0.877104377104377,-0.06547085201793722,1.0461847389558232,0.022571148184494603,1.0952380952380953,0.045454545454545456,1.170909090909091,0.07872696817420435,1.037037037037037,0.01818181818181818,0.9742813918305597,-0.013026819923371647,1.1338028169014085,0.0627062706270627,0.9540740740740741,-0.02350265352539803,1.2360844529750479,0.1055793991416309,1.0841750841750841,0.04038772213247173,1.2931726907630523,0.12784588441331,1.010204081632653,0.005076142131979695,1.08,0.038461538461538464,0.9565217391304348,-0.022222222222222223,0.8986384266263238,-0.05338645418326693,1.045774647887324,0.022375215146299483,0.88,-0.06382978723404255,1.1401151631477926,0.06547085201793722,0.922360248447205,-0.04038772213247173,1.1927710843373494,0.08791208791208792,0.8469387755102041,-0.08287292817679558,0.9054545454545454,-0.04961832061068702,0.8019323671497585,-0.10991957104557641,0.7534039334341907,-0.14063848144952545,0.8767605633802817,-0.06566604127579738,0.7377777777777778,-0.15089514066496162,0.9558541266794626,-0.022571148184494603,0.7732919254658385,-0.12784588441331,0.8383838383838383,-0.08791208791208792
78,66,114,69,60,78,24,34,27,59,8/15/2025,136.51,1.6521739130434783,0.2459016393442623,1.9,0.3103448275862069,1.4615384615384615,0.1875,4.75,0.6521739130434783,3.3529411764705883,0.5405405405405406,4.222222222222222,0.6170212765957447,1.9322033898305084,0.3179190751445087,1.4615384615384615,0.1875,1.7272727272727273,0.26666666666666666,0.6052631578947368,-0.2459016393442623,1.15,0.06976744186046512,0.8846153846153846,-0.061224489795918366,2.875,0.4838709677419355,2.0294117647058822,0.33980582524271846,2.5555555555555554,0.4375,1.1694915254237288,0.078125,0.8846153846153846,-0.061224489795918366,1.0454545454545454,0.022222222222222223,0.5263157894736842,-0.3103448275862069,0.8695652173913043,-0.06976744186046512,0.7692307692307693,-0.13043478260869565,2.5,0.42857142857142855,1.7647058823529411,0.2765957446808511,2.2222222222222223,0.3793103448275862,1.0169491525423728,0.008403361344537815,0.7692307692307693,-0.13043478260869565,0.9090909090909091,-0.047619047619047616,0.6842105263157895,-0.1875,1.1304347826086956,0.061224489795918366,1.3,0.13043478260869565,3.25,0.5294117647058824,2.2941176470588234,0.39285714285714285,2.888888888888889,0.4857142857142857,1.3220338983050848,0.1386861313868613,1.0,0.0,1.1818181818181819,0.08333333333333333,0.21052631578947367,-0.6521739130434783,0.34782608695652173,-0.4838709677419355,0.4,-0.42857142857142855,0.3076923076923077,-0.5294117647058824,0.7058823529411765,-0.1724137931034483,0.8888888888888888,-0.058823529411764705,0.4067796610169492,-0.42168674698795183,0.3076923076923077,-0.5294117647058824,0.36363636363636365,-0.4666666666666667,0.2982456140350877,-0.5405405405405406,0.4927536231884058,-0.33980582524271846,0.5666666666666667,-0.2765957446808511,0.4358974358974359,-0.39285714285714285,1.4166666666666667,0.1724137931034483,1.2592592592592593,0.11475409836065574,0.576271186440678,-0.26881720430107525,0.4358974358974359,-0.39285714285714285,0.5151515151515151,-0.32,0.23684210526315788,-0.6170212765957447,0.391304347826087,-0.4375,0.45,-0.3793103448275862,0.34615384615384615,-0.4857142857142857,1.125,0.058823529411764705,0.7941176470588235,-0.11475409836065574,0.4576271186440678,-0.37209302325581395,0.34615384615384615,-0.4857142857142857,0.4090909090909091,-0.41935483870967744,0.5175438596491229,-0.3179190751445087,0.855072463768116,-0.078125,0.9833333333333333,-0.008403361344537815,0.7564102564102564,-0.1386861313868613,2.4583333333333335,0.42168674698795183,1.7352941176470589,0.26881720430107525,2.185185185185185,0.37209302325581395,0.7564102564102564,-0.1386861313868613,0.8939393939393939,-0.056,0.6842105263157895,-0.1875,1.1304347826086956,0.061224489795918366,1.3,0.13043478260869565,1.0,0.0,3.25,0.5294117647058824,2.2941176470588234,0.39285714285714285,2.888888888888889,0.4857142857142857,1.3220338983050848,0.1386861313868613,1.1818181818181819,0.08333333333333333,0.5789473684210527,-0.26666666666666666,0.9565217391304348,-0.022222222222222223,1.1,0.047619047619047616,0.8461538461538461,-0.08333333333333333,2.75,0.4666666666666667,1.9411764705882353,0.32,2.4444444444444446,0.41935483870967744,1.11864406779661,0.056,0.8461538461538461,-0.08333333333333333
578,531,630,579,603,622,543,539,476,537,8/20/2025,152.67,1.0880829015544042,0.04218362282878412,1.044776119402985,0.021897810218978103,1.0128617363344052,0.006389776357827476,1.160220994475138,0.0741687979539642,1.1688311688311688,0.07784431137724551,1.3235294117647058,0.13924050632911392,1.1731843575418994,0.07969151670951156,1.0899653979238755,0.04304635761589404,1.1864406779661016,0.08527131782945736,0.919047619047619,-0.04218362282878412,0.9601990049751243,-0.02030456852791878,0.9308681672025724,-0.035803497085761866,1.0662983425414365,0.03208556149732621,1.0742115027829313,0.03577817531305903,1.2163865546218486,0.0976303317535545,1.0782122905027933,0.03763440860215054,1.0017301038062283,0.000864304235090752,1.0903954802259888,0.043243243243243246,0.9571428571428572,-0.021897810218978103,1.0414507772020725,0.02030456852791878,0.9694533762057878,-0.015510204081632653,1.1104972375690607,0.05235602094240838,1.1187384044526902,0.05604203152364273,1.2668067226890756,0.11770157553290084,1.1229050279329609,0.05789473684210526,1.0432525951557095,0.021168501270110076,1.1355932203389831,0.06349206349206349,0.9873015873015873,-0.006389776357827476,1.0742659758203799,0.035803497085761866,1.0315091210613598,0.015510204081632653,1.14548802946593,0.06781115879828326,1.1539888682745825,0.0714900947459087,1.3067226890756303,0.13296903460837886,1.1582867783985102,0.07333908541846419,1.0761245674740485,0.03666666666666667,1.1713747645951036,0.07892454466608846,0.861904761904762,-0.0741687979539642,0.9378238341968912,-0.03208556149732621,0.900497512437811,-0.05235602094240838,0.8729903536977492,-0.06781115879828326,1.007421150278293,0.0036968576709796672,1.1407563025210083,0.06575073601570167,1.011173184357542,0.005555555555555556,0.9394463667820069,-0.031222123104371096,1.0225988700564972,0.0111731843575419,0.8555555555555555,-0.07784431137724551,0.9309153713298791,-0.03577817531305903,0.8938640132669984,-0.05604203152364273,0.8665594855305466,-0.0714900947459087,0.992633517495396,-0.0036968576709796672,1.1323529411764706,0.06206896551724138,1.0037243947858474,0.0018587360594795538,0.9325259515570934,-0.03491495076096687,1.015065913370998,0.007476635514018692,0.7555555555555555,-0.13924050632911392,0.8221070811744386,-0.0976303317535545,0.7893864013266998,-0.11770157553290084,0.7652733118971061,-0.13296903460837886,0.8766114180478821,-0.06575073601570167,0.8831168831168831,-0.06206896551724138,0.8864059590316573,-0.060217176702862786,0.8235294117647058,-0.0967741935483871,0.896421845574388,-0.05461767626613704,0.8523809523809524,-0.07969151670951156,0.927461139896373,-0.03763440860215054,0.8905472636815921,-0.05789473684210526,0.8633440514469454,-0.07333908541846419,0.988950276243094,-0.005555555555555556,0.9962894248608535,-0.0018587360594795538,1.1281512605042017,0.060217176702862786,0.9290657439446367,-0.036771300448430494,1.0112994350282485,0.0056179775280898875,0.9174603174603174,-0.04304635761589404,0.998272884283247,-0.000864304235090752,0.9585406301824212,-0.021168501270110076,0.9292604501607717,-0.03666666666666667,1.0644567219152854,0.031222123104371096,1.072356215213358,0.03491495076096687,1.2142857142857142,0.0967741935483871,1.0763500931098697,0.036771300448430494,1.088512241054614,0.04238052299368801,0.8428571428571429,-0.08527131782945736,0.917098445595855,-0.043243243243243246,0.8805970149253731,-0.06349206349206349,0.8536977491961415,-0.07892454466608846,0.9779005524861878,-0.0111731843575419,0.9851576994434137,-0.007476635514018692,1.115546218487395,0.05461767626613704,0.9888268156424581,-0.0056179775280898875,0.9186851211072664,-0.04238052299368801
1776,1451,1904,1763,1533,1835,2336,2461,2270,2490,9/26/2025,139.57,1.079977311401021,0.038451049904554134,1.2420091324200913,0.1079429735234216,1.0376021798365123,0.018454132120887937,0.815068493150685,-0.1018867924528302,0.773669240146282,-0.12760595647193584,0.8387665198237886,-0.08768567321514135,0.7646586345381526,-0.13336367774237598,1.072072072072072,0.034782608695652174,1.3121984838042728,0.13502235469448584,0.9259453781512605,-0.038451049904554134,1.1500326157860405,0.06978155339805825,0.9607629427792915,-0.020011117287381877,0.754708904109589,-0.13979019272993412,0.7163754571312475,-0.16524621212121213,0.7766519823788546,-0.1257128688321349,0.7080321285140563,-0.17093816129790737,0.9926801801801802,-0.003673354054817745,1.215024121295658,0.0970752955818295,0.8051470588235294,-0.1079429735234216,0.869540555870675,-0.06978155339805825,0.8354223433242507,-0.08966745843230403,0.65625,-0.20754716981132076,0.6229175132060139,-0.23234852278417625,0.675330396475771,-0.1937943728635288,0.6156626506024097,-0.23788217747949292,0.8631756756756757,-0.07343608340888486,1.056512749827705,0.027479892761394103,0.9637605042016807,-0.018454132120887937,1.0408394781622234,0.020011117287381877,1.1969993476842793,0.08966745843230403,0.7855308219178082,-0.12011508031647088,0.7456318569687119,-0.1457169459962756,0.8083700440528634,-0.10596833130328867,0.7369477911646586,-0.15144508670520232,1.0332207207207207,0.01633896427582387,1.264645072363887,0.11685940353012782,1.226890756302521,0.1018867924528302,1.3250141803743618,0.13979019272993412,1.5238095238095237,0.20754716981132076,1.2730245231607629,0.12011508031647088,0.9492076391710687,-0.02605795288722118,1.0290748898678415,0.014329135909683021,0.9381526104417671,-0.031910484873601326,1.3153153153153154,0.13618677042801555,1.6099241902136459,0.23369421705835755,1.2925420168067228,0.12760595647193584,1.3959160521837777,0.16524621212121213,1.6053489889106327,0.23234852278417625,1.3411444141689373,0.1457169459962756,1.0535102739726028,0.02605795288722118,1.0841409691629955,0.040372014373282604,0.9883534136546185,-0.005857402544940416,1.3856981981981982,0.16167099362756668,1.6960716747070985,0.2581799591002045,1.1922268907563025,0.08768567321514135,1.2875779920589903,0.1257128688321349,1.4807566862361383,0.1937943728635288,1.237057220708447,0.10596833130328867,0.9717465753424658,-0.014329135909683021,0.9223892726533929,-0.040372014373282604,0.9116465863453815,-0.046218487394957986,1.2781531531531531,0.12209589718240237,1.5644383184011026,0.22010212308519214,1.3077731092436975,0.13336367774237598,1.412365286443562,0.17093816129790737,1.62426614481409,0.23788217747949292,1.3569482288828338,0.15144508670520232,1.0659246575342465,0.031910484873601326,1.0117838277123121,0.005857402544940416,1.0969162995594715,0.046218487394957986,1.402027027027027,0.16736990154711673,1.7160578911095796,0.26363867038822636,0.9327731092436975,-0.034782608695652174,1.0073737946681793,0.003673354054817745,1.1585127201565557,0.07343608340888486,0.9678474114441417,-0.01633896427582387,0.7602739726027398,-0.13618677042801555,0.7216578626574564,-0.16167099362756668,0.7823788546255507,-0.12209589718240237,0.7132530120481928,-0.16736990154711673,1.2239834596829773,0.1007127362875736,0.7620798319327731,-0.13502235469448584,0.8230289279636982,-0.0970752955818295,0.9465101108936725,-0.027479892761394103,0.7907356948228883,-0.11685940353012782,0.6211472602739726,-0.23369421705835755,0.5895977245022349,-0.2581799591002045,0.6392070484581498,-0.22010212308519214,0.5827309236947791,-0.26363867038822636,0.8170045045045045,-0.1007127362875736
66,45,40,56,57,61,25,24,25,41,10/14/2025,154.76,0.7142857142857143,-0.16666666666666666,0.7017543859649122,-0.17525773195876287,0.6557377049180327,-0.2079207920792079,1.6,0.23076923076923078,1.6666666666666667,0.25,1.6,0.23076923076923078,0.975609756097561,-0.012345679012345678,0.6060606060606061,-0.24528301886792453,0.8888888888888888,-0.058823529411764705,1.4,0.16666666666666666,0.9824561403508771,-0.008849557522123894,0.9180327868852459,-0.042735042735042736,2.24,0.38271604938271603,2.3333333333333335,0.4,2.24,0.38271604938271603,1.3658536585365855,0.15463917525773196,0.8484848484848485,-0.08196721311475409,1.2444444444444445,0.10891089108910891,1.425,0.17525773195876287,1.0178571428571428,0.008849557522123894,0.9344262295081968,-0.03389830508474576,2.28,0.3902439024390244,2.375,0.4074074074074074,2.28,0.3902439024390244,1.3902439024390243,0.16326530612244897,0.8636363636363636,-0.07317073170731707,1.2666666666666666,0.11764705882352941,1.525,0.2079207920792079,1.0892857142857142,0.042735042735042736,1.0701754385964912,0.03389830508474576,2.44,0.4186046511627907,2.5416666666666665,0.43529411764705883,2.44,0.4186046511627907,1.4878048780487805,0.19607843137254902,0.9242424242424242,-0.03937007874015748,1.3555555555555556,0.1509433962264151,0.625,-0.23076923076923078,0.44642857142857145,-0.38271604938271603,0.43859649122807015,-0.3902439024390244,0.4098360655737705,-0.4186046511627907,1.0416666666666667,0.02040816326530612,1.0,0.0,0.6097560975609756,-0.24242424242424243,0.3787878787878788,-0.45054945054945056,0.5555555555555556,-0.2857142857142857,0.6,-0.25,0.42857142857142855,-0.4,0.42105263157894735,-0.4074074074074074,0.39344262295081966,-0.43529411764705883,0.96,-0.02040816326530612,0.96,-0.02040816326530612,0.5853658536585366,-0.26153846153846155,0.36363636363636365,-0.4666666666666667,0.5333333333333333,-0.30434782608695654,0.625,-0.23076923076923078,0.44642857142857145,-0.38271604938271603,0.43859649122807015,-0.3902439024390244,0.4098360655737705,-0.4186046511627907,1.0,0.0,1.0416666666666667,0.02040816326530612,0.6097560975609756,-0.24242424242424243,0.3787878787878788,-0.45054945054945056,0.5555555555555556,-0.2857142857142857,1.025,0.012345679012345678,0.7321428571428571,-0.15463917525773196,0.7192982456140351,-0.16326530612244897,0.6721311475409836,-0.19607843137254902,1.64,0.24242424242424243,1.7083333333333333,0.26153846153846155,1.64,0.24242424242424243,0.6212121212121212,-0.2336448598130841,0.9111111111111111,-0.046511627906976744,1.65,0.24528301886792453,1.1785714285714286,0.08196721311475409,1.1578947368421053,0.07317073170731707,1.0819672131147542,0.03937007874015748,2.64,0.45054945054945056,2.75,0.4666666666666667,2.64,0.45054945054945056,1.6097560975609757,0.2336448598130841,1.4666666666666666,0.1891891891891892,1.125,0.058823529411764705,0.8035714285714286,-0.10891089108910891,0.7894736842105263,-0.11764705882352941,0.7377049180327869,-0.1509433962264151,1.8,0.2857142857142857,1.875,0.30434782608695654,1.8,0.2857142857142857,1.0975609756097562,0.046511627906976744,0.6818181818181818,-0.1891891891891892
100,76,92,91,101,96,109,81,55,103,10/24/2025,158.69,1.010989010989011,0.00546448087431694,0.9108910891089109,-0.046632124352331605,0.9583333333333334,-0.02127659574468085,0.8440366972477065,-0.0845771144278607,1.1358024691358024,0.06358381502890173,1.6727272727272726,0.25170068027210885,0.8932038834951457,-0.05641025641025641,0.92,-0.041666666666666664,1.2105263157894737,0.09523809523809523,0.9891304347826086,-0.00546448087431694,0.900990099009901,-0.052083333333333336,0.9479166666666666,-0.026737967914438502,0.8348623853211009,-0.09,1.123456790123457,0.05813953488372093,1.6545454545454545,0.2465753424657534,0.883495145631068,-0.061855670103092786,0.91,-0.04712041884816754,1.1973684210526316,0.08982035928143713,1.0978260869565217,0.046632124352331605,1.10989010989011,0.052083333333333336,1.0520833333333333,0.025380710659898477,0.926605504587156,-0.0380952380952381,1.2469135802469136,0.10989010989010989,1.8363636363636364,0.2948717948717949,0.9805825242718447,-0.00980392156862745,1.01,0.004975124378109453,1.3289473684210527,0.14124293785310735,1.0434782608695652,0.02127659574468085,1.054945054945055,0.026737967914438502,0.9504950495049505,-0.025380710659898477,0.8807339449541285,-0.06341463414634146,1.1851851851851851,0.0847457627118644,1.7454545454545454,0.271523178807947,0.9320388349514563,-0.035175879396984924,0.96,-0.02040816326530612,1.263157894736842,0.11627906976744186,1.184782608695652,0.0845771144278607,1.1978021978021978,0.09,1.0792079207920793,0.0380952380952381,1.1354166666666667,0.06341463414634146,1.345679012345679,0.14736842105263157,1.981818181818182,0.32926829268292684,1.058252427184466,0.02830188679245283,1.09,0.0430622009569378,1.4342105263157894,0.1783783783783784,0.8804347826086957,-0.06358381502890173,0.8901098901098901,-0.05813953488372093,0.801980198019802,-0.10989010989010989,0.84375,-0.0847457627118644,0.7431192660550459,-0.14736842105263157,1.4727272727272727,0.19117647058823528,0.7864077669902912,-0.11956521739130435,0.81,-0.10497237569060773,1.0657894736842106,0.03184713375796178,0.5978260869565217,-0.25170068027210885,0.6043956043956044,-0.2465753424657534,0.5445544554455446,-0.2948717948717949,0.5729166666666666,-0.271523178807947,0.5045871559633027,-0.32926829268292684,0.6790123456790124,-0.19117647058823528,0.5339805825242718,-0.3037974683544304,0.55,-0.2903225806451613,0.7236842105263158,-0.16030534351145037,1.1195652173913044,0.05641025641025641,1.1318681318681318,0.061855670103092786,1.0198019801980198,0.00980392156862745,1.0729166666666667,0.035175879396984924,0.944954128440367,-0.02830188679245283,1.271604938271605,0.11956521739130435,1.8727272727272728,0.3037974683544304,1.03,0.014778325123152709,1.355263157894737,0.15083798882681565,1.0869565217391304,0.041666666666666664,1.098901098901099,0.04712041884816754,0.9900990099009901,-0.004975124378109453,1.0416666666666667,0.02040816326530612,0.9174311926605505,-0.0430622009569378,1.2345679012345678,0.10497237569060773,1.8181818181818181,0.2903225806451613,0.970873786407767,-0.014778325123152709,1.3157894736842106,0.13636363636363635,0.8260869565217391,-0.09523809523809523,0.8351648351648352,-0.08982035928143713,0.7524752475247525,-0.14124293785310735,0.7916666666666666,-0.11627906976744186,0.6972477064220184,-0.1783783783783784,0.9382716049382716,-0.03184713375796178,1.3818181818181818,0.16030534351145037,0.7378640776699029,-0.15083798882681565,0.76,-0.13636363636363635
78,63,60,66,66,68,55,35,36,44,11/3/2025,147.89,0.9090909090909091,-0.047619047619047616,0.9090909090909091,-0.047619047619047616,0.8823529411764706,-0.0625,1.0909090909090908,0.043478260869565216,1.7142857142857142,0.2631578947368421,1.6666666666666667,0.25,1.3636363636363635,0.15384615384615385,0.7692307692307693,-0.13043478260869565,0.9523809523809523,-0.024390243902439025,1.1,0.047619047619047616,1.0,0.0,0.9705882352941176,-0.014925373134328358,1.2,0.09090909090909091,1.8857142857142857,0.3069306930693069,1.8333333333333333,0.29411764705882354,1.5,0.2,0.8461538461538461,-0.08333333333333333,1.0476190476190477,0.023255813953488372,1.1,0.047619047619047616,1.0,0.0,0.9705882352941176,-0.014925373134328358,1.2,0.09090909090909091,1.8857142857142857,0.3069306930693069,1.8333333333333333,0.29411764705882354,1.5,0.2,0.8461538461538461,-0.08333333333333333,1.0476190476190477,0.023255813953488372,1.1333333333333333,0.0625,1.0303030303030303,0.014925373134328358,1.0303030303030303,0.014925373134328358,1.2363636363636363,0.10569105691056911,1.9428571428571428,0.32038834951456313,1.8888888888888888,0.3076923076923077,1.5454545454545454,0.21428571428571427,0.8717948717948718,-0.0684931506849315,1.0793650793650793,0.03816793893129771,0.9166666666666666,-0.043478260869565216,0.8333333333333334,-0.09090909090909091,0.8333333333333334,-0.09090909090909091,0.8088235294117647,-0.10569105691056911,1.5714285714285714,0.2222222222222222,1.5277777777777777,0.2087912087912088,1.25,0.1111111111111111,0.7051282051282052,-0.17293233082706766,0.873015873015873,-0.06779661016949153,0.5833333333333334,-0.2631578947368421,0.5303030303030303,-0.3069306930693069,0.5303030303030303,-0.3069306930693069,0.5147058823529411,-0.32038834951456313,0.6363636363636364,-0.2222222222222222,0.9722222222222222,-0.014084507042253521,0.7954545454545454,-0.11392405063291139,0.44871794871794873,-0.3805309734513274,0.5555555555555556,-0.2857142857142857,0.6,-0.25,0.5454545454545454,-0.29411764705882354,0.5454545454545454,-0.29411764705882354,0.5294117647058824,-0.3076923076923077,0.6545454545454545,-0.2087912087912088,1.0285714285714285,0.014084507042253521,0.8181818181818182,-0.1,0.46153846153846156,-0.3684210526315789,0.5714285714285714,-0.2727272727272727,0.7333333333333333,-0.15384615384615385,0.6666666666666666,-0.2,0.6666666666666666,-0.2,0.6470588235294118,-0.21428571428571427,0.8,-0.1111111111111111,1.2571428571428571,0.11392405063291139,1.2222222222222223,0.1,0.5641025641025641,-0.2786885245901639,0.6984126984126984,-0.17757009345794392,1.3,0.13043478260869565,1.1818181818181819,0.08333333333333333,1.1818181818181819,0.08333333333333333,1.1470588235294117,0.0684931506849315,1.4181818181818182,0.17293233082706766,2.2285714285714286,0.3805309734513274,2.1666666666666665,0.3684210526315789,1.7727272727272727,0.2786885245901639,1.2380952380952381,0.10638297872340426,1.05,0.024390243902439025,0.9545454545454546,-0.023255813953488372,0.9545454545454546,-0.023255813953488372,0.9264705882352942,-0.03816793893129771,1.1454545454545455,0.06779661016949153,1.8,0.2857142857142857,1.75,0.2727272727272727,1.4318181818181819,0.17757009345794392,0.8076923076923077,-0.10638297872340426
42,18,137,97,92,84,48,21,35,30,11/18/2025,151.74,1.4123711340206186,0.17094017094017094,1.4891304347826086,0.1965065502183406,1.630952380952381,0.2398190045248869,2.8541666666666665,0.4810810810810811,6.523809523809524,0.7341772151898734,3.914285714285714,0.5930232558139535,4.566666666666666,0.6407185628742516,3.261904761904762,0.5307262569832403,7.611111111111111,0.7677419354838709,0.708029197080292,-0.17094017094017094,1.0543478260869565,0.026455026455026454,1.1547619047619047,0.0718232044198895,2.0208333333333335,0.33793103448275863,4.619047619047619,0.6440677966101694,2.7714285714285714,0.4696969696969697,3.2333333333333334,0.5275590551181102,2.3095238095238093,0.39568345323741005,5.388888888888889,0.6869565217391305,0.6715328467153284,-0.1965065502183406,0.9484536082474226,-0.026455026455026454,1.0952380952380953,0.045454545454545456,1.9166666666666667,0.3142857142857143,4.380952380952381,0.6283185840707964,2.6285714285714286,0.44881889763779526,3.066666666666667,0.5081967213114754,2.1904761904761907,0.373134328358209,5.111111111111111,0.6727272727272727,0.6131386861313869,-0.2398190045248869,0.865979381443299,-0.0718232044198895,0.9130434782608695,-0.045454545454545456,1.75,0.2727272727272727,4.0,0.6,2.4,0.4117647058823529,2.8,0.47368421052631576,2.0,0.3333333333333333,4.666666666666667,0.6470588235294118,0.35036496350364965,-0.4810810810810811,0.4948453608247423,-0.33793103448275863,0.5217391304347826,-0.3142857142857143,0.5714285714285714,-0.2727272727272727,2.2857142857142856,0.391304347826087,1.3714285714285714,0.1566265060240964,1.6,0.23076923076923078,1.1428571428571428,0.06666666666666667,2.6666666666666665,0.45454545454545453,0.15328467153284672,-0.7341772151898734,0.21649484536082475,-0.6440677966101694,0.22826086956521738,-0.6283185840707964,0.25,-0.6,0.4375,-0.391304347826087,0.6,-0.25,0.7,-0.17647058823529413,0.5,-0.3333333333333333,1.1666666666666667,0.07692307692307693,0.25547445255474455,-0.5930232558139535,0.36082474226804123,-0.4696969696969697,0.3804347826086957,-0.44881889763779526,0.4166666666666667,-0.4117647058823529,0.7291666666666666,-0.1566265060240964,1.6666666666666667,0.25,1.1666666666666667,0.07692307692307693,0.8333333333333334,-0.09090909090909091,1.9444444444444444,0.32075471698113206,0.21897810218978103,-0.6407185628742516,0.30927835051546393,-0.5275590551181102,0.32608695652173914,-0.5081967213114754,0.35714285714285715,-0.47368421052631576,0.625,-0.23076923076923078,1.4285714285714286,0.17647058823529413,0.8571428571428571,-0.07692307692307693,0.7142857142857143,-0.16666666666666666,1.6666666666666667,0.25,0.30656934306569344,-0.5307262569832403,0.4329896907216495,-0.39568345323741005,0.45652173913043476,-0.373134328358209,0.5,-0.3333333333333333,0.875,-0.06666666666666667,2.0,0.3333333333333333,1.2,0.09090909090909091,1.4,0.16666666666666666,2.3333333333333335,0.4,0.13138686131386862,-0.7677419354838709,0.18556701030927836,-0.6869565217391305,0.1956521739130435,-0.6727272727272727,0.21428571428571427,-0.6470588235294118,0.375,-0.45454545454545453,0.8571428571428571,-0.07692307692307693,0.5142857142857142,-0.32075471698113206,0.6,-0.25,0.42857142857142855,-0.4
60,29,61,76,74,66,37,19,31,39,11/23/2025,137.04,0.8026315789473685,-0.10948905109489052,0.8243243243243243,-0.0962962962962963,0.9242424242424242,-0.03937007874015748,1.6486486486486487,0.24489795918367346,3.210526315789474,0.525,1.967741935483871,0.32608695652173914,1.564102564102564,0.22,1.0166666666666666,0.008264462809917356,2.103448275862069,0.35555555555555557,1.2459016393442623,0.10948905109489052,1.027027027027027,0.013333333333333334,1.1515151515151516,0.07042253521126761,2.054054054054054,0.34513274336283184,4.0,0.6,2.4516129032258065,0.4205607476635514,1.9487179487179487,0.3217391304347826,1.2666666666666666,0.11764705882352941,2.6206896551724137,0.44761904761904764,1.2131147540983607,0.0962962962962963,0.9736842105263158,-0.013333333333333334,1.121212121212121,0.05714285714285714,2.0,0.3333333333333333,3.8947368421052633,0.5913978494623656,2.3870967741935485,0.4095238095238095,1.8974358974358974,0.30973451327433627,1.2333333333333334,0.1044776119402985,2.5517241379310347,0.4368932038834951,1.0819672131147542,0.03937007874015748,0.868421052631579,-0.07042253521126761,0.8918918918918919,-0.05714285714285714,1.7837837837837838,0.2815533980582524,3.473684210526316,0.5529411764705883,2.129032258064516,0.36082474226804123,1.6923076923076923,0.2571428571428571,1.1,0.047619047619047616,2.2758620689655173,0.3894736842105263,0.6065573770491803,-0.24489795918367346,0.4868421052631579,-0.34513274336283184,0.5,-0.3333333333333333,0.5606060606060606,-0.2815533980582524,1.9473684210526316,0.32142857142857145,1.1935483870967742,0.08823529411764706,0.9487179487179487,-0.02631578947368421,0.6166666666666667,-0.23711340206185566,1.2758620689655173,0.12121212121212122,0.3114754098360656,-0.525,0.25,-0.6,0.25675675675675674,-0.5913978494623656,0.2878787878787879,-0.5529411764705883,0.5135135135135135,-0.32142857142857145,0.6129032258064516,-0.24,0.48717948717948717,-0.3448275862068966,0.31666666666666665,-0.5189873417721519,0.6551724137931034,-0.20833333333333334,0.5081967213114754,-0.32608695652173914,0.40789473684210525,-0.4205607476635514,0.4189189189189189,-0.4095238095238095,0.4696969696969697,-0.36082474226804123,0.8378378378378378,-0.08823529411764706,1.631578947368421,0.24,0.7948717948717948,-0.11428571428571428,0.5166666666666667,-0.31868131868131866,1.0689655172413792,0.03333333333333333,0.639344262295082,-0.22,0.5131578947368421,-0.3217391304347826,0.527027027027027,-0.30973451327433627,0.5909090909090909,-0.2571428571428571,1.054054054054054,0.02631578947368421,2.0526315789473686,0.3448275862068966,1.2580645161290323,0.11428571428571428,0.65,-0.21212121212121213,1.3448275862068966,0.14705882352941177,0.9836065573770492,-0.008264462809917356,0.7894736842105263,-0.11764705882352941,0.8108108108108109,-0.1044776119402985,0.9090909090909091,-0.047619047619047616,1.6216216216216217,0.23711340206185566,3.1578947368421053,0.5189873417721519,1.935483870967742,0.31868131868131866,1.5384615384615385,0.21212121212121213,2.0689655172413794,0.34831460674157305,0.47540983606557374,-0.35555555555555557,0.3815789473684211,-0.44761904761904764,0.3918918918918919,-0.4368932038834951,0.4393939393939394,-0.3894736842105263,0.7837837837837838,-0.12121212121212122,1.5263157894736843,0.20833333333333334,0.9354838709677419,-0.03333333333333333,0.7435897435897436,-0.14705882352941177,0.48333333333333334,-0.34831460674157305
23,23,78,76,71,82,34,43,19,17,11/25/2025,94.85,1.0263157894736843,0.012987012987012988,1.0985915492957747,0.04697986577181208,0.9512195121951219,-0.025,2.2941176470588234,0.39285714285714285,1.813953488372093,0.2892561983471074,4.105263157894737,0.6082474226804123,4.588235294117647,0.6421052631578947,3.391304347826087,0.5445544554455446,3.391304347826087,0.5445544554455446,0.9743589743589743,-0.012987012987012988,1.0704225352112675,0.034013605442176874,0.926829268292683,-0.0379746835443038,2.235294117647059,0.38181818181818183,1.7674418604651163,0.2773109243697479,4.0,0.6,4.470588235294118,0.6344086021505376,3.3043478260869565,0.5353535353535354,3.3043478260869565,0.5353535353535354,0.9102564102564102,-0.04697986577181208,0.9342105263157895,-0.034013605442176874,0.8658536585365854,-0.0718954248366013,2.088235294117647,0.3523809523809524,1.6511627906976745,0.24561403508771928,3.736842105263158,0.5777777777777777,4.176470588235294,0.6136363636363636,3.0869565217391304,0.5106382978723404,3.0869565217391304,0.5106382978723404,1.0512820512820513,0.025,1.0789473684210527,0.0379746835443038,1.1549295774647887,0.0718954248366013,2.411764705882353,0.41379310344827586,1.9069767441860466,0.312,4.315789473684211,0.6237623762376238,4.823529411764706,0.6565656565656566,3.5652173913043477,0.5619047619047619,3.5652173913043477,0.5619047619047619,0.4358974358974359,-0.39285714285714285,0.4473684210526316,-0.38181818181818183,0.4788732394366197,-0.3523809523809524,0.4146341463414634,-0.41379310344827586,0.7906976744186046,-0.11688311688311688,1.7894736842105263,0.2830188679245283,2.0,0.3333333333333333,1.4782608695652173,0.19298245614035087,1.4782608695652173,0.19298245614035087,0.5512820512820513,-0.2892561983471074,0.5657894736842105,-0.2773109243697479,0.6056338028169014,-0.24561403508771928,0.524390243902439,-0.312,1.2647058823529411,0.11688311688311688,2.263157894736842,0.3870967741935484,2.5294117647058822,0.43333333333333335,1.8695652173913044,0.30303030303030304,1.8695652173913044,0.30303030303030304,0.24358974358974358,-0.6082474226804123,0.25,-0.6,0.2676056338028169,-0.5777777777777777,0.23170731707317074,-0.6237623762376238,0.5588235294117647,-0.2830188679245283,0.4418604651162791,-0.3870967741935484,1.1176470588235294,0.05555555555555555,0.8260869565217391,-0.09523809523809523,0.8260869565217391,-0.09523809523809523,0.21794871794871795,-0.6421052631578947,0.2236842105263158,-0.6344086021505376,0.23943661971830985,-0.6136363636363636,0.2073170731707317,-0.6565656565656566,0.5,-0.3333333333333333,0.3953488372093023,-0.43333333333333335,0.8947368421052632,-0.05555555555555555,0.7391304347826086,-0.15,0.7391304347826086,-0.15,0.2948717948717949,-0.5445544554455446,0.3026315789473684,-0.5353535353535354,0.323943661971831,-0.5106382978723404,0.2804878048780488,-0.5619047619047619,0.6764705882352942,-0.19298245614035087,0.5348837209302325,-0.30303030303030304,1.2105263157894737,0.09523809523809523,1.3529411764705883,0.15,1.0,0.0,0.2948717948717949,-0.5445544554455446,0.3026315789473684,-0.5353535353535354,0.323943661971831,-0.5106382978723404,0.2804878048780488,-0.5619047619047619,0.6764705882352942,-0.19298245614035087,0.5348837209302325,-0.30303030303030304,1.2105263157894737,0.09523809523809523,1.3529411764705883,0.15,1.0,0.0
886,967,462,535,564,692,870,942,823,1020,12/3/2025,130.18,0.8635514018691589,-0.0732196589769308,0.8191489361702128,-0.09941520467836257,0.6676300578034682,-0.19930675909878684,0.5310344827586206,-0.3063063063063063,0.49044585987261147,-0.3418803418803419,0.5613608748481167,-0.2809338521400778,0.45294117647058824,-0.3765182186234818,0.5214446952595937,-0.314540059347181,0.47776628748707345,-0.35339398180545833,1.158008658008658,0.0732196589769308,0.9485815602836879,-0.026387625113739762,0.773121387283237,-0.12795436022819887,0.6149425287356322,-0.23843416370106763,0.5679405520169851,-0.2755585646580907,0.6500607533414338,-0.21207658321060383,0.5245098039215687,-0.31189710610932475,0.6038374717832957,-0.247009148486981,0.5532574974146846,-0.28761651131824234,1.2207792207792207,0.09941520467836257,1.0542056074766355,0.026387625113739762,0.815028901734104,-0.10191082802547771,0.6482758620689655,-0.21338912133891214,0.5987261146496815,-0.250996015936255,0.6852976913730255,-0.18673395818312905,0.5529411764705883,-0.2878787878787879,0.636568848758465,-0.22206896551724137,0.5832471561530507,-0.26322664924885697,1.4978354978354977,0.19930675909878684,1.2934579439252336,0.12795436022819887,1.2269503546099292,0.10191082802547771,0.7954022988505747,-0.11395646606914213,0.7346072186836518,-0.15299877600979192,0.8408262454434994,-0.08646864686468647,0.6784313725490196,-0.19158878504672897,0.781038374717833,-0.1229404309252218,0.7156153050672182,-0.16576250753465943,1.8831168831168832,0.3063063063063063,1.6261682242990654,0.23843416370106763,1.5425531914893618,0.21338912133891214,1.2572254335260116,0.11395646606914213,0.9235668789808917,-0.039735099337748346,1.057108140947752,0.027761370348493797,0.8529411764705882,-0.07936507936507936,0.981941309255079,-0.009111617312072893,0.8996897621509824,-0.05280348394120849,2.038961038961039,0.3418803418803419,1.7607476635514019,0.2755585646580907,1.6702127659574468,0.250996015936255,1.361271676300578,0.15299877600979192,1.0827586206896551,0.039735099337748346,1.1445929526123937,0.06742209631728045,0.9235294117647059,-0.039755351681957186,1.0632054176072234,0.030634573304157548,0.9741468459152016,-0.013095861707700367,1.7813852813852813,0.2809338521400778,1.5383177570093458,0.21207658321060383,1.4592198581560283,0.18673395818312905,1.189306358381503,0.08646864686468647,0.9459770114942528,-0.027761370348493797,0.8736730360934183,-0.06742209631728045,0.8068627450980392,-0.1068909386869235,0.9288939051918735,-0.03686366296079579,0.8510858324715616,-0.08044692737430167,2.207792207792208,0.3765182186234818,1.9065420560747663,0.31189710610932475,1.8085106382978724,0.2878787878787879,1.4739884393063585,0.19158878504672897,1.1724137931034482,0.07936507936507936,1.0828025477707006,0.039755351681957186,1.2393681652490887,0.1068909386869235,1.1512415349887133,0.07030430220356768,1.0548086866597726,0.026673376950176145,1.9177489177489178,0.314540059347181,1.6560747663551403,0.247009148486981,1.570921985815603,0.22206896551724137,1.2803468208092486,0.1229404309252218,1.0183908045977013,0.009111617312072893,0.940552016985138,-0.030634573304157548,1.0765492102065615,0.03686366296079579,0.8686274509803922,-0.07030430220356768,0.9162357807652534,-0.04371289800323799,2.093073593073593,0.35339398180545833,1.8074766355140186,0.28761651131824234,1.7145390070921986,0.26322664924885697,1.3973988439306357,0.16576250753465943,1.1114942528735632,0.05280348394120849,1.026539278131635,0.013095861707700367,1.174969623329283,0.08044692737430167,0.9480392156862745,-0.026673376950176145,1.0914221218961626,0.04371289800323799
19,28,105,72,62,78,27,52,27,19,12/28/2025,124.16,1.4583333333333333,0.1864406779661017,1.6935483870967742,0.25748502994011974,1.3461538461538463,0.14754098360655737,3.888888888888889,0.5909090909090909,2.019230769230769,0.3375796178343949,3.888888888888889,0.5909090909090909,5.526315789473684,0.6935483870967742,5.526315789473684,0.6935483870967742,3.75,0.5789473684210527,0.6857142857142857,-0.1864406779661017,1.1612903225806452,0.07462686567164178,0.9230769230769231,-0.04,2.6666666666666665,0.45454545454545453,1.3846153846153846,0.16129032258064516,2.6666666666666665,0.45454545454545453,3.789473684210526,0.5824175824175825,3.789473684210526,0.5824175824175825,2.5714285714285716,0.44,0.5904761904761905,-0.25748502994011974,0.8611111111111112,-0.07462686567164178,0.7948717948717948,-0.11428571428571428,2.2962962962962963,0.39325842696629215,1.1923076923076923,0.08771929824561403,2.2962962962962963,0.39325842696629215,3.263157894736842,0.5308641975308642,3.263157894736842,0.5308641975308642,2.2142857142857144,0.37777777777777777,0.7428571428571429,-0.14754098360655737,1.0833333333333333,0.04,1.2580645161290323,0.11428571428571428,2.888888888888889,0.4857142857142857,1.5,0.2,2.888888888888889,0.4857142857142857,4.105263157894737,0.6082474226804123,4.105263157894737,0.6082474226804123,2.7857142857142856,0.4716981132075472,0.2571428571428571,-0.5909090909090909,0.375,-0.45454545454545453,0.43548387096774194,-0.39325842696629215,0.34615384615384615,-0.4857142857142857,0.5192307692307693,-0.31645569620253167,1.0,0.0,1.4210526315789473,0.17391304347826086,1.4210526315789473,0.17391304347826086,0.9642857142857143,-0.01818181818181818,0.49523809523809526,-0.3375796178343949,0.7222222222222222,-0.16129032258064516,0.8387096774193549,-0.08771929824561403,0.6666666666666666,-0.2,1.9259259259259258,0.31645569620253167,1.9259259259259258,0.31645569620253167,2.736842105263158,0.4647887323943662,2.736842105263158,0.4647887323943662,1.8571428571428572,0.3,0.2571428571428571,-0.5909090909090909,0.375,-0.45454545454545453,0.43548387096774194,-0.39325842696629215,0.34615384615384615,-0.4857142857142857,1.0,0.0,0.5192307692307693,-0.31645569620253167,1.4210526315789473,0.17391304347826086,1.4210526315789473,0.17391304347826086,0.9642857142857143,-0.01818181818181818,0.18095238095238095,-0.6935483870967742,0.2638888888888889,-0.5824175824175825,0.3064516129032258,-0.5308641975308642,0.24358974358974358,-0.6082474226804123,0.7037037037037037,-0.17391304347826086,0.36538461538461536,-0.4647887323943662,0.7037037037037037,-0.17391304347826086,1.0,0.0,0.6785714285714286,-0.19148936170212766,0.18095238095238095,-0.6935483870967742,0.2638888888888889,-0.5824175824175825,0.3064516129032258,-0.5308641975308642,0.24358974358974358,-0.6082474226804123,0.7037037037037037,-0.17391304347826086,0.36538461538461536,-0.4647887323943662,0.7037037037037037,-0.17391304347826086,1.0,0.0,0.6785714285714286,-0.19148936170212766,0.26666666666666666,-0.5789473684210527,0.3888888888888889,-0.44,0.45161290322580644,-0.37777777777777777,0.358974358974359,-0.4716981132075472,1.037037037037037,0.01818181818181818,0.5384615384615384,-0.3,1.037037037037037,0.01818181818181818,1.4736842105263157,0.19148936170212766,1.4736842105263157,0.19148936170212766
46,40,96,69,72,60,39,33,22,35,1/17/2026,105.43,1.391304347826087,0.16363636363636364,1.3333333333333333,0.14285714285714285,1.6,0.23076923076923078,2.4615384615384617,0.4222222222222222,2.909090909090909,0.4883720930232558,4.363636363636363,0.6271186440677966,2.742857142857143,0.46564885496183206,2.0869565217391304,0.352112676056338,2.4,0.4117647058823529,0.71875,-0.16363636363636364,0.9583333333333334,-0.02127659574468085,1.15,0.06976744186046512,1.7692307692307692,0.2777777777777778,2.090909090909091,0.35294117647058826,3.1363636363636362,0.5164835164835165,1.9714285714285715,0.3269230769230769,1.5,0.2,1.725,0.26605504587155965,0.75,-0.14285714285714285,1.0434782608695652,0.02127659574468085,1.2,0.09090909090909091,1.8461538461538463,0.2972972972972973,2.1818181818181817,0.37142857142857144,3.272727272727273,0.5319148936170213,2.057142857142857,0.34579439252336447,1.565217391304348,0.22033898305084745,1.8,0.2857142857142857,0.625,-0.23076923076923078,0.8695652173913043,-0.06976744186046512,0.8333333333333334,-0.09090909090909091,1.5384615384615385,0.21212121212121213,1.8181818181818181,0.2903225806451613,2.727272727272727,0.4634146341463415,1.7142857142857142,0.2631578947368421,1.3043478260869565,0.1320754716981132,1.5,0.2,0.40625,-0.4222222222222222,0.5652173913043478,-0.2777777777777778,0.5416666666666666,-0.2972972972972973,0.65,-0.21212121212121213,1.1818181818181819,0.08333333333333333,1.7727272727272727,0.2786885245901639,1.1142857142857143,0.05405405405405406,0.8478260869565217,-0.08235294117647059,0.975,-0.012658227848101266,0.34375,-0.4883720930232558,0.4782608695652174,-0.35294117647058826,0.4583333333333333,-0.37142857142857144,0.55,-0.2903225806451613,0.8461538461538461,-0.08333333333333333,1.5,0.2,0.9428571428571428,-0.029411764705882353,0.717391304347826,-0.16455696202531644,0.825,-0.0958904109589041,0.22916666666666666,-0.6271186440677966,0.3188405797101449,-0.5164835164835165,0.3055555555555556,-0.5319148936170213,0.36666666666666664,-0.4634146341463415,0.5641025641025641,-0.2786885245901639,0.6666666666666666,-0.2,0.6285714285714286,-0.22807017543859648,0.4782608695652174,-0.35294117647058826,0.55,-0.2903225806451613,0.3645833333333333,-0.46564885496183206,0.5072463768115942,-0.3269230769230769,0.4861111111111111,-0.34579439252336447,0.5833333333333334,-0.2631578947368421,0.8974358974358975,-0.05405405405405406,1.0606060606060606,0.029411764705882353,1.5909090909090908,0.22807017543859648,0.7608695652173914,-0.13580246913580246,0.875,-0.06666666666666667,0.4791666666666667,-0.352112676056338,0.6666666666666666,-0.2,0.6388888888888888,-0.22033898305084745,0.7666666666666667,-0.1320754716981132,1.1794871794871795,0.08235294117647059,1.393939393939394,0.16455696202531644,2.090909090909091,0.35294117647058826,1.3142857142857143,0.13580246913580246,1.15,0.06976744186046512,0.4166666666666667,-0.4117647058823529,0.5797101449275363,-0.26605504587155965,0.5555555555555556,-0.2857142857142857,0.6666666666666666,-0.2,1.0256410256410255,0.012658227848101266,1.2121212121212122,0.0958904109589041,1.8181818181818181,0.2903225806451613,1.1428571428571428,0.06666666666666667,0.8695652173913043,-0.06976744186046512
46,51,111,92,100,83,42,52,60,30,1/27/2026,143.49,1.2065217391304348,0.09359605911330049,1.11,0.052132701421800945,1.3373493975903614,0.14432989690721648,2.642857142857143,0.45098039215686275,2.1346153846153846,0.3619631901840491,1.85,0.2982456140350877,3.7,0.574468085106383,2.4130434782608696,0.4140127388535032,2.176470588235294,0.37037037037037035,0.8288288288288288,-0.09359605911330049,0.92,-0.041666666666666664,1.108433734939759,0.05142857142857143,2.1904761904761907,0.373134328358209,1.7692307692307692,0.2777777777777778,1.5333333333333334,0.21052631578947367,3.066666666666667,0.5081967213114754,2.0,0.3333333333333333,1.803921568627451,0.2867132867132867,0.9009009009009009,-0.052132701421800945,1.0869565217391304,0.041666666666666664,1.2048192771084338,0.09289617486338798,2.380952380952381,0.4084507042253521,1.9230769230769231,0.3157894736842105,1.6666666666666667,0.25,3.3333333333333335,0.5384615384615384,2.1739130434782608,0.3698630136986301,1.9607843137254901,0.32450331125827814,0.7477477477477478,-0.14432989690721648,0.9021739130434783,-0.05142857142857143,0.83,-0.09289617486338798,1.9761904761904763,0.328,1.5961538461538463,0.22962962962962963,1.3833333333333333,0.16083916083916083,2.7666666666666666,0.4690265486725664,1.8043478260869565,0.2868217054263566,1.6274509803921569,0.23880597014925373,0.3783783783783784,-0.45098039215686275,0.45652173913043476,-0.373134328358209,0.42,-0.4084507042253521,0.5060240963855421,-0.328,0.8076923076923077,-0.10638297872340426,0.7,-0.17647058823529413,1.4,0.16666666666666666,0.9130434782608695,-0.045454545454545456,0.8235294117647058,-0.0967741935483871,0.46846846846846846,-0.3619631901840491,0.5652173913043478,-0.2777777777777778,0.52,-0.3157894736842105,0.6265060240963856,-0.22962962962962963,1.2380952380952381,0.10638297872340426,0.8666666666666667,-0.07142857142857142,1.7333333333333334,0.2682926829268293,1.1304347826086956,0.061224489795918366,1.0196078431372548,0.009708737864077669,0.5405405405405406,-0.2982456140350877,0.6521739130434783,-0.21052631578947367,0.6,-0.25,0.7228915662650602,-0.16083916083916083,1.4285714285714286,0.17647058823529413,1.1538461538461537,0.07142857142857142,2.0,0.3333333333333333,1.3043478260869565,0.1320754716981132,1.1764705882352942,0.08108108108108109,0.2702702702702703,-0.574468085106383,0.32608695652173914,-0.5081967213114754,0.3,-0.5384615384615384,0.3614457831325301,-0.4690265486725664,0.7142857142857143,-0.16666666666666666,0.5769230769230769,-0.2682926829268293,0.5,-0.3333333333333333,0.6521739130434783,-0.21052631578947367,0.5882352941176471,-0.25925925925925924,0.4144144144144144,-0.4140127388535032,0.5,-0.3333333333333333,0.46,-0.3698630136986301,0.5542168674698795,-0.2868217054263566,1.0952380952380953,0.045454545454545456,0.8846153846153846,-0.061224489795918366,0.7666666666666667,-0.1320754716981132,1.5333333333333334,0.21052631578947367,0.9019607843137255,-0.05154639175257732,0.4594594594594595,-0.37037037037037035,0.5543478260869565,-0.2867132867132867,0.51,-0.32450331125827814,0.6144578313253012,-0.23880597014925373,1.2142857142857142,0.0967741935483871,0.9807692307692307,-0.009708737864077669,0.85,-0.08108108108108109,1.7,0.25925925925925924,1.108695652173913,0.05154639175257732
89,83,100,104,100,95,82,47,75,62,2/1/2026,146.01,0.9615384615384616,-0.0196078431372549,1.0,0.0,1.0526315789473684,0.02564102564102564,1.2195121951219512,0.0989010989010989,2.127659574468085,0.36054421768707484,1.3333333333333333,0.14285714285714285,1.6129032258064515,0.2345679012345679,1.1235955056179776,0.0582010582010582,1.2048192771084338,0.09289617486338798,1.04,0.0196078431372549,1.04,0.0196078431372549,1.0947368421052632,0.04522613065326633,1.2682926829268293,0.11827956989247312,2.2127659574468086,0.37748344370860926,1.3866666666666667,0.16201117318435754,1.6774193548387097,0.25301204819277107,1.1685393258426966,0.07772020725388601,1.2530120481927711,0.11229946524064172,1.0,0.0,0.9615384615384616,-0.0196078431372549,1.0526315789473684,0.02564102564102564,1.2195121951219512,0.0989010989010989,2.127659574468085,0.36054421768707484,1.3333333333333333,0.14285714285714285,1.6129032258064515,0.2345679012345679,1.1235955056179776,0.0582010582010582,1.2048192771084338,0.09289617486338798,0.95,-0.02564102564102564,0.9134615384615384,-0.04522613065326633,0.95,-0.02564102564102564,1.1585365853658536,0.07344632768361582,2.021276595744681,0.3380281690140845,1.2666666666666666,0.11764705882352941,1.532258064516129,0.21019108280254778,1.0674157303370786,0.03260869565217391,1.144578313253012,0.06741573033707865,0.82,-0.0989010989010989,0.7884615384615384,-0.11827956989247312,0.82,-0.0989010989010989,0.8631578947368421,-0.07344632768361582,1.7446808510638299,0.2713178294573643,1.0933333333333333,0.044585987261146494,1.3225806451612903,0.1388888888888889,0.9213483146067416,-0.04093567251461988,0.9879518072289156,-0.006060606060606061,0.47,-0.36054421768707484,0.4519230769230769,-0.37748344370860926,0.47,-0.36054421768707484,0.49473684210526314,-0.3380281690140845,0.573170731707317,-0.2713178294573643,0.6266666666666667,-0.22950819672131148,0.7580645161290323,-0.13761467889908258,0.5280898876404494,-0.3088235294117647,0.5662650602409639,-0.27692307692307694,0.75,-0.14285714285714285,0.7211538461538461,-0.16201117318435754,0.75,-0.14285714285714285,0.7894736842105263,-0.11764705882352941,0.9146341463414634,-0.044585987261146494,1.5957446808510638,0.22950819672131148,1.2096774193548387,0.0948905109489051,0.8426966292134831,-0.08536585365853659,0.9036144578313253,-0.05063291139240506,0.62,-0.2345679012345679,0.5961538461538461,-0.25301204819277107,0.62,-0.2345679012345679,0.6526315789473685,-0.21019108280254778,0.7560975609756098,-0.1388888888888889,1.3191489361702127,0.13761467889908258,0.8266666666666667,-0.0948905109489051,0.6966292134831461,-0.17880794701986755,0.7469879518072289,-0.14482758620689656,0.89,-0.0582010582010582,0.8557692307692307,-0.07772020725388601,0.89,-0.0582010582010582,0.9368421052631579,-0.03260869565217391,1.0853658536585367,0.04093567251461988,1.8936170212765957,0.3088235294117647,1.1866666666666668,0.08536585365853659,1.435483870967742,0.17880794701986755,1.072289156626506,0.03488372093023256,0.83,-0.09289617486338798,0.7980769230769231,-0.11229946524064172,0.83,-0.09289617486338798,0.8736842105263158,-0.06741573033707865,1.0121951219512195,0.006060606060606061,1.7659574468085106,0.27692307692307694,1.1066666666666667,0.05063291139240506,1.3387096774193548,0.14482758620689656,0.9325842696629213,-0.03488372093023256
46,41,133,109,102,101,53,72,44,46,2/6/2026,143.25,1.2201834862385321,0.09917355371900827,1.303921568627451,0.13191489361702127,1.316831683168317,0.13675213675213677,2.509433962264151,0.43010752688172044,1.8472222222222223,0.2975609756097561,3.022727272727273,0.5028248587570622,2.891304347826087,0.4860335195530726,2.891304347826087,0.4860335195530726,3.2439024390243905,0.5287356321839081,0.8195488721804511,-0.09917355371900827,1.0686274509803921,0.03317535545023697,1.0792079207920793,0.0380952380952381,2.056603773584906,0.345679012345679,1.5138888888888888,0.20441988950276244,2.477272727272727,0.42483660130718953,2.369565217391304,0.4064516129032258,2.369565217391304,0.4064516129032258,2.658536585365854,0.4533333333333333,0.7669172932330827,-0.13191489361702127,0.9357798165137615,-0.03317535545023697,1.00990099009901,0.0049261083743842365,1.9245283018867925,0.3161290322580645,1.4166666666666667,0.1724137931034483,2.3181818181818183,0.3972602739726027,2.217391304347826,0.3783783783783784,2.217391304347826,0.3783783783783784,2.4878048780487805,0.42657342657342656,0.7593984962406015,-0.13675213675213677,0.926605504587156,-0.0380952380952381,0.9901960784313726,-0.0049261083743842365,1.9056603773584906,0.3116883116883117,1.4027777777777777,0.1676300578034682,2.2954545454545454,0.3931034482758621,2.1956521739130435,0.3741496598639456,2.1956521739130435,0.3741496598639456,2.4634146341463414,0.4225352112676056,0.39849624060150374,-0.43010752688172044,0.48623853211009177,-0.345679012345679,0.5196078431372549,-0.3161290322580645,0.5247524752475248,-0.3116883116883117,0.7361111111111112,-0.152,1.2045454545454546,0.09278350515463918,1.1521739130434783,0.0707070707070707,1.1521739130434783,0.0707070707070707,1.2926829268292683,0.1276595744680851,0.5413533834586466,-0.2975609756097561,0.6605504587155964,-0.20441988950276244,0.7058823529411765,-0.1724137931034483,0.7128712871287128,-0.1676300578034682,1.3584905660377358,0.152,1.6363636363636365,0.2413793103448276,1.565217391304348,0.22033898305084745,1.565217391304348,0.22033898305084745,1.7560975609756098,0.2743362831858407,0.3308270676691729,-0.5028248587570622,0.4036697247706422,-0.42483660130718953,0.43137254901960786,-0.3972602739726027,0.43564356435643564,-0.3931034482758621,0.8301886792452831,-0.09278350515463918,0.6111111111111112,-0.2413793103448276,0.9565217391304348,-0.022222222222222223,0.9565217391304348,-0.022222222222222223,1.0731707317073171,0.03529411764705882,0.3458646616541353,-0.4860335195530726,0.42201834862385323,-0.4064516129032258,0.45098039215686275,-0.3783783783783784,0.45544554455445546,-0.3741496598639456,0.8679245283018868,-0.0707070707070707,0.6388888888888888,-0.22033898305084745,1.0454545454545454,0.022222222222222223,1.0,0.0,1.1219512195121952,0.05747126436781609,0.3458646616541353,-0.4860335195530726,0.42201834862385323,-0.4064516129032258,0.45098039215686275,-0.3783783783783784,0.45544554455445546,-0.3741496598639456,0.8679245283018868,-0.0707070707070707,0.6388888888888888,-0.22033898305084745,1.0454545454545454,0.022222222222222223,1.0,0.0,1.1219512195121952,0.05747126436781609,0.3082706766917293,-0.5287356321839081,0.3761467889908257,-0.4533333333333333,0.4019607843137255,-0.42657342657342656,0.40594059405940597,-0.4225352112676056,0.7735849056603774,-0.1276595744680851,0.5694444444444444,-0.2743362831858407,0.9318181818181818,-0.03529411764705882,0.8913043478260869,-0.05747126436781609,0.8913043478260869,-0.05747126436781609
93,50,113,127,135,133,87,87,75,90,2/21/2026,120.8,0.889763779527559,-0.058333333333333334,0.837037037037037,-0.08870967741935484,0.849624060150376,-0.08130081300813008,1.2988505747126438,0.13,1.2988505747126438,0.13,1.5066666666666666,0.20212765957446807,1.2555555555555555,0.11330049261083744,1.2150537634408602,0.0970873786407767,2.26,0.38650306748466257,1.1238938053097345,0.058333333333333334,0.9407407407407408,-0.030534351145038167,0.9548872180451128,-0.023076923076923078,1.4597701149425288,0.18691588785046728,1.4597701149425288,0.18691588785046728,1.6933333333333334,0.25742574257425743,1.4111111111111112,0.17050691244239632,1.3655913978494623,0.15454545454545454,2.54,0.4350282485875706,1.1946902654867257,0.08870967741935484,1.062992125984252,0.030534351145038167,1.0150375939849625,0.007462686567164179,1.5517241379310345,0.21621621621621623,1.5517241379310345,0.21621621621621623,1.8,0.2857142857142857,1.5,0.2,1.4516129032258065,0.18421052631578946,2.7,0.4594594594594595,1.176991150442478,0.08130081300813008,1.047244094488189,0.023076923076923078,0.9851851851851852,-0.007462686567164179,1.528735632183908,0.20909090909090908,1.528735632183908,0.20909090909090908,1.7733333333333334,0.27884615384615385,1.4777777777777779,0.19282511210762332,1.4301075268817205,0.17699115044247787,2.66,0.453551912568306,0.7699115044247787,-0.13,0.6850393700787402,-0.18691588785046728,0.6444444444444445,-0.21621621621621623,0.6541353383458647,-0.20909090909090908,1.0,0.0,1.16,0.07407407407407407,0.9666666666666667,-0.01694915254237288,0.9354838709677419,-0.03333333333333333,1.74,0.27007299270072993,0.7699115044247787,-0.13,0.6850393700787402,-0.18691588785046728,0.6444444444444445,-0.21621621621621623,0.6541353383458647,-0.20909090909090908,1.0,0.0,1.16,0.07407407407407407,0.9666666666666667,-0.01694915254237288,0.9354838709677419,-0.03333333333333333,1.74,0.27007299270072993,0.6637168141592921,-0.20212765957446807,0.5905511811023622,-0.25742574257425743,0.5555555555555556,-0.2857142857142857,0.5639097744360902,-0.27884615384615385,0.8620689655172413,-0.07407407407407407,0.8620689655172413,-0.07407407407407407,0.8333333333333334,-0.09090909090909091,0.8064516129032258,-0.10714285714285714,1.5,0.2,0.7964601769911505,-0.11330049261083744,0.7086614173228346,-0.17050691244239632,0.6666666666666666,-0.2,0.6766917293233082,-0.19282511210762332,1.0344827586206897,0.01694915254237288,1.0344827586206897,0.01694915254237288,1.2,0.09090909090909091,0.967741935483871,-0.01639344262295082,1.8,0.2857142857142857,0.8230088495575221,-0.0970873786407767,0.7322834645669292,-0.15454545454545454,0.6888888888888889,-0.18421052631578946,0.6992481203007519,-0.17699115044247787,1.0689655172413792,0.03333333333333333,1.0689655172413792,0.03333333333333333,1.24,0.10714285714285714,1.0333333333333334,0.01639344262295082,1.86,0.3006993006993007,0.4424778761061947,-0.38650306748466257,0.3937007874015748,-0.4350282485875706,0.37037037037037035,-0.4594594594594595,0.37593984962406013,-0.453551912568306,0.5747126436781609,-0.27007299270072993,0.5747126436781609,-0.27007299270072993,0.6666666666666666,-0.2,0.5555555555555556,-0.2857142857142857,0.5376344086021505,-0.3006993006993007
11,24,64,35,22,30,22,28,16,5,11/19/2023,163.64,1.8285714285714285,0.29292929292929293,2.909090909090909,0.4883720930232558,2.1333333333333333,0.3617021276595745,2.909090909090909,0.4883720930232558,2.2857142857142856,0.391304347826087,4.0,0.6,12.8,0.855072463768116,5.818181818181818,0.7066666666666667,2.6666666666666665,0.45454545454545453,0.546875,-0.29292929292929293,1.5909090909090908,0.22807017543859648,1.1666666666666667,0.07692307692307693,1.5909090909090908,0.22807017543859648,1.25,0.1111111111111111,2.1875,0.37254901960784315,7.0,0.75,3.1818181818181817,0.5217391304347826,1.4583333333333333,0.1864406779661017,0.34375,-0.4883720930232558,0.6285714285714286,-0.22807017543859648,0.7333333333333333,-0.15384615384615385,1.0,0.0,0.7857142857142857,-0.12,1.375,0.15789473684210525,4.4,0.6296296296296297,2.0,0.3333333333333333,0.9166666666666666,-0.043478260869565216,0.46875,-0.3617021276595745,0.8571428571428571,-0.07692307692307693,1.3636363636363635,0.15384615384615385,1.3636363636363635,0.15384615384615385,1.0714285714285714,0.034482758620689655,1.875,0.30434782608695654,6.0,0.7142857142857143,2.727272727272727,0.4634146341463415,1.25,0.1111111111111111,0.34375,-0.4883720930232558,0.6285714285714286,-0.22807017543859648,1.0,0.0,0.7333333333333333,-0.15384615384615385,0.7857142857142857,-0.12,1.375,0.15789473684210525,4.4,0.6296296296296297,2.0,0.3333333333333333,0.9166666666666666,-0.043478260869565216,0.4375,-0.391304347826087,0.8,-0.1111111111111111,1.2727272727272727,0.12,0.9333333333333333,-0.034482758620689655,1.2727272727272727,0.12,1.75,0.2727272727272727,5.6,0.696969696969697,2.5454545454545454,0.4358974358974359,1.1666666666666667,0.07692307692307693,0.25,-0.6,0.45714285714285713,-0.37254901960784315,0.7272727272727273,-0.15789473684210525,0.5333333333333333,-0.30434782608695654,0.7272727272727273,-0.15789473684210525,0.5714285714285714,-0.2727272727272727,3.2,0.5238095238095238,1.4545454545454546,0.18518518518518517,0.6666666666666666,-0.2,0.078125,-0.855072463768116,0.14285714285714285,-0.75,0.22727272727272727,-0.6296296296296297,0.16666666666666666,-0.7142857142857143,0.22727272727272727,-0.6296296296296297,0.17857142857142858,-0.696969696969697,0.3125,-0.5238095238095238,0.45454545454545453,-0.375,0.20833333333333334,-0.6551724137931034,0.171875,-0.7066666666666667,0.3142857142857143,-0.5217391304347826,0.5,-0.3333333333333333,0.36666666666666664,-0.4634146341463415,0.5,-0.3333333333333333,0.39285714285714285,-0.4358974358974359,0.6875,-0.18518518518518517,2.2,0.375,0.4583333333333333,-0.37142857142857144,0.375,-0.45454545454545453,0.6857142857142857,-0.1864406779661017,1.0909090909090908,0.043478260869565216,0.8,-0.1111111111111111,1.0909090909090908,0.043478260869565216,0.8571428571428571,-0.07692307692307693,1.5,0.2,4.8,0.6551724137931034,2.1818181818181817,0.37142857142857144
6,8,91,55,61,48,33,41,32,11,12/19/2023,146.18,1.6545454545454545,0.2465753424657534,1.4918032786885247,0.19736842105263158,1.8958333333333333,0.30935251798561153,2.757575757575758,0.46774193548387094,2.2195121951219514,0.3787878787878788,2.84375,0.4796747967479675,8.272727272727273,0.7843137254901961,15.166666666666666,0.8762886597938144,11.375,0.8383838383838383,0.6043956043956044,-0.2465753424657534,0.9016393442622951,-0.05172413793103448,1.1458333333333333,0.06796116504854369,1.6666666666666667,0.25,1.3414634146341464,0.14583333333333334,1.71875,0.26436781609195403,5.0,0.6666666666666666,9.166666666666666,0.8032786885245902,6.875,0.746031746031746,0.6703296703296703,-0.19736842105263158,1.1090909090909091,0.05172413793103448,1.2708333333333333,0.11926605504587157,1.8484848484848484,0.2978723404255319,1.4878048780487805,0.19607843137254902,1.90625,0.3118279569892473,5.545454545454546,0.6944444444444444,10.166666666666666,0.8208955223880597,7.625,0.7681159420289855,0.5274725274725275,-0.30935251798561153,0.8727272727272727,-0.06796116504854369,0.7868852459016393,-0.11926605504587157,1.4545454545454546,0.18518518518518517,1.170731707317073,0.07865168539325842,1.5,0.2,4.363636363636363,0.6271186440677966,8.0,0.7777777777777778,6.0,0.7142857142857143,0.3626373626373626,-0.46774193548387094,0.6,-0.25,0.5409836065573771,-0.2978723404255319,0.6875,-0.18518518518518517,0.8048780487804879,-0.10810810810810811,1.03125,0.015384615384615385,3.0,0.5,5.5,0.6923076923076923,4.125,0.6097560975609756,0.45054945054945056,-0.3787878787878788,0.7454545454545455,-0.14583333333333334,0.6721311475409836,-0.19607843137254902,0.8541666666666666,-0.07865168539325842,1.2424242424242424,0.10810810810810811,1.28125,0.1232876712328767,3.727272727272727,0.5769230769230769,6.833333333333333,0.7446808510638298,5.125,0.673469387755102,0.3516483516483517,-0.4796747967479675,0.5818181818181818,-0.26436781609195403,0.5245901639344263,-0.3118279569892473,0.6666666666666666,-0.2,0.9696969696969697,-0.015384615384615385,0.7804878048780488,-0.1232876712328767,2.909090909090909,0.4883720930232558,5.333333333333333,0.6842105263157895,4.0,0.6,0.12087912087912088,-0.7843137254901961,0.2,-0.6666666666666666,0.18032786885245902,-0.6944444444444444,0.22916666666666666,-0.6271186440677966,0.3333333333333333,-0.5,0.2682926829268293,-0.5769230769230769,0.34375,-0.4883720930232558,1.8333333333333333,0.29411764705882354,1.375,0.15789473684210525,0.06593406593406594,-0.8762886597938144,0.10909090909090909,-0.8032786885245902,0.09836065573770492,-0.8208955223880597,0.125,-0.7777777777777778,0.18181818181818182,-0.6923076923076923,0.14634146341463414,-0.7446808510638298,0.1875,-0.6842105263157895,0.5454545454545454,-0.29411764705882354,0.75,-0.14285714285714285,0.08791208791208792,-0.8383838383838383,0.14545454545454545,-0.746031746031746,0.13114754098360656,-0.7681159420289855,0.16666666666666666,-0.7142857142857143,0.24242424242424243,-0.6097560975609756,0.1951219512195122,-0.673469387755102,0.25,-0.6,0.7272727272727273,-0.15789473684210525,1.3333333333333333,0.14285714285714285
30,36,96,86,72,63,50,45,51,51,2/2/2024,215.95,1.1162790697674418,0.054945054945054944,1.3333333333333333,0.14285714285714285,1.5238095238095237,0.20754716981132076,1.92,0.3150684931506849,2.1333333333333333,0.3617021276595745,1.8823529411764706,0.30612244897959184,1.8823529411764706,0.30612244897959184,3.2,0.5238095238095238,2.6666666666666665,0.45454545454545453,0.8958333333333334,-0.054945054945054944,1.1944444444444444,0.08860759493670886,1.3650793650793651,0.15436241610738255,1.72,0.2647058823529412,1.9111111111111112,0.31297709923664124,1.6862745098039216,0.25547445255474455,1.6862745098039216,0.25547445255474455,2.8666666666666667,0.4827586206896552,2.388888888888889,0.4098360655737705,0.75,-0.14285714285714285,0.8372093023255814,-0.08860759493670886,1.1428571428571428,0.06666666666666667,1.44,0.18032786885245902,1.6,0.23076923076923078,1.411764705882353,0.17073170731707318,1.411764705882353,0.17073170731707318,2.4,0.4117647058823529,2.0,0.3333333333333333,0.65625,-0.20754716981132076,0.7325581395348837,-0.15436241610738255,0.875,-0.06666666666666667,1.26,0.11504424778761062,1.4,0.16666666666666666,1.2352941176470589,0.10526315789473684,1.2352941176470589,0.10526315789473684,2.1,0.3548387096774194,1.75,0.2727272727272727,0.5208333333333334,-0.3150684931506849,0.5813953488372093,-0.2647058823529412,0.6944444444444444,-0.18032786885245902,0.7936507936507936,-0.11504424778761062,1.1111111111111112,0.05263157894736842,0.9803921568627451,-0.009900990099009901,0.9803921568627451,-0.009900990099009901,1.6666666666666667,0.25,1.3888888888888888,0.16279069767441862,0.46875,-0.3617021276595745,0.5232558139534884,-0.31297709923664124,0.625,-0.23076923076923078,0.7142857142857143,-0.16666666666666666,0.9,-0.05263157894736842,0.8823529411764706,-0.0625,0.8823529411764706,-0.0625,1.5,0.2,1.25,0.1111111111111111,0.53125,-0.30612244897959184,0.5930232558139535,-0.25547445255474455,0.7083333333333334,-0.17073170731707318,0.8095238095238095,-0.10526315789473684,1.02,0.009900990099009901,1.1333333333333333,0.0625,1.0,0.0,1.7,0.25925925925925924,1.4166666666666667,0.1724137931034483,0.53125,-0.30612244897959184,0.5930232558139535,-0.25547445255474455,0.7083333333333334,-0.17073170731707318,0.8095238095238095,-0.10526315789473684,1.02,0.009900990099009901,1.1333333333333333,0.0625,1.0,0.0,1.7,0.25925925925925924,1.4166666666666667,0.1724137931034483,0.3125,-0.5238095238095238,0.3488372093023256,-0.4827586206896552,0.4166666666666667,-0.4117647058823529,0.47619047619047616,-0.3548387096774194,0.6,-0.25,0.6666666666666666,-0.2,0.5882352941176471,-0.25925925925925924,0.5882352941176471,-0.25925925925925924,0.8333333333333334,-0.09090909090909091,0.375,-0.45454545454545453,0.4186046511627907,-0.4098360655737705,0.5,-0.3333333333333333,0.5714285714285714,-0.2727272727272727,0.72,-0.16279069767441862,0.8,-0.1111111111111111,0.7058823529411765,-0.1724137931034483,0.7058823529411765,-0.1724137931034483,1.2,0.09090909090909091
56,57,121,90,80,83,81,86,68,62,2/7/2024,219.6,1.3444444444444446,0.14691943127962084,1.5125,0.20398009950248755,1.4578313253012047,0.18627450980392157,1.4938271604938271,0.19801980198019803,1.4069767441860466,0.16908212560386474,1.7794117647058822,0.2804232804232804,1.9516129032258065,0.3224043715846995,2.1607142857142856,0.3672316384180791,2.1228070175438596,0.3595505617977528,0.743801652892562,-0.14691943127962084,1.125,0.058823529411764705,1.0843373493975903,0.04046242774566474,1.1111111111111112,0.05263157894736842,1.0465116279069768,0.022727272727272728,1.3235294117647058,0.13924050632911392,1.4516129032258065,0.18421052631578946,1.6071428571428572,0.2328767123287671,1.5789473684210527,0.22448979591836735,0.6611570247933884,-0.20398009950248755,0.8888888888888888,-0.058823529411764705,0.963855421686747,-0.018404907975460124,0.9876543209876543,-0.006211180124223602,0.9302325581395349,-0.03614457831325301,1.1764705882352942,0.08108108108108109,1.2903225806451613,0.1267605633802817,1.4285714285714286,0.17647058823529413,1.4035087719298245,0.1678832116788321,0.6859504132231405,-0.18627450980392157,0.9222222222222223,-0.04046242774566474,1.0375,0.018404907975460124,1.0246913580246915,0.012195121951219513,0.9651162790697675,-0.01775147928994083,1.2205882352941178,0.09933774834437085,1.3387096774193548,0.14482758620689656,1.4821428571428572,0.19424460431654678,1.456140350877193,0.18571428571428572,0.6694214876033058,-0.19801980198019803,0.9,-0.05263157894736842,1.0125,0.006211180124223602,0.9759036144578314,-0.012195121951219513,0.9418604651162791,-0.029940119760479042,1.1911764705882353,0.087248322147651,1.3064516129032258,0.13286713286713286,1.4464285714285714,0.18248175182481752,1.4210526315789473,0.17391304347826086,0.7107438016528925,-0.16908212560386474,0.9555555555555556,-0.022727272727272728,1.075,0.03614457831325301,1.036144578313253,0.01775147928994083,1.0617283950617284,0.029940119760479042,1.2647058823529411,0.11688311688311688,1.3870967741935485,0.16216216216216217,1.5357142857142858,0.2112676056338028,1.5087719298245614,0.20279720279720279,0.5619834710743802,-0.2804232804232804,0.7555555555555555,-0.13924050632911392,0.85,-0.08108108108108109,0.8192771084337349,-0.09933774834437085,0.8395061728395061,-0.087248322147651,0.7906976744186046,-0.11688311688311688,1.096774193548387,0.046153846153846156,1.2142857142857142,0.0967741935483871,1.1929824561403508,0.088,0.512396694214876,-0.3224043715846995,0.6888888888888889,-0.18421052631578946,0.775,-0.1267605633802817,0.7469879518072289,-0.14482758620689656,0.7654320987654321,-0.13286713286713286,0.7209302325581395,-0.16216216216216217,0.9117647058823529,-0.046153846153846156,1.1071428571428572,0.05084745762711865,1.087719298245614,0.04201680672268908,0.4628099173553719,-0.3672316384180791,0.6222222222222222,-0.2328767123287671,0.7,-0.17647058823529413,0.6746987951807228,-0.19424460431654678,0.691358024691358,-0.18248175182481752,0.6511627906976745,-0.2112676056338028,0.8235294117647058,-0.0967741935483871,0.9032258064516129,-0.05084745762711865,0.9824561403508771,-0.008849557522123894,0.47107438016528924,-0.3595505617977528,0.6333333333333333,-0.22448979591836735,0.7125,-0.1678832116788321,0.6867469879518072,-0.18571428571428572,0.7037037037037037,-0.17391304347826086,0.6627906976744186,-0.20279720279720279,0.8382352941176471,-0.088,0.9193548387096774,-0.04201680672268908,1.0178571428571428,0.008849557522123894
4,4,52,52,51,68,39,36,38,12,2/22/2024,203.26,1.0,0.0,1.0196078431372548,0.009708737864077669,0.7647058823529411,-0.13333333333333333,1.3333333333333333,0.14285714285714285,1.4444444444444444,0.18181818181818182,1.368421052631579,0.15555555555555556,4.333333333333333,0.625,13.0,0.8571428571428571,13.0,0.8571428571428571,1.0,0.0,1.0196078431372548,0.009708737864077669,0.7647058823529411,-0.13333333333333333,1.3333333333333333,0.14285714285714285,1.4444444444444444,0.18181818181818182,1.368421052631579,0.15555555555555556,4.333333333333333,0.625,13.0,0.8571428571428571,13.0,0.8571428571428571,0.9807692307692307,-0.009708737864077669,0.9807692307692307,-0.009708737864077669,0.75,-0.14285714285714285,1.3076923076923077,0.13333333333333333,1.4166666666666667,0.1724137931034483,1.3421052631578947,0.14606741573033707,4.25,0.6190476190476191,12.75,0.8545454545454545,12.75,0.8545454545454545,1.3076923076923077,0.13333333333333333,1.3076923076923077,0.13333333333333333,1.3333333333333333,0.14285714285714285,1.7435897435897436,0.27102803738317754,1.8888888888888888,0.3076923076923077,1.7894736842105263,0.2830188679245283,5.666666666666667,0.7,17.0,0.8888888888888888,17.0,0.8888888888888888,0.75,-0.14285714285714285,0.75,-0.14285714285714285,0.7647058823529411,-0.13333333333333333,0.5735294117647058,-0.27102803738317754,1.0833333333333333,0.04,1.0263157894736843,0.012987012987012988,3.25,0.5294117647058824,9.75,0.813953488372093,9.75,0.813953488372093,0.6923076923076923,-0.18181818181818182,0.6923076923076923,-0.18181818181818182,0.7058823529411765,-0.1724137931034483,0.5294117647058824,-0.3076923076923077,0.9230769230769231,-0.04,0.9473684210526315,-0.02702702702702703,3.0,0.5,9.0,0.8,9.0,0.8,0.7307692307692307,-0.15555555555555556,0.7307692307692307,-0.15555555555555556,0.7450980392156863,-0.14606741573033707,0.5588235294117647,-0.2830188679245283,0.9743589743589743,-0.012987012987012988,1.0555555555555556,0.02702702702702703,3.1666666666666665,0.52,9.5,0.8095238095238095,9.5,0.8095238095238095,0.23076923076923078,-0.625,0.23076923076923078,-0.625,0.23529411764705882,-0.6190476190476191,0.17647058823529413,-0.7,0.3076923076923077,-0.5294117647058824,0.3333333333333333,-0.5,0.3157894736842105,-0.52,3.0,0.5,3.0,0.5,0.07692307692307693,-0.8571428571428571,0.07692307692307693,-0.8571428571428571,0.0784313725490196,-0.8545454545454545,0.058823529411764705,-0.8888888888888888,0.10256410256410256,-0.813953488372093,0.1111111111111111,-0.8,0.10526315789473684,-0.8095238095238095,0.3333333333333333,-0.5,1.0,0.0,0.07692307692307693,-0.8571428571428571,0.07692307692307693,-0.8571428571428571,0.0784313725490196,-0.8545454545454545,0.058823529411764705,-0.8888888888888888,0.10256410256410256,-0.813953488372093,0.1111111111111111,-0.8,0.10526315789473684,-0.8095238095238095,0.3333333333333333,-0.5,1.0,0.0
92,76,178,149,138,150,116,134,116,102,2/27/2024,199.35,1.1946308724832215,0.08868501529051988,1.289855072463768,0.12658227848101267,1.1866666666666668,0.08536585365853659,1.5344827586206897,0.2108843537414966,1.328358208955224,0.14102564102564102,1.5344827586206897,0.2108843537414966,1.7450980392156863,0.2714285714285714,1.934782608695652,0.31851851851851853,2.3421052631578947,0.4015748031496063,0.8370786516853933,-0.08868501529051988,1.0797101449275361,0.03832752613240418,0.9933333333333333,-0.0033444816053511705,1.2844827586206897,0.12452830188679245,1.1119402985074627,0.053003533568904596,1.2844827586206897,0.12452830188679245,1.4607843137254901,0.18725099601593626,1.6195652173913044,0.23651452282157676,1.9605263157894737,0.3244444444444444,0.7752808988764045,-0.12658227848101267,0.9261744966442953,-0.03832752613240418,0.92,-0.041666666666666664,1.1896551724137931,0.08661417322834646,1.0298507462686568,0.014705882352941176,1.1896551724137931,0.08661417322834646,1.3529411764705883,0.15,1.5,0.2,1.8157894736842106,0.2897196261682243,0.8426966292134831,-0.08536585365853659,1.0067114093959733,0.0033444816053511705,1.0869565217391304,0.041666666666666664,1.293103448275862,0.12781954887218044,1.1194029850746268,0.056338028169014086,1.293103448275862,0.12781954887218044,1.4705882352941178,0.19047619047619047,1.6304347826086956,0.2396694214876033,1.9736842105263157,0.3274336283185841,0.651685393258427,-0.2108843537414966,0.7785234899328859,-0.12452830188679245,0.8405797101449275,-0.08661417322834646,0.7733333333333333,-0.12781954887218044,0.8656716417910447,-0.072,1.0,0.0,1.1372549019607843,0.06422018348623854,1.2608695652173914,0.11538461538461539,1.5263157894736843,0.20833333333333334,0.7528089887640449,-0.14102564102564102,0.8993288590604027,-0.053003533568904596,0.9710144927536232,-0.014705882352941176,0.8933333333333333,-0.056338028169014086,1.1551724137931034,0.072,1.1551724137931034,0.072,1.3137254901960784,0.13559322033898305,1.4565217391304348,0.18584070796460178,1.763157894736842,0.2761904761904762,0.651685393258427,-0.2108843537414966,0.7785234899328859,-0.12452830188679245,0.8405797101449275,-0.08661417322834646,0.7733333333333333,-0.12781954887218044,1.0,0.0,0.8656716417910447,-0.072,1.1372549019607843,0.06422018348623854,1.2608695652173914,0.11538461538461539,1.5263157894736843,0.20833333333333334,0.5730337078651685,-0.2714285714285714,0.6845637583892618,-0.18725099601593626,0.7391304347826086,-0.15,0.68,-0.19047619047619047,0.8793103448275862,-0.06422018348623854,0.7611940298507462,-0.13559322033898305,0.8793103448275862,-0.06422018348623854,1.108695652173913,0.05154639175257732,1.3421052631578947,0.14606741573033707,0.5168539325842697,-0.31851851851851853,0.6174496644295302,-0.23651452282157676,0.6666666666666666,-0.2,0.6133333333333333,-0.2396694214876033,0.7931034482758621,-0.11538461538461539,0.6865671641791045,-0.18584070796460178,0.7931034482758621,-0.11538461538461539,0.9019607843137255,-0.05154639175257732,1.2105263157894737,0.09523809523809523,0.42696629213483145,-0.4015748031496063,0.5100671140939598,-0.3244444444444444,0.5507246376811594,-0.2897196261682243,0.5066666666666667,-0.3274336283185841,0.6551724137931034,-0.20833333333333334,0.5671641791044776,-0.2761904761904762,0.6551724137931034,-0.20833333333333334,0.7450980392156863,-0.14606741573033707,0.8260869565217391,-0.09523809523809523
437,402,510,574,589,635,534,549,513,505,4/12/2024,118.26,0.8885017421602788,-0.05904059040590406,0.865874363327674,-0.0718835304822566,0.8031496062992126,-0.1091703056768559,0.9550561797752809,-0.022988505747126436,0.9289617486338798,-0.036827195467422094,0.9941520467836257,-0.002932551319648094,1.00990099009901,0.0049261083743842365,1.1670480549199085,0.07708553326293559,1.2686567164179106,0.11842105263157894,1.1254901960784314,0.05904059040590406,0.9745331069609507,-0.012897678417884782,0.9039370078740158,-0.050454921422663356,1.0749063670411985,0.036101083032490974,1.0455373406193078,0.02226179875333927,1.1189083820662769,0.05611775528978841,1.1366336633663365,0.0639481000926784,1.3135011441647597,0.13550939663699307,1.427860696517413,0.1762295081967213,1.1549019607843136,0.0718835304822566,1.0261324041811846,0.012897678417884782,0.9275590551181102,-0.03758169934640523,1.1029962546816479,0.048975957257346395,1.0728597449908925,0.0351493848857645,1.1481481481481481,0.06896551724137931,1.1663366336633663,0.07678244972577697,1.3478260869565217,0.14814814814814814,1.4651741293532339,0.18869828456104945,1.2450980392156863,0.1091703056768559,1.1062717770034842,0.050454921422663356,1.0780984719864177,0.03758169934640523,1.1891385767790261,0.08639863130881095,1.156648451730419,0.07263513513513513,1.2378167641325537,0.10627177700348432,1.2574257425742574,0.11403508771929824,1.4530892448512587,0.18470149253731344,1.5796019900497513,0.22468659594985535,1.0470588235294118,0.022988505747126436,0.9303135888501742,-0.036101083032490974,0.9066213921901528,-0.048975957257346395,0.8409448818897638,-0.08639863130881095,0.9726775956284153,-0.013850415512465374,1.04093567251462,0.02005730659025788,1.0574257425742575,0.02791145332050048,1.2219679633867278,0.09989701338825953,1.328358208955224,0.14102564102564102,1.076470588235294,0.036827195467422094,0.9564459930313589,-0.02226179875333927,0.9320882852292021,-0.0351493848857645,0.8645669291338582,-0.07263513513513513,1.0280898876404494,0.013850415512465374,1.0701754385964912,0.03389830508474576,1.0871287128712872,0.04174573055028463,1.2562929061784898,0.11359026369168357,1.3656716417910448,0.15457413249211358,1.0058823529411764,0.002932551319648094,0.8937282229965157,-0.05611775528978841,0.8709677419354839,-0.06896551724137931,0.8078740157480315,-0.10627177700348432,0.9606741573033708,-0.02005730659025788,0.9344262295081968,-0.03389830508474576,1.0158415841584159,0.007858546168958742,1.173913043478261,0.08,1.2761194029850746,0.12131147540983607,0.9901960784313726,-0.0049261083743842365,0.8797909407665505,-0.0639481000926784,0.8573853989813243,-0.07678244972577697,0.7952755905511811,-0.11403508771929824,0.9456928838951311,-0.02791145332050048,0.9198542805100182,-0.04174573055028463,0.9844054580896686,-0.007858546168958742,1.1556064073226544,0.07218683651804671,1.256218905472637,0.11356119073869901,0.8568627450980392,-0.07708553326293559,0.7613240418118467,-0.13550939663699307,0.7419354838709677,-0.14814814814814814,0.6881889763779527,-0.18470149253731344,0.8183520599250936,-0.09989701338825953,0.7959927140255009,-0.11359026369168357,0.8518518518518519,-0.08,0.8653465346534653,-0.07218683651804671,1.0870646766169154,0.041716328963051254,0.788235294117647,-0.11842105263157894,0.7003484320557491,-0.1762295081967213,0.6825127334465195,-0.18869828456104945,0.6330708661417322,-0.22468659594985535,0.7528089887640449,-0.14102564102564102,0.73224043715847,-0.15457413249211358,0.783625730994152,-0.12131147540983607,0.7960396039603961,-0.11356119073869901,0.919908466819222,-0.041716328963051254
637,573,706,747,746,803,721,727,650,688,4/17/2024,136.01,0.9451137884872824,-0.028217481073640742,0.9463806970509383,-0.027548209366391185,0.8792029887920298,-0.06428098078197482,0.9791955617198336,-0.01051156271899089,0.9711141678129298,-0.01465457083042568,1.0861538461538462,0.04129793510324484,1.0261627906976745,0.01291248206599713,1.108320251177394,0.05137751303052867,1.2321116928446771,0.10398749022673964,1.0580736543909348,0.028217481073640742,1.0013404825737264,0.0006697923643670462,0.9302615193026152,-0.03612903225806452,1.0360610263522885,0.017711171662125342,1.0275103163686383,0.013568521031207599,1.1492307692307693,0.06943450250536864,1.0857558139534884,0.04111498257839721,1.1726844583987441,0.07947976878612717,1.3036649214659686,0.1318181818181818,1.0566572237960339,0.027548209366391185,0.998661311914324,-0.0006697923643670462,0.9290161892901619,-0.036797934151065206,1.0346740638002774,0.017041581458759374,1.0261348005502062,0.012898845892735914,1.1476923076923078,0.06876790830945559,1.0843023255813953,0.040446304044630406,1.1711145996860282,0.07881417208966016,1.3019197207678883,0.13115996967399546,1.1373937677053825,0.06428098078197482,1.0749665327978581,0.03612903225806452,1.0764075067024128,0.036797934151065206,1.1137309292649098,0.05380577427821522,1.1045392022008254,0.04967320261437908,1.2353846153846153,0.10529938059187888,1.1671511627906976,0.07712944332662643,1.260596546310832,0.11527777777777778,1.4013961605584642,0.16715116279069767,1.0212464589235128,0.01051156271899089,0.965194109772423,-0.017711171662125342,0.9664879356568364,-0.017041581458759374,0.8978829389788294,-0.05380577427821522,0.9917469050894085,-0.004143646408839779,1.1092307692307692,0.051787016776075855,1.0479651162790697,0.0234208658623137,1.1318681318681318,0.061855670103092786,1.2582897033158813,0.1143740340030912,1.0297450424929178,0.01465457083042568,0.9732262382864793,-0.013568521031207599,0.9745308310991957,-0.012898845892735914,0.9053549190535491,-0.04967320261437908,1.0083217753120666,0.004143646408839779,1.1184615384615384,0.05591866376180102,1.056686046511628,0.02756183745583039,1.141287284144427,0.06598240469208211,1.268760907504363,0.11846153846153847,0.9206798866855525,-0.04129793510324484,0.8701472556894244,-0.06943450250536864,0.871313672922252,-0.06876790830945559,0.8094645080946451,-0.10529938059187888,0.9015256588072122,-0.051787016776075855,0.8940852819807428,-0.05591866376180102,0.9447674418604651,-0.028400597907324365,1.0204081632653061,0.010101010101010102,1.1343804537521816,0.06295993458708095,0.9745042492917847,-0.01291248206599713,0.9210174029451138,-0.04111498257839721,0.9222520107238605,-0.040446304044630406,0.8567870485678705,-0.07712944332662643,0.9542302357836339,-0.0234208658623137,0.9463548830811555,-0.02756183745583039,1.0584615384615386,0.028400597907324365,1.0800627943485086,0.038490566037735846,1.2006980802792322,0.09119746233148295,0.9022662889518414,-0.05137751303052867,0.8527443105756358,-0.07947976878612717,0.853887399463807,-0.07881417208966016,0.7932752179327521,-0.11527777777777778,0.883495145631068,-0.061855670103092786,0.8762035763411279,-0.06598240469208211,0.98,-0.010101010101010102,0.9258720930232558,-0.038490566037735846,1.111692844677138,0.05289256198347107,0.8116147308781869,-0.10398749022673964,0.7670682730923695,-0.1318181818181818,0.7680965147453083,-0.13115996967399546,0.7135740971357409,-0.16715116279069767,0.7947295423023578,-0.1143740340030912,0.7881705639614855,-0.11846153846153847,0.8815384615384615,-0.06295993458708095,0.8328488372093024,-0.09119746233148295,0.8995290423861853,-0.05289256198347107
889,835,1022,1011,994,1039,945,969,904,922,5/27/2024,116.38,1.0108803165182987,0.0054107230693556324,1.028169014084507,0.013888888888888888,0.983638113570741,-0.008248423095584668,1.0814814814814815,0.03914590747330961,1.0546955624355006,0.026619789050728277,1.1305309734513274,0.0612668743509865,1.1084598698481563,0.051440329218107,1.1496062992125984,0.0695970695970696,1.2239520958083832,0.10070005385029618,0.9892367906066536,-0.0054107230693556324,1.017102615694165,0.008478802992518703,0.973051010587103,-0.013658536585365854,1.0698412698412698,0.03374233128834356,1.043343653250774,0.021212121212121213,1.1183628318584071,0.05587467362924282,1.096529284164859,0.04604242110708743,1.1372328458942633,0.06421052631578947,1.2107784431137725,0.09534127843986999,0.9726027397260274,-0.013888888888888888,0.9831849653808111,-0.008478802992518703,0.9566891241578441,-0.022134776192818496,1.0518518518518518,0.02527075812274368,1.0257997936016512,0.01273560876209883,1.0995575221238938,0.04741833508956796,1.0780911062906724,0.037578288100208766,1.1181102362204725,0.055762081784386616,1.1904191616766466,0.08693275013668672,1.0166340508806262,0.008248423095584668,1.0276953511374876,0.013658536585365854,1.045271629778672,0.022134776192818496,1.0994708994708995,0.047379032258064516,1.0722394220846234,0.0348605577689243,1.1493362831858407,0.06948018528049409,1.1268980477223427,0.05966343702192759,1.1687289088863893,0.07780082987551867,1.244311377245509,0.10885805763073639,0.9246575342465754,-0.03914590747330961,0.9347181008902077,-0.03374233128834356,0.9507042253521126,-0.02527075812274368,0.9095283926852743,-0.047379032258064516,0.9752321981424149,-0.012539184952978056,1.045353982300885,0.022174148188209845,1.024945770065076,0.012319228709159078,1.062992125984252,0.030534351145038167,1.1317365269461077,0.06179775280898876,0.9481409001956947,-0.026619789050728277,0.9584569732937686,-0.021212121212121213,0.9748490945674044,-0.01273560876209883,0.9326275264677575,-0.0348605577689243,1.0253968253968253,0.012539184952978056,1.0719026548672566,0.034703683929524824,1.0509761388286334,0.024854574299312534,1.0899887514060742,0.04305705059203445,1.1604790419161677,0.07427937915742794,0.8845401174168297,-0.0612668743509865,0.8941641938674579,-0.05587467362924282,0.9094567404426559,-0.04741833508956796,0.8700673724735323,-0.06948018528049409,0.9566137566137566,-0.022174148188209845,0.932920536635707,-0.034703683929524824,0.9804772234273319,-0.009857612267250822,1.0168728908886389,0.008365867261572783,1.0826347305389221,0.039677975848188614,0.9021526418786693,-0.051440329218107,0.9119683481701286,-0.04604242110708743,0.9275653923541247,-0.037578288100208766,0.8873917228103946,-0.05966343702192759,0.9756613756613757,-0.012319228709159078,0.9514963880288958,-0.024854574299312534,1.0199115044247788,0.009857612267250822,1.0371203599550056,0.018221976808393152,1.1041916167664672,0.04951622083096187,0.8698630136986302,-0.0695970695970696,0.8793273986152325,-0.06421052631578947,0.8943661971830986,-0.055762081784386616,0.8556304138594802,-0.07780082987551867,0.9407407407407408,-0.030534351145038167,0.9174406604747162,-0.04305705059203445,0.9834070796460177,-0.008365867261572783,0.9642082429501084,-0.018221976808393152,1.0646706586826347,0.031322505800464036,0.8170254403131115,-0.10070005385029618,0.8259149357072205,-0.09534127843986999,0.8400402414486922,-0.08693275013668672,0.8036573628488932,-0.10885805763073639,0.8835978835978836,-0.06179775280898876,0.8617131062951496,-0.07427937915742794,0.9236725663716814,-0.039677975848188614,0.9056399132321041,-0.04951622083096187,0.9392575928008999,-0.031322505800464036
45,36,139,96,67,73,62,63,53,50,8/15/2025,69.37,1.4479166666666667,0.1829787234042553,2.074626865671642,0.34951456310679613,1.904109589041096,0.3113207547169811,2.2419354838709675,0.38308457711442784,2.2063492063492065,0.37623762376237624,2.6226415094339623,0.4479166666666667,2.78,0.4708994708994709,3.088888888888889,0.5108695652173914,3.861111111111111,0.5885714285714285,0.6906474820143885,-0.1829787234042553,1.4328358208955223,0.17791411042944785,1.3150684931506849,0.13609467455621302,1.5483870967741935,0.21518987341772153,1.5238095238095237,0.20754716981132076,1.8113207547169812,0.28859060402684567,1.92,0.3150684931506849,2.1333333333333333,0.3617021276595745,2.6666666666666665,0.45454545454545453,0.48201438848920863,-0.34951456310679613,0.6979166666666666,-0.17791411042944785,0.9178082191780822,-0.04285714285714286,1.0806451612903225,0.03875968992248062,1.0634920634920635,0.03076923076923077,1.2641509433962264,0.11666666666666667,1.34,0.1452991452991453,1.488888888888889,0.19642857142857142,1.8611111111111112,0.30097087378640774,0.5251798561151079,-0.3113207547169811,0.7604166666666666,-0.13609467455621302,1.0895522388059702,0.04285714285714286,1.1774193548387097,0.08148148148148149,1.1587301587301588,0.07352941176470588,1.3773584905660377,0.15873015873015872,1.46,0.18699186991869918,1.6222222222222222,0.23728813559322035,2.0277777777777777,0.3394495412844037,0.4460431654676259,-0.38308457711442784,0.6458333333333334,-0.21518987341772153,0.9253731343283582,-0.03875968992248062,0.8493150684931506,-0.08148148148148149,0.9841269841269841,-0.008,1.169811320754717,0.0782608695652174,1.24,0.10714285714285714,1.3777777777777778,0.1588785046728972,1.7222222222222223,0.2653061224489796,0.45323741007194246,-0.37623762376237624,0.65625,-0.20754716981132076,0.9402985074626866,-0.03076923076923077,0.863013698630137,-0.07352941176470588,1.0161290322580645,0.008,1.1886792452830188,0.08620689655172414,1.26,0.11504424778761062,1.4,0.16666666666666666,1.75,0.2727272727272727,0.381294964028777,-0.4479166666666667,0.5520833333333334,-0.28859060402684567,0.7910447761194029,-0.11666666666666667,0.726027397260274,-0.15873015873015872,0.8548387096774194,-0.0782608695652174,0.8412698412698413,-0.08620689655172414,1.06,0.02912621359223301,1.1777777777777778,0.08163265306122448,1.4722222222222223,0.19101123595505617,0.3597122302158273,-0.4708994708994709,0.5208333333333334,-0.3150684931506849,0.746268656716418,-0.1452991452991453,0.684931506849315,-0.18699186991869918,0.8064516129032258,-0.10714285714285714,0.7936507936507936,-0.11504424778761062,0.9433962264150944,-0.02912621359223301,1.1111111111111112,0.05263157894736842,1.3888888888888888,0.16279069767441862,0.3237410071942446,-0.5108695652173914,0.46875,-0.3617021276595745,0.6716417910447762,-0.19642857142857142,0.6164383561643836,-0.23728813559322035,0.7258064516129032,-0.1588785046728972,0.7142857142857143,-0.16666666666666666,0.8490566037735849,-0.08163265306122448,0.9,-0.05263157894736842,1.25,0.1111111111111111,0.2589928057553957,-0.5885714285714285,0.375,-0.45454545454545453,0.5373134328358209,-0.30097087378640774,0.4931506849315068,-0.3394495412844037,0.5806451612903226,-0.2653061224489796,0.5714285714285714,-0.2727272727272727,0.6792452830188679,-0.19101123595505617,0.72,-0.16279069767441862,0.8,-0.1111111111111111
18,33,105,68,41,43,30,30,21,26,8/17/2025,88.68,1.5441176470588236,0.2138728323699422,2.5609756097560976,0.4383561643835616,2.441860465116279,0.4189189189189189,3.5,0.5555555555555556,3.5,0.5555555555555556,5.0,0.6666666666666666,4.038461538461538,0.6030534351145038,5.833333333333333,0.7073170731707317,3.1818181818181817,0.5217391304347826,0.6476190476190476,-0.2138728323699422,1.6585365853658536,0.24770642201834864,1.5813953488372092,0.22522522522522523,2.2666666666666666,0.3877551020408163,2.2666666666666666,0.3877551020408163,3.238095238095238,0.5280898876404494,2.6153846153846154,0.44680851063829785,3.7777777777777777,0.5813953488372093,2.0606060606060606,0.3465346534653465,0.3904761904761905,-0.4383561643835616,0.6029411764705882,-0.24770642201834864,0.9534883720930233,-0.023809523809523808,1.3666666666666667,0.15492957746478872,1.3666666666666667,0.15492957746478872,1.9523809523809523,0.3225806451612903,1.5769230769230769,0.22388059701492538,2.2777777777777777,0.3898305084745763,1.2424242424242424,0.10810810810810811,0.4095238095238095,-0.4189189189189189,0.6323529411764706,-0.22522522522522523,1.048780487804878,0.023809523809523808,1.4333333333333333,0.1780821917808219,1.4333333333333333,0.1780821917808219,2.0476190476190474,0.34375,1.6538461538461537,0.2463768115942029,2.388888888888889,0.4098360655737705,1.303030303030303,0.13157894736842105,0.2857142857142857,-0.5555555555555556,0.4411764705882353,-0.3877551020408163,0.7317073170731707,-0.15492957746478872,0.6976744186046512,-0.1780821917808219,1.0,0.0,1.4285714285714286,0.17647058823529413,1.1538461538461537,0.07142857142857142,1.6666666666666667,0.25,0.9090909090909091,-0.047619047619047616,0.2857142857142857,-0.5555555555555556,0.4411764705882353,-0.3877551020408163,0.7317073170731707,-0.15492957746478872,0.6976744186046512,-0.1780821917808219,1.0,0.0,1.4285714285714286,0.17647058823529413,1.1538461538461537,0.07142857142857142,1.6666666666666667,0.25,0.9090909090909091,-0.047619047619047616,0.2,-0.6666666666666666,0.3088235294117647,-0.5280898876404494,0.5121951219512195,-0.3225806451612903,0.4883720930232558,-0.34375,0.7,-0.17647058823529413,0.7,-0.17647058823529413,0.8076923076923077,-0.10638297872340426,1.1666666666666667,0.07692307692307693,0.6363636363636364,-0.2222222222222222,0.24761904761904763,-0.6030534351145038,0.38235294117647056,-0.44680851063829785,0.6341463414634146,-0.22388059701492538,0.6046511627906976,-0.2463768115942029,0.8666666666666667,-0.07142857142857142,0.8666666666666667,-0.07142857142857142,1.2380952380952381,0.10638297872340426,1.4444444444444444,0.18181818181818182,0.7878787878787878,-0.11864406779661017,0.17142857142857143,-0.7073170731707317,0.2647058823529412,-0.5813953488372093,0.43902439024390244,-0.3898305084745763,0.4186046511627907,-0.4098360655737705,0.6,-0.25,0.6,-0.25,0.8571428571428571,-0.07692307692307693,0.6923076923076923,-0.18181818181818182,0.5454545454545454,-0.29411764705882354,0.3142857142857143,-0.5217391304347826,0.4852941176470588,-0.3465346534653465,0.8048780487804879,-0.10810810810810811,0.7674418604651163,-0.13157894736842105,1.1,0.047619047619047616,1.1,0.047619047619047616,1.5714285714285714,0.2222222222222222,1.2692307692307692,0.11864406779661017,1.8333333333333333,0.29411764705882354
569,547,586,599,576,645,598,641,548,596,8/20/2025,76.99,0.9782971619365609,-0.010970464135021098,1.0173611111111112,0.008605851979345954,0.9085271317829458,-0.0479285134037368,0.979933110367893,-0.010135135135135136,0.9141965678627145,-0.04482477587612062,1.0693430656934306,0.03350970017636684,0.9832214765100671,-0.008460236886632826,1.0298769771528997,0.01471861471861472,1.0712979890310785,0.03442188879082083,1.022184300341297,0.010970464135021098,1.0399305555555556,0.01957446808510638,0.9286821705426357,-0.03697749196141479,1.0016722408026757,0.000835421888053467,0.9344773790951638,-0.03387096774193549,1.0930656934306568,0.044463818657367045,1.00503355704698,0.002510460251046025,1.0527240773286468,0.025684931506849314,1.0950639853747715,0.04537521815008726,0.9829351535836177,-0.008605851979345954,0.9616026711185309,-0.01957446808510638,0.8930232558139535,-0.056511056511056514,0.9632107023411371,-0.018739352640545145,0.8985959438377535,-0.05341002465078061,1.051094890510949,0.02491103202846975,0.9664429530201343,-0.017064846416382253,1.0123022847100176,0.00611353711790393,1.053016453382084,0.025823686553873553,1.1006825938566553,0.0479285134037368,1.0767946577629381,0.03697749196141479,1.1197916666666667,0.056511056511056514,1.0785953177257526,0.03781174577634755,1.0062402496099845,0.003110419906687403,1.177007299270073,0.08130762782900251,1.082214765100671,0.0394842868654311,1.133567662565905,0.06260296540362438,1.1791590493601463,0.08221476510067115,1.0204778156996588,0.010135135135135136,0.998330550918197,-0.000835421888053467,1.0381944444444444,0.018739352640545145,0.9271317829457364,-0.03781174577634755,0.9329173166926678,-0.03470540758676352,1.0912408759124088,0.04363001745200698,1.0033557046979866,0.0016750418760469012,1.0509666080843585,0.024850042844901457,1.093235831809872,0.0445414847161572,1.0938566552901023,0.04482477587612062,1.0701168614357262,0.03387096774193549,1.1128472222222223,0.05341002465078061,0.993798449612403,-0.003110419906687403,1.0719063545150502,0.03470540758676352,1.1697080291970803,0.0782169890664424,1.075503355704698,0.03637833468067906,1.1265377855887522,0.05950413223140496,1.1718464351005484,0.07912457912457913,0.9351535836177475,-0.03350970017636684,0.9148580968280468,-0.044463818657367045,0.9513888888888888,-0.02491103202846975,0.8496124031007752,-0.08130762782900251,0.9163879598662207,-0.04363001745200698,0.8549141965678627,-0.0782169890664424,0.9194630872483222,-0.04195804195804196,0.9630931458699473,-0.018800358102059087,1.0018281535648994,0.0009132420091324201,1.0170648464163823,0.008460236886632826,0.994991652754591,-0.002510460251046025,1.0347222222222223,0.017064846416382253,0.924031007751938,-0.0394842868654311,0.9966555183946488,-0.0016750418760469012,0.9297971918876755,-0.03637833468067906,1.0875912408759123,0.04195804195804196,1.047451669595782,0.02317596566523605,1.089579524680073,0.04286964129483815,0.9709897610921502,-0.01471861471861472,0.9499165275459098,-0.025684931506849314,0.9878472222222222,-0.00611353711790393,0.8821705426356589,-0.06260296540362438,0.9515050167224081,-0.024850042844901457,0.8876755070202809,-0.05950413223140496,1.0383211678832116,0.018800358102059087,0.9546979865771812,-0.02317596566523605,1.040219378427788,0.01971326164874552,0.9334470989761092,-0.03442188879082083,0.9131886477462438,-0.04537521815008726,0.9496527777777778,-0.025823686553873553,0.8480620155038759,-0.08221476510067115,0.9147157190635451,-0.0445414847161572,0.8533541341653667,-0.07912457912457913,0.9981751824817519,-0.0009132420091324201,0.9177852348993288,-0.04286964129483815,0.961335676625659,-0.01971326164874552
14,23,122,85,54,50,26,30,17,13,9/26/2025,51.64,1.4352941176470588,0.178743961352657,2.259259259259259,0.38636363636363635,2.44,0.4186046511627907,4.6923076923076925,0.6486486486486487,4.066666666666666,0.6052631578947368,7.176470588235294,0.7553956834532374,9.384615384615385,0.8074074074074075,8.714285714285714,0.7941176470588235,5.304347826086956,0.6827586206896552,0.6967213114754098,-0.178743961352657,1.5740740740740742,0.22302158273381295,1.7,0.25925925925925924,3.269230769230769,0.5315315315315315,2.8333333333333335,0.4782608695652174,5.0,0.6666666666666666,6.538461538461538,0.7346938775510204,6.071428571428571,0.7171717171717171,3.6956521739130435,0.5740740740740741,0.4426229508196721,-0.38636363636363635,0.6352941176470588,-0.22302158273381295,1.08,0.038461538461538464,2.076923076923077,0.35,1.8,0.2857142857142857,3.176470588235294,0.5211267605633803,4.153846153846154,0.6119402985074627,3.857142857142857,0.5882352941176471,2.347826086956522,0.4025974025974026,0.4098360655737705,-0.4186046511627907,0.5882352941176471,-0.25925925925925924,0.9259259259259259,-0.038461538461538464,1.9230769230769231,0.3157894736842105,1.6666666666666667,0.25,2.9411764705882355,0.4925373134328358,3.8461538461538463,0.5873015873015873,3.5714285714285716,0.5625,2.1739130434782608,0.3698630136986301,0.21311475409836064,-0.6486486486486487,0.3058823529411765,-0.5315315315315315,0.48148148148148145,-0.35,0.52,-0.3157894736842105,0.8666666666666667,-0.07142857142857142,1.5294117647058822,0.20930232558139536,2.0,0.3333333333333333,1.8571428571428572,0.3,1.1304347826086956,0.061224489795918366,0.2459016393442623,-0.6052631578947368,0.35294117647058826,-0.4782608695652174,0.5555555555555556,-0.2857142857142857,0.6,-0.25,1.1538461538461537,0.07142857142857142,1.7647058823529411,0.2765957446808511,2.3076923076923075,0.3953488372093023,2.142857142857143,0.36363636363636365,1.3043478260869565,0.1320754716981132,0.13934426229508196,-0.7553956834532374,0.2,-0.6666666666666666,0.3148148148148148,-0.5211267605633803,0.34,-0.4925373134328358,0.6538461538461539,-0.20930232558139536,0.5666666666666667,-0.2765957446808511,1.3076923076923077,0.13333333333333333,1.2142857142857142,0.0967741935483871,0.7391304347826086,-0.15,0.10655737704918032,-0.8074074074074075,0.15294117647058825,-0.7346938775510204,0.24074074074074073,-0.6119402985074627,0.26,-0.5873015873015873,0.5,-0.3333333333333333,0.43333333333333335,-0.3953488372093023,0.7647058823529411,-0.13333333333333333,0.9285714285714286,-0.037037037037037035,0.5652173913043478,-0.2777777777777778,0.11475409836065574,-0.7941176470588235,0.16470588235294117,-0.7171717171717171,0.25925925925925924,-0.5882352941176471,0.28,-0.5625,0.5384615384615384,-0.3,0.4666666666666667,-0.36363636363636365,0.8235294117647058,-0.0967741935483871,1.0769230769230769,0.037037037037037035,0.6086956521739131,-0.24324324324324326,0.1885245901639344,-0.6827586206896552,0.27058823529411763,-0.5740740740740741,0.42592592592592593,-0.4025974025974026,0.46,-0.3698630136986301,0.8846153846153846,-0.061224489795918366,0.7666666666666667,-0.1320754716981132,1.3529411764705883,0.15,1.7692307692307692,0.2777777777777778,1.6428571428571428,0.24324324324324326
53,72,55,58,50,55,60,49,43,50,10/14/2025,49.95,0.9482758620689655,-0.02654867256637168,1.1,0.047619047619047616,1.0,0.0,0.9166666666666666,-0.043478260869565216,1.1224489795918366,0.057692307692307696,1.2790697674418605,0.12244897959183673,1.1,0.047619047619047616,1.0377358490566038,0.018518518518518517,0.7638888888888888,-0.13385826771653545,1.0545454545454545,0.02654867256637168,1.16,0.07407407407407407,1.0545454545454545,0.02654867256637168,0.9666666666666667,-0.01694915254237288,1.183673469387755,0.08411214953271028,1.3488372093023255,0.1485148514851485,1.16,0.07407407407407407,1.0943396226415094,0.04504504504504504,0.8055555555555556,-0.1076923076923077,0.9090909090909091,-0.047619047619047616,0.8620689655172413,-0.07407407407407407,0.9090909090909091,-0.047619047619047616,0.8333333333333334,-0.09090909090909091,1.0204081632653061,0.010101010101010102,1.1627906976744187,0.07526881720430108,1.0,0.0,0.9433962264150944,-0.02912621359223301,0.6944444444444444,-0.18032786885245902,1.0,0.0,0.9482758620689655,-0.02654867256637168,1.1,0.047619047619047616,0.9166666666666666,-0.043478260869565216,1.1224489795918366,0.057692307692307696,1.2790697674418605,0.12244897959183673,1.1,0.047619047619047616,1.0377358490566038,0.018518518518518517,0.7638888888888888,-0.13385826771653545,1.0909090909090908,0.043478260869565216,1.0344827586206897,0.01694915254237288,1.2,0.09090909090909091,1.0909090909090908,0.043478260869565216,1.2244897959183674,0.10091743119266056,1.3953488372093024,0.1650485436893204,1.2,0.09090909090909091,1.1320754716981132,0.061946902654867256,0.8333333333333334,-0.09090909090909091,0.8909090909090909,-0.057692307692307696,0.8448275862068966,-0.08411214953271028,0.98,-0.010101010101010102,0.8909090909090909,-0.057692307692307696,0.8166666666666667,-0.10091743119266056,1.1395348837209303,0.06521739130434782,0.98,-0.010101010101010102,0.9245283018867925,-0.0392156862745098,0.6805555555555556,-0.19008264462809918,0.7818181818181819,-0.12244897959183673,0.7413793103448276,-0.1485148514851485,0.86,-0.07526881720430108,0.7818181818181819,-0.12244897959183673,0.7166666666666667,-0.1650485436893204,0.8775510204081632,-0.06521739130434782,0.86,-0.07526881720430108,0.8113207547169812,-0.10416666666666667,0.5972222222222222,-0.25217391304347825,0.9090909090909091,-0.047619047619047616,0.8620689655172413,-0.07407407407407407,1.0,0.0,0.9090909090909091,-0.047619047619047616,0.8333333333333334,-0.09090909090909091,1.0204081632653061,0.010101010101010102,1.1627906976744187,0.07526881720430108,0.9433962264150944,-0.02912621359223301,0.6944444444444444,-0.18032786885245902,0.9636363636363636,-0.018518518518518517,0.9137931034482759,-0.04504504504504504,1.06,0.02912621359223301,0.9636363636363636,-0.018518518518518517,0.8833333333333333,-0.061946902654867256,1.0816326530612246,0.0392156862745098,1.2325581395348837,0.10416666666666667,1.06,0.02912621359223301,0.7361111111111112,-0.152,1.309090909090909,0.13385826771653545,1.2413793103448276,0.1076923076923077,1.44,0.18032786885245902,1.309090909090909,0.13385826771653545,1.2,0.09090909090909091,1.469387755102041,0.19008264462809918,1.6744186046511629,0.25217391304347825,1.44,0.18032786885245902,1.3584905660377358,0.152
27,36,35,28,28,28,17,37,17,23,10/16/2025,31.37,1.25,0.1111111111111111,1.25,0.1111111111111111,1.25,0.1111111111111111,2.0588235294117645,0.34615384615384615,0.9459459459459459,-0.027777777777777776,2.0588235294117645,0.34615384615384615,1.5217391304347827,0.20689655172413793,1.2962962962962963,0.12903225806451613,0.9722222222222222,-0.014084507042253521,0.8,-0.1111111111111111,1.0,0.0,1.0,0.0,1.6470588235294117,0.24444444444444444,0.7567567567567568,-0.13846153846153847,1.6470588235294117,0.24444444444444444,1.2173913043478262,0.09803921568627451,1.037037037037037,0.01818181818181818,0.7777777777777778,-0.125,0.8,-0.1111111111111111,1.0,0.0,1.0,0.0,1.6470588235294117,0.24444444444444444,0.7567567567567568,-0.13846153846153847,1.6470588235294117,0.24444444444444444,1.2173913043478262,0.09803921568627451,1.037037037037037,0.01818181818181818,0.7777777777777778,-0.125,0.8,-0.1111111111111111,1.0,0.0,1.0,0.0,1.6470588235294117,0.24444444444444444,0.7567567567567568,-0.13846153846153847,1.6470588235294117,0.24444444444444444,1.2173913043478262,0.09803921568627451,1.037037037037037,0.01818181818181818,0.7777777777777778,-0.125,0.4857142857142857,-0.34615384615384615,0.6071428571428571,-0.24444444444444444,0.6071428571428571,-0.24444444444444444,0.6071428571428571,-0.24444444444444444,0.4594594594594595,-0.37037037037037035,1.0,0.0,0.7391304347826086,-0.15,0.6296296296296297,-0.22727272727272727,0.4722222222222222,-0.3584905660377358,1.0571428571428572,0.027777777777777776,1.3214285714285714,0.13846153846153847,1.3214285714285714,0.13846153846153847,1.3214285714285714,0.13846153846153847,2.176470588235294,0.37037037037037035,2.176470588235294,0.37037037037037035,1.608695652173913,0.23333333333333334,1.3703703703703705,0.15625,1.0277777777777777,0.0136986301369863,0.4857142857142857,-0.34615384615384615,0.6071428571428571,-0.24444444444444444,0.6071428571428571,-0.24444444444444444,0.6071428571428571,-0.24444444444444444,1.0,0.0,0.4594594594594595,-0.37037037037037035,0.7391304347826086,-0.15,0.6296296296296297,-0.22727272727272727,0.4722222222222222,-0.3584905660377358,0.6571428571428571,-0.20689655172413793,0.8214285714285714,-0.09803921568627451,0.8214285714285714,-0.09803921568627451,0.8214285714285714,-0.09803921568627451,1.3529411764705883,0.15,0.6216216216216216,-0.23333333333333334,1.3529411764705883,0.15,0.8518518518518519,-0.08,0.6388888888888888,-0.22033898305084745,0.7714285714285715,-0.12903225806451613,0.9642857142857143,-0.01818181818181818,0.9642857142857143,-0.01818181818181818,0.9642857142857143,-0.01818181818181818,1.588235294117647,0.22727272727272727,0.7297297297297297,-0.15625,1.588235294117647,0.22727272727272727,1.173913043478261,0.08,0.75,-0.14285714285714285,1.0285714285714285,0.014084507042253521,1.2857142857142858,0.125,1.2857142857142858,0.125,1.2857142857142858,0.125,2.1176470588235294,0.3584905660377358,0.972972972972973,-0.0136986301369863,2.1176470588235294,0.3584905660377358,1.565217391304348,0.22033898305084745,1.3333333333333333,0.14285714285714285
71,59,88,95,87,85,82,82,72,63,10/24/2025,146.05,0.9263157894736842,-0.03825136612021858,1.0114942528735633,0.005714285714285714,1.035294117647059,0.017341040462427744,1.0731707317073171,0.03529411764705882,1.0731707317073171,0.03529411764705882,1.2222222222222223,0.1,1.3968253968253967,0.16556291390728478,1.2394366197183098,0.1069182389937107,1.4915254237288136,0.19727891156462585,1.0795454545454546,0.03825136612021858,1.0919540229885059,0.04395604395604396,1.1176470588235294,0.05555555555555555,1.1585365853658536,0.07344632768361582,1.1585365853658536,0.07344632768361582,1.3194444444444444,0.1377245508982036,1.507936507936508,0.20253164556962025,1.3380281690140845,0.14457831325301204,1.6101694915254237,0.23376623376623376,0.9886363636363636,-0.005714285714285714,0.9157894736842105,-0.04395604395604396,1.0235294117647058,0.011627906976744186,1.0609756097560976,0.029585798816568046,1.0609756097560976,0.029585798816568046,1.2083333333333333,0.09433962264150944,1.380952380952381,0.16,1.2253521126760563,0.10126582278481013,1.4745762711864407,0.1917808219178082,0.9659090909090909,-0.017341040462427744,0.8947368421052632,-0.05555555555555555,0.9770114942528736,-0.011627906976744186,1.0365853658536586,0.017964071856287425,1.0365853658536586,0.017964071856287425,1.1805555555555556,0.08280254777070063,1.3492063492063493,0.14864864864864866,1.1971830985915493,0.08974358974358974,1.4406779661016949,0.18055555555555555,0.9318181818181818,-0.03529411764705882,0.8631578947368421,-0.07344632768361582,0.9425287356321839,-0.029585798816568046,0.9647058823529412,-0.017964071856287425,1.0,0.0,1.1388888888888888,0.06493506493506493,1.3015873015873016,0.1310344827586207,1.1549295774647887,0.0718954248366013,1.3898305084745763,0.16312056737588654,0.9318181818181818,-0.03529411764705882,0.8631578947368421,-0.07344632768361582,0.9425287356321839,-0.029585798816568046,0.9647058823529412,-0.017964071856287425,1.0,0.0,1.1388888888888888,0.06493506493506493,1.3015873015873016,0.1310344827586207,1.1549295774647887,0.0718954248366013,1.3898305084745763,0.16312056737588654,0.8181818181818182,-0.1,0.7578947368421053,-0.1377245508982036,0.8275862068965517,-0.09433962264150944,0.8470588235294118,-0.08280254777070063,0.8780487804878049,-0.06493506493506493,0.8780487804878049,-0.06493506493506493,1.1428571428571428,0.06666666666666667,1.0140845070422535,0.006993006993006993,1.2203389830508475,0.09923664122137404,0.7159090909090909,-0.16556291390728478,0.6631578947368421,-0.20253164556962025,0.7241379310344828,-0.16,0.7411764705882353,-0.14864864864864866,0.7682926829268293,-0.1310344827586207,0.7682926829268293,-0.1310344827586207,0.875,-0.06666666666666667,0.8873239436619719,-0.05970149253731343,1.0677966101694916,0.03278688524590164,0.8068181818181818,-0.1069182389937107,0.7473684210526316,-0.14457831325301204,0.8160919540229885,-0.10126582278481013,0.8352941176470589,-0.08974358974358974,0.8658536585365854,-0.0718954248366013,0.8658536585365854,-0.0718954248366013,0.9861111111111112,-0.006993006993006993,1.126984126984127,0.05970149253731343,1.2033898305084745,0.09230769230769231,0.6704545454545454,-0.19727891156462585,0.6210526315789474,-0.23376623376623376,0.6781609195402298,-0.1917808219178082,0.6941176470588235,-0.18055555555555555,0.7195121951219512,-0.16312056737588654,0.7195121951219512,-0.16312056737588654,0.8194444444444444,-0.09923664122137404,0.9365079365079365,-0.03278688524590164,0.8309859154929577,-0.09230769230769231
47,51,67,61,57,64,52,47,42,47,11/3/2025,135.78,1.098360655737705,0.046875,1.1754385964912282,0.08064516129032258,1.046875,0.022900763358778626,1.2884615384615385,0.12605042016806722,1.425531914893617,0.17543859649122806,1.5952380952380953,0.22935779816513763,1.425531914893617,0.17543859649122806,1.425531914893617,0.17543859649122806,1.3137254901960784,0.13559322033898305,0.9104477611940298,-0.046875,1.0701754385964912,0.03389830508474576,0.953125,-0.024,1.1730769230769231,0.07964601769911504,1.297872340425532,0.12962962962962962,1.4523809523809523,0.18446601941747573,1.297872340425532,0.12962962962962962,1.297872340425532,0.12962962962962962,1.196078431372549,0.08928571428571429,0.8507462686567164,-0.08064516129032258,0.9344262295081968,-0.03389830508474576,0.890625,-0.05785123966942149,1.0961538461538463,0.045871559633027525,1.2127659574468086,0.09615384615384616,1.3571428571428572,0.15151515151515152,1.2127659574468086,0.09615384615384616,1.2127659574468086,0.09615384615384616,1.1176470588235294,0.05555555555555555,0.9552238805970149,-0.022900763358778626,1.0491803278688525,0.024,1.1228070175438596,0.05785123966942149,1.2307692307692308,0.10344827586206896,1.3617021276595744,0.15315315315315314,1.5238095238095237,0.20754716981132076,1.3617021276595744,0.15315315315315314,1.3617021276595744,0.15315315315315314,1.2549019607843137,0.11304347826086956,0.7761194029850746,-0.12605042016806722,0.8524590163934426,-0.07964601769911504,0.9122807017543859,-0.045871559633027525,0.8125,-0.10344827586206896,1.1063829787234043,0.050505050505050504,1.2380952380952381,0.10638297872340426,1.1063829787234043,0.050505050505050504,1.1063829787234043,0.050505050505050504,1.0196078431372548,0.009708737864077669,0.7014925373134329,-0.17543859649122806,0.7704918032786885,-0.12962962962962962,0.8245614035087719,-0.09615384615384616,0.734375,-0.15315315315315314,0.9038461538461539,-0.050505050505050504,1.119047619047619,0.056179775280898875,1.0,0.0,1.0,0.0,0.9215686274509803,-0.04081632653061224,0.6268656716417911,-0.22935779816513763,0.6885245901639344,-0.18446601941747573,0.7368421052631579,-0.15151515151515152,0.65625,-0.20754716981132076,0.8076923076923077,-0.10638297872340426,0.8936170212765957,-0.056179775280898875,0.8936170212765957,-0.056179775280898875,0.8936170212765957,-0.056179775280898875,0.8235294117647058,-0.0967741935483871,0.7014925373134329,-0.17543859649122806,0.7704918032786885,-0.12962962962962962,0.8245614035087719,-0.09615384615384616,0.734375,-0.15315315315315314,0.9038461538461539,-0.050505050505050504,1.0,0.0,1.119047619047619,0.056179775280898875,1.0,0.0,0.9215686274509803,-0.04081632653061224,0.7014925373134329,-0.17543859649122806,0.7704918032786885,-0.12962962962962962,0.8245614035087719,-0.09615384615384616,0.734375,-0.15315315315315314,0.9038461538461539,-0.050505050505050504,1.0,0.0,1.119047619047619,0.056179775280898875,1.0,0.0,0.9215686274509803,-0.04081632653061224,0.7611940298507462,-0.13559322033898305,0.8360655737704918,-0.08928571428571429,0.8947368421052632,-0.05555555555555555,0.796875,-0.11304347826086956,0.9807692307692307,-0.009708737864077669,1.0851063829787233,0.04081632653061224,1.2142857142857142,0.0967741935483871,1.0851063829787233,0.04081632653061224,1.0851063829787233,0.04081632653061224
32,37,60,62,51,53,39,31,29,38,11/23/2025,100.96,0.967741935483871,-0.01639344262295082,1.1764705882352942,0.08108108108108109,1.1320754716981132,0.061946902654867256,1.5384615384615385,0.21212121212121213,1.935483870967742,0.31868131868131866,2.0689655172413794,0.34831460674157305,1.5789473684210527,0.22448979591836735,1.875,0.30434782608695654,1.6216216216216217,0.23711340206185566,1.0333333333333334,0.01639344262295082,1.2156862745098038,0.09734513274336283,1.169811320754717,0.0782608695652174,1.5897435897435896,0.22772277227722773,2.0,0.3333333333333333,2.1379310344827585,0.3626373626373626,1.631578947368421,0.24,1.9375,0.3191489361702128,1.6756756756756757,0.25252525252525254,0.85,-0.08108108108108109,0.8225806451612904,-0.09734513274336283,0.9622641509433962,-0.019230769230769232,1.3076923076923077,0.13333333333333333,1.6451612903225807,0.24390243902439024,1.7586206896551724,0.275,1.3421052631578947,0.14606741573033707,1.59375,0.2289156626506024,1.3783783783783783,0.1590909090909091,0.8833333333333333,-0.061946902654867256,0.8548387096774194,-0.0782608695652174,1.0392156862745099,0.019230769230769232,1.358974358974359,0.15217391304347827,1.7096774193548387,0.2619047619047619,1.8275862068965518,0.2926829268292683,1.394736842105263,0.16483516483516483,1.65625,0.24705882352941178,1.4324324324324325,0.17777777777777778,0.65,-0.21212121212121213,0.6290322580645161,-0.22772277227722773,0.7647058823529411,-0.13333333333333333,0.7358490566037735,-0.15217391304347827,1.2580645161290323,0.11428571428571428,1.3448275862068966,0.14705882352941177,1.0263157894736843,0.012987012987012988,1.21875,0.09859154929577464,1.054054054054054,0.02631578947368421,0.5166666666666667,-0.31868131868131866,0.5,-0.3333333333333333,0.6078431372549019,-0.24390243902439024,0.5849056603773585,-0.2619047619047619,0.7948717948717948,-0.11428571428571428,1.0689655172413792,0.03333333333333333,0.8157894736842105,-0.10144927536231885,0.96875,-0.015873015873015872,0.8378378378378378,-0.08823529411764706,0.48333333333333334,-0.34831460674157305,0.46774193548387094,-0.3626373626373626,0.5686274509803921,-0.275,0.5471698113207547,-0.2926829268292683,0.7435897435897436,-0.14705882352941177,0.9354838709677419,-0.03333333333333333,0.7631578947368421,-0.13432835820895522,0.90625,-0.04918032786885246,0.7837837837837838,-0.12121212121212122,0.6333333333333333,-0.22448979591836735,0.6129032258064516,-0.24,0.7450980392156863,-0.14606741573033707,0.7169811320754716,-0.16483516483516483,0.9743589743589743,-0.012987012987012988,1.2258064516129032,0.10144927536231885,1.3103448275862069,0.13432835820895522,1.1875,0.08571428571428572,1.027027027027027,0.013333333333333334,0.5333333333333333,-0.30434782608695654,0.5161290322580645,-0.3191489361702128,0.6274509803921569,-0.2289156626506024,0.6037735849056604,-0.24705882352941178,0.8205128205128205,-0.09859154929577464,1.032258064516129,0.015873015873015872,1.103448275862069,0.04918032786885246,0.8421052631578947,-0.08571428571428572,0.8648648648648649,-0.07246376811594203,0.6166666666666667,-0.23711340206185566,0.5967741935483871,-0.25252525252525254,0.7254901960784313,-0.1590909090909091,0.6981132075471698,-0.17777777777777778,0.9487179487179487,-0.02631578947368421,1.1935483870967742,0.08823529411764706,1.2758620689655173,0.12121212121212122,0.9736842105263158,-0.013333333333333334,1.15625,0.07246376811594203
24,19,77,69,69,53,27,32,37,13,11/25/2025,97.58,1.1159420289855073,0.0547945205479452,1.1159420289855073,0.0547945205479452,1.4528301886792452,0.18461538461538463,2.8518518518518516,0.4807692307692308,2.40625,0.41284403669724773,2.081081081081081,0.3508771929824561,5.923076923076923,0.7111111111111111,3.2083333333333335,0.5247524752475248,4.052631578947368,0.6041666666666666,0.8961038961038961,-0.0547945205479452,1.0,0.0,1.3018867924528301,0.13114754098360656,2.5555555555555554,0.4375,2.15625,0.36633663366336633,1.864864864864865,0.3018867924528302,5.3076923076923075,0.6829268292682927,2.875,0.4838709677419355,3.6315789473684212,0.5681818181818182,0.8961038961038961,-0.0547945205479452,1.0,0.0,1.3018867924528301,0.13114754098360656,2.5555555555555554,0.4375,2.15625,0.36633663366336633,1.864864864864865,0.3018867924528302,5.3076923076923075,0.6829268292682927,2.875,0.4838709677419355,3.6315789473684212,0.5681818181818182,0.6883116883116883,-0.18461538461538463,0.7681159420289855,-0.13114754098360656,0.7681159420289855,-0.13114754098360656,1.962962962962963,0.325,1.65625,0.24705882352941178,1.4324324324324325,0.17777777777777778,4.076923076923077,0.6060606060606061,2.2083333333333335,0.37662337662337664,2.789473684210526,0.4722222222222222,0.35064935064935066,-0.4807692307692308,0.391304347826087,-0.4375,0.391304347826087,-0.4375,0.5094339622641509,-0.325,0.84375,-0.0847457627118644,0.7297297297297297,-0.15625,2.076923076923077,0.35,1.125,0.058823529411764705,1.4210526315789473,0.17391304347826086,0.4155844155844156,-0.41284403669724773,0.463768115942029,-0.36633663366336633,0.463768115942029,-0.36633663366336633,0.6037735849056604,-0.24705882352941178,1.1851851851851851,0.0847457627118644,0.8648648648648649,-0.07246376811594203,2.4615384615384617,0.4222222222222222,1.3333333333333333,0.14285714285714285,1.6842105263157894,0.2549019607843137,0.4805194805194805,-0.3508771929824561,0.5362318840579711,-0.3018867924528302,0.5362318840579711,-0.3018867924528302,0.6981132075471698,-0.17777777777777778,1.3703703703703705,0.15625,1.15625,0.07246376811594203,2.8461538461538463,0.48,1.5416666666666667,0.21311475409836064,1.9473684210526316,0.32142857142857145,0.16883116883116883,-0.7111111111111111,0.18840579710144928,-0.6829268292682927,0.18840579710144928,-0.6829268292682927,0.24528301886792453,-0.6060606060606061,0.48148148148148145,-0.35,0.40625,-0.4222222222222222,0.35135135135135137,-0.48,0.5416666666666666,-0.2972972972972973,0.6842105263157895,-0.1875,0.3116883116883117,-0.5247524752475248,0.34782608695652173,-0.4838709677419355,0.34782608695652173,-0.4838709677419355,0.4528301886792453,-0.37662337662337664,0.8888888888888888,-0.058823529411764705,0.75,-0.14285714285714285,0.6486486486486487,-0.21311475409836064,1.8461538461538463,0.2972972972972973,1.263157894736842,0.11627906976744186,0.24675324675324675,-0.6041666666666666,0.2753623188405797,-0.5681818181818182,0.2753623188405797,-0.5681818181818182,0.3584905660377358,-0.4722222222222222,0.7037037037037037,-0.17391304347826086,0.59375,-0.2549019607843137,0.5135135135135135,-0.32142857142857145,1.4615384615384615,0.1875,0.7916666666666666,-0.11627906976744186
59,62,74,80,72,70,48,66,43,46,12/3/2025,100.02,0.925,-0.03896103896103896,1.0277777777777777,0.0136986301369863,1.0571428571428572,0.027777777777777776,1.5416666666666667,0.21311475409836064,1.121212121212121,0.05714285714285714,1.7209302325581395,0.26495726495726496,1.608695652173913,0.23333333333333334,1.2542372881355932,0.11278195488721804,1.1935483870967742,0.08823529411764706,1.0810810810810811,0.03896103896103896,1.1111111111111112,0.05263157894736842,1.1428571428571428,0.06666666666666667,1.6666666666666667,0.25,1.2121212121212122,0.0958904109589041,1.8604651162790697,0.3008130081300813,1.7391304347826086,0.2698412698412698,1.3559322033898304,0.1510791366906475,1.2903225806451613,0.1267605633802817,0.972972972972973,-0.0136986301369863,0.9,-0.05263157894736842,1.0285714285714285,0.014084507042253521,1.5,0.2,1.0909090909090908,0.043478260869565216,1.6744186046511629,0.25217391304347825,1.565217391304348,0.22033898305084745,1.2203389830508475,0.09923664122137404,1.1612903225806452,0.07462686567164178,0.9459459459459459,-0.027777777777777776,0.875,-0.06666666666666667,0.9722222222222222,-0.014084507042253521,1.4583333333333333,0.1864406779661017,1.0606060606060606,0.029411764705882353,1.627906976744186,0.23893805309734514,1.5217391304347827,0.20689655172413793,1.1864406779661016,0.08527131782945736,1.1290322580645162,0.06060606060606061,0.6486486486486487,-0.21311475409836064,0.6,-0.25,0.6666666666666666,-0.2,0.6857142857142857,-0.1864406779661017,0.7272727272727273,-0.15789473684210525,1.1162790697674418,0.054945054945054944,1.0434782608695652,0.02127659574468085,0.8135593220338984,-0.102803738317757,0.7741935483870968,-0.12727272727272726,0.8918918918918919,-0.05714285714285714,0.825,-0.0958904109589041,0.9166666666666666,-0.043478260869565216,0.9428571428571428,-0.029411764705882353,1.375,0.15789473684210525,1.5348837209302326,0.21100917431192662,1.434782608695652,0.17857142857142858,1.11864406779661,0.056,1.064516129032258,0.03125,0.581081081081081,-0.26495726495726496,0.5375,-0.3008130081300813,0.5972222222222222,-0.25217391304347825,0.6142857142857143,-0.23893805309734514,0.8958333333333334,-0.054945054945054944,0.6515151515151515,-0.21100917431192662,0.9347826086956522,-0.033707865168539325,0.7288135593220338,-0.1568627450980392,0.6935483870967742,-0.18095238095238095,0.6216216216216216,-0.23333333333333334,0.575,-0.2698412698412698,0.6388888888888888,-0.22033898305084745,0.6571428571428571,-0.20689655172413793,0.9583333333333334,-0.02127659574468085,0.696969696969697,-0.17857142857142858,1.069767441860465,0.033707865168539325,0.7796610169491526,-0.12380952380952381,0.7419354838709677,-0.14814814814814814,0.7972972972972973,-0.11278195488721804,0.7375,-0.1510791366906475,0.8194444444444444,-0.09923664122137404,0.8428571428571429,-0.08527131782945736,1.2291666666666667,0.102803738317757,0.8939393939393939,-0.056,1.372093023255814,0.1568627450980392,1.2826086956521738,0.12380952380952381,0.9516129032258065,-0.024793388429752067,0.8378378378378378,-0.08823529411764706,0.775,-0.1267605633802817,0.8611111111111112,-0.07462686567164178,0.8857142857142857,-0.06060606060606061,1.2916666666666667,0.12727272727272726,0.9393939393939394,-0.03125,1.441860465116279,0.18095238095238095,1.3478260869565217,0.14814814814814814,1.0508474576271187,0.024793388429752067
34,37,28,61,46,37,11,22,28,12,12/13/2025,96.42,0.45901639344262296,-0.3707865168539326,0.6086956521739131,-0.24324324324324326,0.7567567567567568,-0.13846153846153847,2.5454545454545454,0.4358974358974359,1.2727272727272727,0.12,1.0,0.0,2.3333333333333335,0.4,0.8235294117647058,-0.0967741935483871,0.7567567567567568,-0.13846153846153847,2.1785714285714284,0.3707865168539326,1.326086956521739,0.14018691588785046,1.6486486486486487,0.24489795918367346,5.545454545454546,0.6944444444444444,2.772727272727273,0.46987951807228917,2.1785714285714284,0.3707865168539326,5.083333333333333,0.6712328767123288,1.7941176470588236,0.28421052631578947,1.6486486486486487,0.24489795918367346,1.6428571428571428,0.24324324324324326,0.7540983606557377,-0.14018691588785046,1.2432432432432432,0.10843373493975904,4.181818181818182,0.6140350877192983,2.090909090909091,0.35294117647058826,1.6428571428571428,0.24324324324324326,3.8333333333333335,0.5862068965517241,1.3529411764705883,0.15,1.2432432432432432,0.10843373493975904,1.3214285714285714,0.13846153846153847,0.6065573770491803,-0.24489795918367346,0.8043478260869565,-0.10843373493975904,3.3636363636363638,0.5416666666666666,1.6818181818181819,0.2542372881355932,1.3214285714285714,0.13846153846153847,3.0833333333333335,0.5102040816326531,1.088235294117647,0.04225352112676056,1.0,0.0,0.39285714285714285,-0.4358974358974359,0.18032786885245902,-0.6944444444444444,0.2391304347826087,-0.6140350877192983,0.2972972972972973,-0.5416666666666666,0.5,-0.3333333333333333,0.39285714285714285,-0.4358974358974359,0.9166666666666666,-0.043478260869565216,0.3235294117647059,-0.5111111111111111,0.2972972972972973,-0.5416666666666666,0.7857142857142857,-0.12,0.36065573770491804,-0.46987951807228917,0.4782608695652174,-0.35294117647058826,0.5945945945945946,-0.2542372881355932,2.0,0.3333333333333333,0.7857142857142857,-0.12,1.8333333333333333,0.29411764705882354,0.6470588235294118,-0.21428571428571427,0.5945945945945946,-0.2542372881355932,1.0,0.0,0.45901639344262296,-0.3707865168539326,0.6086956521739131,-0.24324324324324326,0.7567567567567568,-0.13846153846153847,2.5454545454545454,0.4358974358974359,1.2727272727272727,0.12,2.3333333333333335,0.4,0.8235294117647058,-0.0967741935483871,0.7567567567567568,-0.13846153846153847,0.42857142857142855,-0.4,0.19672131147540983,-0.6712328767123288,0.2608695652173913,-0.5862068965517241,0.32432432432432434,-0.5102040816326531,1.0909090909090908,0.043478260869565216,0.5454545454545454,-0.29411764705882354,0.42857142857142855,-0.4,0.35294117647058826,-0.4782608695652174,0.32432432432432434,-0.5102040816326531,1.2142857142857142,0.0967741935483871,0.5573770491803278,-0.28421052631578947,0.7391304347826086,-0.15,0.918918918918919,-0.04225352112676056,3.090909090909091,0.5111111111111111,1.5454545454545454,0.21428571428571427,1.2142857142857142,0.0967741935483871,2.8333333333333335,0.4782608695652174,0.918918918918919,-0.04225352112676056,1.3214285714285714,0.13846153846153847,0.6065573770491803,-0.24489795918367346,0.8043478260869565,-0.10843373493975904,1.0,0.0,3.3636363636363638,0.5416666666666666,1.6818181818181819,0.2542372881355932,1.3214285714285714,0.13846153846153847,3.0833333333333335,0.5102040816326531,1.088235294117647,0.04225352112676056
12,15,112,83,60,57,28,25,26,12,12/28/2025,94.42,1.3493975903614457,0.14871794871794872,1.8666666666666667,0.3023255813953488,1.9649122807017543,0.3254437869822485,4.0,0.6,4.48,0.635036496350365,4.3076923076923075,0.6231884057971014,9.333333333333334,0.8064516129032258,9.333333333333334,0.8064516129032258,7.466666666666667,0.7637795275590551,0.7410714285714286,-0.14871794871794872,1.3833333333333333,0.16083916083916083,1.456140350877193,0.18571428571428572,2.9642857142857144,0.4954954954954955,3.32,0.5370370370370371,3.1923076923076925,0.5229357798165137,6.916666666666667,0.7473684210526316,6.916666666666667,0.7473684210526316,5.533333333333333,0.6938775510204082,0.5357142857142857,-0.3023255813953488,0.7228915662650602,-0.16083916083916083,1.0526315789473684,0.02564102564102564,2.142857142857143,0.36363636363636365,2.4,0.4117647058823529,2.3076923076923075,0.3953488372093023,5.0,0.6666666666666666,5.0,0.6666666666666666,4.0,0.6,0.5089285714285714,-0.3254437869822485,0.6867469879518072,-0.18571428571428572,0.95,-0.02564102564102564,2.0357142857142856,0.3411764705882353,2.28,0.3902439024390244,2.1923076923076925,0.37349397590361444,4.75,0.6521739130434783,4.75,0.6521739130434783,3.8,0.5833333333333334,0.25,-0.6,0.3373493975903614,-0.4954954954954955,0.4666666666666667,-0.36363636363636365,0.49122807017543857,-0.3411764705882353,1.12,0.05660377358490566,1.0769230769230769,0.037037037037037035,2.3333333333333335,0.4,2.3333333333333335,0.4,1.8666666666666667,0.3023255813953488,0.22321428571428573,-0.635036496350365,0.30120481927710846,-0.5370370370370371,0.4166666666666667,-0.4117647058823529,0.43859649122807015,-0.3902439024390244,0.8928571428571429,-0.05660377358490566,0.9615384615384616,-0.0196078431372549,2.0833333333333335,0.35135135135135137,2.0833333333333335,0.35135135135135137,1.6666666666666667,0.25,0.23214285714285715,-0.6231884057971014,0.3132530120481928,-0.5229357798165137,0.43333333333333335,-0.3953488372093023,0.45614035087719296,-0.37349397590361444,0.9285714285714286,-0.037037037037037035,1.04,0.0196078431372549,2.1666666666666665,0.3684210526315789,2.1666666666666665,0.3684210526315789,1.7333333333333334,0.2682926829268293,0.10714285714285714,-0.8064516129032258,0.14457831325301204,-0.7473684210526316,0.2,-0.6666666666666666,0.21052631578947367,-0.6521739130434783,0.42857142857142855,-0.4,0.48,-0.35135135135135137,0.46153846153846156,-0.3684210526315789,1.0,0.0,0.8,-0.1111111111111111,0.10714285714285714,-0.8064516129032258,0.14457831325301204,-0.7473684210526316,0.2,-0.6666666666666666,0.21052631578947367,-0.6521739130434783,0.42857142857142855,-0.4,0.48,-0.35135135135135137,0.46153846153846156,-0.3684210526315789,1.0,0.0,0.8,-0.1111111111111111,0.13392857142857142,-0.7637795275590551,0.18072289156626506,-0.6938775510204082,0.25,-0.6,0.2631578947368421,-0.5833333333333334,0.5357142857142857,-0.3023255813953488,0.6,-0.25,0.5769230769230769,-0.2682926829268293,1.25,0.1111111111111111,1.25,0.1111111111111111
21,21,117,90,69,80,28,40,35,8,1/17/2026,99.0,1.3,0.13043478260869565,1.6956521739130435,0.25806451612903225,1.4625,0.18781725888324874,4.178571428571429,0.6137931034482759,2.925,0.49044585987261147,3.342857142857143,0.5394736842105263,14.625,0.872,5.571428571428571,0.6956521739130435,5.571428571428571,0.6956521739130435,0.7692307692307693,-0.13043478260869565,1.3043478260869565,0.1320754716981132,1.125,0.058823529411764705,3.2142857142857144,0.5254237288135594,2.25,0.38461538461538464,2.5714285714285716,0.44,11.25,0.8367346938775511,4.285714285714286,0.6216216216216216,4.285714285714286,0.6216216216216216,0.5897435897435898,-0.25806451612903225,0.7666666666666667,-0.1320754716981132,0.8625,-0.0738255033557047,2.4642857142857144,0.422680412371134,1.725,0.26605504587155965,1.9714285714285715,0.3269230769230769,8.625,0.7922077922077922,3.2857142857142856,0.5333333333333333,3.2857142857142856,0.5333333333333333,0.6837606837606838,-0.18781725888324874,0.8888888888888888,-0.058823529411764705,1.1594202898550725,0.0738255033557047,2.857142857142857,0.48148148148148145,2.0,0.3333333333333333,2.2857142857142856,0.391304347826087,10.0,0.8181818181818182,3.8095238095238093,0.5841584158415841,3.8095238095238093,0.5841584158415841,0.23931623931623933,-0.6137931034482759,0.3111111111111111,-0.5254237288135594,0.4057971014492754,-0.422680412371134,0.35,-0.48148148148148145,0.7,-0.17647058823529413,0.8,-0.1111111111111111,3.5,0.5555555555555556,1.3333333333333333,0.14285714285714285,1.3333333333333333,0.14285714285714285,0.3418803418803419,-0.49044585987261147,0.4444444444444444,-0.38461538461538464,0.5797101449275363,-0.26605504587155965,0.5,-0.3333333333333333,1.4285714285714286,0.17647058823529413,1.1428571428571428,0.06666666666666667,5.0,0.6666666666666666,1.9047619047619047,0.3114754098360656,1.9047619047619047,0.3114754098360656,0.29914529914529914,-0.5394736842105263,0.3888888888888889,-0.44,0.5072463768115942,-0.3269230769230769,0.4375,-0.391304347826087,1.25,0.1111111111111111,0.875,-0.06666666666666667,4.375,0.627906976744186,1.6666666666666667,0.25,1.6666666666666667,0.25,0.06837606837606838,-0.872,0.08888888888888889,-0.8367346938775511,0.11594202898550725,-0.7922077922077922,0.1,-0.8181818181818182,0.2857142857142857,-0.5555555555555556,0.2,-0.6666666666666666,0.22857142857142856,-0.627906976744186,0.38095238095238093,-0.4482758620689655,0.38095238095238093,-0.4482758620689655,0.1794871794871795,-0.6956521739130435,0.23333333333333334,-0.6216216216216216,0.30434782608695654,-0.5333333333333333,0.2625,-0.5841584158415841,0.75,-0.14285714285714285,0.525,-0.3114754098360656,0.6,-0.25,2.625,0.4482758620689655,1.0,0.0,0.1794871794871795,-0.6956521739130435,0.23333333333333334,-0.6216216216216216,0.30434782608695654,-0.5333333333333333,0.2625,-0.5841584158415841,0.75,-0.14285714285714285,0.525,-0.3114754098360656,0.6,-0.25,2.625,0.4482758620689655,1.0,0.0
13,7,139,122,113,113,44,58,50,25,1/27/2026,119.63,1.139344262295082,0.06513409961685823,1.2300884955752212,0.10317460317460317,1.2300884955752212,0.10317460317460317,3.159090909090909,0.5191256830601093,2.396551724137931,0.41116751269035534,2.78,0.4708994708994709,5.56,0.6951219512195121,10.692307692307692,0.8289473684210527,19.857142857142858,0.9041095890410958,0.8776978417266187,-0.06513409961685823,1.079646017699115,0.03829787234042553,1.079646017699115,0.03829787234042553,2.772727272727273,0.46987951807228917,2.103448275862069,0.35555555555555557,2.44,0.4186046511627907,4.88,0.6598639455782312,9.384615384615385,0.8074074074074075,17.428571428571427,0.8914728682170543,0.8129496402877698,-0.10317460317460317,0.9262295081967213,-0.03829787234042553,1.0,0.0,2.5681818181818183,0.4394904458598726,1.9482758620689655,0.3216374269005848,2.26,0.38650306748466257,4.52,0.6376811594202898,8.692307692307692,0.7936507936507936,16.142857142857142,0.8833333333333333,0.8129496402877698,-0.10317460317460317,0.9262295081967213,-0.03829787234042553,1.0,0.0,2.5681818181818183,0.4394904458598726,1.9482758620689655,0.3216374269005848,2.26,0.38650306748466257,4.52,0.6376811594202898,8.692307692307692,0.7936507936507936,16.142857142857142,0.8833333333333333,0.31654676258992803,-0.5191256830601093,0.36065573770491804,-0.46987951807228917,0.3893805309734513,-0.4394904458598726,0.3893805309734513,-0.4394904458598726,0.7586206896551724,-0.13725490196078433,0.88,-0.06382978723404255,1.76,0.2753623188405797,3.3846153846153846,0.543859649122807,6.285714285714286,0.7254901960784313,0.4172661870503597,-0.41116751269035534,0.47540983606557374,-0.35555555555555557,0.5132743362831859,-0.3216374269005848,0.5132743362831859,-0.3216374269005848,1.3181818181818181,0.13725490196078433,1.16,0.07407407407407407,2.32,0.39759036144578314,4.461538461538462,0.6338028169014085,8.285714285714286,0.7846153846153846,0.3597122302158273,-0.4708994708994709,0.4098360655737705,-0.4186046511627907,0.4424778761061947,-0.38650306748466257,0.4424778761061947,-0.38650306748466257,1.1363636363636365,0.06382978723404255,0.8620689655172413,-0.07407407407407407,2.0,0.3333333333333333,3.8461538461538463,0.5873015873015873,7.142857142857143,0.7543859649122807,0.17985611510791366,-0.6951219512195121,0.20491803278688525,-0.6598639455782312,0.22123893805309736,-0.6376811594202898,0.22123893805309736,-0.6376811594202898,0.5681818181818182,-0.2753623188405797,0.43103448275862066,-0.39759036144578314,0.5,-0.3333333333333333,1.9230769230769231,0.3157894736842105,3.5714285714285716,0.5625,0.09352517985611511,-0.8289473684210527,0.10655737704918032,-0.8074074074074075,0.11504424778761062,-0.7936507936507936,0.11504424778761062,-0.7936507936507936,0.29545454545454547,-0.543859649122807,0.22413793103448276,-0.6338028169014085,0.26,-0.5873015873015873,0.52,-0.3157894736842105,1.8571428571428572,0.3,0.050359712230215826,-0.9041095890410958,0.05737704918032787,-0.8914728682170543,0.061946902654867256,-0.8833333333333333,0.061946902654867256,-0.8833333333333333,0.1590909090909091,-0.7254901960784313,0.1206896551724138,-0.7846153846153846,0.14,-0.7543859649122807,0.28,-0.5625,0.5384615384615384,-0.3
92,75,131,151,142,130,93,88,100,86,2/1/2026,111.41,0.8675496688741722,-0.07092198581560284,0.9225352112676056,-0.040293040293040296,1.0076923076923077,0.0038314176245210726,1.4086021505376345,0.16964285714285715,1.4886363636363635,0.1963470319634703,1.31,0.1341991341991342,1.5232558139534884,0.2073732718894009,1.423913043478261,0.17488789237668162,1.7466666666666666,0.27184466019417475,1.1526717557251909,0.07092198581560284,1.0633802816901408,0.030716723549488054,1.1615384615384616,0.07473309608540925,1.6236559139784945,0.23770491803278687,1.7159090909090908,0.26359832635983266,1.51,0.20318725099601595,1.755813953488372,0.2742616033755274,1.641304347826087,0.24279835390946503,2.013333333333333,0.336283185840708,1.083969465648855,0.040293040293040296,0.9403973509933775,-0.030716723549488054,1.0923076923076922,0.04411764705882353,1.5268817204301075,0.20851063829787234,1.6136363636363635,0.23478260869565218,1.42,0.17355371900826447,1.6511627906976745,0.24561403508771928,1.5434782608695652,0.21367521367521367,1.8933333333333333,0.3087557603686636,0.9923664122137404,-0.0038314176245210726,0.8609271523178808,-0.07473309608540925,0.9154929577464789,-0.04411764705882353,1.3978494623655915,0.16591928251121077,1.4772727272727273,0.1926605504587156,1.3,0.13043478260869565,1.5116279069767442,0.2037037037037037,1.4130434782608696,0.17117117117117117,1.7333333333333334,0.2682926829268293,0.7099236641221374,-0.16964285714285715,0.6158940397350994,-0.23770491803278687,0.6549295774647887,-0.20851063829787234,0.7153846153846154,-0.16591928251121077,1.0568181818181819,0.027624309392265192,0.93,-0.03626943005181347,1.0813953488372092,0.03910614525139665,1.0108695652173914,0.005405405405405406,1.24,0.10714285714285714,0.6717557251908397,-0.1963470319634703,0.5827814569536424,-0.26359832635983266,0.6197183098591549,-0.23478260869565218,0.676923076923077,-0.1926605504587156,0.946236559139785,-0.027624309392265192,0.88,-0.06382978723404255,1.0232558139534884,0.011494252873563218,0.9565217391304348,-0.022222222222222223,1.1733333333333333,0.07975460122699386,0.7633587786259542,-0.1341991341991342,0.6622516556291391,-0.20318725099601595,0.704225352112676,-0.17355371900826447,0.7692307692307693,-0.13043478260869565,1.075268817204301,0.03626943005181347,1.1363636363636365,0.06382978723404255,1.1627906976744187,0.07526881720430108,1.0869565217391304,0.041666666666666664,1.3333333333333333,0.14285714285714285,0.6564885496183206,-0.2073732718894009,0.5695364238410596,-0.2742616033755274,0.6056338028169014,-0.24561403508771928,0.6615384615384615,-0.2037037037037037,0.9247311827956989,-0.03910614525139665,0.9772727272727273,-0.011494252873563218,0.86,-0.07526881720430108,0.9347826086956522,-0.033707865168539325,1.1466666666666667,0.06832298136645963,0.7022900763358778,-0.17488789237668162,0.609271523178808,-0.24279835390946503,0.647887323943662,-0.21367521367521367,0.7076923076923077,-0.17117117117117117,0.989247311827957,-0.005405405405405406,1.0454545454545454,0.022222222222222223,0.92,-0.041666666666666664,1.069767441860465,0.033707865168539325,1.2266666666666666,0.10179640718562874,0.5725190839694656,-0.27184466019417475,0.4966887417218543,-0.336283185840708,0.528169014084507,-0.3087557603686636,0.5769230769230769,-0.2682926829268293,0.8064516129032258,-0.10714285714285714,0.8522727272727273,-0.07975460122699386,0.75,-0.14285714285714285,0.872093023255814,-0.06832298136645963,0.8152173913043478,-0.10179640718562874
46,41,176,145,130,126,70,83,71,62,2/6/2026,93.39,1.2137931034482758,0.09657320872274143,1.353846153846154,0.1503267973856209,1.3968253968253967,0.16556291390728478,2.5142857142857142,0.43089430894308944,2.1204819277108435,0.3590733590733591,2.4788732394366195,0.4251012145748988,2.838709677419355,0.4789915966386555,3.8260869565217392,0.5855855855855856,4.2926829268292686,0.6221198156682027,0.8238636363636364,-0.09657320872274143,1.1153846153846154,0.05454545454545454,1.1507936507936507,0.07011070110701106,2.0714285714285716,0.3488372093023256,1.7469879518072289,0.2719298245614035,2.0422535211267605,0.3425925925925926,2.338709677419355,0.40096618357487923,3.152173913043478,0.518324607329843,3.5365853658536586,0.5591397849462365,0.7386363636363636,-0.1503267973856209,0.896551724137931,-0.05454545454545454,1.0317460317460319,0.015625,1.8571428571428572,0.3,1.5662650602409638,0.22065727699530516,1.8309859154929577,0.2935323383084577,2.096774193548387,0.3541666666666667,2.8260869565217392,0.4772727272727273,3.1707317073170733,0.52046783625731,0.7159090909090909,-0.16556291390728478,0.8689655172413793,-0.07011070110701106,0.9692307692307692,-0.015625,1.8,0.2857142857142857,1.5180722891566265,0.20574162679425836,1.7746478873239437,0.27918781725888325,2.032258064516129,0.3404255319148936,2.739130434782609,0.46511627906976744,3.073170731707317,0.5089820359281437,0.3977272727272727,-0.43089430894308944,0.4827586206896552,-0.3488372093023256,0.5384615384615384,-0.3,0.5555555555555556,-0.2857142857142857,0.8433734939759037,-0.08496732026143791,0.9859154929577465,-0.0070921985815602835,1.1290322580645162,0.06060606060606061,1.5217391304347827,0.20689655172413793,1.7073170731707317,0.26126126126126126,0.4715909090909091,-0.3590733590733591,0.5724137931034483,-0.2719298245614035,0.6384615384615384,-0.22065727699530516,0.6587301587301587,-0.20574162679425836,1.1857142857142857,0.08496732026143791,1.1690140845070423,0.07792207792207792,1.3387096774193548,0.14482758620689656,1.8043478260869565,0.2868217054263566,2.024390243902439,0.3387096774193548,0.4034090909090909,-0.4251012145748988,0.4896551724137931,-0.3425925925925926,0.5461538461538461,-0.2935323383084577,0.5634920634920635,-0.27918781725888325,1.0142857142857142,0.0070921985815602835,0.8554216867469879,-0.07792207792207792,1.1451612903225807,0.06766917293233082,1.5434782608695652,0.21367521367521367,1.7317073170731707,0.26785714285714285,0.3522727272727273,-0.4789915966386555,0.42758620689655175,-0.40096618357487923,0.47692307692307695,-0.3541666666666667,0.49206349206349204,-0.3404255319148936,0.8857142857142857,-0.06060606060606061,0.7469879518072289,-0.14482758620689656,0.8732394366197183,-0.06766917293233082,1.3478260869565217,0.14814814814814814,1.5121951219512195,0.20388349514563106,0.26136363636363635,-0.5855855855855856,0.31724137931034485,-0.518324607329843,0.35384615384615387,-0.4772727272727273,0.36507936507936506,-0.46511627906976744,0.6571428571428571,-0.20689655172413793,0.5542168674698795,-0.2868217054263566,0.647887323943662,-0.21367521367521367,0.7419354838709677,-0.14814814814814814,1.1219512195121952,0.05747126436781609,0.23295454545454544,-0.6221198156682027,0.2827586206896552,-0.5591397849462365,0.3153846153846154,-0.52046783625731,0.3253968253968254,-0.5089820359281437,0.5857142857142857,-0.26126126126126126,0.4939759036144578,-0.3387096774193548,0.5774647887323944,-0.26785714285714285,0.6612903225806451,-0.20388349514563106,0.8913043478260869,-0.05747126436781609
65,58,126,140,130,104,72,71,61,52,2/21/2026,78.8,0.9,-0.05263157894736842,0.9692307692307692,-0.015625,1.2115384615384615,0.09565217391304348,1.75,0.2727272727272727,1.7746478873239437,0.27918781725888325,2.0655737704918034,0.34759358288770054,2.423076923076923,0.4157303370786517,1.9384615384615385,0.3193717277486911,2.1724137931034484,0.3695652173913043,1.1111111111111112,0.05263157894736842,1.0769230769230769,0.037037037037037035,1.3461538461538463,0.14754098360655737,1.9444444444444444,0.32075471698113206,1.971830985915493,0.32701421800947866,2.2950819672131146,0.39303482587064675,2.6923076923076925,0.4583333333333333,2.1538461538461537,0.36585365853658536,2.413793103448276,0.41414141414141414,1.0317460317460319,0.015625,0.9285714285714286,-0.037037037037037035,1.25,0.1111111111111111,1.8055555555555556,0.2871287128712871,1.8309859154929577,0.2935323383084577,2.1311475409836067,0.3612565445026178,2.5,0.42857142857142855,2.0,0.3333333333333333,2.2413793103448274,0.3829787234042553,0.8253968253968254,-0.09565217391304348,0.7428571428571429,-0.14754098360655737,0.8,-0.1111111111111111,1.4444444444444444,0.18181818181818182,1.4647887323943662,0.18857142857142858,1.7049180327868851,0.2606060606060606,2.0,0.3333333333333333,1.6,0.23076923076923078,1.793103448275862,0.2839506172839506,0.5714285714285714,-0.2727272727272727,0.5142857142857142,-0.32075471698113206,0.5538461538461539,-0.2871287128712871,0.6923076923076923,-0.18181818181818182,1.0140845070422535,0.006993006993006993,1.180327868852459,0.08270676691729323,1.3846153846153846,0.16129032258064516,1.1076923076923078,0.051094890510948905,1.2413793103448276,0.1076923076923077,0.5634920634920635,-0.27918781725888325,0.5071428571428571,-0.32701421800947866,0.5461538461538461,-0.2935323383084577,0.6826923076923077,-0.18857142857142858,0.9861111111111112,-0.006993006993006993,1.1639344262295082,0.07575757575757576,1.3653846153846154,0.15447154471544716,1.0923076923076922,0.04411764705882353,1.2241379310344827,0.10077519379844961,0.48412698412698413,-0.34759358288770054,0.4357142857142857,-0.39303482587064675,0.46923076923076923,-0.3612565445026178,0.5865384615384616,-0.2606060606060606,0.8472222222222222,-0.08270676691729323,0.8591549295774648,-0.07575757575757576,1.1730769230769231,0.07964601769911504,0.9384615384615385,-0.031746031746031744,1.0517241379310345,0.025210084033613446,0.4126984126984127,-0.4157303370786517,0.37142857142857144,-0.4583333333333333,0.4,-0.42857142857142855,0.5,-0.3333333333333333,0.7222222222222222,-0.16129032258064516,0.7323943661971831,-0.15447154471544716,0.8524590163934426,-0.07964601769911504,0.8,-0.1111111111111111,0.896551724137931,-0.05454545454545454,0.5158730158730159,-0.3193717277486911,0.4642857142857143,-0.36585365853658536,0.5,-0.3333333333333333,0.625,-0.23076923076923078,0.9027777777777778,-0.051094890510948905,0.9154929577464789,-0.04411764705882353,1.0655737704918034,0.031746031746031744,1.25,0.1111111111111111,1.1206896551724137,0.056910569105691054,0.4603174603174603,-0.3695652173913043,0.4142857142857143,-0.41414141414141414,0.4461538461538462,-0.3829787234042553,0.5576923076923077,-0.2839506172839506,0.8055555555555556,-0.1076923076923077,0.8169014084507042,-0.10077519379844961,0.9508196721311475,-0.025210084033613446,1.1153846153846154,0.05454545454545454,0.8923076923076924,-0.056910569105691054
16,21,222,358,215,183,41,45,29,10,10/20/2023,44.51,0.6201117318435754,-0.23448275862068965,1.0325581395348837,0.016018306636155607,1.2131147540983607,0.0962962962962963,5.414634146341464,0.688212927756654,4.933333333333334,0.6629213483146067,7.655172413793103,0.7689243027888446,22.2,0.9137931034482759,13.875,0.865546218487395,10.571428571428571,0.8271604938271605,1.6126126126126126,0.23448275862068965,1.6651162790697673,0.24956369982547993,1.9562841530054644,0.3234750462107209,8.731707317073171,0.7944862155388471,7.955555555555556,0.7766749379652605,12.344827586206897,0.8501291989664083,35.8,0.9456521739130435,22.375,0.9144385026737968,17.047619047619047,0.8891820580474934,0.9684684684684685,-0.016018306636155607,0.6005586592178771,-0.24956369982547993,1.174863387978142,0.08040201005025126,5.2439024390243905,0.6796875,4.777777777777778,0.6538461538461539,7.413793103448276,0.7622950819672131,21.5,0.9111111111111111,13.4375,0.8614718614718615,10.238095238095237,0.8220338983050848,0.8243243243243243,-0.0962962962962963,0.5111731843575419,-0.3234750462107209,0.8511627906976744,-0.08040201005025126,4.463414634146342,0.6339285714285714,4.066666666666666,0.6052631578947368,6.310344827586207,0.7264150943396226,18.3,0.8963730569948186,11.4375,0.8391959798994975,8.714285714285714,0.7941176470588235,0.18468468468468469,-0.688212927756654,0.11452513966480447,-0.7944862155388471,0.19069767441860466,-0.6796875,0.22404371584699453,-0.6339285714285714,0.9111111111111111,-0.046511627906976744,1.4137931034482758,0.17142857142857143,4.1,0.6078431372549019,2.5625,0.43859649122807015,1.9523809523809523,0.3225806451612903,0.20270270270270271,-0.6629213483146067,0.12569832402234637,-0.7766749379652605,0.20930232558139536,-0.6538461538461539,0.2459016393442623,-0.6052631578947368,1.0975609756097562,0.046511627906976744,1.5517241379310345,0.21621621621621623,4.5,0.6363636363636364,2.8125,0.47540983606557374,2.142857142857143,0.36363636363636365,0.13063063063063063,-0.7689243027888446,0.08100558659217877,-0.8501291989664083,0.13488372093023257,-0.7622950819672131,0.15846994535519127,-0.7264150943396226,0.7073170731707317,-0.17142857142857143,0.6444444444444445,-0.21621621621621623,2.9,0.48717948717948717,1.8125,0.28888888888888886,1.380952380952381,0.16,0.04504504504504504,-0.9137931034482759,0.027932960893854747,-0.9456521739130435,0.046511627906976744,-0.9111111111111111,0.0546448087431694,-0.8963730569948186,0.24390243902439024,-0.6078431372549019,0.2222222222222222,-0.6363636363636364,0.3448275862068966,-0.48717948717948717,0.625,-0.23076923076923078,0.47619047619047616,-0.3548387096774194,0.07207207207207207,-0.865546218487395,0.0446927374301676,-0.9144385026737968,0.07441860465116279,-0.8614718614718615,0.08743169398907104,-0.8391959798994975,0.3902439024390244,-0.43859649122807015,0.35555555555555557,-0.47540983606557374,0.5517241379310345,-0.28888888888888886,1.6,0.23076923076923078,0.7619047619047619,-0.13513513513513514,0.0945945945945946,-0.8271604938271605,0.05865921787709497,-0.8891820580474934,0.09767441860465116,-0.8220338983050848,0.11475409836065574,-0.7941176470588235,0.5121951219512195,-0.3225806451612903,0.4666666666666667,-0.36363636363636365,0.7241379310344828,-0.16,2.1,0.3548387096774194,1.3125,0.13513513513513514
19,22,288,398,241,204,64,65,46,28,10/20/2023,44.51,0.7236180904522613,-0.16034985422740525,1.1950207468879668,0.0888468809073724,1.411764705882353,0.17073170731707318,4.5,0.6363636363636364,4.430769230769231,0.6317280453257791,6.260869565217392,0.7245508982035929,10.285714285714286,0.8227848101265823,15.157894736842104,0.8762214983713354,13.090909090909092,0.8580645161290322,1.3819444444444444,0.16034985422740525,1.6514522821576763,0.24569640062597808,1.9509803921568627,0.3222591362126246,6.21875,0.7229437229437229,6.123076923076923,0.7192224622030238,8.652173913043478,0.7927927927927928,14.214285714285714,0.8685446009389671,20.94736842105263,0.9088729016786571,18.09090909090909,0.8952380952380953,0.8368055555555556,-0.0888468809073724,0.6055276381909548,-0.24569640062597808,1.1813725490196079,0.08314606741573034,3.765625,0.580327868852459,3.707692307692308,0.5751633986928104,5.239130434782608,0.6794425087108014,8.607142857142858,0.79182156133829,12.68421052631579,0.8538461538461538,10.954545454545455,0.8326996197718631,0.7083333333333334,-0.17073170731707318,0.5125628140703518,-0.3222591362126246,0.8464730290456431,-0.08314606741573034,3.1875,0.5223880597014925,3.1384615384615384,0.516728624535316,4.434782608695652,0.632,7.285714285714286,0.7586206896551724,10.736842105263158,0.8295964125560538,9.272727272727273,0.8053097345132744,0.2222222222222222,-0.6363636363636364,0.16080402010050251,-0.7229437229437229,0.26556016597510373,-0.580327868852459,0.3137254901960784,-0.5223880597014925,0.9846153846153847,-0.007751937984496124,1.391304347826087,0.16363636363636364,2.2857142857142856,0.391304347826087,3.3684210526315788,0.5421686746987951,2.909090909090909,0.4883720930232558,0.22569444444444445,-0.6317280453257791,0.16331658291457288,-0.7192224622030238,0.2697095435684647,-0.5751633986928104,0.31862745098039214,-0.516728624535316,1.015625,0.007751937984496124,1.4130434782608696,0.17117117117117117,2.3214285714285716,0.3978494623655914,3.4210526315789473,0.5476190476190477,2.9545454545454546,0.4942528735632184,0.1597222222222222,-0.7245508982035929,0.11557788944723618,-0.7927927927927928,0.1908713692946058,-0.6794425087108014,0.22549019607843138,-0.632,0.71875,-0.16363636363636364,0.7076923076923077,-0.17117117117117117,1.6428571428571428,0.24324324324324326,2.4210526315789473,0.4153846153846154,2.090909090909091,0.35294117647058826,0.09722222222222222,-0.8227848101265823,0.07035175879396985,-0.8685446009389671,0.11618257261410789,-0.79182156133829,0.13725490196078433,-0.7586206896551724,0.4375,-0.391304347826087,0.4307692307692308,-0.3978494623655914,0.6086956521739131,-0.24324324324324326,1.4736842105263157,0.19148936170212766,1.2727272727272727,0.12,0.06597222222222222,-0.8762214983713354,0.04773869346733668,-0.9088729016786571,0.07883817427385892,-0.8538461538461538,0.09313725490196079,-0.8295964125560538,0.296875,-0.5421686746987951,0.2923076923076923,-0.5476190476190477,0.41304347826086957,-0.4153846153846154,0.6785714285714286,-0.19148936170212766,0.8636363636363636,-0.07317073170731707,0.0763888888888889,-0.8580645161290322,0.05527638190954774,-0.8952380952380953,0.0912863070539419,-0.8326996197718631,0.10784313725490197,-0.8053097345132744,0.34375,-0.4883720930232558,0.3384615384615385,-0.4942528735632184,0.4782608695652174,-0.35294117647058826,0.7857142857142857,-0.12,1.1578947368421053,0.07317073170731707
130,136,289,388,244,242,160,164,130,159,10/25/2023,24.58,0.7448453608247423,-0.14623338257016247,1.1844262295081966,0.08442776735459662,1.1942148760330578,0.08851224105461393,1.80625,0.2873051224944321,1.7621951219512195,0.27593818984547464,2.223076923076923,0.3794749403341289,1.8176100628930818,0.29017857142857145,2.223076923076923,0.3794749403341289,2.125,0.36,1.342560553633218,0.14623338257016247,1.5901639344262295,0.22784810126582278,1.603305785123967,0.23174603174603176,2.425,0.41605839416058393,2.3658536585365852,0.4057971014492754,2.9846153846153847,0.4980694980694981,2.440251572327044,0.4186471663619744,2.9846153846153847,0.4980694980694981,2.8529411764705883,0.48091603053435117,0.8442906574394463,-0.08442776735459662,0.6288659793814433,-0.22784810126582278,1.0082644628099173,0.00411522633744856,1.525,0.2079207920792079,1.4878048780487805,0.19607843137254902,1.876923076923077,0.3048128342245989,1.5345911949685536,0.2109181141439206,1.876923076923077,0.3048128342245989,1.7941176470588236,0.28421052631578947,0.8373702422145328,-0.08851224105461393,0.6237113402061856,-0.23174603174603176,0.9918032786885246,-0.00411522633744856,1.5125,0.20398009950248755,1.475609756097561,0.1921182266009852,1.8615384615384616,0.3010752688172043,1.5220125786163523,0.20698254364089774,1.8615384615384616,0.3010752688172043,1.7794117647058822,0.2804232804232804,0.5536332179930796,-0.2873051224944321,0.41237113402061853,-0.41605839416058393,0.6557377049180327,-0.2079207920792079,0.6611570247933884,-0.20398009950248755,0.975609756097561,-0.012345679012345678,1.2307692307692308,0.10344827586206896,1.0062893081761006,0.003134796238244514,1.2307692307692308,0.10344827586206896,1.1764705882352942,0.08108108108108109,0.5674740484429066,-0.27593818984547464,0.422680412371134,-0.4057971014492754,0.6721311475409836,-0.19607843137254902,0.6776859504132231,-0.1921182266009852,1.025,0.012345679012345678,1.2615384615384615,0.11564625850340136,1.0314465408805031,0.015479876160990712,1.2615384615384615,0.11564625850340136,1.2058823529411764,0.09333333333333334,0.44982698961937717,-0.3794749403341289,0.33505154639175255,-0.4980694980694981,0.5327868852459017,-0.3048128342245989,0.5371900826446281,-0.3010752688172043,0.8125,-0.10344827586206896,0.7926829268292683,-0.11564625850340136,0.8176100628930818,-0.10034602076124567,1.0,0.0,0.9558823529411765,-0.022556390977443608,0.5501730103806228,-0.29017857142857145,0.4097938144329897,-0.4186471663619744,0.6516393442622951,-0.2109181141439206,0.6570247933884298,-0.20698254364089774,0.99375,-0.003134796238244514,0.9695121951219512,-0.015479876160990712,1.2230769230769232,0.10034602076124567,1.2230769230769232,0.10034602076124567,1.1691176470588236,0.07796610169491526,0.44982698961937717,-0.3794749403341289,0.33505154639175255,-0.4980694980694981,0.5327868852459017,-0.3048128342245989,0.5371900826446281,-0.3010752688172043,0.8125,-0.10344827586206896,0.7926829268292683,-0.11564625850340136,1.0,0.0,0.8176100628930818,-0.10034602076124567,0.9558823529411765,-0.022556390977443608,0.47058823529411764,-0.36,0.35051546391752575,-0.48091603053435117,0.5573770491803278,-0.28421052631578947,0.5619834710743802,-0.2804232804232804,0.85,-0.08108108108108109,0.8292682926829268,-0.09333333333333334,1.0461538461538462,0.022556390977443608,0.8553459119496856,-0.07796610169491526,1.0461538461538462,0.022556390977443608
16,19,124,150,82,63,15,34,9,11,11/19/2023,43.64,0.8266666666666667,-0.0948905109489051,1.5121951219512195,0.20388349514563106,1.9682539682539681,0.32620320855614976,8.266666666666667,0.7841726618705036,3.6470588235294117,0.569620253164557,13.777777777777779,0.8646616541353384,11.272727272727273,0.837037037037037,7.75,0.7714285714285715,6.526315789473684,0.7342657342657343,1.2096774193548387,0.0948905109489051,1.829268292682927,0.29310344827586204,2.380952380952381,0.4084507042253521,10.0,0.8181818181818182,4.411764705882353,0.6304347826086957,16.666666666666668,0.8867924528301887,13.636363636363637,0.8633540372670807,9.375,0.8072289156626506,7.894736842105263,0.7751479289940828,0.6612903225806451,-0.20388349514563106,0.5466666666666666,-0.29310344827586204,1.3015873015873016,0.1310344827586207,5.466666666666667,0.6907216494845361,2.411764705882353,0.41379310344827586,9.11111111111111,0.8021978021978022,7.454545454545454,0.7634408602150538,5.125,0.673469387755102,4.315789473684211,0.6237623762376238,0.5080645161290323,-0.32620320855614976,0.42,-0.4084507042253521,0.7682926829268293,-0.1310344827586207,4.2,0.6153846153846154,1.8529411764705883,0.29896907216494845,7.0,0.75,5.7272727272727275,0.7027027027027027,3.9375,0.5949367088607594,3.3157894736842106,0.5365853658536586,0.12096774193548387,-0.7841726618705036,0.1,-0.8181818181818182,0.18292682926829268,-0.6907216494845361,0.23809523809523808,-0.6153846153846154,0.4411764705882353,-0.3877551020408163,1.6666666666666667,0.25,1.3636363636363635,0.15384615384615385,0.9375,-0.03225806451612903,0.7894736842105263,-0.11764705882352941,0.27419354838709675,-0.569620253164557,0.22666666666666666,-0.6304347826086957,0.4146341463414634,-0.41379310344827586,0.5396825396825397,-0.29896907216494845,2.2666666666666666,0.3877551020408163,3.7777777777777777,0.5813953488372093,3.090909090909091,0.5111111111111111,2.125,0.36,1.7894736842105263,0.2830188679245283,0.07258064516129033,-0.8646616541353384,0.06,-0.8867924528301887,0.10975609756097561,-0.8021978021978022,0.14285714285714285,-0.75,0.6,-0.25,0.2647058823529412,-0.5813953488372093,0.8181818181818182,-0.1,0.5625,-0.28,0.47368421052631576,-0.35714285714285715,0.08870967741935484,-0.837037037037037,0.07333333333333333,-0.8633540372670807,0.13414634146341464,-0.7634408602150538,0.1746031746031746,-0.7027027027027027,0.7333333333333333,-0.15384615384615385,0.3235294117647059,-0.5111111111111111,1.2222222222222223,0.1,0.6875,-0.18518518518518517,0.5789473684210527,-0.26666666666666666,0.12903225806451613,-0.7714285714285715,0.10666666666666667,-0.8072289156626506,0.1951219512195122,-0.673469387755102,0.25396825396825395,-0.5949367088607594,1.0666666666666667,0.03225806451612903,0.47058823529411764,-0.36,1.7777777777777777,0.28,1.4545454545454546,0.18518518518518517,0.8421052631578947,-0.08571428571428572,0.1532258064516129,-0.7342657342657343,0.12666666666666668,-0.7751479289940828,0.23170731707317074,-0.6237623762376238,0.30158730158730157,-0.5365853658536586,1.2666666666666666,0.11764705882352941,0.5588235294117647,-0.2830188679245283,2.111111111111111,0.35714285714285715,1.7272727272727273,0.26666666666666666,1.1875,0.08571428571428572
18,20,182,188,103,84,33,50,20,18,11/19/2023,43.64,0.9680851063829787,-0.016216216216216217,1.766990291262136,0.2771929824561403,2.1666666666666665,0.3684210526315789,5.515151515151516,0.6930232558139535,3.64,0.5689655172413793,9.1,0.801980198019802,10.11111111111111,0.82,10.11111111111111,0.82,9.1,0.801980198019802,1.032967032967033,0.016216216216216217,1.825242718446602,0.2920962199312715,2.238095238095238,0.38235294117647056,5.696969696969697,0.7013574660633484,3.76,0.5798319327731093,9.4,0.8076923076923077,10.444444444444445,0.8252427184466019,10.444444444444445,0.8252427184466019,9.4,0.8076923076923077,0.5659340659340659,-0.2771929824561403,0.5478723404255319,-0.2920962199312715,1.2261904761904763,0.10160427807486631,3.121212121212121,0.5147058823529411,2.06,0.3464052287581699,5.15,0.6747967479674797,5.722222222222222,0.7024793388429752,5.722222222222222,0.7024793388429752,5.15,0.6747967479674797,0.46153846153846156,-0.3684210526315789,0.44680851063829785,-0.38235294117647056,0.8155339805825242,-0.10160427807486631,2.5454545454545454,0.4358974358974359,1.68,0.2537313432835821,4.2,0.6153846153846154,4.666666666666667,0.6470588235294118,4.666666666666667,0.6470588235294118,4.2,0.6153846153846154,0.1813186813186813,-0.6930232558139535,0.17553191489361702,-0.7013574660633484,0.32038834951456313,-0.5147058823529411,0.39285714285714285,-0.4358974358974359,0.66,-0.20481927710843373,1.65,0.24528301886792453,1.8333333333333333,0.29411764705882354,1.8333333333333333,0.29411764705882354,1.65,0.24528301886792453,0.27472527472527475,-0.5689655172413793,0.26595744680851063,-0.5798319327731093,0.4854368932038835,-0.3464052287581699,0.5952380952380952,-0.2537313432835821,1.5151515151515151,0.20481927710843373,2.5,0.42857142857142855,2.7777777777777777,0.47058823529411764,2.7777777777777777,0.47058823529411764,2.5,0.42857142857142855,0.10989010989010989,-0.801980198019802,0.10638297872340426,-0.8076923076923077,0.1941747572815534,-0.6747967479674797,0.23809523809523808,-0.6153846153846154,0.6060606060606061,-0.24528301886792453,0.4,-0.42857142857142855,1.1111111111111112,0.05263157894736842,1.1111111111111112,0.05263157894736842,1.0,0.0,0.0989010989010989,-0.82,0.09574468085106383,-0.8252427184466019,0.17475728155339806,-0.7024793388429752,0.21428571428571427,-0.6470588235294118,0.5454545454545454,-0.29411764705882354,0.36,-0.47058823529411764,0.9,-0.05263157894736842,1.0,0.0,0.9,-0.05263157894736842,0.0989010989010989,-0.82,0.09574468085106383,-0.8252427184466019,0.17475728155339806,-0.7024793388429752,0.21428571428571427,-0.6470588235294118,0.5454545454545454,-0.29411764705882354,0.36,-0.47058823529411764,0.9,-0.05263157894736842,1.0,0.0,0.9,-0.05263157894736842,0.10989010989010989,-0.801980198019802,0.10638297872340426,-0.8076923076923077,0.1941747572815534,-0.6747967479674797,0.23809523809523808,-0.6153846153846154,0.6060606060606061,-0.24528301886792453,0.4,-0.42857142857142855,1.0,0.0,1.1111111111111112,0.05263157894736842,1.1111111111111112,0.05263157894736842
40,48,101,144,23,24,20,35,18,23,12/9/2023,23.67,0.7013888888888888,-0.17551020408163265,4.391304347826087,0.6290322580645161,4.208333333333333,0.616,5.05,0.6694214876033058,2.8857142857142857,0.4852941176470588,5.611111111111111,0.6974789915966386,4.391304347826087,0.6290322580645161,2.525,0.4326241134751773,2.1041666666666665,0.35570469798657717,1.4257425742574257,0.17551020408163265,6.260869565217392,0.7245508982035929,6.0,0.7142857142857143,7.2,0.7560975609756098,4.114285714285714,0.6089385474860335,8.0,0.7777777777777778,6.260869565217392,0.7245508982035929,3.6,0.5652173913043478,3.0,0.5,0.22772277227722773,-0.6290322580645161,0.1597222222222222,-0.7245508982035929,0.9583333333333334,-0.02127659574468085,1.15,0.06976744186046512,0.6571428571428571,-0.20689655172413793,1.2777777777777777,0.12195121951219512,1.0,0.0,0.575,-0.2698412698412698,0.4791666666666667,-0.352112676056338,0.2376237623762376,-0.616,0.16666666666666666,-0.7142857142857143,1.0434782608695652,0.02127659574468085,1.2,0.09090909090909091,0.6857142857142857,-0.1864406779661017,1.3333333333333333,0.14285714285714285,1.0434782608695652,0.02127659574468085,0.6,-0.25,0.5,-0.3333333333333333,0.19801980198019803,-0.6694214876033058,0.1388888888888889,-0.7560975609756098,0.8695652173913043,-0.06976744186046512,0.8333333333333334,-0.09090909090909091,0.5714285714285714,-0.2727272727272727,1.1111111111111112,0.05263157894736842,0.8695652173913043,-0.06976744186046512,0.5,-0.3333333333333333,0.4166666666666667,-0.4117647058823529,0.3465346534653465,-0.4852941176470588,0.24305555555555555,-0.6089385474860335,1.5217391304347827,0.20689655172413793,1.4583333333333333,0.1864406779661017,1.75,0.2727272727272727,1.9444444444444444,0.32075471698113206,1.5217391304347827,0.20689655172413793,0.875,-0.06666666666666667,0.7291666666666666,-0.1566265060240964,0.1782178217821782,-0.6974789915966386,0.125,-0.7777777777777778,0.782608695652174,-0.12195121951219512,0.75,-0.14285714285714285,0.9,-0.05263157894736842,0.5142857142857142,-0.32075471698113206,0.782608695652174,-0.12195121951219512,0.45,-0.3793103448275862,0.375,-0.45454545454545453,0.22772277227722773,-0.6290322580645161,0.1597222222222222,-0.7245508982035929,1.0,0.0,0.9583333333333334,-0.02127659574468085,1.15,0.06976744186046512,0.6571428571428571,-0.20689655172413793,1.2777777777777777,0.12195121951219512,0.575,-0.2698412698412698,0.4791666666666667,-0.352112676056338,0.39603960396039606,-0.4326241134751773,0.2777777777777778,-0.5652173913043478,1.7391304347826086,0.2698412698412698,1.6666666666666667,0.25,2.0,0.3333333333333333,1.1428571428571428,0.06666666666666667,2.2222222222222223,0.3793103448275862,1.7391304347826086,0.2698412698412698,0.8333333333333334,-0.09090909090909091,0.4752475247524752,-0.35570469798657717,0.3333333333333333,-0.5,2.0869565217391304,0.352112676056338,2.0,0.3333333333333333,2.4,0.4117647058823529,1.3714285714285714,0.1566265060240964,2.6666666666666665,0.45454545454545453,2.0869565217391304,0.352112676056338,1.2,0.09090909090909091
18,9,157,226,159,115,19,45,35,24,12/19/2023,61.92,0.6946902654867256,-0.1801566579634465,0.9874213836477987,-0.006329113924050633,1.3652173913043477,0.15441176470588236,8.263157894736842,0.7840909090909091,3.488888888888889,0.5544554455445545,4.485714285714286,0.6354166666666666,6.541666666666667,0.7348066298342542,8.722222222222221,0.7942857142857143,17.444444444444443,0.891566265060241,1.4394904458598725,0.1801566579634465,1.421383647798742,0.17402597402597403,1.9652173913043478,0.3255131964809384,11.894736842105264,0.8448979591836735,5.022222222222222,0.6678966789667896,6.457142857142857,0.7318007662835249,9.416666666666666,0.808,12.555555555555555,0.8524590163934426,25.11111111111111,0.9234042553191489,1.0127388535031847,0.006329113924050633,0.7035398230088495,-0.17402597402597403,1.382608695652174,0.16058394160583941,8.368421052631579,0.7865168539325843,3.533333333333333,0.5588235294117647,4.542857142857143,0.6391752577319587,6.625,0.7377049180327869,8.833333333333334,0.7966101694915254,17.666666666666668,0.8928571428571429,0.732484076433121,-0.15441176470588236,0.5088495575221239,-0.3255131964809384,0.7232704402515723,-0.16058394160583941,6.052631578947368,0.7164179104477612,2.5555555555555554,0.4375,3.2857142857142856,0.5333333333333333,4.791666666666667,0.6546762589928058,6.388888888888889,0.7293233082706767,12.777777777777779,0.8548387096774194,0.12101910828025478,-0.7840909090909091,0.084070796460177,-0.8448979591836735,0.11949685534591195,-0.7865168539325843,0.16521739130434782,-0.7164179104477612,0.4222222222222222,-0.40625,0.5428571428571428,-0.2962962962962963,0.7916666666666666,-0.11627906976744186,1.0555555555555556,0.02702702702702703,2.111111111111111,0.35714285714285715,0.28662420382165604,-0.5544554455445545,0.19911504424778761,-0.6678966789667896,0.2830188679245283,-0.5588235294117647,0.391304347826087,-0.4375,2.3684210526315788,0.40625,1.2857142857142858,0.125,1.875,0.30434782608695654,2.5,0.42857142857142855,5.0,0.6666666666666666,0.2229299363057325,-0.6354166666666666,0.15486725663716813,-0.7318007662835249,0.22012578616352202,-0.6391752577319587,0.30434782608695654,-0.5333333333333333,1.8421052631578947,0.2962962962962963,0.7777777777777778,-0.125,1.4583333333333333,0.1864406779661017,1.9444444444444444,0.32075471698113206,3.888888888888889,0.5909090909090909,0.15286624203821655,-0.7348066298342542,0.10619469026548672,-0.808,0.1509433962264151,-0.7377049180327869,0.20869565217391303,-0.6546762589928058,1.263157894736842,0.11627906976744186,0.5333333333333333,-0.30434782608695654,0.6857142857142857,-0.1864406779661017,1.3333333333333333,0.14285714285714285,2.6666666666666665,0.45454545454545453,0.11464968152866242,-0.7942857142857143,0.07964601769911504,-0.8524590163934426,0.11320754716981132,-0.7966101694915254,0.1565217391304348,-0.7293233082706767,0.9473684210526315,-0.02702702702702703,0.4,-0.42857142857142855,0.5142857142857142,-0.32075471698113206,0.75,-0.14285714285714285,2.0,0.3333333333333333,0.05732484076433121,-0.891566265060241,0.03982300884955752,-0.9234042553191489,0.05660377358490566,-0.8928571428571429,0.0782608695652174,-0.8548387096774194,0.47368421052631576,-0.35714285714285715,0.2,-0.6666666666666666,0.2571428571428571,-0.5909090909090909,0.375,-0.45454545454545453,0.5,-0.3333333333333333
19,9,207,255,173,129,26,52,41,31,12/19/2023,61.92,0.8117647058823529,-0.1038961038961039,1.1965317919075145,0.08947368421052632,1.6046511627906976,0.23214285714285715,7.961538461538462,0.776824034334764,3.980769230769231,0.5984555984555985,5.048780487804878,0.6693548387096774,6.67741935483871,0.7394957983193278,10.894736842105264,0.831858407079646,23.0,0.9166666666666666,1.2318840579710144,0.1038961038961039,1.4739884393063585,0.19158878504672897,1.9767441860465116,0.328125,9.807692307692308,0.8149466192170819,4.903846153846154,0.6612377850162866,6.219512195121951,0.722972972972973,8.225806451612904,0.7832167832167832,13.421052631578947,0.8613138686131386,28.333333333333332,0.9318181818181818,0.8357487922705314,-0.08947368421052632,0.6784313725490196,-0.19158878504672897,1.3410852713178294,0.1456953642384106,6.653846153846154,0.7386934673366834,3.326923076923077,0.5377777777777778,4.219512195121951,0.616822429906542,5.580645161290323,0.696078431372549,9.105263157894736,0.8020833333333334,19.22222222222222,0.9010989010989011,0.6231884057971014,-0.23214285714285715,0.5058823529411764,-0.328125,0.7456647398843931,-0.1456953642384106,4.961538461538462,0.6645161290322581,2.480769230769231,0.425414364640884,3.1463414634146343,0.5176470588235295,4.161290322580645,0.6125,6.7894736842105265,0.7432432432432432,14.333333333333334,0.8695652173913043,0.12560386473429952,-0.776824034334764,0.10196078431372549,-0.8149466192170819,0.15028901734104047,-0.7386934673366834,0.20155038759689922,-0.6645161290322581,0.5,-0.3333333333333333,0.6341463414634146,-0.22388059701492538,0.8387096774193549,-0.08771929824561403,1.368421052631579,0.15555555555555556,2.888888888888889,0.4857142857142857,0.25120772946859904,-0.5984555984555985,0.20392156862745098,-0.6612377850162866,0.30057803468208094,-0.5377777777777778,0.40310077519379844,-0.425414364640884,2.0,0.3333333333333333,1.2682926829268293,0.11827956989247312,1.6774193548387097,0.25301204819277107,2.736842105263158,0.4647887323943662,5.777777777777778,0.7049180327868853,0.19806763285024154,-0.6693548387096774,0.1607843137254902,-0.722972972972973,0.23699421965317918,-0.616822429906542,0.3178294573643411,-0.5176470588235295,1.5769230769230769,0.22388059701492538,0.7884615384615384,-0.11827956989247312,1.3225806451612903,0.1388888888888889,2.1578947368421053,0.36666666666666664,4.555555555555555,0.64,0.1497584541062802,-0.7394957983193278,0.12156862745098039,-0.7832167832167832,0.1791907514450867,-0.696078431372549,0.24031007751937986,-0.6125,1.1923076923076923,0.08771929824561403,0.5961538461538461,-0.25301204819277107,0.7560975609756098,-0.1388888888888889,1.631578947368421,0.24,3.4444444444444446,0.55,0.09178743961352658,-0.831858407079646,0.07450980392156863,-0.8613138686131386,0.10982658959537572,-0.8020833333333334,0.14728682170542637,-0.7432432432432432,0.7307692307692307,-0.15555555555555556,0.36538461538461536,-0.4647887323943662,0.4634146341463415,-0.36666666666666664,0.6129032258064516,-0.24,2.111111111111111,0.35714285714285715,0.043478260869565216,-0.9166666666666666,0.03529411764705882,-0.9318181818181818,0.05202312138728324,-0.9010989010989011,0.06976744186046512,-0.8695652173913043,0.34615384615384615,-0.4857142857142857,0.17307692307692307,-0.7049180327868853,0.21951219512195122,-0.64,0.2903225806451613,-0.55,0.47368421052631576,-0.35714285714285715
29,16,404,577,181,123,66,59,48,40,2/2/2024,16.39,0.7001733102253033,-0.1763506625891947,2.2320441988950277,0.3811965811965812,3.2845528455284554,0.5332068311195446,6.121212121212121,0.7191489361702128,6.8474576271186445,0.7451403887688985,8.416666666666666,0.7876106194690266,10.1,0.8198198198198198,13.931034482758621,0.8660508083140878,25.25,0.9238095238095239,1.4282178217821782,0.1763506625891947,3.1878453038674035,0.5224274406332454,4.691056910569106,0.6485714285714286,8.742424242424242,0.7947122861586314,9.779661016949152,0.8144654088050315,12.020833333333334,0.8464,14.425,0.8703403565640194,19.896551724137932,0.9042904290429042,36.0625,0.9460370994940978,0.44801980198019803,-0.3811965811965812,0.31369150779896016,-0.5224274406332454,1.4715447154471544,0.19078947368421054,2.742424242424242,0.46558704453441296,3.0677966101694913,0.5083333333333333,3.7708333333333335,0.5807860262008734,4.525,0.6380090497737556,6.241379310344827,0.7238095238095238,11.3125,0.8375634517766497,0.30445544554455445,-0.5332068311195446,0.21317157712305027,-0.6485714285714286,0.6795580110497238,-0.19078947368421054,1.8636363636363635,0.30158730158730157,2.0847457627118646,0.3516483516483517,2.5625,0.43859649122807015,3.075,0.50920245398773,4.241379310344827,0.618421052631579,7.6875,0.7697841726618705,0.16336633663366337,-0.7191489361702128,0.11438474870017332,-0.7947122861586314,0.36464088397790057,-0.46558704453441296,0.5365853658536586,-0.30158730158730157,1.11864406779661,0.056,1.375,0.15789473684210525,1.65,0.24528301886792453,2.2758620689655173,0.3894736842105263,4.125,0.6097560975609756,0.14603960396039603,-0.7451403887688985,0.1022530329289428,-0.8144654088050315,0.3259668508287293,-0.5083333333333333,0.4796747967479675,-0.3516483516483517,0.8939393939393939,-0.056,1.2291666666666667,0.102803738317757,1.475,0.1919191919191919,2.0344827586206895,0.3409090909090909,3.6875,0.5733333333333334,0.1188118811881188,-0.7876106194690266,0.0831889081455806,-0.8464,0.26519337016574585,-0.5807860262008734,0.3902439024390244,-0.43859649122807015,0.7272727272727273,-0.15789473684210525,0.8135593220338984,-0.102803738317757,1.2,0.09090909090909091,1.6551724137931034,0.24675324675324675,3.0,0.5,0.09900990099009901,-0.8198198198198198,0.06932409012131716,-0.8703403565640194,0.22099447513812154,-0.6380090497737556,0.3252032520325203,-0.50920245398773,0.6060606060606061,-0.24528301886792453,0.6779661016949152,-0.1919191919191919,0.8333333333333334,-0.09090909090909091,1.3793103448275863,0.15942028985507245,2.5,0.42857142857142855,0.07178217821782178,-0.8660508083140878,0.05025996533795494,-0.9042904290429042,0.16022099447513813,-0.7238095238095238,0.23577235772357724,-0.618421052631579,0.4393939393939394,-0.3894736842105263,0.4915254237288136,-0.3409090909090909,0.6041666666666666,-0.24675324675324675,0.725,-0.15942028985507245,1.8125,0.28888888888888886,0.039603960396039604,-0.9238095238095239,0.02772963604852686,-0.9460370994940978,0.08839779005524862,-0.8375634517766497,0.13008130081300814,-0.7697841726618705,0.24242424242424243,-0.6097560975609756,0.2711864406779661,-0.5733333333333334,0.3333333333333333,-0.5,0.4,-0.42857142857142855,0.5517241379310345,-0.28888888888888886
444,397,965,1252,863,751,563,539,534,489,4/12/2024,23.45,0.7707667731629393,-0.12945421741091565,1.1181923522595596,0.05579868708971553,1.284953395472703,0.1247086247086247,1.714031971580817,0.2630890052356021,1.790352504638219,0.28324468085106386,1.807116104868914,0.2875250166777852,1.9734151329243355,0.32737276478679506,2.1734234234234235,0.3697657913413769,2.4307304785894206,0.4170337738619677,1.2974093264248705,0.12945421741091565,1.4507531865585168,0.18392434988179668,1.66711051930759,0.25012481278082876,2.2238010657193605,0.37961432506887055,2.3228200371057515,0.3981016192071469,2.344569288389513,0.40201567749160133,2.5603271983640083,0.4382538770821367,2.81981981981982,0.47641509433962265,3.1536523929471034,0.5184960582171013,0.894300518134715,-0.05579868708971553,0.689297124600639,-0.18392434988179668,1.1491344873501996,0.06939281288723669,1.5328596802841918,0.21037868162692847,1.601113172541744,0.23109843081312412,1.6161048689138577,0.23550465282748748,1.7648261758691206,0.27662721893491127,1.9436936936936937,0.3205814843152257,2.1738035264483626,0.36984126984126986,0.778238341968912,-0.1247086247086247,0.5998402555910544,-0.25012481278082876,0.8702201622247973,-0.06939281288723669,1.3339253996447602,0.1430745814307458,1.3933209647495362,0.16434108527131783,1.4063670411985019,0.1688715953307393,1.5357873210633948,0.21129032258064517,1.6914414414414414,0.2569037656903766,1.8916876574307304,0.3083623693379791,0.583419689119171,-0.2630890052356021,0.4496805111821086,-0.37961432506887055,0.6523754345307068,-0.21037868162692847,0.7496671105193076,-0.1430745814307458,1.044526901669759,0.021778584392014518,1.054307116104869,0.02643573381950775,1.1513292433537832,0.07034220532319392,1.268018018018018,0.11817279046673287,1.4181360201511335,0.17291666666666666,0.5585492227979275,-0.28324468085106386,0.4305111821086262,-0.3981016192071469,0.6245654692931634,-0.23109843081312412,0.7177097203728362,-0.16434108527131783,0.9573712255772646,-0.021778584392014518,1.0093632958801497,0.004659832246039142,1.1022494887525562,0.048638132295719845,1.2139639639639639,0.09664292980671414,1.3576826196473553,0.1517094017094017,0.5533678756476684,-0.2875250166777852,0.426517571884984,-0.40201567749160133,0.6187717265353418,-0.23550465282748748,0.711051930758988,-0.1688715953307393,0.9484902309058615,-0.02643573381950775,0.9907235621521335,-0.004659832246039142,1.0920245398773005,0.04398826979472141,1.2027027027027026,0.09202453987730061,1.345088161209068,0.14715359828141783,0.5067357512953368,-0.32737276478679506,0.39057507987220447,-0.4382538770821367,0.5666280417149478,-0.27662721893491127,0.6511318242343542,-0.21129032258064517,0.8685612788632326,-0.07034220532319392,0.9072356215213359,-0.048638132295719845,0.9157303370786517,-0.04398826979472141,1.1013513513513513,0.04823151125401929,1.2317380352644836,0.1038374717832957,0.46010362694300516,-0.3697657913413769,0.3546325878594249,-0.47641509433962265,0.5144843568945539,-0.3205814843152257,0.5912117177097204,-0.2569037656903766,0.7886323268206039,-0.11817279046673287,0.8237476808905381,-0.09664292980671414,0.8314606741573034,-0.09202453987730061,0.9079754601226994,-0.04823151125401929,1.1183879093198992,0.0558858501783591,0.41139896373056994,-0.4170337738619677,0.3170926517571885,-0.5184960582171013,0.4600231749710313,-0.36984126984126986,0.5286284953395473,-0.3083623693379791,0.7051509769094139,-0.17291666666666666,0.7365491651205937,-0.1517094017094017,0.7434456928838952,-0.14715359828141783,0.8118609406952966,-0.1038374717832957,0.8941441441441441,-0.0558858501783591
441,395,1030,1277,883,771,581,555,546,504,4/12/2024,23.45,0.8065779169929522,-0.1070654529692241,1.1664779161947905,0.07684265551489806,1.3359273670557716,0.14380899500277625,1.7728055077452667,0.2787088764742396,1.8558558558558558,0.2996845425867508,1.8864468864468864,0.30710659898477155,2.0436507936507935,0.3428943937418514,2.3356009070294785,0.4004078857919782,2.607594936708861,0.4456140350877193,1.2398058252427184,0.1070654529692241,1.4462061155152888,0.1824074074074074,1.6562905317769132,0.2470703125,2.197934595524957,0.3745963401506997,2.300900900900901,0.3941048034934498,2.338827838827839,0.40098738343390017,2.5337301587301586,0.4340258281864121,2.8956916099773244,0.48661233993015135,3.232911392405063,0.527511961722488,0.8572815533980582,-0.07684265551489806,0.6914643696162882,-0.1824074074074074,1.1452658884565499,0.06771463119709795,1.5197934595524958,0.2062841530054645,1.590990990990991,0.22809457579972184,1.6172161172161172,0.2358292512246326,1.751984126984127,0.2732516222062004,2.002267573696145,0.3338368580060423,2.2354430379746835,0.38184663536776214,0.7485436893203884,-0.14380899500277625,0.6037588097102584,-0.2470703125,0.8731596828992072,-0.06771463119709795,1.3270223752151462,0.14053254437869822,1.3891891891891892,0.16289592760180996,1.4120879120879122,0.17084282460136674,1.5297619047619047,0.20941176470588235,1.748299319727891,0.2722772277227723,1.9518987341772152,0.32246998284734135,0.5640776699029126,-0.2787088764742396,0.4549725920125294,-0.3745963401506997,0.6579841449603624,-0.2062841530054645,0.7535667963683528,-0.14053254437869822,1.0468468468468468,0.022887323943661973,1.064102564102564,0.031055900621118012,1.1527777777777777,0.07096774193548387,1.3174603174603174,0.136986301369863,1.4708860759493672,0.19057377049180327,0.5388349514563107,-0.2996845425867508,0.4346123727486296,-0.3941048034934498,0.6285390713476784,-0.22809457579972184,0.7198443579766537,-0.16289592760180996,0.955249569707401,-0.022887323943661973,1.0164835164835164,0.008174386920980926,1.1011904761904763,0.04815864022662889,1.2585034013605443,0.1144578313253012,1.4050632911392404,0.16842105263157894,0.5300970873786408,-0.30710659898477155,0.42756460454189504,-0.40098738343390017,0.6183465458663646,-0.2358292512246326,0.708171206225681,-0.17084282460136674,0.9397590361445783,-0.031055900621118012,0.9837837837837838,-0.008174386920980926,1.0833333333333333,0.04,1.2380952380952381,0.10638297872340426,1.3822784810126583,0.16046758767268862,0.4893203883495146,-0.3428943937418514,0.3946750195771339,-0.4340258281864121,0.5707814269535674,-0.2732516222062004,0.6536964980544747,-0.20941176470588235,0.8674698795180723,-0.07096774193548387,0.9081081081081082,-0.04815864022662889,0.9230769230769231,-0.04,1.1428571428571428,0.06666666666666667,1.2759493670886075,0.12124582869855395,0.42815533980582526,-0.4004078857919782,0.34534064212999216,-0.48661233993015135,0.49943374858437145,-0.3338368580060423,0.5719844357976653,-0.2722772277227723,0.7590361445783133,-0.136986301369863,0.7945945945945946,-0.1144578313253012,0.8076923076923077,-0.10638297872340426,0.875,-0.06666666666666667,1.1164556962025316,0.05502392344497608,0.38349514563106796,-0.4456140350877193,0.3093187157400157,-0.527511961722488,0.44733861834654587,-0.38184663536776214,0.5123216601815823,-0.32246998284734135,0.6798623063683304,-0.19057377049180327,0.7117117117117117,-0.16842105263157894,0.7234432234432234,-0.16046758767268862,0.7837301587301587,-0.12124582869855395,0.8956916099773242,-0.05502392344497608
587,564,1115,1307,808,754,639,687,602,626,4/17/2024,4.23,0.8530986993114001,-0.07927332782824112,1.379950495049505,0.15964638585543423,1.4787798408488064,0.19315141787051898,1.7449139280125197,0.27137970353477764,1.6229985443959243,0.23751387347391786,1.8521594684385383,0.2987769365171811,1.781150159744409,0.28087306145893165,1.899488926746167,0.3102232667450059,1.9769503546099292,0.32817153067301963,1.1721973094170404,0.07927332782824112,1.6175742574257426,0.2359338061465721,1.73342175066313,0.2683163512857836,2.0453834115805947,0.3432682425488181,1.9024745269286754,0.31093279839518556,2.1710963455149503,0.36930330015715035,2.087859424920128,0.35230212105535436,2.2265758091993186,0.3801478352692714,2.3173758865248226,0.3971138428647782,0.7246636771300449,-0.15964638585543423,0.6182096403978576,-0.2359338061465721,1.0716180371352786,0.034571062740076826,1.2644757433489828,0.11679336558396683,1.1761280931586608,0.08093645484949832,1.3421926910299002,0.14609929078014183,1.29073482428115,0.12691771269177127,1.3764906303236797,0.15842293906810037,1.4326241134751774,0.17784256559766765,0.6762331838565022,-0.19315141787051898,0.576893649579189,-0.2683163512857836,0.9331683168316832,-0.034571062740076826,1.1799687010954616,0.08255563531945441,1.0975254730713246,0.046495489243580844,1.2524916943521596,0.11209439528023599,1.2044728434504792,0.0927536231884058,1.284497444633731,0.12453392990305742,1.3368794326241136,0.1441578148710167,0.5730941704035875,-0.27137970353477764,0.4889058913542464,-0.3432682425488181,0.7908415841584159,-0.11679336558396683,0.8474801061007957,-0.08255563531945441,0.9301310043668122,-0.03619909502262444,1.0614617940199336,0.029814665592264304,1.0207667731629393,0.010276679841897233,1.0885860306643953,0.04241435562805873,1.1329787234042554,0.06234413965087282,0.6161434977578475,-0.23751387347391786,0.5256312165263963,-0.31093279839518556,0.8502475247524752,-0.08093645484949832,0.9111405835543767,-0.046495489243580844,1.0751173708920188,0.03619909502262444,1.1411960132890366,0.06594259115593483,1.097444089456869,0.046458492003046456,1.170357751277683,0.07849293563579278,1.2180851063829787,0.09832134292565947,0.5399103139013453,-0.2987769365171811,0.46059678653404745,-0.36930330015715035,0.745049504950495,-0.14609929078014183,0.7984084880636605,-0.11209439528023599,0.9420970266040689,-0.029814665592264304,0.87627365356623,-0.06594259115593483,0.9616613418530351,-0.019543973941368076,1.0255536626916524,0.012615643397813289,1.0673758865248226,0.032590051457975985,0.5614349775784754,-0.28087306145893165,0.4789594491201224,-0.35230212105535436,0.7747524752475248,-0.12691771269177127,0.830238726790451,-0.0927536231884058,0.9796557120500783,-0.010276679841897233,0.9112081513828238,-0.046458492003046456,1.0398671096345515,0.019543973941368076,1.0664395229982964,0.03215169002473207,1.1099290780141844,0.052100840336134456,0.526457399103139,-0.3102232667450059,0.44912012241775057,-0.3801478352692714,0.7264851485148515,-0.15842293906810037,0.7785145888594165,-0.12453392990305742,0.918622848200313,-0.04241435562805873,0.8544395924308588,-0.07849293563579278,0.9750830564784053,-0.012615643397813289,0.9376996805111821,-0.03215169002473207,1.0407801418439717,0.01998262380538662,0.5058295964125561,-0.32817153067301963,0.43152257077276207,-0.3971138428647782,0.698019801980198,-0.17784256559766765,0.7480106100795756,-0.1441578148710167,0.8826291079812206,-0.06234413965087282,0.8209606986899564,-0.09832134292565947,0.9368770764119602,-0.032590051457975985,0.9009584664536742,-0.052100840336134456,0.9608177172061328,-0.01998262380538662
581,558,1159,1328,826,768,654,697,612,634,4/17/2024,4.23,0.8727409638554217,-0.06795335745878568,1.4031476997578693,0.1677581863979849,1.5091145833333333,0.20290607161390764,1.77217125382263,0.2785438499724214,1.6628407460545194,0.24892241379310345,1.8937908496732025,0.30886504799548276,1.8280757097791798,0.2928053541550474,1.9948364888123924,0.332183908045977,2.0770609318996414,0.3500291205591147,1.1458153580672994,0.06795335745878568,1.6077481840193704,0.2330547818012999,1.7291666666666667,0.26717557251908397,2.0305810397553516,0.34006054490413723,1.9053084648493543,0.31160493827160496,2.1699346405228757,0.36907216494845363,2.0946372239747633,0.35372069317023447,2.2857142857142856,0.391304347826087,2.379928315412186,0.40827147401908803,0.7126833477135461,-0.1677581863979849,0.6219879518072289,-0.2330547818012999,1.0755208333333333,0.03638644918444166,1.2629969418960245,0.11621621621621622,1.1850789096126255,0.08470124753775443,1.3496732026143792,0.14881780250347706,1.3028391167192428,0.13150684931506848,1.4216867469879517,0.17412935323383086,1.4802867383512546,0.1936416184971098,0.6626402070750647,-0.20290607161390764,0.5783132530120482,-0.26717557251908397,0.9297820823244553,-0.03638644918444166,1.1743119266055047,0.08016877637130802,1.1018651362984218,0.048464163822525594,1.2549019607843137,0.11304347826086956,1.2113564668769716,0.09557774607703282,1.3218588640275388,0.13862120088954782,1.3763440860215055,0.1583710407239819,0.5642795513373597,-0.2785438499724214,0.4924698795180723,-0.34006054490413723,0.7917675544794189,-0.11621621621621622,0.8515625,-0.08016877637130802,0.9383070301291249,-0.03182827535159141,1.0686274509803921,0.03317535545023697,1.0315457413249212,0.015527950310559006,1.125645438898451,0.05910931174089069,1.1720430107526882,0.07920792079207921,0.6013805004314063,-0.24892241379310345,0.5248493975903614,-0.31160493827160496,0.8438256658595642,-0.08470124753775443,0.9075520833333334,-0.048464163822525594,1.0657492354740061,0.03182827535159141,1.1388888888888888,0.06493506493506493,1.0993690851735016,0.0473328324567994,1.1996557659208262,0.09076682316118936,1.2491039426523298,0.11075697211155379,0.5280414150129422,-0.30886504799548276,0.4608433734939759,-0.36907216494845363,0.7409200968523002,-0.14881780250347706,0.796875,-0.11304347826086956,0.9357798165137615,-0.03317535545023697,0.8780487804878049,-0.06493506493506493,0.9652996845425867,-0.01765650080256822,1.0533562822719449,0.025984911986588432,1.096774193548387,0.046153846153846156,0.5470232959447799,-0.2928053541550474,0.47740963855421686,-0.35372069317023447,0.7675544794188862,-0.13150684931506848,0.8255208333333334,-0.09557774607703282,0.9694189602446484,-0.015527950310559006,0.9096126255380201,-0.0473328324567994,1.0359477124183007,0.01765650080256822,1.0912220309810672,0.043621399176954734,1.136200716845878,0.06375838926174497,0.5012942191544435,-0.332183908045977,0.4375,-0.391304347826087,0.7033898305084746,-0.17412935323383086,0.7565104166666666,-0.13862120088954782,0.8883792048929664,-0.05910931174089069,0.8335724533715926,-0.09076682316118936,0.9493464052287581,-0.025984911986588432,0.916403785488959,-0.043621399176954734,1.0412186379928314,0.02019315188762072,0.4814495254529767,-0.3500291205591147,0.42018072289156627,-0.40827147401908803,0.6755447941888619,-0.1936416184971098,0.7265625,-0.1583710407239819,0.8532110091743119,-0.07920792079207921,0.8005738880918221,-0.11075697211155379,0.9117647058823529,-0.046153846153846156,0.8801261829652997,-0.06375838926174497,0.9604130808950087,-0.02019315188762072
721,650,1091,1266,901,899,770,790,773,762,5/2/2024,9.54,0.8617693522906793,-0.07424692405600339,1.2108768035516093,0.09538152610441768,1.2135706340378198,0.0964824120603015,1.4168831168831169,0.1724879097259538,1.3810126582278481,0.16002126528442318,1.4113842173350581,0.17060085836909872,1.431758530183727,0.17754991905018888,1.5131761442441054,0.2041942604856512,1.6784615384615384,0.2533026995979322,1.1604032997250229,0.07424692405600339,1.4051054384017758,0.16843562528841716,1.4082313681868743,0.1695150115473441,1.6441558441558441,0.24361493123772102,1.6025316455696204,0.23151750972762647,1.6377749029754205,0.24178518881804806,1.6614173228346456,0.2485207100591716,1.7558945908460473,0.2742828384499245,1.9476923076923076,0.32150313152400833,0.8258478460128322,-0.09538152610441768,0.7116903633491312,-0.16843562528841716,1.0022246941045607,0.0011111111111111111,1.1701298701298701,0.07839616995810891,1.1405063291139241,0.06564163217031342,1.165588615782665,0.07646356033452807,1.1824146981627297,0.0835838845460012,1.2496532593619971,0.11097410604192355,1.386153846153846,0.16183107672469374,0.8240146654445463,-0.0964824120603015,0.7101105845181674,-0.1695150115473441,0.9977802441731409,-0.0011111111111111111,1.1675324675324674,0.07729179149191133,1.1379746835443039,0.0645352279455299,1.1630012936610608,0.07535885167464115,1.1797900262467191,0.08248043347381095,1.246879334257975,0.10987654320987654,1.383076923076923,0.16074887023886378,0.7057745187901008,-0.1724879097259538,0.608214849921011,-0.24361493123772102,0.8546059933407325,-0.07839616995810891,0.8565072302558399,-0.07729179149191133,0.9746835443037974,-0.01282051282051282,0.9961190168175937,-0.0019442644199611147,1.010498687664042,0.005221932114882507,1.0679611650485437,0.03286384976525822,1.1846153846153846,0.08450704225352113,0.7241063244729606,-0.16002126528442318,0.6240126382306477,-0.23151750972762647,0.876803551609323,-0.06564163217031342,0.8787541713014461,-0.0645352279455299,1.025974025974026,0.01282051282051282,1.0219922380336353,0.010876519513755598,1.036745406824147,0.01804123711340206,1.0957004160887656,0.045665122435473195,1.2153846153846153,0.09722222222222222,0.7085242896425298,-0.17060085836909872,0.6105845181674565,-0.24178518881804806,0.8579356270810211,-0.07646356033452807,0.8598442714126807,-0.07535885167464115,1.0038961038961038,0.0019442644199611147,0.9784810126582278,-0.010876519513755598,1.0144356955380578,0.0071661237785016286,1.072122052704577,0.03480589022757698,1.1892307692307693,0.08643710470836262,0.6984417965169569,-0.17754991905018888,0.6018957345971564,-0.2485207100591716,0.8457269700332963,-0.0835838845460012,0.8476084538375973,-0.08248043347381095,0.9896103896103896,-0.005221932114882507,0.9645569620253165,-0.01804123711340206,0.9857697283311773,-0.0071661237785016286,1.056865464632455,0.027646662171274445,1.1723076923076923,0.07932011331444759,0.6608615948670944,-0.2041942604856512,0.5695102685624013,-0.2742828384499245,0.8002219755826859,-0.11097410604192355,0.8020022246941045,-0.10987654320987654,0.9363636363636364,-0.03286384976525822,0.9126582278481012,-0.045665122435473195,0.9327296248382924,-0.03480589022757698,0.9461942257217848,-0.027646662171274445,1.1092307692307692,0.051787016776075855,0.5957836846929423,-0.2533026995979322,0.5134281200631912,-0.32150313152400833,0.7214206437291898,-0.16183107672469374,0.7230255839822024,-0.16074887023886378,0.8441558441558441,-0.08450704225352113,0.8227848101265823,-0.09722222222222222,0.8408796895213454,-0.08643710470836262,0.8530183727034121,-0.07932011331444759,0.9015256588072122,-0.051787016776075855
605,548,988,1102,708,707,643,623,600,624,5/7/2024,10.65,0.896551724137931,-0.05454545454545454,1.3954802259887005,0.1650943396226415,1.3974540311173975,0.1657817109144543,1.536547433903577,0.21152667075413856,1.5858747993579454,0.22656734947237742,1.6466666666666667,0.24433249370277077,1.5833333333333333,0.22580645161290322,1.6330578512396694,0.24042686754551162,1.802919708029197,0.2864583333333333,1.1153846153846154,0.05454545454545454,1.5564971751412429,0.2176795580110497,1.5586987270155588,0.2183526810392482,1.7138413685847589,0.2630372492836676,1.768860353130016,0.27768115942028987,1.8366666666666667,0.29494712103407755,1.766025641025641,0.2769409038238702,1.8214876033057852,0.29115407147041594,2.010948905109489,0.33575757575757575,0.7165991902834008,-0.1650943396226415,0.6424682395644283,-0.2176795580110497,1.0014144271570014,0.0007067137809187279,1.1010886469673407,0.04811250925240563,1.1364365971107544,0.0638617580766341,1.18,0.08256880733944955,1.1346153846153846,0.06306306306306306,1.1702479338842975,0.07844630616907845,1.2919708029197081,0.12738853503184713,0.7155870445344129,-0.1657817109144543,0.6415607985480943,-0.2183526810392482,0.998587570621469,-0.0007067137809187279,1.0995334370139969,0.047407407407407405,1.1348314606741574,0.06315789473684211,1.1783333333333332,0.08186687069625095,1.1330128205128205,0.06235912847483095,1.168595041322314,0.07774390243902439,1.2901459854014599,0.12669322709163347,0.6508097165991903,-0.21152667075413856,0.5834845735027223,-0.2630372492836676,0.9081920903954802,-0.04811250925240563,0.9094766619519095,-0.047407407407407405,1.0321027287319422,0.01579778830963665,1.0716666666666668,0.03459372485921158,1.0304487179487178,0.01499605367008682,1.062809917355372,0.030448717948717948,1.1733576642335766,0.07976490344248531,0.6305668016194332,-0.22656734947237742,0.5653357531760436,-0.27768115942028987,0.8799435028248588,-0.0638617580766341,0.8811881188118812,-0.06315789473684211,0.968895800933126,-0.01579778830963665,1.0383333333333333,0.018806214227309895,0.9983974358974359,-0.0008019246190858059,1.0297520661157025,0.014657980456026058,1.1368613138686132,0.06404782237403928,0.6072874493927125,-0.24433249370277077,0.5444646098003629,-0.29494712103407755,0.847457627118644,-0.08256880733944955,0.8486562942008486,-0.08186687069625095,0.9331259720062208,-0.03459372485921158,0.9630818619582665,-0.018806214227309895,0.9615384615384616,-0.0196078431372549,0.9917355371900827,-0.004149377593360996,1.094890510948905,0.04529616724738676,0.631578947368421,-0.22580645161290322,0.5662431941923775,-0.2769409038238702,0.8813559322033898,-0.06306306306306306,0.8826025459688827,-0.06235912847483095,0.9704510108864697,-0.01499605367008682,1.0016051364365972,0.0008019246190858059,1.04,0.0196078431372549,1.031404958677686,0.015459723352318959,1.1386861313868613,0.06484641638225255,0.6123481781376519,-0.24042686754551162,0.5490018148820327,-0.29115407147041594,0.8545197740112994,-0.07844630616907845,0.8557284299858557,-0.07774390243902439,0.9409020217729394,-0.030448717948717948,0.971107544141252,-0.014657980456026058,1.0083333333333333,0.004149377593360996,0.969551282051282,-0.015459723352318959,1.104014598540146,0.049436253252385085,0.5546558704453441,-0.2864583333333333,0.49727767695099817,-0.33575757575757575,0.7740112994350282,-0.12738853503184713,0.7751060820367751,-0.12669322709163347,0.8522550544323484,-0.07976490344248531,0.8796147672552167,-0.06404782237403928,0.9133333333333333,-0.04529616724738676,0.8782051282051282,-0.06484641638225255,0.9057851239669421,-0.049436253252385085
600,542,985,1106,698,695,632,609,588,613,5/7/2024,10.65,0.8905967450271248,-0.05786704925872788,1.4111747851002865,0.17052881758764113,1.4172661870503598,0.17261904761904762,1.5585443037974684,0.21830550401978974,1.6174055829228242,0.23588456712672523,1.6751700680272108,0.25238397965670695,1.6068515497553018,0.2327909887359199,1.6416666666666666,0.24290220820189273,1.8173431734317342,0.29011132940406026,1.1228426395939086,0.05786704925872788,1.5845272206303724,0.2261640798226164,1.5913669064748202,0.22820655191560243,1.75,0.2727272727272727,1.8160919540229885,0.2897959183673469,1.880952380952381,0.30578512396694213,1.8042414355628058,0.28679464805119254,1.8433333333333333,0.2966002344665885,2.040590405904059,0.3422330097087379,0.7086294416243655,-0.17052881758764113,0.6311030741410488,-0.2261640798226164,1.0043165467625899,0.0021536252692031586,1.1044303797468353,0.04962406015037594,1.1461412151067323,0.06809487375669472,1.1870748299319729,0.08553654743390357,1.1386623164763459,0.06483600305110603,1.1633333333333333,0.07550077041602465,1.2878228782287824,0.12580645161290321,0.7055837563451777,-0.17261904761904762,0.6283905967450272,-0.22820655191560243,0.995702005730659,-0.0021536252692031586,1.0996835443037976,0.04747550866616428,1.1412151067323482,0.06595092024539877,1.1819727891156462,0.08339828526890102,1.133768352365416,0.06269113149847094,1.1583333333333334,0.07335907335907337,1.2822878228782288,0.12368633791430882,0.6416243654822334,-0.21830550401978974,0.5714285714285714,-0.2727272727272727,0.9054441260744985,-0.04962406015037594,0.9093525179856116,-0.04747550866616428,1.0377668308702792,0.018533440773569703,1.0748299319727892,0.036065573770491806,1.030995106035889,0.015261044176706828,1.0533333333333332,0.025974025974025976,1.1660516605166051,0.07666098807495741,0.6182741116751269,-0.23588456712672523,0.5506329113924051,-0.2897959183673469,0.8724928366762178,-0.06809487375669472,0.8762589928057554,-0.06595092024539877,0.9636075949367089,-0.018533440773569703,1.0357142857142858,0.017543859649122806,0.9934747145187602,-0.0032733224222585926,1.015,0.007444168734491315,1.1236162361623616,0.05821025195482189,0.5969543147208122,-0.25238397965670695,0.5316455696202531,-0.30578512396694213,0.8424068767908309,-0.08553654743390357,0.8460431654676259,-0.08339828526890102,0.930379746835443,-0.036065573770491806,0.9655172413793104,-0.017543859649122806,0.9592169657422512,-0.020815986677768527,0.98,-0.010101010101010102,1.084870848708487,0.04070796460176991,0.6223350253807106,-0.2327909887359199,0.554249547920434,-0.28679464805119254,0.8782234957020058,-0.06483600305110603,0.8820143884892087,-0.06269113149847094,0.9699367088607594,-0.015261044176706828,1.006568144499179,0.0032733224222585926,1.0425170068027212,0.020815986677768527,1.0216666666666667,0.010717230008244023,1.1309963099630995,0.06147186147186147,0.6091370558375635,-0.24290220820189273,0.5424954792043399,-0.2966002344665885,0.8595988538681948,-0.07550077041602465,0.8633093525179856,-0.07335907335907337,0.9493670886075949,-0.025974025974025976,0.9852216748768473,-0.007444168734491315,1.0204081632653061,0.010101010101010102,0.9787928221859706,-0.010717230008244023,1.1070110701107012,0.050788091068301226,0.550253807106599,-0.29011132940406026,0.49005424954792043,-0.3422330097087379,0.7765042979942693,-0.12580645161290321,0.7798561151079136,-0.12368633791430882,0.8575949367088608,-0.07666098807495741,0.8899835796387521,-0.05821025195482189,0.9217687074829932,-0.04070796460176991,0.8841761827079935,-0.06147186147186147,0.9033333333333333,-0.050788091068301226
1000,904,1415,1638,1157,1178,1043,1055,1016,1041,5/22/2024,0.0,0.8638583638583639,-0.07304290861447757,1.222990492653414,0.10031104199066875,1.201188455008489,0.0913999228692634,1.3566634707574305,0.15134255492270138,1.3412322274881516,0.145748987854251,1.3927165354330708,0.16412998765939943,1.3592699327569644,0.15228013029315962,1.415,0.17184265010351968,1.5652654867256637,0.22035360068995258,1.1575971731448764,0.07304290861447757,1.4157303370786516,0.17209302325581396,1.3904923599320882,0.16335227272727273,1.570469798657718,0.22193211488250653,1.55260663507109,0.21648718900854066,1.6122047244094488,0.2343632253202713,1.5734870317002883,0.22284434490481522,1.638,0.24184988627748294,1.8119469026548674,0.2887490165224233,0.8176678445229681,-0.10031104199066875,0.7063492063492064,-0.17209302325581396,0.9821731748726655,-0.008993576017130621,1.1093000958772772,0.05181818181818182,1.0966824644549764,0.0461121157323689,1.138779527559055,0.06488725264611137,1.111431316042267,0.052775250227479524,1.157,0.0727862772369031,1.279867256637168,0.1227559437166424,0.8325088339222615,-0.0913999228692634,0.7191697191697192,-0.16335227272727273,1.0181503889369057,0.008993576017130621,1.1294343240651965,0.060783430886987844,1.1165876777251185,0.05508284818629646,1.1594488188976377,0.07383773928896992,1.1316042267050912,0.061739522307345654,1.178,0.08172635445362718,1.3030973451327434,0.13160422670509125,0.7371024734982332,-0.15134255492270138,0.6367521367521367,-0.22193211488250653,0.9014693171996543,-0.05181818181818182,0.8853989813242784,-0.060783430886987844,0.9886255924170616,-0.005719733079122974,1.0265748031496063,0.013113161728994658,1.0019212295869357,0.0009596928982725527,1.043,0.021047479197258932,1.1537610619469028,0.07139188495120699,0.7455830388692579,-0.145748987854251,0.6440781440781441,-0.21648718900854066,0.9118409680207433,-0.0461121157323689,0.8955857385398981,-0.05508284818629646,1.0115052732502396,0.005719733079122974,1.0383858267716535,0.01883148237566393,1.0134486071085496,0.006679389312977099,1.055,0.0267639902676399,1.1670353982300885,0.07708014293006636,0.7180212014134275,-0.16412998765939943,0.6202686202686203,-0.2343632253202713,0.878133102852204,-0.06488725264611137,0.8624787775891342,-0.07383773928896992,0.9741131351869607,-0.013113161728994658,0.9630331753554502,-0.01883148237566393,0.9759846301633045,-0.012153621779290228,1.016,0.007936507936507936,1.1238938053097345,0.058333333333333334,0.7356890459363957,-0.15228013029315962,0.6355311355311355,-0.22284434490481522,0.8997407087294728,-0.052775250227479524,0.8837011884550084,-0.061739522307345654,0.9980824544582934,-0.0009596928982725527,0.9867298578199052,-0.006679389312977099,1.0246062992125984,0.012153621779290228,1.041,0.020088192062714356,1.1515486725663717,0.07043701799485862,0.7067137809187279,-0.17184265010351968,0.6105006105006106,-0.24184988627748294,0.8643042350907519,-0.0727862772369031,0.8488964346349746,-0.08172635445362718,0.9587727708533078,-0.021047479197258932,0.9478672985781991,-0.0267639902676399,0.984251968503937,-0.007936507936507936,0.9606147934678194,-0.020088192062714356,1.1061946902654867,0.05042016806722689,0.6388692579505301,-0.22035360068995258,0.5518925518925519,-0.2887490165224233,0.7813310285220397,-0.1227559437166424,0.767402376910017,-0.13160422670509125,0.8667305848513902,-0.07139188495120699,0.8568720379146919,-0.07708014293006636,0.889763779527559,-0.058333333333333334,0.8683957732949087,-0.07043701799485862,0.904,-0.05042016806722689
335,307,751,879,705,371,301,431,353,337,5/27/2024,0.61,0.8543799772468714,-0.0785276073619632,1.0652482269503547,0.03159340659340659,2.024258760107817,0.33868092691622104,2.495016611295681,0.42775665399239543,1.74245939675174,0.2707275803722504,2.1274787535410766,0.3605072463768116,2.228486646884273,0.3805147058823529,2.2417910447761193,0.3830570902394107,2.446254071661238,0.41965973534971646,1.170439414114514,0.0785276073619632,1.2468085106382978,0.10984848484848485,2.3692722371967654,0.4064,2.920265780730897,0.48983050847457626,2.039443155452436,0.3419847328244275,2.490084985835694,0.42694805194805197,2.608308605341246,0.4457236842105263,2.6238805970149253,0.44810543657331137,2.8631921824104234,0.4822934232715008,0.9387483355525965,-0.03159340659340659,0.8020477815699659,-0.10984848484848485,1.9002695417789757,0.3104089219330855,2.3421926910299002,0.40159045725646125,1.6357308584686774,0.24119718309859156,1.9971671388101984,0.332703213610586,2.091988130563798,0.3531669865642994,2.1044776119402986,0.3557692307692308,2.2964169381107493,0.3932806324110672,0.4940079893475366,-0.33868092691622104,0.42207053469852107,-0.4064,0.526241134751773,-0.3104089219330855,1.2325581395348837,0.10416666666666667,0.8607888631090487,-0.07481296758104738,1.0509915014164306,0.024861878453038673,1.1008902077151335,0.0480225988700565,1.1074626865671642,0.05099150141643059,1.208469055374593,0.0943952802359882,0.4007989347536618,-0.42775665399239543,0.3424345847554039,-0.48983050847457626,0.4269503546099291,-0.40159045725646125,0.8113207547169812,-0.10416666666666667,0.6983758700696056,-0.17759562841530055,0.8526912181303116,-0.07951070336391437,0.8931750741839762,-0.05642633228840126,0.8985074626865671,-0.05345911949685535,0.9804560260586319,-0.009868421052631578,0.5739014647137151,-0.2707275803722504,0.49032992036405004,-0.3419847328244275,0.6113475177304964,-0.24119718309859156,1.1617250673854447,0.07481296758104738,1.4318936877076411,0.17759562841530055,1.2209631728045325,0.09948979591836735,1.2789317507418398,0.12239583333333333,1.2865671641791045,0.12532637075718014,1.4039087947882736,0.16802168021680217,0.47003994673768307,-0.3605072463768116,0.40159271899886234,-0.42694805194805197,0.500709219858156,-0.332703213610586,0.9514824797843666,-0.024861878453038673,1.1727574750830565,0.07951070336391437,0.8190255220417634,-0.09948979591836735,1.0474777448071217,0.02318840579710145,1.0537313432835822,0.02616279069767442,1.1498371335504887,0.0696969696969697,0.44873501997336884,-0.3805147058823529,0.3833902161547213,-0.4457236842105263,0.47801418439716314,-0.3531669865642994,0.9083557951482479,-0.0480225988700565,1.1196013289036544,0.05642633228840126,0.7819025522041764,-0.12239583333333333,0.9546742209631728,-0.02318840579710145,1.0059701492537314,0.002976190476190476,1.0977198697068404,0.046583850931677016,0.44607190412782954,-0.3830570902394107,0.38111490329920367,-0.44810543657331137,0.475177304964539,-0.3557692307692308,0.9029649595687331,-0.05099150141643059,1.1129568106312293,0.05345911949685535,0.777262180974478,-0.12532637075718014,0.9490084985835694,-0.02616279069767442,0.9940652818991098,-0.002976190476190476,1.0912052117263844,0.04361370716510903,0.40878828229027964,-0.41965973534971646,0.3492605233219568,-0.4822934232715008,0.43546099290780144,-0.3932806324110672,0.8274932614555256,-0.0943952802359882,1.0199335548172757,0.009868421052631578,0.7122969837587007,-0.16802168021680217,0.8696883852691218,-0.0696969696969697,0.9109792284866469,-0.046583850931677016,0.9164179104477612,-0.04361370716510903
333,303,767,888,707,377,307,436,352,334,5/27/2024,0.61,0.8637387387387387,-0.07311178247734139,1.084865629420085,0.0407055630936228,2.0344827586206895,0.3409090909090909,2.498371335504886,0.42830540037243947,1.7591743119266054,0.27514546965918535,2.178977272727273,0.3708668453976765,2.2964071856287425,0.3932788374205268,2.3033033033033035,0.39454545454545453,2.5313531353135312,0.4336448598130841,1.1577574967405475,0.07311178247734139,1.256011315417256,0.11347962382445141,2.3554376657824934,0.4039525691699605,2.8925081433224755,0.48619246861924686,2.036697247706422,0.3413897280966767,2.522727272727273,0.432258064516129,2.658682634730539,0.4533551554828151,2.6666666666666665,0.45454545454545453,2.9306930693069306,0.491183879093199,0.9217731421121251,-0.0407055630936228,0.7961711711711712,-0.11347962382445141,1.8753315649867375,0.3044280442804428,2.3029315960912053,0.39447731755424065,1.621559633027523,0.23709536307961504,2.008522727272727,0.3352219074598678,2.1167664670658684,0.35830931796349663,2.123123123123123,0.3596153846153846,2.3333333333333335,0.4,0.4915254237288136,-0.3409090909090909,0.42454954954954954,-0.4039525691699605,0.5332390381895332,-0.3044280442804428,1.228013029315961,0.1023391812865497,0.8646788990825688,-0.07257072570725707,1.0710227272727273,0.03429355281207133,1.1287425149700598,0.06047819971870605,1.132132132132132,0.061971830985915494,1.2442244224422443,0.10882352941176471,0.4002607561929596,-0.42830540037243947,0.34572072072072074,-0.48619246861924686,0.43422913719943423,-0.39447731755424065,0.8143236074270557,-0.1023391812865497,0.7041284403669725,-0.17362045760430686,0.8721590909090909,-0.06828528072837632,0.9191616766467066,-0.0421216848673947,0.9219219219219219,-0.040625,1.0132013201320131,0.006557377049180328,0.5684485006518905,-0.27514546965918535,0.49099099099099097,-0.3413897280966767,0.6166902404526167,-0.23709536307961504,1.156498673740053,0.07257072570725707,1.4201954397394136,0.17362045760430686,1.2386363636363635,0.1065989847715736,1.3053892215568863,0.13246753246753246,1.3093093093093093,0.13394018205461639,1.438943894389439,0.17997293640054127,0.4589308996088657,-0.3708668453976765,0.3963963963963964,-0.432258064516129,0.49787835926449786,-0.3352219074598678,0.9336870026525199,-0.03429355281207133,1.1465798045602607,0.06828528072837632,0.8073394495412844,-0.1065989847715736,1.0538922155688624,0.026239067055393587,1.057057057057057,0.027737226277372264,1.1617161716171618,0.07480916030534351,0.43546284224250326,-0.3932788374205268,0.3761261261261261,-0.4533551554828151,0.4724186704384724,-0.35830931796349663,0.8859416445623343,-0.06047819971870605,1.0879478827361564,0.0421216848673947,0.7660550458715596,-0.13246753246753246,0.9488636363636364,-0.026239067055393587,1.003003003003003,0.0014992503748125937,1.1023102310231023,0.04866562009419152,0.43415906127770537,-0.39454545454545453,0.375,-0.45454545454545453,0.471004243281471,-0.3596153846153846,0.883289124668435,-0.061971830985915494,1.0846905537459284,0.040625,0.7637614678899083,-0.13394018205461639,0.9460227272727273,-0.027737226277372264,0.9970059880239521,-0.0014992503748125937,1.099009900990099,0.04716981132075472,0.39504563233376794,-0.4336448598130841,0.34121621621621623,-0.491183879093199,0.42857142857142855,-0.4,0.8037135278514589,-0.10882352941176471,0.9869706840390879,-0.006557377049180328,0.694954128440367,-0.17997293640054127,0.8607954545454546,-0.07480916030534351,0.907185628742515,-0.04866562009419152,0.9099099099099099,-0.04716981132075472
605,537,701,794,695,695,650,653,618,622,7/1/2024,13.05,0.8828715365239295,-0.06220735785953177,1.00863309352518,0.004297994269340974,1.00863309352518,0.004297994269340974,1.0784615384615384,0.03774981495188749,1.0735068912710566,0.03545051698670606,1.1343042071197411,0.06292645943896892,1.1270096463022508,0.05971277399848828,1.1586776859504133,0.07350689127105667,1.3054003724394785,0.13247172859450726,1.1326676176890156,0.06220735785953177,1.1424460431654677,0.06648757555406314,1.1424460431654677,0.06648757555406314,1.2215384615384615,0.0997229916897507,1.215926493108729,0.09744298548721493,1.284789644012945,0.12464589235127478,1.2765273311897105,0.12146892655367232,1.312396694214876,0.135096497498213,1.4785847299813781,0.1930879038317055,0.9914407988587732,-0.004297994269340974,0.8753148614609572,-0.06648757555406314,1.0,0.0,1.0692307692307692,0.03345724907063197,1.0643185298621747,0.03115727002967359,1.1245954692556634,0.05864432597105865,1.117363344051447,0.0554290053151101,1.1487603305785123,0.06923076923076923,1.2942271880819367,0.12824675324675325,0.9914407988587732,-0.004297994269340974,0.8753148614609572,-0.06648757555406314,1.0,0.0,1.0692307692307692,0.03345724907063197,1.0643185298621747,0.03115727002967359,1.1245954692556634,0.05864432597105865,1.117363344051447,0.0554290053151101,1.1487603305785123,0.06923076923076923,1.2942271880819367,0.12824675324675325,0.927246790299572,-0.03774981495188749,0.818639798488665,-0.0997229916897507,0.935251798561151,-0.03345724907063197,0.935251798561151,-0.03345724907063197,0.9954058192955589,-0.0023023791250959325,1.051779935275081,0.025236593059936908,1.045016077170418,0.0220125786163522,1.0743801652892562,0.035856573705179286,1.2104283054003724,0.09519797809604044,0.9315263908701854,-0.03545051698670606,0.8224181360201511,-0.09744298548721493,0.939568345323741,-0.03115727002967359,0.939568345323741,-0.03115727002967359,1.0046153846153847,0.0023023791250959325,1.0566343042071198,0.02753737214791503,1.04983922829582,0.02431372549019608,1.0793388429752067,0.03815580286168521,1.2160148975791434,0.09747899159663866,0.8815977175463623,-0.06292645943896892,0.7783375314861462,-0.12464589235127478,0.8892086330935252,-0.05864432597105865,0.8892086330935252,-0.05864432597105865,0.9507692307692308,-0.025236593059936908,0.9464012251148545,-0.02753737214791503,0.9935691318327974,-0.0032258064516129032,1.0214876033057851,0.01062959934587081,1.1508379888268156,0.07012987012987013,0.8873038516405135,-0.05971277399848828,0.783375314861461,-0.12146892655367232,0.8949640287769784,-0.0554290053151101,0.8949640287769784,-0.0554290053151101,0.9569230769230769,-0.0220125786163522,0.9525267993874426,-0.02431372549019608,1.006472491909385,0.0032258064516129032,1.028099173553719,0.013854930725346373,1.1582867783985102,0.07333908541846419,0.8630527817403709,-0.07350689127105667,0.7619647355163728,-0.135096497498213,0.8705035971223022,-0.06923076923076923,0.8705035971223022,-0.06923076923076923,0.9307692307692308,-0.035856573705179286,0.9264931087289433,-0.03815580286168521,0.9789644012944984,-0.01062959934587081,0.9726688102893891,-0.013854930725346373,1.1266294227188083,0.0595446584938704,0.7660485021398002,-0.13247172859450726,0.6763224181360201,-0.1930879038317055,0.7726618705035971,-0.12824675324675325,0.7726618705035971,-0.12824675324675325,0.8261538461538461,-0.09519797809604044,0.8223583460949464,-0.09747899159663866,0.8689320388349514,-0.07012987012987013,0.8633440514469454,-0.07333908541846419,0.8876033057851239,-0.0595446584938704
596,570,777,866,672,688,635,635,556,630,7/6/2024,4.09,0.8972286374133949,-0.054169202678027994,1.15625,0.07246376811594203,1.129360465116279,0.06075085324232082,1.2236220472440944,0.10056657223796034,1.2236220472440944,0.10056657223796034,1.3974820143884892,0.16579144786196548,1.2333333333333334,0.1044776119402985,1.3036912751677852,0.13182811361981064,1.3631578947368421,0.15367483296213807,1.1145431145431146,0.054169202678027994,1.2886904761904763,0.12613784135240572,1.2587209302325582,0.11454311454311454,1.3637795275590552,0.15389740173217856,1.3637795275590552,0.15389740173217856,1.5575539568345325,0.2180028129395218,1.3746031746031746,0.15775401069518716,1.4530201342281879,0.18467852257181944,1.5192982456140351,0.20612813370473537,0.8648648648648649,-0.07246376811594203,0.7759815242494227,-0.12613784135240572,0.9767441860465116,-0.011764705882352941,1.058267716535433,0.028309104820198928,1.058267716535433,0.028309104820198928,1.20863309352518,0.09446254071661238,1.0666666666666667,0.03225806451612903,1.1275167785234899,0.05993690851735016,1.1789473684210525,0.0821256038647343,0.8854568854568855,-0.06075085324232082,0.7944572748267898,-0.11454311454311454,1.0238095238095237,0.011764705882352941,1.0834645669291338,0.0400604686318972,1.0834645669291338,0.0400604686318972,1.2374100719424461,0.10610932475884244,1.092063492063492,0.04400606980273141,1.1543624161073827,0.07165109034267912,1.207017543859649,0.09379968203497616,0.8172458172458172,-0.10056657223796034,0.733256351039261,-0.15389740173217856,0.9449404761904762,-0.028309104820198928,0.9229651162790697,-0.0400604686318972,1.0,0.0,1.1420863309352518,0.06633081444164568,1.007936507936508,0.003952569169960474,1.0654362416107384,0.03168155970755483,1.1140350877192982,0.05394190871369295,0.8172458172458172,-0.10056657223796034,0.733256351039261,-0.15389740173217856,0.9449404761904762,-0.028309104820198928,0.9229651162790697,-0.0400604686318972,1.0,0.0,1.1420863309352518,0.06633081444164568,1.007936507936508,0.003952569169960474,1.0654362416107384,0.03168155970755483,1.1140350877192982,0.05394190871369295,0.7155727155727156,-0.16579144786196548,0.6420323325635104,-0.2180028129395218,0.8273809523809523,-0.09446254071661238,0.8081395348837209,-0.10610932475884244,0.8755905511811024,-0.06633081444164568,0.8755905511811024,-0.06633081444164568,0.8825396825396825,-0.06239460370994941,0.9328859060402684,-0.034722222222222224,0.9754385964912281,-0.012433392539964476,0.8108108108108109,-0.1044776119402985,0.7274826789838337,-0.15775401069518716,0.9375,-0.03225806451612903,0.9156976744186046,-0.04400606980273141,0.9921259842519685,-0.003952569169960474,0.9921259842519685,-0.003952569169960474,1.1330935251798562,0.06239460370994941,1.0570469798657718,0.02773246329526917,1.105263157894737,0.05,0.767052767052767,-0.13182811361981064,0.6882217090069284,-0.18467852257181944,0.8869047619047619,-0.05993690851735016,0.8662790697674418,-0.07165109034267912,0.9385826771653544,-0.03168155970755483,0.9385826771653544,-0.03168155970755483,1.0719424460431655,0.034722222222222224,0.946031746031746,-0.02773246329526917,1.0456140350877192,0.022298456260720412,0.7335907335907336,-0.15367483296213807,0.6581986143187067,-0.20612813370473537,0.8482142857142857,-0.0821256038647343,0.8284883720930233,-0.09379968203497616,0.8976377952755905,-0.05394190871369295,0.8976377952755905,-0.05394190871369295,1.025179856115108,0.012433392539964476,0.9047619047619048,-0.05,0.9563758389261745,-0.022298456260720412
27,20,24,55,82,82,32,23,30,18,2/22/2024,232.99,0.43636363636363634,-0.3924050632911392,0.2926829268292683,-0.5471698113207547,0.2926829268292683,-0.5471698113207547,0.75,-0.14285714285714285,1.0434782608695652,0.02127659574468085,0.8,-0.1111111111111111,1.3333333333333333,0.14285714285714285,0.8888888888888888,-0.058823529411764705,1.2,0.09090909090909091,2.2916666666666665,0.3924050632911392,0.6707317073170732,-0.19708029197080293,0.6707317073170732,-0.19708029197080293,1.71875,0.26436781609195403,2.391304347826087,0.41025641025641024,1.8333333333333333,0.29411764705882354,3.0555555555555554,0.5068493150684932,2.037037037037037,0.34146341463414637,2.75,0.4666666666666667,3.4166666666666665,0.5471698113207547,1.490909090909091,0.19708029197080293,1.0,0.0,2.5625,0.43859649122807015,3.5652173913043477,0.5619047619047619,2.7333333333333334,0.4642857142857143,4.555555555555555,0.64,3.037037037037037,0.5045871559633027,4.1,0.6078431372549019,3.4166666666666665,0.5471698113207547,1.490909090909091,0.19708029197080293,1.0,0.0,2.5625,0.43859649122807015,3.5652173913043477,0.5619047619047619,2.7333333333333334,0.4642857142857143,4.555555555555555,0.64,3.037037037037037,0.5045871559633027,4.1,0.6078431372549019,1.3333333333333333,0.14285714285714285,0.5818181818181818,-0.26436781609195403,0.3902439024390244,-0.43859649122807015,0.3902439024390244,-0.43859649122807015,1.391304347826087,0.16363636363636364,1.0666666666666667,0.03225806451612903,1.7777777777777777,0.28,1.1851851851851851,0.0847457627118644,1.6,0.23076923076923078,0.9583333333333334,-0.02127659574468085,0.41818181818181815,-0.41025641025641024,0.2804878048780488,-0.5619047619047619,0.2804878048780488,-0.5619047619047619,0.71875,-0.16363636363636364,0.7666666666666667,-0.1320754716981132,1.2777777777777777,0.12195121951219512,0.8518518518518519,-0.08,1.15,0.06976744186046512,1.25,0.1111111111111111,0.5454545454545454,-0.29411764705882354,0.36585365853658536,-0.4642857142857143,0.36585365853658536,-0.4642857142857143,0.9375,-0.03225806451612903,1.3043478260869565,0.1320754716981132,1.6666666666666667,0.25,1.1111111111111112,0.05263157894736842,1.5,0.2,0.75,-0.14285714285714285,0.32727272727272727,-0.5068493150684932,0.21951219512195122,-0.64,0.21951219512195122,-0.64,0.5625,-0.28,0.782608695652174,-0.12195121951219512,0.6,-0.25,0.6666666666666666,-0.2,0.9,-0.05263157894736842,1.125,0.058823529411764705,0.4909090909090909,-0.34146341463414637,0.32926829268292684,-0.5045871559633027,0.32926829268292684,-0.5045871559633027,0.84375,-0.0847457627118644,1.173913043478261,0.08,0.9,-0.05263157894736842,1.5,0.2,1.35,0.14893617021276595,0.8333333333333334,-0.09090909090909091,0.36363636363636365,-0.4666666666666667,0.24390243902439024,-0.6078431372549019,0.24390243902439024,-0.6078431372549019,0.625,-0.23076923076923078,0.8695652173913043,-0.06976744186046512,0.6666666666666666,-0.2,1.1111111111111112,0.05263157894736842,0.7407407407407407,-0.14893617021276595
60,60,102,111,133,151,69,79,55,42,2/27/2024,238.92,0.918918918918919,-0.04225352112676056,0.7669172932330827,-0.13191489361702127,0.6754966887417219,-0.19367588932806323,1.4782608695652173,0.19298245614035087,1.2911392405063291,0.1270718232044199,1.8545454545454545,0.29936305732484075,2.4285714285714284,0.4166666666666667,1.7,0.25925925925925924,1.7,0.25925925925925924,1.088235294117647,0.04225352112676056,0.8345864661654135,-0.09016393442622951,0.7350993377483444,-0.15267175572519084,1.608695652173913,0.23333333333333334,1.4050632911392404,0.16842105263157894,2.018181818181818,0.3373493975903614,2.642857142857143,0.45098039215686275,1.85,0.2982456140350877,1.85,0.2982456140350877,1.303921568627451,0.13191489361702127,1.1981981981981982,0.09016393442622951,0.8807947019867549,-0.06338028169014084,1.9275362318840579,0.31683168316831684,1.6835443037974684,0.25471698113207547,2.418181818181818,0.4148936170212766,3.1666666666666665,0.52,2.216666666666667,0.37823834196891193,2.216666666666667,0.37823834196891193,1.4803921568627452,0.19367588932806323,1.3603603603603605,0.15267175572519084,1.1353383458646618,0.06338028169014084,2.1884057971014492,0.37272727272727274,1.9113924050632911,0.3130434782608696,2.7454545454545456,0.46601941747572817,3.5952380952380953,0.5647668393782384,2.5166666666666666,0.4312796208530806,2.5166666666666666,0.4312796208530806,0.6764705882352942,-0.19298245614035087,0.6216216216216216,-0.23333333333333334,0.518796992481203,-0.31683168316831684,0.45695364238410596,-0.37272727272727274,0.8734177215189873,-0.06756756756756757,1.2545454545454546,0.11290322580645161,1.6428571428571428,0.24324324324324326,1.15,0.06976744186046512,1.15,0.06976744186046512,0.7745098039215687,-0.1270718232044199,0.7117117117117117,-0.16842105263157894,0.5939849624060151,-0.25471698113207547,0.5231788079470199,-0.3130434782608696,1.144927536231884,0.06756756756756757,1.4363636363636363,0.1791044776119403,1.880952380952381,0.30578512396694213,1.3166666666666667,0.1366906474820144,1.3166666666666667,0.1366906474820144,0.5392156862745098,-0.29936305732484075,0.4954954954954955,-0.3373493975903614,0.41353383458646614,-0.4148936170212766,0.36423841059602646,-0.46601941747572817,0.7971014492753623,-0.11290322580645161,0.6962025316455697,-0.1791044776119403,1.3095238095238095,0.13402061855670103,0.9166666666666666,-0.043478260869565216,0.9166666666666666,-0.043478260869565216,0.4117647058823529,-0.4166666666666667,0.3783783783783784,-0.45098039215686275,0.3157894736842105,-0.52,0.2781456953642384,-0.5647668393782384,0.6086956521739131,-0.24324324324324326,0.5316455696202531,-0.30578512396694213,0.7636363636363637,-0.13402061855670103,0.7,-0.17647058823529413,0.7,-0.17647058823529413,0.5882352941176471,-0.25925925925925924,0.5405405405405406,-0.2982456140350877,0.45112781954887216,-0.37823834196891193,0.3973509933774834,-0.4312796208530806,0.8695652173913043,-0.06976744186046512,0.759493670886076,-0.1366906474820144,1.0909090909090908,0.043478260869565216,1.4285714285714286,0.17647058823529413,1.0,0.0,0.5882352941176471,-0.25925925925925924,0.5405405405405406,-0.2982456140350877,0.45112781954887216,-0.37823834196891193,0.3973509933774834,-0.4312796208530806,0.8695652173913043,-0.06976744186046512,0.759493670886076,-0.1366906474820144,1.0909090909090908,0.043478260869565216,1.4285714285714286,0.17647058823529413,1.0,0.0
196,184,286,427,352,406,237,216,233,197,4/12/2024,134.22,0.6697892271662763,-0.19775596072931276,0.8125,-0.10344827586206896,0.7044334975369458,-0.17341040462427745,1.2067510548523206,0.09369024856596558,1.3240740740740742,0.1394422310756972,1.2274678111587982,0.10211946050096339,1.4517766497461928,0.18426501035196688,1.4591836734693877,0.18672199170124482,1.5543478260869565,0.2170212765957447,1.493006993006993,0.19775596072931276,1.2130681818181819,0.0962772785622593,1.0517241379310345,0.025210084033613446,1.8016877637130801,0.286144578313253,1.9768518518518519,0.328149300155521,1.832618025751073,0.29393939393939394,2.16751269035533,0.3685897435897436,2.1785714285714284,0.3707865168539326,2.3206521739130435,0.397708674304419,1.2307692307692308,0.10344827586206896,0.8243559718969555,-0.0962772785622593,0.8669950738916257,-0.0712401055408971,1.4852320675105486,0.19524617996604415,1.6296296296296295,0.23943661971830985,1.5107296137339057,0.20341880341880342,1.7868020304568528,0.28233151183970856,1.7959183673469388,0.2846715328467153,1.9130434782608696,0.31343283582089554,1.4195804195804196,0.17341040462427745,0.9508196721311475,-0.025210084033613446,1.1534090909090908,0.0712401055408971,1.7130801687763713,0.26283048211508553,1.8796296296296295,0.3054662379421222,1.742489270386266,0.27073552425665104,2.0609137055837565,0.3466003316749585,2.0714285714285716,0.3488372093023256,2.2065217391304346,0.376271186440678,0.8286713286713286,-0.09369024856596558,0.5550351288056206,-0.286144578313253,0.6732954545454546,-0.19524617996604415,0.583743842364532,-0.26283048211508553,1.0972222222222223,0.046357615894039736,1.0171673819742488,0.00851063829787234,1.2030456852791878,0.09216589861751152,1.2091836734693877,0.09468822170900693,1.2880434782608696,0.12589073634204276,0.7552447552447552,-0.1394422310756972,0.5058548009367682,-0.328149300155521,0.6136363636363636,-0.23943661971830985,0.5320197044334976,-0.3054662379421222,0.9113924050632911,-0.046357615894039736,0.927038626609442,-0.0378619153674833,1.0964467005076142,0.04600484261501211,1.1020408163265305,0.04854368932038835,1.173913043478261,0.08,0.8146853146853147,-0.10211946050096339,0.5456674473067916,-0.29393939393939394,0.6619318181818182,-0.20341880341880342,0.5738916256157636,-0.27073552425665104,0.9831223628691983,-0.00851063829787234,1.0787037037037037,0.0378619153674833,1.1827411167512691,0.08372093023255814,1.1887755102040816,0.08624708624708624,1.266304347826087,0.11750599520383694,0.6888111888111889,-0.18426501035196688,0.4613583138173302,-0.3685897435897436,0.5596590909090909,-0.28233151183970856,0.4852216748768473,-0.3466003316749585,0.8312236286919831,-0.09216589861751152,0.9120370370370371,-0.04600484261501211,0.8454935622317596,-0.08372093023255814,1.0051020408163265,0.002544529262086514,1.0706521739130435,0.03412073490813648,0.6853146853146853,-0.18672199170124482,0.45901639344262296,-0.3707865168539326,0.5568181818181818,-0.2846715328467153,0.4827586206896552,-0.3488372093023256,0.8270042194092827,-0.09468822170900693,0.9074074074074074,-0.04854368932038835,0.8412017167381974,-0.08624708624708624,0.9949238578680203,-0.002544529262086514,1.065217391304348,0.031578947368421054,0.6433566433566433,-0.2170212765957447,0.4309133489461358,-0.397708674304419,0.5227272727272727,-0.31343283582089554,0.45320197044334976,-0.376271186440678,0.7763713080168776,-0.12589073634204276,0.8518518518518519,-0.08,0.7896995708154506,-0.11750599520383694,0.934010152284264,-0.03412073490813648,0.9387755102040817,-0.031578947368421054
527,470,792,906,747,717,584,580,582,542,4/17/2024,56.95,0.8741721854304636,-0.06713780918727916,1.0602409638554218,0.029239766081871343,1.104602510460251,0.04970178926441352,1.356164383561644,0.1511627906976744,1.3655172413793104,0.15451895043731778,1.3608247422680413,0.15283842794759825,1.4612546125461254,0.1874062968515742,1.5028462998102468,0.20090978013646701,1.6851063829787234,0.2551505546751189,1.143939393939394,0.06713780918727916,1.21285140562249,0.09618874773139746,1.2635983263598327,0.11645101663585952,1.5513698630136987,0.21610738255033557,1.5620689655172413,0.2193808882907133,1.556701030927835,0.21774193548387097,1.6715867158671587,0.2513812154696133,1.7191650853889944,0.264480111653873,1.9276595744680851,0.3168604651162791,0.9431818181818182,-0.029239766081871343,0.8245033112582781,-0.09618874773139746,1.0418410041841004,0.020491803278688523,1.279109589041096,0.12246431254695718,1.2879310344827586,0.12584777694046723,1.2835051546391754,0.12415349887133183,1.378228782287823,0.1590380139643134,1.4174573055028463,0.1726844583987441,1.5893617021276596,0.2276088742810189,0.9053030303030303,-0.04970178926441352,0.7913907284768212,-0.11645101663585952,0.9598393574297188,-0.020491803278688523,1.2277397260273972,0.10222905457340507,1.236206896551724,0.1056283731688512,1.231958762886598,0.10392609699769054,1.3228782287822878,0.13899920571882446,1.3605313092979128,0.1527331189710611,1.525531914893617,0.2080876158382477,0.7373737373737373,-0.1511627906976744,0.6445916114790287,-0.21610738255033557,0.7817938420348058,-0.12246431254695718,0.8145048814504882,-0.10222905457340507,1.006896551724138,0.003436426116838488,1.0034364261168385,0.0017152658662092624,1.0774907749077491,0.037300177619893425,1.1081593927893738,0.05130513051305131,1.2425531914893617,0.10815939278937381,0.7323232323232324,-0.15451895043731778,0.6401766004415012,-0.2193808882907133,0.7764390896921017,-0.12584777694046723,0.8089260808926081,-0.1056283731688512,0.9931506849315068,-0.003436426116838488,0.9965635738831615,-0.0017211703958691911,1.070110701107011,0.0338680926916221,1.1005692599620494,0.04787714543812105,1.2340425531914894,0.10476190476190476,0.7348484848484849,-0.15283842794759825,0.6423841059602649,-0.21774193548387097,0.7791164658634538,-0.12415349887133183,0.8117154811715481,-0.10392609699769054,0.9965753424657534,-0.0017152658662092624,1.0034482758620689,0.0017211703958691911,1.0738007380073802,0.03558718861209965,1.1043643263757115,0.04959422903516682,1.2382978723404254,0.10646387832699619,0.6843434343434344,-0.1874062968515742,0.5982339955849889,-0.2513812154696133,0.7255689424364123,-0.1590380139643134,0.7559274755927475,-0.13899920571882446,0.928082191780822,-0.037300177619893425,0.9344827586206896,-0.0338680926916221,0.9312714776632303,-0.03558718861209965,1.0284629981024669,0.01403180542563143,1.1531914893617021,0.07114624505928854,0.6654040404040404,-0.20090978013646701,0.5816777041942605,-0.264480111653873,0.7054886211512718,-0.1726844583987441,0.7350069735006973,-0.1527331189710611,0.9023972602739726,-0.05130513051305131,0.9086206896551724,-0.04787714543812105,0.9054982817869416,-0.04959422903516682,0.9723247232472325,-0.01403180542563143,1.1212765957446809,0.05717151454363089,0.5934343434343434,-0.2551505546751189,0.5187637969094923,-0.3168604651162791,0.6291834002677377,-0.2276088742810189,0.6555090655509066,-0.2080876158382477,0.8047945205479452,-0.10815939278937381,0.8103448275862069,-0.10476190476190476,0.8075601374570447,-0.10646387832699619,0.8671586715867159,-0.07114624505928854,0.8918406072106262,-0.05717151454363089
618,536,781,894,755,740,683,652,641,635,5/2/2024,47.03,0.8736017897091722,-0.06746268656716418,1.0344370860927152,0.016927083333333332,1.0554054054054054,0.02695595003287311,1.143484626647145,0.06693989071038252,1.1978527607361964,0.09002093510118632,1.218408736349454,0.09845288326300984,1.2299212598425198,0.10310734463276836,1.2637540453074434,0.11651179413867048,1.4570895522388059,0.18602885345482156,1.144686299615877,0.06746268656716418,1.1841059602649007,0.08429351121892056,1.2081081081081082,0.09424724602203183,1.308931185944363,0.13379835129993659,1.3711656441717792,0.15653298835705046,1.3946957878315132,0.16482084690553747,1.4078740157480314,0.16939175931981687,1.4466019417475728,0.18253968253968253,1.6679104477611941,0.25034965034965034,0.9667093469910372,-0.016927083333333332,0.8445190156599552,-0.08429351121892056,1.0202702702702702,0.010033444816053512,1.1054172767203514,0.05006954102920723,1.1579754601226995,0.07320540156361052,1.1778471138845554,0.08166189111747851,1.188976377952756,0.08633093525179857,1.22168284789644,0.09978150036416605,1.4085820895522387,0.16963594113090627,0.9475032010243278,-0.02695595003287311,0.8277404921700223,-0.09424724602203183,0.9801324503311258,-0.010033444816053512,1.083455344070278,0.04005621925509487,1.1349693251533743,0.06321839080459771,1.1544461778471138,0.07168718320057929,1.1653543307086613,0.07636363636363637,1.197411003236246,0.0898379970544919,1.3805970149253732,0.15987460815047022,0.8745198463508322,-0.06693989071038252,0.7639821029082774,-0.13379835129993659,0.904635761589404,-0.05006954102920723,0.922972972972973,-0.04005621925509487,1.0475460122699387,0.023220973782771534,1.0655226209048363,0.03172205438066465,1.0755905511811024,0.036418816388467376,1.1051779935275081,0.04996156802459646,1.2742537313432836,0.12059064807219032,0.8348271446862996,-0.09002093510118632,0.7293064876957495,-0.15653298835705046,0.8635761589403973,-0.07320540156361052,0.8810810810810811,-0.06321839080459771,0.9546120058565154,-0.023220973782771534,1.0171606864274572,0.008507347254447023,1.0267716535433071,0.01320901320901321,1.0550161812297734,0.026771653543307086,1.2164179104477613,0.09764309764309764,0.8207426376440461,-0.09845288326300984,0.7170022371364653,-0.16482084690553747,0.8490066225165563,-0.08166189111747851,0.8662162162162163,-0.07168718320057929,0.9385065885797951,-0.03172205438066465,0.9831288343558282,-0.008507347254447023,1.0094488188976378,0.004702194357366771,1.0372168284789645,0.018268467037331215,1.1958955223880596,0.08920985556499575,0.8130601792573624,-0.10310734463276836,0.7102908277404921,-0.16939175931981687,0.8410596026490066,-0.08633093525179857,0.8581081081081081,-0.07636363636363637,0.9297218155197657,-0.036418816388467376,0.9739263803680982,-0.01320901320901321,0.9906396255850234,-0.004702194357366771,1.0275080906148868,0.013567438148443736,1.1847014925373134,0.08454312553373185,0.7912932138284251,-0.11651179413867048,0.6912751677852349,-0.18253968253968253,0.8185430463576159,-0.09978150036416605,0.8351351351351352,-0.0898379970544919,0.9048316251830161,-0.04996156802459646,0.9478527607361963,-0.026771653543307086,0.9641185647425897,-0.018268467037331215,0.9732283464566929,-0.013567438148443736,1.1529850746268657,0.07105719237435008,0.6862996158770807,-0.18602885345482156,0.5995525727069351,-0.25034965034965034,0.7099337748344371,-0.16963594113090627,0.7243243243243244,-0.15987460815047022,0.7847730600292826,-0.12059064807219032,0.8220858895705522,-0.09764309764309764,0.8361934477379095,-0.08920985556499575,0.8440944881889764,-0.08454312553373185,0.8673139158576052,-0.07105719237435008
706,644,937,1027,848,846,765,759,743,713,5/7/2024,33.04,0.9123661148977604,-0.045824847250509164,1.1049528301886793,0.04985994397759104,1.107565011820331,0.05103757711721817,1.2248366013071896,0.10105757931844889,1.2345191040843215,0.10495283018867925,1.2611036339165544,0.11547619047619048,1.3141654978962132,0.13575757575757577,1.3271954674220963,0.14059646987218502,1.454968944099379,0.18532574320050602,1.096051227321238,0.045824847250509164,1.2110849056603774,0.09546666666666667,1.2139479905437351,0.09663641217298452,1.3424836601307188,0.14620535714285715,1.3530961791831357,0.15005599104143338,1.3822341857335128,0.16045197740112993,1.4403927068723703,0.18045977011494252,1.454674220963173,0.1852279284477784,1.59472049689441,0.22920406941950927,0.9050160085378869,-0.04985994397759104,0.8257059396299903,-0.09546666666666667,1.0023640661938533,0.0011806375442739079,1.1084967320261438,0.05145691258524489,1.1172595520421607,0.05538270068450529,1.1413189771197847,0.06599622878692646,1.1893408134642356,0.08648302370275464,1.2011331444759208,0.09137709137709138,1.3167701863354038,0.13672922252010725,0.9028815368196371,-0.05103757711721817,0.8237585199610516,-0.09663641217298452,0.9976415094339622,-0.0011806375442739079,1.1058823529411765,0.05027932960893855,1.1146245059288538,0.05420560747663551,1.1386271870794078,0.06482064191315293,1.1865357643758765,0.08531109685695959,1.198300283286119,0.09020618556701031,1.313664596273292,0.13557046979865772,0.816435432230523,-0.10105757931844889,0.744888023369036,-0.14620535714285715,0.902122641509434,-0.05145691258524489,0.9042553191489362,-0.05027932960893855,1.007905138339921,0.003937007874015748,1.0296096904441454,0.014588859416445624,1.0729312762973353,0.035182679296346414,1.0835694050991502,0.04010876954452753,1.187888198757764,0.0858765081618169,0.8100320170757738,-0.10495283018867925,0.73904576436222,-0.15005599104143338,0.8950471698113207,-0.05538270068450529,0.8971631205673759,-0.05420560747663551,0.9921568627450981,-0.003937007874015748,1.0215343203230147,0.010652463382157125,1.064516129032258,0.03125,1.075070821529745,0.03617747440273038,1.1785714285714286,0.08196721311475409,0.7929562433297759,-0.11547619047619048,0.7234664070107109,-0.16045197740112993,0.8761792452830188,-0.06599622878692646,0.8782505910165485,-0.06482064191315293,0.9712418300653595,-0.014588859416445624,0.9789196310935442,-0.010652463382157125,1.0420757363253856,0.020604395604395604,1.0524079320113315,0.025534851621808144,1.1537267080745341,0.07137707281903388,0.7609391675560299,-0.13575757575757577,0.6942551119766309,-0.18045977011494252,0.8408018867924528,-0.08648302370275464,0.8427895981087471,-0.08531109685695959,0.9320261437908497,-0.035182679296346414,0.9393939393939394,-0.03125,0.9596231493943472,-0.020604395604395604,1.0099150141643058,0.004933051444679351,1.1071428571428572,0.05084745762711865,0.7534685165421559,-0.14059646987218502,0.6874391431353457,-0.1852279284477784,0.8325471698113207,-0.09137709137709138,0.83451536643026,-0.09020618556701031,0.9228758169934641,-0.04010876954452753,0.930171277997365,-0.03617747440273038,0.9502018842530283,-0.025534851621808144,0.9901823281907434,-0.004933051444679351,1.0962732919254659,0.045925925925925926,0.687299893276414,-0.18532574320050602,0.6270691333982473,-0.22920406941950927,0.7594339622641509,-0.13672922252010725,0.7612293144208038,-0.13557046979865772,0.8418300653594771,-0.0858765081618169,0.8484848484848485,-0.08196721311475409,0.8667563930013459,-0.07137707281903388,0.9032258064516129,-0.05084745762711865,0.9121813031161473,-0.045925925925925926
1113,991,1314,1424,1279,1284,1232,1208,1153,1172,5/22/2024,37.65,0.922752808988764,-0.04017531044558072,1.0273651290070367,0.01349787890474354,1.0233644859813085,0.011547344110854504,1.0665584415584415,0.03220738413197172,1.0877483443708609,0.04203013481363997,1.1396357328707718,0.06526145115524928,1.121160409556314,0.05711987127916331,1.1805929919137466,0.08281829419035847,1.325933400605449,0.14013015184381777,1.0837138508371384,0.04017531044558072,1.1133698201720095,0.0536440991490936,1.1090342679127725,0.051698670605613,1.155844155844156,0.07228915662650602,1.1788079470198676,0.08206686930091185,1.2350390286209887,0.10516103996895615,1.2150170648464165,0.0970724191063174,1.2794249775381852,0.12258573117855735,1.4369323915237133,0.17929606625258798,0.9733637747336378,-0.01349787890474354,0.8981741573033708,-0.0536440991490936,0.9961059190031153,-0.0019508388607101053,1.0381493506493507,0.018717642373556352,1.0587748344370862,0.028548451950140732,1.1092801387684301,0.05180921052631579,1.091296928327645,0.04365565075479396,1.1491464510332434,0.06939799331103678,1.2906155398587285,0.12687224669603525,0.9771689497716894,-0.011547344110854504,0.901685393258427,-0.051698670605613,1.0039093041438625,0.0019508388607101053,1.0422077922077921,0.02066772655007949,1.0629139072847682,0.030497592295345103,1.1136166522116218,0.05375461633155519,1.0955631399317407,0.04560260586319218,1.1536388140161724,0.07133917396745933,1.2956609485368316,0.12879120879120878,0.9375951293759512,-0.03220738413197172,0.8651685393258427,-0.07228915662650602,0.9632525410476935,-0.018717642373556352,0.9595015576323987,-0.02066772655007949,1.0198675496688743,0.009836065573770493,1.0685169124024285,0.03312368972746331,1.0511945392491469,0.024958402662229616,1.1069182389937107,0.050746268656716415,1.243188698284561,0.10841205578047683,0.9193302891933028,-0.04203013481363997,0.848314606741573,-0.08206686930091185,0.944487881157154,-0.028548451950140732,0.940809968847352,-0.030497592295345103,0.9805194805194806,-0.009836065573770493,1.0477016478751084,0.023295213892418468,1.030716723549488,0.015126050420168067,1.0853548966756514,0.04093063334769496,1.218970736629667,0.098681218735789,0.8774733637747336,-0.06526145115524928,0.8096910112359551,-0.10516103996895615,0.9014855355746677,-0.05180921052631579,0.8979750778816199,-0.05375461633155519,0.9358766233766234,-0.03312368972746331,0.9544701986754967,-0.023295213892418468,0.9837883959044369,-0.008172043010752689,1.0359389038634321,0.0176522506619594,1.1634712411705348,0.07555970149253731,0.8919330289193302,-0.05711987127916331,0.8230337078651685,-0.0970724191063174,0.9163408913213448,-0.04365565075479396,0.9127725856697819,-0.04560260586319218,0.9512987012987013,-0.024958402662229616,0.9701986754966887,-0.015126050420168067,1.0164787510841284,0.008172043010752689,1.0530098831985624,0.025820568927789934,1.182643794147326,0.0836800739713361,0.8470319634703196,-0.08281829419035847,0.7816011235955056,-0.12258573117855735,0.8702111024237685,-0.06939799331103678,0.866822429906542,-0.07133917396745933,0.9034090909090909,-0.050746268656716415,0.9213576158940397,-0.04093063334769496,0.9653078924544666,-0.0176522506619594,0.9496587030716723,-0.025820568927789934,1.1231079717457113,0.05798479087452472,0.754185692541857,-0.14013015184381777,0.6959269662921348,-0.17929606625258798,0.7748240813135262,-0.12687224669603525,0.7718068535825545,-0.12879120879120878,0.8043831168831169,-0.10841205578047683,0.820364238410596,-0.098681218735789,0.8594969644405898,-0.07555970149253731,0.8455631399317406,-0.0836800739713361,0.8903863432165319,-0.05798479087452472
865,779,1022,1049,1006,963,885,956,866,870,5/27/2024,47.7,0.9742612011439467,-0.013037180106228875,1.0159045725646123,0.007889546351084813,1.0612668743509865,0.029722921914357683,1.1548022598870056,0.07184058730991086,1.0690376569037656,0.033367037411526794,1.1801385681293302,0.0826271186440678,1.174712643678161,0.080338266384778,1.1815028901734104,0.08320084790673025,1.3119383825417201,0.13492504164353136,1.0264187866927592,0.013037180106228875,1.0427435387673956,0.020924574209245744,1.0893042575285565,0.042743538767395624,1.1853107344632767,0.08479834539813857,1.0972803347280335,0.04638403990024938,1.2113163972286374,0.09556135770234987,1.2057471264367816,0.09327774882751433,1.2127167630057802,0.0961337513061651,1.3465982028241335,0.14770240700218817,0.9843444227005871,-0.007889546351084813,0.9590085795996187,-0.020924574209245744,1.0446521287642783,0.021838496698831894,1.1367231638418078,0.06398730830248546,1.0523012552301256,0.0254841997961264,1.161662817551963,0.07478632478632478,1.1563218390804597,0.07249466950959488,1.1630057803468208,0.07536076964190272,1.2913992297817716,0.12717086834733893,0.9422700587084148,-0.029722921914357683,0.9180171591992373,-0.042743538767395624,0.9572564612326043,-0.021838496698831894,1.088135593220339,0.04220779220779221,1.0073221757322175,0.0036477331943720686,1.1120092378752886,0.05303444505194095,1.106896551724138,0.05073649754500818,1.1132947976878613,0.053610503282275714,1.2362002567394095,0.10562571756601608,0.8659491193737769,-0.07184058730991086,0.8436606291706387,-0.08479834539813857,0.8797216699801192,-0.06398730830248546,0.9190031152647975,-0.04220779220779221,0.9257322175732218,-0.038565996740901685,1.0219399538106235,0.010850942318675044,1.0172413793103448,0.008547008547008548,1.023121387283237,0.011428571428571429,1.1360718870346598,0.06370192307692307,0.9354207436399217,-0.033367037411526794,0.9113441372735939,-0.04638403990024938,0.9502982107355865,-0.0254841997961264,0.9927310488058152,-0.0036477331943720686,1.080225988700565,0.038565996740901685,1.1039260969976905,0.04939626783754116,1.0988505747126436,0.047097480832420595,1.1052023121387282,0.049972542559033495,1.227214377406932,0.10201729106628242,0.8473581213307241,-0.0826271186440678,0.8255481410867492,-0.09556135770234987,0.8608349900596421,-0.07478632478632478,0.8992731048805815,-0.05303444505194095,0.9785310734463277,-0.010850942318675044,0.9058577405857741,-0.04939626783754116,0.9954022988505747,-0.002304147465437788,1.001156069364162,0.0005777007510109763,1.1116816431322207,0.05288753799392097,0.8512720156555773,-0.080338266384778,0.8293612964728313,-0.09327774882751433,0.8648111332007953,-0.07249466950959488,0.9034267912772586,-0.05073649754500818,0.9830508474576272,-0.008547008547008548,0.9100418410041841,-0.047097480832420595,1.0046189376443417,0.002304147465437788,1.0057803468208093,0.002881844380403458,1.116816431322208,0.05518496058217101,0.8463796477495108,-0.08320084790673025,0.8245948522402288,-0.0961337513061651,0.8598409542743539,-0.07536076964190272,0.8982346832814122,-0.053610503282275714,0.9774011299435028,-0.011428571428571429,0.9048117154811716,-0.049972542559033495,0.9988452655889145,-0.0005777007510109763,0.9942528735632183,-0.002881844380403458,1.110397946084724,0.052311435523114354,0.7622309197651663,-0.13492504164353136,0.7426120114394662,-0.14770240700218817,0.7743538767395626,-0.12717086834733893,0.8089304257528557,-0.10562571756601608,0.880225988700565,-0.06370192307692307,0.8148535564853556,-0.10201729106628242,0.8995381062355658,-0.05288753799392097,0.8954022988505748,-0.05518496058217101,0.900578034682081,-0.052311435523114354
479,439,574,651,587,603,502,500,468,505,7/1/2024,50.98,0.8817204301075269,-0.06285714285714286,0.9778534923339012,-0.01119724375538329,0.9519071310116086,-0.02463891248937978,1.1434262948207172,0.06691449814126393,1.148,0.06890130353817504,1.2264957264957266,0.1017274472168906,1.1366336633663365,0.0639481000926784,1.198329853862213,0.09021842355175688,1.3075170842824602,0.1332675222112537,1.1341463414634145,0.06285714285714286,1.1090289608177173,0.051696284329563816,1.0796019900497513,0.03827751196172249,1.296812749003984,0.12922810060711187,1.302,0.13119026933101652,1.391025641025641,0.16353887399463807,1.2891089108910891,0.12629757785467127,1.3590814196242171,0.15221238938053097,1.4829157175398633,0.1944954128440367,1.0226480836236933,0.01119724375538329,0.901689708141321,-0.051696284329563816,0.9734660033167496,-0.013445378151260505,1.1693227091633467,0.0780532598714417,1.174,0.08003679852805888,1.2542735042735043,0.11279620853080569,1.1623762376237623,0.07509157509157509,1.2254697286012526,0.10131332082551595,1.3371298405466971,0.1442495126705653,1.0505226480836236,0.02463891248937978,0.9262672811059908,-0.03827751196172249,1.0272572402044293,0.013445378151260505,1.201195219123506,0.09140271493212669,1.206,0.09338168631006347,1.2884615384615385,0.12605042016806722,1.194059405940594,0.08844765342960288,1.2588726513569937,0.11460258780036968,1.3735763097949887,0.15738963531669867,0.8745644599303136,-0.06691449814126393,0.7711213517665131,-0.12922810060711187,0.8551959114139693,-0.0780532598714417,0.8325041459369817,-0.09140271493212669,1.004,0.001996007984031936,1.0726495726495726,0.03505154639175258,0.994059405940594,-0.0029791459781529296,1.048016701461378,0.023445463812436288,1.143507972665148,0.0669500531349628,0.8710801393728222,-0.06890130353817504,0.7680491551459293,-0.13119026933101652,0.8517887563884157,-0.08003679852805888,0.8291873963515755,-0.09338168631006347,0.9960159362549801,-0.001996007984031936,1.0683760683760684,0.03305785123966942,0.9900990099009901,-0.004975124378109453,1.0438413361169103,0.021450459652706845,1.1389521640091116,0.06496272630457935,0.8153310104529616,-0.1017274472168906,0.7188940092165899,-0.16353887399463807,0.797274275979557,-0.11279620853080569,0.7761194029850746,-0.12605042016806722,0.9322709163346613,-0.03505154639175258,0.936,-0.03305785123966942,0.9267326732673268,-0.03802672147995889,0.9770354906054279,-0.011615628299894404,1.0660592255125285,0.03197353914002205,0.8797909407665505,-0.0639481000926784,0.7757296466973886,-0.12629757785467127,0.8603066439522998,-0.07509157509157509,0.8374792703150912,-0.08844765342960288,1.0059760956175299,0.0029791459781529296,1.01,0.004975124378109453,1.079059829059829,0.03802672147995889,1.0542797494780793,0.026422764227642278,1.1503416856492028,0.06991525423728813,0.8344947735191638,-0.09021842355175688,0.7357910906298003,-0.15221238938053097,0.8160136286201022,-0.10131332082551595,0.7943615257048093,-0.11460258780036968,0.954183266932271,-0.023445463812436288,0.958,-0.021450459652706845,1.0235042735042734,0.011615628299894404,0.9485148514851485,-0.026422764227642278,1.0911161731207288,0.04357298474945534,0.764808362369338,-0.1332675222112537,0.674347158218126,-0.1944954128440367,0.747870528109029,-0.1442495126705653,0.7280265339966833,-0.15738963531669867,0.8745019920318725,-0.0669500531349628,0.878,-0.06496272630457935,0.938034188034188,-0.03197353914002205,0.8693069306930693,-0.06991525423728813,0.9164926931106472,-0.04357298474945534
823,706,1030,1207,1043,1047,881,871,808,862,7/21/2024,52.95,0.8533554266777134,-0.07912382655341976,0.987535953978907,-0.006271104679208876,0.9837631327602674,-0.008184882041405874,1.1691259931895572,0.07796964939822083,1.182548794489093,0.08364018937401367,1.2747524752475248,0.12078346028291621,1.1948955916473318,0.08879492600422834,1.2515188335358445,0.1117107393416082,1.4589235127478755,0.18663594470046083,1.1718446601941748,0.07912382655341976,1.1572387344199424,0.07288888888888889,1.1528175740210125,0.0709849157054126,1.3700340522133938,0.15613026819923373,1.3857634902411022,0.1616939364773821,1.493811881188119,0.19801488833746897,1.400232018561485,0.16674722087965202,1.4665856622114217,0.1891625615763547,1.7096317280453257,0.2618923157344485,1.0126213592233009,0.006271104679208876,0.8641259320629661,-0.07288888888888889,0.9961795606494747,-0.0019138755980861245,1.1838819523269013,0.0841995841995842,1.1974741676234213,0.08986415882967608,1.2908415841584158,0.12695840086439764,1.2099767981438516,0.09501312335958005,1.267314702308627,0.11789924973204716,1.4773371104815864,0.1926815323041738,1.0165048543689321,0.008184882041405874,0.8674399337199669,-0.0709849157054126,1.0038350910834133,0.0019138755980861245,1.188422247446084,0.08609958506224066,1.2020665901262917,0.09176225234619395,1.2957920792079207,0.12884097035040432,1.21461716937355,0.09690937663698271,1.2721749696233293,0.11978609625668449,1.4830028328611897,0.19452367370222476,0.8553398058252427,-0.07796964939822083,0.7299088649544325,-0.15613026819923373,0.8446788111217641,-0.0841995841995842,0.8414517669531996,-0.08609958506224066,1.0114810562571757,0.005707762557077625,1.0903465346534653,0.04322084073416223,1.0220417633410672,0.010900745840504877,1.0704738760631836,0.03403755868544601,1.2478753541076488,0.11027095148078135,0.845631067961165,-0.08364018937401367,0.7216238608119304,-0.1616939364773821,0.835091083413231,-0.08986415882967608,0.8319006685768864,-0.09176225234619395,0.9886492622020431,-0.005707762557077625,1.077970297029703,0.03752233472304944,1.0104408352668213,0.0051933064050779,1.0583232077764277,0.02833530106257379,1.2337110481586402,0.1046290424857324,0.7844660194174757,-0.12078346028291621,0.6694283347141674,-0.19801488833746897,0.7746883988494727,-0.12695840086439764,0.7717287488061128,-0.12884097035040432,0.9171396140749148,-0.04322084073416223,0.9276693455797933,-0.03752233472304944,0.9373549883990719,-0.032335329341317366,0.9817739975698664,-0.009196811771919068,1.1444759206798867,0.06737120211360634,0.8368932038834952,-0.08879492600422834,0.7141673570836785,-0.16674722087965202,0.8264621284755513,-0.09501312335958005,0.8233046800382043,-0.09690937663698271,0.978433598183882,-0.010900745840504877,0.9896670493685419,-0.0051933064050779,1.066831683168317,0.032335329341317366,1.0473876063183476,0.02314540059347181,1.2209631728045325,0.09948979591836735,0.7990291262135922,-0.1117107393416082,0.6818558409279205,-0.1891625615763547,0.7890699904122723,-0.11789924973204716,0.7860553963705826,-0.11978609625668449,0.9341657207718501,-0.03403755868544601,0.9448909299655568,-0.02833530106257379,1.0185643564356435,0.009196811771919068,0.9547563805104409,-0.02314540059347181,1.1657223796033995,0.07652060170045781,0.6854368932038835,-0.18663594470046083,0.5849212924606463,-0.2618923157344485,0.6768935762224353,-0.1926815323041738,0.6743075453677173,-0.19452367370222476,0.8013620885357549,-0.11027095148078135,0.8105625717566016,-0.1046290424857324,0.8737623762376238,-0.06737120211360634,0.8190255220417634,-0.09948979591836735,0.8578371810449574,-0.07652060170045781
5393,5329,6441,6111,5930,6609,6250,6018,6203,5739,7/26/2024,162.71,1.0540009818360334,0.026290630975143402,1.0861720067453626,0.0413062808180422,0.9745801180208806,-0.012873563218390805,1.03056,0.015050035458198724,1.0702891326021935,0.0339513604623164,1.0383685313557955,0.018823157228725088,1.1223209618400418,0.05763546798029557,1.1943259781197848,0.08855839107655906,1.2086695440045037,0.09447748513169074,0.9487657196087564,-0.026290630975143402,1.0305227655986509,0.015031974088530853,0.9246482069904676,-0.03915094339622641,0.97776,-0.011245044899279993,1.0154536390827518,0.007667573583972298,0.9851684668708689,-0.007471171024849764,1.064819654992159,0.03139240506329114,1.1331355460782495,0.06241307371349096,1.1467442296866204,0.06835664335664336,0.920664493091135,-0.0413062808180422,0.9703812796596302,-0.015031974088530853,0.8972613103343925,-0.054151048727968734,0.9488,-0.026272577996715927,0.9853772017281489,-0.007365249414127887,0.9559890375624698,-0.022500618148850245,1.033281059418017,0.016368154940440482,1.0995735212312256,0.047425593923871766,1.1127791330455996,0.053379518607336356,1.0260829063809966,0.012873563218390805,1.0814923907707412,0.03915094339622641,1.1145025295109612,0.054151048727968734,1.05744,0.0279181895948363,1.0982053838484547,0.04680446661914944,1.065452200548122,0.03168904152357165,1.1515943544171459,0.07045675413022352,1.2254774707954756,0.1013164472587902,1.240195158566335,0.10722063997319484,0.9703462195311288,-0.015050035458198724,1.0227458681066928,0.011245044899279993,1.0539629005059021,0.026272577996715927,0.9456801331517628,-0.0279181895948363,1.0385510136257894,0.018910987936093904,1.0075769788811866,0.003774190958002088,1.0890399024220248,0.04262240387021436,1.1589096977563509,0.07360645881645624,1.1728279226871834,0.07954054754296572,0.9343269678621332,-0.0339513604623164,0.9847815414825725,-0.007667573583972298,1.014839797639123,0.007365249414127887,0.9105764866091693,-0.04680446661914944,0.96288,-0.018910987936093904,0.9701757214251169,-0.015137877424106046,1.0486147412441191,0.02373054350599643,1.1158909697756352,0.054771711506441154,1.129292550197035,0.06072089539085221,0.9630492159602546,-0.018823157228725088,1.0150548191785305,0.007471171024849764,1.0460370994940977,0.022500618148850245,0.9385686185504615,-0.03168904152357165,0.99248,-0.003774190958002088,1.0307411100033235,0.015137877424106046,1.080850322355811,0.038854463238988446,1.1501946968292232,0.06985167299068644,1.1640082567085757,0.07578910856746444,0.8910107126222636,-0.05763546798029557,0.9391261659302896,-0.03139240506329114,0.9677908937605396,-0.016368154940440482,0.8683613254652747,-0.07045675413022352,0.91824,-0.04262240387021436,0.9536390827517448,-0.02373054350599643,0.9251974850878607,-0.038854463238988446,1.0641572408677915,0.031081566654689183,1.0769375117282791,0.03704372967112396,0.8372923459090204,-0.08855839107655906,0.8825069546719031,-0.06241307371349096,0.9094435075885329,-0.047425593923871766,0.8160084732939931,-0.1013164472587902,0.86288,-0.07360645881645624,0.8961448986374211,-0.054771711506441154,0.8694180235369983,-0.06985167299068644,0.9397107510019167,-0.031081566654689183,1.0120097579283167,0.005969035627681403,0.8273560006210215,-0.09447748513169074,0.8720340369824906,-0.06835664335664336,0.8986509274873524,-0.053379518607336356,0.806324708730519,-0.10722063997319484,0.85264,-0.07954054754296572,0.885510136257893,-0.06072089539085221,0.8591004352732549,-0.07578910856746444,0.9285589824011152,-0.03704372967112396,0.988132764694975,-0.005969035627681403
376,338,428,454,504,534,443,456,407,399,8/10/2024,200.71,0.9427312775330396,-0.02947845804988662,0.8492063492063492,-0.0815450643776824,0.8014981273408239,-0.1101871101871102,0.9661399548532731,-0.01722158438576349,0.9385964912280702,-0.03167420814479638,1.0515970515970516,0.025149700598802394,1.0726817042606516,0.03506650544135429,1.1382978723404256,0.06467661691542288,1.2662721893491125,0.1174934725848564,1.060747663551402,0.02947845804988662,0.9007936507936508,-0.05219206680584551,0.850187265917603,-0.08097165991902834,1.0248306997742664,0.012263099219620958,0.9956140350877193,-0.002197802197802198,1.1154791154791155,0.0545876887340302,1.137844611528822,0.06447831184056271,1.2074468085106382,0.09397590361445783,1.3431952662721893,0.14646464646464646,1.1775700934579438,0.0815450643776824,1.1101321585903083,0.05219206680584551,0.9438202247191011,-0.028901734104046242,1.1376975169300225,0.06441393875395987,1.105263157894737,0.05,1.2383292383292384,0.10647639956092206,1.263157894736842,0.11627906976744186,1.3404255319148937,0.14545454545454545,1.4911242603550297,0.19714964370546317,1.2476635514018692,0.1101871101871102,1.1762114537444934,0.08097165991902834,1.0595238095238095,0.028901734104046242,1.2054176072234764,0.0931422722620266,1.1710526315789473,0.07878787878787878,1.3120393120393121,0.13496280552603612,1.3383458646616542,0.14469453376205788,1.4202127659574468,0.17362637362637362,1.5798816568047338,0.22477064220183487,1.0350467289719627,0.01722158438576349,0.9757709251101322,-0.012263099219620958,0.878968253968254,-0.06441393875395987,0.8295880149812734,-0.0931422722620266,0.9714912280701754,-0.014460511679644048,1.0884520884520885,0.042352941176470586,1.1102756892230576,0.052256532066508314,1.178191489361702,0.08180708180708181,1.3106508875739644,0.13444302176696543,1.0654205607476634,0.03167420814479638,1.0044052863436124,0.002197802197802198,0.9047619047619048,-0.05,0.8539325842696629,-0.07878787878787878,1.0293453724604966,0.014460511679644048,1.1203931203931203,0.056778679026651215,1.1428571428571428,0.06666666666666667,1.2127659574468086,0.09615384615384616,1.349112426035503,0.1486146095717884,0.9509345794392523,-0.025149700598802394,0.8964757709251101,-0.0545876887340302,0.8075396825396826,-0.10647639956092206,0.7621722846441947,-0.13496280552603612,0.9187358916478555,-0.042352941176470586,0.8925438596491229,-0.056778679026651215,1.0200501253132832,0.009925558312655087,1.0824468085106382,0.03959131545338442,1.2041420118343196,0.09261744966442953,0.9322429906542056,-0.03506650544135429,0.8788546255506607,-0.06447831184056271,0.7916666666666666,-0.11627906976744186,0.7471910112359551,-0.14469453376205788,0.9006772009029346,-0.052256532066508314,0.875,-0.06666666666666667,0.9803439803439803,-0.009925558312655087,1.0611702127659575,0.02967741935483871,1.180473372781065,0.08276797829036635,0.8785046728971962,-0.06467661691542288,0.8281938325991189,-0.09397590361445783,0.746031746031746,-0.14545454545454545,0.704119850187266,-0.17362637362637362,0.8487584650112867,-0.08180708180708181,0.8245614035087719,-0.09615384615384616,0.9238329238329238,-0.03959131545338442,0.9423558897243107,-0.02967741935483871,1.1124260355029585,0.05322128851540616,0.7897196261682243,-0.1174934725848564,0.7444933920704846,-0.14646464646464646,0.6706349206349206,-0.19714964370546317,0.6329588014981273,-0.22477064220183487,0.7629796839729119,-0.13444302176696543,0.7412280701754386,-0.1486146095717884,0.8304668304668305,-0.09261744966442953,0.8471177944862155,-0.08276797829036635,0.898936170212766,-0.05322128851540616
366,332,387,380,406,458,349,353,296,303,8/15/2024,60.34,1.018421052631579,0.009126466753585397,0.9532019704433498,-0.02395964691046658,0.8449781659388647,-0.08402366863905325,1.1088825214899714,0.051630434782608696,1.0963172804532577,0.04594594594594595,1.3074324324324325,0.13323572474377746,1.2772277227722773,0.12173913043478261,1.0573770491803278,0.027888446215139442,1.1656626506024097,0.07649513212795549,0.9819121447028424,-0.009126466753585397,0.9359605911330049,-0.03307888040712468,0.8296943231441049,-0.09307875894988067,1.0888252148997135,0.04252400548696845,1.0764872521246458,0.036834924965893585,1.2837837837837838,0.1242603550295858,1.2541254125412542,0.11273792093704246,1.0382513661202186,0.01876675603217158,1.144578313253012,0.06741573033707865,1.049095607235142,0.02395964691046658,1.068421052631579,0.03307888040712468,0.8864628820960698,-0.06018518518518518,1.163323782234957,0.07549668874172186,1.1501416430594902,0.06982872200263504,1.3716216216216217,0.15669515669515668,1.33993399339934,0.14527503526093088,1.1092896174863387,0.05181347150259067,1.2228915662650603,0.1002710027100271,1.1834625322997416,0.08402366863905325,1.2052631578947368,0.09307875894988067,1.1280788177339902,0.06018518518518518,1.3123209169054442,0.13506815365551425,1.2974504249291785,0.12946979038224415,1.5472972972972974,0.21485411140583555,1.5115511551155116,0.20367936925098554,1.2513661202185793,0.11165048543689321,1.3795180722891567,0.15949367088607594,0.9018087855297158,-0.051630434782608696,0.9184210526315789,-0.04252400548696845,0.8596059113300493,-0.07549668874172186,0.7620087336244541,-0.13506815365551425,0.9886685552407932,-0.005698005698005698,1.179054054054054,0.08217054263565891,1.1518151815181519,0.0705521472392638,0.953551912568306,-0.023776223776223775,1.0512048192771084,0.024963289280469897,0.9121447028423773,-0.04594594594594595,0.9289473684210526,-0.036834924965893585,0.8694581280788177,-0.06982872200263504,0.7707423580786026,-0.12946979038224415,1.011461318051576,0.005698005698005698,1.1925675675675675,0.08782742681047766,1.165016501650165,0.07621951219512195,0.9644808743169399,-0.01808066759388039,1.0632530120481927,0.030656934306569343,0.7648578811369509,-0.13323572474377746,0.7789473684210526,-0.1242603550295858,0.729064039408867,-0.15669515669515668,0.6462882096069869,-0.21485411140583555,0.8481375358166189,-0.08217054263565891,0.8385269121813032,-0.08782742681047766,0.976897689768977,-0.011686143572621035,0.8087431693989071,-0.10574018126888217,0.891566265060241,-0.05732484076433121,0.7829457364341085,-0.12173913043478261,0.7973684210526316,-0.11273792093704246,0.7463054187192119,-0.14527503526093088,0.6615720524017468,-0.20367936925098554,0.8681948424068768,-0.0705521472392638,0.8583569405099151,-0.07621951219512195,1.0236486486486487,0.011686143572621035,0.8278688524590164,-0.09417040358744394,0.9126506024096386,-0.04566929133858268,0.9457364341085271,-0.027888446215139442,0.9631578947368421,-0.01876675603217158,0.9014778325123153,-0.05181347150259067,0.7991266375545851,-0.11165048543689321,1.0487106017191976,0.023776223776223775,1.0368271954674222,0.01808066759388039,1.2364864864864864,0.10574018126888217,1.2079207920792079,0.09417040358744394,1.1024096385542168,0.04871060171919771,0.8578811369509044,-0.07649513212795549,0.8736842105263158,-0.06741573033707865,0.8177339901477833,-0.1002710027100271,0.7248908296943232,-0.15949367088607594,0.9512893982808023,-0.024963289280469897,0.9405099150141643,-0.030656934306569343,1.1216216216216217,0.05732484076433121,1.0957095709570956,0.04566929133858268,0.907103825136612,-0.04871060171919771
81,73,186,145,122,152,128,148,100,122,8/25/2024,69.53,1.282758620689655,0.12386706948640483,1.5245901639344261,0.2077922077922078,1.2236842105263157,0.10059171597633136,1.453125,0.18471337579617833,1.2567567567567568,0.11377245508982035,1.86,0.3006993006993007,1.5245901639344261,0.2077922077922078,2.2962962962962963,0.39325842696629215,2.547945205479452,0.4362934362934363,0.7795698924731183,-0.12386706948640483,1.1885245901639345,0.08614232209737828,0.9539473684210527,-0.02356902356902357,1.1328125,0.06227106227106227,0.9797297297297297,-0.010238907849829351,1.45,0.1836734693877551,1.1885245901639345,0.08614232209737828,1.7901234567901234,0.2831858407079646,1.9863013698630136,0.3302752293577982,0.6559139784946236,-0.2077922077922078,0.8413793103448276,-0.08614232209737828,0.8026315789473685,-0.10948905109489052,0.953125,-0.024,0.8243243243243243,-0.0962962962962963,1.22,0.0990990990990991,1.0,0.0,1.5061728395061729,0.2019704433497537,1.6712328767123288,0.2512820512820513,0.8172043010752689,-0.10059171597633136,1.0482758620689656,0.02356902356902357,1.2459016393442623,0.10948905109489052,1.1875,0.08571428571428572,1.027027027027027,0.013333333333333334,1.52,0.20634920634920634,1.2459016393442623,0.10948905109489052,1.876543209876543,0.30472103004291845,2.0821917808219177,0.3511111111111111,0.6881720430107527,-0.18471337579617833,0.8827586206896552,-0.06227106227106227,1.0491803278688525,0.024,0.8421052631578947,-0.08571428571428572,0.8648648648648649,-0.07246376811594203,1.28,0.12280701754385964,1.0491803278688525,0.024,1.5802469135802468,0.22488038277511962,1.7534246575342465,0.2736318407960199,0.7956989247311828,-0.11377245508982035,1.0206896551724138,0.010238907849829351,1.2131147540983607,0.0962962962962963,0.9736842105263158,-0.013333333333333334,1.15625,0.07246376811594203,1.48,0.1935483870967742,1.2131147540983607,0.0962962962962963,1.8271604938271604,0.2925764192139738,2.0273972602739727,0.3393665158371041,0.5376344086021505,-0.3006993006993007,0.6896551724137931,-0.1836734693877551,0.819672131147541,-0.0990990990990991,0.6578947368421053,-0.20634920634920634,0.78125,-0.12280701754385964,0.6756756756756757,-0.1935483870967742,0.819672131147541,-0.0990990990990991,1.2345679012345678,0.10497237569060773,1.36986301369863,0.15606936416184972,0.6559139784946236,-0.2077922077922078,0.8413793103448276,-0.08614232209737828,1.0,0.0,0.8026315789473685,-0.10948905109489052,0.953125,-0.024,0.8243243243243243,-0.0962962962962963,1.22,0.0990990990990991,1.5061728395061729,0.2019704433497537,1.6712328767123288,0.2512820512820513,0.43548387096774194,-0.39325842696629215,0.5586206896551724,-0.2831858407079646,0.6639344262295082,-0.2019704433497537,0.5328947368421053,-0.30472103004291845,0.6328125,-0.22488038277511962,0.5472972972972973,-0.2925764192139738,0.81,-0.10497237569060773,0.6639344262295082,-0.2019704433497537,1.1095890410958904,0.05194805194805195,0.3924731182795699,-0.4362934362934363,0.503448275862069,-0.3302752293577982,0.5983606557377049,-0.2512820512820513,0.48026315789473684,-0.3511111111111111,0.5703125,-0.2736318407960199,0.49324324324324326,-0.3393665158371041,0.73,-0.15606936416184972,0.5983606557377049,-0.2512820512820513,0.9012345679012346,-0.05194805194805195
108,105,58,102,119,150,81,75,50,48,9/9/2024,164.32,0.5686274509803921,-0.275,0.48739495798319327,-0.3446327683615819,0.38666666666666666,-0.4423076923076923,0.7160493827160493,-0.16546762589928057,0.7733333333333333,-0.12781954887218044,1.16,0.07407407407407407,1.2083333333333333,0.09433962264150944,0.5370370370370371,-0.30120481927710846,0.5523809523809524,-0.2883435582822086,1.7586206896551724,0.275,0.8571428571428571,-0.07692307692307693,0.68,-0.19047619047619047,1.2592592592592593,0.11475409836065574,1.36,0.15254237288135594,2.04,0.34210526315789475,2.125,0.36,0.9444444444444444,-0.02857142857142857,0.9714285714285714,-0.014492753623188406,2.0517241379310347,0.3446327683615819,1.1666666666666667,0.07692307692307693,0.7933333333333333,-0.11524163568773234,1.4691358024691359,0.19,1.5866666666666667,0.2268041237113402,2.38,0.40828402366863903,2.4791666666666665,0.4251497005988024,1.1018518518518519,0.048458149779735685,1.1333333333333333,0.0625,2.586206896551724,0.4423076923076923,1.4705882352941178,0.19047619047619047,1.2605042016806722,0.11524163568773234,1.8518518518518519,0.2987012987012987,2.0,0.3333333333333333,3.0,0.5,3.125,0.5151515151515151,1.3888888888888888,0.16279069767441862,1.4285714285714286,0.17647058823529413,1.396551724137931,0.16546762589928057,0.7941176470588235,-0.11475409836065574,0.680672268907563,-0.19,0.54,-0.2987012987012987,1.08,0.038461538461538464,1.62,0.2366412213740458,1.6875,0.2558139534883721,0.75,-0.14285714285714285,0.7714285714285715,-0.12903225806451613,1.293103448275862,0.12781954887218044,0.7352941176470589,-0.15254237288135594,0.6302521008403361,-0.2268041237113402,0.5,-0.3333333333333333,0.9259259259259259,-0.038461538461538464,1.5,0.2,1.5625,0.21951219512195122,0.6944444444444444,-0.18032786885245902,0.7142857142857143,-0.16666666666666666,0.8620689655172413,-0.07407407407407407,0.49019607843137253,-0.34210526315789475,0.42016806722689076,-0.40828402366863903,0.3333333333333333,-0.5,0.6172839506172839,-0.2366412213740458,0.6666666666666666,-0.2,1.0416666666666667,0.02040816326530612,0.46296296296296297,-0.3670886075949367,0.47619047619047616,-0.3548387096774194,0.8275862068965517,-0.09433962264150944,0.47058823529411764,-0.36,0.40336134453781514,-0.4251497005988024,0.32,-0.5151515151515151,0.5925925925925926,-0.2558139534883721,0.64,-0.21951219512195122,0.96,-0.02040816326530612,0.4444444444444444,-0.38461538461538464,0.45714285714285713,-0.37254901960784315,1.8620689655172413,0.30120481927710846,1.0588235294117647,0.02857142857142857,0.907563025210084,-0.048458149779735685,0.72,-0.16279069767441862,1.3333333333333333,0.14285714285714285,1.44,0.18032786885245902,2.16,0.3670886075949367,2.25,0.38461538461538464,1.0285714285714285,0.014084507042253521,1.8103448275862069,0.2883435582822086,1.0294117647058822,0.014492753623188406,0.8823529411764706,-0.0625,0.7,-0.17647058823529413,1.2962962962962963,0.12903225806451613,1.4,0.16666666666666666,2.1,0.3548387096774194,2.1875,0.37254901960784315,0.9722222222222222,-0.014084507042253521
78,49,158,167,186,247,116,174,94,91,10/4/2024,180.38,0.9461077844311377,-0.027692307692307693,0.8494623655913979,-0.08139534883720931,0.6396761133603239,-0.21975308641975308,1.3620689655172413,0.15328467153284672,0.9080459770114943,-0.04819277108433735,1.6808510638297873,0.25396825396825395,1.7362637362637363,0.26907630522088355,2.0256410256410255,0.3389830508474576,3.2244897959183674,0.5265700483091788,1.0569620253164558,0.027692307692307693,0.8978494623655914,-0.053824362606232294,0.6761133603238867,-0.1932367149758454,1.4396551724137931,0.18021201413427562,0.9597701149425287,-0.020527859237536656,1.7765957446808511,0.2796934865900383,1.835164835164835,0.29457364341085274,2.141025641025641,0.363265306122449,3.4081632653061225,0.5462962962962963,1.1772151898734178,0.08139534883720931,1.1137724550898203,0.053824362606232294,0.7530364372469636,-0.14087759815242495,1.603448275862069,0.23178807947019867,1.0689655172413792,0.03333333333333333,1.9787234042553192,0.32857142857142857,2.043956043956044,0.34296028880866425,2.3846153846153846,0.4090909090909091,3.795918367346939,0.5829787234042553,1.5632911392405062,0.21975308641975308,1.4790419161676647,0.1932367149758454,1.3279569892473118,0.14087759815242495,2.1293103448275863,0.3608815426997245,1.4195402298850575,0.17339667458432304,2.627659574468085,0.44868035190615835,2.7142857142857144,0.46153846153846156,3.1666666666666665,0.52,5.040816326530612,0.668918918918919,0.7341772151898734,-0.15328467153284672,0.6946107784431138,-0.18021201413427562,0.6236559139784946,-0.23178807947019867,0.46963562753036436,-0.3608815426997245,0.6666666666666666,-0.2,1.2340425531914894,0.10476190476190476,1.2747252747252746,0.12077294685990338,1.4871794871794872,0.1958762886597938,2.36734693877551,0.40606060606060607,1.1012658227848102,0.04819277108433735,1.0419161676646707,0.020527859237536656,0.9354838709677419,-0.03333333333333333,0.7044534412955465,-0.17339667458432304,1.5,0.2,1.851063829787234,0.29850746268656714,1.9120879120879122,0.3132075471698113,2.230769230769231,0.38095238095238093,3.5510204081632653,0.5605381165919282,0.5949367088607594,-0.25396825396825395,0.562874251497006,-0.2796934865900383,0.5053763440860215,-0.32857142857142857,0.3805668016194332,-0.44868035190615835,0.8103448275862069,-0.10476190476190476,0.5402298850574713,-0.29850746268656714,1.032967032967033,0.016216216216216217,1.205128205128205,0.09302325581395349,1.9183673469387754,0.3146853146853147,0.5759493670886076,-0.26907630522088355,0.5449101796407185,-0.29457364341085274,0.489247311827957,-0.34296028880866425,0.3684210526315789,-0.46153846153846156,0.7844827586206896,-0.12077294685990338,0.5229885057471264,-0.3132075471698113,0.9680851063829787,-0.016216216216216217,1.1666666666666667,0.07692307692307693,1.8571428571428572,0.3,0.4936708860759494,-0.3389830508474576,0.46706586826347307,-0.363265306122449,0.41935483870967744,-0.4090909090909091,0.3157894736842105,-0.52,0.6724137931034483,-0.1958762886597938,0.4482758620689655,-0.38095238095238093,0.8297872340425532,-0.09302325581395349,0.8571428571428571,-0.07692307692307693,1.5918367346938775,0.2283464566929134,0.310126582278481,-0.5265700483091788,0.2934131736526946,-0.5462962962962963,0.26344086021505375,-0.5829787234042553,0.19838056680161945,-0.668918918918919,0.4224137931034483,-0.40606060606060607,0.28160919540229884,-0.5605381165919282,0.5212765957446809,-0.3146853146853147,0.5384615384615384,-0.3,0.6282051282051282,-0.2283464566929134
65,49,216,158,124,126,101,115,97,109,10/14/2024,5.96,1.3670886075949367,0.15508021390374332,1.7419354838709677,0.27058823529411763,1.7142857142857142,0.2631578947368421,2.1386138613861387,0.3627760252365931,1.8782608695652174,0.30513595166163143,2.2268041237113403,0.3801916932907348,1.981651376146789,0.3292307692307692,3.3230769230769233,0.5373665480427047,4.408163265306122,0.630188679245283,0.7314814814814815,-0.15508021390374332,1.2741935483870968,0.12056737588652482,1.253968253968254,0.11267605633802817,1.5643564356435644,0.22007722007722008,1.373913043478261,0.1575091575091575,1.6288659793814433,0.23921568627450981,1.4495412844036697,0.18352059925093633,2.4307692307692306,0.4170403587443946,3.2244897959183674,0.5265700483091788,0.5740740740740741,-0.27058823529411763,0.7848101265822784,-0.12056737588652482,0.9841269841269841,-0.008,1.2277227722772277,0.10222222222222223,1.0782608695652174,0.03765690376569038,1.2783505154639174,0.12217194570135746,1.1376146788990826,0.06437768240343347,1.9076923076923078,0.31216931216931215,2.5306122448979593,0.43352601156069365,0.5833333333333334,-0.2631578947368421,0.7974683544303798,-0.11267605633802817,1.0161290322580645,0.008,1.2475247524752475,0.11013215859030837,1.0956521739130434,0.04564315352697095,1.2989690721649485,0.13004484304932734,1.1559633027522935,0.07234042553191489,1.9384615384615385,0.3193717277486911,2.5714285714285716,0.44,0.4675925925925926,-0.3627760252365931,0.6392405063291139,-0.22007722007722008,0.8145161290322581,-0.10222222222222223,0.8015873015873016,-0.11013215859030837,0.8782608695652174,-0.06481481481481481,1.041237113402062,0.020202020202020204,0.926605504587156,-0.0380952380952381,1.5538461538461539,0.21686746987951808,2.061224489795918,0.3466666666666667,0.5324074074074074,-0.30513595166163143,0.7278481012658228,-0.1575091575091575,0.9274193548387096,-0.03765690376569038,0.9126984126984127,-0.04564315352697095,1.1386138613861385,0.06481481481481481,1.1855670103092784,0.08490566037735849,1.055045871559633,0.026785714285714284,1.7692307692307692,0.2777777777777778,2.3469387755102042,0.4024390243902439,0.44907407407407407,-0.3801916932907348,0.6139240506329114,-0.23921568627450981,0.782258064516129,-0.12217194570135746,0.7698412698412699,-0.13004484304932734,0.9603960396039604,-0.020202020202020204,0.8434782608695652,-0.08490566037735849,0.8899082568807339,-0.05825242718446602,1.4923076923076923,0.19753086419753085,1.9795918367346939,0.3287671232876712,0.5046296296296297,-0.3292307692307692,0.689873417721519,-0.18352059925093633,0.8790322580645161,-0.06437768240343347,0.8650793650793651,-0.07234042553191489,1.0792079207920793,0.0380952380952381,0.9478260869565217,-0.026785714285714284,1.1237113402061856,0.05825242718446602,1.676923076923077,0.25287356321839083,2.2244897959183674,0.379746835443038,0.30092592592592593,-0.5373665480427047,0.41139240506329117,-0.4170403587443946,0.5241935483870968,-0.31216931216931215,0.5158730158730159,-0.3193717277486911,0.6435643564356436,-0.21686746987951808,0.5652173913043478,-0.2777777777777778,0.6701030927835051,-0.19753086419753085,0.5963302752293578,-0.25287356321839083,1.3265306122448979,0.14035087719298245,0.22685185185185186,-0.630188679245283,0.310126582278481,-0.5265700483091788,0.3951612903225806,-0.43352601156069365,0.3888888888888889,-0.44,0.48514851485148514,-0.3466666666666667,0.4260869565217391,-0.4024390243902439,0.5051546391752577,-0.3287671232876712,0.44954128440366975,-0.379746835443038,0.7538461538461538,-0.14035087719298245
38,33,21,24,52,57,16,21,10,12,10/24/2024,135.27,0.875,-0.06666666666666667,0.40384615384615385,-0.4246575342465753,0.3684210526315789,-0.46153846153846156,1.3125,0.13513513513513514,1.0,0.0,2.1,0.3548387096774194,1.75,0.2727272727272727,0.5526315789473685,-0.288135593220339,0.6363636363636364,-0.2222222222222222,1.1428571428571428,0.06666666666666667,0.46153846153846156,-0.3684210526315789,0.42105263157894735,-0.4074074074074074,1.5,0.2,1.1428571428571428,0.06666666666666667,2.4,0.4117647058823529,2.0,0.3333333333333333,0.631578947368421,-0.22580645161290322,0.7272727272727273,-0.15789473684210525,2.4761904761904763,0.4246575342465753,2.1666666666666665,0.3684210526315789,0.9122807017543859,-0.045871559633027525,3.25,0.5294117647058824,2.4761904761904763,0.4246575342465753,5.2,0.6774193548387096,4.333333333333333,0.625,1.368421052631579,0.15555555555555556,1.5757575757575757,0.2235294117647059,2.7142857142857144,0.46153846153846156,2.375,0.4074074074074074,1.0961538461538463,0.045871559633027525,3.5625,0.5616438356164384,2.7142857142857144,0.46153846153846156,5.7,0.7014925373134329,4.75,0.6521739130434783,1.5,0.2,1.7272727272727273,0.26666666666666666,0.7619047619047619,-0.13513513513513514,0.6666666666666666,-0.2,0.3076923076923077,-0.5294117647058824,0.2807017543859649,-0.5616438356164384,0.7619047619047619,-0.13513513513513514,1.6,0.23076923076923078,1.3333333333333333,0.14285714285714285,0.42105263157894735,-0.4074074074074074,0.48484848484848486,-0.3469387755102041,1.0,0.0,0.875,-0.06666666666666667,0.40384615384615385,-0.4246575342465753,0.3684210526315789,-0.46153846153846156,1.3125,0.13513513513513514,2.1,0.3548387096774194,1.75,0.2727272727272727,0.5526315789473685,-0.288135593220339,0.6363636363636364,-0.2222222222222222,0.47619047619047616,-0.3548387096774194,0.4166666666666667,-0.4117647058823529,0.19230769230769232,-0.6774193548387096,0.17543859649122806,-0.7014925373134329,0.625,-0.23076923076923078,0.47619047619047616,-0.3548387096774194,0.8333333333333334,-0.09090909090909091,0.2631578947368421,-0.5833333333333334,0.30303030303030304,-0.5348837209302325,0.5714285714285714,-0.2727272727272727,0.5,-0.3333333333333333,0.23076923076923078,-0.625,0.21052631578947367,-0.6521739130434783,0.75,-0.14285714285714285,0.5714285714285714,-0.2727272727272727,1.2,0.09090909090909091,0.3157894736842105,-0.52,0.36363636363636365,-0.4666666666666667,1.8095238095238095,0.288135593220339,1.5833333333333333,0.22580645161290322,0.7307692307692307,-0.15555555555555556,0.6666666666666666,-0.2,2.375,0.4074074074074074,1.8095238095238095,0.288135593220339,3.8,0.5833333333333334,3.1666666666666665,0.52,1.1515151515151516,0.07042253521126761,1.5714285714285714,0.2222222222222222,1.375,0.15789473684210525,0.6346153846153846,-0.2235294117647059,0.5789473684210527,-0.26666666666666666,2.0625,0.3469387755102041,1.5714285714285714,0.2222222222222222,3.3,0.5348837209302325,2.75,0.4666666666666667,0.868421052631579,-0.07042253521126761
715,505,491,788,453,651,891,797,950,700,10/29/2024,90.27,0.6230964467005076,-0.23221266614542613,1.0838852097130243,0.04025423728813559,0.7542242703533026,-0.14010507880910683,0.5510662177328844,-0.2894356005788712,0.616060225846926,-0.2375776397515528,0.5168421052631579,-0.31852879944483,0.7014285714285714,-0.17548278757346766,0.6867132867132867,-0.1857379767827529,0.9722772277227723,-0.014056224899598393,1.604887983706721,0.23221266614542613,1.739514348785872,0.26994359387590655,1.2104454685099846,0.09520500347463516,0.8843995510662177,-0.06134603930911257,0.9887076537013801,-0.0056782334384858045,0.8294736842105264,-0.09321058688147296,1.1257142857142857,0.05913978494623656,1.102097902097902,0.04856952761144378,1.5603960396039604,0.2188708430007734,0.9226069246435845,-0.04025423728813559,0.5748730964467005,-0.26994359387590655,0.695852534562212,-0.1793478260869565,0.5084175084175084,-0.32589285714285715,0.5683814303638645,-0.2752,0.4768421052631579,-0.35424091233071986,0.6471428571428571,-0.2142237640936687,0.6335664335664336,-0.2243150684931507,0.897029702970297,-0.054279749478079335,1.3258655804480652,0.14010507880910683,0.8261421319796954,-0.09520500347463516,1.4370860927152318,0.1793478260869565,0.7306397306397306,-0.1556420233463035,0.8168130489335006,-0.10082872928176796,0.6852631578947368,-0.1867582760774516,0.93,-0.03626943005181347,0.9104895104895104,-0.04685212298682284,1.2891089108910891,0.12629757785467127,1.814663951120163,0.2894356005788712,1.130710659898477,0.06134603930911257,1.966887417218543,0.32589285714285715,1.368663594470046,0.1556420233463035,1.1179422835633626,0.05568720379146919,0.9378947368421052,-0.03204780010863661,1.272857142857143,0.12005028284098052,1.2461538461538462,0.1095890410958904,1.7643564356435644,0.27650429799426934,1.6232179226069245,0.2375776397515528,1.0114213197969544,0.0056782334384858045,1.7593818984547462,0.2752,1.2242703533026114,0.10082872928176796,0.8945005611672279,-0.05568720379146919,0.8389473684210527,-0.08757870635374929,1.1385714285714286,0.06479625918503674,1.1146853146853146,0.05423280423280423,1.5782178217821783,0.22427035330261136,1.934826883910387,0.31852879944483,1.2055837563451777,0.09321058688147296,2.097130242825607,0.35424091233071986,1.4592933947772657,0.1867582760774516,1.0662177328843996,0.03204780010863661,1.191969887076537,0.08757870635374929,1.3571428571428572,0.15151515151515152,1.3286713286713288,0.14114114114114115,1.881188118811881,0.30584192439862545,1.4256619144602851,0.17548278757346766,0.8883248730964467,-0.05913978494623656,1.5452538631346577,0.2142237640936687,1.075268817204301,0.03626943005181347,0.7856341189674523,-0.12005028284098052,0.8782936010037641,-0.06479625918503674,0.7368421052631579,-0.15151515151515152,0.9790209790209791,-0.01060070671378092,1.386138613861386,0.16182572614107885,1.4562118126272912,0.1857379767827529,0.9073604060913706,-0.04856952761144378,1.5783664459161149,0.2243150684931507,1.098310291858679,0.04685212298682284,0.8024691358024691,-0.1095890410958904,0.8971141781681304,-0.05423280423280423,0.7526315789473684,-0.14114114114114115,1.0214285714285714,0.01060070671378092,1.4158415841584158,0.1721311475409836,1.0285132382892057,0.014056224899598393,0.6408629441624365,-0.2188708430007734,1.1147902869757174,0.054279749478079335,0.7757296466973886,-0.12629757785467127,0.5667789001122334,-0.27650429799426934,0.6336260978670013,-0.22427035330261136,0.531578947368421,-0.30584192439862545,0.7214285714285714,-0.16182572614107885,0.7062937062937062,-0.1721311475409836
39,15,215,309,267,215,39,56,17,25,11/13/2024,49.22,0.6957928802588996,-0.17938931297709923,0.8052434456928839,-0.1078838174273859,1.0,0.0,5.512820512820513,0.6929133858267716,3.8392857142857144,0.5867158671586716,12.647058823529411,0.853448275862069,8.6,0.7916666666666666,5.512820512820513,0.6929133858267716,14.333333333333334,0.8695652173913043,1.4372093023255814,0.17938931297709923,1.1573033707865168,0.07291666666666667,1.4372093023255814,0.17938931297709923,7.923076923076923,0.7758620689655172,5.517857142857143,0.6931506849315069,18.176470588235293,0.8957055214723927,12.36,0.8502994011976048,7.923076923076923,0.7758620689655172,20.6,0.9074074074074074,1.241860465116279,0.1078838174273859,0.8640776699029126,-0.07291666666666667,1.241860465116279,0.1078838174273859,6.846153846153846,0.7450980392156863,4.767857142857143,0.653250773993808,15.705882352941176,0.8802816901408451,10.68,0.8287671232876712,6.846153846153846,0.7450980392156863,17.8,0.8936170212765957,1.0,0.0,0.6957928802588996,-0.17938931297709923,0.8052434456928839,-0.1078838174273859,5.512820512820513,0.6929133858267716,3.8392857142857144,0.5867158671586716,12.647058823529411,0.853448275862069,8.6,0.7916666666666666,5.512820512820513,0.6929133858267716,14.333333333333334,0.8695652173913043,0.1813953488372093,-0.6929133858267716,0.1262135922330097,-0.7758620689655172,0.14606741573033707,-0.7450980392156863,0.1813953488372093,-0.6929133858267716,0.6964285714285714,-0.17894736842105263,2.2941176470588234,0.39285714285714285,1.56,0.21875,1.0,0.0,2.6,0.4444444444444444,0.26046511627906976,-0.5867158671586716,0.18122977346278318,-0.6931506849315069,0.20973782771535582,-0.653250773993808,0.26046511627906976,-0.5867158671586716,1.435897435897436,0.17894736842105263,3.2941176470588234,0.5342465753424658,2.24,0.38271604938271603,1.435897435897436,0.17894736842105263,3.7333333333333334,0.5774647887323944,0.07906976744186046,-0.853448275862069,0.05501618122977346,-0.8957055214723927,0.06367041198501873,-0.8802816901408451,0.07906976744186046,-0.853448275862069,0.4358974358974359,-0.39285714285714285,0.30357142857142855,-0.5342465753424658,0.68,-0.19047619047619047,0.4358974358974359,-0.39285714285714285,1.1333333333333333,0.0625,0.11627906976744186,-0.7916666666666666,0.08090614886731391,-0.8502994011976048,0.09363295880149813,-0.8287671232876712,0.11627906976744186,-0.7916666666666666,0.6410256410256411,-0.21875,0.44642857142857145,-0.38271604938271603,1.4705882352941178,0.19047619047619047,0.6410256410256411,-0.21875,1.6666666666666667,0.25,0.1813953488372093,-0.6929133858267716,0.1262135922330097,-0.7758620689655172,0.14606741573033707,-0.7450980392156863,0.1813953488372093,-0.6929133858267716,1.0,0.0,0.6964285714285714,-0.17894736842105263,2.2941176470588234,0.39285714285714285,1.56,0.21875,2.6,0.4444444444444444,0.06976744186046512,-0.8695652173913043,0.04854368932038835,-0.9074074074074074,0.056179775280898875,-0.8936170212765957,0.06976744186046512,-0.8695652173913043,0.38461538461538464,-0.4444444444444444,0.26785714285714285,-0.5774647887323944,0.8823529411764706,-0.0625,0.6,-0.25,0.38461538461538464,-0.4444444444444444
54,47,78,72,108,86,36,47,41,59,12/13/2024,133.61,1.0833333333333333,0.04,0.7222222222222222,-0.16129032258064516,0.9069767441860465,-0.04878048780487805,2.1666666666666665,0.3684210526315789,1.6595744680851063,0.248,1.9024390243902438,0.31092436974789917,1.3220338983050848,0.1386861313868613,1.4444444444444444,0.18181818181818182,1.6595744680851063,0.248,0.9230769230769231,-0.04,0.6666666666666666,-0.2,0.8372093023255814,-0.08860759493670886,2.0,0.3333333333333333,1.5319148936170213,0.21008403361344538,1.7560975609756098,0.2743362831858407,1.2203389830508475,0.09923664122137404,1.3333333333333333,0.14285714285714285,1.5319148936170213,0.21008403361344538,1.3846153846153846,0.16129032258064516,1.5,0.2,1.255813953488372,0.1134020618556701,3.0,0.5,2.297872340425532,0.3935483870967742,2.6341463414634148,0.44966442953020136,1.8305084745762712,0.2934131736526946,2.0,0.3333333333333333,2.297872340425532,0.3935483870967742,1.1025641025641026,0.04878048780487805,1.1944444444444444,0.08860759493670886,0.7962962962962963,-0.1134020618556701,2.388888888888889,0.4098360655737705,1.8297872340425532,0.2932330827067669,2.097560975609756,0.3543307086614173,1.4576271186440677,0.18620689655172415,1.5925925925925926,0.22857142857142856,1.8297872340425532,0.2932330827067669,0.46153846153846156,-0.3684210526315789,0.5,-0.3333333333333333,0.3333333333333333,-0.5,0.4186046511627907,-0.4098360655737705,0.7659574468085106,-0.13253012048192772,0.8780487804878049,-0.06493506493506493,0.6101694915254238,-0.24210526315789474,0.6666666666666666,-0.2,0.7659574468085106,-0.13253012048192772,0.6025641025641025,-0.248,0.6527777777777778,-0.21008403361344538,0.4351851851851852,-0.3935483870967742,0.5465116279069767,-0.2932330827067669,1.3055555555555556,0.13253012048192772,1.146341463414634,0.06818181818181818,0.7966101694915254,-0.11320754716981132,0.8703703703703703,-0.06930693069306931,1.0,0.0,0.5256410256410257,-0.31092436974789917,0.5694444444444444,-0.2743362831858407,0.37962962962962965,-0.44966442953020136,0.47674418604651164,-0.3543307086614173,1.1388888888888888,0.06493506493506493,0.8723404255319149,-0.06818181818181818,0.6949152542372882,-0.18,0.7592592592592593,-0.1368421052631579,0.8723404255319149,-0.06818181818181818,0.7564102564102564,-0.1386861313868613,0.8194444444444444,-0.09923664122137404,0.5462962962962963,-0.2934131736526946,0.686046511627907,-0.18620689655172415,1.6388888888888888,0.24210526315789474,1.2553191489361701,0.11320754716981132,1.4390243902439024,0.18,1.0925925925925926,0.04424778761061947,1.2553191489361701,0.11320754716981132,0.6923076923076923,-0.18181818181818182,0.75,-0.14285714285714285,0.5,-0.3333333333333333,0.627906976744186,-0.22857142857142856,1.5,0.2,1.148936170212766,0.06930693069306931,1.3170731707317074,0.1368421052631579,0.9152542372881356,-0.04424778761061947,1.148936170212766,0.06930693069306931,0.6025641025641025,-0.248,0.6527777777777778,-0.21008403361344538,0.4351851851851852,-0.3935483870967742,0.5465116279069767,-0.2932330827067669,1.3055555555555556,0.13253012048192772,1.0,0.0,1.146341463414634,0.06818181818181818,0.7966101694915254,-0.11320754716981132,0.8703703703703703,-0.06930693069306931
22,21,89,64,73,58,10,11,13,8,12/23/2024,84.43,1.390625,0.16339869281045752,1.2191780821917808,0.09876543209876543,1.5344827586206897,0.2108843537414966,8.9,0.797979797979798,8.090909090909092,0.78,6.846153846153846,0.7450980392156863,11.125,0.8350515463917526,4.045454545454546,0.6036036036036037,4.238095238095238,0.6181818181818182,0.7191011235955056,-0.16339869281045752,0.8767123287671232,-0.06569343065693431,1.103448275862069,0.04918032786885246,6.4,0.7297297297297297,5.818181818181818,0.7066666666666667,4.923076923076923,0.6623376623376623,8.0,0.7777777777777778,2.909090909090909,0.4883720930232558,3.0476190476190474,0.5058823529411764,0.8202247191011236,-0.09876543209876543,1.140625,0.06569343065693431,1.2586206896551724,0.11450381679389313,7.3,0.7590361445783133,6.636363636363637,0.7380952380952381,5.615384615384615,0.6976744186046512,9.125,0.8024691358024691,3.3181818181818183,0.5368421052631579,3.4761904761904763,0.5531914893617021,0.651685393258427,-0.2108843537414966,0.90625,-0.04918032786885246,0.7945205479452054,-0.11450381679389313,5.8,0.7058823529411765,5.2727272727272725,0.6811594202898551,4.461538461538462,0.6338028169014085,7.25,0.7575757575757576,2.6363636363636362,0.45,2.761904761904762,0.46835443037974683,0.11235955056179775,-0.797979797979798,0.15625,-0.7297297297297297,0.136986301369863,-0.7590361445783133,0.1724137931034483,-0.7058823529411765,0.9090909090909091,-0.047619047619047616,0.7692307692307693,-0.13043478260869565,1.25,0.1111111111111111,0.45454545454545453,-0.375,0.47619047619047616,-0.3548387096774194,0.12359550561797752,-0.78,0.171875,-0.7066666666666667,0.1506849315068493,-0.7380952380952381,0.1896551724137931,-0.6811594202898551,1.1,0.047619047619047616,0.8461538461538461,-0.08333333333333333,1.375,0.15789473684210525,0.5,-0.3333333333333333,0.5238095238095238,-0.3125,0.14606741573033707,-0.7450980392156863,0.203125,-0.6623376623376623,0.1780821917808219,-0.6976744186046512,0.22413793103448276,-0.6338028169014085,1.3,0.13043478260869565,1.1818181818181819,0.08333333333333333,1.625,0.23809523809523808,0.5909090909090909,-0.2571428571428571,0.6190476190476191,-0.23529411764705882,0.0898876404494382,-0.8350515463917526,0.125,-0.7777777777777778,0.1095890410958904,-0.8024691358024691,0.13793103448275862,-0.7575757575757576,0.8,-0.1111111111111111,0.7272727272727273,-0.15789473684210525,0.6153846153846154,-0.23809523809523808,0.36363636363636365,-0.4666666666666667,0.38095238095238093,-0.4482758620689655,0.24719101123595505,-0.6036036036036037,0.34375,-0.4883720930232558,0.3013698630136986,-0.5368421052631579,0.3793103448275862,-0.45,2.2,0.375,2.0,0.3333333333333333,1.6923076923076923,0.2571428571428571,2.75,0.4666666666666667,1.0476190476190477,0.023255813953488372,0.23595505617977527,-0.6181818181818182,0.328125,-0.5058823529411764,0.2876712328767123,-0.5531914893617021,0.3620689655172414,-0.46835443037974683,2.1,0.3548387096774194,1.9090909090909092,0.3125,1.6153846153846154,0.23529411764705882,2.625,0.4482758620689655,0.9545454545454546,-0.023255813953488372
36,28,42,127,119,79,14,10,18,13,2/26/2025,90.55,0.33070866141732286,-0.5029585798816568,0.35294117647058826,-0.4782608695652174,0.5316455696202531,-0.30578512396694213,3.0,0.5,4.2,0.6153846153846154,2.3333333333333335,0.4,3.230769230769231,0.5272727272727272,1.1666666666666667,0.07692307692307693,1.5,0.2,3.0238095238095237,0.5029585798816568,1.0672268907563025,0.032520325203252036,1.6075949367088607,0.23300970873786409,9.071428571428571,0.8014184397163121,12.7,0.8540145985401459,7.055555555555555,0.7517241379310344,9.76923076923077,0.8142857142857143,3.5277777777777777,0.558282208588957,4.535714285714286,0.6387096774193548,2.8333333333333335,0.4782608695652174,0.937007874015748,-0.032520325203252036,1.5063291139240507,0.20202020202020202,8.5,0.7894736842105263,11.9,0.8449612403100775,6.611111111111111,0.7372262773722628,9.153846153846153,0.803030303030303,3.3055555555555554,0.535483870967742,4.25,0.6190476190476191,1.880952380952381,0.30578512396694213,0.6220472440944882,-0.23300970873786409,0.6638655462184874,-0.20202020202020202,5.642857142857143,0.6989247311827957,7.9,0.7752808988764045,4.388888888888889,0.6288659793814433,6.076923076923077,0.717391304347826,2.1944444444444446,0.3739130434782609,2.8214285714285716,0.4766355140186916,0.3333333333333333,-0.5,0.11023622047244094,-0.8014184397163121,0.11764705882352941,-0.7894736842105263,0.17721518987341772,-0.6989247311827957,1.4,0.16666666666666666,0.7777777777777778,-0.125,1.0769230769230769,0.037037037037037035,0.3888888888888889,-0.44,0.5,-0.3333333333333333,0.23809523809523808,-0.6153846153846154,0.07874015748031496,-0.8540145985401459,0.08403361344537816,-0.8449612403100775,0.12658227848101267,-0.7752808988764045,0.7142857142857143,-0.16666666666666666,0.5555555555555556,-0.2857142857142857,0.7692307692307693,-0.13043478260869565,0.2777777777777778,-0.5652173913043478,0.35714285714285715,-0.47368421052631576,0.42857142857142855,-0.4,0.14173228346456693,-0.7517241379310344,0.15126050420168066,-0.7372262773722628,0.22784810126582278,-0.6288659793814433,1.2857142857142858,0.125,1.8,0.2857142857142857,1.3846153846153846,0.16129032258064516,0.5,-0.3333333333333333,0.6428571428571429,-0.21739130434782608,0.30952380952380953,-0.5272727272727272,0.10236220472440945,-0.8142857142857143,0.1092436974789916,-0.803030303030303,0.16455696202531644,-0.717391304347826,0.9285714285714286,-0.037037037037037035,1.3,0.13043478260869565,0.7222222222222222,-0.16129032258064516,0.3611111111111111,-0.46938775510204084,0.4642857142857143,-0.36585365853658536,0.8571428571428571,-0.07692307692307693,0.28346456692913385,-0.558282208588957,0.3025210084033613,-0.535483870967742,0.45569620253164556,-0.3739130434782609,2.5714285714285716,0.44,3.6,0.5652173913043478,2.0,0.3333333333333333,2.769230769230769,0.46938775510204084,1.2857142857142858,0.125,0.6666666666666666,-0.2,0.2204724409448819,-0.6387096774193548,0.23529411764705882,-0.6190476190476191,0.35443037974683544,-0.4766355140186916,2.0,0.3333333333333333,2.8,0.47368421052631576,1.5555555555555556,0.21739130434782608,2.1538461538461537,0.36585365853658536,0.7777777777777778,-0.125
350,288,525,680,561,489,384,376,372,343,3/28/2025,58.68,0.7720588235294118,-0.12863070539419086,0.9358288770053476,-0.03314917127071823,1.0736196319018405,0.03550295857988166,1.3671875,0.1551155115511551,1.3962765957446808,0.16537180910099888,1.4112903225806452,0.1705685618729097,1.530612244897959,0.20967741935483872,1.5,0.2,1.8229166666666667,0.2915129151291513,1.2952380952380953,0.12863070539419086,1.2121212121212122,0.0958904109589041,1.3905930470347647,0.16338751069289992,1.7708333333333333,0.2781954887218045,1.8085106382978724,0.2878787878787879,1.8279569892473118,0.29277566539923955,1.9825072886297377,0.32942326490713586,1.9428571428571428,0.32038834951456313,2.361111111111111,0.4049586776859504,1.0685714285714285,0.03314917127071823,0.825,-0.0958904109589041,1.147239263803681,0.06857142857142857,1.4609375,0.1873015873015873,1.4920212765957446,0.19743863393810032,1.5080645161290323,0.20257234726688103,1.6355685131195334,0.2411504424778761,1.6028571428571428,0.23161361141602635,1.9479166666666667,0.3215547703180212,0.9314285714285714,-0.03550295857988166,0.7191176470588235,-0.16338751069289992,0.8716577540106952,-0.06857142857142857,1.2734375,0.12027491408934708,1.300531914893617,0.130635838150289,1.314516129032258,0.13588850174216027,1.4256559766763848,0.17548076923076922,1.3971428571428572,0.16567342073897498,1.6979166666666667,0.25868725868725867,0.7314285714285714,-0.1551155115511551,0.5647058823529412,-0.2781954887218045,0.6844919786096256,-0.1873015873015873,0.7852760736196319,-0.12027491408934708,1.0212765957446808,0.010526315789473684,1.032258064516129,0.015873015873015872,1.119533527696793,0.05639614855570839,1.0971428571428572,0.04632152588555858,1.3333333333333333,0.14285714285714285,0.7161904761904762,-0.16537180910099888,0.5529411764705883,-0.2878787878787879,0.6702317290552585,-0.19743863393810032,0.7689161554192229,-0.130635838150289,0.9791666666666666,-0.010526315789473684,1.010752688172043,0.0053475935828877,1.096209912536443,0.0458970792767733,1.0742857142857143,0.03581267217630854,1.3055555555555556,0.13253012048192772,0.7085714285714285,-0.1705685618729097,0.5470588235294118,-0.29277566539923955,0.6631016042780749,-0.20257234726688103,0.7607361963190185,-0.13588850174216027,0.96875,-0.015873015873015872,0.9893617021276596,-0.0053475935828877,1.0845481049562682,0.04055944055944056,1.062857142857143,0.030470914127423823,1.2916666666666667,0.12727272727272726,0.6533333333333333,-0.20967741935483872,0.5044117647058823,-0.32942326490713586,0.6114081996434938,-0.2411504424778761,0.7014314928425358,-0.17548076923076922,0.8932291666666666,-0.05639614855570839,0.9122340425531915,-0.0458970792767733,0.9220430107526881,-0.04055944055944056,0.98,-0.010101010101010102,1.1909722222222223,0.08716323296354993,0.6666666666666666,-0.2,0.5147058823529411,-0.32038834951456313,0.6238859180035651,-0.23161361141602635,0.7157464212678937,-0.16567342073897498,0.9114583333333334,-0.04632152588555858,0.9308510638297872,-0.03581267217630854,0.9408602150537635,-0.030470914127423823,1.0204081632653061,0.010101010101010102,1.2152777777777777,0.09717868338557993,0.5485714285714286,-0.2915129151291513,0.4235294117647059,-0.4049586776859504,0.5133689839572193,-0.3215547703180212,0.588957055214724,-0.25868725868725867,0.75,-0.14285714285714285,0.7659574468085106,-0.13253012048192772,0.7741935483870968,-0.12727272727272726,0.8396501457725948,-0.08716323296354993,0.8228571428571428,-0.09717868338557993
1850,1828,2759,2641,2502,2653,2577,2759,2334,2761,4/2/2025,27.2,1.0446800454373344,0.02185185185185185,1.1027178257394086,0.04885002851168979,1.039954768186958,0.01958610495195861,1.0706247574699264,0.0341079460269865,1.0,0.0,1.1820908311910883,0.08344786962497545,0.9992756247736327,-0.00036231884057971015,1.4913513513513514,0.1972228249077891,1.5092997811816193,0.20296490080662744,0.9572308807538963,-0.02185185185185185,1.0555555555555556,0.02702702702702703,0.9954768186958161,-0.0022667170381564035,1.0248350795498642,0.012265235722499043,0.9572308807538963,-0.02185185185185185,1.1315338474721508,0.06170854271356784,0.9565374864179645,-0.022213994816734542,1.4275675675675676,0.17613003785348474,1.4447483588621444,0.18191989259342134,0.9068503080826387,-0.04885002851168979,0.9473684210526315,-0.02702702702702703,0.943083301922352,-0.029291949563530553,0.9708963911525029,-0.014766686355581808,0.9068503080826387,-0.04885002851168979,1.0719794344473008,0.034739454094292806,0.90619340818544,-0.04921147634429033,1.3524324324324324,0.14981617647058823,1.3687089715536105,0.1556581986143187,0.9615802827111272,-0.01958610495195861,1.0045437334343053,0.0022667170381564035,1.0603517186251,0.029291949563530553,1.0294916569654637,0.014531548757170172,0.9615802827111272,-0.01958610495195861,1.136675235646958,0.06396631241227191,0.9608837377761681,-0.01994828223125231,1.434054054054054,0.17832556073728625,1.451312910284464,0.18411068957821916,0.9340340703153316,-0.0341079460269865,0.975766755017039,-0.012265235722499043,1.0299760191846523,0.014766686355581808,0.9713531850735017,-0.014531548757170172,0.9340340703153316,-0.0341079460269865,1.1041131105398458,0.04948075748320098,0.9333574791742122,-0.034469838890970404,1.392972972972973,0.16421956177998645,1.4097374179431073,0.17003405221339388,1.0,0.0,1.0446800454373344,0.02185185185185185,1.1027178257394086,0.04885002851168979,1.039954768186958,0.01958610495195861,1.0706247574699264,0.0341079460269865,1.1820908311910883,0.08344786962497545,0.9992756247736327,-0.00036231884057971015,1.4913513513513514,0.1972228249077891,1.5092997811816193,0.20296490080662744,0.8459586806814063,-0.08344786962497545,0.883756152972359,-0.06170854271356784,0.9328537170263789,-0.034739454094292806,0.8797587636637768,-0.06396631241227191,0.9057043073341094,-0.04948075748320098,0.8459586806814063,-0.08344786962497545,0.8453458891705904,-0.08380765456329735,1.2616216216216216,0.11567877629063097,1.276805251641138,0.12157616530514176,1.000724900326205,0.00036231884057971015,1.0454373343430519,0.022213994816734542,1.1035171862509991,0.04921147634429033,1.0407086317376555,0.01994828223125231,1.0714008537058595,0.034469838890970404,1.000724900326205,0.00036231884057971015,1.1829477292202228,0.08380765456329735,1.4924324324324325,0.1975710258078508,1.5103938730853392,0.20331226846807585,0.6705328017397608,-0.1972228249077891,0.7004922377887164,-0.17613003785348474,0.7394084732214229,-0.14981617647058823,0.6973237843950245,-0.17832556073728625,0.7178890182382616,-0.16421956177998645,0.6705328017397608,-0.1972228249077891,0.792630676949443,-0.11567877629063097,0.6700470843897138,-0.1975710258078508,1.012035010940919,0.005981511691136488,0.6625588981515041,-0.20296490080662744,0.6921620598258236,-0.18191989259342134,0.7306155075939249,-0.1556581986143187,0.6890312853373539,-0.18411068957821916,0.7093519596429957,-0.17003405221339388,0.6625588981515041,-0.20296490080662744,0.7832047986289632,-0.12157616530514176,0.662078956899674,-0.20331226846807585,0.9881081081081081,-0.005981511691136488
504,430,1093,1358,1093,1023,640,619,593,549,4/7/2025,30.81,0.804860088365243,-0.10811913504691963,1.0,0.0,1.0684261974584555,0.0330812854442344,1.7078125,0.26139642238892097,1.765751211631664,0.27686915887850466,1.8431703204047218,0.29655990510083036,1.9908925318761383,0.3313032886723508,2.1686507936507935,0.3688165309956168,2.541860465116279,0.43532501641497046,1.242451967063129,0.10811913504691963,1.242451967063129,0.10811913504691963,1.327468230694037,0.14069718605627887,2.121875,0.35935935935935936,2.1938610662358644,0.37379868487607487,2.290050590219224,0.39210661199384933,2.4735883424408014,0.42422653382275827,2.6944444444444446,0.45864661654135336,3.158139534883721,0.5190156599552572,1.0,0.0,0.804860088365243,-0.10811913504691963,1.0684261974584555,0.0330812854442344,1.7078125,0.26139642238892097,1.765751211631664,0.27686915887850466,1.8431703204047218,0.29655990510083036,1.9908925318761383,0.3313032886723508,2.1686507936507935,0.3688165309956168,2.541860465116279,0.43532501641497046,0.9359560841720037,-0.0330812854442344,0.7533136966126657,-0.14069718605627887,0.9359560841720037,-0.0330812854442344,1.5984375,0.23030667468430546,1.6526655896607432,0.24604141291108406,1.7251264755480606,0.2660891089108911,1.8633879781420766,0.3015267175572519,2.0297619047619047,0.33988212180746563,2.3790697674418606,0.40812112869924294,0.585544373284538,-0.26139642238892097,0.47128129602356406,-0.35935935935935936,0.585544373284538,-0.26139642238892097,0.6256109481915934,-0.23030667468430546,1.0339256865912763,0.016679904686258934,1.0792580101180438,0.038118410381184104,1.1657559198542806,0.07653490328006729,1.2698412698412698,0.11888111888111888,1.4883720930232558,0.19626168224299065,0.5663311985361391,-0.27686915887850466,0.45581737849779086,-0.37379868487607487,0.5663311985361391,-0.27686915887850466,0.6050830889540567,-0.24604141291108406,0.9671875,-0.016679904686258934,1.0438448566610454,0.02145214521452145,1.127504553734062,0.059931506849315065,1.2281746031746033,0.10240427426536064,1.4395348837209303,0.1801715919923737,0.5425434583714547,-0.29655990510083036,0.4366715758468336,-0.39210661199384933,0.5425434583714547,-0.29655990510083036,0.5796676441837733,-0.2660891089108911,0.9265625,-0.038118410381184104,0.9579967689822294,-0.02145214521452145,1.0801457194899817,0.03852889667250438,1.1765873015873016,0.08113035551504102,1.3790697674418604,0.15933528836754643,0.5022872827081427,-0.3313032886723508,0.40427098674521356,-0.42422653382275827,0.5022872827081427,-0.3313032886723508,0.5366568914956011,-0.3015267175572519,0.8578125,-0.07653490328006729,0.8869143780290791,-0.059931506849315065,0.9258010118043845,-0.03852889667250438,1.0892857142857142,0.042735042735042736,1.2767441860465116,0.12155260469867211,0.46111619396157366,-0.3688165309956168,0.3711340206185567,-0.45864661654135336,0.46111619396157366,-0.3688165309956168,0.49266862170087977,-0.33988212180746563,0.7875,-0.11888111888111888,0.81421647819063,-0.10240427426536064,0.8499156829679595,-0.08113035551504102,0.9180327868852459,-0.042735042735042736,1.172093023255814,0.07922912205567452,0.3934126258005489,-0.43532501641497046,0.3166421207658321,-0.5190156599552572,0.3934126258005489,-0.43532501641497046,0.4203323558162268,-0.40812112869924294,0.671875,-0.19626168224299065,0.6946688206785138,-0.1801715919923737,0.7251264755480608,-0.15933528836754643,0.7832422586520947,-0.12155260469867211,0.8531746031746031,-0.07922912205567452
5665,4797,5935,5755,5748,6142,5974,5841,6023,5704,4/12/2025,48.16,1.0312771503040834,0.015397775876817793,1.0325330549756437,0.01600616280065052,0.9662976229241289,-0.01714001821644448,0.9934717107465685,-0.003274834159039382,1.0160931347372026,0.00798233695652174,0.9853893408600365,-0.007359090148854323,1.0404978962131837,0.019847065899132228,1.0476610767872905,0.02327586206896552,1.2372316030852617,0.10603801714498695,0.9696714406065712,-0.015397775876817793,1.0012178148921365,0.0006085369034165,0.9369912080755455,-0.03252920904429688,0.9633411449614998,-0.018671668513939806,0.9852764937510701,-0.00741635046567782,0.9555039017101112,-0.02275428765494991,1.0089410939691446,0.004450650143991622,1.0158870255957635,0.00788091068301226,1.199708150927663,0.09078847611827141,0.9684919966301601,-0.01600616280065052,0.9987836663770634,-0.0006085369034165,0.9358515141647672,-0.03313708999158957,0.9621694007365249,-0.019279986350452142,0.9840780688238315,-0.00802485115195444,0.9543416901876142,-0.023362501061931867,1.0077138849929874,0.0038421236465246244,1.0146513680494262,0.007272408656794883,1.1982489055659786,0.09018492176386914,1.034877843302443,0.01714001821644448,1.0672458731537793,0.03252920904429688,1.068545581071677,0.03313708999158957,1.0281218613993974,0.013865962363816441,1.051532271871255,0.025118918467829425,1.0197575958824505,0.00978216193999178,1.076788218793829,0.036974506162417695,1.0842012356575463,0.0403997628525451,1.2803835730664999,0.1229545662309169,1.0065711878685761,0.003274834159039382,1.0380538662033014,0.018671668513939806,1.0393180236604036,0.019279986350452142,0.9726473461413221,-0.013865962363816441,1.0227700736175311,0.011256876851460009,0.9918645193425203,-0.004084354421938818,1.047335203366059,0.02312039732830964,1.0545454545454545,0.02654867256637168,1.2453616843860746,0.10927490483706248,0.984161752316765,-0.00798233695652174,1.0149435273675065,0.00741635046567782,1.0161795407098122,0.00802485115195444,0.9509931618365354,-0.025118918467829425,0.9777368597254771,-0.011256876851460009,0.9697825004150755,-0.015340525960890087,1.0240182328190743,0.011866608921611087,1.0310679611650486,0.015296367112810707,1.2176360225140712,0.09813874788494077,1.014827295703454,0.007359090148854323,1.0465682015638575,0.02275428765494991,1.0478427279053584,0.023362501061931867,0.9806252035167697,-0.00978216193999178,1.0082022095748242,0.004084354421938818,1.0311590481082007,0.015340525960890087,1.0559256661991585,0.027202182996503795,1.0631950573698146,0.030629705681040384,1.2555764019178652,0.1133086876155268,0.961078348778433,-0.019847065899132228,0.9911381407471763,-0.004450650143991622,0.9923451635351427,-0.0038421236465246244,0.9286877238684468,-0.036974506162417695,0.954804151322397,-0.02312039732830964,0.9765451121383325,-0.011866608921611087,0.9470363606176324,-0.027202182996503795,1.0068843777581642,0.0034303808602339694,1.1890765061496769,0.08637272640700885,0.9545071609098568,-0.02327586206896552,0.9843614248479583,-0.00788091068301226,0.9855601948503827,-0.007272408656794883,0.9223380006512537,-0.0403997628525451,0.9482758620689655,-0.02654867256637168,0.9698681732580038,-0.015296367112810707,0.9405611821351486,-0.030629705681040384,0.9931626928471248,-0.0034303808602339694,1.180946424848864,0.08296692792965016,0.8082561078348779,-0.10603801714498695,0.8335360556038227,-0.09078847611827141,0.8345511482254697,-0.09018492176386914,0.7810159557147509,-0.1229545662309169,0.802979578172079,-0.10927490483706248,0.8212634822804314,-0.09813874788494077,0.7964469533455089,-0.1133086876155268,0.8409887798036466,-0.08637272640700885,0.8467784642541925,-0.08296692792965016
376,308,568,686,509,460,415,367,398,367,4/17/2025,36.0,0.8279883381924198,-0.09409888357256778,1.1159135559921414,0.05478180129990715,1.2347826086956522,0.10505836575875487,1.3686746987951808,0.15564598168870802,1.547683923705722,0.21497326203208555,1.4271356783919598,0.17598343685300208,1.547683923705722,0.21497326203208555,1.5106382978723405,0.2033898305084746,1.844155844155844,0.2968036529680365,1.2077464788732395,0.09409888357256778,1.3477406679764243,0.14811715481171547,1.491304347826087,0.19720767888307156,1.653012048192771,0.24613987284287012,1.8692098092643052,0.3029439696106363,1.7236180904522613,0.2656826568265683,1.8692098092643052,0.3029439696106363,1.824468085106383,0.2919020715630885,2.227272727272727,0.38028169014084506,0.8961267605633803,-0.05478180129990715,0.7419825072886297,-0.14811715481171547,1.1065217391304347,0.05056759545923633,1.2265060240963856,0.10173160173160173,1.3869209809264305,0.16210045662100456,1.278894472361809,0.12238147739801543,1.3869209809264305,0.16210045662100456,1.3537234042553192,0.15028248587570622,1.6525974025974026,0.2460220318237454,0.8098591549295775,-0.10505836575875487,0.6705539358600583,-0.19720767888307156,0.9037328094302554,-0.05056759545923633,1.108433734939759,0.05142857142857143,1.2534059945504088,0.1124546553808948,1.1557788944723617,0.07226107226107226,1.2534059945504088,0.1124546553808948,1.2234042553191489,0.10047846889952153,1.4935064935064934,0.19791666666666666,0.7306338028169014,-0.15564598168870802,0.6049562682215743,-0.24613987284287012,0.8153241650294696,-0.10173160173160173,0.9021739130434783,-0.05142857142857143,1.1307901907356948,0.061381074168797956,1.0427135678391959,0.020910209102091022,1.1307901907356948,0.061381074168797956,1.1037234042553192,0.0493046776232617,1.3474025974025974,0.1479944674965422,0.6461267605633803,-0.21497326203208555,0.5349854227405247,-0.3029439696106363,0.7210216110019646,-0.16210045662100456,0.7978260869565217,-0.1124546553808948,0.8843373493975903,-0.061381074168797956,0.9221105527638191,-0.040522875816993466,1.0,0.0,0.976063829787234,-0.012113055181695828,1.1915584415584415,0.0874074074074074,0.7007042253521126,-0.17598343685300208,0.5801749271137027,-0.2656826568265683,0.7819253438113949,-0.12238147739801543,0.8652173913043478,-0.07226107226107226,0.9590361445783132,-0.020910209102091022,1.0844686648501363,0.040522875816993466,1.0844686648501363,0.040522875816993466,1.0585106382978724,0.028423772609819122,1.2922077922077921,0.1274787535410765,0.6461267605633803,-0.21497326203208555,0.5349854227405247,-0.3029439696106363,0.7210216110019646,-0.16210045662100456,0.7978260869565217,-0.1124546553808948,0.8843373493975903,-0.061381074168797956,1.0,0.0,0.9221105527638191,-0.040522875816993466,0.976063829787234,-0.012113055181695828,1.1915584415584415,0.0874074074074074,0.6619718309859155,-0.2033898305084746,0.5481049562682215,-0.2919020715630885,0.7387033398821218,-0.15028248587570622,0.8173913043478261,-0.10047846889952153,0.9060240963855422,-0.0493046776232617,1.0245231607629428,0.012113055181695828,0.9447236180904522,-0.028423772609819122,1.0245231607629428,0.012113055181695828,1.2207792207792207,0.09941520467836257,0.5422535211267606,-0.2968036529680365,0.4489795918367347,-0.38028169014084506,0.6051080550098232,-0.2460220318237454,0.6695652173913044,-0.19791666666666666,0.7421686746987952,-0.1479944674965422,0.8392370572207084,-0.0874074074074074,0.7738693467336684,-0.1274787535410765,0.8392370572207084,-0.0874074074074074,0.8191489361702128,-0.09941520467836257
571,480,957,1148,829,775,627,601,630,585,4/27/2025,22.87,0.8336236933797909,-0.09073634204275534,1.1544028950542822,0.07166853303471445,1.2348387096774194,0.10508083140877598,1.5263157894736843,0.20833333333333334,1.5923460898502495,0.22849807445442877,1.519047619047619,0.2060491493383743,1.6358974358974359,0.24124513618677043,1.6760070052539404,0.2526178010471204,1.99375,0.33194154488517746,1.199582027168234,0.09073634204275534,1.3848009650180941,0.16135558927668184,1.481290322580645,0.1939677587103484,1.8309409888357258,0.29352112676056336,1.9101497504159735,0.3127501429388222,1.8222222222222222,0.29133858267716534,1.9623931623931623,0.32487016733987306,2.010507880910683,0.3356602675974404,2.3916666666666666,0.4103194103194103,0.8662486938349008,-0.07166853303471445,0.7221254355400697,-0.16135558927668184,1.0696774193548386,0.03366583541147132,1.3221690590111643,0.13873626373626374,1.3793677204658903,0.15944055944055943,1.3158730158730159,0.13639479095270735,1.4170940170940172,0.17256011315417255,1.4518388791593695,0.18428571428571427,1.7270833333333333,0.2666157372039725,0.8098223615464994,-0.10508083140877598,0.6750871080139372,-0.1939677587103484,0.9348612786489746,-0.03366583541147132,1.2360446570972887,0.10556348074179743,1.2895174708818635,0.12645348837209303,1.2301587301587302,0.10320284697508897,1.3247863247863247,0.13970588235294118,1.3572679509632224,0.1515601783060921,1.6145833333333333,0.2350597609561753,0.6551724137931034,-0.20833333333333334,0.5461672473867596,-0.29352112676056336,0.7563329312424608,-0.13873626373626374,0.8090322580645162,-0.10556348074179743,1.043261231281198,0.021172638436482084,0.9952380952380953,-0.002386634844868735,1.0717948717948718,0.034653465346534656,1.0980735551663747,0.04674457429048414,1.30625,0.13279132791327913,0.6280041797283177,-0.22849807445442877,0.5235191637630662,-0.3127501429388222,0.7249698431845597,-0.15944055944055943,0.775483870967742,-0.12645348837209303,0.9585326953748007,-0.021172638436482084,0.953968253968254,-0.023558082859463852,1.0273504273504273,0.013490725126475547,1.052539404553415,0.025597269624573378,1.2520833333333334,0.11193339500462535,0.658307210031348,-0.2060491493383743,0.5487804878048781,-0.29133858267716534,0.7599517490952955,-0.13639479095270735,0.8129032258064516,-0.10320284697508897,1.0047846889952152,0.002386634844868735,1.0482529118136439,0.023558082859463852,1.0769230769230769,0.037037037037037035,1.1033274956217163,0.049125728559533725,1.3125,0.13513513513513514,0.6112852664576802,-0.24124513618677043,0.509581881533101,-0.32487016733987306,0.7056694813027744,-0.17256011315417255,0.7548387096774194,-0.13970588235294118,0.9330143540669856,-0.034653465346534656,0.9733777038269551,-0.013490725126475547,0.9285714285714286,-0.037037037037037035,1.0245183887915936,0.012110726643598616,1.21875,0.09859154929577464,0.5966562173458725,-0.2526178010471204,0.49738675958188155,-0.3356602675974404,0.6887816646562123,-0.18428571428571427,0.7367741935483871,-0.1515601783060921,0.9106858054226475,-0.04674457429048414,0.9500831946755408,-0.025597269624573378,0.9063492063492063,-0.049125728559533725,0.976068376068376,-0.012110726643598616,1.1895833333333334,0.08658420551855375,0.5015673981191222,-0.33194154488517746,0.4181184668989547,-0.4103194103194103,0.5790108564535585,-0.2666157372039725,0.6193548387096774,-0.2350597609561753,0.7655502392344498,-0.13279132791327913,0.7986688851913477,-0.11193339500462535,0.7619047619047619,-0.13513513513513514,0.8205128205128205,-0.09859154929577464,0.840630472854641,-0.08658420551855375
478,425,861,957,673,634,510,532,529,508,5/2/2025,20.73,0.8996865203761756,-0.052805280528052806,1.2793462109955422,0.12255541069100391,1.3580441640378549,0.15183946488294314,1.688235294117647,0.25601750547045954,1.618421052631579,0.23618090452261306,1.6275992438563327,0.23884892086330936,1.6948818897637796,0.25785244704163623,1.801255230125523,0.286034353995519,2.0258823529411765,0.3390357698289269,1.1114982578397212,0.052805280528052806,1.4219910846953938,0.17423312883435582,1.5094637223974763,0.20301697045883094,1.8764705882352941,0.3047034764826176,1.7988721804511278,0.28542646071188715,1.8090737240075614,0.288021534320323,1.8838582677165354,0.30648464163822525,2.002092050209205,0.3337979094076655,2.251764705882353,0.3849493487698987,0.7816492450638792,-0.12255541069100391,0.703239289446186,-0.17423312883435582,1.0615141955835963,0.029839326702371844,1.3196078431372549,0.13778529163144548,1.2650375939849625,0.11701244813278008,1.272211720226843,0.11980033277870217,1.3248031496062993,0.1397121083827265,1.4079497907949792,0.16941789748045177,1.5835294117647059,0.22586520947176686,0.7363530778164924,-0.15183946488294314,0.6624869383490073,-0.20301697045883094,0.9420505200594353,-0.029839326702371844,1.2431372549019608,0.10839160839160839,1.1917293233082706,0.08747855917667238,1.1984877126654063,0.09028374892519346,1.2480314960629921,0.11033274956217162,1.3263598326359833,0.14028776978417265,1.4917647058823529,0.19735599622285174,0.5923344947735192,-0.25601750547045954,0.5329153605015674,-0.3047034764826176,0.7578008915304606,-0.13778529163144548,0.804416403785489,-0.10839160839160839,0.9586466165413534,-0.02111324376199616,0.9640831758034026,-0.01828681424446583,1.0039370078740157,0.0019646365422396855,1.0669456066945606,0.032388663967611336,1.2,0.09090909090909091,0.6178861788617886,-0.23618090452261306,0.5559038662486938,-0.28542646071188715,0.7904903417533432,-0.11701244813278008,0.8391167192429022,-0.08747855917667238,1.0431372549019609,0.02111324376199616,1.005671077504726,0.002827521206409048,1.047244094488189,0.023076923076923078,1.112970711297071,0.053465346534653464,1.251764705882353,0.11180773249738767,0.6144018583042973,-0.23884892086330936,0.5527690700104493,-0.288021534320323,0.7860326894502229,-0.11980033277870217,0.8343848580441641,-0.09028374892519346,1.0372549019607844,0.01828681424446583,0.9943609022556391,-0.002827521206409048,1.0413385826771653,0.020250723240115717,1.106694560669456,0.0506454816285998,1.244705882352941,0.1090146750524109,0.5900116144018583,-0.25785244704163623,0.5308254963427377,-0.30648464163822525,0.7548291233283804,-0.1397121083827265,0.8012618296529969,-0.11033274956217162,0.996078431372549,-0.0019646365422396855,0.9548872180451128,-0.023076923076923078,0.9603024574669187,-0.020250723240115717,1.0627615062761506,0.030425963488843813,1.1952941176470588,0.08896034297963558,0.5551684088269454,-0.286034353995519,0.4994775339602926,-0.3337979094076655,0.7102526002971769,-0.16941789748045177,0.7539432176656151,-0.14028776978417265,0.9372549019607843,-0.032388663967611336,0.8984962406015038,-0.053465346534653464,0.9035916824196597,-0.0506454816285998,0.9409448818897638,-0.030425963488843813,1.1247058823529412,0.058693244739756366,0.49361207897793263,-0.3390357698289269,0.4440961337513062,-0.3849493487698987,0.6315007429420505,-0.22586520947176686,0.6703470031545742,-0.19735599622285174,0.8333333333333334,-0.09090909090909091,0.7988721804511278,-0.11180773249738767,0.8034026465028355,-0.1090146750524109,0.8366141732283464,-0.08896034297963558,0.8891213389121339,-0.058693244739756366
744,672,1057,1203,946,923,811,799,779,784,5/9/2025,16.26,0.8786367414796342,-0.06460176991150443,1.1173361522198733,0.05541687468796805,1.1451787648970748,0.06767676767676768,1.3033292231812577,0.1316916488222698,1.3229036295369212,0.13900862068965517,1.3568677792041077,0.1514161220043573,1.3482142857142858,0.1482889733840304,1.4206989247311828,0.17379233759022766,1.5729166666666667,0.22267206477732793,1.1381267738883634,0.06460176991150443,1.2716701902748415,0.11959050721265704,1.3033586132177681,0.1317027281279398,1.4833538840937115,0.19463753723932473,1.5056320400500627,0.2017982017982018,1.5442875481386393,0.21392532795156408,1.534438775510204,0.2108706592853548,1.6169354838709677,0.2357473035439137,1.7901785714285714,0.2832,0.8949858088930936,-0.05541687468796805,0.7863674147963424,-0.11959050721265704,1.0249187432286024,0.012306046013911182,1.1664611590628853,0.07683551508252703,1.183979974968711,0.08424068767908309,1.2143774069319642,0.09681159420289855,1.2066326530612246,0.09364161849710982,1.271505376344086,0.11952662721893491,1.4077380952380953,0.16934487021013597,0.8732261116367077,-0.06767676767676768,0.7672485453034081,-0.1317027281279398,0.9756871035940803,-0.012306046013911182,1.1381011097410605,0.06459054209919261,1.1551939924906132,0.07200929152148665,1.1848523748395379,0.0846063454759107,1.177295918367347,0.08142940831868775,1.2405913978494623,0.10737852429514097,1.3735119047619047,0.1573667711598746,0.7672658467360454,-0.1316916488222698,0.6741479634247715,-0.19463753723932473,0.857293868921776,-0.07683551508252703,0.8786565547128927,-0.06459054209919261,1.0150187734668334,0.007453416149068323,1.0410783055198973,0.02012578616352201,1.034438775510204,0.016927899686520375,1.0900537634408602,0.043086816720257236,1.2068452380952381,0.09372892784895483,0.7559129612109745,-0.13900862068965517,0.6641729010806318,-0.2017982017982018,0.8446088794926004,-0.08424068767908309,0.8656554712892741,-0.07200929152148665,0.9852034525277436,-0.007453416149068323,1.0256739409499358,0.012674271229404309,1.0191326530612246,0.009475679090334808,1.0739247311827957,0.0356448476992871,1.1889880952380953,0.08633582596872875,0.7369914853358562,-0.1514161220043573,0.6475477971737323,-0.21392532795156408,0.8234672304439746,-0.09681159420289855,0.8439869989165764,-0.0846063454759107,0.9605425400739828,-0.02012578616352201,0.9749687108886108,-0.012674271229404309,0.9936224489795918,-0.003198976327575176,1.0470430107526882,0.02298095863427446,1.1592261904761905,0.0737422467263956,0.7417218543046358,-0.1482889733840304,0.6517040731504572,-0.2108706592853548,0.828752642706131,-0.09364161849710982,0.8494041170097508,-0.08142940831868775,0.966707768187423,-0.016927899686520375,0.981226533166458,-0.009475679090334808,1.006418485237484,0.003198976327575176,1.053763440860215,0.02617801047120419,1.1666666666666667,0.07692307692307693,0.7038789025543992,-0.17379233759022766,0.6184538653366584,-0.2357473035439137,0.7864693446088795,-0.11952662721893491,0.8060671722643553,-0.10737852429514097,0.9173859432799013,-0.043086816720257236,0.9311639549436797,-0.0356448476992871,0.9550706033376123,-0.02298095863427446,0.9489795918367347,-0.02617801047120419,1.1071428571428572,0.05084745762711865,0.6357615894039735,-0.22267206477732793,0.5586034912718204,-0.2832,0.7103594080338267,-0.16934487021013597,0.7280606717226435,-0.1573667711598746,0.8286066584463625,-0.09372892784895483,0.8410513141426783,-0.08633582596872875,0.8626444159178434,-0.0737422467263956,0.8571428571428571,-0.07692307692307693,0.9032258064516129,-0.05084745762711865
898,787,1072,1222,1014,1016,961,948,883,941,6/6/2025,14.29,0.8772504091653028,-0.06538796861377506,1.057199211045365,0.027804410354745925,1.0551181102362204,0.02681992337164751,1.1155046826222685,0.05459911460895229,1.130801687763713,0.061386138613861385,1.2140430351075877,0.09667519181585678,1.1392136025504782,0.06507699950322901,1.1937639198218264,0.0883248730964467,1.3621346886912324,0.15330823023130716,1.1399253731343284,0.06538796861377506,1.205128205128205,0.09302325581395349,1.202755905511811,0.09204647006255585,1.27159209157128,0.119560238204306,1.2890295358649788,0.12626728110599078,1.3839184597961496,0.16104513064133016,1.2986184909670564,0.12991215903837264,1.3608017817371938,0.15283018867924528,1.5527318932655654,0.21652563464410154,0.9458955223880597,-0.027804410354745925,0.8297872340425532,-0.09302325581395349,0.9980314960629921,-0.0009852216748768472,1.0551508844953175,0.026835443037974683,1.0696202531645569,0.03363914373088685,1.1483578708946773,0.06905640484976279,1.077577045696068,0.037340153452685425,1.1291759465478841,0.060669456066945605,1.2884371029224904,0.1260410882842865,0.9477611940298507,-0.02681992337164751,0.8314238952536824,-0.09204647006255585,1.0019723865877712,0.0009852216748768472,1.0572320499479708,0.0278199291856348,1.0717299578059072,0.034623217922606926,1.1506228765571913,0.07003686150605581,1.079702444208289,0.03832396525293817,1.1314031180400892,0.06165099268547544,1.2909783989834815,0.12701053799223516,0.8964552238805971,-0.05459911460895229,0.7864157119476268,-0.119560238204306,0.9477317554240631,-0.026835443037974683,0.9458661417322834,-0.0278199291856348,1.0137130801687764,0.006809848088004191,1.0883352208380521,0.04229934924078091,1.0212539851222104,0.010515247108307046,1.0701559020044544,0.03388918773534158,1.2210927573062262,0.09954233409610984,0.8843283582089553,-0.061386138613861385,0.7757774140752864,-0.12626728110599078,0.9349112426035503,-0.03363914373088685,0.9330708661417323,-0.034623217922606926,0.9864724245577523,-0.006809848088004191,1.0736126840317102,0.0354997269251775,1.0074388947927737,0.0037056643726839597,1.0556792873051224,0.027085590465872156,1.204574332909784,0.09279538904899136,0.8236940298507462,-0.09667519181585678,0.7225859247135843,-0.16104513064133016,0.8708086785009862,-0.06905640484976279,0.8690944881889764,-0.07003686150605581,0.918834547346514,-0.04229934924078091,0.9314345991561181,-0.0354997269251775,0.9383634431455898,-0.03179824561403509,0.9832962138084632,-0.008422234699606962,1.121982210927573,0.05748502994011976,0.8777985074626866,-0.06507699950322901,0.7700490998363339,-0.12991215903837264,0.928007889546351,-0.037340153452685425,0.9261811023622047,-0.03832396525293817,0.9791883454734651,-0.010515247108307046,0.9926160337552743,-0.0037056643726839597,1.0656851642129106,0.03179824561403509,1.0478841870824054,0.023382272974442633,1.195679796696315,0.08912037037037036,0.8376865671641791,-0.0883248730964467,0.734860883797054,-0.15283018867924528,0.8856015779092702,-0.060669456066945605,0.8838582677165354,-0.06165099268547544,0.9344432882414152,-0.03388918773534158,0.9472573839662447,-0.027085590465872156,1.0169875424688561,0.008422234699606962,0.9543039319872476,-0.023382272974442633,1.1410419313850064,0.06587537091988131,0.7341417910447762,-0.15330823023130716,0.644026186579378,-0.21652563464410154,0.7761341222879684,-0.1260410882842865,0.7746062992125984,-0.12701053799223516,0.8189386056191468,-0.09954233409610984,0.830168776371308,-0.09279538904899136,0.8912797281993206,-0.05748502994011976,0.8363443145589798,-0.08912037037037036,0.876391982182628,-0.06587537091988131
958,890,1198,1306,1076,1088,956,999,891,937,6/11/2025,17.34,0.9173047473200613,-0.04313099041533546,1.1133828996282529,0.05364995602462621,1.1011029411764706,0.048118985126859144,1.2531380753138075,0.11234911792014857,1.1991991991991993,0.09057806099226218,1.3445566778900113,0.1469602680708473,1.2785485592315902,0.12224824355971897,1.2505219206680585,0.11131725417439703,1.3460674157303372,0.1475095785440613,1.0901502504173624,0.04313099041533546,1.2137546468401488,0.09655751469353484,1.2003676470588236,0.0910609857978279,1.3661087866108788,0.15473032714412024,1.3073073073073074,0.13318872017353578,1.4657687991021324,0.188893946290396,1.3938100320170759,0.1645118145341061,1.3632567849686847,0.15371024734982333,1.4674157303370787,0.1894353369763206,0.8981636060100167,-0.05364995602462621,0.8238897396630934,-0.09655751469353484,0.9889705882352942,-0.005545286506469501,1.1255230125523012,0.05905511811023622,1.077077077077077,0.03710843373493976,1.207631874298541,0.09405185561769192,1.1483457844183564,0.06905116741182316,1.1231732776617953,0.05801376597836775,1.208988764044944,0.09460834181078331,0.9081803005008348,-0.048118985126859144,0.8330781010719756,-0.0910609857978279,1.0111524163568772,0.005545286506469501,1.1380753138075315,0.06457925636007827,1.0890890890890892,0.04264494489698131,1.2210998877665544,0.09954522486104093,1.1611526147278548,0.0745679012345679,1.1356993736951984,0.0635386119257087,1.2224719101123596,0.10010111223458039,0.7979966611018364,-0.11234911792014857,0.7320061255742726,-0.15473032714412024,0.8884758364312267,-0.05905511811023622,0.8786764705882353,-0.06457925636007827,0.9569569569569569,-0.021994884910485932,1.0729517396184063,0.03519220357336221,1.0202774813233724,0.010036978341257264,0.9979123173277662,-0.0010449320794148381,1.0741573033707865,0.035752979414951244,0.833889816360601,-0.09057806099226218,0.7649310872894334,-0.13318872017353578,0.9284386617100372,-0.03710843373493976,0.9181985294117647,-0.04264494489698131,1.044979079497908,0.021994884910485932,1.121212121212121,0.05714285714285714,1.0661686232657417,0.03202479338842975,1.0427974947807934,0.020950434338272865,1.1224719101123595,0.057702488088935945,0.7437395659432388,-0.1469602680708473,0.6822358346094947,-0.188893946290396,0.8280669144981413,-0.09405185561769192,0.8189338235294118,-0.09954522486104093,0.9320083682008368,-0.03519220357336221,0.8918918918918919,-0.05714285714285714,0.9509071504802561,-0.02516411378555799,0.930062630480167,-0.03623580313683072,1.001123595505618,0.0005614823133071309,0.7821368948247078,-0.12224824355971897,0.7174578866768759,-0.1645118145341061,0.870817843866171,-0.06905116741182316,0.8612132352941176,-0.0745679012345679,0.9801255230125523,-0.010036978341257264,0.9379379379379379,-0.03202479338842975,1.0516273849607183,0.02516411378555799,0.9780793319415448,-0.01108179419525066,1.052808988764045,0.025725232621784347,0.7996661101836394,-0.11131725417439703,0.7335375191424196,-0.15371024734982333,0.8903345724907064,-0.05801376597836775,0.8805147058823529,-0.0635386119257087,1.002092050209205,0.0010449320794148381,0.958958958958959,-0.020950434338272865,1.0751964085297419,0.03623580313683072,1.0224119530416222,0.01108179419525066,1.0764044943820226,0.0367965367965368,0.7429048414023373,-0.1475095785440613,0.6814701378254211,-0.1894353369763206,0.8271375464684015,-0.09460834181078331,0.8180147058823529,-0.10010111223458039,0.9309623430962343,-0.035752979414951244,0.8908908908908909,-0.057702488088935945,0.9988776655443322,-0.0005614823133071309,0.9498399146211313,-0.025725232621784347,0.9290187891440501,-0.0367965367965368
968,846,1065,1206,1065,1063,1005,981,935,990,6/16/2025,21.88,0.8830845771144279,-0.062087186261558784,1.0,0.0,1.0018814675446848,0.0009398496240601503,1.0597014925373134,0.028985507246376812,1.0856269113149848,0.04105571847507331,1.13903743315508,0.065,1.0757575757575757,0.0364963503649635,1.100206611570248,0.04771273979340875,1.2588652482269505,0.11459968602825746,1.1323943661971831,0.062087186261558784,1.1323943661971831,0.062087186261558784,1.134524929444967,0.06302335830762451,1.2,0.09090909090909091,1.2293577981651376,0.102880658436214,1.2898395721925133,0.12657636618402615,1.2181818181818183,0.09836065573770492,1.2458677685950412,0.10947562097516099,1.425531914893617,0.17543859649122806,1.0,0.0,0.8830845771144279,-0.062087186261558784,1.0018814675446848,0.0009398496240601503,1.0597014925373134,0.028985507246376812,1.0856269113149848,0.04105571847507331,1.13903743315508,0.065,1.0757575757575757,0.0364963503649635,1.100206611570248,0.04771273979340875,1.2588652482269505,0.11459968602825746,0.9981220657276996,-0.0009398496240601503,0.8814262023217247,-0.06302335830762451,0.9981220657276996,-0.0009398496240601503,1.0577114427860697,0.02804642166344294,1.0835881753312946,0.040117416829745595,1.1368983957219252,0.06406406406406406,1.0737373737373737,0.035557720409157334,1.0981404958677685,0.04677498769079271,1.256501182033097,0.11367207962283918,0.9436619718309859,-0.028985507246376812,0.8333333333333334,-0.09090909090909091,0.9436619718309859,-0.028985507246376812,0.9454374412041392,-0.02804642166344294,1.0244648318042813,0.012084592145015106,1.0748663101604279,0.03608247422680412,1.0151515151515151,0.007518796992481203,1.0382231404958677,0.01875316776482514,1.1879432624113475,0.08589951377633712,0.9211267605633803,-0.04105571847507331,0.8134328358208955,-0.102880658436214,0.9211267605633803,-0.04105571847507331,0.922859830667921,-0.040117416829745595,0.9761194029850746,-0.012084592145015106,1.049197860962567,0.024008350730688934,0.990909090909091,-0.0045662100456621,1.0134297520661157,0.006670087224217547,1.1595744680851063,0.07389162561576355,0.8779342723004695,-0.065,0.775290215588723,-0.12657636618402615,0.8779342723004695,-0.065,0.8795860771401693,-0.06406406406406406,0.9303482587064676,-0.03608247422680412,0.9531090723751274,-0.024008350730688934,0.9444444444444444,-0.02857142857142857,0.9659090909090909,-0.017341040462427744,1.1052009456264775,0.04997192588433464,0.9295774647887324,-0.0364963503649635,0.8208955223880597,-0.09836065573770492,0.9295774647887324,-0.0364963503649635,0.9313264346190028,-0.035557720409157334,0.9850746268656716,-0.007518796992481203,1.0091743119266054,0.0045662100456621,1.0588235294117647,0.02857142857142857,1.0227272727272727,0.011235955056179775,1.1702127659574468,0.0784313725490196,0.9089201877934272,-0.04771273979340875,0.802653399668325,-0.10947562097516099,0.9089201877934272,-0.04771273979340875,0.9106302916274694,-0.04677498769079271,0.96318407960199,-0.01875316776482514,0.9867482161060143,-0.006670087224217547,1.035294117647059,0.017341040462427744,0.9777777777777777,-0.011235955056179775,1.1442080378250592,0.06725468577728776,0.7943661971830986,-0.11459968602825746,0.7014925373134329,-0.17543859649122806,0.7943661971830986,-0.11459968602825746,0.7958607714016933,-0.11367207962283918,0.8417910447761194,-0.08589951377633712,0.8623853211009175,-0.07389162561576355,0.9048128342245989,-0.04997192588433464,0.8545454545454545,-0.0784313725490196,0.8739669421487604,-0.06725468577728776
781,716,1084,1141,962,986,819,886,752,802,7/11/2025,31.89,0.9500438212094654,-0.025617977528089888,1.1268191268191268,0.059628543499511244,1.0993914807302232,0.04734299516908213,1.3235653235653235,0.13925380977404098,1.2234762979683973,0.10050761421319797,1.4414893617021276,0.18082788671023964,1.3516209476309227,0.14952279957582185,1.387964148527529,0.16246648793565685,1.5139664804469273,0.20444444444444446,1.0525830258302582,0.025617977528089888,1.186070686070686,0.08511650023775559,1.1572008113590264,0.07287259050305595,1.393162393162393,0.16428571428571428,1.2878103837471784,0.12580167735569808,1.5172872340425532,0.20549392498679345,1.4226932668329177,0.17447246525990737,1.4609475032010244,0.18730489073881373,1.5935754189944134,0.22886375875067314,0.8874538745387454,-0.059628543499511244,0.8431200701139352,-0.08511650023775559,0.9756592292089249,-0.012320328542094456,1.1746031746031746,0.08029197080291971,1.0857787810383748,0.04112554112554113,1.2792553191489362,0.12252042007001167,1.199501246882793,0.09070294784580499,1.231754161331626,0.1038439472174412,1.3435754189944134,0.1466030989272944,0.9095940959409594,-0.04734299516908213,0.8641542506573181,-0.07287259050305595,1.024948024948025,0.012320328542094456,1.2039072039072038,0.0925207756232687,1.1128668171557563,0.053418803418803416,1.3111702127659575,0.13463751438434982,1.229426433915212,0.1029082774049217,1.262483994878361,0.11601584606677985,1.3770949720670391,0.15863689776733256,0.7555350553505535,-0.13925380977404098,0.7177914110429447,-0.16428571428571428,0.8513513513513513,-0.08029197080291971,0.8306288032454361,-0.0925207756232687,0.9243792325056434,-0.03929618768328446,1.0890957446808511,0.0426479949077021,1.0211970074812968,0.010487353485502776,1.0486555697823303,0.02375,1.143854748603352,0.06710097719869706,0.8173431734317343,-0.10050761421319797,0.7765118317265557,-0.12580167735569808,0.920997920997921,-0.04112554112554113,0.8985801217038539,-0.053418803418803416,1.0818070818070817,0.03929618768328446,1.178191489361702,0.08180708180708181,1.1047381546134662,0.04976303317535545,1.1344430217669654,0.0629874025194961,1.2374301675977655,0.10611735330836454,0.6937269372693727,-0.18082788671023964,0.6590709903593339,-0.20549392498679345,0.7817047817047817,-0.12252042007001167,0.7626774847870182,-0.13463751438434982,0.9181929181929182,-0.0426479949077021,0.8487584650112867,-0.08180708180708181,0.9376558603491272,-0.032175032175032175,0.9628681177976952,-0.018917155903457272,1.0502793296089385,0.02452316076294278,0.7398523985239852,-0.14952279957582185,0.7028921998247152,-0.17447246525990737,0.8336798336798337,-0.09070294784580499,0.8133874239350912,-0.1029082774049217,0.9792429792429792,-0.010487353485502776,0.9051918735891648,-0.04976303317535545,1.0664893617021276,0.032175032175032175,1.0268886043533931,0.013265950726468731,1.1201117318435754,0.05665349143610013,0.7204797047970479,-0.16246648793565685,0.684487291849255,-0.18730489073881373,0.8118503118503119,-0.1038439472174412,0.7920892494929006,-0.11601584606677985,0.9536019536019537,-0.02375,0.881489841986456,-0.0629874025194961,1.038563829787234,0.018917155903457272,0.9738154613466334,-0.013265950726468731,1.0907821229050279,0.04342017368069472,0.6605166051660517,-0.20444444444444446,0.6275197195442594,-0.22886375875067314,0.7442827442827443,-0.1466030989272944,0.7261663286004056,-0.15863689776733256,0.8742368742368742,-0.06710097719869706,0.8081264108352144,-0.10611735330836454,0.9521276595744681,-0.02452316076294278,0.8927680798004988,-0.05665349143610013,0.9167733674775929,-0.04342017368069472
787,687,837,916,906,889,813,794,769,790,7/26/2025,53.71,0.9137554585152838,-0.0450656018254421,0.9238410596026491,-0.039586919104991396,0.9415073115860517,-0.030127462340672075,1.029520295202952,0.014545454545454545,1.0541561712846348,0.026364193746167996,1.0884265279583876,0.04234122042341221,1.059493670886076,0.028887523048555623,1.0635324015247776,0.03078817733990148,1.2183406113537119,0.0984251968503937,1.0943847072879331,0.0450656018254421,1.011037527593819,0.005488474204171241,1.03037120359955,0.014958448753462604,1.1266912669126692,0.059572006940427996,1.1536523929471032,0.07134502923976609,1.1911573472041612,0.08724035608308606,1.159493670886076,0.0738569753810082,1.1639135959339264,0.07574867880211392,1.3333333333333333,0.14285714285714285,1.082437275985663,0.039586919104991396,0.9890829694323144,-0.005488474204171241,1.0191226096737909,0.00947075208913649,1.1143911439114391,0.05410122164048865,1.141057934508816,0.06588235294117648,1.1781534460338101,0.0817910447761194,1.1468354430379746,0.06839622641509434,1.1512071156289707,0.07028942705256941,1.3187772925764192,0.1374764595103578,1.0621266427718041,0.030127462340672075,0.9705240174672489,-0.014958448753462604,0.9812362030905077,-0.00947075208913649,1.0934809348093482,0.04465334900117509,1.119647355163728,0.056446821152703504,1.1560468140442133,0.07237635705669482,1.1253164556962025,0.05896366885050625,1.1296060991105463,0.060859188544152745,1.2940320232896652,0.1281725888324873,0.9713261648745519,-0.014545454545454545,0.8875545851528385,-0.059572006940427996,0.8973509933774835,-0.05410122164048865,0.9145106861642295,-0.04465334900117509,1.0239294710327456,0.011823273179838207,1.0572171651495448,0.02781289506953224,1.0291139240506328,0.014348097317529632,1.0330368487928843,0.01625,1.1834061135371179,0.084,0.948626045400239,-0.026364193746167996,0.8668122270742358,-0.07134502923976609,0.8763796909492274,-0.06588235294117648,0.8931383577052868,-0.056446821152703504,0.976629766297663,-0.011823273179838207,1.0325097529258778,0.01599488163787588,1.0050632911392405,0.0025252525252525255,1.008894536213469,0.004427577482605946,1.1557496360989812,0.07224848075624578,0.918757467144564,-0.04234122042341221,0.8395196506550219,-0.08724035608308606,0.8487858719646799,-0.0817910447761194,0.8650168728908887,-0.07237635705669482,0.9458794587945879,-0.02781289506953224,0.9685138539042821,-0.01599488163787588,0.9734177215189873,-0.013470173187940988,0.97712833545108,-0.011568123393316195,1.1193595342066958,0.05631868131868132,0.9438470728793309,-0.028887523048555623,0.8624454148471615,-0.0738569753810082,0.8719646799116998,-0.06839622641509434,0.8886389201349831,-0.05896366885050625,0.971709717097171,-0.014348097317529632,0.9949622166246851,-0.0025252525252525255,1.0273081924577374,0.013470173187940988,1.0038119440914866,0.0019023462270133164,1.1499272197962154,0.06973595125253892,0.94026284348865,-0.03078817733990148,0.8591703056768559,-0.07574867880211392,0.8686534216335541,-0.07028942705256941,0.8852643419572553,-0.060859188544152745,0.968019680196802,-0.01625,0.9911838790931989,-0.004427577482605946,1.023407022106632,0.011568123393316195,0.9962025316455696,-0.0019023462270133164,1.1455604075691412,0.06784260515603799,0.8207885304659498,-0.0984251968503937,0.75,-0.14285714285714285,0.7582781456953642,-0.1374764595103578,0.7727784026996626,-0.1281725888324873,0.8450184501845018,-0.084,0.8652392947103275,-0.07224848075624578,0.893368010403121,-0.05631868131868132,0.8696202531645569,-0.06973595125253892,0.8729351969504447,-0.06784260515603799
326,255,369,366,354,410,345,334,315,317,7/28/2025,101.53,1.0081967213114753,0.004081632653061225,1.0423728813559323,0.02074688796680498,0.9,-0.05263157894736842,1.0695652173913044,0.03361344537815126,1.1047904191616766,0.049786628733997154,1.1714285714285715,0.07894736842105263,1.16403785488959,0.07580174927113703,1.1319018404907975,0.0618705035971223,1.4470588235294117,0.18269230769230768,0.991869918699187,-0.004081632653061225,1.0338983050847457,0.016666666666666666,0.8926829268292683,-0.05670103092783505,1.0608695652173914,0.029535864978902954,1.095808383233533,0.045714285714285714,1.161904761904762,0.07488986784140969,1.1545741324921135,0.07174231332357248,1.1226993865030674,0.057803468208092484,1.4352941176470588,0.178743961352657,0.959349593495935,-0.02074688796680498,0.9672131147540983,-0.016666666666666666,0.8634146341463415,-0.07329842931937172,1.0260869565217392,0.012875536480686695,1.0598802395209581,0.029069767441860465,1.1238095238095238,0.05829596412556054,1.1167192429022081,0.05514157973174367,1.0858895705521472,0.041176470588235294,1.388235294117647,0.1625615763546798,1.1111111111111112,0.05263157894736842,1.1202185792349726,0.05670103092783505,1.1581920903954803,0.07329842931937172,1.1884057971014492,0.08609271523178808,1.2275449101796407,0.10215053763440861,1.3015873015873016,0.1310344827586207,1.2933753943217665,0.1279229711141678,1.2576687116564418,0.11413043478260869,1.607843137254902,0.23308270676691728,0.9349593495934959,-0.03361344537815126,0.9426229508196722,-0.029535864978902954,0.9745762711864406,-0.012875536480686695,0.8414634146341463,-0.08609271523178808,1.032934131736527,0.016200294550810016,1.0952380952380953,0.045454545454545456,1.088328075709779,0.04229607250755287,1.0582822085889572,0.028315946348733235,1.3529411764705883,0.15,0.9051490514905149,-0.049786628733997154,0.912568306010929,-0.045714285714285714,0.943502824858757,-0.029069767441860465,0.8146341463414634,-0.10215053763440861,0.9681159420289855,-0.016200294550810016,1.0603174603174603,0.029275808936825885,1.053627760252366,0.026113671274961597,1.0245398773006136,0.012121212121212121,1.3098039215686275,0.13412563667232597,0.8536585365853658,-0.07894736842105263,0.860655737704918,-0.07488986784140969,0.8898305084745762,-0.05829596412556054,0.7682926829268293,-0.1310344827586207,0.9130434782608695,-0.045454545454545456,0.9431137724550899,-0.029275808936825885,0.9936908517350158,-0.0031645569620253164,0.9662576687116564,-0.0171606864274571,1.2352941176470589,0.10526315789473684,0.8590785907859079,-0.07580174927113703,0.8661202185792349,-0.07174231332357248,0.8954802259887006,-0.05514157973174367,0.7731707317073171,-0.1279229711141678,0.9188405797101449,-0.04229607250755287,0.9491017964071856,-0.026113671274961597,1.0063492063492063,0.0031645569620253164,0.9723926380368099,-0.013996889580093312,1.2431372549019608,0.10839160839160839,0.8834688346883469,-0.0618705035971223,0.8907103825136612,-0.057803468208092484,0.9209039548022598,-0.041176470588235294,0.7951219512195122,-0.11413043478260869,0.9449275362318841,-0.028315946348733235,0.9760479041916168,-0.012121212121212121,1.034920634920635,0.0171606864274571,1.028391167192429,0.013996889580093312,1.2784313725490195,0.12220309810671257,0.6910569105691057,-0.18269230769230768,0.6967213114754098,-0.178743961352657,0.7203389830508474,-0.1625615763546798,0.6219512195121951,-0.23308270676691728,0.7391304347826086,-0.15,0.7634730538922155,-0.13412563667232597,0.8095238095238095,-0.10526315789473684,0.804416403785489,-0.10839160839160839,0.7822085889570553,-0.12220309810671257
450,405,510,495,494,542,450,460,423,424,7/31/2025,76.21,1.0303030303030303,0.014925373134328358,1.0323886639676114,0.01593625498007968,0.940959409594096,-0.030418250950570342,1.1333333333333333,0.0625,1.108695652173913,0.05154639175257732,1.2056737588652482,0.0932475884244373,1.2028301886792452,0.09207708779443255,1.1333333333333333,0.0625,1.2592592592592593,0.11475409836065574,0.9705882352941176,-0.014925373134328358,1.0020242914979758,0.0010111223458038423,0.9132841328413284,-0.04532304725168756,1.1,0.047619047619047616,1.076086956521739,0.03664921465968586,1.1702127659574468,0.0784313725490196,1.1674528301886793,0.07725788900979326,1.1,0.047619047619047616,1.2222222222222223,0.1,0.9686274509803922,-0.01593625498007968,0.997979797979798,-0.0010111223458038423,0.9114391143911439,-0.04633204633204633,1.0977777777777777,0.046610169491525424,1.0739130434782609,0.03563941299790356,1.1678486997635933,0.07742639040348964,1.1650943396226414,0.07625272331154684,1.0977777777777777,0.046610169491525424,1.219753086419753,0.09899888765294772,1.0627450980392157,0.030418250950570342,1.094949494949495,0.04532304725168756,1.097165991902834,0.04633204633204633,1.2044444444444444,0.09274193548387097,1.1782608695652175,0.08183632734530938,1.281323877068558,0.12331606217616581,1.278301886792453,0.12215320910973085,1.2044444444444444,0.09274193548387097,1.3382716049382717,0.1446673706441394,0.8823529411764706,-0.0625,0.9090909090909091,-0.047619047619047616,0.9109311740890689,-0.046610169491525424,0.8302583025830258,-0.09274193548387097,0.9782608695652174,-0.01098901098901099,1.0638297872340425,0.030927835051546393,1.0613207547169812,0.029748283752860413,1.0,0.0,1.1111111111111112,0.05263157894736842,0.9019607843137255,-0.05154639175257732,0.9292929292929293,-0.03664921465968586,0.9311740890688259,-0.03563941299790356,0.8487084870848709,-0.08183632734530938,1.0222222222222221,0.01098901098901099,1.0874704491725768,0.04190260475651189,1.0849056603773586,0.04072398190045249,1.0222222222222221,0.01098901098901099,1.1358024691358024,0.06358381502890173,0.8294117647058824,-0.0932475884244373,0.8545454545454545,-0.0784313725490196,0.8562753036437247,-0.07742639040348964,0.7804428044280443,-0.12331606217616581,0.94,-0.030927835051546393,0.9195652173913044,-0.04190260475651189,0.9976415094339622,-0.0011806375442739079,0.94,-0.030927835051546393,1.0444444444444445,0.021739130434782608,0.8313725490196079,-0.09207708779443255,0.8565656565656565,-0.07725788900979326,0.8582995951417004,-0.07625272331154684,0.7822878228782287,-0.12215320910973085,0.9422222222222222,-0.029748283752860413,0.9217391304347826,-0.04072398190045249,1.0023640661938533,0.0011806375442739079,0.9422222222222222,-0.029748283752860413,1.0469135802469136,0.022919179734620022,0.8823529411764706,-0.0625,0.9090909090909091,-0.047619047619047616,0.9109311740890689,-0.046610169491525424,0.8302583025830258,-0.09274193548387097,1.0,0.0,0.9782608695652174,-0.01098901098901099,1.0638297872340425,0.030927835051546393,1.0613207547169812,0.029748283752860413,1.1111111111111112,0.05263157894736842,0.7941176470588235,-0.11475409836065574,0.8181818181818182,-0.1,0.819838056680162,-0.09899888765294772,0.7472324723247232,-0.1446673706441394,0.9,-0.05263157894736842,0.8804347826086957,-0.06358381502890173,0.9574468085106383,-0.021739130434782608,0.9551886792452831,-0.022919179734620022,0.9,-0.05263157894736842
214,195,298,298,285,274,210,213,204,184,8/15/2025,82.6,1.0,0.0,1.0456140350877192,0.022298456260720412,1.0875912408759123,0.04195804195804196,1.4190476190476191,0.1732283464566929,1.3990610328638498,0.16634050880626222,1.4607843137254901,0.18725099601593626,1.6195652173913044,0.23651452282157676,1.3925233644859814,0.1640625,1.528205128205128,0.20892494929006086,1.0,0.0,1.0456140350877192,0.022298456260720412,1.0875912408759123,0.04195804195804196,1.4190476190476191,0.1732283464566929,1.3990610328638498,0.16634050880626222,1.4607843137254901,0.18725099601593626,1.6195652173913044,0.23651452282157676,1.3925233644859814,0.1640625,1.528205128205128,0.20892494929006086,0.9563758389261745,-0.022298456260720412,0.9563758389261745,-0.022298456260720412,1.0401459854014599,0.01967799642218247,1.3571428571428572,0.15151515151515152,1.3380281690140845,0.14457831325301204,1.3970588235294117,0.1656441717791411,1.548913043478261,0.21535181236673773,1.3317757009345794,0.14228456913827656,1.4615384615384615,0.1875,0.9194630872483222,-0.04195804195804196,0.9194630872483222,-0.04195804195804196,0.9614035087719298,-0.01967799642218247,1.3047619047619048,0.1322314049586777,1.2863849765258215,0.12525667351129363,1.3431372549019607,0.14644351464435146,1.4891304347826086,0.1965065502183406,1.280373831775701,0.12295081967213115,1.405128205128205,0.16844349680170576,0.7046979865771812,-0.1732283464566929,0.7046979865771812,-0.1732283464566929,0.7368421052631579,-0.15151515151515152,0.7664233576642335,-0.1322314049586777,0.9859154929577465,-0.0070921985815602835,1.0294117647058822,0.014492753623188406,1.141304347826087,0.06598984771573604,0.9813084112149533,-0.009433962264150943,1.0769230769230769,0.037037037037037035,0.714765100671141,-0.16634050880626222,0.714765100671141,-0.16634050880626222,0.7473684210526316,-0.14457831325301204,0.7773722627737226,-0.12525667351129363,1.0142857142857142,0.0070921985815602835,1.0441176470588236,0.02158273381294964,1.1576086956521738,0.07304785894206549,0.9953271028037384,-0.00234192037470726,1.0923076923076922,0.04411764705882353,0.6845637583892618,-0.18725099601593626,0.6845637583892618,-0.18725099601593626,0.7157894736842105,-0.1656441717791411,0.7445255474452555,-0.14644351464435146,0.9714285714285714,-0.014492753623188406,0.9577464788732394,-0.02158273381294964,1.108695652173913,0.05154639175257732,0.9532710280373832,-0.023923444976076555,1.0461538461538462,0.022556390977443608,0.6174496644295302,-0.23651452282157676,0.6174496644295302,-0.23651452282157676,0.6456140350877193,-0.21535181236673773,0.6715328467153284,-0.1965065502183406,0.8761904761904762,-0.06598984771573604,0.863849765258216,-0.07304785894206549,0.9019607843137255,-0.05154639175257732,0.8598130841121495,-0.07537688442211055,0.9435897435897436,-0.029023746701846966,0.7181208053691275,-0.1640625,0.7181208053691275,-0.1640625,0.7508771929824561,-0.14228456913827656,0.781021897810219,-0.12295081967213115,1.019047619047619,0.009433962264150943,1.0046948356807512,0.00234192037470726,1.0490196078431373,0.023923444976076555,1.1630434782608696,0.07537688442211055,1.0974358974358975,0.04645476772616137,0.6543624161073825,-0.20892494929006086,0.6543624161073825,-0.20892494929006086,0.6842105263157895,-0.1875,0.7116788321167883,-0.16844349680170576,0.9285714285714286,-0.037037037037037035,0.9154929577464789,-0.04411764705882353,0.9558823529411765,-0.022556390977443608,1.059782608695652,0.029023746701846966,0.9112149532710281,-0.04645476772616137
545,490,631,706,612,653,536,510,476,490,8/20/2025,27.22,0.8937677053824362,-0.05609573672400898,1.0310457516339868,0.015285599356395816,0.9663093415007658,-0.017133956386292833,1.1772388059701493,0.08140531276778064,1.2372549019607844,0.10604732690622261,1.3256302521008403,0.14001806684733514,1.2877551020408162,0.12578055307760927,1.1577981651376146,0.07312925170068027,1.2877551020408162,0.12578055307760927,1.1188589540412044,0.05609573672400898,1.15359477124183,0.07132018209408195,1.0811638591117918,0.03899926416482708,1.3171641791044777,0.13687600644122383,1.384313725490196,0.1611842105263158,1.4831932773109244,0.19458544839255498,1.4408163265306122,0.1806020066889632,1.2954128440366972,0.1286970423661071,1.4408163265306122,0.1806020066889632,0.9698890649762282,-0.015285599356395816,0.8668555240793201,-0.07132018209408195,0.9372128637059725,-0.03241106719367589,1.1417910447761195,0.06620209059233449,1.2,0.09090909090909091,1.2857142857142858,0.125,1.2489795918367348,0.11070780399274047,1.1229357798165138,0.05790838375108038,1.2489795918367348,0.11070780399274047,1.0348652931854199,0.017133956386292833,0.9249291784702549,-0.03899926416482708,1.0669934640522876,0.03241106719367589,1.2182835820895523,0.09840201850294365,1.280392156862745,0.12295786758383491,1.3718487394957983,0.15677590788308238,1.3326530612244898,0.1426071741032371,1.198165137614679,0.09015025041736227,1.3326530612244898,0.1426071741032371,0.849445324881141,-0.08140531276778064,0.7592067988668555,-0.13687600644122383,0.8758169934640523,-0.06620209059233449,0.8208269525267994,-0.09840201850294365,1.0509803921568628,0.0248565965583174,1.1260504201680672,0.05928853754940711,1.0938775510204082,0.04483430799220273,0.9834862385321101,-0.008325624421831638,1.0938775510204082,0.04483430799220273,0.8082408874801902,-0.10604732690622261,0.7223796033994334,-0.1611842105263158,0.8333333333333334,-0.09090909090909091,0.781010719754977,-0.12295786758383491,0.9514925373134329,-0.0248565965583174,1.0714285714285714,0.034482758620689655,1.0408163265306123,0.02,0.9357798165137615,-0.03317535545023697,1.0408163265306123,0.02,0.7543581616481775,-0.14001806684733514,0.6742209631728046,-0.19458544839255498,0.7777777777777778,-0.125,0.7289433384379785,-0.15677590788308238,0.8880597014925373,-0.05928853754940711,0.9333333333333333,-0.034482758620689655,0.9714285714285714,-0.014492753623188406,0.8733944954128441,-0.06758080313418217,0.9714285714285714,-0.014492753623188406,0.7765451664025357,-0.12578055307760927,0.6940509915014165,-0.1806020066889632,0.8006535947712419,-0.11070780399274047,0.7503828483920367,-0.1426071741032371,0.914179104477612,-0.04483430799220273,0.9607843137254902,-0.02,1.0294117647058822,0.014492753623188406,0.8990825688073395,-0.05314009661835749,1.0,0.0,0.8637083993660856,-0.07312925170068027,0.7719546742209632,-0.1286970423661071,0.8905228758169934,-0.05790838375108038,0.8346094946401225,-0.09015025041736227,1.0167910447761195,0.008325624421831638,1.0686274509803921,0.03317535545023697,1.1449579831932772,0.06758080313418217,1.1122448979591837,0.05314009661835749,1.1122448979591837,0.05314009661835749,0.7765451664025357,-0.12578055307760927,0.6940509915014165,-0.1806020066889632,0.8006535947712419,-0.11070780399274047,0.7503828483920367,-0.1426071741032371,0.914179104477612,-0.04483430799220273,0.9607843137254902,-0.02,1.0294117647058822,0.014492753623188406,1.0,0.0,0.8990825688073395,-0.05314009661835749
211,177,302,291,268,292,238,260,239,213,8/30/2025,92.55,1.0378006872852235,0.01854974704890388,1.126865671641791,0.05964912280701754,1.0342465753424657,0.016835016835016835,1.26890756302521,0.11851851851851852,1.1615384615384616,0.07473309608540925,1.2635983263598327,0.11645101663585952,1.4178403755868545,0.17281553398058253,1.4312796208530805,0.17738791423001948,1.7062146892655368,0.2609603340292276,0.9635761589403974,-0.01854974704890388,1.085820895522388,0.04114490161001789,0.9965753424657534,-0.0017152658662092624,1.2226890756302522,0.1001890359168242,1.1192307692307693,0.056261343012704176,1.217573221757322,0.09811320754716982,1.3661971830985915,0.15476190476190477,1.3791469194312795,0.1593625498007968,1.6440677966101696,0.24358974358974358,0.8874172185430463,-0.05964912280701754,0.9209621993127147,-0.04114490161001789,0.9178082191780822,-0.04285714285714286,1.1260504201680672,0.05928853754940711,1.0307692307692307,0.015151515151515152,1.1213389121338913,0.05719921104536489,1.2582159624413145,0.11434511434511435,1.2701421800947867,0.11899791231732777,1.5141242937853108,0.20449438202247192,0.9668874172185431,-0.016835016835016835,1.0034364261168385,0.0017152658662092624,1.0895522388059702,0.04285714285714286,1.226890756302521,0.1018867924528302,1.123076923076923,0.057971014492753624,1.2217573221757323,0.09981167608286252,1.3708920187793427,0.15643564356435644,1.3838862559241707,0.1610337972166998,1.6497175141242937,0.24520255863539445,0.7880794701986755,-0.11851851851851852,0.8178694158075601,-0.1001890359168242,0.8880597014925373,-0.05928853754940711,0.815068493150685,-0.1018867924528302,0.9153846153846154,-0.04417670682730924,0.99581589958159,-0.0020964360587002098,1.1173708920187793,0.05543237250554324,1.127962085308057,0.060133630289532294,1.344632768361582,0.14698795180722893,0.8609271523178808,-0.07473309608540925,0.8934707903780069,-0.056261343012704176,0.9701492537313433,-0.015151515151515152,0.8904109589041096,-0.057971014492753624,1.0924369747899159,0.04417670682730924,1.0878661087866108,0.04208416833667335,1.2206572769953052,0.09936575052854123,1.2322274881516588,0.1040339702760085,1.4689265536723164,0.18993135011441648,0.7913907284768212,-0.11645101663585952,0.8213058419243986,-0.09811320754716982,0.8917910447761194,-0.05719921104536489,0.8184931506849316,-0.09981167608286252,1.004201680672269,0.0020964360587002098,0.9192307692307692,-0.04208416833667335,1.1220657276995305,0.05752212389380531,1.132701421800948,0.06222222222222222,1.3502824858757063,0.14903846153846154,0.7052980132450332,-0.17281553398058253,0.7319587628865979,-0.15476190476190477,0.7947761194029851,-0.11434511434511435,0.7294520547945206,-0.15643564356435644,0.8949579831932774,-0.05543237250554324,0.8192307692307692,-0.09936575052854123,0.891213389121339,-0.05752212389380531,1.009478672985782,0.0047169811320754715,1.2033898305084745,0.09230769230769231,0.6986754966887417,-0.17738791423001948,0.7250859106529209,-0.1593625498007968,0.7873134328358209,-0.11899791231732777,0.7226027397260274,-0.1610337972166998,0.8865546218487395,-0.060133630289532294,0.8115384615384615,-0.1040339702760085,0.8828451882845189,-0.06222222222222222,0.9906103286384976,-0.0047169811320754715,1.192090395480226,0.08762886597938144,0.5860927152317881,-0.2609603340292276,0.6082474226804123,-0.24358974358974358,0.6604477611940298,-0.20449438202247192,0.6061643835616438,-0.24520255863539445,0.7436974789915967,-0.14698795180722893,0.6807692307692308,-0.18993135011441648,0.7405857740585774,-0.14903846153846154,0.8309859154929577,-0.09230769230769231,0.8388625592417062,-0.08762886597938144
297,238,358,381,394,389,286,292,321,294,9/19/2025,64.06,0.9396325459317585,-0.03112313937753721,0.9086294416243654,-0.047872340425531915,0.9203084832904884,-0.041499330655957165,1.2517482517482517,0.11180124223602485,1.226027397260274,0.10153846153846154,1.115264797507788,0.054491899852724596,1.217687074829932,0.09815950920245399,1.2053872053872055,0.09312977099236641,1.504201680672269,0.20134228187919462,1.0642458100558658,0.03112313937753721,0.9670050761421319,-0.016774193548387096,0.9794344473007712,-0.01038961038961039,1.332167832167832,0.1424287856071964,1.3047945205479452,0.13224368499257058,1.1869158878504673,0.08547008547008547,1.2959183673469388,0.1288888888888889,1.2828282828282829,0.12389380530973451,1.6008403361344539,0.2310177705977383,1.100558659217877,0.047872340425531915,1.0341207349081365,0.016774193548387096,1.012853470437018,0.006385696040868455,1.3776223776223777,0.1588235294117647,1.3493150684931507,0.14868804664723032,1.2274143302180685,0.1020979020979021,1.3401360544217686,0.14534883720930233,1.3265993265993266,0.14037626628075253,1.6554621848739495,0.2468354430379747,1.0865921787709498,0.041499330655957165,1.020997375328084,0.01038961038961039,0.9873096446700508,-0.006385696040868455,1.3601398601398602,0.15259259259259259,1.332191780821918,0.14243759177679882,1.2118380062305296,0.09577464788732394,1.3231292517006803,0.1390922401171303,1.3097643097643097,0.13411078717201166,1.634453781512605,0.24082934609250398,0.7988826815642458,-0.11180124223602485,0.7506561679790026,-0.1424287856071964,0.7258883248730964,-0.1588235294117647,0.7352185089974294,-0.15259259259259259,0.9794520547945206,-0.010380622837370242,0.8909657320872274,-0.057660626029654036,0.9727891156462585,-0.013793103448275862,0.9629629629629629,-0.018867924528301886,1.2016806722689075,0.0916030534351145,0.8156424581005587,-0.10153846153846154,0.7664041994750657,-0.13224368499257058,0.7411167512690355,-0.14868804664723032,0.7506426735218509,-0.14243759177679882,1.020979020979021,0.010380622837370242,0.9096573208722741,-0.04730831973898858,0.9931972789115646,-0.0034129692832764505,0.9831649831649831,-0.008488964346349746,1.226890756302521,0.1018867924528302,0.8966480446927374,-0.054491899852724596,0.84251968503937,-0.08547008547008547,0.8147208121827412,-0.1020979020979021,0.8251928020565553,-0.09577464788732394,1.1223776223776223,0.057660626029654036,1.0993150684931507,0.04730831973898858,1.0918367346938775,0.04390243902439024,1.0808080808080809,0.038834951456310676,1.3487394957983194,0.148479427549195,0.8212290502793296,-0.09815950920245399,0.7716535433070866,-0.1288888888888889,0.7461928934010152,-0.14534883720930233,0.7557840616966581,-0.1390922401171303,1.027972027972028,0.013793103448275862,1.0068493150684932,0.0034129692832764505,0.9158878504672897,-0.04390243902439024,0.98989898989899,-0.005076142131979695,1.2352941176470589,0.10526315789473684,0.8296089385474861,-0.09312977099236641,0.7795275590551181,-0.12389380530973451,0.7538071065989848,-0.14037626628075253,0.7634961439588689,-0.13411078717201166,1.0384615384615385,0.018867924528301886,1.0171232876712328,0.008488964346349746,0.9252336448598131,-0.038834951456310676,1.010204081632653,0.005076142131979695,1.2478991596638656,0.1102803738317757,0.664804469273743,-0.20134228187919462,0.6246719160104987,-0.2310177705977383,0.6040609137055838,-0.2468354430379747,0.6118251928020566,-0.24082934609250398,0.8321678321678322,-0.0916030534351145,0.815068493150685,-0.1018867924528302,0.7414330218068536,-0.148479427549195,0.8095238095238095,-0.10526315789473684,0.8013468013468014,-0.1102803738317757
5450,4609,6909,6631,6542,7159,6807,6748,6312,6545,9/29/2025,120.42,1.041924294978133,0.02053175775480059,1.056099052277591,0.027284216786855997,0.9650789216371002,-0.0177708274097242,1.0149845747025121,0.0074365704286964126,1.0238589211618256,0.011788826242952332,1.0945817490494296,0.04515543453596551,1.0556149732620321,0.027055150884495317,1.2677064220183487,0.11805162229953879,1.4990236493816447,0.19968744573710714,0.9597626284556375,-0.02053175775480059,1.0136044023234485,0.006756243832080771,0.9262466824975555,-0.03828861493836113,0.9741442632584104,-0.013097187081410925,0.9826615293420272,-0.008745048209881158,1.0505386565272496,0.024646527080275052,1.0131398013750954,0.006527018822100789,1.216697247706422,0.09775680821124079,1.4387068778476892,0.1798932384341637,0.9468808800115791,-0.027284216786855997,0.9865781933343387,-0.006756243832080771,0.9138147786003632,-0.04503320925479892,0.961069487292493,-0.019851674282717807,0.9694724362774155,-0.015500376222723853,1.0364385297845373,0.01789326279757274,0.9995416348357525,-0.00022923511882020327,1.2003669724770643,0.09106070713809206,1.4193968322846604,0.1733476818222581,1.0361846866406137,0.0177708274097242,1.079625999095159,0.03828861493836113,1.0943136655457046,0.04503320925479892,1.0517114734831792,0.025204067019905484,1.0609069353882632,0.029553462285180125,1.1341888466413181,0.0628758072897335,1.0938120702826586,0.04480443666082896,1.3135779816513762,0.1355381077008486,1.5532653504013887,0.21668932698844323,0.9852366478506296,-0.0074365704286964126,1.0265419996983864,0.013097187081410925,1.0405074900642006,0.019851674282717807,0.950831121665037,-0.025204067019905484,1.0087433313574392,0.0043526374031722615,1.078422053231939,0.037731534415732904,1.0400305576776165,0.01962252846015578,1.2489908256880733,0.11071224606347393,1.4768930353655891,0.19253679046951647,0.9766970618034447,-0.011788826242952332,1.0176443975267682,0.008745048209881158,1.0314888413329257,0.015500376222723853,0.9425897471713927,-0.029553462285180125,0.9913324518877626,-0.0043526374031722615,1.0690747782002534,0.0333843797856049,1.0310160427807487,0.015271195365982097,1.238165137614679,0.10641088703066076,1.4640919939249295,0.18834199172316632,0.9135909683022145,-0.04515543453596551,0.9518926255466748,-0.024646527080275052,0.9648425557933353,-0.01789326279757274,0.8816873865064954,-0.0628758072897335,0.9272807404142794,-0.037731534415732904,0.9353882631890931,-0.0333843797856049,0.9644003055767761,-0.01812242358248425,1.1581651376146789,0.07328685597687468,1.369494467346496,0.1559381009065104,0.9473150962512664,-0.027055150884495317,0.987030613783743,-0.006527018822100789,1.0004585753592175,0.00022923511882020327,0.914233831540718,-0.04480443666082896,0.961510210077861,-0.01962252846015578,0.9699170124481328,-0.015271195365982097,1.03691381495564,0.01812242358248425,1.2009174311926605,0.09128803668195082,1.4200477326968974,0.17357001972386588,0.7888261687653785,-0.11805162229953879,0.8218971497511688,-0.09775680821124079,0.8330785692448792,-0.09106070713809206,0.7612795083112166,-0.1355381077008486,0.8006463934185397,-0.11071224606347393,0.8076467101363367,-0.10641088703066076,0.8634347275031685,-0.07328685597687468,0.8326967150496563,-0.09128803668195082,1.1824690822304187,0.08360672034993538,0.667100882906354,-0.19968744573710714,0.695068617101493,-0.1798932384341637,0.7045246102109447,-0.1733476818222581,0.6438050006984216,-0.21668932698844323,0.6770971059203761,-0.19253679046951647,0.6830171902786011,-0.18834199172316632,0.7301964512040557,-0.1559381009065104,0.704201680672269,-0.17357001972386588,0.8456880733944954,-0.08360672034993538
43,38,201,149,138,148,104,99,77,82,10/9/2025,100.73,1.348993288590604,0.14857142857142858,1.4565217391304348,0.18584070796460178,1.3581081081081081,0.1518624641833811,1.9326923076923077,0.3180327868852459,2.0303030303030303,0.34,2.6103896103896105,0.4460431654676259,2.451219512195122,0.4204946996466431,4.674418604651163,0.6475409836065574,5.2894736842105265,0.6820083682008368,0.7412935323383084,-0.14857142857142858,1.0797101449275361,0.03832752613240418,1.0067567567567568,0.003367003367003367,1.4326923076923077,0.17786561264822134,1.505050505050505,0.20161290322580644,1.9350649350649352,0.3185840707964602,1.8170731707317074,0.29004329004329005,3.4651162790697674,0.5520833333333334,3.9210526315789473,0.5935828877005348,0.6865671641791045,-0.18584070796460178,0.9261744966442953,-0.03832752613240418,0.9324324324324325,-0.03496503496503497,1.3269230769230769,0.14049586776859505,1.393939393939394,0.16455696202531644,1.7922077922077921,0.2837209302325581,1.6829268292682926,0.2545454545454545,3.2093023255813953,0.5248618784530387,3.6315789473684212,0.5681818181818182,0.736318407960199,-0.1518624641833811,0.9932885906040269,-0.003367003367003367,1.0724637681159421,0.03496503496503497,1.4230769230769231,0.1746031746031746,1.494949494949495,0.19838056680161945,1.922077922077922,0.31555555555555553,1.8048780487804879,0.28695652173913044,3.441860465116279,0.5497382198952879,3.8947368421052633,0.5913978494623656,0.5174129353233831,-0.3180327868852459,0.697986577181208,-0.17786561264822134,0.7536231884057971,-0.14049586776859505,0.7027027027027027,-0.1746031746031746,1.0505050505050506,0.024630541871921183,1.3506493506493507,0.14917127071823205,1.2682926829268293,0.11827956989247312,2.4186046511627906,0.41496598639455784,2.736842105263158,0.4647887323943662,0.4925373134328358,-0.34,0.6644295302013423,-0.20161290322580644,0.717391304347826,-0.16455696202531644,0.668918918918919,-0.19838056680161945,0.9519230769230769,-0.024630541871921183,1.2857142857142858,0.125,1.2073170731707317,0.09392265193370165,2.302325581395349,0.39436619718309857,2.6052631578947367,0.44525547445255476,0.38308457711442784,-0.4460431654676259,0.5167785234899329,-0.3185840707964602,0.5579710144927537,-0.2837209302325581,0.5202702702702703,-0.31555555555555553,0.7403846153846154,-0.14917127071823205,0.7777777777777778,-0.125,0.9390243902439024,-0.031446540880503145,1.7906976744186047,0.2833333333333333,2.026315789473684,0.3391304347826087,0.4079601990049751,-0.4204946996466431,0.5503355704697986,-0.29004329004329005,0.5942028985507246,-0.2545454545454545,0.5540540540540541,-0.28695652173913044,0.7884615384615384,-0.11827956989247312,0.8282828282828283,-0.09392265193370165,1.0649350649350648,0.031446540880503145,1.9069767441860466,0.312,2.1578947368421053,0.36666666666666664,0.21393034825870647,-0.6475409836065574,0.28859060402684567,-0.5520833333333334,0.3115942028985507,-0.5248618784530387,0.2905405405405405,-0.5497382198952879,0.41346153846153844,-0.41496598639455784,0.43434343434343436,-0.39436619718309857,0.5584415584415584,-0.2833333333333333,0.524390243902439,-0.312,1.131578947368421,0.06172839506172839,0.1890547263681592,-0.6820083682008368,0.2550335570469799,-0.5935828877005348,0.2753623188405797,-0.5681818181818182,0.25675675675675674,-0.5913978494623656,0.36538461538461536,-0.4647887323943662,0.3838383838383838,-0.44525547445255476,0.4935064935064935,-0.3391304347826087,0.4634146341463415,-0.36666666666666664,0.8837209302325582,-0.06172839506172839
44,29,33,48,75,62,15,15,13,23,10/14/2025,79.33,0.6875,-0.18518518518518517,0.44,-0.3888888888888889,0.532258064516129,-0.30526315789473685,2.2,0.375,2.2,0.375,2.5384615384615383,0.43478260869565216,1.434782608695652,0.17857142857142858,0.75,-0.14285714285714285,1.1379310344827587,0.06451612903225806,1.4545454545454546,0.18518518518518517,0.64,-0.21951219512195122,0.7741935483870968,-0.12727272727272726,3.2,0.5238095238095238,3.2,0.5238095238095238,3.6923076923076925,0.5737704918032787,2.0869565217391304,0.352112676056338,1.0909090909090908,0.043478260869565216,1.6551724137931034,0.24675324675324675,2.272727272727273,0.3888888888888889,1.5625,0.21951219512195122,1.2096774193548387,0.0948905109489051,5.0,0.6666666666666666,5.0,0.6666666666666666,5.769230769230769,0.7045454545454546,3.260869565217391,0.5306122448979592,1.7045454545454546,0.2605042016806723,2.586206896551724,0.4423076923076923,1.878787878787879,0.30526315789473685,1.2916666666666667,0.12727272727272726,0.8266666666666667,-0.0948905109489051,4.133333333333334,0.6103896103896104,4.133333333333334,0.6103896103896104,4.769230769230769,0.6533333333333333,2.6956521739130435,0.4588235294117647,1.4090909090909092,0.16981132075471697,2.1379310344827585,0.3626373626373626,0.45454545454545453,-0.375,0.3125,-0.5238095238095238,0.2,-0.6666666666666666,0.24193548387096775,-0.6103896103896104,1.0,0.0,1.1538461538461537,0.07142857142857142,0.6521739130434783,-0.21052631578947367,0.3409090909090909,-0.4915254237288136,0.5172413793103449,-0.3181818181818182,0.45454545454545453,-0.375,0.3125,-0.5238095238095238,0.2,-0.6666666666666666,0.24193548387096775,-0.6103896103896104,1.0,0.0,1.1538461538461537,0.07142857142857142,0.6521739130434783,-0.21052631578947367,0.3409090909090909,-0.4915254237288136,0.5172413793103449,-0.3181818181818182,0.3939393939393939,-0.43478260869565216,0.2708333333333333,-0.5737704918032787,0.17333333333333334,-0.7045454545454546,0.20967741935483872,-0.6533333333333333,0.8666666666666667,-0.07142857142857142,0.8666666666666667,-0.07142857142857142,0.5652173913043478,-0.2777777777777778,0.29545454545454547,-0.543859649122807,0.4482758620689655,-0.38095238095238093,0.696969696969697,-0.17857142857142858,0.4791666666666667,-0.352112676056338,0.30666666666666664,-0.5306122448979592,0.3709677419354839,-0.4588235294117647,1.5333333333333334,0.21052631578947367,1.5333333333333334,0.21052631578947367,1.7692307692307692,0.2777777777777778,0.5227272727272727,-0.31343283582089554,0.7931034482758621,-0.11538461538461539,1.3333333333333333,0.14285714285714285,0.9166666666666666,-0.043478260869565216,0.5866666666666667,-0.2605042016806723,0.7096774193548387,-0.16981132075471697,2.933333333333333,0.4915254237288136,2.933333333333333,0.4915254237288136,3.3846153846153846,0.543859649122807,1.9130434782608696,0.31343283582089554,1.5172413793103448,0.2054794520547945,0.8787878787878788,-0.06451612903225806,0.6041666666666666,-0.24675324675324675,0.38666666666666666,-0.4423076923076923,0.46774193548387094,-0.3626373626373626,1.9333333333333333,0.3181818181818182,1.9333333333333333,0.3181818181818182,2.230769230769231,0.38095238095238093,1.2608695652173914,0.11538461538461539,0.6590909090909091,-0.2054794520547945
34,33,22,94,64,40,7,9,6,5,10/16/2025,37.16,0.23404255319148937,-0.6206896551724138,0.34375,-0.4883720930232558,0.55,-0.2903225806451613,3.142857142857143,0.5172413793103449,2.4444444444444446,0.41935483870967744,3.6666666666666665,0.5714285714285714,4.4,0.6296296296296297,0.6470588235294118,-0.21428571428571427,0.6666666666666666,-0.2,4.2727272727272725,0.6206896551724138,1.46875,0.189873417721519,2.35,0.40298507462686567,13.428571428571429,0.8613861386138614,10.444444444444445,0.8252427184466019,15.666666666666666,0.88,18.8,0.898989898989899,2.764705882352941,0.46875,2.8484848484848486,0.48031496062992124,2.909090909090909,0.4883720930232558,0.6808510638297872,-0.189873417721519,1.6,0.23076923076923078,9.142857142857142,0.8028169014084507,7.111111111111111,0.7534246575342466,10.666666666666666,0.8285714285714286,12.8,0.855072463768116,1.8823529411764706,0.30612244897959184,1.9393939393939394,0.31958762886597936,1.8181818181818181,0.2903225806451613,0.425531914893617,-0.40298507462686567,0.625,-0.23076923076923078,5.714285714285714,0.7021276595744681,4.444444444444445,0.6326530612244898,6.666666666666667,0.7391304347826086,8.0,0.7777777777777778,1.1764705882352942,0.08108108108108109,1.2121212121212122,0.0958904109589041,0.3181818181818182,-0.5172413793103449,0.07446808510638298,-0.8613861386138614,0.109375,-0.8028169014084507,0.175,-0.7021276595744681,0.7777777777777778,-0.125,1.1666666666666667,0.07692307692307693,1.4,0.16666666666666666,0.20588235294117646,-0.6585365853658537,0.21212121212121213,-0.65,0.4090909090909091,-0.41935483870967744,0.09574468085106383,-0.8252427184466019,0.140625,-0.7534246575342466,0.225,-0.6326530612244898,1.2857142857142858,0.125,1.5,0.2,1.8,0.2857142857142857,0.2647058823529412,-0.5813953488372093,0.2727272727272727,-0.5714285714285714,0.2727272727272727,-0.5714285714285714,0.06382978723404255,-0.88,0.09375,-0.8285714285714286,0.15,-0.7391304347826086,0.8571428571428571,-0.07692307692307693,0.6666666666666666,-0.2,1.2,0.09090909090909091,0.17647058823529413,-0.7,0.18181818181818182,-0.6923076923076923,0.22727272727272727,-0.6296296296296297,0.05319148936170213,-0.898989898989899,0.078125,-0.855072463768116,0.125,-0.7777777777777778,0.7142857142857143,-0.16666666666666666,0.5555555555555556,-0.2857142857142857,0.8333333333333334,-0.09090909090909091,0.14705882352941177,-0.7435897435897436,0.15151515151515152,-0.7368421052631579,1.5454545454545454,0.21428571428571427,0.3617021276595745,-0.46875,0.53125,-0.30612244897959184,0.85,-0.08108108108108109,4.857142857142857,0.6585365853658537,3.7777777777777777,0.5813953488372093,5.666666666666667,0.7,6.8,0.7435897435897436,1.0303030303030303,0.014925373134328358,1.5,0.2,0.35106382978723405,-0.48031496062992124,0.515625,-0.31958762886597936,0.825,-0.0958904109589041,4.714285714285714,0.65,3.6666666666666665,0.5714285714285714,5.5,0.6923076923076923,6.6,0.7368421052631579,0.9705882352941176,-0.014925373134328358
58,48,100,170,136,85,33,30,37,28,11/3/2025,50.38,0.5882352941176471,-0.25925925925925924,0.7352941176470589,-0.15254237288135594,1.1764705882352942,0.08108108108108109,3.0303030303030303,0.5037593984962406,3.3333333333333335,0.5384615384615384,2.7027027027027026,0.45985401459854014,3.5714285714285716,0.5625,1.7241379310344827,0.26582278481012656,2.0833333333333335,0.35135135135135137,1.7,0.25925925925925924,1.25,0.1111111111111111,2.0,0.3333333333333333,5.151515151515151,0.6748768472906403,5.666666666666667,0.7,4.594594594594595,0.642512077294686,6.071428571428571,0.7171717171717171,2.9310344827586206,0.49122807017543857,3.5416666666666665,0.5596330275229358,1.36,0.15254237288135594,0.8,-0.1111111111111111,1.6,0.23076923076923078,4.121212121212121,0.6094674556213018,4.533333333333333,0.6385542168674698,3.675675675675676,0.5722543352601156,4.857142857142857,0.6585365853658537,2.3448275862068964,0.4020618556701031,2.8333333333333335,0.4782608695652174,0.85,-0.08108108108108109,0.5,-0.3333333333333333,0.625,-0.23076923076923078,2.5757575757575757,0.4406779661016949,2.8333333333333335,0.4782608695652174,2.2972972972972974,0.39344262295081966,3.0357142857142856,0.504424778761062,1.4655172413793103,0.1888111888111888,1.7708333333333333,0.2781954887218045,0.33,-0.5037593984962406,0.19411764705882353,-0.6748768472906403,0.2426470588235294,-0.6094674556213018,0.38823529411764707,-0.4406779661016949,1.1,0.047619047619047616,0.8918918918918919,-0.05714285714285714,1.1785714285714286,0.08196721311475409,0.5689655172413793,-0.27472527472527475,0.6875,-0.18518518518518517,0.3,-0.5384615384615384,0.17647058823529413,-0.7,0.22058823529411764,-0.6385542168674698,0.35294117647058826,-0.4782608695652174,0.9090909090909091,-0.047619047619047616,0.8108108108108109,-0.1044776119402985,1.0714285714285714,0.034482758620689655,0.5172413793103449,-0.3181818181818182,0.625,-0.23076923076923078,0.37,-0.45985401459854014,0.21764705882352942,-0.642512077294686,0.27205882352941174,-0.5722543352601156,0.43529411764705883,-0.39344262295081966,1.121212121212121,0.05714285714285714,1.2333333333333334,0.1044776119402985,1.3214285714285714,0.13846153846153847,0.6379310344827587,-0.22105263157894736,0.7708333333333334,-0.12941176470588237,0.28,-0.5625,0.16470588235294117,-0.7171717171717171,0.20588235294117646,-0.6585365853658537,0.32941176470588235,-0.504424778761062,0.8484848484848485,-0.08196721311475409,0.9333333333333333,-0.034482758620689655,0.7567567567567568,-0.13846153846153847,0.4827586206896552,-0.3488372093023256,0.5833333333333334,-0.2631578947368421,0.58,-0.26582278481012656,0.3411764705882353,-0.49122807017543857,0.4264705882352941,-0.4020618556701031,0.6823529411764706,-0.1888111888111888,1.7575757575757576,0.27472527472527475,1.9333333333333333,0.3181818181818182,1.5675675675675675,0.22105263157894736,2.0714285714285716,0.3488372093023256,1.2083333333333333,0.09433962264150944,0.48,-0.35135135135135137,0.2823529411764706,-0.5596330275229358,0.35294117647058826,-0.4782608695652174,0.5647058823529412,-0.2781954887218045,1.4545454545454546,0.18518518518518517,1.6,0.23076923076923078,1.2972972972972974,0.12941176470588237,1.7142857142857142,0.2631578947368421,0.8275862068965517,-0.09433962264150944
80,59,130,170,157,163,74,145,66,81,11/8/2025,63.19,0.7647058823529411,-0.13333333333333333,0.8280254777070064,-0.09407665505226481,0.7975460122699386,-0.11262798634812286,1.7567567567567568,0.27450980392156865,0.896551724137931,-0.05454545454545454,1.9696969696969697,0.32653061224489793,1.6049382716049383,0.23222748815165878,1.625,0.23809523809523808,2.2033898305084745,0.37566137566137564,1.3076923076923077,0.13333333333333333,1.0828025477707006,0.039755351681957186,1.0429447852760736,0.021021021021021023,2.2972972972972974,0.39344262295081966,1.1724137931034482,0.07936507936507936,2.5757575757575757,0.4406779661016949,2.0987654320987654,0.3545816733067729,2.125,0.36,2.8813559322033897,0.4847161572052402,1.2076923076923076,0.09407665505226481,0.9235294117647059,-0.039755351681957186,0.9631901840490797,-0.01875,2.1216216216216215,0.3593073593073593,1.0827586206896551,0.039735099337748346,2.378787878787879,0.4080717488789238,1.9382716049382716,0.31932773109243695,1.9625,0.32489451476793246,2.6610169491525424,0.4537037037037037,1.2538461538461538,0.11262798634812286,0.9588235294117647,-0.021021021021021023,1.0382165605095541,0.01875,2.2027027027027026,0.3755274261603376,1.1241379310344828,0.05844155844155844,2.4696969696969697,0.42358078602620086,2.0123456790123457,0.3360655737704918,2.0375,0.34156378600823045,2.76271186440678,0.46846846846846846,0.5692307692307692,-0.27450980392156865,0.43529411764705883,-0.39344262295081966,0.4713375796178344,-0.3593073593073593,0.4539877300613497,-0.3755274261603376,0.5103448275862069,-0.3242009132420091,1.121212121212121,0.05714285714285714,0.9135802469135802,-0.04516129032258064,0.925,-0.03896103896103896,1.2542372881355932,0.11278195488721804,1.1153846153846154,0.05454545454545454,0.8529411764705882,-0.07936507936507936,0.9235668789808917,-0.039735099337748346,0.8895705521472392,-0.05844155844155844,1.9594594594594594,0.3242009132420091,2.196969696969697,0.3744075829383886,1.7901234567901234,0.2831858407079646,1.8125,0.28888888888888886,2.457627118644068,0.4215686274509804,0.5076923076923077,-0.32653061224489793,0.38823529411764707,-0.4406779661016949,0.42038216560509556,-0.4080717488789238,0.4049079754601227,-0.42358078602620086,0.8918918918918919,-0.05714285714285714,0.45517241379310347,-0.3744075829383886,0.8148148148148148,-0.10204081632653061,0.825,-0.0958904109589041,1.11864406779661,0.056,0.6230769230769231,-0.23222748815165878,0.4764705882352941,-0.3545816733067729,0.5159235668789809,-0.31932773109243695,0.49693251533742333,-0.3360655737704918,1.0945945945945945,0.04516129032258064,0.5586206896551724,-0.2831858407079646,1.2272727272727273,0.10204081632653061,1.0125,0.006211180124223602,1.3728813559322033,0.15714285714285714,0.6153846153846154,-0.23809523809523808,0.47058823529411764,-0.36,0.5095541401273885,-0.32489451476793246,0.49079754601226994,-0.34156378600823045,1.0810810810810811,0.03896103896103896,0.5517241379310345,-0.28888888888888886,1.2121212121212122,0.0958904109589041,0.9876543209876543,-0.006211180124223602,1.3559322033898304,0.1510791366906475,0.45384615384615384,-0.37566137566137564,0.34705882352941175,-0.4847161572052402,0.37579617834394907,-0.4537037037037037,0.3619631901840491,-0.46846846846846846,0.7972972972972973,-0.11278195488721804,0.4068965517241379,-0.4215686274509804,0.8939393939393939,-0.056,0.7283950617283951,-0.15714285714285714,0.7375,-0.1510791366906475
70,62,102,235,184,125,32,54,48,68,12/23/2025,57.55,0.4340425531914894,-0.39465875370919884,0.5543478260869565,-0.2867132867132867,0.816,-0.1013215859030837,3.1875,0.5223880597014925,1.8888888888888888,0.3076923076923077,2.125,0.36,1.5,0.2,1.457142857142857,0.18604651162790697,1.6451612903225807,0.24390243902439024,2.303921568627451,0.39465875370919884,1.2771739130434783,0.12171837708830549,1.88,0.3055555555555556,7.34375,0.7602996254681648,4.351851851851852,0.6262975778546713,4.895833333333333,0.6607773851590106,3.4558823529411766,0.5511551155115512,3.357142857142857,0.5409836065573771,3.7903225806451615,0.5824915824915825,1.803921568627451,0.2867132867132867,0.7829787234042553,-0.12171837708830549,1.472,0.19093851132686085,5.75,0.7037037037037037,3.4074074074074074,0.5462184873949579,3.8333333333333335,0.5862068965517241,2.7058823529411766,0.4603174603174603,2.6285714285714286,0.44881889763779526,2.967741935483871,0.4959349593495935,1.2254901960784315,0.1013215859030837,0.5319148936170213,-0.3055555555555556,0.6793478260869565,-0.19093851132686085,3.90625,0.5923566878980892,2.314814814814815,0.39664804469273746,2.6041666666666665,0.44508670520231214,1.838235294117647,0.29533678756476683,1.7857142857142858,0.28205128205128205,2.0161290322580645,0.33689839572192515,0.3137254901960784,-0.5223880597014925,0.13617021276595745,-0.7602996254681648,0.17391304347826086,-0.7037037037037037,0.256,-0.5923566878980892,0.5925925925925926,-0.2558139534883721,0.6666666666666666,-0.2,0.47058823529411764,-0.36,0.45714285714285713,-0.37254901960784315,0.5161290322580645,-0.3191489361702128,0.5294117647058824,-0.3076923076923077,0.2297872340425532,-0.6262975778546713,0.29347826086956524,-0.5462184873949579,0.432,-0.39664804469273746,1.6875,0.2558139534883721,1.125,0.058823529411764705,0.7941176470588235,-0.11475409836065574,0.7714285714285715,-0.12903225806451613,0.8709677419354839,-0.06896551724137931,0.47058823529411764,-0.36,0.20425531914893616,-0.6607773851590106,0.2608695652173913,-0.5862068965517241,0.384,-0.44508670520231214,1.5,0.2,0.8888888888888888,-0.058823529411764705,0.7058823529411765,-0.1724137931034483,0.6857142857142857,-0.1864406779661017,0.7741935483870968,-0.12727272727272726,0.6666666666666666,-0.2,0.28936170212765955,-0.5511551155115512,0.3695652173913043,-0.4603174603174603,0.544,-0.29533678756476683,2.125,0.36,1.2592592592592593,0.11475409836065574,1.4166666666666667,0.1724137931034483,0.9714285714285714,-0.014492753623188406,1.096774193548387,0.046153846153846156,0.6862745098039216,-0.18604651162790697,0.2978723404255319,-0.5409836065573771,0.3804347826086957,-0.44881889763779526,0.56,-0.28205128205128205,2.1875,0.37254901960784315,1.2962962962962963,0.12903225806451613,1.4583333333333333,0.1864406779661017,1.0294117647058822,0.014492753623188406,1.1290322580645162,0.06060606060606061,0.6078431372549019,-0.24390243902439024,0.26382978723404255,-0.5824915824915825,0.33695652173913043,-0.4959349593495935,0.496,-0.33689839572192515,1.9375,0.3191489361702128,1.1481481481481481,0.06896551724137931,1.2916666666666667,0.12727272727272726,0.9117647058823529,-0.046153846153846156,0.8857142857142857,-0.06060606060606061
64,68,175,298,138,86,9,36,26,22,2/16/2026,32.81,0.587248322147651,-0.26004228329809725,1.2681159420289856,0.1182108626198083,2.0348837209302326,0.34099616858237547,19.444444444444443,0.9021739130434783,4.861111111111111,0.6587677725118484,6.730769230769231,0.7412935323383084,7.954545454545454,0.7766497461928934,2.734375,0.46443514644351463,2.573529411764706,0.4403292181069959,1.7028571428571428,0.26004228329809725,2.1594202898550723,0.3669724770642202,3.4651162790697674,0.5520833333333334,33.111111111111114,0.9413680781758957,8.277777777777779,0.7844311377245509,11.461538461538462,0.8395061728395061,13.545454545454545,0.8625,4.65625,0.6464088397790055,4.382352941176471,0.6284153005464481,0.7885714285714286,-0.1182108626198083,0.46308724832214765,-0.3669724770642202,1.6046511627906976,0.23214285714285715,15.333333333333334,0.8775510204081632,3.8333333333333335,0.5862068965517241,5.3076923076923075,0.6829268292682927,6.2727272727272725,0.725,2.15625,0.36633663366336633,2.0294117647058822,0.33980582524271846,0.49142857142857144,-0.34099616858237547,0.28859060402684567,-0.5520833333333334,0.6231884057971014,-0.23214285714285715,9.555555555555555,0.8105263157894737,2.388888888888889,0.4098360655737705,3.3076923076923075,0.5357142857142857,3.909090909090909,0.5925925925925926,1.34375,0.14666666666666667,1.2647058823529411,0.11688311688311688,0.05142857142857143,-0.9021739130434783,0.030201342281879196,-0.9413680781758957,0.06521739130434782,-0.8775510204081632,0.10465116279069768,-0.8105263157894737,0.25,-0.6,0.34615384615384615,-0.4857142857142857,0.4090909090909091,-0.41935483870967744,0.140625,-0.7534246575342466,0.1323529411764706,-0.7662337662337663,0.2057142857142857,-0.6587677725118484,0.12080536912751678,-0.7844311377245509,0.2608695652173913,-0.5862068965517241,0.4186046511627907,-0.4098360655737705,4.0,0.6,1.3846153846153846,0.16129032258064516,1.6363636363636365,0.2413793103448276,0.5625,-0.28,0.5294117647058824,-0.3076923076923077,0.14857142857142858,-0.7412935323383084,0.087248322147651,-0.8395061728395061,0.18840579710144928,-0.6829268292682927,0.3023255813953488,-0.5357142857142857,2.888888888888889,0.4857142857142857,0.7222222222222222,-0.16129032258064516,1.1818181818181819,0.08333333333333333,0.40625,-0.4222222222222222,0.38235294117647056,-0.44680851063829785,0.12571428571428572,-0.7766497461928934,0.0738255033557047,-0.8625,0.15942028985507245,-0.725,0.2558139534883721,-0.5925925925925926,2.4444444444444446,0.41935483870967744,0.6111111111111112,-0.2413793103448276,0.8461538461538461,-0.08333333333333333,0.34375,-0.4883720930232558,0.3235294117647059,-0.5111111111111111,0.3657142857142857,-0.46443514644351463,0.21476510067114093,-0.6464088397790055,0.463768115942029,-0.36633663366336633,0.7441860465116279,-0.14666666666666667,7.111111111111111,0.7534246575342466,1.7777777777777777,0.28,2.4615384615384617,0.4222222222222222,2.909090909090909,0.4883720930232558,0.9411764705882353,-0.030303030303030304,0.38857142857142857,-0.4403292181069959,0.22818791946308725,-0.6284153005464481,0.4927536231884058,-0.33980582524271846,0.7906976744186046,-0.11688311688311688,7.555555555555555,0.7662337662337663,1.8888888888888888,0.3076923076923077,2.6153846153846154,0.44680851063829785,3.090909090909091,0.5111111111111111,1.0625,0.030303030303030304
122,91,180,319,178,264,66,150,59,101,2/21/2026,26.55,0.5642633228840125,-0.2785571142284569,1.0112359550561798,0.00558659217877095,0.6818181818181818,-0.1891891891891892,2.727272727272727,0.4634146341463415,1.2,0.09090909090909091,3.0508474576271185,0.5062761506276151,1.7821782178217822,0.28113879003558717,1.4754098360655739,0.19205298013245034,1.978021978021978,0.3284132841328413,1.7722222222222221,0.2785571142284569,1.7921348314606742,0.2837022132796781,1.2083333333333333,0.09433962264150944,4.833333333333333,0.6571428571428571,2.1266666666666665,0.3603411513859275,5.406779661016949,0.6878306878306878,3.1584158415841586,0.5190476190476191,2.6147540983606556,0.4467120181405896,3.5054945054945055,0.5560975609756098,0.9888888888888889,-0.00558659217877095,0.5579937304075235,-0.2837022132796781,0.6742424242424242,-0.19457013574660634,2.696969696969697,0.45901639344262296,1.1866666666666668,0.08536585365853659,3.016949152542373,0.5021097046413502,1.7623762376237624,0.27598566308243727,1.459016393442623,0.18666666666666668,1.956043956043956,0.32342007434944237,1.4666666666666666,0.1891891891891892,0.8275862068965517,-0.09433962264150944,1.4831460674157304,0.19457013574660634,4.0,0.6,1.76,0.2753623188405797,4.47457627118644,0.6346749226006192,2.613861386138614,0.4465753424657534,2.1639344262295084,0.36787564766839376,2.901098901098901,0.48732394366197185,0.36666666666666664,-0.4634146341463415,0.20689655172413793,-0.6571428571428571,0.3707865168539326,-0.45901639344262296,0.25,-0.6,0.44,-0.3888888888888889,1.11864406779661,0.056,0.6534653465346535,-0.20958083832335328,0.5409836065573771,-0.2978723404255319,0.7252747252747253,-0.1592356687898089,0.8333333333333334,-0.09090909090909091,0.4702194357366771,-0.3603411513859275,0.8426966292134831,-0.08536585365853659,0.5681818181818182,-0.2753623188405797,2.272727272727273,0.3888888888888889,2.542372881355932,0.4354066985645933,1.4851485148514851,0.1952191235059761,1.2295081967213115,0.10294117647058823,1.6483516483516483,0.24481327800829875,0.3277777777777778,-0.5062761506276151,0.18495297805642633,-0.6878306878306878,0.33146067415730335,-0.5021097046413502,0.22348484848484848,-0.6346749226006192,0.8939393939393939,-0.056,0.3933333333333333,-0.4354066985645933,0.5841584158415841,-0.2625,0.48360655737704916,-0.34806629834254144,0.6483516483516484,-0.21333333333333335,0.5611111111111111,-0.28113879003558717,0.3166144200626959,-0.5190476190476191,0.5674157303370787,-0.27598566308243727,0.38257575757575757,-0.4465753424657534,1.5303030303030303,0.20958083832335328,0.6733333333333333,-0.1952191235059761,1.7118644067796611,0.2625,0.8278688524590164,-0.09417040358744394,1.10989010989011,0.052083333333333336,0.6777777777777778,-0.19205298013245034,0.3824451410658307,-0.4467120181405896,0.6853932584269663,-0.18666666666666668,0.4621212121212121,-0.36787564766839376,1.8484848484848484,0.2978723404255319,0.8133333333333334,-0.10294117647058823,2.0677966101694913,0.34806629834254144,1.2079207920792079,0.09417040358744394,1.3406593406593406,0.14553990610328638,0.5055555555555555,-0.3284132841328413,0.2852664576802508,-0.5560975609756098,0.5112359550561798,-0.32342007434944237,0.3446969696969697,-0.48732394366197185,1.378787878787879,0.1592356687898089,0.6066666666666667,-0.24481327800829875,1.5423728813559323,0.21333333333333335,0.900990099009901,-0.052083333333333336,0.7459016393442623,-0.14553990610328638
295,277,340,406,354,391,297,347,317,341,10/25/2023,77.24,0.8374384236453202,-0.08847184986595175,0.96045197740113,-0.020172910662824207,0.8695652173913043,-0.06976744186046512,1.1447811447811447,0.06750392464678179,0.9798270893371758,-0.010189228529839884,1.0725552050473186,0.0350076103500761,0.9970674486803519,-0.0014684287812041115,1.152542372881356,0.07086614173228346,1.227436823104693,0.10210696920583469,1.1941176470588235,0.08847184986595175,1.1468926553672316,0.06842105263157895,1.0383631713554988,0.018820577164366373,1.367003367003367,0.155049786628734,1.1700288184438041,0.07835325365205843,1.2807570977917981,0.12309820193637622,1.1906158357771262,0.08701472556894244,1.376271186440678,0.15834522111269614,1.4657039711191335,0.18887262079062958,1.0411764705882354,0.020172910662824207,0.8719211822660099,-0.06842105263157895,0.9053708439897699,-0.049664429530201344,1.1919191919191918,0.08755760368663594,1.0201729106628241,0.009985734664764621,1.1167192429022081,0.05514157973174367,1.0381231671554252,0.01870503597122302,1.2,0.09090909090909091,1.2779783393501805,0.12202852614896989,1.15,0.06976744186046512,0.9630541871921182,-0.018820577164366373,1.1045197740112995,0.049664429530201344,1.3164983164983164,0.13662790697674418,1.1268011527377522,0.05962059620596206,1.2334384858044165,0.10451977401129943,1.1466275659824048,0.06830601092896176,1.3254237288135593,0.13994169096209913,1.4115523465703972,0.17065868263473055,0.8735294117647059,-0.06750392464678179,0.7315270935960592,-0.155049786628734,0.8389830508474576,-0.08755760368663594,0.7595907928388747,-0.13662790697674418,0.8559077809798271,-0.07763975155279502,0.9369085173501577,-0.03257328990228013,0.8709677419354839,-0.06896551724137931,1.006779661016949,0.0033783783783783786,1.0722021660649819,0.03484320557491289,1.0205882352941176,0.010189228529839884,0.854679802955665,-0.07835325365205843,0.980225988700565,-0.009985734664764621,0.887468030690537,-0.05962059620596206,1.1683501683501682,0.07763975155279502,1.0946372239747635,0.045180722891566265,1.0175953079178885,0.00872093023255814,1.176271186440678,0.08099688473520249,1.2527075812274369,0.11217948717948718,0.9323529411764706,-0.0350076103500761,0.7807881773399015,-0.12309820193637622,0.8954802259887006,-0.05514157973174367,0.8107416879795396,-0.10451977401129943,1.0673400673400673,0.03257328990228013,0.9135446685878963,-0.045180722891566265,0.9296187683284457,-0.0364741641337386,1.0745762711864406,0.03594771241830065,1.144404332129964,0.06734006734006734,1.0029411764705882,0.0014684287812041115,0.8399014778325123,-0.08701472556894244,0.963276836158192,-0.01870503597122302,0.8721227621483376,-0.06830601092896176,1.1481481481481481,0.06896551724137931,0.9827089337175793,-0.00872093023255814,1.0757097791798107,0.0364741641337386,1.1559322033898305,0.07232704402515723,1.2310469314079422,0.10355987055016182,0.8676470588235294,-0.07086614173228346,0.7266009852216748,-0.15834522111269614,0.8333333333333334,-0.09090909090909091,0.7544757033248082,-0.13994169096209913,0.9932659932659933,-0.0033783783783783786,0.8501440922190202,-0.08099688473520249,0.9305993690851735,-0.03594771241830065,0.8651026392961877,-0.07232704402515723,1.0649819494584838,0.03146853146853147,0.8147058823529412,-0.10210696920583469,0.6822660098522167,-0.18887262079062958,0.7824858757062146,-0.12202852614896989,0.7084398976982097,-0.17065868263473055,0.9326599326599326,-0.03484320557491289,0.7982708933717579,-0.11217948717948718,0.8738170347003155,-0.06734006734006734,0.8123167155425219,-0.10355987055016182,0.9389830508474576,-0.03146853146853147
25,9,215,332,258,246,25,40,22,9,11/19/2023,59.71,0.6475903614457831,-0.21389396709323583,0.8333333333333334,-0.09090909090909091,0.8739837398373984,-0.06724511930585683,8.6,0.7916666666666666,5.375,0.6862745098039216,9.772727272727273,0.8143459915611815,23.88888888888889,0.9196428571428571,8.6,0.7916666666666666,23.88888888888889,0.9196428571428571,1.544186046511628,0.21389396709323583,1.2868217054263567,0.12542372881355932,1.3495934959349594,0.14878892733564014,13.28,0.8599439775910365,8.3,0.7849462365591398,15.090909090909092,0.8757062146892656,36.888888888888886,0.9472140762463344,13.28,0.8599439775910365,36.888888888888886,0.9472140762463344,1.2,0.09090909090909091,0.7771084337349398,-0.12542372881355932,1.048780487804878,0.023809523809523808,10.32,0.823321554770318,6.45,0.7315436241610739,11.727272727272727,0.8428571428571429,28.666666666666668,0.9325842696629213,10.32,0.823321554770318,28.666666666666668,0.9325842696629213,1.1441860465116278,0.06724511930585683,0.7409638554216867,-0.14878892733564014,0.9534883720930233,-0.023809523809523808,9.84,0.8154981549815498,6.15,0.7202797202797203,11.181818181818182,0.835820895522388,27.333333333333332,0.9294117647058824,9.84,0.8154981549815498,27.333333333333332,0.9294117647058824,0.11627906976744186,-0.7916666666666666,0.07530120481927711,-0.8599439775910365,0.09689922480620156,-0.823321554770318,0.1016260162601626,-0.8154981549815498,0.625,-0.23076923076923078,1.1363636363636365,0.06382978723404255,2.7777777777777777,0.47058823529411764,1.0,0.0,2.7777777777777777,0.47058823529411764,0.18604651162790697,-0.6862745098039216,0.12048192771084337,-0.7849462365591398,0.15503875968992248,-0.7315436241610739,0.16260162601626016,-0.7202797202797203,1.6,0.23076923076923078,1.8181818181818181,0.2903225806451613,4.444444444444445,0.6326530612244898,1.6,0.23076923076923078,4.444444444444445,0.6326530612244898,0.10232558139534884,-0.8143459915611815,0.06626506024096386,-0.8757062146892656,0.08527131782945736,-0.8428571428571429,0.08943089430894309,-0.835820895522388,0.88,-0.06382978723404255,0.55,-0.2903225806451613,2.4444444444444446,0.41935483870967744,0.88,-0.06382978723404255,2.4444444444444446,0.41935483870967744,0.04186046511627907,-0.9196428571428571,0.02710843373493976,-0.9472140762463344,0.03488372093023256,-0.9325842696629213,0.036585365853658534,-0.9294117647058824,0.36,-0.47058823529411764,0.225,-0.6326530612244898,0.4090909090909091,-0.41935483870967744,0.36,-0.47058823529411764,1.0,0.0,0.11627906976744186,-0.7916666666666666,0.07530120481927711,-0.8599439775910365,0.09689922480620156,-0.823321554770318,0.1016260162601626,-0.8154981549815498,1.0,0.0,0.625,-0.23076923076923078,1.1363636363636365,0.06382978723404255,2.7777777777777777,0.47058823529411764,2.7777777777777777,0.47058823529411764,0.04186046511627907,-0.9196428571428571,0.02710843373493976,-0.9472140762463344,0.03488372093023256,-0.9325842696629213,0.036585365853658534,-0.9294117647058824,0.36,-0.47058823529411764,0.225,-0.6326530612244898,0.4090909090909091,-0.41935483870967744,1.0,0.0,0.36,-0.47058823529411764
31,28,211,354,282,218,20,33,26,10,2/7/2024,66.25,0.596045197740113,-0.25309734513274335,0.74822695035461,-0.1440162271805274,0.9678899082568807,-0.016317016317016316,10.55,0.8268398268398268,6.393939393939394,0.7295081967213115,8.115384615384615,0.7805907172995781,21.1,0.9095022624434389,6.806451612903226,0.743801652892562,7.535714285714286,0.7656903765690377,1.6777251184834123,0.25309734513274335,1.2553191489361701,0.11320754716981132,1.6238532110091743,0.23776223776223776,17.7,0.893048128342246,10.727272727272727,0.8294573643410853,13.615384615384615,0.8631578947368421,35.4,0.945054945054945,11.419354838709678,0.8389610389610389,12.642857142857142,0.8534031413612565,1.3364928909952607,0.1440162271805274,0.7966101694915254,-0.11320754716981132,1.2935779816513762,0.128,14.1,0.8675496688741722,8.545454545454545,0.7904761904761904,10.846153846153847,0.8311688311688312,28.2,0.9315068493150684,9.096774193548388,0.8019169329073482,10.071428571428571,0.8193548387096774,1.033175355450237,0.016317016317016316,0.615819209039548,-0.23776223776223776,0.7730496453900709,-0.128,10.9,0.8319327731092437,6.606060606060606,0.7370517928286853,8.384615384615385,0.7868852459016393,21.8,0.9122807017543859,7.032258064516129,0.751004016064257,7.785714285714286,0.7723577235772358,0.0947867298578199,-0.8268398268398268,0.05649717514124294,-0.893048128342246,0.07092198581560284,-0.8675496688741722,0.09174311926605505,-0.8319327731092437,0.6060606060606061,-0.24528301886792453,0.7692307692307693,-0.13043478260869565,2.0,0.3333333333333333,0.6451612903225806,-0.21568627450980393,0.7142857142857143,-0.16666666666666666,0.15639810426540285,-0.7295081967213115,0.09322033898305085,-0.8294573643410853,0.11702127659574468,-0.7904761904761904,0.15137614678899083,-0.7370517928286853,1.65,0.24528301886792453,1.2692307692307692,0.11864406779661017,3.3,0.5348837209302325,1.064516129032258,0.03125,1.1785714285714286,0.08196721311475409,0.12322274881516587,-0.7805907172995781,0.07344632768361582,-0.8631578947368421,0.09219858156028368,-0.8311688311688312,0.11926605504587157,-0.7868852459016393,1.3,0.13043478260869565,0.7878787878787878,-0.11864406779661017,2.6,0.4444444444444444,0.8387096774193549,-0.08771929824561403,0.9285714285714286,-0.037037037037037035,0.04739336492890995,-0.9095022624434389,0.02824858757062147,-0.945054945054945,0.03546099290780142,-0.9315068493150684,0.045871559633027525,-0.9122807017543859,0.5,-0.3333333333333333,0.30303030303030304,-0.5348837209302325,0.38461538461538464,-0.4444444444444444,0.3225806451612903,-0.5121951219512195,0.35714285714285715,-0.47368421052631576,0.14691943127962084,-0.743801652892562,0.08757062146892655,-0.8389610389610389,0.1099290780141844,-0.8019169329073482,0.14220183486238533,-0.751004016064257,1.55,0.21568627450980393,0.9393939393939394,-0.03125,1.1923076923076923,0.08771929824561403,3.1,0.5121951219512195,1.1071428571428572,0.05084745762711865,0.13270142180094788,-0.7656903765690377,0.07909604519774012,-0.8534031413612565,0.09929078014184398,-0.8193548387096774,0.12844036697247707,-0.7723577235772358,1.4,0.16666666666666666,0.8484848484848485,-0.08196721311475409,1.0769230769230769,0.037037037037037035,2.8,0.47368421052631576,0.9032258064516129,-0.05084745762711865
52,47,391,664,351,250,46,46,40,49,2/12/2024,27.65,0.588855421686747,-0.25876777251184835,1.1139601139601139,0.05390835579514825,1.564,0.21996879875195008,8.5,0.7894736842105263,8.5,0.7894736842105263,9.775,0.814385150812065,7.979591836734694,0.7772727272727272,7.519230769230769,0.7652370203160271,8.319148936170214,0.7853881278538812,1.6982097186700766,0.25876777251184835,1.8917378917378918,0.3083743842364532,2.656,0.45295404814004375,14.434782608695652,0.8704225352112676,14.434782608695652,0.8704225352112676,16.6,0.8863636363636364,13.551020408163266,0.8625525946704067,12.76923076923077,0.8547486033519553,14.127659574468085,0.8677918424753868,0.8976982097186701,-0.05390835579514825,0.5286144578313253,-0.3083743842364532,1.404,0.16805324459234608,7.630434782608695,0.7682619647355163,7.630434782608695,0.7682619647355163,8.775,0.7953964194373402,7.163265306122449,0.755,6.75,0.7419354838709677,7.468085106382978,0.7638190954773869,0.639386189258312,-0.21996879875195008,0.37650602409638556,-0.45295404814004375,0.7122507122507122,-0.16805324459234608,5.434782608695652,0.6891891891891891,5.434782608695652,0.6891891891891891,6.25,0.7241379310344828,5.1020408163265305,0.6722408026755853,4.8076923076923075,0.6556291390728477,5.319148936170213,0.6835016835016835,0.11764705882352941,-0.7894736842105263,0.06927710843373494,-0.8704225352112676,0.13105413105413105,-0.7682619647355163,0.184,-0.6891891891891891,1.0,0.0,1.15,0.06976744186046512,0.9387755102040817,-0.031578947368421054,0.8846153846153846,-0.061224489795918366,0.9787234042553191,-0.010752688172043012,0.11764705882352941,-0.7894736842105263,0.06927710843373494,-0.8704225352112676,0.13105413105413105,-0.7682619647355163,0.184,-0.6891891891891891,1.0,0.0,1.15,0.06976744186046512,0.9387755102040817,-0.031578947368421054,0.8846153846153846,-0.061224489795918366,0.9787234042553191,-0.010752688172043012,0.10230179028132992,-0.814385150812065,0.060240963855421686,-0.8863636363636364,0.11396011396011396,-0.7953964194373402,0.16,-0.7241379310344828,0.8695652173913043,-0.06976744186046512,0.8695652173913043,-0.06976744186046512,0.8163265306122449,-0.10112359550561797,0.7692307692307693,-0.13043478260869565,0.851063829787234,-0.08045977011494253,0.12531969309462915,-0.7772727272727272,0.07379518072289157,-0.8625525946704067,0.1396011396011396,-0.755,0.196,-0.6722408026755853,1.065217391304348,0.031578947368421054,1.065217391304348,0.031578947368421054,1.225,0.10112359550561797,0.9423076923076923,-0.0297029702970297,1.0425531914893618,0.020833333333333332,0.1329923273657289,-0.7652370203160271,0.0783132530120482,-0.8547486033519553,0.14814814814814814,-0.7419354838709677,0.208,-0.6556291390728477,1.1304347826086956,0.061224489795918366,1.1304347826086956,0.061224489795918366,1.3,0.13043478260869565,1.0612244897959184,0.0297029702970297,1.1063829787234043,0.050505050505050504,0.12020460358056266,-0.7853881278538812,0.07078313253012049,-0.8677918424753868,0.1339031339031339,-0.7638190954773869,0.188,-0.6835016835016835,1.0217391304347827,0.010752688172043012,1.0217391304347827,0.010752688172043012,1.175,0.08045977011494253,0.9591836734693877,-0.020833333333333332,0.9038461538461539,-0.050505050505050504
42,38,161,314,269,210,20,28,38,11,2/27/2024,72.86,0.5127388535031847,-0.32210526315789473,0.5985130111524164,-0.25116279069767444,0.7666666666666667,-0.1320754716981132,8.05,0.7790055248618785,5.75,0.7037037037037037,4.2368421052631575,0.6180904522613065,14.636363636363637,0.872093023255814,3.8333333333333335,0.5862068965517241,4.2368421052631575,0.6180904522613065,1.950310559006211,0.32210526315789473,1.1672862453531598,0.07718696397941681,1.4952380952380953,0.1984732824427481,15.7,0.8802395209580839,11.214285714285714,0.8362573099415205,8.263157894736842,0.7840909090909091,28.545454545454547,0.9323076923076923,7.476190476190476,0.7640449438202247,8.263157894736842,0.7840909090909091,1.670807453416149,0.25116279069767444,0.856687898089172,-0.07718696397941681,1.2809523809523808,0.12317327766179541,13.45,0.8615916955017301,9.607142857142858,0.8114478114478114,7.078947368421052,0.752442996742671,24.454545454545453,0.9214285714285714,6.404761904761905,0.729903536977492,7.078947368421052,0.752442996742671,1.3043478260869565,0.1320754716981132,0.6687898089171974,-0.1984732824427481,0.7806691449814126,-0.12317327766179541,10.5,0.8260869565217391,7.5,0.7647058823529411,5.526315789473684,0.6935483870967742,19.09090909090909,0.9004524886877828,5.0,0.6666666666666666,5.526315789473684,0.6935483870967742,0.12422360248447205,-0.7790055248618785,0.06369426751592357,-0.8802395209580839,0.07434944237918216,-0.8615916955017301,0.09523809523809523,-0.8260869565217391,0.7142857142857143,-0.16666666666666666,0.5263157894736842,-0.3103448275862069,1.8181818181818181,0.2903225806451613,0.47619047619047616,-0.3548387096774194,0.5263157894736842,-0.3103448275862069,0.17391304347826086,-0.7037037037037037,0.08917197452229299,-0.8362573099415205,0.10408921933085502,-0.8114478114478114,0.13333333333333333,-0.7647058823529411,1.4,0.16666666666666666,0.7368421052631579,-0.15151515151515152,2.5454545454545454,0.4358974358974359,0.6666666666666666,-0.2,0.7368421052631579,-0.15151515151515152,0.2360248447204969,-0.6180904522613065,0.12101910828025478,-0.7840909090909091,0.1412639405204461,-0.752442996742671,0.18095238095238095,-0.6935483870967742,1.9,0.3103448275862069,1.3571428571428572,0.15151515151515152,3.4545454545454546,0.5510204081632653,0.9047619047619048,-0.05,1.0,0.0,0.06832298136645963,-0.872093023255814,0.03503184713375796,-0.9323076923076923,0.040892193308550186,-0.9214285714285714,0.05238095238095238,-0.9004524886877828,0.55,-0.2903225806451613,0.39285714285714285,-0.4358974358974359,0.2894736842105263,-0.5510204081632653,0.2619047619047619,-0.5849056603773585,0.2894736842105263,-0.5510204081632653,0.2608695652173913,-0.5862068965517241,0.1337579617834395,-0.7640449438202247,0.15613382899628253,-0.729903536977492,0.2,-0.6666666666666666,2.1,0.3548387096774194,1.5,0.2,1.105263157894737,0.05,3.8181818181818183,0.5849056603773585,1.105263157894737,0.05,0.2360248447204969,-0.6180904522613065,0.12101910828025478,-0.7840909090909091,0.1412639405204461,-0.752442996742671,0.18095238095238095,-0.6935483870967742,1.9,0.3103448275862069,1.3571428571428572,0.15151515151515152,1.0,0.0,3.4545454545454546,0.5510204081632653,0.9047619047619048,-0.05
393,352,1195,1425,943,805,477,474,492,441,4/12/2024,26.05,0.8385964912280702,-0.08778625954198473,1.2672322375397667,0.11786716557530402,1.484472049689441,0.195,2.5052410901467503,0.42942583732057416,2.521097046413502,0.43199520671060515,2.428861788617886,0.4167160640189686,2.709750566893424,0.460880195599022,3.040712468193384,0.5050377833753149,3.3948863636363638,0.5449256625727213,1.1924686192468619,0.08778625954198473,1.511134676564157,0.20354729729729729,1.7701863354037266,0.27802690582959644,2.9874213836477987,0.49842271293375395,3.0063291139240507,0.5007898894154819,2.8963414634146343,0.486697965571205,3.2312925170068025,0.5273311897106109,3.6259541984732824,0.5676567656765676,4.048295454545454,0.6038266741699494,0.7891213389121339,-0.11786716557530402,0.6617543859649123,-0.20354729729729729,1.1714285714285715,0.07894736842105263,1.9769392033542976,0.32816901408450705,1.989451476793249,0.33098094565984476,1.9166666666666667,0.3142857142857143,2.1383219954648527,0.3627167630057804,2.399491094147583,0.4116766467065868,2.678977272727273,0.4563706563706564,0.6736401673640168,-0.195,0.5649122807017544,-0.27802690582959644,0.8536585365853658,-0.07894736842105263,1.6876310272536688,0.25585023400936036,1.6983122362869199,0.25879593432369036,1.636178861788618,0.2413261372397841,1.8253968253968254,0.29213483146067415,2.0483460559796436,0.34390651085141904,2.2869318181818183,0.3915298184961106,0.399163179916318,-0.42942583732057416,0.33473684210526317,-0.49842271293375395,0.5058324496288441,-0.32816901408450705,0.5925465838509317,-0.25585023400936036,1.0063291139240507,0.0031545741324921135,0.9695121951219512,-0.015479876160990712,1.0816326530612246,0.0392156862745098,1.213740458015267,0.09655172413793103,1.3551136363636365,0.15078407720144751,0.396652719665272,-0.43199520671060515,0.33263157894736844,-0.5007898894154819,0.5026511134676565,-0.33098094565984476,0.5888198757763975,-0.25879593432369036,0.9937106918238994,-0.0031545741324921135,0.9634146341463414,-0.018633540372670808,1.0748299319727892,0.036065573770491806,1.2061068702290076,0.09342560553633218,1.3465909090909092,0.14769975786924938,0.4117154811715481,-0.4167160640189686,0.3452631578947368,-0.486697965571205,0.5217391304347826,-0.3142857142857143,0.6111801242236025,-0.2413261372397841,1.0314465408805031,0.015479876160990712,1.0379746835443038,0.018633540372670808,1.1156462585034013,0.05466237942122187,1.251908396946565,0.11186440677966102,1.3977272727272727,0.16587677725118483,0.36903765690376567,-0.460880195599022,0.3094736842105263,-0.5273311897106109,0.4676564156945917,-0.3627167630057804,0.5478260869565217,-0.29213483146067415,0.9245283018867925,-0.0392156862745098,0.930379746835443,-0.036065573770491806,0.8963414634146342,-0.05466237942122187,1.1221374045801527,0.05755395683453238,1.2528409090909092,0.11223203026481715,0.3288702928870293,-0.5050377833753149,0.27578947368421053,-0.5676567656765676,0.41675503711558853,-0.4116766467065868,0.48819875776397514,-0.34390651085141904,0.8238993710691824,-0.09655172413793103,0.8291139240506329,-0.09342560553633218,0.7987804878048781,-0.11186440677966102,0.891156462585034,-0.05755395683453238,1.1164772727272727,0.05503355704697987,0.29456066945606696,-0.5449256625727213,0.24701754385964914,-0.6038266741699494,0.37327677624602335,-0.4563706563706564,0.4372670807453416,-0.3915298184961106,0.7379454926624738,-0.15078407720144751,0.7426160337552743,-0.14769975786924938,0.7154471544715447,-0.16587677725118483,0.7981859410430839,-0.11223203026481715,0.8956743002544529,-0.05503355704697987
494,452,781,1011,737,688,493,494,476,479,4/17/2024,39.33,0.7725024727992087,-0.12834821428571427,1.0597014925373134,0.028985507246376812,1.135174418604651,0.06330837304288632,1.5841784989858012,0.2260596546310832,1.5809716599190284,0.22509803921568627,1.6407563025210083,0.24264120922832141,1.6304801670146138,0.2396825396825397,1.5809716599190284,0.22509803921568627,1.7278761061946903,0.26682887266828875,1.29449423815621,0.12834821428571427,1.3717774762550883,0.15675057208237986,1.4694767441860466,0.19011183048852265,2.050709939148073,0.34441489361702127,2.0465587044534415,0.34352159468438537,2.1239495798319328,0.3597848016139879,2.1106471816283925,0.35704697986577183,2.0465587044534415,0.34352159468438537,2.2367256637168142,0.3820915926179084,0.9436619718309859,-0.028985507246376812,0.7289812067260139,-0.15675057208237986,1.0712209302325582,0.0343859649122807,1.4949290060851927,0.1983739837398374,1.491902834008097,0.19740048740861088,1.5483193277310925,0.21516900247320692,1.5386221294363256,0.21217105263157895,1.491902834008097,0.19740048740861088,1.6305309734513274,0.2396972245584525,0.8809218950064021,-0.06330837304288632,0.6805143422354105,-0.19011183048852265,0.9335142469470827,-0.0343859649122807,1.3955375253549696,0.1651143099068586,1.3927125506072875,0.16412859560067683,1.4453781512605042,0.18213058419243985,1.4363256784968685,0.1790916880891174,1.3927125506072875,0.16412859560067683,1.5221238938053097,0.20701754385964913,0.6312419974391805,-0.2260596546310832,0.4876360039564787,-0.34441489361702127,0.6689280868385346,-0.1983739837398374,0.7165697674418605,-0.1651143099068586,0.9979757085020243,-0.0010131712259371835,1.0357142857142858,0.017543859649122806,1.0292275574112735,0.01440329218106996,0.9979757085020243,-0.0010131712259371835,1.0907079646017699,0.04338624338624339,0.6325224071702945,-0.22509803921568627,0.4886251236399604,-0.34352159468438537,0.6702849389416553,-0.19740048740861088,0.7180232558139535,-0.16412859560067683,1.002028397565923,0.0010131712259371835,1.0378151260504203,0.018556701030927835,1.0313152400835073,0.015416238437821172,1.0,0.0,1.092920353982301,0.04439746300211417,0.6094750320102432,-0.24264120922832141,0.4708209693372898,-0.3597848016139879,0.6458616010854816,-0.21516900247320692,0.6918604651162791,-0.18213058419243985,0.9655172413793104,-0.017543859649122806,0.9635627530364372,-0.018556701030927835,0.9937369519832986,-0.0031413612565445027,0.9635627530364372,-0.018556701030927835,1.0530973451327434,0.02586206896551724,0.6133162612035852,-0.2396825396825397,0.47378832838773494,-0.35704697986577183,0.649932157394844,-0.21217105263157895,0.6962209302325582,-0.1790916880891174,0.9716024340770791,-0.01440329218106996,0.9696356275303644,-0.015416238437821172,1.0063025210084033,0.0031413612565445027,0.9696356275303644,-0.015416238437821172,1.0597345132743363,0.02900107411385607,0.6325224071702945,-0.22509803921568627,0.4886251236399604,-0.34352159468438537,0.6702849389416553,-0.19740048740861088,0.7180232558139535,-0.16412859560067683,1.002028397565923,0.0010131712259371835,1.0,0.0,1.0378151260504203,0.018556701030927835,1.0313152400835073,0.015416238437821172,1.092920353982301,0.04439746300211417,0.5787451984635084,-0.26682887266828875,0.44708209693372897,-0.3820915926179084,0.6132971506105834,-0.2396972245584525,0.6569767441860465,-0.20701754385964913,0.9168356997971603,-0.04338624338624339,0.9149797570850202,-0.04439746300211417,0.9495798319327731,-0.02586206896551724,0.9436325678496869,-0.02900107411385607,0.9149797570850202,-0.04439746300211417
584,508,890,1125,859,794,621,622,643,602,5/2/2024,30.07,0.7911111111111111,-0.11662531017369727,1.0360884749708963,0.017724413950829045,1.1209068010075567,0.057007125890736345,1.43317230273752,0.17802779616148245,1.4308681672025723,0.17724867724867724,1.3841368584758942,0.16112198303979125,1.478405315614618,0.19302949061662197,1.523972602739726,0.20759837177747625,1.7519685039370079,0.2732474964234621,1.2640449438202248,0.11662531017369727,1.309662398137369,0.13407258064516128,1.4168765743073048,0.17248566961959355,1.8115942028985508,0.28865979381443296,1.8086816720257235,0.2879221522610189,1.7496111975116642,0.27262443438914025,1.8687707641196014,0.3028372900984366,1.9263698630136987,0.3165593914569924,2.2145669291338583,0.37783221065523576,0.9651685393258427,-0.017724413950829045,0.7635555555555555,-0.13407258064516128,1.0818639798488665,0.03932244404113733,1.3832528180354267,0.1608108108108108,1.3810289389067525,0.1600270087778528,1.3359253499222394,0.14380825565912117,1.4269102990033222,0.1759069130732375,1.470890410958904,0.19057519057519057,1.6909448818897639,0.25676664228237017,0.8921348314606742,-0.057007125890736345,0.7057777777777777,-0.17248566961959355,0.9243306169965075,-0.03932244404113733,1.2785829307568437,0.12226148409893993,1.2765273311897105,0.12146892655367232,1.234836702954899,0.10508002783576896,1.318936877076412,0.13753581661891118,1.3595890410958904,0.15239477503628446,1.562992125984252,0.2196620583717358,0.697752808988764,-0.17802779616148245,0.552,-0.28865979381443296,0.7229336437718277,-0.1608108108108108,0.7821158690176322,-0.12226148409893993,0.9983922829581994,-0.0008045052292839903,0.9657853810264385,-0.01740506329113924,1.0315614617940199,0.01553556827473426,1.0633561643835616,0.030705394190871368,1.2224409448818898,0.10008857395925598,0.698876404494382,-0.17724867724867724,0.5528888888888889,-0.2879221522610189,0.7240977881257276,-0.1600270087778528,0.783375314861461,-0.12146892655367232,1.001610305958132,0.0008045052292839903,0.9673405909797823,-0.016600790513833993,1.0332225913621262,0.016339869281045753,1.0650684931506849,0.03150912106135987,1.2244094488188977,0.10088495575221239,0.7224719101123596,-0.16112198303979125,0.5715555555555556,-0.27262443438914025,0.7485448195576252,-0.14380825565912117,0.809823677581864,-0.10508002783576896,1.035426731078905,0.01740506329113924,1.0337620578778135,0.016600790513833993,1.0681063122923589,0.03293172690763052,1.101027397260274,0.04808475957620212,1.265748031496063,0.11728931364031277,0.6764044943820224,-0.19302949061662197,0.5351111111111111,-0.3028372900984366,0.7008149010477299,-0.1759069130732375,0.7581863979848866,-0.13753581661891118,0.9694041867954911,-0.01553556827473426,0.9678456591639871,-0.016339869281045753,0.9362363919129082,-0.03293172690763052,1.0308219178082192,0.01517706576728499,1.18503937007874,0.08468468468468468,0.6561797752808989,-0.20759837177747625,0.5191111111111111,-0.3165593914569924,0.6798603026775321,-0.19057519057519057,0.7355163727959698,-0.15239477503628446,0.9404186795491143,-0.030705394190871368,0.9389067524115756,-0.03150912106135987,0.9082426127527217,-0.04808475957620212,0.9700996677740864,-0.01517706576728499,1.1496062992125984,0.0695970695970696,0.5707865168539326,-0.2732474964234621,0.45155555555555554,-0.37783221065523576,0.5913853317811408,-0.25676664228237017,0.6397984886649875,-0.2196620583717358,0.8180354267310789,-0.10008857395925598,0.8167202572347267,-0.10088495575221239,0.7900466562986003,-0.11728931364031277,0.8438538205980066,-0.08468468468468468,0.8698630136986302,-0.0695970695970696
1047,973,1273,1488,1229,1242,1076,1080,1043,1060,5/7/2024,18.27,0.855510752688172,-0.07787033683448026,1.0358014646053701,0.017585931254996003,1.0249597423510468,0.012326043737574552,1.183085501858736,0.08386547467007237,1.1787037037037038,0.08202294942626434,1.2205177372962608,0.09930915371329879,1.200943396226415,0.09129875696528075,1.21585482330468,0.09741379310344828,1.3083247687564235,0.13357079252003562,1.168892380204242,0.07787033683448026,1.210740439381611,0.09532572690467428,1.1980676328502415,0.09010989010989011,1.3828996282527881,0.1606864274570983,1.3777777777777778,0.1588785046728972,1.426653883029722,0.1758198340576847,1.4037735849056603,0.16797488226059654,1.4212034383954155,0.1739644970414201,1.5292908530318603,0.20926452661519707,0.9654359780047133,-0.017585931254996003,0.8259408602150538,-0.09532572690467428,0.9895330112721417,-0.005261027923917442,1.1421933085501859,0.06637744034707159,1.137962962962963,0.06453009961022088,1.1783317353787153,0.0818661971830986,1.159433962264151,0.07383136740934906,1.1738299904489016,0.07996485061511424,1.263103802672148,0.11625794732061762,0.9756480754124116,-0.012326043737574552,0.8346774193548387,-0.09010989010989011,1.0105777054515868,0.005261027923917442,1.154275092936803,0.07161345987920621,1.15,0.06976744186046512,1.1907957813998082,0.08708971553610503,1.1716981132075472,0.0790616854908775,1.186246418338109,0.08519003931847968,1.276464542651593,0.12144469525959369,0.845247446975648,-0.08386547467007237,0.7231182795698925,-0.1606864274570983,0.8755085435313262,-0.06637744034707159,0.8663446054750402,-0.07161345987920621,0.9962962962962963,-0.0018552875695732839,1.0316395014381592,0.01557338367154318,1.0150943396226415,0.00749063670411985,1.0276981852913085,0.013659915214319359,1.1058581706063721,0.050268423621278674,0.8483896307934015,-0.08202294942626434,0.7258064516129032,-0.1588785046728972,0.8787632221318145,-0.06453009961022088,0.8695652173913043,-0.06976744186046512,1.003717472118959,0.0018552875695732839,1.0354745925215725,0.017428167687235045,1.0188679245283019,0.009345794392523364,1.0315186246418337,0.015514809590973202,1.1099691675231245,0.05211885046273746,0.819324430479183,-0.09930915371329879,0.7009408602150538,-0.1758198340576847,0.8486574450772986,-0.0818661971830986,0.8397745571658615,-0.08708971553610503,0.9693308550185874,-0.01557338367154318,0.9657407407407408,-0.017428167687235045,0.9839622641509433,-0.008083689966714217,0.9961795606494747,-0.0019138755980861245,1.0719424460431655,0.034722222222222224,0.8326787117046347,-0.09129875696528075,0.7123655913978495,-0.16797488226059654,0.8624898291293734,-0.07383136740934906,0.8534621578099839,-0.0790616854908775,0.9851301115241635,-0.00749063670411985,0.9814814814814815,-0.009345794392523364,1.0162991371045063,0.008083689966714217,1.0124164278892072,0.006169909824394874,1.0894141829393629,0.04279390063944909,0.8224666142969363,-0.09741379310344828,0.7036290322580645,-0.1739644970414201,0.8519121236777868,-0.07996485061511424,0.8429951690821256,-0.08519003931847968,0.9730483271375465,-0.013659915214319359,0.9694444444444444,-0.015514809590973202,1.0038350910834133,0.0019138755980861245,0.9877358490566037,-0.006169909824394874,1.0760534429599178,0.03663366336633663,0.7643362136684996,-0.13357079252003562,0.6538978494623656,-0.20926452661519707,0.7917005695687551,-0.11625794732061762,0.78341384863124,-0.12144469525959369,0.904275092936803,-0.050268423621278674,0.9009259259259259,-0.05211885046273746,0.9328859060402684,-0.034722222222222224,0.9179245283018868,-0.04279390063944909,0.9293218720152817,-0.03663366336633663
965,883,1216,1443,1125,1182,1028,1013,924,991,5/22/2024,21.91,0.8426888426888427,-0.08537044001504325,1.0808888888888888,0.03887227680478428,1.0287648054145515,0.014178482068390326,1.1828793774319066,0.08377896613190731,1.2003948667324777,0.09107222969941678,1.316017316017316,0.13644859813084112,1.2270433905146316,0.10194834617127323,1.2601036269430053,0.11508482347546997,1.377123442808607,0.1586469747498809,1.1866776315789473,0.08537044001504325,1.2826666666666666,0.12383177570093458,1.2208121827411167,0.09942857142857142,1.4036964980544746,0.1679481991096722,1.424481737413623,0.1750814332247557,1.5616883116883118,0.21926489226869456,1.4561049445005045,0.18570254724732949,1.4953367875647667,0.19850498338870431,1.6342015855039638,0.2407566638005159,0.9251644736842105,-0.03887227680478428,0.7796257796257796,-0.12383177570093458,0.9517766497461929,-0.0247074122236671,1.0943579766536966,0.04505341384115188,1.1105626850937809,0.052385406922357346,1.2175324675324675,0.09809663250366032,1.1352169525731584,0.06332703213610585,1.16580310880829,0.07655502392344497,1.274065685164213,0.1205179282868526,0.9720394736842105,-0.014178482068390326,0.8191268191268192,-0.09942857142857142,1.0506666666666666,0.0247074122236671,1.149805447470817,0.06968325791855204,1.1668311944718657,0.07699316628701594,1.2792207792207793,0.1225071225071225,1.1927346115035318,0.0878969167050161,1.2248704663212435,0.10107126222636237,1.3386183465458663,0.14479418886198547,0.8453947368421053,-0.08377896613190731,0.7124047124047124,-0.1679481991096722,0.9137777777777778,-0.04505341384115188,0.8697123519458545,-0.06968325791855204,1.014807502467917,0.007349338559529643,1.1125541125541125,0.05327868852459016,1.0373360242179617,0.018325903912828134,1.0652849740932642,0.03161063723030607,1.1642129105322763,0.07587650444793302,0.8330592105263158,-0.09107222969941678,0.702009702009702,-0.1750814332247557,0.9004444444444445,-0.052385406922357346,0.8570219966159053,-0.07699316628701594,0.9854085603112841,-0.007349338559529643,1.0963203463203464,0.04594734124935467,1.0221997981836528,0.010978043912175649,1.0497409326424871,0.024266936299292215,1.1472253680634201,0.06856540084388185,0.7598684210526315,-0.13644859813084112,0.6403326403326404,-0.21926489226869456,0.8213333333333334,-0.09809663250366032,0.7817258883248731,-0.1225071225071225,0.8988326848249028,-0.05327868852459016,0.912142152023692,-0.04594734124935467,0.9323915237134208,-0.03498694516971279,0.9575129533678757,-0.02170460561143462,1.0464326160815403,0.022689540675152185,0.8149671052631579,-0.10194834617127323,0.6867636867636867,-0.18570254724732949,0.8808888888888889,-0.06332703213610585,0.8384094754653131,-0.0878969167050161,0.9640077821011673,-0.018325903912828134,0.9782823297137216,-0.010978043912175649,1.0725108225108224,0.03498694516971279,1.026943005181347,0.013292433537832311,1.1223103057757644,0.0576307363927428,0.7935855263157895,-0.11508482347546997,0.6687456687456688,-0.19850498338870431,0.8577777777777778,-0.07655502392344497,0.8164128595600677,-0.10107126222636237,0.938715953307393,-0.03161063723030607,0.9526159921026653,-0.024266936299292215,1.0443722943722944,0.02170460561143462,0.9737638748738647,-0.013292433537832311,1.0928652321630805,0.044372294372294376,0.7261513157894737,-0.1586469747498809,0.611919611919612,-0.2407566638005159,0.7848888888888889,-0.1205179282868526,0.7470389170896785,-0.14479418886198547,0.8589494163424124,-0.07587650444793302,0.8716683119447186,-0.06856540084388185,0.9556277056277056,-0.022689540675152185,0.8910191725529768,-0.0576307363927428,0.9150259067357513,-0.044372294372294376
876,775,1190,1396,1103,1102,936,909,882,876,5/27/2024,24.54,0.8524355300859598,-0.07965970610982212,1.0788757932910245,0.03794156127344091,1.0798548094373865,0.038394415357766144,1.2713675213675213,0.11947318908748825,1.3091309130913091,0.13387327298713672,1.3492063492063493,0.14864864864864866,1.3584474885844748,0.15198451113262343,1.3584474885844748,0.15198451113262343,1.5354838709677419,0.21119592875318066,1.173109243697479,0.07965970610982212,1.2656391659111514,0.1172468987595038,1.2667876588021778,0.1176941553242594,1.4914529914529915,0.19725557461406518,1.5357535753575358,0.21127982646420823,1.582766439909297,0.22563652326602282,1.5936073059360731,0.22887323943661972,1.5936073059360731,0.22887323943661972,1.8012903225806451,0.2860432980193459,0.926890756302521,-0.03794156127344091,0.7901146131805158,-0.1172468987595038,1.0009074410163339,0.00045351473922902497,1.1784188034188035,0.08190289357528201,1.2134213421342135,0.09642147117296222,1.2505668934240364,0.11133501259445844,1.2591324200913243,0.1147043961596766,1.2591324200913243,0.1147043961596766,1.423225806451613,0.17465388711395102,0.9260504201680673,-0.038394415357766144,0.7893982808022922,-0.1176941553242594,0.99909338168631,-0.00045351473922902497,1.1773504273504274,0.08145240431795878,1.2123212321232124,0.09597215315763302,1.2494331065759636,0.11088709677419355,1.2579908675799087,0.11425682507583418,1.2579908675799087,0.11425682507583418,1.4219354838709677,0.1742141715503463,0.7865546218487395,-0.11947318908748825,0.670487106017192,-0.19725557461406518,0.8485947416137806,-0.08190289357528201,0.8493647912885662,-0.08145240431795878,1.0297029702970297,0.014634146341463415,1.0612244897959184,0.0297029702970297,1.0684931506849316,0.033112582781456956,1.0684931506849316,0.033112582781456956,1.207741935483871,0.09409701928696669,0.7638655462184873,-0.13387327298713672,0.6511461318051576,-0.21127982646420823,0.8241160471441523,-0.09642147117296222,0.8248638838475499,-0.09597215315763302,0.9711538461538461,-0.014634146341463415,1.030612244897959,0.01507537688442211,1.0376712328767124,0.018487394957983194,1.0376712328767124,0.018487394957983194,1.1729032258064516,0.07957244655581948,0.7411764705882353,-0.14864864864864866,0.6318051575931232,-0.22563652326602282,0.7996373526745241,-0.11133501259445844,0.8003629764065335,-0.11088709677419355,0.9423076923076923,-0.0297029702970297,0.9702970297029703,-0.01507537688442211,1.0068493150684932,0.0034129692832764505,1.0068493150684932,0.0034129692832764505,1.1380645161290324,0.06457453228726615,0.7361344537815127,-0.15198451113262343,0.6275071633237822,-0.22887323943661972,0.7941976427923844,-0.1147043961596766,0.79491833030853,-0.11425682507583418,0.9358974358974359,-0.033112582781456956,0.9636963696369637,-0.018487394957983194,0.9931972789115646,-0.0034129692832764505,1.0,0.0,1.1303225806451613,0.06117504542701393,0.7361344537815127,-0.15198451113262343,0.6275071633237822,-0.22887323943661972,0.7941976427923844,-0.1147043961596766,0.79491833030853,-0.11425682507583418,0.9358974358974359,-0.033112582781456956,0.9636963696369637,-0.018487394957983194,0.9931972789115646,-0.0034129692832764505,1.0,0.0,1.1303225806451613,0.06117504542701393,0.6512605042016807,-0.21119592875318066,0.5551575931232091,-0.2860432980193459,0.7026291931097008,-0.17465388711395102,0.7032667876588021,-0.1742141715503463,0.8279914529914529,-0.09409701928696669,0.8525852585258525,-0.07957244655581948,0.8786848072562359,-0.06457453228726615,0.884703196347032,-0.06117504542701393,0.884703196347032,-0.06117504542701393
384,319,496,729,546,529,391,398,360,388,7/21/2024,26.86,0.6803840877914952,-0.19020408163265307,0.9084249084249084,-0.04798464491362764,0.9376181474480151,-0.03219512195121951,1.2685421994884911,0.11837655016910936,1.2462311557788945,0.10961968680089486,1.3777777777777778,0.1588785046728972,1.2783505154639174,0.12217194570135746,1.2916666666666667,0.12727272727272726,1.554858934169279,0.21717791411042944,1.469758064516129,0.19020408163265307,1.335164835164835,0.14352941176470588,1.3780718336483933,0.1589825119236884,1.8644501278772379,0.30178571428571427,1.8316582914572865,0.2937000887311446,2.025,0.33884297520661155,1.8788659793814433,0.3052820053715309,1.8984375,0.30997304582210244,2.2852664576802506,0.39122137404580154,1.1008064516129032,0.04798464491362764,0.7489711934156379,-0.14352941176470588,1.0321361058601135,0.01581395348837209,1.3964194373401535,0.16542155816435433,1.3718592964824121,0.15677966101694915,1.5166666666666666,0.2052980132450331,1.407216494845361,0.16916488222698073,1.421875,0.17419354838709677,1.7115987460815048,0.26242774566473986,1.0665322580645162,0.03219512195121951,0.7256515775034293,-0.1589825119236884,0.9688644688644689,-0.01581395348837209,1.3529411764705883,0.15,1.329145728643216,0.1413160733549083,1.4694444444444446,0.19010123734533182,1.3634020618556701,0.15376226826608505,1.3776041666666667,0.1588170865279299,1.658307210031348,0.24764150943396226,0.7883064516129032,-0.11837655016910936,0.5363511659807956,-0.30178571428571427,0.7161172161172161,-0.16542155816435433,0.7391304347826086,-0.15,0.9824120603015075,-0.008871989860583017,1.086111111111111,0.041278295605858856,1.0077319587628866,0.0038510911424903724,1.0182291666666667,0.00903225806451613,1.225705329153605,0.10140845070422536,0.8024193548387096,-0.10961968680089486,0.5459533607681756,-0.2937000887311446,0.7289377289377289,-0.15677966101694915,0.7523629489603024,-0.1413160733549083,1.0179028132992327,0.008871989860583017,1.1055555555555556,0.05013192612137203,1.0257731958762886,0.01272264631043257,1.0364583333333333,0.017902813299232736,1.2476489028213167,0.1101813110181311,0.7258064516129032,-0.1588785046728972,0.49382716049382713,-0.33884297520661155,0.6593406593406593,-0.2052980132450331,0.6805293005671077,-0.19010123734533182,0.9207161125319693,-0.041278295605858856,0.9045226130653267,-0.05013192612137203,0.9278350515463918,-0.0374331550802139,0.9375,-0.03225806451612903,1.128526645768025,0.060382916053019146,0.782258064516129,-0.12217194570135746,0.532235939643347,-0.3052820053715309,0.7106227106227107,-0.16916488222698073,0.7334593572778828,-0.15376226826608505,0.9923273657289002,-0.0038510911424903724,0.9748743718592965,-0.01272264631043257,1.0777777777777777,0.0374331550802139,1.0104166666666667,0.0051813471502590676,1.2163009404388714,0.09759547383309759,0.7741935483870968,-0.12727272727272726,0.5267489711934157,-0.30997304582210244,0.7032967032967034,-0.17419354838709677,0.725897920604915,-0.1588170865279299,0.9820971867007673,-0.00903225806451613,0.964824120603015,-0.017902813299232736,1.0666666666666667,0.03225806451612903,0.9896907216494846,-0.0051813471502590676,1.2037617554858935,0.09246088193456614,0.6431451612903226,-0.21717791411042944,0.4375857338820302,-0.39122137404580154,0.5842490842490843,-0.26242774566473986,0.6030245746691871,-0.24764150943396226,0.8158567774936062,-0.10140845070422536,0.8015075376884422,-0.1101813110181311,0.8861111111111111,-0.060382916053019146,0.8221649484536082,-0.09759547383309759,0.8307291666666666,-0.09246088193456614
216,208,330,533,388,393,145,145,158,156,7/26/2024,45.29,0.6191369606003753,-0.23522595596755505,0.8505154639175257,-0.0807799442896936,0.8396946564885496,-0.08713692946058091,2.2758620689655173,0.3894736842105263,2.2758620689655173,0.3894736842105263,2.088607594936709,0.3524590163934426,2.1153846153846154,0.35802469135802467,1.5277777777777777,0.2087912087912088,1.5865384615384615,0.22676579925650558,1.6151515151515152,0.23522595596755505,1.3737113402061856,0.15743756786102062,1.356234096692112,0.1511879049676026,3.6758620689655173,0.5722713864306784,3.6758620689655173,0.5722713864306784,3.3734177215189876,0.5426917510853835,3.4166666666666665,0.5471698113207547,2.4675925925925926,0.4232309746328438,2.5625,0.43859649122807015,1.1757575757575758,0.0807799442896936,0.7279549718574109,-0.15743756786102062,0.9872773536895675,-0.006402048655569782,2.6758620689655173,0.45590994371482174,2.6758620689655173,0.45590994371482174,2.4556962025316458,0.42124542124542125,2.4871794871794872,0.4264705882352941,1.7962962962962963,0.2847682119205298,1.8653846153846154,0.30201342281879195,1.190909090909091,0.08713692946058091,0.7373358348968105,-0.1511879049676026,1.0128865979381443,0.006402048655569782,2.7103448275862068,0.46096654275092935,2.7103448275862068,0.46096654275092935,2.4873417721518987,0.426497277676951,2.519230769230769,0.43169398907103823,1.8194444444444444,0.29064039408866993,1.8894230769230769,0.30782029950083195,0.4393939393939394,-0.3894736842105263,0.27204502814258913,-0.5722713864306784,0.37371134020618557,-0.45590994371482174,0.36895674300254455,-0.46096654275092935,1.0,0.0,0.9177215189873418,-0.0429042904290429,0.9294871794871795,-0.036544850498338874,0.6712962962962963,-0.19667590027700832,0.6971153846153846,-0.17847025495750707,0.4393939393939394,-0.3894736842105263,0.27204502814258913,-0.5722713864306784,0.37371134020618557,-0.45590994371482174,0.36895674300254455,-0.46096654275092935,1.0,0.0,0.9177215189873418,-0.0429042904290429,0.9294871794871795,-0.036544850498338874,0.6712962962962963,-0.19667590027700832,0.6971153846153846,-0.17847025495750707,0.47878787878787876,-0.3524590163934426,0.2964352720450281,-0.5426917510853835,0.4072164948453608,-0.42124542124542125,0.4020356234096692,-0.426497277676951,1.089655172413793,0.0429042904290429,1.089655172413793,0.0429042904290429,1.0128205128205128,0.006369426751592357,0.7314814814814815,-0.15508021390374332,0.7596153846153846,-0.1366120218579235,0.4727272727272727,-0.35802469135802467,0.2926829268292683,-0.5471698113207547,0.4020618556701031,-0.4264705882352941,0.3969465648854962,-0.43169398907103823,1.0758620689655172,0.036544850498338874,1.0758620689655172,0.036544850498338874,0.9873417721518988,-0.006369426751592357,0.7222222222222222,-0.16129032258064516,0.75,-0.14285714285714285,0.6545454545454545,-0.2087912087912088,0.4052532833020638,-0.4232309746328438,0.5567010309278351,-0.2847682119205298,0.549618320610687,-0.29064039408866993,1.4896551724137932,0.19667590027700832,1.4896551724137932,0.19667590027700832,1.3670886075949367,0.15508021390374332,1.3846153846153846,0.16129032258064516,1.0384615384615385,0.018867924528301886,0.6303030303030303,-0.22676579925650558,0.3902439024390244,-0.43859649122807015,0.5360824742268041,-0.30201342281879195,0.5292620865139949,-0.30782029950083195,1.4344827586206896,0.17847025495750707,1.4344827586206896,0.17847025495750707,1.3164556962025316,0.1366120218579235,1.3333333333333333,0.14285714285714285,0.9629629629629629,-0.018867924528301886
2917,2501,3924,3557,3240,3502,3297,3195,3459,3141,8/10/2024,47.34,1.1031768344110204,0.049057612618633874,1.211111111111111,0.09547738693467336,1.1205025699600228,0.05682736331807164,1.1901728844404003,0.08683007893643539,1.228169014084507,0.10240202275600506,1.1344319167389418,0.06298252742787484,1.2492836676217765,0.11082802547770701,1.345217689406925,0.1472007016518053,1.5689724110355858,0.2214785992217899,0.9064729867482161,-0.049057612618633874,1.0978395061728394,0.04663822274532882,1.015705311250714,0.00779147187986967,1.0788595693054293,0.03793405310767435,1.113302034428795,0.05361374407582938,1.0283318878288523,0.013968072976054732,1.1324418974848773,0.06210809196775157,1.2194034967432295,0.09885696632684585,1.4222311075569771,0.17431495543083525,0.8256880733944955,-0.09547738693467336,0.9108799550182738,-0.04663822274532882,0.9251856082238721,-0.038860872144764164,0.9827115559599636,-0.008719596145020651,1.0140845070422535,0.006993006993006993,0.9366869037294016,-0.032691446484549934,1.0315186246418337,0.015514809590973202,1.1107302022625987,0.05246061393535813,1.295481807277089,0.1287232189514022,0.8924566768603466,-0.05682736331807164,0.9845375316277762,-0.00779147187986967,1.0808641975308642,0.038860872144764164,1.062177737336973,0.030151492866598028,1.0960876369327073,0.04584142153202927,1.0124313385371495,0.0061772733802614565,1.1149315504616364,0.054342917356615984,1.2005485087418581,0.09113569091758841,1.4002399040383846,0.16674995835415626,0.8402140672782875,-0.08683007893643539,0.9269046949676694,-0.03793405310767435,1.0175925925925926,0.008719596145020651,0.9414620217018846,-0.030151492866598028,1.031924882629108,0.015711645101663587,0.9531656548135299,-0.023978685612788632,1.049665711556829,0.024231127679403542,1.1302708261912924,0.06115223688445446,1.3182726909236306,0.1372887202483615,0.8142201834862385,-0.10240202275600506,0.8982288445319089,-0.05361374407582938,0.9861111111111112,-0.006993006993006993,0.9123358081096516,-0.04584142153202927,0.9690627843494085,-0.015711645101663587,0.9236773633998265,-0.03967538322813345,1.0171919770773639,0.008522727272727272,1.0953033938978403,0.04548429319371728,1.2774890043982408,0.12183988764044944,0.8814984709480123,-0.06298252742787484,0.972448692718583,-0.013968072976054732,1.0675925925925926,0.032691446484549934,0.9877213021130783,-0.0061772733802614565,1.0491355777979983,0.023978685612788632,1.0826291079812207,0.03967538322813345,1.1012416427889207,0.04818181818181818,1.1858073363044224,0.08500627352572146,1.383046781287485,0.16073825503355704,0.8004587155963303,-0.11082802547770701,0.883047511948271,-0.06210809196775157,0.9694444444444444,-0.015514809590973202,0.8969160479725871,-0.054342917356615984,0.9526842584167425,-0.024231127679403542,0.9830985915492958,-0.008522727272727272,0.9080659150043365,-0.04818181818181818,1.0767912238601303,0.03697589963684384,1.2558976409436227,0.11343495214462956,0.7433741080530072,-0.1472007016518053,0.8200730953050324,-0.09885696632684585,0.9003086419753087,-0.05246061393535813,0.8329525985151343,-0.09113569091758841,0.8847437063997573,-0.06115223688445446,0.9129890453834116,-0.04548429319371728,0.8433073142526741,-0.08500627352572146,0.9286851321235275,-0.03697589963684384,1.1663334666133547,0.07678110003691399,0.6373598369011213,-0.2214785992217899,0.7031206072533034,-0.17431495543083525,0.7719135802469136,-0.1287232189514022,0.7141633352370075,-0.16674995835415626,0.7585683955110707,-0.1372887202483615,0.7827856025039124,-0.12183988764044944,0.7230413414281585,-0.16073825503355704,0.7962432346386501,-0.11343495214462956,0.8573877271169009,-0.07678110003691399
574,529,654,726,752,788,544,536,505,531,8/15/2024,51.88,0.9008264462809917,-0.05217391304347826,0.8696808510638298,-0.06970128022759602,0.8299492385786802,-0.09292649098474341,1.2022058823529411,0.09181969949916527,1.2201492537313432,0.09915966386554621,1.295049504950495,0.1285591026747196,1.231638418079096,0.10379746835443038,1.1393728222996515,0.06514657980456026,1.2362948960302458,0.10566356720202874,1.110091743119266,0.05217391304347826,0.9654255319148937,-0.017591339648173207,0.9213197969543148,-0.04095112285336856,1.3345588235294117,0.14330708661417324,1.3544776119402986,0.15055467511885895,1.4376237623762376,0.17952883834281072,1.3672316384180792,0.15513126491646778,1.264808362369338,0.11692307692307692,1.3724007561436673,0.15697211155378485,1.1498470948012232,0.06970128022759602,1.0358126721763086,0.017591339648173207,0.9543147208121827,-0.023376623376623377,1.3823529411764706,0.16049382716049382,1.4029850746268657,0.16770186335403728,1.489108910891089,0.19649960222752585,1.4161958568738229,0.17225253312548713,1.3101045296167246,0.13423831070889894,1.4215500945179584,0.17408274785323966,1.2048929663608563,0.09292649098474341,1.0853994490358128,0.04095112285336856,1.047872340425532,0.023376623376623377,1.4485294117647058,0.1831831831831832,1.4701492537313432,0.1903323262839879,1.5603960396039604,0.2188708430007734,1.4839924670433144,0.19484457922668688,1.372822299651568,0.15712187958883994,1.4896030245746692,0.19665907365223995,0.8318042813455657,-0.09181969949916527,0.7493112947658402,-0.14330708661417324,0.723404255319149,-0.16049382716049382,0.6903553299492385,-0.1831831831831832,1.0149253731343284,0.007407407407407408,1.0772277227722773,0.037178265014299335,1.024482109227872,0.012093023255813953,0.9477351916376306,-0.026833631484794274,1.0283553875236295,0.013979496738117428,0.8195718654434251,-0.09915966386554621,0.7382920110192838,-0.15055467511885895,0.7127659574468085,-0.16770186335403728,0.6802030456852792,-0.1903323262839879,0.9852941176470589,-0.007407407407407408,1.0613861386138614,0.029779058597502402,1.009416195856874,0.004686035613870665,0.9337979094076655,-0.03423423423423423,1.0132325141776937,0.006572769953051643,0.77217125382263,-0.1285591026747196,0.6955922865013774,-0.17952883834281072,0.6715425531914894,-0.19649960222752585,0.6408629441624365,-0.2188708430007734,0.9283088235294118,-0.037178265014299335,0.9421641791044776,-0.029779058597502402,0.9510357815442562,-0.025096525096525095,0.8797909407665505,-0.0639481000926784,0.9546313799621928,-0.02321083172147002,0.8119266055045872,-0.10379746835443038,0.731404958677686,-0.15513126491646778,0.7061170212765957,-0.17225253312548713,0.6738578680203046,-0.19484457922668688,0.9761029411764706,-0.012093023255813953,0.9906716417910447,-0.004686035613870665,1.0514851485148515,0.025096525096525095,0.9250871080139372,-0.03891402714932127,1.003780718336484,0.0018867924528301887,0.8776758409785933,-0.06514657980456026,0.790633608815427,-0.11692307692307692,0.7632978723404256,-0.13423831070889894,0.7284263959390863,-0.15712187958883994,1.0551470588235294,0.026833631484794274,1.0708955223880596,0.03423423423423423,1.1366336633663365,0.0639481000926784,1.0809792843691148,0.03891402714932127,1.0850661625708884,0.04079782411604715,0.808868501529052,-0.10566356720202874,0.7286501377410468,-0.15697211155378485,0.7034574468085106,-0.17408274785323966,0.6713197969543148,-0.19665907365223995,0.9724264705882353,-0.013979496738117428,0.9869402985074627,-0.006572769953051643,1.0475247524752476,0.02321083172147002,0.9962335216572504,-0.0018867924528301887,0.921602787456446,-0.04079782411604715
399,357,650,687,657,714,468,455,458,427,8/25/2024,57.64,0.9461426491994177,-0.027673896783844427,0.989345509893455,-0.005355776587605203,0.9103641456582633,-0.0469208211143695,1.3888888888888888,0.16279069767441862,1.4285714285714286,0.17647058823529413,1.4192139737991267,0.17328519855595667,1.5222482435597189,0.20705663881151345,1.6290726817042607,0.23927550047664442,1.8207282913165266,0.29096325719960275,1.0569230769230769,0.027673896783844427,1.0456621004566211,0.022321428571428572,0.9621848739495799,-0.019271948608137045,1.4679487179487178,0.18961038961038962,1.5098901098901099,0.2031523642732049,1.5,0.2,1.6088992974238876,0.2333931777378815,1.7218045112781954,0.26519337016574585,1.9243697478991597,0.3160919540229885,1.0107692307692309,0.005355776587605203,0.9563318777292577,-0.022321428571428572,0.9201680672268907,-0.04157549234135667,1.4038461538461537,0.168,1.443956043956044,0.18165467625899281,1.4344978165938864,0.17847533632286997,1.5386416861826697,0.21217712177121772,1.6466165413533835,0.24431818181818182,1.8403361344537814,0.2958579881656805,1.0984615384615384,0.0469208211143695,1.039301310043668,0.019271948608137045,1.08675799086758,0.04157549234135667,1.5256410256410255,0.20812182741116753,1.5692307692307692,0.2215568862275449,1.5589519650655022,0.21843003412969283,1.6721311475409837,0.25153374233128833,1.7894736842105263,0.2830188679245283,2.0,0.3333333333333333,0.72,-0.16279069767441862,0.6812227074235808,-0.18961038961038962,0.7123287671232876,-0.168,0.6554621848739496,-0.20812182741116753,1.0285714285714285,0.014084507042253521,1.0218340611353711,0.01079913606911447,1.0960187353629978,0.04581005586592179,1.1729323308270676,0.07958477508650519,1.3109243697478992,0.13454545454545455,0.7,-0.17647058823529413,0.6622998544395924,-0.2031523642732049,0.6925418569254186,-0.18165467625899281,0.6372549019607843,-0.2215568862275449,0.9722222222222222,-0.014084507042253521,0.9934497816593887,-0.0032858707557502738,1.0655737704918034,0.031746031746031744,1.1403508771929824,0.06557377049180328,1.2745098039215685,0.1206896551724138,0.7046153846153846,-0.17328519855595667,0.6666666666666666,-0.2,0.6971080669710806,-0.17847533632286997,0.6414565826330533,-0.21843003412969283,0.9786324786324786,-0.01079913606911447,1.0065934065934066,0.0032858707557502738,1.0725995316159251,0.03502824858757062,1.1478696741854637,0.06884480746791131,1.2829131652661065,0.12392638036809817,0.6569230769230769,-0.20705663881151345,0.6215429403202329,-0.2333931777378815,0.649923896499239,-0.21217712177121772,0.5980392156862745,-0.25153374233128833,0.9123931623931624,-0.04581005586592179,0.9384615384615385,-0.031746031746031744,0.9323144104803494,-0.03502824858757062,1.0701754385964912,0.03389830508474576,1.196078431372549,0.08928571428571429,0.6138461538461538,-0.23927550047664442,0.5807860262008734,-0.26519337016574585,0.6073059360730594,-0.24431818181818182,0.5588235294117647,-0.2830188679245283,0.8525641025641025,-0.07958477508650519,0.8769230769230769,-0.06557377049180328,0.87117903930131,-0.06884480746791131,0.9344262295081968,-0.03389830508474576,1.1176470588235294,0.05555555555555555,0.5492307692307692,-0.29096325719960275,0.519650655021834,-0.3160919540229885,0.54337899543379,-0.2958579881656805,0.5,-0.3333333333333333,0.7628205128205128,-0.13454545454545455,0.7846153846153846,-0.1206896551724138,0.7794759825327511,-0.12392638036809817,0.8360655737704918,-0.08928571428571429,0.8947368421052632,-0.05555555555555555
251,224,374,621,487,481,231,256,213,222,9/9/2024,44.26,0.6022544283413849,-0.24824120603015076,0.7679671457905544,-0.13124274099883856,0.7775467775467776,-0.12514619883040937,1.619047619047619,0.23636363636363636,1.4609375,0.1873015873015873,1.755868544600939,0.27427597955706984,1.6846846846846846,0.2550335570469799,1.4900398406374502,0.1968,1.6696428571428572,0.2508361204013378,1.660427807486631,0.24824120603015076,1.2751540041067762,0.12093862815884476,1.291060291060291,0.12704174228675136,2.688311688311688,0.45774647887323944,2.42578125,0.4161915621436716,2.915492957746479,0.4892086330935252,2.7972972972972974,0.47330960854092524,2.4741035856573705,0.4243119266055046,2.7723214285714284,0.46982248520710057,1.3021390374331552,0.13124274099883856,0.784219001610306,-0.12093862815884476,1.0124740124740124,0.006198347107438017,2.1082251082251084,0.3565459610027855,1.90234375,0.31090174966352624,2.2863849765258215,0.3914285714285714,2.1936936936936937,0.37376586741889983,1.9402390438247012,0.31978319783197834,2.174107142857143,0.369901547116737,1.286096256684492,0.12514619883040937,0.7745571658615137,-0.12704174228675136,0.9876796714579056,-0.006198347107438017,2.0822510822510822,0.351123595505618,1.87890625,0.30529172320217096,2.2582159624413145,0.3861671469740634,2.1666666666666665,0.3684210526315789,1.9163346613545817,0.31420765027322406,2.1473214285714284,0.3645390070921986,0.6176470588235294,-0.23636363636363636,0.3719806763285024,-0.45774647887323944,0.47433264887063653,-0.3565459610027855,0.4802494802494803,-0.351123595505618,0.90234375,-0.0513347022587269,1.0845070422535212,0.04054054054054054,1.0405405405405406,0.019867549668874173,0.9203187250996016,-0.04149377593360996,1.03125,0.015384615384615385,0.6844919786096256,-0.1873015873015873,0.41223832528180354,-0.4161915621436716,0.5256673511293635,-0.31090174966352624,0.5322245322245323,-0.30529172320217096,1.1082251082251082,0.0513347022587269,1.2018779342723005,0.09168443496801706,1.1531531531531531,0.07112970711297072,1.0199203187250996,0.009861932938856016,1.1428571428571428,0.06666666666666667,0.56951871657754,-0.27427597955706984,0.34299516908212563,-0.4892086330935252,0.43737166324435317,-0.3914285714285714,0.44282744282744285,-0.3861671469740634,0.922077922077922,-0.04054054054054054,0.83203125,-0.09168443496801706,0.9594594594594594,-0.020689655172413793,0.848605577689243,-0.08189655172413793,0.9508928571428571,-0.02517162471395881,0.5935828877005348,-0.2550335570469799,0.357487922705314,-0.47330960854092524,0.45585215605749485,-0.37376586741889983,0.46153846153846156,-0.3684210526315789,0.961038961038961,-0.019867549668874173,0.8671875,-0.07112970711297072,1.0422535211267605,0.020689655172413793,0.8844621513944223,-0.0613107822410148,0.9910714285714286,-0.004484304932735426,0.6711229946524064,-0.1968,0.40418679549114334,-0.4243119266055046,0.5154004106776181,-0.31978319783197834,0.5218295218295218,-0.31420765027322406,1.0865800865800865,0.04149377593360996,0.98046875,-0.009861932938856016,1.1784037558685445,0.08189655172413793,1.1306306306306306,0.0613107822410148,1.1205357142857142,0.056842105263157895,0.5989304812834224,-0.2508361204013378,0.3607085346215781,-0.46982248520710057,0.459958932238193,-0.369901547116737,0.4656964656964657,-0.3645390070921986,0.9696969696969697,-0.015384615384615385,0.875,-0.06666666666666667,1.051643192488263,0.02517162471395881,1.009009009009009,0.004484304932735426,0.8924302788844621,-0.056842105263157895
39,35,105,127,158,170,20,39,14,25,10/4/2024,58.35,0.8267716535433071,-0.09482758620689655,0.6645569620253164,-0.20152091254752852,0.6176470588235294,-0.23636363636363636,5.25,0.68,2.6923076923076925,0.4583333333333333,7.5,0.7647058823529411,4.2,0.6153846153846154,2.6923076923076925,0.4583333333333333,3.0,0.5,1.2095238095238094,0.09482758620689655,0.8037974683544303,-0.10877192982456141,0.7470588235294118,-0.1447811447811448,6.35,0.7278911564625851,3.2564102564102564,0.5301204819277109,9.071428571428571,0.8014184397163121,5.08,0.6710526315789473,3.2564102564102564,0.5301204819277109,3.6285714285714286,0.5679012345679012,1.5047619047619047,0.20152091254752852,1.2440944881889764,0.10877192982456141,0.9294117647058824,-0.036585365853658534,7.9,0.7752808988764045,4.051282051282051,0.6040609137055838,11.285714285714286,0.8372093023255814,6.32,0.726775956284153,4.051282051282051,0.6040609137055838,4.514285714285714,0.6373056994818653,1.619047619047619,0.23636363636363636,1.3385826771653544,0.1447811447811448,1.0759493670886076,0.036585365853658534,8.5,0.7894736842105263,4.358974358974359,0.6267942583732058,12.142857142857142,0.8478260869565217,6.8,0.7435897435897436,4.358974358974359,0.6267942583732058,4.857142857142857,0.6585365853658537,0.19047619047619047,-0.68,0.15748031496062992,-0.7278911564625851,0.12658227848101267,-0.7752808988764045,0.11764705882352941,-0.7894736842105263,0.5128205128205128,-0.3220338983050847,1.4285714285714286,0.17647058823529413,0.8,-0.1111111111111111,0.5128205128205128,-0.3220338983050847,0.5714285714285714,-0.2727272727272727,0.37142857142857144,-0.4583333333333333,0.30708661417322836,-0.5301204819277109,0.2468354430379747,-0.6040609137055838,0.22941176470588234,-0.6267942583732058,1.95,0.3220338983050847,2.7857142857142856,0.4716981132075472,1.56,0.21875,1.0,0.0,1.1142857142857143,0.05405405405405406,0.13333333333333333,-0.7647058823529411,0.11023622047244094,-0.8014184397163121,0.08860759493670886,-0.8372093023255814,0.08235294117647059,-0.8478260869565217,0.7,-0.17647058823529413,0.358974358974359,-0.4716981132075472,0.56,-0.28205128205128205,0.358974358974359,-0.4716981132075472,0.4,-0.42857142857142855,0.23809523809523808,-0.6153846153846154,0.1968503937007874,-0.6710526315789473,0.15822784810126583,-0.726775956284153,0.14705882352941177,-0.7435897435897436,1.25,0.1111111111111111,0.6410256410256411,-0.21875,1.7857142857142858,0.28205128205128205,0.6410256410256411,-0.21875,0.7142857142857143,-0.16666666666666666,0.37142857142857144,-0.4583333333333333,0.30708661417322836,-0.5301204819277109,0.2468354430379747,-0.6040609137055838,0.22941176470588234,-0.6267942583732058,1.95,0.3220338983050847,1.0,0.0,2.7857142857142856,0.4716981132075472,1.56,0.21875,1.1142857142857143,0.05405405405405406,0.3333333333333333,-0.5,0.2755905511811024,-0.5679012345679012,0.22151898734177214,-0.6373056994818653,0.20588235294117646,-0.6585365853658537,1.75,0.2727272727272727,0.8974358974358975,-0.05405405405405406,2.5,0.42857142857142855,1.4,0.16666666666666666,0.8974358974358975,-0.05405405405405406
46,45,136,213,229,228,37,66,51,44,10/24/2024,77.4,0.6384976525821596,-0.22063037249283668,0.5938864628820961,-0.2547945205479452,0.5964912280701754,-0.25274725274725274,3.675675675675676,0.5722543352601156,2.0606060606060606,0.3465346534653465,2.6666666666666665,0.45454545454545453,3.090909090909091,0.5111111111111111,2.9565217391304346,0.4945054945054945,3.022222222222222,0.5027624309392266,1.5661764705882353,0.22063037249283668,0.9301310043668122,-0.03619909502262444,0.9342105263157895,-0.034013605442176874,5.756756756756757,0.704,3.227272727272727,0.5268817204301075,4.176470588235294,0.6136363636363636,4.840909090909091,0.6575875486381323,4.630434782608695,0.6447876447876448,4.733333333333333,0.6511627906976745,1.6838235294117647,0.2547945205479452,1.0751173708920188,0.03619909502262444,1.0043859649122806,0.002188183807439825,6.1891891891891895,0.7218045112781954,3.4696969696969697,0.5525423728813559,4.490196078431373,0.6357142857142857,5.204545454545454,0.6776556776556777,4.978260869565218,0.6654545454545454,5.088888888888889,0.6715328467153284,1.6764705882352942,0.25274725274725274,1.0704225352112675,0.034013605442176874,0.9956331877729258,-0.002188183807439825,6.162162162162162,0.720754716981132,3.4545454545454546,0.5510204081632653,4.470588235294118,0.6344086021505376,5.181818181818182,0.6764705882352942,4.956521739130435,0.6642335766423357,5.066666666666666,0.6703296703296703,0.27205882352941174,-0.5722543352601156,0.17370892018779344,-0.704,0.1615720524017467,-0.7218045112781954,0.16228070175438597,-0.720754716981132,0.5606060606060606,-0.2815533980582524,0.7254901960784313,-0.1590909090909091,0.8409090909090909,-0.08641975308641975,0.8043478260869565,-0.10843373493975904,0.8222222222222222,-0.0975609756097561,0.4852941176470588,-0.3465346534653465,0.30985915492957744,-0.5268817204301075,0.28820960698689957,-0.5525423728813559,0.2894736842105263,-0.5510204081632653,1.7837837837837838,0.2815533980582524,1.2941176470588236,0.1282051282051282,1.5,0.2,1.434782608695652,0.17857142857142858,1.4666666666666666,0.1891891891891892,0.375,-0.45454545454545453,0.23943661971830985,-0.6136363636363636,0.22270742358078602,-0.6357142857142857,0.2236842105263158,-0.6344086021505376,1.3783783783783783,0.1590909090909091,0.7727272727272727,-0.1282051282051282,1.1590909090909092,0.07368421052631578,1.108695652173913,0.05154639175257732,1.1333333333333333,0.0625,0.3235294117647059,-0.5111111111111111,0.20657276995305165,-0.6575875486381323,0.19213973799126638,-0.6776556776556777,0.19298245614035087,-0.6764705882352942,1.1891891891891893,0.08641975308641975,0.6666666666666666,-0.2,0.8627450980392157,-0.07368421052631578,0.9565217391304348,-0.022222222222222223,0.9777777777777777,-0.011235955056179775,0.3382352941176471,-0.4945054945054945,0.215962441314554,-0.6447876447876448,0.20087336244541484,-0.6654545454545454,0.20175438596491227,-0.6642335766423357,1.2432432432432432,0.10843373493975904,0.696969696969697,-0.17857142857142858,0.9019607843137255,-0.05154639175257732,1.0454545454545454,0.022222222222222223,1.0222222222222221,0.01098901098901099,0.33088235294117646,-0.5027624309392266,0.2112676056338028,-0.6511627906976745,0.1965065502183406,-0.6715328467153284,0.19736842105263158,-0.6703296703296703,1.2162162162162162,0.0975609756097561,0.6818181818181818,-0.1891891891891892,0.8823529411764706,-0.0625,1.0227272727272727,0.011235955056179775,0.9782608695652174,-0.01098901098901099
97,80,530,453,306,255,126,118,391,89,10/29/2024,68.3,1.1699779249448123,0.07833163784333673,1.7320261437908497,0.2679425837320574,2.0784313725490198,0.3503184713375796,4.2063492063492065,0.6158536585365854,4.491525423728813,0.6358024691358025,1.3554987212276215,0.15092290988056462,5.955056179775281,0.7124394184168013,5.463917525773196,0.6905901116427432,6.625,0.7377049180327869,0.8547169811320755,-0.07833163784333673,1.4803921568627452,0.19367588932806323,1.776470588235294,0.2796610169491525,3.5952380952380953,0.5647668393782384,3.8389830508474576,0.5866900175131349,1.1585677749360614,0.07345971563981042,5.089887640449438,0.6715867158671587,4.670103092783505,0.6472727272727272,5.6625,0.699812382739212,0.5773584905660377,-0.2679425837320574,0.6754966887417219,-0.19367588932806323,1.2,0.09090909090909091,2.4285714285714284,0.4166666666666667,2.593220338983051,0.44339622641509435,0.782608695652174,-0.12195121951219512,3.438202247191011,0.549367088607595,3.154639175257732,0.5186104218362283,3.825,0.5854922279792746,0.4811320754716981,-0.3503184713375796,0.5629139072847682,-0.2796610169491525,0.8333333333333334,-0.09090909090909091,2.0238095238095237,0.33858267716535434,2.1610169491525424,0.3672922252010724,0.6521739130434783,-0.21052631578947367,2.865168539325843,0.48255813953488375,2.6288659793814433,0.44886363636363635,3.1875,0.5223880597014925,0.23773584905660378,-0.6158536585365854,0.2781456953642384,-0.5647668393782384,0.4117647058823529,-0.4166666666666667,0.49411764705882355,-0.33858267716535434,1.0677966101694916,0.03278688524590164,0.32225063938618925,-0.5125725338491296,1.4157303370786516,0.17209302325581396,1.2989690721649485,0.13004484304932734,1.575,0.22330097087378642,0.22264150943396227,-0.6358024691358025,0.26048565121412803,-0.5866900175131349,0.38562091503267976,-0.44339622641509435,0.4627450980392157,-0.3672922252010724,0.9365079365079365,-0.03278688524590164,0.30179028132992325,-0.5363457760314342,1.3258426966292134,0.14009661835748793,1.2164948453608246,0.09767441860465116,1.475,0.1919191919191919,0.7377358490566037,-0.15092290988056462,0.8631346578366446,-0.07345971563981042,1.2777777777777777,0.12195121951219512,1.5333333333333334,0.21052631578947367,3.1031746031746033,0.5125725338491296,3.3135593220338984,0.5363457760314342,4.393258426966292,0.6291666666666667,4.030927835051546,0.6024590163934426,4.8875,0.6602972399150743,0.16792452830188678,-0.7124394184168013,0.19646799116997793,-0.6715867158671587,0.2908496732026144,-0.549367088607595,0.34901960784313724,-0.48255813953488375,0.7063492063492064,-0.17209302325581396,0.7542372881355932,-0.14009661835748793,0.22762148337595908,-0.6291666666666667,0.9175257731958762,-0.043010752688172046,1.1125,0.05325443786982249,0.1830188679245283,-0.6905901116427432,0.2141280353200883,-0.6472727272727272,0.31699346405228757,-0.5186104218362283,0.3803921568627451,-0.44886363636363635,0.7698412698412699,-0.13004484304932734,0.8220338983050848,-0.09767441860465116,0.24808184143222506,-0.6024590163934426,1.0898876404494382,0.043010752688172046,1.2125,0.096045197740113,0.1509433962264151,-0.7377049180327869,0.17660044150110377,-0.699812382739212,0.26143790849673204,-0.5854922279792746,0.3137254901960784,-0.5223880597014925,0.6349206349206349,-0.22330097087378642,0.6779661016949152,-0.1919191919191919,0.20460358056265984,-0.6602972399150743,0.898876404494382,-0.05325443786982249,0.8247422680412371,-0.096045197740113
45,36,159,286,224,224,38,24,25,24,11/3/2024,52.67,0.5559440559440559,-0.2853932584269663,0.7098214285714286,-0.16971279373368145,0.7098214285714286,-0.16971279373368145,4.184210526315789,0.6142131979695431,6.625,0.7377049180327869,6.36,0.7282608695652174,6.625,0.7377049180327869,3.533333333333333,0.5588235294117647,4.416666666666667,0.6307692307692307,1.79874213836478,0.2853932584269663,1.2767857142857142,0.12156862745098039,1.2767857142857142,0.12156862745098039,7.526315789473684,0.7654320987654321,11.916666666666666,0.8451612903225807,11.44,0.8392282958199357,11.916666666666666,0.8451612903225807,6.355555555555555,0.7280966767371602,7.944444444444445,0.7763975155279503,1.4088050314465408,0.16971279373368145,0.7832167832167832,-0.12156862745098039,1.0,0.0,5.894736842105263,0.7099236641221374,9.333333333333334,0.8064516129032258,8.96,0.7991967871485943,9.333333333333334,0.8064516129032258,4.977777777777778,0.6654275092936803,6.222222222222222,0.7230769230769231,1.4088050314465408,0.16971279373368145,0.7832167832167832,-0.12156862745098039,1.0,0.0,5.894736842105263,0.7099236641221374,9.333333333333334,0.8064516129032258,8.96,0.7991967871485943,9.333333333333334,0.8064516129032258,4.977777777777778,0.6654275092936803,6.222222222222222,0.7230769230769231,0.2389937106918239,-0.6142131979695431,0.13286713286713286,-0.7654320987654321,0.16964285714285715,-0.7099236641221374,0.16964285714285715,-0.7099236641221374,1.5833333333333333,0.22580645161290322,1.52,0.20634920634920634,1.5833333333333333,0.22580645161290322,0.8444444444444444,-0.08433734939759036,1.0555555555555556,0.02702702702702703,0.1509433962264151,-0.7377049180327869,0.08391608391608392,-0.8451612903225807,0.10714285714285714,-0.8064516129032258,0.10714285714285714,-0.8064516129032258,0.631578947368421,-0.22580645161290322,0.96,-0.02040816326530612,1.0,0.0,0.5333333333333333,-0.30434782608695654,0.6666666666666666,-0.2,0.15723270440251572,-0.7282608695652174,0.08741258741258741,-0.8392282958199357,0.11160714285714286,-0.7991967871485943,0.11160714285714286,-0.7991967871485943,0.6578947368421053,-0.20634920634920634,1.0416666666666667,0.02040816326530612,1.0416666666666667,0.02040816326530612,0.5555555555555556,-0.2857142857142857,0.6944444444444444,-0.18032786885245902,0.1509433962264151,-0.7377049180327869,0.08391608391608392,-0.8451612903225807,0.10714285714285714,-0.8064516129032258,0.10714285714285714,-0.8064516129032258,0.631578947368421,-0.22580645161290322,1.0,0.0,0.96,-0.02040816326530612,0.5333333333333333,-0.30434782608695654,0.6666666666666666,-0.2,0.2830188679245283,-0.5588235294117647,0.15734265734265734,-0.7280966767371602,0.20089285714285715,-0.6654275092936803,0.20089285714285715,-0.6654275092936803,1.1842105263157894,0.08433734939759036,1.875,0.30434782608695654,1.8,0.2857142857142857,1.875,0.30434782608695654,1.25,0.1111111111111111,0.22641509433962265,-0.6307692307692307,0.1258741258741259,-0.7763975155279503,0.16071428571428573,-0.7230769230769231,0.16071428571428573,-0.7230769230769231,0.9473684210526315,-0.02702702702702703,1.5,0.2,1.44,0.18032786885245902,1.5,0.2,0.8,-0.1111111111111111
37,39,267,456,298,255,52,53,41,25,11/23/2024,35.46,0.5855263157894737,-0.26141078838174275,0.8959731543624161,-0.05486725663716814,1.0470588235294118,0.022988505747126436,5.134615384615385,0.6739811912225705,5.037735849056604,0.66875,6.512195121951219,0.7337662337662337,10.68,0.8287671232876712,7.216216216216216,0.756578947368421,6.846153846153846,0.7450980392156863,1.7078651685393258,0.26141078838174275,1.5302013422818792,0.20954907161803712,1.7882352941176471,0.28270042194092826,8.76923076923077,0.7952755905511811,8.60377358490566,0.7917485265225933,11.121951219512194,0.8350100603621731,18.24,0.896049896049896,12.324324324324325,0.8498985801217038,11.692307692307692,0.8424242424242424,1.1161048689138577,0.05486725663716814,0.6535087719298246,-0.20954907161803712,1.1686274509803922,0.07775768535262206,5.730769230769231,0.7028571428571428,5.622641509433962,0.698005698005698,7.2682926829268295,0.7581120943952803,11.92,0.8452012383900929,8.054054054054054,0.7791044776119403,7.641025641025641,0.7685459940652819,0.9550561797752809,-0.022988505747126436,0.5592105263157895,-0.28270042194092826,0.8557046979865772,-0.07775768535262206,4.903846153846154,0.6612377850162866,4.811320754716981,0.6558441558441559,6.219512195121951,0.722972972972973,10.2,0.8214285714285714,6.891891891891892,0.7465753424657534,6.538461538461538,0.7346938775510204,0.1947565543071161,-0.6739811912225705,0.11403508771929824,-0.7952755905511811,0.174496644295302,-0.7028571428571428,0.20392156862745098,-0.6612377850162866,0.9811320754716981,-0.009523809523809525,1.2682926829268293,0.11827956989247312,2.08,0.35064935064935066,1.4054054054054055,0.16853932584269662,1.3333333333333333,0.14285714285714285,0.19850187265917604,-0.66875,0.1162280701754386,-0.7917485265225933,0.17785234899328858,-0.698005698005698,0.20784313725490197,-0.6558441558441559,1.0192307692307692,0.009523809523809525,1.2926829268292683,0.1276595744680851,2.12,0.358974358974359,1.4324324324324325,0.17777777777777778,1.358974358974359,0.15217391304347827,0.15355805243445692,-0.7337662337662337,0.08991228070175439,-0.8350100603621731,0.13758389261744966,-0.7581120943952803,0.1607843137254902,-0.722972972972973,0.7884615384615384,-0.11827956989247312,0.7735849056603774,-0.1276595744680851,1.64,0.24242424242424243,1.1081081081081081,0.05128205128205128,1.0512820512820513,0.025,0.09363295880149813,-0.8287671232876712,0.05482456140350877,-0.896049896049896,0.08389261744966443,-0.8452012383900929,0.09803921568627451,-0.8214285714285714,0.4807692307692308,-0.35064935064935066,0.4716981132075472,-0.358974358974359,0.6097560975609756,-0.24242424242424243,0.6756756756756757,-0.1935483870967742,0.6410256410256411,-0.21875,0.13857677902621723,-0.756578947368421,0.08114035087719298,-0.8498985801217038,0.12416107382550336,-0.7791044776119403,0.1450980392156863,-0.7465753424657534,0.7115384615384616,-0.16853932584269662,0.6981132075471698,-0.17777777777777778,0.9024390243902439,-0.05128205128205128,1.48,0.1935483870967742,0.9487179487179487,-0.02631578947368421,0.14606741573033707,-0.7450980392156863,0.08552631578947369,-0.8424242424242424,0.13087248322147652,-0.7685459940652819,0.15294117647058825,-0.7346938775510204,0.75,-0.14285714285714285,0.7358490566037735,-0.15217391304347827,0.9512195121951219,-0.025,1.56,0.21875,1.054054054054054,0.02631578947368421
70,47,246,447,374,377,69,86,71,27,12/3/2024,44.72,0.5503355704697986,-0.29004329004329005,0.6577540106951871,-0.2064516129032258,0.6525198938992043,-0.2102728731942215,3.5652173913043477,0.5619047619047619,2.86046511627907,0.4819277108433735,3.464788732394366,0.5520504731861199,9.11111111111111,0.8021978021978022,3.5142857142857142,0.5569620253164557,5.23404255319149,0.6791808873720137,1.8170731707317074,0.29004329004329005,1.195187165775401,0.08891595615103533,1.1856763925729443,0.08495145631067962,6.478260869565218,0.7325581395348837,5.1976744186046515,0.6772983114446529,6.295774647887324,0.7258687258687259,16.555555555555557,0.8860759493670886,6.385714285714286,0.7292069632495164,9.51063829787234,0.8097165991902834,1.5203252032520325,0.2064516129032258,0.8366890380313199,-0.08891595615103533,0.9920424403183024,-0.0039946737683089215,5.420289855072464,0.6884875846501128,4.348837209302325,0.6260869565217392,5.267605633802817,0.6808988764044944,13.851851851851851,0.8653366583541147,5.3428571428571425,0.6846846846846847,7.957446808510638,0.7767220902612827,1.532520325203252,0.2102728731942215,0.843400447427293,-0.08495145631067962,1.0080213903743316,0.0039946737683089215,5.463768115942029,0.6905829596412556,4.383720930232558,0.6285097192224622,5.309859154929577,0.6830357142857143,13.962962962962964,0.8663366336633663,5.385714285714286,0.6868008948545862,8.02127659574468,0.7783018867924528,0.2804878048780488,-0.5619047619047619,0.15436241610738255,-0.7325581395348837,0.18449197860962566,-0.6884875846501128,0.1830238726790451,-0.6905829596412556,0.8023255813953488,-0.10967741935483871,0.971830985915493,-0.014285714285714285,2.5555555555555554,0.4375,0.9857142857142858,-0.007194244604316547,1.4680851063829787,0.1896551724137931,0.34959349593495936,-0.4819277108433735,0.19239373601789708,-0.6772983114446529,0.22994652406417113,-0.6260869565217392,0.22811671087533156,-0.6285097192224622,1.2463768115942029,0.10967741935483871,1.2112676056338028,0.09554140127388536,3.185185185185185,0.5221238938053098,1.2285714285714286,0.10256410256410256,1.8297872340425532,0.2932330827067669,0.2886178861788618,-0.5520504731861199,0.15883668903803133,-0.7258687258687259,0.18983957219251338,-0.6808988764044944,0.1883289124668435,-0.6830357142857143,1.0289855072463767,0.014285714285714285,0.8255813953488372,-0.09554140127388536,2.6296296296296298,0.4489795918367347,1.0142857142857142,0.0070921985815602835,1.5106382978723405,0.2033898305084746,0.10975609756097561,-0.8021978021978022,0.06040268456375839,-0.8860759493670886,0.07219251336898395,-0.8653366583541147,0.07161803713527852,-0.8663366336633663,0.391304347826087,-0.4375,0.313953488372093,-0.5221238938053098,0.38028169014084506,-0.4489795918367347,0.38571428571428573,-0.44329896907216493,0.574468085106383,-0.2702702702702703,0.2845528455284553,-0.5569620253164557,0.15659955257270694,-0.7292069632495164,0.18716577540106952,-0.6846846846846847,0.1856763925729443,-0.6868008948545862,1.0144927536231885,0.007194244604316547,0.813953488372093,-0.10256410256410256,0.9859154929577465,-0.0070921985815602835,2.5925925925925926,0.44329896907216493,1.4893617021276595,0.19658119658119658,0.1910569105691057,-0.6791808873720137,0.10514541387024609,-0.8097165991902834,0.12566844919786097,-0.7767220902612827,0.1246684350132626,-0.7783018867924528,0.6811594202898551,-0.1896551724137931,0.5465116279069767,-0.2932330827067669,0.6619718309859155,-0.2033898305084746,1.7407407407407407,0.2702702702702703,0.6714285714285714,-0.19658119658119658
42,57,159,230,232,199,39,50,46,24,12/13/2024,56.11,0.691304347826087,-0.18251928020565553,0.6853448275862069,-0.1867007672634271,0.7989949748743719,-0.11173184357541899,4.076923076923077,0.6060606060606061,3.18,0.5215311004784688,3.4565217391304346,0.551219512195122,6.625,0.7377049180327869,3.7857142857142856,0.582089552238806,2.789473684210526,0.4722222222222222,1.4465408805031446,0.18251928020565553,0.9913793103448276,-0.004329004329004329,1.1557788944723617,0.07226107226107226,5.897435897435898,0.7100371747211895,4.6,0.6428571428571429,5.0,0.6666666666666666,9.583333333333334,0.8110236220472441,5.476190476190476,0.6911764705882353,4.035087719298246,0.6027874564459931,1.4591194968553458,0.1867007672634271,1.008695652173913,0.004329004329004329,1.1658291457286432,0.0765661252900232,5.948717948717949,0.7121771217712177,4.64,0.6453900709219859,5.043478260869565,0.6690647482014388,9.666666666666666,0.8125,5.523809523809524,0.6934306569343066,4.0701754385964914,0.6055363321799307,1.251572327044025,0.11173184357541899,0.8652173913043478,-0.07226107226107226,0.8577586206896551,-0.0765661252900232,5.102564102564102,0.6722689075630253,3.98,0.5983935742971888,4.326086956521739,0.6244897959183674,8.291666666666666,0.7847533632286996,4.738095238095238,0.6514522821576764,3.491228070175439,0.5546875,0.24528301886792453,-0.6060606060606061,0.16956521739130434,-0.7100371747211895,0.16810344827586207,-0.7121771217712177,0.19597989949748743,-0.6722689075630253,0.78,-0.12359550561797752,0.8478260869565217,-0.08235294117647059,1.625,0.23809523809523808,0.9285714285714286,-0.037037037037037035,0.6842105263157895,-0.1875,0.31446540880503143,-0.5215311004784688,0.21739130434782608,-0.6428571428571429,0.21551724137931033,-0.6453900709219859,0.25125628140703515,-0.5983935742971888,1.2820512820512822,0.12359550561797752,1.0869565217391304,0.041666666666666664,2.0833333333333335,0.35135135135135137,1.1904761904761905,0.08695652173913043,0.8771929824561403,-0.06542056074766354,0.2893081761006289,-0.551219512195122,0.2,-0.6666666666666666,0.19827586206896552,-0.6690647482014388,0.23115577889447236,-0.6244897959183674,1.1794871794871795,0.08235294117647059,0.92,-0.041666666666666664,1.9166666666666667,0.3142857142857143,1.0952380952380953,0.045454545454545456,0.8070175438596491,-0.10679611650485436,0.1509433962264151,-0.7377049180327869,0.10434782608695652,-0.8110236220472441,0.10344827586206896,-0.8125,0.12060301507537688,-0.7847533632286996,0.6153846153846154,-0.23809523809523808,0.48,-0.35135135135135137,0.5217391304347826,-0.3142857142857143,0.5714285714285714,-0.2727272727272727,0.42105263157894735,-0.4074074074074074,0.2641509433962264,-0.582089552238806,0.1826086956521739,-0.6911764705882353,0.1810344827586207,-0.6934306569343066,0.21105527638190955,-0.6514522821576764,1.0769230769230769,0.037037037037037035,0.84,-0.08695652173913043,0.9130434782608695,-0.045454545454545456,1.75,0.2727272727272727,0.7368421052631579,-0.15151515151515152,0.3584905660377358,-0.4722222222222222,0.24782608695652175,-0.6027874564459931,0.24568965517241378,-0.6055363321799307,0.2864321608040201,-0.5546875,1.4615384615384615,0.1875,1.14,0.06542056074766354,1.2391304347826086,0.10679611650485436,2.375,0.4074074074074074,1.3571428571428572,0.15151515151515152
258,207,703,981,634,515,275,276,273,240,3/28/2025,19.36,0.7166156982670744,-0.16508313539192399,1.108832807570978,0.05160807778608826,1.3650485436893205,0.15435139573070608,2.556363636363636,0.4376278118609407,2.5471014492753623,0.43615934627170583,2.5750915750915753,0.4405737704918033,2.9291666666666667,0.4909862142099682,2.7248062015503876,0.4630593132154006,3.396135265700483,0.545054945054945,1.395448079658606,0.16508313539192399,1.5473186119873816,0.2148606811145511,1.9048543689320387,0.3114973262032086,3.5672727272727274,0.5621019108280255,3.5543478260869565,0.5608591885441527,3.5934065934065935,0.5645933014354066,4.0875,0.6068796068796068,3.802325581395349,0.5835351089588378,4.739130434782608,0.6515151515151515,0.9018492176386913,-0.05160807778608826,0.6462793068297655,-0.2148606811145511,1.2310679611650486,0.10356832027850305,2.3054545454545456,0.3949394939493949,2.2971014492753623,0.3934065934065934,2.3223443223443225,0.3980154355016538,2.6416666666666666,0.45080091533180777,2.4573643410852712,0.42152466367713004,3.0628019323671496,0.5077288941736029,0.732574679943101,-0.15435139573070608,0.5249745158002038,-0.3114973262032086,0.8123028391167192,-0.10356832027850305,1.8727272727272728,0.3037974683544304,1.8659420289855073,0.30214917825537296,1.8864468864468864,0.30710659898477155,2.1458333333333335,0.36423841059602646,1.996124031007752,0.33247089262613194,2.4879227053140096,0.4265927977839335,0.3911806543385491,-0.4376278118609407,0.2803261977573904,-0.5621019108280255,0.43375394321766564,-0.3949394939493949,0.5339805825242718,-0.3037974683544304,0.9963768115942029,-0.0018148820326678765,1.0073260073260073,0.0036496350364963502,1.1458333333333333,0.06796116504854369,1.065891472868217,0.03189493433395872,1.328502415458937,0.14107883817427386,0.39260312944523473,-0.43615934627170583,0.28134556574923547,-0.5608591885441527,0.4353312302839117,-0.3934065934065934,0.5359223300970873,-0.30214917825537296,1.0036363636363637,0.0018148820326678765,1.010989010989011,0.00546448087431694,1.15,0.06976744186046512,1.069767441860465,0.033707865168539325,1.3333333333333333,0.14285714285714285,0.3883357041251778,-0.4405737704918033,0.2782874617737003,-0.5645933014354066,0.4305993690851735,-0.3980154355016538,0.5300970873786408,-0.30710659898477155,0.9927272727272727,-0.0036496350364963502,0.9891304347826086,-0.00546448087431694,1.1375,0.06432748538011696,1.058139534883721,0.02824858757062147,1.318840579710145,0.1375,0.3413940256045519,-0.4909862142099682,0.24464831804281345,-0.6068796068796068,0.3785488958990536,-0.45080091533180777,0.46601941747572817,-0.36423841059602646,0.8727272727272727,-0.06796116504854369,0.8695652173913043,-0.06976744186046512,0.8791208791208791,-0.06432748538011696,0.9302325581395349,-0.03614457831325301,1.1594202898550725,0.0738255033557047,0.3669985775248933,-0.4630593132154006,0.26299694189602446,-0.5835351089588378,0.4069400630914827,-0.42152466367713004,0.5009708737864078,-0.33247089262613194,0.9381818181818182,-0.03189493433395872,0.9347826086956522,-0.033707865168539325,0.945054945054945,-0.02824858757062147,1.075,0.03614457831325301,1.2463768115942029,0.10967741935483871,0.29445234708392604,-0.545054945054945,0.21100917431192662,-0.6515151515151515,0.3264984227129338,-0.5077288941736029,0.40194174757281553,-0.4265927977839335,0.7527272727272727,-0.14107883817427386,0.75,-0.14285714285714285,0.7582417582417582,-0.1375,0.8625,-0.0738255033557047,0.8023255813953488,-0.10967741935483871
286,249,912,1058,615,520,328,340,326,312,4/2/2025,5.5,0.8620037807183365,-0.07411167512690356,1.4829268292682927,0.1944990176817289,1.7538461538461538,0.2737430167597765,2.7804878048780486,0.47096774193548385,2.6823529411764704,0.45686900958466453,2.7975460122699385,0.47334410339256866,2.923076923076923,0.49019607843137253,3.1888111888111887,0.5225375626043406,3.6626506024096384,0.5710594315245479,1.1600877192982457,0.07411167512690356,1.7203252032520324,0.2647937836222355,2.0346153846153845,0.3409378960709759,3.225609756097561,0.5266955266955267,3.111764705882353,0.5135908440629471,3.245398773006135,0.5289017341040463,3.391025641025641,0.5445255474452555,3.699300699300699,0.5744047619047619,4.248995983935743,0.6189747513389442,0.6743421052631579,-0.1944990176817289,0.5812854442344045,-0.2647937836222355,1.1826923076923077,0.08370044052863436,1.875,0.30434782608695654,1.8088235294117647,0.2879581151832461,1.8865030674846626,0.3071200850159405,1.9711538461538463,0.3268608414239482,2.1503496503496504,0.365149833518313,2.4698795180722892,0.4236111111111111,0.5701754385964912,-0.2737430167597765,0.4914933837429111,-0.3409378960709759,0.8455284552845529,-0.08370044052863436,1.5853658536585367,0.22641509433962265,1.5294117647058822,0.20930232558139536,1.5950920245398772,0.2293144208037825,1.6666666666666667,0.25,1.8181818181818181,0.2903225806451613,2.0883534136546187,0.35240572171651496,0.35964912280701755,-0.47096774193548385,0.31001890359168244,-0.5266955266955267,0.5333333333333333,-0.30434782608695654,0.6307692307692307,-0.22641509433962265,0.9647058823529412,-0.017964071856287425,1.0061349693251533,0.0030581039755351682,1.0512820512820513,0.025,1.1468531468531469,0.06840390879478828,1.3172690763052208,0.1369150779896014,0.37280701754385964,-0.45686900958466453,0.32136105860113423,-0.5135908440629471,0.5528455284552846,-0.2879581151832461,0.6538461538461539,-0.20930232558139536,1.0365853658536586,0.017964071856287425,1.0429447852760736,0.021021021021021023,1.0897435897435896,0.04294478527607362,1.1888111888111887,0.08626198083067092,1.3654618473895583,0.15449915110356535,0.3574561403508772,-0.47334410339256866,0.30812854442344045,-0.5289017341040463,0.5300813008130081,-0.3071200850159405,0.6269230769230769,-0.2293144208037825,0.9939024390243902,-0.0030581039755351682,0.9588235294117647,-0.021021021021021023,1.044871794871795,0.0219435736677116,1.1398601398601398,0.06535947712418301,1.3092369477911647,0.13391304347826086,0.34210526315789475,-0.49019607843137253,0.2948960302457467,-0.5445255474452555,0.5073170731707317,-0.3268608414239482,0.6,-0.25,0.9512195121951219,-0.025,0.9176470588235294,-0.04294478527607362,0.9570552147239264,-0.0219435736677116,1.0909090909090908,0.043478260869565216,1.2530120481927711,0.11229946524064172,0.31359649122807015,-0.5225375626043406,0.27032136105860116,-0.5744047619047619,0.46504065040650405,-0.365149833518313,0.55,-0.2903225806451613,0.8719512195121951,-0.06840390879478828,0.8411764705882353,-0.08626198083067092,0.8773006134969326,-0.06535947712418301,0.9166666666666666,-0.043478260869565216,1.1485943775100402,0.0691588785046729,0.2730263157894737,-0.5710594315245479,0.23534971644612476,-0.6189747513389442,0.40487804878048783,-0.4236111111111111,0.47884615384615387,-0.35240572171651496,0.7591463414634146,-0.1369150779896014,0.7323529411764705,-0.15449915110356535,0.7638036809815951,-0.13391304347826086,0.7980769230769231,-0.11229946524064172,0.8706293706293706,-0.0691588785046729
285,213,1136,1202,690,557,327,311,377,261,4/7/2025,18.91,0.9450915141430949,-0.028229255774165955,1.6463768115942028,0.244249726177437,2.0394973070017954,0.3419964559952747,3.474006116207951,0.5529733424470267,3.652733118971061,0.5701451278507257,3.013262599469496,0.5016523463317911,4.352490421455939,0.6263421617752326,3.9859649122807017,0.5988740323715693,5.333333333333333,0.6842105263157895,1.0580985915492958,0.028229255774165955,1.7420289855072464,0.27061310782241016,2.1579892280071813,0.36668561682774303,3.675840978593272,0.5722694571615435,3.864951768488746,0.5888962326503635,3.1883289124668437,0.5224825839138696,4.605363984674329,0.6431989063568011,4.217543859649123,0.6166778749159382,5.643192488262911,0.6989399293286219,0.6073943661971831,-0.244249726177437,0.5740432612312812,-0.27061310782241016,1.2387791741472172,0.10665597433841219,2.110091743119266,0.35693215339233036,2.2186495176848875,0.3786213786213786,1.830238726790451,0.2933458294283037,2.6436781609195403,0.45110410094637227,2.4210526315789473,0.4153846153846154,3.23943661971831,0.5282392026578073,0.4903169014084507,-0.3419964559952747,0.4633943427620632,-0.36668561682774303,0.8072463768115942,-0.10665597433841219,1.7033639143730888,0.26018099547511314,1.7909967845659165,0.2834101382488479,1.4774535809018567,0.19271948608137046,2.1340996168582373,0.36185819070904646,1.9543859649122808,0.32304038004750596,2.615023474178404,0.44675324675324674,0.2878521126760563,-0.5529733424470267,0.2720465890183028,-0.5722694571615435,0.47391304347826085,-0.35693215339233036,0.5870736086175943,-0.26018099547511314,1.0514469453376205,0.025078369905956112,0.8673740053050398,-0.07102272727272728,1.2528735632183907,0.11224489795918367,1.1473684210526316,0.06862745098039216,1.5352112676056338,0.2111111111111111,0.2737676056338028,-0.5701451278507257,0.25873544093178036,-0.5888962326503635,0.45072463768115945,-0.3786213786213786,0.5583482944344704,-0.2834101382488479,0.9510703363914373,-0.025078369905956112,0.8249336870026526,-0.09593023255813954,1.1915708812260537,0.08741258741258741,1.0912280701754387,0.0436241610738255,1.460093896713615,0.18702290076335878,0.33186619718309857,-0.5016523463317911,0.3136439267886855,-0.5224825839138696,0.5463768115942029,-0.2933458294283037,0.6768402154398564,-0.19271948608137046,1.1529051987767585,0.07102272727272728,1.212218649517685,0.09593023255813954,1.4444444444444444,0.18181818181818182,1.3228070175438595,0.13897280966767372,1.7699530516431925,0.27796610169491526,0.22975352112676056,-0.6263421617752326,0.21713810316139767,-0.6431989063568011,0.3782608695652174,-0.45110410094637227,0.46858168761220825,-0.36185819070904646,0.7981651376146789,-0.11224489795918367,0.8392282958199357,-0.08741258741258741,0.6923076923076923,-0.18181818181818182,0.9157894736842105,-0.04395604395604396,1.2253521126760563,0.10126582278481013,0.25088028169014087,-0.5988740323715693,0.23710482529118138,-0.6166778749159382,0.41304347826086957,-0.4153846153846154,0.5116696588868941,-0.32304038004750596,0.8715596330275229,-0.06862745098039216,0.9163987138263665,-0.0436241610738255,0.7559681697612732,-0.13897280966767372,1.0919540229885059,0.04395604395604396,1.3380281690140845,0.14457831325301204,0.1875,-0.6842105263157895,0.1772046589018303,-0.6989399293286219,0.30869565217391304,-0.5282392026578073,0.38240574506283664,-0.44675324675324674,0.6513761467889908,-0.2111111111111111,0.684887459807074,-0.18702290076335878,0.5649867374005305,-0.27796610169491526,0.8160919540229885,-0.10126582278481013,0.7473684210526316,-0.14457831325301204
485,435,978,1170,786,693,529,519,519,488,4/12/2025,17.04,0.8358974358974359,-0.0893854748603352,1.2442748091603053,0.10884353741496598,1.4112554112554112,0.17055655296229802,1.8487712665406428,0.2979429329794293,1.884393063583815,0.3066132264529058,1.884393063583815,0.3066132264529058,2.0040983606557377,0.33424283765347884,2.0164948453608247,0.3369788106630212,2.2482758620689656,0.3842887473460722,1.196319018404908,0.0893854748603352,1.4885496183206106,0.19631901840490798,1.6883116883116882,0.2560386473429952,2.2117202268431,0.37728075338434375,2.254335260115607,0.38543516873889877,2.254335260115607,0.38543516873889877,2.3975409836065573,0.41133896260554886,2.4123711340206184,0.41389728096676737,2.689655172413793,0.45794392523364486,0.803680981595092,-0.10884353741496598,0.6717948717948717,-0.19631901840490798,1.1341991341991342,0.06288032454361055,1.4858223062381852,0.19543726235741446,1.5144508670520231,0.2045977011494253,1.5144508670520231,0.2045977011494253,1.610655737704918,0.23390894819466249,1.620618556701031,0.23682140047206923,1.806896551724138,0.28746928746928746,0.7085889570552147,-0.17055655296229802,0.5923076923076923,-0.2560386473429952,0.8816793893129771,-0.06288032454361055,1.3100189035916825,0.1342062193126023,1.3352601156069364,0.14356435643564355,1.3352601156069364,0.14356435643564355,1.4200819672131149,0.1735817104149026,1.4288659793814433,0.1765704584040747,1.5931034482758621,0.22872340425531915,0.5408997955010225,-0.2979429329794293,0.45213675213675214,-0.37728075338434375,0.6730279898218829,-0.19543726235741446,0.7633477633477633,-0.1342062193126023,1.0192678227360308,0.009541984732824428,1.0192678227360308,0.009541984732824428,1.084016393442623,0.04031465093411996,1.090721649484536,0.04339250493096647,1.2160919540229884,0.0975103734439834,0.5306748466257669,-0.3066132264529058,0.44358974358974357,-0.38543516873889877,0.6603053435114504,-0.2045977011494253,0.7489177489177489,-0.14356435643564355,0.9810964083175804,-0.009541984732824428,1.0,0.0,1.0635245901639345,0.030784508440913606,1.0701030927835051,0.03386454183266932,1.193103448275862,0.0880503144654088,0.5306748466257669,-0.3066132264529058,0.44358974358974357,-0.38543516873889877,0.6603053435114504,-0.2045977011494253,0.7489177489177489,-0.14356435643564355,0.9810964083175804,-0.009541984732824428,1.0,0.0,1.0635245901639345,0.030784508440913606,1.0701030927835051,0.03386454183266932,1.193103448275862,0.0880503144654088,0.49897750511247446,-0.33424283765347884,0.4170940170940171,-0.41133896260554886,0.6208651399491094,-0.23390894819466249,0.7041847041847041,-0.1735817104149026,0.9224952741020794,-0.04031465093411996,0.9402697495183044,-0.030784508440913606,0.9402697495183044,-0.030784508440913606,1.0061855670103093,0.003083247687564234,1.1218390804597702,0.05742145178764897,0.49591002044989774,-0.3369788106630212,0.41452991452991456,-0.41389728096676737,0.6170483460559797,-0.23682140047206923,0.6998556998556998,-0.1765704584040747,0.9168241965973535,-0.04339250493096647,0.9344894026974951,-0.03386454183266932,0.9344894026974951,-0.03386454183266932,0.9938524590163934,-0.003083247687564234,1.1149425287356323,0.05434782608695652,0.4447852760736196,-0.3842887473460722,0.3717948717948718,-0.45794392523364486,0.5534351145038168,-0.28746928746928746,0.6277056277056277,-0.22872340425531915,0.8223062381852552,-0.0975103734439834,0.838150289017341,-0.0880503144654088,0.838150289017341,-0.0880503144654088,0.8913934426229508,-0.05742145178764897,0.8969072164948454,-0.05434782608695652
528,437,809,1081,751,678,552,543,530,528,4/17/2025,23.93,0.7483811285846439,-0.1439153439153439,1.0772303595206392,0.03717948717948718,1.1932153392330382,0.08809683927370544,1.4655797101449275,0.1888317413666422,1.4898710865561695,0.19674556213017752,1.5264150943396226,0.2083644510828977,1.5321969696969697,0.21017202692595363,1.5321969696969697,0.21017202692595363,1.8512585812356979,0.2985553772070626,1.3362175525339925,0.1439153439153439,1.4394141145139814,0.18013100436681223,1.5943952802359882,0.22910744741330302,1.9583333333333333,0.323943661971831,1.9907918968692448,0.3312807881773399,2.039622641509434,0.34202358783364367,2.047348484848485,0.34369173399627095,2.047348484848485,0.34369173399627095,2.473684210526316,0.42424242424242425,0.9283065512978986,-0.03717948717948718,0.6947271045328399,-0.18013100436681223,1.107669616519174,0.05108467459762071,1.3605072463768115,0.15272448196469685,1.3830570902394106,0.160741885625966,1.4169811320754717,0.1725214676034348,1.4223484848484849,0.1743549648162627,1.4223484848484849,0.1743549648162627,1.7185354691075514,0.26430976430976433,0.8380716934487021,-0.08809683927370544,0.6271970397779834,-0.22910744741330302,0.9027962716378163,-0.05108467459762071,1.2282608695652173,0.1024390243902439,1.2486187845303867,0.11056511056511056,1.2792452830188679,0.12251655629139073,1.2840909090909092,0.12437810945273632,1.2840909090909092,0.12437810945273632,1.551487414187643,0.21614349775784752,0.6823238566131026,-0.1888317413666422,0.5106382978723404,-0.323943661971831,0.7350199733688415,-0.15272448196469685,0.8141592920353983,-0.1024390243902439,1.0165745856353592,0.00821917808219178,1.0415094339622641,0.02033271719038817,1.0454545454545454,0.022222222222222223,1.0454545454545454,0.022222222222222223,1.263157894736842,0.11627906976744186,0.6711990111248455,-0.19674556213017752,0.5023126734505088,-0.3312807881773399,0.7230359520639148,-0.160741885625966,0.8008849557522124,-0.11056511056511056,0.9836956521739131,-0.00821917808219178,1.0245283018867926,0.012115563839701771,1.0284090909090908,0.014005602240896359,1.0284090909090908,0.014005602240896359,1.242562929061785,0.10816326530612246,0.6551297898640297,-0.2083644510828977,0.4902867715078631,-0.34202358783364367,0.7057256990679095,-0.1725214676034348,0.7817109144542773,-0.12251655629139073,0.9601449275362319,-0.02033271719038817,0.9760589318600368,-0.012115563839701771,1.003787878787879,0.001890359168241966,1.003787878787879,0.001890359168241966,1.2128146453089246,0.09617373319544985,0.6526576019777504,-0.21017202692595363,0.4884366327474561,-0.34369173399627095,0.7030625832223701,-0.1743549648162627,0.7787610619469026,-0.12437810945273632,0.9565217391304348,-0.022222222222222223,0.9723756906077348,-0.014005602240896359,0.9962264150943396,-0.001890359168241966,1.0,0.0,1.208237986270023,0.09430051813471503,0.6526576019777504,-0.21017202692595363,0.4884366327474561,-0.34369173399627095,0.7030625832223701,-0.1743549648162627,0.7787610619469026,-0.12437810945273632,0.9565217391304348,-0.022222222222222223,0.9723756906077348,-0.014005602240896359,0.9962264150943396,-0.001890359168241966,1.0,0.0,1.208237986270023,0.09430051813471503,0.5401730531520396,-0.2985553772070626,0.40425531914893614,-0.42424242424242425,0.5818908122503329,-0.26430976430976433,0.644542772861357,-0.21614349775784752,0.7916666666666666,-0.11627906976744186,0.8047882136279927,-0.10816326530612246,0.8245283018867925,-0.09617373319544985,0.8276515151515151,-0.09430051813471503,0.8276515151515151,-0.09430051813471503
1061,944,885,1009,928,1037,1037,1053,878,1091,4/27/2025,14.98,0.8771060455896927,-0.06546990496304118,0.9536637931034483,-0.023717595146166576,0.8534233365477338,-0.07908428720083246,0.8534233365477338,-0.07908428720083246,0.8404558404558404,-0.08668730650154799,1.0079726651480638,0.003970504821327283,0.8111824014665444,-0.10425101214574899,0.8341187558906692,-0.09044193216855087,0.9375,-0.03225806451612903,1.1401129943502826,0.06546990496304118,1.0872844827586208,0.041817243159525036,0.9729990356798457,-0.013685239491691105,0.9729990356798457,-0.013685239491691105,0.9582146248812915,-0.02133850630455868,1.1492027334851935,0.06942236354001059,0.9248395967002749,-0.039047619047619046,0.9509896324222432,-0.025120772946859903,1.06885593220339,0.033282130056323606,1.048587570621469,0.023717595146166576,0.9197224975222993,-0.041817243159525036,0.8948891031822566,-0.05547073791348601,0.8948891031822566,-0.05547073791348601,0.8812915479582146,-0.06309944472488642,1.0569476082004556,0.02768549280177187,0.8505957836846929,-0.08073303615651313,0.8746465598491989,-0.06686777275012569,0.9830508474576272,-0.008547008547008548,1.1717514124293786,0.07908428720083246,1.0277502477700693,0.013685239491691105,1.1174568965517242,0.05547073791348601,1.0,0.0,0.9848053181386515,-0.007655502392344498,1.1810933940774488,0.08302872062663186,0.9505041246562786,-0.02537593984962406,0.9773798303487277,-0.011439466158245948,1.0985169491525424,0.046945986875315496,1.1717514124293786,0.07908428720083246,1.0277502477700693,0.013685239491691105,1.1174568965517242,0.05547073791348601,1.0,0.0,0.9848053181386515,-0.007655502392344498,1.1810933940774488,0.08302872062663186,0.9505041246562786,-0.02537593984962406,0.9773798303487277,-0.011439466158245948,1.0985169491525424,0.046945986875315496,1.1898305084745762,0.08668730650154799,1.043607532210109,0.02133850630455868,1.134698275862069,0.06309944472488642,1.0154291224686596,0.007655502392344498,1.0154291224686596,0.007655502392344498,1.1993166287015946,0.09062661833247022,0.9651695692025665,-0.017723880597014924,0.9924599434495759,-0.003784295175023652,1.1154661016949152,0.05458187280921382,0.992090395480226,-0.003970504821327283,0.8701684836471755,-0.06942236354001059,0.9461206896551724,-0.02768549280177187,0.8466730954676953,-0.08302872062663186,0.8466730954676953,-0.08302872062663186,0.8338081671415005,-0.09062661833247022,0.8047662694775435,-0.10817673946165567,0.827521206409048,-0.09437854564208355,0.9300847457627118,-0.036223929747530186,1.232768361581921,0.10425101214574899,1.081268582755203,0.039047619047619046,1.175646551724138,0.08073303615651313,1.052073288331726,0.02537593984962406,1.052073288331726,0.02537593984962406,1.0360873694207027,0.017723880597014924,1.2425968109339407,0.10817673946165567,1.0282752120640906,0.013940520446096654,1.1557203389830508,0.07223587223587223,1.198870056497175,0.09044193216855087,1.0515361744301288,0.025120772946859903,1.1433189655172413,0.06686777275012569,1.0231436837029895,0.011439466158245948,1.0231436837029895,0.011439466158245948,1.0075973409306742,0.003784295175023652,1.2084282460136675,0.09437854564208355,0.9725022914757103,-0.013940520446096654,1.1239406779661016,0.058354114713216956,1.0666666666666667,0.03225806451612903,0.9355797819623389,-0.033282130056323606,1.0172413793103448,0.008547008547008548,0.9103182256509161,-0.046945986875315496,0.9103182256509161,-0.046945986875315496,0.8964862298195632,-0.05458187280921382,1.0751708428246014,0.036223929747530186,0.8652612282309807,-0.07223587223587223,0.8897266729500471,-0.058354114713216956
74,58,470,694,296,197,55,60,60,64,5/2/2025,13.51,0.6772334293948127,-0.19243986254295534,1.587837837837838,0.22715404699738903,2.3857868020304567,0.40929535232383807,8.545454545454545,0.7904761904761904,7.833333333333333,0.7735849056603774,7.833333333333333,0.7735849056603774,7.34375,0.7602996254681648,6.351351351351352,0.7279411764705882,8.10344827586207,0.7803030303030303,1.476595744680851,0.19243986254295534,2.3445945945945947,0.402020202020202,3.5228426395939088,0.5578002244668911,12.618181818181819,0.8531375166889186,11.566666666666666,0.8408488063660478,11.566666666666666,0.8408488063660478,10.84375,0.8311345646437994,9.378378378378379,0.8072916666666666,11.96551724137931,0.8457446808510638,0.6297872340425532,-0.22715404699738903,0.4265129682997118,-0.402020202020202,1.50253807106599,0.20081135902636918,5.381818181818182,0.6866096866096866,4.933333333333334,0.6629213483146067,4.933333333333334,0.6629213483146067,4.625,0.6444444444444445,4.0,0.6,5.103448275862069,0.672316384180791,0.41914893617021276,-0.40929535232383807,0.2838616714697406,-0.5578002244668911,0.6655405405405406,-0.20081135902636918,3.581818181818182,0.5634920634920635,3.283333333333333,0.5330739299610895,3.283333333333333,0.5330739299610895,3.078125,0.5095785440613027,2.6621621621621623,0.45387453874538747,3.396551724137931,0.5450980392156862,0.11702127659574468,-0.7904761904761904,0.0792507204610951,-0.8531375166889186,0.1858108108108108,-0.6866096866096866,0.27918781725888325,-0.5634920634920635,0.9166666666666666,-0.043478260869565216,0.9166666666666666,-0.043478260869565216,0.859375,-0.07563025210084033,0.7432432432432432,-0.14728682170542637,0.9482758620689655,-0.02654867256637168,0.1276595744680851,-0.7735849056603774,0.08645533141210375,-0.8408488063660478,0.20270270270270271,-0.6629213483146067,0.30456852791878175,-0.5330739299610895,1.0909090909090908,0.043478260869565216,1.0,0.0,0.9375,-0.03225806451612903,0.8108108108108109,-0.1044776119402985,1.0344827586206897,0.01694915254237288,0.1276595744680851,-0.7735849056603774,0.08645533141210375,-0.8408488063660478,0.20270270270270271,-0.6629213483146067,0.30456852791878175,-0.5330739299610895,1.0909090909090908,0.043478260869565216,1.0,0.0,0.9375,-0.03225806451612903,0.8108108108108109,-0.1044776119402985,1.0344827586206897,0.01694915254237288,0.13617021276595745,-0.7602996254681648,0.09221902017291066,-0.8311345646437994,0.21621621621621623,-0.6444444444444445,0.3248730964467005,-0.5095785440613027,1.1636363636363636,0.07563025210084033,1.0666666666666667,0.03225806451612903,1.0666666666666667,0.03225806451612903,0.8648648648648649,-0.07246376811594203,1.103448275862069,0.04918032786885246,0.1574468085106383,-0.7279411764705882,0.10662824207492795,-0.8072916666666666,0.25,-0.6,0.3756345177664975,-0.45387453874538747,1.3454545454545455,0.14728682170542637,1.2333333333333334,0.1044776119402985,1.2333333333333334,0.1044776119402985,1.15625,0.07246376811594203,1.2758620689655173,0.12121212121212122,0.12340425531914893,-0.7803030303030303,0.08357348703170028,-0.8457446808510638,0.19594594594594594,-0.672316384180791,0.29441624365482233,-0.5450980392156862,1.0545454545454545,0.02654867256637168,0.9666666666666667,-0.01694915254237288,0.9666666666666667,-0.01694915254237288,0.90625,-0.04918032786885246,0.7837837837837838,-0.12121212121212122
895,812,1236,1498,1156,1117,971,960,887,954,5/9/2025,10.29,0.8251001335113485,-0.0958302852962692,1.069204152249135,0.033444816053511704,1.1065353625783347,0.05057373565660858,1.2729145211122554,0.1200724966017218,1.2875,0.12568306010928962,1.3934611048478016,0.16439001413094678,1.2955974842767295,0.12876712328767123,1.3810055865921789,0.16001877053026747,1.522167487684729,0.20703125,1.2119741100323624,0.0958302852962692,1.2958477508650519,0.12886209495101733,1.3410922112802148,0.145697896749522,1.5427394438722966,0.2134467395706764,1.5604166666666666,0.21887713588283156,1.6888387824126267,0.2561844863731656,1.570230607966457,0.22185970636215335,1.6737430167597764,0.25198495612202254,1.8448275862068966,0.296969696969697,0.9352750809061489,-0.033444816053511704,0.7716955941255007,-0.12886209495101733,1.034914950760967,0.01715794104707435,1.1905252317198765,0.08697696285848613,1.2041666666666666,0.09262759924385633,1.3032694475760993,0.13166911404796866,1.2117400419287212,0.09573459715639811,1.2916201117318435,0.1272549975621648,1.4236453201970443,0.17479674796747968,0.9037216828478964,-0.05057373565660858,0.7456608811748998,-0.145697896749522,0.9662629757785467,-0.01715794104707435,1.1503604531410916,0.06992337164750957,1.1635416666666667,0.07558979297063072,1.2593010146561443,0.11477045908183632,1.170859538784067,0.07870593915982617,1.2480446927374302,0.110337972166998,1.375615763546798,0.15811301192327631,0.7855987055016181,-0.1200724966017218,0.6481975967957276,-0.2134467395706764,0.8399653979238755,-0.08697696285848613,0.8692927484333035,-0.06992337164750957,1.0114583333333333,0.005696530295183843,1.0947012401352876,0.04520990312163617,1.0178197064989518,0.008831168831168832,1.0849162011173183,0.04072883172561629,1.1958128078817734,0.0891755468311834,0.7766990291262136,-0.12568306010928962,0.6408544726301736,-0.21887713588283156,0.8304498269896193,-0.09262759924385633,0.8594449418084154,-0.07558979297063072,0.9886714727085479,-0.005696530295183843,1.0822998872604284,0.03952355170546833,1.0062893081761006,0.003134796238244514,1.0726256983240223,0.03504043126684636,1.1822660098522169,0.0835214446952596,0.7176375404530745,-0.16439001413094678,0.5921228304405874,-0.2561844863731656,0.7673010380622838,-0.13166911404796866,0.7940913160250671,-0.11477045908183632,0.913491246138002,-0.04520990312163617,0.9239583333333333,-0.03952355170546833,0.929769392033543,-0.03639326453014666,0.9910614525139665,-0.004489337822671156,1.0923645320197044,0.04414361389052384,0.7718446601941747,-0.12876712328767123,0.636849132176235,-0.22185970636215335,0.8252595155709342,-0.09573459715639811,0.8540734109221128,-0.07870593915982617,0.9824922760041195,-0.008831168831168832,0.99375,-0.003134796238244514,1.0755355129650508,0.03639326453014666,1.0659217877094973,0.0319091400757166,1.1748768472906403,0.08040770101925254,0.7241100323624595,-0.16001877053026747,0.5974632843791722,-0.25198495612202254,0.7742214532871973,-0.1272549975621648,0.8012533572068039,-0.110337972166998,0.92173017507724,-0.04072883172561629,0.9322916666666666,-0.03504043126684636,1.0090191657271703,0.004489337822671156,0.9381551362683438,-0.0319091400757166,1.1022167487684729,0.04862331575864089,0.656957928802589,-0.20703125,0.5420560747663551,-0.296969696969697,0.7024221453287197,-0.17479674796747968,0.7269471799462847,-0.15811301192327631,0.8362512873326468,-0.0891755468311834,0.8458333333333333,-0.0835214446952596,0.915445321307779,-0.04414361389052384,0.8511530398322851,-0.08040770101925254,0.9072625698324023,-0.04862331575864089
3775,3797,4858,4500,4152,4361,4308,4236,4210,4128,6/6/2025,12.22,1.0795555555555556,0.03825603761487497,1.170038535645472,0.07835738068812431,1.1139646869983948,0.053910402429764616,1.127669452181987,0.06000436395374209,1.1468366383380548,0.06839674510666373,1.153919239904988,0.07146007940008822,1.1768410852713178,0.08123748052526152,1.286887417218543,0.12544885902930616,1.2794311298393468,0.12258809936452918,0.9263071222725402,-0.03825603761487497,1.083815028901734,0.04022191400832178,1.031873423526714,0.015686717074822255,1.0445682451253482,0.021798365122615803,1.0623229461756374,0.03021978021978022,1.0688836104513064,0.03329506314580941,1.0901162790697674,0.043115438108484005,1.1920529801324504,0.08761329305135952,1.18514616802739,0.08472942027238761,0.854672704816797,-0.07835738068812431,0.9226666666666666,-0.04022191400832178,0.9520752121073148,-0.024550687184306356,0.9637883008356546,-0.018439716312056736,0.9801699716713881,-0.010014306151645207,0.9862232779097387,-0.006936139679502512,1.005813953488372,0.002898550724637681,1.0998675496688741,0.04755897565283209,1.0934948643666051,0.044659705623348846,0.8976945244956772,-0.053910402429764616,0.9691111111111111,-0.015686717074822255,1.0503371868978806,0.024550687184306356,1.0123026926648098,0.006113738608836083,1.029508970727101,0.014539955798534373,1.0358669833729217,0.01761754754404387,1.0564437984496124,0.02744728472140417,1.1552317880794702,0.07202556538839724,1.1485383197260997,0.06913459181171856,0.8867846850555784,-0.06000436395374209,0.9573333333333334,-0.021798365122615803,1.0375722543352601,0.018439716312056736,0.9878468241229076,-0.006113738608836083,1.0169971671388103,0.008426966292134831,1.0232779097387172,0.01150504813336464,1.0436046511627908,0.021337126600284494,1.1411920529801325,0.06594086354076457,1.1345799315248881,0.06304750154225787,0.8719637710992177,-0.06839674510666373,0.9413333333333334,-0.03021978021978022,1.0202312138728324,0.010014306151645207,0.9713368493464801,-0.014539955798534373,0.9832869080779945,-0.008426966292134831,1.0061757719714965,0.0030783802983660904,1.0261627906976745,0.01291248206599713,1.1221192052980133,0.05754587442266883,1.1156175928364498,0.054649570521598405,0.8666117743927543,-0.07146007940008822,0.9355555555555556,-0.03329506314580941,1.0139691714836223,0.006936139679502512,0.9653749140105481,-0.01761754754404387,0.9772516248839369,-0.01150504813336464,0.993862134088763,-0.0030783802983660904,1.0198643410852712,0.009834492684096906,1.1152317880794702,0.054477144646211645,1.1087700816434027,0.05157986761583614,0.8497324001646768,-0.08123748052526152,0.9173333333333333,-0.043115438108484005,0.9942196531791907,-0.002898550724637681,0.946571887181839,-0.02744728472140417,0.958217270194986,-0.021337126600284494,0.9745042492917847,-0.01291248206599713,0.9805225653206651,-0.009834492684096906,1.0935099337748344,0.04466658231051499,1.0871740848037925,0.04176656151419558,0.7770687525730754,-0.12544885902930616,0.8388888888888889,-0.08761329305135952,0.9092003853564548,-0.04755897565283209,0.8656271497362991,-0.07202556538839724,0.8762766945218199,-0.06594086354076457,0.8911709159584513,-0.05754587442266883,0.8966745843230404,-0.054477144646211645,0.9144864341085271,-0.04466658231051499,0.9942059520674217,-0.0029054410987849975,0.7815973651708522,-0.12258809936452918,0.8437777777777777,-0.08472942027238761,0.9144990366088632,-0.044659705623348846,0.8706718642513185,-0.06913459181171856,0.8813834726090993,-0.06304750154225787,0.8963644948064211,-0.054649570521598405,0.9019002375296912,-0.05157986761583614,0.9198158914728682,-0.04176656151419558,1.0058278145695365,0.0029054410987849975
751,709,990,1248,890,890,741,737,639,747,6/11/2025,9.73,0.7932692307692307,-0.11528150134048257,1.1123595505617978,0.05319148936170213,1.1123595505617978,0.05319148936170213,1.3360323886639676,0.1438474870017331,1.3432835820895523,0.1464968152866242,1.5492957746478873,0.2154696132596685,1.3253012048192772,0.13989637305699482,1.3182423435419441,0.1372774267662263,1.3963328631875882,0.16539140670982933,1.2606060606060605,0.11528150134048257,1.402247191011236,0.16744621141253507,1.402247191011236,0.16744621141253507,1.6842105263157894,0.2549019607843137,1.6933514246947083,0.25743073047858944,1.9530516431924883,0.32273449920508746,1.6706827309236947,0.2511278195488722,1.6617842876165114,0.24862431215607803,1.7602256699576868,0.2754215636177823,0.898989898989899,-0.05319148936170213,0.7131410256410257,-0.16744621141253507,1.0,0.0,1.2010796221322537,0.09135499693439608,1.2075983717774763,0.0940381069452981,1.3928012519561814,0.16415958142576847,1.1914323962516733,0.08735491753207086,1.18508655126498,0.08470444850700792,1.2552891396332864,0.1131957473420888,0.898989898989899,-0.05319148936170213,0.7131410256410257,-0.16744621141253507,1.0,0.0,1.2010796221322537,0.09135499693439608,1.2075983717774763,0.0940381069452981,1.3928012519561814,0.16415958142576847,1.1914323962516733,0.08735491753207086,1.18508655126498,0.08470444850700792,1.2552891396332864,0.1131957473420888,0.7484848484848485,-0.1438474870017331,0.59375,-0.2549019607843137,0.8325842696629213,-0.09135499693439608,0.8325842696629213,-0.09135499693439608,1.005427408412483,0.0027063599458728013,1.15962441314554,0.07391304347826087,0.9919678714859438,-0.004032258064516129,0.9866844207723036,-0.006702412868632708,1.0451339915373765,0.022068965517241378,0.7444444444444445,-0.1464968152866242,0.5905448717948718,-0.25743073047858944,0.8280898876404494,-0.0940381069452981,0.8280898876404494,-0.0940381069452981,0.9946018893387314,-0.0027063599458728013,1.1533646322378717,0.07122093023255814,0.9866131191432396,-0.006738544474393531,0.9813581890812251,-0.009408602150537635,1.0394922425952045,0.019363762102351315,0.6454545454545455,-0.2154696132596685,0.5120192307692307,-0.32273449920508746,0.7179775280898877,-0.16415958142576847,0.7179775280898877,-0.16415958142576847,0.8623481781376519,-0.07391304347826087,0.8670284938941656,-0.07122093023255814,0.8554216867469879,-0.07792207792207792,0.8508655126498003,-0.08057553956834532,0.9012693935119888,-0.05192878338278932,0.7545454545454545,-0.13989637305699482,0.5985576923076923,-0.2511278195488722,0.8393258426966292,-0.08735491753207086,0.8393258426966292,-0.08735491753207086,1.008097165991903,0.004032258064516129,1.0135685210312075,0.006738544474393531,1.1690140845070423,0.07792207792207792,0.9946737683089214,-0.0026702269692923898,1.0535966149506346,0.0260989010989011,0.7585858585858586,-0.1372774267662263,0.6017628205128205,-0.24862431215607803,0.8438202247191011,-0.08470444850700792,0.8438202247191011,-0.08470444850700792,1.0134952766531713,0.006702412868632708,1.0189959294436906,0.009408602150537635,1.1752738654147106,0.08057553956834532,1.0053547523427042,0.0026702269692923898,1.0592383638928067,0.028767123287671233,0.7161616161616161,-0.16539140670982933,0.5681089743589743,-0.2754215636177823,0.7966292134831461,-0.1131957473420888,0.7966292134831461,-0.1131957473420888,0.9568151147098516,-0.022068965517241378,0.9620081411126187,-0.019363762102351315,1.109546165884194,0.05192878338278932,0.9491298527443106,-0.0260989010989011,0.9440745672436751,-0.028767123287671233
886,802,1107,1343,1079,1069,919,912,841,917,6/16/2025,13.26,0.8242740134028295,-0.0963265306122449,1.025949953660797,0.012808783165599268,1.0355472404115997,0.017463235294117647,1.2045701849836778,0.09279368213228036,1.2138157894736843,0.09658246656760773,1.3162901307966706,0.13655030800821355,1.2071973827699018,0.09387351778656126,1.2494356659142212,0.11088810837932765,1.380299251870324,0.15976951283394447,1.2131887985546521,0.0963265306122449,1.2446709916589436,0.10900082576383155,1.2563143124415341,0.11359867330016583,1.4613710554951034,0.1874447391688771,1.4725877192982457,0.19113082039911308,1.5969084423305588,0.22985347985347984,1.4645583424209379,0.18849557522123894,1.5158013544018059,0.20502467474203678,1.674563591022444,0.2522144522144522,0.974706413730804,-0.012808783165599268,0.8034251675353685,-0.10900082576383155,1.0093545369504209,0.004655493482309125,1.1741022850924918,0.08008008008008008,1.1831140350877194,0.0838774485183325,1.2829964328180736,0.12395833333333334,1.1766630316248636,0.0811623246492986,1.2178329571106095,0.09821882951653944,1.3453865336658355,0.14726209463051568,0.9656729900632339,-0.017463235294117647,0.7959791511541325,-0.11359867330016583,0.9907321594068582,-0.004655493482309125,1.163220892274211,0.07545271629778671,1.1721491228070176,0.07925290257445734,1.2711058263971462,0.1193717277486911,1.1657579062159216,0.07653575025176233,1.2065462753950338,0.09360613810741689,1.332917705735661,0.14270443613041153,0.8301716350496838,-0.09279368213228036,0.684288905435592,-0.1874447391688771,0.8517145505097312,-0.08008008008008008,0.8596819457436857,-0.07545271629778671,1.0076754385964912,0.0038230475150191155,1.0927467300832343,0.04431818181818182,1.0021810250817884,0.0010893246187363835,1.0372460496613995,0.018282548476454295,1.1458852867830425,0.06798373038930854,0.8238482384823849,-0.09658246656760773,0.6790766939687267,-0.19113082039911308,0.845227062094532,-0.0838774485183325,0.8531337698783911,-0.07925290257445734,0.9923830250272034,-0.0038230475150191155,1.084423305588585,0.040501996577296064,0.9945474372955289,-0.002733734281027884,1.0293453724604966,0.014460511679644048,1.1371571072319202,0.06417736289381563,0.7597109304426377,-0.13655030800821355,0.6262099776619509,-0.22985347985347984,0.7794253938832252,-0.12395833333333334,0.7867165575304023,-0.1193717277486911,0.9151251360174102,-0.04431818181818182,0.9221491228070176,-0.040501996577296064,0.9171210468920392,-0.04323094425483504,0.9492099322799097,-0.02605674580196873,1.0486284289276808,0.023737066342057214,0.8283649503161699,-0.09387351778656126,0.6827997021593447,-0.18849557522123894,0.8498609823911029,-0.0811623246492986,0.8578110383536015,-0.07653575025176233,0.9978237214363439,-0.0010893246187363835,1.0054824561403508,0.002733734281027884,1.0903686087990487,0.04323094425483504,1.0349887133182845,0.017193566278424846,1.1433915211970074,0.06689936009307737,0.8003613369467028,-0.11088810837932765,0.659717051377513,-0.20502467474203678,0.8211306765523633,-0.09821882951653944,0.8288119738072965,-0.09360613810741689,0.9640914036996736,-0.018282548476454295,0.9714912280701754,-0.014460511679644048,1.0535077288941737,0.02605674580196873,0.9661941112322792,-0.017193566278424846,1.1047381546134662,0.04976303317535545,0.7244805781391147,-0.15976951283394447,0.5971705137751303,-0.2522144522144522,0.7432808155699722,-0.14726209463051568,0.7502338634237605,-0.14270443613041153,0.8726877040261154,-0.06798373038930854,0.8793859649122807,-0.06417736289381563,0.9536266349583828,-0.023737066342057214,0.8745910577971646,-0.06689936009307737,0.9051918735891648,-0.04976303317535545
476,448,675,837,627,621,523,502,440,515,7/11/2025,18.91,0.8064516129032258,-0.10714285714285714,1.076555023923445,0.03686635944700461,1.0869565217391304,0.041666666666666664,1.2906309751434035,0.12687813021702837,1.344621513944223,0.1469838572642311,1.5340909090909092,0.21076233183856502,1.3106796116504855,0.13445378151260504,1.4180672268907564,0.17289313640312773,1.5066964285714286,0.20213713268032057,1.24,0.10714285714285714,1.3349282296650717,0.14344262295081966,1.3478260869565217,0.14814814814814814,1.6003824091778203,0.23088235294117648,1.6673306772908367,0.2501867064973861,1.9022727272727273,0.31088488645262335,1.6252427184466018,0.23816568047337278,1.7584033613445378,0.27494287890327496,1.8683035714285714,0.3027237354085603,0.9288888888888889,-0.03686635944700461,0.7491039426523297,-0.14344262295081966,1.0096618357487923,0.004807692307692308,1.1988527724665392,0.09043478260869565,1.249003984063745,0.11071744906997343,1.425,0.17525773195876287,1.2174757281553399,0.09807355516637478,1.3172268907563025,0.13689936536718042,1.3995535714285714,0.16651162790697674,0.92,-0.041666666666666664,0.7419354838709677,-0.14814814814814814,0.9904306220095693,-0.004807692307692308,1.187380497131931,0.08566433566433566,1.2370517928286853,0.10596616206589493,1.4113636363636364,0.1705937794533459,1.2058252427184466,0.09330985915492958,1.3046218487394958,0.13217866909753875,1.3861607142857142,0.1618334892422825,0.7748148148148148,-0.12687813021702837,0.6248506571087217,-0.23088235294117648,0.8341307814992025,-0.09043478260869565,0.8421900161030595,-0.08566433566433566,1.0418326693227091,0.02048780487804878,1.1886363636363637,0.08618899273104881,1.0155339805825243,0.007707129094412331,1.0987394957983194,0.04704704704704705,1.1674107142857142,0.07723995880535531,0.7437037037037038,-0.1469838572642311,0.5997610513739546,-0.2501867064973861,0.8006379585326954,-0.11071744906997343,0.8083735909822867,-0.10596616206589493,0.9598470363288719,-0.02048780487804878,1.1409090909090909,0.06581740976645435,0.974757281553398,-0.012782694198623401,1.0546218487394958,0.026584867075664622,1.1205357142857142,0.056842105263157895,0.6518518518518519,-0.21076233183856502,0.5256869772998806,-0.31088488645262335,0.7017543859649122,-0.17525773195876287,0.7085346215780999,-0.1705937794533459,0.8413001912045889,-0.08618899273104881,0.8764940239043825,-0.06581740976645435,0.8543689320388349,-0.07853403141361257,0.9243697478991597,-0.039301310043668124,0.9821428571428571,-0.009009009009009009,0.762962962962963,-0.13445378151260504,0.6152927120669056,-0.23816568047337278,0.8213716108452951,-0.09807355516637478,0.8293075684380032,-0.09330985915492958,0.9847036328871893,-0.007707129094412331,1.0258964143426295,0.012782694198623401,1.1704545454545454,0.07853403141361257,1.0819327731092436,0.039354187689202826,1.1495535714285714,0.0695742471443406,0.7051851851851851,-0.17289313640312773,0.5686977299880526,-0.27494287890327496,0.759170653907496,-0.13689936536718042,0.7665056360708534,-0.13217866909753875,0.9101338432122371,-0.04704704704704705,0.9482071713147411,-0.026584867075664622,1.0818181818181818,0.039301310043668124,0.9242718446601942,-0.039354187689202826,1.0625,0.030303030303030304,0.6637037037037037,-0.20213713268032057,0.5352449223416965,-0.3027237354085603,0.7145135566188198,-0.16651162790697674,0.7214170692431562,-0.1618334892422825,0.8565965583173997,-0.07723995880535531,0.8924302788844621,-0.056842105263157895,1.018181818181818,0.009009009009009009,0.8699029126213592,-0.0695742471443406,0.9411764705882353,-0.030303030303030304
258,217,135,347,240,207,149,176,161,179,7/26/2025,24.29,0.38904899135446686,-0.43983402489626555,0.5625,-0.28,0.6521739130434783,-0.21052631578947367,0.9060402684563759,-0.04929577464788732,0.7670454545454546,-0.13183279742765272,0.8385093167701864,-0.08783783783783784,0.7541899441340782,-0.14012738853503184,0.5232558139534884,-0.31297709923664124,0.6221198156682027,-0.23295454545454544,2.5703703703703704,0.43983402489626555,1.4458333333333333,0.18228279386712096,1.6763285024154588,0.2527075812274368,2.3288590604026846,0.39919354838709675,1.9715909090909092,0.32695984703632885,2.1552795031055902,0.3661417322834646,1.9385474860335195,0.3193916349809886,1.3449612403100775,0.14710743801652892,1.599078341013825,0.23049645390070922,1.7777777777777777,0.28,0.69164265129683,-0.18228279386712096,1.1594202898550725,0.0738255033557047,1.610738255033557,0.23393316195372751,1.3636363636363635,0.15384615384615385,1.4906832298136645,0.1970074812967581,1.3407821229050279,0.14558472553699284,0.9302325581395349,-0.03614457831325301,1.1059907834101383,0.05032822757111598,1.5333333333333334,0.21052631578947367,0.5965417867435159,-0.2527075812274368,0.8625,-0.0738255033557047,1.389261744966443,0.16292134831460675,1.1761363636363635,0.08093994778067885,1.2857142857142858,0.125,1.1564245810055866,0.07253886010362694,0.8023255813953488,-0.10967741935483871,0.9539170506912442,-0.02358490566037736,1.1037037037037036,0.04929577464788732,0.42939481268011526,-0.39919354838709675,0.6208333333333333,-0.23393316195372751,0.7198067632850241,-0.16292134831460675,0.8465909090909091,-0.08307692307692308,0.9254658385093167,-0.03870967741935484,0.8324022346368715,-0.09146341463414634,0.5775193798449613,-0.2678132678132678,0.6866359447004609,-0.18579234972677597,1.3037037037037038,0.13183279742765272,0.5072046109510087,-0.32695984703632885,0.7333333333333333,-0.15384615384615385,0.8502415458937198,-0.08093994778067885,1.1812080536912752,0.08307692307692308,1.093167701863354,0.04451038575667656,0.9832402234636871,-0.008450704225352112,0.6821705426356589,-0.1889400921658986,0.8110599078341014,-0.10432569974554708,1.1925925925925926,0.08783783783783784,0.46397694524495675,-0.3661417322834646,0.6708333333333333,-0.1970074812967581,0.7777777777777778,-0.125,1.080536912751678,0.03870967741935484,0.9147727272727273,-0.04451038575667656,0.8994413407821229,-0.052941176470588235,0.624031007751938,-0.2315035799522673,0.7419354838709677,-0.14814814814814814,1.325925925925926,0.14012738853503184,0.515850144092219,-0.3193916349809886,0.7458333333333333,-0.14558472553699284,0.8647342995169082,-0.07253886010362694,1.2013422818791946,0.09146341463414634,1.0170454545454546,0.008450704225352112,1.1118012422360248,0.052941176470588235,0.6937984496124031,-0.18077803203661327,0.8248847926267281,-0.09595959595959595,1.9111111111111112,0.31297709923664124,0.7435158501440923,-0.14710743801652892,1.075,0.03614457831325301,1.2463768115942029,0.10967741935483871,1.7315436241610738,0.2678132678132678,1.4659090909090908,0.1889400921658986,1.6024844720496894,0.2315035799522673,1.441340782122905,0.18077803203661327,1.1889400921658986,0.0863157894736842,1.6074074074074074,0.23295454545454544,0.6253602305475504,-0.23049645390070922,0.9041666666666667,-0.05032822757111598,1.0483091787439613,0.02358490566037736,1.4563758389261745,0.18579234972677597,1.2329545454545454,0.10432569974554708,1.3478260869565217,0.14814814814814814,1.2122905027932962,0.09595959595959595,0.8410852713178295,-0.0863157894736842
104,78,207,395,237,232,125,120,69,117,7/28/2025,27.58,0.5240506329113924,-0.3122923588039867,0.8734177215189873,-0.06756756756756757,0.8922413793103449,-0.05694760820045558,1.656,0.2469879518072289,1.725,0.26605504587155965,3.0,0.5,1.7692307692307692,0.2777777777777778,1.9903846153846154,0.3311897106109325,2.6538461538461537,0.45263157894736844,1.9082125603864735,0.3122923588039867,1.6666666666666667,0.25,1.7025862068965518,0.25996810207336524,3.16,0.5192307692307693,3.2916666666666665,0.5339805825242718,5.72463768115942,0.7025862068965517,3.376068376068376,0.54296875,3.798076923076923,0.5831663326653307,5.064102564102564,0.6701902748414377,1.144927536231884,0.06756756756756757,0.6,-0.25,1.021551724137931,0.010660980810234541,1.896,0.30939226519337015,1.975,0.3277310924369748,3.4347826086956523,0.5490196078431373,2.0256410256410255,0.3389830508474576,2.2788461538461537,0.39002932551319647,3.0384615384615383,0.5047619047619047,1.1207729468599035,0.05694760820045558,0.5873417721518988,-0.25996810207336524,0.9789029535864979,-0.010660980810234541,1.856,0.29971988795518206,1.9333333333333333,0.3181818181818182,3.36231884057971,0.5415282392026578,1.982905982905983,0.32951289398280803,2.230769230769231,0.38095238095238093,2.9743589743589745,0.4967741935483871,0.6038647342995169,-0.2469879518072289,0.31645569620253167,-0.5192307692307693,0.5274261603375527,-0.30939226519337015,0.5387931034482759,-0.29971988795518206,1.0416666666666667,0.02040816326530612,1.8115942028985508,0.28865979381443296,1.0683760683760684,0.03305785123966942,1.2019230769230769,0.09170305676855896,1.6025641025641026,0.2315270935960591,0.5797101449275363,-0.26605504587155965,0.3037974683544304,-0.5339805825242718,0.5063291139240507,-0.3277310924369748,0.5172413793103449,-0.3181818181818182,0.96,-0.02040816326530612,1.7391304347826086,0.2698412698412698,1.0256410256410255,0.012658227848101266,1.1538461538461537,0.07142857142857142,1.5384615384615385,0.21212121212121213,0.3333333333333333,-0.5,0.17468354430379746,-0.7025862068965517,0.2911392405063291,-0.5490196078431373,0.2974137931034483,-0.5415282392026578,0.552,-0.28865979381443296,0.575,-0.2698412698412698,0.5897435897435898,-0.25806451612903225,0.6634615384615384,-0.2023121387283237,0.8846153846153846,-0.061224489795918366,0.5652173913043478,-0.2777777777777778,0.29620253164556964,-0.54296875,0.4936708860759494,-0.3389830508474576,0.5043103448275862,-0.32951289398280803,0.936,-0.03305785123966942,0.975,-0.012658227848101266,1.6956521739130435,0.25806451612903225,1.125,0.058823529411764705,1.5,0.2,0.5024154589371981,-0.3311897106109325,0.26329113924050634,-0.5831663326653307,0.4388185654008439,-0.39002932551319647,0.4482758620689655,-0.38095238095238093,0.832,-0.09170305676855896,0.8666666666666667,-0.07142857142857142,1.5072463768115942,0.2023121387283237,0.8888888888888888,-0.058823529411764705,1.3333333333333333,0.14285714285714285,0.37681159420289856,-0.45263157894736844,0.19746835443037974,-0.6701902748414377,0.3291139240506329,-0.5047619047619047,0.33620689655172414,-0.4967741935483871,0.624,-0.2315270935960591,0.65,-0.21212121212121213,1.1304347826086956,0.061224489795918366,0.6666666666666666,-0.2,0.75,-0.14285714285714285
151,127,276,377,240,285,122,143,130,136,7/31/2025,29.52,0.7320954907161804,-0.1546707503828484,1.15,0.06976744186046512,0.968421052631579,-0.016042780748663103,2.262295081967213,0.3869346733668342,1.93006993006993,0.31742243436754175,2.123076923076923,0.35960591133004927,2.0294117647058822,0.33980582524271846,1.8278145695364238,0.2927400468384075,2.173228346456693,0.369727047146402,1.3659420289855073,0.1546707503828484,1.5708333333333333,0.22204213938411668,1.3228070175438595,0.13897280966767372,3.0901639344262297,0.5110220440881763,2.6363636363636362,0.45,2.9,0.48717948717948717,2.7720588235294117,0.4697855750487329,2.4966887417218544,0.42803030303030304,2.968503937007874,0.49603174603174605,0.8695652173913043,-0.06976744186046512,0.636604774535809,-0.22204213938411668,0.8421052631578947,-0.08571428571428572,1.9672131147540983,0.3259668508287293,1.6783216783216783,0.25326370757180156,1.8461538461538463,0.2972972972972973,1.7647058823529411,0.2765957446808511,1.5894039735099337,0.22762148337595908,1.889763779527559,0.3079019073569482,1.0326086956521738,0.016042780748663103,0.7559681697612732,-0.13897280966767372,1.1875,0.08571428571428572,2.3360655737704916,0.4004914004914005,1.993006993006993,0.3317757009345794,2.1923076923076925,0.37349397590361444,2.0955882352941178,0.35391923990498814,1.8874172185430464,0.3073394495412844,2.2440944881889764,0.38349514563106796,0.4420289855072464,-0.3869346733668342,0.32360742705570295,-0.5110220440881763,0.5083333333333333,-0.3259668508287293,0.4280701754385965,-0.4004914004914005,0.8531468531468531,-0.07924528301886792,0.9384615384615385,-0.031746031746031744,0.8970588235294118,-0.05426356589147287,0.8079470198675497,-0.10622710622710622,0.9606299212598425,-0.020080321285140562,0.5181159420289855,-0.31742243436754175,0.3793103448275862,-0.45,0.5958333333333333,-0.25326370757180156,0.5017543859649123,-0.3317757009345794,1.1721311475409837,0.07924528301886792,1.1,0.047619047619047616,1.0514705882352942,0.025089605734767026,0.9470198675496688,-0.027210884353741496,1.125984251968504,0.05925925925925926,0.47101449275362317,-0.35960591133004927,0.3448275862068966,-0.48717948717948717,0.5416666666666666,-0.2972972972972973,0.45614035087719296,-0.37349397590361444,1.0655737704918034,0.031746031746031744,0.9090909090909091,-0.047619047619047616,0.9558823529411765,-0.022556390977443608,0.8609271523178808,-0.07473309608540925,1.0236220472440944,0.011673151750972763,0.4927536231884058,-0.33980582524271846,0.36074270557029176,-0.4697855750487329,0.5666666666666667,-0.2765957446808511,0.47719298245614034,-0.35391923990498814,1.1147540983606556,0.05426356589147287,0.951048951048951,-0.025089605734767026,1.0461538461538462,0.022556390977443608,0.9006622516556292,-0.05226480836236934,1.0708661417322836,0.034220532319391636,0.5471014492753623,-0.2927400468384075,0.4005305039787798,-0.42803030303030304,0.6291666666666667,-0.22762148337595908,0.5298245614035088,-0.3073394495412844,1.2377049180327868,0.10622710622710622,1.055944055944056,0.027210884353741496,1.1615384615384616,0.07473309608540925,1.1102941176470589,0.05226480836236934,1.188976377952756,0.08633093525179857,0.4601449275362319,-0.369727047146402,0.33687002652519893,-0.49603174603174605,0.5291666666666667,-0.3079019073569482,0.4456140350877193,-0.38349514563106796,1.040983606557377,0.020080321285140562,0.8881118881118881,-0.05925925925925926,0.9769230769230769,-0.011673151750972763,0.9338235294117647,-0.034220532319391636,0.8410596026490066,-0.08633093525179857
45,34,123,200,150,156,29,22,21,24,8/15/2025,55.43,0.615,-0.23839009287925697,0.82,-0.0989010989010989,0.7884615384615384,-0.11827956989247312,4.241379310344827,0.618421052631579,5.590909090909091,0.696551724137931,5.857142857142857,0.7083333333333334,5.125,0.673469387755102,2.7333333333333334,0.4642857142857143,3.6176470588235294,0.5668789808917197,1.6260162601626016,0.23839009287925697,1.3333333333333333,0.14285714285714285,1.2820512820512822,0.12359550561797752,6.896551724137931,0.7467248908296943,9.090909090909092,0.8018018018018018,9.523809523809524,0.8099547511312217,8.333333333333334,0.7857142857142857,4.444444444444445,0.6326530612244898,5.882352941176471,0.7094017094017094,1.2195121951219512,0.0989010989010989,0.75,-0.14285714285714285,0.9615384615384616,-0.0196078431372549,5.172413793103448,0.6759776536312849,6.818181818181818,0.7441860465116279,7.142857142857143,0.7543859649122807,6.25,0.7241379310344828,3.3333333333333335,0.5384615384615384,4.411764705882353,0.6304347826086957,1.2682926829268293,0.11827956989247312,0.78,-0.12359550561797752,1.04,0.0196078431372549,5.379310344827586,0.6864864864864865,7.090909090909091,0.7528089887640449,7.428571428571429,0.7627118644067796,6.5,0.7333333333333333,3.466666666666667,0.5522388059701493,4.588235294117647,0.6421052631578947,0.23577235772357724,-0.618421052631579,0.145,-0.7467248908296943,0.19333333333333333,-0.6759776536312849,0.1858974358974359,-0.6864864864864865,1.3181818181818181,0.13725490196078433,1.380952380952381,0.16,1.2083333333333333,0.09433962264150944,0.6444444444444445,-0.21621621621621623,0.8529411764705882,-0.07936507936507936,0.17886178861788618,-0.696551724137931,0.11,-0.8018018018018018,0.14666666666666667,-0.7441860465116279,0.14102564102564102,-0.7528089887640449,0.7586206896551724,-0.13725490196078433,1.0476190476190477,0.023255813953488372,0.9166666666666666,-0.043478260869565216,0.4888888888888889,-0.34328358208955223,0.6470588235294118,-0.21428571428571427,0.17073170731707318,-0.7083333333333334,0.105,-0.8099547511312217,0.14,-0.7543859649122807,0.1346153846153846,-0.7627118644067796,0.7241379310344828,-0.16,0.9545454545454546,-0.023255813953488372,0.875,-0.06666666666666667,0.4666666666666667,-0.36363636363636365,0.6176470588235294,-0.23636363636363636,0.1951219512195122,-0.673469387755102,0.12,-0.7857142857142857,0.16,-0.7241379310344828,0.15384615384615385,-0.7333333333333333,0.8275862068965517,-0.09433962264150944,1.0909090909090908,0.043478260869565216,1.1428571428571428,0.06666666666666667,0.5333333333333333,-0.30434782608695654,0.7058823529411765,-0.1724137931034483,0.36585365853658536,-0.4642857142857143,0.225,-0.6326530612244898,0.3,-0.5384615384615384,0.28846153846153844,-0.5522388059701493,1.5517241379310345,0.21621621621621623,2.0454545454545454,0.34328358208955223,2.142857142857143,0.36363636363636365,1.875,0.30434782608695654,1.3235294117647058,0.13924050632911392,0.2764227642276423,-0.5668789808917197,0.17,-0.7094017094017094,0.22666666666666666,-0.6304347826086957,0.21794871794871795,-0.6421052631578947,1.1724137931034482,0.07936507936507936,1.5454545454545454,0.21428571428571427,1.619047619047619,0.23636363636363636,1.4166666666666667,0.1724137931034483,0.7555555555555555,-0.13924050632911392
565,510,605,659,608,643,525,504,472,482,8/20/2025,39.27,0.9180576631259484,-0.04272151898734177,0.9950657894736842,-0.00247320692497939,0.9409020217729394,-0.030448717948717948,1.1523809523809523,0.07079646017699115,1.2003968253968254,0.09107303877366997,1.2817796610169492,0.12349117920148561,1.2551867219917012,0.11315547378104876,1.0707964601769913,0.03418803418803419,1.1862745098039216,0.08520179372197309,1.0892561983471074,0.04272151898734177,1.0838815789473684,0.04025256511444357,1.0248833592534992,0.01228878648233487,1.2552380952380953,0.11317567567567567,1.3075396825396826,0.13327601031814273,1.396186440677966,0.16534040671971706,1.3672199170124482,0.1551270815074496,1.1663716814159293,0.07679738562091504,1.2921568627450981,0.12745936698032506,1.0049586776859505,0.00247320692497939,0.9226100151745068,-0.04025256511444357,0.9455676516329704,-0.027977617905675458,1.158095238095238,0.07325684024713151,1.2063492063492063,0.09352517985611511,1.2881355932203389,0.1259259259259259,1.2614107883817427,0.11559633027522936,1.0761061946902655,0.03665814151747655,1.192156862745098,0.08765652951699464,1.062809917355372,0.030448717948717948,0.9757207890743551,-0.01228878648233487,1.0575657894736843,0.027977617905675458,1.2247619047619047,0.10102739726027397,1.2757936507936507,0.12118570183086312,1.3622881355932204,0.15336322869955157,1.33402489626556,0.1431111111111111,1.1380530973451328,0.06456953642384106,1.2607843137254902,0.11535125758889853,0.8677685950413223,-0.07079646017699115,0.7966616084977238,-0.11317567567567567,0.8634868421052632,-0.07325684024713151,0.8164852255054432,-0.10102739726027397,1.0416666666666667,0.02040816326530612,1.1122881355932204,0.05315947843530592,1.0892116182572613,0.04270109235352532,0.9292035398230089,-0.03669724770642202,1.0294117647058822,0.014492753623188406,0.8330578512396695,-0.09107303877366997,0.7647951441578149,-0.13327601031814273,0.8289473684210527,-0.09352517985611511,0.7838258164852255,-0.12118570183086312,0.96,-0.02040816326530612,1.0677966101694916,0.03278688524590164,1.045643153526971,0.02231237322515213,0.8920353982300885,-0.05706267539756782,0.9882352941176471,-0.005917159763313609,0.7801652892561983,-0.12349117920148561,0.716236722306525,-0.16534040671971706,0.7763157894736842,-0.1259259259259259,0.7340590979782271,-0.15336322869955157,0.8990476190476191,-0.05315947843530592,0.9365079365079365,-0.03278688524590164,0.979253112033195,-0.010482180293501049,0.8353982300884956,-0.08968177434908389,0.9254901960784314,-0.038696537678207736,0.7966942148760331,-0.11315547378104876,0.7314112291350531,-0.1551270815074496,0.7927631578947368,-0.11559633027522936,0.749611197511664,-0.1431111111111111,0.9180952380952381,-0.04270109235352532,0.9563492063492064,-0.02231237322515213,1.021186440677966,0.010482180293501049,0.8530973451327434,-0.07927411652340019,0.9450980392156862,-0.028225806451612902,0.9338842975206612,-0.03418803418803419,0.8573596358118362,-0.07679738562091504,0.9292763157894737,-0.03665814151747655,0.8786936236391913,-0.06456953642384106,1.0761904761904761,0.03669724770642202,1.121031746031746,0.05706267539756782,1.1970338983050848,0.08968177434908389,1.1721991701244814,0.07927411652340019,1.107843137254902,0.05116279069767442,0.8429752066115702,-0.08520179372197309,0.7738998482549317,-0.12745936698032506,0.8388157894736842,-0.08765652951699464,0.7931570762052877,-0.11535125758889853,0.9714285714285714,-0.014492753623188406,1.0119047619047619,0.005917159763313609,1.0805084745762712,0.038696537678207736,1.058091286307054,0.028225806451612902,0.9026548672566371,-0.05116279069767442
389,341,520,552,487,549,430,415,396,388,8/30/2025,75.96,0.9420289855072463,-0.029850746268656716,1.0677618069815196,0.03277060575968222,0.9471766848816029,-0.027128157156220765,1.2093023255813953,0.09473684210526316,1.2530120481927711,0.11229946524064172,1.3131313131313131,0.13537117903930132,1.3402061855670102,0.14537444933920704,1.3367609254498716,0.14411441144114412,1.5249266862170088,0.20789779326364694,1.0615384615384615,0.029850746268656716,1.1334702258726899,0.06256015399422522,1.005464480874317,0.0027247956403269754,1.283720930232558,0.12423625254582485,1.3301204819277108,0.14167528438469493,1.393939393939394,0.16455696202531644,1.422680412371134,0.17446808510638298,1.4190231362467867,0.17321997874601489,1.6187683284457477,0.23628219484882418,0.9365384615384615,-0.03277060575968222,0.8822463768115942,-0.06256015399422522,0.8870673952641166,-0.059845559845559844,1.1325581395348838,0.062159214830970554,1.1734939759036145,0.07982261640798226,1.22979797979798,0.10305775764439411,1.2551546391752577,0.11314285714285714,1.2519280205655527,0.11187214611872145,1.4281524926686218,0.17632850241545894,1.0557692307692308,0.027128157156220765,0.9945652173913043,-0.0027247956403269754,1.1273100616016427,0.059845559845559844,1.2767441860465116,0.12155260469867211,1.3228915662650602,0.13900414937759337,1.3863636363636365,0.1619047619047619,1.4149484536082475,0.1718249733191035,1.411311053984576,0.17057569296375266,1.6099706744868034,0.23370786516853934,0.8269230769230769,-0.09473684210526316,0.7789855072463768,-0.12423625254582485,0.8829568788501027,-0.062159214830970554,0.7832422586520947,-0.12155260469867211,1.036144578313253,0.01775147928994083,1.0858585858585859,0.04116222760290557,1.1082474226804124,0.05134474327628362,1.1053984575835476,0.050061050061050064,1.2609970674486803,0.11543450064850844,0.7980769230769231,-0.11229946524064172,0.7518115942028986,-0.14167528438469493,0.8521560574948666,-0.07982261640798226,0.75591985428051,-0.13900414937759337,0.9651162790697675,-0.01775147928994083,1.047979797979798,0.02342786683107275,1.0695876288659794,0.033623910336239106,1.0668380462724936,0.03233830845771144,1.217008797653959,0.09788359788359788,0.7615384615384615,-0.13537117903930132,0.717391304347826,-0.16455696202531644,0.813141683778234,-0.10305775764439411,0.7213114754098361,-0.1619047619047619,0.9209302325581395,-0.04116222760290557,0.9542168674698795,-0.02342786683107275,1.0206185567010309,0.01020408163265306,1.0179948586118253,0.008917197452229299,1.1612903225806452,0.07462686567164178,0.7461538461538462,-0.14537444933920704,0.7028985507246377,-0.17446808510638298,0.7967145790554415,-0.11314285714285714,0.7067395264116576,-0.1718249733191035,0.9023255813953488,-0.05134474327628362,0.9349397590361446,-0.033623910336239106,0.9797979797979798,-0.01020408163265306,0.9974293059125964,-0.001287001287001287,1.1378299120234605,0.0644718792866941,0.7480769230769231,-0.14411441144114412,0.7047101449275363,-0.17321997874601489,0.7987679671457906,-0.11187214611872145,0.7085610200364298,-0.17057569296375266,0.9046511627906977,-0.050061050061050064,0.9373493975903614,-0.03233830845771144,0.9823232323232324,-0.008917197452229299,1.0025773195876289,0.001287001287001287,1.1407624633431086,0.06575342465753424,0.6557692307692308,-0.20789779326364694,0.6177536231884058,-0.23628219484882418,0.7002053388090349,-0.17632850241545894,0.6211293260473588,-0.23370786516853934,0.7930232558139535,-0.11543450064850844,0.8216867469879519,-0.09788359788359788,0.8611111111111112,-0.07462686567164178,0.8788659793814433,-0.0644718792866941,0.8766066838046273,-0.06575342465753424
1365,1338,1463,1400,1357,1496,1441,1435,1495,1399,9/29/2025,95.02,1.045,0.022004889975550123,1.0781134856300663,0.0375886524822695,0.9779411764705882,-0.011152416356877323,1.015267175572519,0.007575757575757576,1.0195121951219512,0.00966183574879227,0.9785953177257525,-0.010818120351588911,1.045746962115797,0.02236198462613557,1.0717948717948718,0.034653465346534656,1.093423019431988,0.04462691895751517,0.9569377990430622,-0.022004889975550123,1.0316875460574797,0.015596663039535727,0.9358288770053476,-0.03314917127071823,0.9715475364330326,-0.014431538190777896,0.975609756097561,-0.012345679012345678,0.9364548494983278,-0.03281519861830743,1.0007147962830594,0.0003572704537334762,1.0256410256410255,0.012658227848101266,1.046337817638266,0.022644265887509132,0.9275461380724539,-0.0375886524822695,0.9692857142857143,-0.015596663039535727,0.9070855614973262,-0.048720644935155974,0.9417071478140181,-0.03002144388849178,0.9456445993031359,-0.027936962750716332,0.9076923076923077,-0.04838709677419355,0.9699785561115082,-0.015239477503628448,0.9941391941391942,-0.0029390154298310064,1.0142002989536623,0.007050092764378479,1.0225563909774436,0.011152416356877323,1.0685714285714285,0.03314917127071823,1.1024318349299926,0.048720644935155974,1.0381679389312977,0.018726591760299626,1.0425087108013937,0.020812009553053564,1.0006688963210701,0.00033433634236041456,1.0693352394567548,0.033506044905008636,1.095970695970696,0.04578818594896889,1.1180866965620329,0.05575158786167961,0.9849624060150376,-0.007575757575757576,1.0292857142857144,0.014431538190777896,1.0619012527634488,0.03002144388849178,0.9632352941176471,-0.018726591760299626,1.0041811846689896,0.002086230876216968,0.9638795986622074,-0.018392370572207085,1.0300214438884918,0.014788732394366197,1.0556776556776557,0.0270848182466144,1.0769805680119582,0.03706369197553076,0.9808612440191388,-0.00966183574879227,1.025,0.012345679012345678,1.0574797347089167,0.027936962750716332,0.9592245989304813,-0.020812009553053564,0.9958362248438585,-0.002086230876216968,0.959866220735786,-0.020477815699658702,1.0257326661901358,0.012702893436838392,1.0512820512820513,0.025,1.0724962630792227,0.03498016588532275,1.0218728639781272,0.010818120351588911,1.0678571428571428,0.03281519861830743,1.1016949152542372,0.04838709677419355,0.9993315508021391,-0.00033433634236041456,1.037473976405274,0.018392370572207085,1.0418118466898956,0.020477815699658702,1.0686204431736954,0.0331720801658604,1.0952380952380953,0.045454545454545456,1.117339312406577,0.0554182845040593,0.9562542720437457,-0.02236198462613557,0.9992857142857143,-0.0003572704537334762,1.0309506263817243,0.015239477503628448,0.9351604278074866,-0.033506044905008636,0.970853573907009,-0.014788732394366197,0.9749128919860627,-0.012702893436838392,0.9357859531772575,-0.0331720801658604,1.0249084249084248,0.012301013024602027,1.04559043348281,0.02228717573986116,0.9330143540669856,-0.034653465346534656,0.975,-0.012658227848101266,1.0058953574060427,0.0029390154298310064,0.9124331550802139,-0.04578818594896889,0.9472588480222068,-0.0270848182466144,0.9512195121951219,-0.025,0.9130434782608695,-0.045454545454545456,0.9756969263759828,-0.012301013024602027,1.0201793721973094,0.009988901220865706,0.9145591250854409,-0.04462691895751517,0.9557142857142857,-0.022644265887509132,0.9859985261606485,-0.007050092764378479,0.8943850267379679,-0.05575158786167961,0.9285218598195697,-0.03706369197553076,0.932404181184669,-0.03498016588532275,0.8949832775919733,-0.0554182845040593,0.956397426733381,-0.02228717573986116,0.9802197802197802,-0.009988901220865706
71,60,257,299,234,241,112,122,81,85,10/9/2025,66.21,0.8595317725752508,-0.07553956834532374,1.0982905982905984,0.04684317718940937,1.066390041493776,0.0321285140562249,2.294642857142857,0.39295392953929537,2.1065573770491803,0.3562005277044855,3.1728395061728394,0.5207100591715976,3.023529411764706,0.5029239766081871,3.619718309859155,0.5670731707317073,4.283333333333333,0.6214511041009464,1.1634241245136188,0.07553956834532374,1.2777777777777777,0.12195121951219512,1.2406639004149378,0.10740740740740741,2.669642857142857,0.45498783454987834,2.4508196721311477,0.42042755344418054,3.691358024691358,0.5736842105263158,3.5176470588235293,0.5572916666666666,4.211267605633803,0.6162162162162163,4.983333333333333,0.6657381615598886,0.9105058365758755,-0.04684317718940937,0.782608695652174,-0.12195121951219512,0.970954356846473,-0.014736842105263158,2.0892857142857144,0.35260115606936415,1.9180327868852458,0.3146067415730337,2.888888888888889,0.4857142857142857,2.7529411764705882,0.4670846394984326,3.295774647887324,0.5344262295081967,3.9,0.5918367346938775,0.9377431906614786,-0.0321285140562249,0.8060200668896321,-0.10740740740740741,1.0299145299145298,0.014736842105263158,2.1517857142857144,0.3654390934844193,1.9754098360655739,0.3278236914600551,2.9753086419753085,0.4968944099378882,2.835294117647059,0.4785276073619632,3.3943661971830985,0.5448717948717948,4.016666666666667,0.6013289036544851,0.4357976653696498,-0.39295392953929537,0.3745819397993311,-0.45498783454987834,0.47863247863247865,-0.35260115606936415,0.46473029045643155,-0.3654390934844193,0.9180327868852459,-0.042735042735042736,1.382716049382716,0.16062176165803108,1.3176470588235294,0.13705583756345177,1.5774647887323943,0.22404371584699453,1.8666666666666667,0.3023255813953488,0.47470817120622566,-0.3562005277044855,0.4080267558528428,-0.42042755344418054,0.5213675213675214,-0.3146067415730337,0.5062240663900415,-0.3278236914600551,1.0892857142857142,0.042735042735042736,1.5061728395061729,0.2019704433497537,1.4352941176470588,0.178743961352657,1.7183098591549295,0.26424870466321243,2.033333333333333,0.34065934065934067,0.3151750972762646,-0.5207100591715976,0.2709030100334448,-0.5736842105263158,0.34615384615384615,-0.4857142857142857,0.3360995850622407,-0.4968944099378882,0.7232142857142857,-0.16062176165803108,0.6639344262295082,-0.2019704433497537,0.9529411764705882,-0.024096385542168676,1.1408450704225352,0.06578947368421052,1.35,0.14893617021276595,0.33073929961089493,-0.5029239766081871,0.2842809364548495,-0.5572916666666666,0.36324786324786323,-0.4670846394984326,0.35269709543568467,-0.4785276073619632,0.7589285714285714,-0.13705583756345177,0.6967213114754098,-0.178743961352657,1.0493827160493827,0.024096385542168676,1.1971830985915493,0.08974358974358974,1.4166666666666667,0.1724137931034483,0.27626459143968873,-0.5670731707317073,0.23745819397993312,-0.6162162162162163,0.3034188034188034,-0.5344262295081967,0.2946058091286307,-0.5448717948717948,0.6339285714285714,-0.22404371584699453,0.5819672131147541,-0.26424870466321243,0.8765432098765432,-0.06578947368421052,0.8352941176470589,-0.08974358974358974,1.1833333333333333,0.08396946564885496,0.23346303501945526,-0.6214511041009464,0.20066889632107024,-0.6657381615598886,0.2564102564102564,-0.5918367346938775,0.24896265560165975,-0.6013289036544851,0.5357142857142857,-0.3023255813953488,0.4918032786885246,-0.34065934065934067,0.7407407407407407,-0.14893617021276595,0.7058823529411765,-0.1724137931034483,0.8450704225352113,-0.08396946564885496
79,63,131,226,204,191,71,65,66,57,10/14/2025,74.58,0.5796460176991151,-0.2661064425770308,0.6421568627450981,-0.21791044776119403,0.6858638743455497,-0.18633540372670807,1.8450704225352113,0.297029702970297,2.0153846153846153,0.336734693877551,1.9848484848484849,0.3299492385786802,2.2982456140350878,0.39361702127659576,1.6582278481012658,0.24761904761904763,2.0793650793650795,0.35051546391752575,1.7251908396946565,0.2661064425770308,1.107843137254902,0.05116279069767442,1.1832460732984293,0.08393285371702638,3.183098591549296,0.5218855218855218,3.476923076923077,0.5532646048109966,3.4242424242424243,0.547945205479452,3.9649122807017543,0.5971731448763251,2.8607594936708862,0.4819672131147541,3.5873015873015874,0.5640138408304498,1.5572519083969465,0.21791044776119403,0.9026548672566371,-0.05116279069767442,1.068062827225131,0.03291139240506329,2.8732394366197185,0.48363636363636364,3.1384615384615384,0.516728624535316,3.090909090909091,0.5111111111111111,3.5789473684210527,0.5632183908045977,2.5822784810126582,0.4416961130742049,3.238095238095238,0.5280898876404494,1.4580152671755726,0.18633540372670807,0.8451327433628318,-0.08393285371702638,0.9362745098039216,-0.03291139240506329,2.6901408450704225,0.4580152671755725,2.9384615384615387,0.4921875,2.893939393939394,0.48638132295719844,3.3508771929824563,0.5403225806451613,2.4177215189873418,0.4148148148148148,3.0317460317460316,0.5039370078740157,0.5419847328244275,-0.297029702970297,0.3141592920353982,-0.5218855218855218,0.3480392156862745,-0.48363636363636364,0.3717277486910995,-0.4580152671755725,1.0923076923076922,0.04411764705882353,1.0757575757575757,0.0364963503649635,1.2456140350877194,0.109375,0.8987341772151899,-0.05333333333333334,1.126984126984127,0.05970149253731343,0.4961832061068702,-0.336734693877551,0.28761061946902655,-0.5532646048109966,0.31862745098039214,-0.516728624535316,0.3403141361256545,-0.4921875,0.9154929577464789,-0.04411764705882353,0.9848484848484849,-0.007633587786259542,1.1403508771929824,0.06557377049180328,0.8227848101265823,-0.09722222222222222,1.0317460317460319,0.015625,0.5038167938931297,-0.3299492385786802,0.2920353982300885,-0.547945205479452,0.3235294117647059,-0.5111111111111111,0.34554973821989526,-0.48638132295719844,0.9295774647887324,-0.0364963503649635,1.0153846153846153,0.007633587786259542,1.1578947368421053,0.07317073170731707,0.8354430379746836,-0.0896551724137931,1.0476190476190477,0.023255813953488372,0.4351145038167939,-0.39361702127659576,0.252212389380531,-0.5971731448763251,0.27941176470588236,-0.5632183908045977,0.29842931937172773,-0.5403225806451613,0.8028169014084507,-0.109375,0.8769230769230769,-0.06557377049180328,0.8636363636363636,-0.07317073170731707,0.7215189873417721,-0.16176470588235295,0.9047619047619048,-0.05,0.6030534351145038,-0.24761904761904763,0.3495575221238938,-0.4819672131147541,0.3872549019607843,-0.4416961130742049,0.41361256544502617,-0.4148148148148148,1.1126760563380282,0.05333333333333334,1.2153846153846153,0.09722222222222222,1.196969696969697,0.0896551724137931,1.3859649122807018,0.16176470588235295,1.253968253968254,0.11267605633802817,0.48091603053435117,-0.35051546391752575,0.27876106194690264,-0.5640138408304498,0.3088235294117647,-0.5280898876404494,0.3298429319371728,-0.5039370078740157,0.8873239436619719,-0.05970149253731343,0.9692307692307692,-0.015625,0.9545454545454546,-0.023255813953488372,1.105263157894737,0.05,0.7974683544303798,-0.11267605633802817
44,51,52,112,106,104,3,28,19,22,10/16/2025,74.88,0.4642857142857143,-0.36585365853658536,0.49056603773584906,-0.34177215189873417,0.5,-0.3333333333333333,17.333333333333332,0.8909090909090909,1.8571428571428572,0.3,2.736842105263158,0.4647887323943662,2.3636363636363638,0.40540540540540543,1.1818181818181819,0.08333333333333333,1.0196078431372548,0.009708737864077669,2.1538461538461537,0.36585365853658536,1.0566037735849056,0.027522935779816515,1.0769230769230769,0.037037037037037035,37.333333333333336,0.9478260869565217,4.0,0.6,5.894736842105263,0.7099236641221374,5.090909090909091,0.6716417910447762,2.5454545454545454,0.4358974358974359,2.196078431372549,0.37423312883435583,2.0384615384615383,0.34177215189873417,0.9464285714285714,-0.027522935779816515,1.0192307692307692,0.009523809523809525,35.333333333333336,0.944954128440367,3.7857142857142856,0.582089552238806,5.578947368421052,0.696,4.818181818181818,0.65625,2.409090909090909,0.41333333333333333,2.0784313725490198,0.3503184713375796,2.0,0.3333333333333333,0.9285714285714286,-0.037037037037037035,0.9811320754716981,-0.009523809523809525,34.666666666666664,0.9439252336448598,3.7142857142857144,0.5757575757575758,5.473684210526316,0.6910569105691057,4.7272727272727275,0.6507936507936508,2.3636363636363638,0.40540540540540543,2.0392156862745097,0.3419354838709677,0.057692307692307696,-0.8909090909090909,0.026785714285714284,-0.9478260869565217,0.02830188679245283,-0.944954128440367,0.028846153846153848,-0.9439252336448598,0.10714285714285714,-0.8064516129032258,0.15789473684210525,-0.7272727272727273,0.13636363636363635,-0.76,0.06818181818181818,-0.8723404255319149,0.058823529411764705,-0.8888888888888888,0.5384615384615384,-0.3,0.25,-0.6,0.2641509433962264,-0.582089552238806,0.2692307692307692,-0.5757575757575758,9.333333333333334,0.8064516129032258,1.4736842105263157,0.19148936170212766,1.2727272727272727,0.12,0.6363636363636364,-0.2222222222222222,0.5490196078431373,-0.2911392405063291,0.36538461538461536,-0.4647887323943662,0.16964285714285715,-0.7099236641221374,0.1792452830188679,-0.696,0.18269230769230768,-0.6910569105691057,6.333333333333333,0.7272727272727273,0.6785714285714286,-0.19148936170212766,0.8636363636363636,-0.07317073170731707,0.4318181818181818,-0.3968253968253968,0.37254901960784315,-0.45714285714285713,0.4230769230769231,-0.40540540540540543,0.19642857142857142,-0.6716417910447762,0.20754716981132076,-0.65625,0.21153846153846154,-0.6507936507936508,7.333333333333333,0.76,0.7857142857142857,-0.12,1.1578947368421053,0.07317073170731707,0.5,-0.3333333333333333,0.43137254901960786,-0.3972602739726027,0.8461538461538461,-0.08333333333333333,0.39285714285714285,-0.4358974358974359,0.41509433962264153,-0.41333333333333333,0.4230769230769231,-0.40540540540540543,14.666666666666666,0.8723404255319149,1.5714285714285714,0.2222222222222222,2.3157894736842106,0.3968253968253968,2.0,0.3333333333333333,0.8627450980392157,-0.07368421052631578,0.9807692307692307,-0.009708737864077669,0.45535714285714285,-0.37423312883435583,0.4811320754716981,-0.3503184713375796,0.49038461538461536,-0.3419354838709677,17.0,0.8888888888888888,1.8214285714285714,0.2911392405063291,2.6842105263157894,0.45714285714285713,2.3181818181818183,0.3972602739726027,1.1590909090909092,0.07368421052631578
60,46,94,232,169,166,26,21,27,31,10/24/2025,60.81,0.4051724137931034,-0.4233128834355828,0.5562130177514792,-0.28517110266159695,0.5662650602409639,-0.27692307692307694,3.6153846153846154,0.5666666666666667,4.476190476190476,0.6347826086956522,3.4814814814814814,0.5537190082644629,3.032258064516129,0.504,1.5666666666666667,0.22077922077922077,2.0434782608695654,0.34285714285714286,2.4680851063829787,0.4233128834355828,1.3727810650887573,0.1571072319201995,1.3975903614457832,0.1658291457286432,8.923076923076923,0.7984496124031008,11.047619047619047,0.83399209486166,8.592592592592593,0.7915057915057915,7.483870967741935,0.7642585551330798,3.8666666666666667,0.589041095890411,5.043478260869565,0.6690647482014388,1.797872340425532,0.28517110266159695,0.728448275862069,-0.1571072319201995,1.0180722891566265,0.008955223880597015,6.5,0.7333333333333333,8.047619047619047,0.7789473684210526,6.2592592592592595,0.7244897959183674,5.451612903225806,0.69,2.816666666666667,0.4759825327510917,3.6739130434782608,0.5720930232558139,1.7659574468085106,0.27692307692307694,0.7155172413793104,-0.1658291457286432,0.9822485207100592,-0.008955223880597015,6.384615384615385,0.7291666666666666,7.904761904761905,0.7754010695187166,6.148148148148148,0.7202072538860104,5.354838709677419,0.6852791878172588,2.7666666666666666,0.4690265486725664,3.608695652173913,0.5660377358490566,0.2765957446808511,-0.5666666666666667,0.11206896551724138,-0.7984496124031008,0.15384615384615385,-0.7333333333333333,0.1566265060240964,-0.7291666666666666,1.2380952380952381,0.10638297872340426,0.9629629629629629,-0.018867924528301886,0.8387096774193549,-0.08771929824561403,0.43333333333333335,-0.3953488372093023,0.5652173913043478,-0.2777777777777778,0.22340425531914893,-0.6347826086956522,0.09051724137931035,-0.83399209486166,0.1242603550295858,-0.7789473684210526,0.12650602409638553,-0.7754010695187166,0.8076923076923077,-0.10638297872340426,0.7777777777777778,-0.125,0.6774193548387096,-0.19230769230769232,0.35,-0.48148148148148145,0.45652173913043476,-0.373134328358209,0.2872340425531915,-0.5537190082644629,0.11637931034482758,-0.7915057915057915,0.15976331360946747,-0.7244897959183674,0.16265060240963855,-0.7202072538860104,1.0384615384615385,0.018867924528301886,1.2857142857142858,0.125,0.8709677419354839,-0.06896551724137931,0.45,-0.3793103448275862,0.5869565217391305,-0.2602739726027397,0.32978723404255317,-0.504,0.1336206896551724,-0.7642585551330798,0.1834319526627219,-0.69,0.18674698795180722,-0.6852791878172588,1.1923076923076923,0.08771929824561403,1.4761904761904763,0.19230769230769232,1.1481481481481481,0.06896551724137931,0.5166666666666667,-0.31868131868131866,0.6739130434782609,-0.19480519480519481,0.6382978723404256,-0.22077922077922077,0.25862068965517243,-0.589041095890411,0.35502958579881655,-0.4759825327510917,0.3614457831325301,-0.4690265486725664,2.3076923076923075,0.3953488372093023,2.857142857142857,0.48148148148148145,2.2222222222222223,0.3793103448275862,1.935483870967742,0.31868131868131866,1.3043478260869565,0.1320754716981132,0.48936170212765956,-0.34285714285714286,0.19827586206896552,-0.6690647482014388,0.27218934911242604,-0.5720930232558139,0.27710843373493976,-0.5660377358490566,1.7692307692307692,0.2777777777777778,2.1904761904761907,0.373134328358209,1.7037037037037037,0.2602739726027397,1.4838709677419355,0.19480519480519481,0.7666666666666667,-0.1320754716981132
46,35,95,226,128,84,12,15,5,13,11/3/2025,51.89,0.42035398230088494,-0.40809968847352024,0.7421875,-0.14798206278026907,1.130952380952381,0.061452513966480445,7.916666666666667,0.7757009345794392,6.333333333333333,0.7272727272727273,19.0,0.9,7.3076923076923075,0.7592592592592593,2.0652173913043477,0.3475177304964539,2.7142857142857144,0.46153846153846156,2.3789473684210525,0.40809968847352024,1.765625,0.2768361581920904,2.6904761904761907,0.45806451612903226,18.833333333333332,0.8991596638655462,15.066666666666666,0.8755186721991701,45.2,0.9567099567099567,17.384615384615383,0.891213389121339,4.913043478260869,0.6617647058823529,6.457142857142857,0.7318007662835249,1.3473684210526315,0.14798206278026907,0.5663716814159292,-0.2768361581920904,1.5238095238095237,0.20754716981132076,10.666666666666666,0.8285714285714286,8.533333333333333,0.7902097902097902,25.6,0.924812030075188,9.846153846153847,0.8156028368794326,2.782608695652174,0.47126436781609193,3.657142857142857,0.5705521472392638,0.8842105263157894,-0.061452513966480445,0.37168141592920356,-0.45806451612903226,0.65625,-0.20754716981132076,7.0,0.75,5.6,0.696969696969697,16.8,0.8876404494382022,6.461538461538462,0.7319587628865979,1.826086956521739,0.2923076923076923,2.4,0.4117647058823529,0.12631578947368421,-0.7757009345794392,0.05309734513274336,-0.8991596638655462,0.09375,-0.8285714285714286,0.14285714285714285,-0.75,0.8,-0.1111111111111111,2.4,0.4117647058823529,0.9230769230769231,-0.04,0.2608695652173913,-0.5862068965517241,0.34285714285714286,-0.48936170212765956,0.15789473684210525,-0.7272727272727273,0.06637168141592921,-0.8755186721991701,0.1171875,-0.7902097902097902,0.17857142857142858,-0.696969696969697,1.25,0.1111111111111111,3.0,0.5,1.1538461538461537,0.07142857142857142,0.32608695652173914,-0.5081967213114754,0.42857142857142855,-0.4,0.05263157894736842,-0.9,0.022123893805309734,-0.9567099567099567,0.0390625,-0.924812030075188,0.05952380952380952,-0.8876404494382022,0.4166666666666667,-0.4117647058823529,0.3333333333333333,-0.5,0.38461538461538464,-0.4444444444444444,0.10869565217391304,-0.803921568627451,0.14285714285714285,-0.75,0.1368421052631579,-0.7592592592592593,0.05752212389380531,-0.891213389121339,0.1015625,-0.8156028368794326,0.15476190476190477,-0.7319587628865979,1.0833333333333333,0.04,0.8666666666666667,-0.07142857142857142,2.6,0.4444444444444444,0.2826086956521739,-0.559322033898305,0.37142857142857144,-0.4583333333333333,0.4842105263157895,-0.3475177304964539,0.20353982300884957,-0.6617647058823529,0.359375,-0.47126436781609193,0.5476190476190477,-0.2923076923076923,3.8333333333333335,0.5862068965517241,3.066666666666667,0.5081967213114754,9.2,0.803921568627451,3.5384615384615383,0.559322033898305,1.3142857142857143,0.13580246913580246,0.3684210526315789,-0.46153846153846156,0.15486725663716813,-0.7318007662835249,0.2734375,-0.5705521472392638,0.4166666666666667,-0.4117647058823529,2.9166666666666665,0.48936170212765956,2.3333333333333335,0.4,7.0,0.75,2.6923076923076925,0.4583333333333333,0.7608695652173914,-0.13580246913580246
37,34,228,465,245,175,6,7,5,6,12/15/2025,42.29,0.49032258064516127,-0.341991341991342,0.9306122448979591,-0.035940803382663845,1.302857142857143,0.1315136476426799,38.0,0.9487179487179487,32.57142857142857,0.9404255319148936,45.6,0.9570815450643777,38.0,0.9487179487179487,6.162162162162162,0.720754716981132,6.705882352941177,0.7404580152671756,2.039473684210526,0.341991341991342,1.8979591836734695,0.30985915492957744,2.657142857142857,0.453125,77.5,0.9745222929936306,66.42857142857143,0.9703389830508474,93.0,0.9787234042553191,77.5,0.9745222929936306,12.567567567567568,0.852589641434263,13.676470588235293,0.8637274549098196,1.0745614035087718,0.035940803382663845,0.5268817204301075,-0.30985915492957744,1.4,0.16666666666666666,40.833333333333336,0.952191235059761,35.0,0.9444444444444444,49.0,0.96,40.833333333333336,0.952191235059761,6.621621621621622,0.7375886524822695,7.205882352941177,0.7562724014336918,0.7675438596491229,-0.1315136476426799,0.3763440860215054,-0.453125,0.7142857142857143,-0.16666666666666666,29.166666666666668,0.9337016574585635,25.0,0.9230769230769231,35.0,0.9444444444444444,29.166666666666668,0.9337016574585635,4.72972972972973,0.6509433962264151,5.147058823529412,0.6746411483253588,0.02631578947368421,-0.9487179487179487,0.012903225806451613,-0.9745222929936306,0.024489795918367346,-0.952191235059761,0.03428571428571429,-0.9337016574585635,0.8571428571428571,-0.07692307692307693,1.2,0.09090909090909091,1.0,0.0,0.16216216216216217,-0.7209302325581395,0.17647058823529413,-0.7,0.03070175438596491,-0.9404255319148936,0.015053763440860216,-0.9703389830508474,0.02857142857142857,-0.9444444444444444,0.04,-0.9230769230769231,1.1666666666666667,0.07692307692307693,1.4,0.16666666666666666,1.1666666666666667,0.07692307692307693,0.1891891891891892,-0.6818181818181818,0.20588235294117646,-0.6585365853658537,0.021929824561403508,-0.9570815450643777,0.010752688172043012,-0.9787234042553191,0.02040816326530612,-0.96,0.02857142857142857,-0.9444444444444444,0.8333333333333334,-0.09090909090909091,0.7142857142857143,-0.16666666666666666,0.8333333333333334,-0.09090909090909091,0.13513513513513514,-0.7619047619047619,0.14705882352941177,-0.7435897435897436,0.02631578947368421,-0.9487179487179487,0.012903225806451613,-0.9745222929936306,0.024489795918367346,-0.952191235059761,0.03428571428571429,-0.9337016574585635,1.0,0.0,0.8571428571428571,-0.07692307692307693,1.2,0.09090909090909091,0.16216216216216217,-0.7209302325581395,0.17647058823529413,-0.7,0.16228070175438597,-0.720754716981132,0.07956989247311828,-0.852589641434263,0.1510204081632653,-0.7375886524822695,0.21142857142857144,-0.6509433962264151,6.166666666666667,0.7209302325581395,5.285714285714286,0.6818181818181818,7.4,0.7619047619047619,6.166666666666667,0.7209302325581395,1.088235294117647,0.04225352112676056,0.14912280701754385,-0.7404580152671756,0.07311827956989247,-0.8637274549098196,0.13877551020408163,-0.7562724014336918,0.19428571428571428,-0.6746411483253588,5.666666666666667,0.7,4.857142857142857,0.6585365853658537,6.8,0.7435897435897436,5.666666666666667,0.7,0.918918918918919,-0.04225352112676056
81,65,230,520,296,228,17,36,31,40,12/23/2025,42.14,0.4423076923076923,-0.38666666666666666,0.777027027027027,-0.12547528517110265,1.0087719298245614,0.004366812227074236,13.529411764705882,0.8623481781376519,6.388888888888889,0.7293233082706767,7.419354838709677,0.7624521072796935,5.75,0.7037037037037037,2.8395061728395063,0.4790996784565916,3.5384615384615383,0.559322033898305,2.260869565217391,0.38666666666666666,1.7567567567567568,0.27450980392156865,2.280701754385965,0.39037433155080214,30.58823529411765,0.9366852886405959,14.444444444444445,0.8705035971223022,16.774193548387096,0.8874773139745916,13.0,0.8571428571428571,6.419753086419753,0.7304492512479202,8.0,0.7777777777777778,1.2869565217391303,0.12547528517110265,0.5692307692307692,-0.27450980392156865,1.2982456140350878,0.1297709923664122,17.41176470588235,0.8913738019169329,8.222222222222221,0.7831325301204819,9.548387096774194,0.8103975535168195,7.4,0.7619047619047619,3.654320987654321,0.5702917771883289,4.553846153846154,0.6398891966759003,0.991304347826087,-0.004366812227074236,0.43846153846153846,-0.39037433155080214,0.7702702702702703,-0.1297709923664122,13.411764705882353,0.8612244897959184,6.333333333333333,0.7272727272727273,7.354838709677419,0.7606177606177607,5.7,0.7014925373134329,2.814814814814815,0.47572815533980584,3.5076923076923077,0.5563139931740614,0.07391304347826087,-0.8623481781376519,0.032692307692307694,-0.9366852886405959,0.057432432432432436,-0.8913738019169329,0.07456140350877193,-0.8612244897959184,0.4722222222222222,-0.3584905660377358,0.5483870967741935,-0.2916666666666667,0.425,-0.40350877192982454,0.20987654320987653,-0.6530612244897959,0.26153846153846155,-0.5853658536585366,0.1565217391304348,-0.7293233082706767,0.06923076923076923,-0.8705035971223022,0.12162162162162163,-0.7831325301204819,0.15789473684210525,-0.7272727272727273,2.1176470588235294,0.3584905660377358,1.1612903225806452,0.07462686567164178,0.9,-0.05263157894736842,0.4444444444444444,-0.38461538461538464,0.5538461538461539,-0.2871287128712871,0.13478260869565217,-0.7624521072796935,0.05961538461538462,-0.8874773139745916,0.10472972972972973,-0.8103975535168195,0.13596491228070176,-0.7606177606177607,1.8235294117647058,0.2916666666666667,0.8611111111111112,-0.07462686567164178,0.775,-0.1267605633802817,0.38271604938271603,-0.44642857142857145,0.47692307692307695,-0.3541666666666667,0.17391304347826086,-0.7037037037037037,0.07692307692307693,-0.8571428571428571,0.13513513513513514,-0.7619047619047619,0.17543859649122806,-0.7014925373134329,2.3529411764705883,0.40350877192982454,1.1111111111111112,0.05263157894736842,1.2903225806451613,0.1267605633802817,0.49382716049382713,-0.33884297520661155,0.6153846153846154,-0.23809523809523808,0.3521739130434783,-0.4790996784565916,0.15576923076923077,-0.7304492512479202,0.27364864864864863,-0.5702917771883289,0.35526315789473684,-0.47572815533980584,4.764705882352941,0.6530612244897959,2.25,0.38461538461538464,2.6129032258064515,0.44642857142857145,2.025,0.33884297520661155,1.2461538461538462,0.1095890410958904,0.2826086956521739,-0.559322033898305,0.125,-0.7777777777777778,0.2195945945945946,-0.6398891966759003,0.2850877192982456,-0.5563139931740614,3.823529411764706,0.5853658536585366,1.8055555555555556,0.2871287128712871,2.096774193548387,0.3541666666666667,1.625,0.23809523809523808,0.8024691358024691,-0.1095890410958904
294,468,246,494,279,315,244,280,316,348,1/4/2026,35.38,0.4979757085020243,-0.33513513513513515,0.8817204301075269,-0.06285714285714286,0.780952380952381,-0.12299465240641712,1.0081967213114753,0.004081632653061225,0.8785714285714286,-0.06463878326996197,0.7784810126582279,-0.12455516014234876,0.7068965517241379,-0.1717171717171717,0.8367346938775511,-0.08888888888888889,0.5256410256410257,-0.31092436974789917,2.008130081300813,0.33513513513513515,1.7706093189964158,0.278137128072445,1.5682539682539682,0.22126081582200247,2.0245901639344264,0.33875338753387535,1.7642857142857142,0.27648578811369506,1.5632911392405062,0.21975308641975308,1.4195402298850575,0.17339667458432304,1.6802721088435375,0.25380710659898476,1.0555555555555556,0.02702702702702703,1.1341463414634145,0.06285714285714286,0.5647773279352226,-0.278137128072445,0.8857142857142857,-0.06060606060606061,1.1434426229508197,0.06692160611854685,0.9964285714285714,-0.0017889087656529517,0.8829113924050633,-0.06218487394957983,0.8017241379310345,-0.11004784688995216,0.9489795918367347,-0.02617801047120419,0.5961538461538461,-0.25301204819277107,1.2804878048780488,0.12299465240641712,0.6376518218623481,-0.22126081582200247,1.1290322580645162,0.06060606060606061,1.290983606557377,0.12701252236135957,1.125,0.058823529411764705,0.9968354430379747,-0.001584786053882726,0.9051724137931034,-0.049773755656108594,1.0714285714285714,0.034482758620689655,0.6730769230769231,-0.19540229885057472,0.991869918699187,-0.004081632653061225,0.4939271255060729,-0.33875338753387535,0.8745519713261649,-0.06692160611854685,0.7746031746031746,-0.12701252236135957,0.8714285714285714,-0.06870229007633588,0.7721518987341772,-0.12857142857142856,0.7011494252873564,-0.17567567567567569,0.8299319727891157,-0.09293680297397769,0.5213675213675214,-0.3146067415730337,1.1382113821138211,0.06463878326996197,0.5668016194331984,-0.27648578811369506,1.003584229390681,0.0017889087656529517,0.8888888888888888,-0.058823529411764705,1.1475409836065573,0.06870229007633588,0.8860759493670886,-0.06040268456375839,0.8045977011494253,-0.10828025477707007,0.9523809523809523,-0.024390243902439025,0.5982905982905983,-0.25133689839572193,1.2845528455284554,0.12455516014234876,0.6396761133603239,-0.21975308641975308,1.1326164874551972,0.06218487394957983,1.0031746031746032,0.001584786053882726,1.2950819672131149,0.12857142857142856,1.1285714285714286,0.06040268456375839,0.9080459770114943,-0.04819277108433735,1.0748299319727892,0.036065573770491806,0.6752136752136753,-0.19387755102040816,1.4146341463414633,0.1717171717171717,0.7044534412955465,-0.17339667458432304,1.2473118279569892,0.11004784688995216,1.1047619047619048,0.049773755656108594,1.4262295081967213,0.17567567567567569,1.2428571428571429,0.10828025477707007,1.1012658227848102,0.04819277108433735,1.183673469387755,0.08411214953271028,0.7435897435897436,-0.14705882352941177,1.1951219512195121,0.08888888888888889,0.5951417004048583,-0.25380710659898476,1.053763440860215,0.02617801047120419,0.9333333333333333,-0.034482758620689655,1.2049180327868851,0.09293680297397769,1.05,0.024390243902439025,0.930379746835443,-0.036065573770491806,0.8448275862068966,-0.08411214953271028,0.6282051282051282,-0.2283464566929134,1.9024390243902438,0.31092436974789917,0.9473684210526315,-0.02702702702702703,1.6774193548387097,0.25301204819277107,1.4857142857142858,0.19540229885057472,1.9180327868852458,0.3146067415730337,1.6714285714285715,0.25133689839572193,1.481012658227848,0.19387755102040816,1.3448275862068966,0.14705882352941177,1.5918367346938775,0.2283464566929134
22,17,619,832,483,364,43,43,38,9,1/27/2026,32.36,0.7439903846153846,-0.14679531357684356,1.2815734989648033,0.12341197822141561,1.7005494505494505,0.25940996948118006,14.395348837209303,0.8700906344410876,14.395348837209303,0.8700906344410876,16.289473684210527,0.8843226788432268,68.77777777777777,0.9713375796178344,28.136363636363637,0.9313572542901716,36.411764705882355,0.9465408805031447,1.3441033925686592,0.14679531357684356,1.7225672877846792,0.26539923954372624,2.2857142857142856,0.391304347826087,19.348837209302324,0.9017142857142857,19.348837209302324,0.9017142857142857,21.894736842105264,0.9126436781609195,92.44444444444444,0.9785969084423306,37.81818181818182,0.9484777517564403,48.94117647058823,0.9599528857479388,0.7802907915993538,-0.12341197822141561,0.5805288461538461,-0.26539923954372624,1.3269230769230769,0.14049586776859505,11.232558139534884,0.8365019011406845,11.232558139534884,0.8365019011406845,12.710526315789474,0.8541266794625719,53.666666666666664,0.9634146341463414,21.954545454545453,0.9128712871287129,28.41176470588235,0.932,0.5880452342487884,-0.25940996948118006,0.4375,-0.391304347826087,0.7536231884057971,-0.14049586776859505,8.465116279069768,0.7886977886977887,8.465116279069768,0.7886977886977887,9.578947368421053,0.8109452736318408,40.44444444444444,0.9517426273458445,16.545454545454547,0.8860103626943006,21.41176470588235,0.910761154855643,0.06946688206785137,-0.8700906344410876,0.051682692307692304,-0.9017142857142857,0.08902691511387163,-0.8365019011406845,0.11813186813186813,-0.7886977886977887,1.0,0.0,1.131578947368421,0.06172839506172839,4.777777777777778,0.6538461538461539,1.9545454545454546,0.3230769230769231,2.5294117647058822,0.43333333333333335,0.06946688206785137,-0.8700906344410876,0.051682692307692304,-0.9017142857142857,0.08902691511387163,-0.8365019011406845,0.11813186813186813,-0.7886977886977887,1.0,0.0,1.131578947368421,0.06172839506172839,4.777777777777778,0.6538461538461539,1.9545454545454546,0.3230769230769231,2.5294117647058822,0.43333333333333335,0.061389337641357025,-0.8843226788432268,0.04567307692307692,-0.9126436781609195,0.07867494824016563,-0.8541266794625719,0.1043956043956044,-0.8109452736318408,0.8837209302325582,-0.06172839506172839,0.8837209302325582,-0.06172839506172839,4.222222222222222,0.6170212765957447,1.7272727272727273,0.26666666666666666,2.235294117647059,0.38181818181818183,0.014539579967689823,-0.9713375796178344,0.010817307692307692,-0.9785969084423306,0.018633540372670808,-0.9634146341463414,0.024725274725274724,-0.9517426273458445,0.20930232558139536,-0.6538461538461539,0.20930232558139536,-0.6538461538461539,0.23684210526315788,-0.6170212765957447,0.4090909090909091,-0.41935483870967744,0.5294117647058824,-0.3076923076923077,0.035541195476575124,-0.9313572542901716,0.026442307692307692,-0.9484777517564403,0.045548654244306416,-0.9128712871287129,0.06043956043956044,-0.8860103626943006,0.5116279069767442,-0.3230769230769231,0.5116279069767442,-0.3230769230769231,0.5789473684210527,-0.26666666666666666,2.4444444444444446,0.41935483870967744,1.2941176470588236,0.1282051282051282,0.027463651050080775,-0.9465408805031447,0.020432692307692308,-0.9599528857479388,0.035196687370600416,-0.932,0.046703296703296704,-0.910761154855643,0.3953488372093023,-0.43333333333333335,0.3953488372093023,-0.43333333333333335,0.4473684210526316,-0.38181818181818183,1.8888888888888888,0.3076923076923077,0.7727272727272727,-0.1282051282051282
30,26,661,932,411,297,12,25,8,3,2/6/2026,17.71,0.7092274678111588,-0.17011927181418707,1.608272506082725,0.2332089552238806,2.225589225589226,0.37995824634655534,55.083333333333336,0.9643387815750372,26.44,0.9271137026239067,82.625,0.976083707025411,220.33333333333334,0.9909638554216867,22.033333333333335,0.9131693198263386,25.423076923076923,0.9243085880640466,1.4099848714069592,0.17011927181418707,2.267639902676399,0.3879374534623976,3.138047138047138,0.516680227827502,77.66666666666667,0.9745762711864406,37.28,0.9477533960292581,116.5,0.9829787234042553,310.6666666666667,0.9935828877005347,31.066666666666666,0.9376299376299376,35.84615384615385,0.9457202505219207,0.6217851739788199,-0.2332089552238806,0.4409871244635193,-0.3879374534623976,1.3838383838383839,0.16101694915254236,34.25,0.9432624113475178,16.44,0.8853211009174312,51.375,0.9618138424821002,137.0,0.9855072463768116,13.7,0.8639455782312925,15.807692307692308,0.8810068649885584,0.4493192133131619,-0.37995824634655534,0.3186695278969957,-0.516680227827502,0.7226277372262774,-0.16101694915254236,24.75,0.9223300970873787,11.88,0.84472049689441,37.125,0.9475409836065574,99.0,0.98,9.9,0.8165137614678899,11.423076923076923,0.8390092879256966,0.018154311649016642,-0.9643387815750372,0.012875536480686695,-0.9745762711864406,0.029197080291970802,-0.9432624113475178,0.04040404040404041,-0.9223300970873787,0.48,-0.35135135135135137,1.5,0.2,4.0,0.6,0.4,-0.42857142857142855,0.46153846153846156,-0.3684210526315789,0.037821482602118005,-0.9271137026239067,0.02682403433476395,-0.9477533960292581,0.06082725060827251,-0.8853211009174312,0.08417508417508418,-0.84472049689441,2.0833333333333335,0.35135135135135137,3.125,0.5151515151515151,8.333333333333334,0.7857142857142857,0.8333333333333334,-0.09090909090909091,0.9615384615384616,-0.0196078431372549,0.012102874432677761,-0.976083707025411,0.008583690987124463,-0.9829787234042553,0.019464720194647202,-0.9618138424821002,0.026936026936026935,-0.9475409836065574,0.6666666666666666,-0.2,0.32,-0.5151515151515151,2.6666666666666665,0.45454545454545453,0.26666666666666666,-0.5789473684210527,0.3076923076923077,-0.5294117647058824,0.0045385779122541605,-0.9909638554216867,0.003218884120171674,-0.9935828877005347,0.0072992700729927005,-0.9855072463768116,0.010101010101010102,-0.98,0.25,-0.6,0.12,-0.7857142857142857,0.375,-0.45454545454545453,0.1,-0.8181818181818182,0.11538461538461539,-0.7931034482758621,0.0453857791225416,-0.9131693198263386,0.032188841201716736,-0.9376299376299376,0.072992700729927,-0.8639455782312925,0.10101010101010101,-0.8165137614678899,2.5,0.42857142857142855,1.2,0.09090909090909091,3.75,0.5789473684210527,10.0,0.8181818181818182,1.1538461538461537,0.07142857142857142,0.039334341906202726,-0.9243085880640466,0.027896995708154508,-0.9457202505219207,0.06326034063260341,-0.8810068649885584,0.08754208754208755,-0.8390092879256966,2.1666666666666665,0.3684210526315789,1.04,0.0196078431372549,3.25,0.5294117647058824,8.666666666666666,0.7931034482758621,0.8666666666666667,-0.07142857142857142
115,106,713,917,451,341,107,121,109,83,2/16/2026,21.05,0.777535441657579,-0.12515337423312883,1.580931263858093,0.22508591065292097,2.090909090909091,0.35294117647058826,6.663551401869159,0.7390243902439024,5.892561983471074,0.709832134292566,6.541284403669724,0.7347931873479319,8.590361445783133,0.7914572864321608,6.2,0.7222222222222222,6.726415094339623,0.7411477411477412,1.2861150070126228,0.12515337423312883,2.033259423503326,0.3406432748538012,2.689149560117302,0.4578696343402226,8.570093457943925,0.791015625,7.578512396694215,0.766859344894027,8.412844036697248,0.7875243664717348,11.048192771084338,0.834,7.973913043478261,0.7771317829457365,8.650943396226415,0.7927663734115347,0.6325385694249649,-0.22508591065292097,0.49182115594329334,-0.3406432748538012,1.3225806451612903,0.1388888888888889,4.214953271028038,0.6164874551971327,3.727272727272727,0.5769230769230769,4.137614678899083,0.6107142857142858,5.433734939759036,0.6891385767790262,3.9217391304347826,0.5936395759717314,4.254716981132075,0.6193895870736086,0.4782608695652174,-0.35294117647058826,0.3718647764449291,-0.4578696343402226,0.7560975609756098,-0.1388888888888889,3.1869158878504673,0.5223214285714286,2.8181818181818183,0.47619047619047616,3.128440366972477,0.5155555555555555,4.108433734939759,0.6084905660377359,2.965217391304348,0.4956140350877193,3.2169811320754715,0.5257270693512305,0.15007012622720897,-0.7390243902439024,0.11668484187568157,-0.791015625,0.23725055432372505,-0.6164874551971327,0.31378299120234604,-0.5223214285714286,0.8842975206611571,-0.06140350877192982,0.981651376146789,-0.009259259259259259,1.2891566265060241,0.12631578947368421,0.9304347826086956,-0.036036036036036036,1.009433962264151,0.004694835680751174,0.1697054698457223,-0.709832134292566,0.13195201744820065,-0.766859344894027,0.2682926829268293,-0.5769230769230769,0.3548387096774194,-0.47619047619047616,1.1308411214953271,0.06140350877192982,1.110091743119266,0.05217391304347826,1.4578313253012047,0.18627450980392157,1.0521739130434782,0.025423728813559324,1.1415094339622642,0.06607929515418502,0.15287517531556802,-0.7347931873479319,0.11886586695747,-0.7875243664717348,0.24168514412416853,-0.6107142857142858,0.3196480938416422,-0.5155555555555555,1.0186915887850467,0.009259259259259259,0.9008264462809917,-0.05217391304347826,1.3132530120481927,0.13541666666666666,0.9478260869565217,-0.026785714285714284,1.028301886792453,0.013953488372093023,0.11640953716690042,-0.7914572864321608,0.09051254089422028,-0.834,0.18403547671840353,-0.6891385767790262,0.2434017595307918,-0.6084905660377359,0.7757009345794392,-0.12631578947368421,0.6859504132231405,-0.18627450980392157,0.7614678899082569,-0.13541666666666666,0.7217391304347827,-0.16161616161616163,0.7830188679245284,-0.12169312169312169,0.16129032258064516,-0.7222222222222222,0.12540894220283533,-0.7771317829457365,0.2549889135254989,-0.5936395759717314,0.33724340175953077,-0.4956140350877193,1.074766355140187,0.036036036036036036,0.9504132231404959,-0.025423728813559324,1.055045871559633,0.026785714285714284,1.3855421686746987,0.16161616161616163,1.0849056603773586,0.04072398190045249,0.14866760168302945,-0.7411477411477412,0.11559432933478735,-0.7927663734115347,0.23503325942350334,-0.6193895870736086,0.31085043988269795,-0.5257270693512305,0.9906542056074766,-0.004694835680751174,0.8760330578512396,-0.06607929515418502,0.9724770642201835,-0.013953488372093023,1.2771084337349397,0.12169312169312169,0.9217391304347826,-0.04072398190045249
