Actual,B11,B12,B2,B3,B4,B5,B6,B7,B8,B8A,NDTI,RATIO_B2_B3,ND_B2_B3,RATIO_B2_B4,ND_B2_B4,RATIO_B2_B5,ND_B2_B5,RATIO_B2_B6,ND_B2_B6,RATIO_B2_B7,ND_B2_B7,RATIO_B2_B8,ND_B2_B8,RATIO_B2_B8A,ND_B2_B8A,RATIO_B2_B11,ND_B2_B11,RATIO_B2_B12,ND_B2_B12,RATIO_B3_B2,ND_B3_B2,RATIO_B3_B4,ND_B3_B4,RATIO_B3_B5,ND_B3_B5,RATIO_B3_B6,ND_B3_B6,RATIO_B3_B7,ND_B3_B7,RATIO_B3_B8,ND_B3_B8,RATIO_B3_B8A,ND_B3_B8A,RATIO_B3_B11,ND_B3_B11,RATIO_B3_B12,ND_B3_B12,RATIO_B4_B2,ND_B4_B2,RATIO_B4_B3,ND_B4_B3,RATIO_B4_B5,ND_B4_B5,RATIO_B4_B6,ND_B4_B6,RATIO_B4_B7,ND_B4_B7,RATIO_B4_B8,ND_B4_B8,RATIO_B4_B8A,ND_B4_B8A,RATIO_B4_B11,ND_B4_B11,RATIO_B4_B12,ND_B4_B12,RATIO_B5_B2,ND_B5_B2,RATIO_B5_B3,ND_B5_B3,RATIO_B5_B4,ND_B5_B4,RATIO_B5_B6,ND_B5_B6,RATIO_B5_B7,ND_B5_B7,RATIO_B5_B8,ND_B5_B8,RATIO_B5_B8A,ND_B5_B8A,RATIO_B5_B11,ND_B5_B11,RATIO_B5_B12,ND_B5_B12,RATIO_B6_B2,ND_B6_B2,RATIO_B6_B3,ND_B6_B3,RATIO_B6_B4,ND_B6_B4,RATIO_B6_B5,ND_B6_B5,RATIO_B6_B7,ND_B6_B7,RATIO_B6_B8,ND_B6_B8,RATIO_B6_B8A,ND_B6_B8A,RATIO_B6_B11,ND_B6_B11,RATIO_B6_B12,ND_B6_B12,RATIO_B7_B2,ND_B7_B2,RATIO_B7_B3,ND_B7_B3,RATIO_B7_B4,ND_B7_B4,RATIO_B7_B5,ND_B7_B5,RATIO_B7_B6,ND_B7_B6,RATIO_B7_B8,ND_B7_B8,RATIO_B7_B8A,ND_B7_B8A,RATIO_B7_B11,ND_B7_B11,RATIO_B7_B12,ND_B7_B12,RATIO_B8_B2,ND_B8_B2,RATIO_B8_B3,ND_B8_B3,RATIO_B8_B4,ND_B8_B4,RATIO_B8_B5,ND_B8_B5,RATIO_B8_B6,ND_B8_B6,RATIO_B8_B7,ND_B8_B7,RATIO_B8_B8A,ND_B8_B8A,RATIO_B8_B11,ND_B8_B11,RATIO_B8_B12,ND_B8_B12,RATIO_B8A_B2,ND_B8A_B2,RATIO_B8A_B3,ND_B8A_B3,RATIO_B8A_B4,ND_B8A_B4,RATIO_B8A_B5,ND_B8A_B5,RATIO_B8A_B6,ND_B8A_B6,RATIO_B8A_B7,ND_B8A_B7,RATIO_B8A_B8,ND_B8A_B8,RATIO_B8A_B11,ND_B8A_B11,RATIO_B8A_B12,ND_B8A_B12,RATIO_B11_B2,ND_B11_B2,RATIO_B11_B3,ND_B11_B3,RATIO_B11_B4,ND_B11_B4,RATIO_B11_B5,ND_B11_B5,RATIO_B11_B6,ND_B11_B6,RATIO_B11_B7,ND_B11_B7,RATIO_B11_B8,ND_B11_B8,RATIO_B11_B8A,ND_B11_B8A,RATIO_B11_B12,ND_B11_B12,RATIO_B12_B2,ND_B12_B2,RATIO_B12_B3,ND_B12_B3,RATIO_B12_B4,ND_B12_B4,RATIO_B12_B5,ND_B12_B5,RATIO_B12_B6,ND_B12_B6,RATIO_B12_B7,ND_B12_B7,RATIO_B12_B8,ND_B12_B8,RATIO_B12_B8A,ND_B12_B8A,RATIO_B12_B11,ND_B12_B11
2.7,412,218,147,306,237,515,1129,1338,1474,1479,-0.127071823,0.4803921568627451,-0.3509933774834437,0.620253164556962,-0.234375,0.2854368932038835,-0.5558912386706949,0.13020372010628875,-0.7695924764890282,0.10986547085201794,-0.802020202020202,0.09972862957937585,-0.8186304750154226,0.09939148073022312,-0.8191881918819188,0.3567961165048544,-0.4740608228980322,0.6743119266055045,-0.19452054794520549,2.0816326530612246,0.3509933774834437,1.2911392405063291,0.1270718232044199,0.5941747572815534,-0.2545676004872107,0.271036315323295,-0.5735191637630662,0.22869955156950672,-0.6277372262773723,0.20759837177747625,-0.6561797752808989,0.20689655172413793,-0.6571428571428571,0.7427184466019418,-0.14763231197771587,1.4036697247706422,0.16793893129770993,1.6122448979591837,0.234375,0.7745098039215687,-0.1270718232044199,0.4601941747572815,-0.3696808510638298,0.20992028343666963,-0.6530014641288433,0.17713004484304934,-0.699047619047619,0.16078697421981003,-0.722969023962595,0.16024340770791076,-0.7237762237762237,0.5752427184466019,-0.2696456086286595,1.0871559633027523,0.041758241758241756,3.503401360544218,0.5558912386706949,1.6830065359477124,0.2545676004872107,2.172995780590717,0.3696808510638298,0.4561558901682905,-0.3734793187347932,0.38490284005979075,-0.4441446303291959,0.3493894165535957,-0.48215183509301157,0.3482082488167681,-0.4834503510531595,1.25,0.1111111111111111,2.3623853211009176,0.4051841746248295,7.680272108843537,0.7695924764890282,3.689542483660131,0.5735191637630662,4.763713080168777,0.6530014641288433,2.1922330097087377,0.3734793187347932,0.843796711509716,-0.08471828131333603,0.7659430122116689,-0.13253937764118326,0.7633536173089925,-0.13420245398773006,2.7402912621359223,0.4652822842310188,5.178899082568807,0.676317743132888,9.10204081632653,0.802020202020202,4.372549019607843,0.6277372262773723,5.6455696202531644,0.699047619047619,2.5980582524271845,0.4441446303291959,1.1851195748449956,0.08471828131333603,0.9077340569877883,-0.04836415362731152,0.9046653144016227,-0.05005324813631523,3.2475728155339807,0.5291428571428571,6.137614678899083,0.7197943444730077,10.02721088435374,0.8186304750154226,4.816993464052287,0.6561797752808989,6.219409282700422,0.722969023962595,2.862135922330097,0.48215183509301157,1.3055801594331267,0.13253937764118326,1.101644245142003,0.04836415362731152,0.9966193373901284,-0.0016931933626820183,3.5776699029126213,0.5630965005302226,6.761467889908257,0.7423167848699763,10.061224489795919,0.8191881918819188,4.833333333333333,0.6571428571428571,6.2405063291139244,0.7237762237762237,2.8718446601941747,0.4834503510531595,1.3100088573959257,0.13420245398773006,1.1053811659192825,0.05005324813631523,1.003392130257802,0.0016931933626820183,3.5898058252427183,0.5642517186673718,6.784403669724771,0.7430760164997053,2.802721088435374,0.4740608228980322,1.34640522875817,0.14763231197771587,1.738396624472574,0.2696456086286595,0.8,-0.1111111111111111,0.3649247121346324,-0.4652822842310188,0.30792227204783257,-0.5291428571428571,0.27951153324287653,-0.5630965005302226,0.27856659905341447,-0.5642517186673718,1.889908256880734,0.30793650793650795,1.4829931972789117,0.19452054794520549,0.7124183006535948,-0.16793893129770993,0.919831223628692,-0.041758241758241756,0.42330097087378643,-0.4051841746248295,0.19309123117803365,-0.676317743132888,0.16292974588938713,-0.7197943444730077,0.14789687924016282,-0.7423167848699763,0.14739688979039892,-0.7430760164997053,0.529126213592233,-0.30793650793650795
2.63,358,142,28,170,96,375,1011,1219,1362,1395,-0.278195489,0.16470588235294117,-0.7171717171717171,0.2916666666666667,-0.5483870967741935,0.07466666666666667,-0.8610421836228288,0.027695351137487636,-0.9461020211742059,0.022969647251845776,-0.9550922213311949,0.020558002936857563,-0.9597122302158273,0.02007168458781362,-0.960646521433591,0.0782122905027933,-0.8549222797927462,0.19718309859154928,-0.6705882352941176,6.071428571428571,0.7171717171717171,1.7708333333333333,0.2781954887218045,0.4533333333333333,-0.3761467889908257,0.1681503461918892,-0.712108382726503,0.13945857260049221,-0.7552195824334054,0.12481644640234948,-0.7780678851174935,0.12186379928315412,-0.7827476038338658,0.4748603351955307,-0.3560606060606061,1.1971830985915493,0.08974358974358974,3.4285714285714284,0.5483870967741935,0.5647058823529412,-0.2781954887218045,0.256,-0.5923566878980892,0.09495548961424333,-0.8265582655826558,0.07875307629204266,-0.8539923954372624,0.07048458149779736,-0.8683127572016461,0.06881720430107527,-0.8712273641851107,0.2681564245810056,-0.5770925110132159,0.676056338028169,-0.19327731092436976,13.392857142857142,0.8610421836228288,2.2058823529411766,0.3761467889908257,3.90625,0.5923566878980892,0.37091988130563797,-0.4588744588744589,0.30762920426579166,-0.5294855708908407,0.2753303964757709,-0.5682210708117443,0.26881720430107525,-0.576271186440678,1.047486033519553,0.023192360163710776,2.640845070422535,0.4506769825918762,36.107142857142854,0.9461020211742059,5.947058823529412,0.712108382726503,10.53125,0.8265582655826558,2.696,0.4588744588744589,0.8293683347005743,-0.09327354260089686,0.7422907488986784,-0.14791403286978508,0.7247311827956989,-0.1596009975062344,2.8240223463687153,0.47699050401753107,7.119718309859155,0.753686036426713,43.535714285714285,0.9550922213311949,7.170588235294118,0.7552195824334054,12.697916666666666,0.8539923954372624,3.2506666666666666,0.5294855708908407,1.205736894164194,0.09327354260089686,0.895007342143906,-0.055404881828748545,0.8738351254480287,-0.06732976281560826,3.405027932960894,0.5459733671528219,8.584507042253522,0.7913299044819986,48.642857142857146,0.9597122302158273,8.011764705882353,0.7780678851174935,14.1875,0.8683127572016461,3.632,0.5682210708117443,1.3471810089020773,0.14791403286978508,1.117309269893355,0.055404881828748545,0.9763440860215054,-0.011969532100108813,3.804469273743017,0.5837209302325581,9.591549295774648,0.8111702127659575,49.82142857142857,0.960646521433591,8.205882352941176,0.7827476038338658,14.53125,0.8712273641851107,3.72,0.576271186440678,1.3798219584569733,0.1596009975062344,1.1443806398687448,0.06732976281560826,1.024229074889868,0.011969532100108813,3.8966480446927374,0.5915573302909298,9.82394366197183,0.815224463240078,12.785714285714286,0.8549222797927462,2.1058823529411765,0.3560606060606061,3.7291666666666665,0.5770925110132159,0.9546666666666667,-0.023192360163710776,0.35410484668644904,-0.47699050401753107,0.2936833470057424,-0.5459733671528219,0.26284875183553597,-0.5837209302325581,0.25663082437275986,-0.5915573302909298,2.5211267605633805,0.432,5.071428571428571,0.6705882352941176,0.8352941176470589,-0.08974358974358974,1.4791666666666667,0.19327731092436976,0.37866666666666665,-0.4506769825918762,0.1404549950544016,-0.753686036426713,0.11648892534864644,-0.7913299044819986,0.10425844346549193,-0.8111702127659575,0.1017921146953405,-0.815224463240078,0.39664804469273746,-0.432
3.15,580,293,273,438,319,663,1523,1647,1790,1869,-0.157199472,0.6232876712328768,-0.2320675105485232,0.8557993730407524,-0.0777027027027027,0.4117647058823529,-0.4166666666666667,0.1792514773473408,-0.6959910913140311,0.1657559198542805,-0.715625,0.15251396648044693,-0.7353368880271449,0.14606741573033707,-0.7450980392156863,0.4706896551724138,-0.35990621336459555,0.931740614334471,-0.0353356890459364,1.6043956043956045,0.2320675105485232,1.3730407523510972,0.1571994715984148,0.6606334841628959,-0.20435967302452315,0.2875902823374918,-0.5532891381947985,0.2659380692167577,-0.5798561151079137,0.2446927374301676,-0.6068222621184919,0.23434991974317818,-0.6202860858257477,0.7551724137931034,-0.13948919449901767,1.4948805460750854,0.19835841313269495,1.1684981684981686,0.0777027027027027,0.728310502283105,-0.1571994715984148,0.48114630467571645,-0.35030549898167007,0.20945502298095864,-0.6536373507057546,0.19368548876745598,-0.6754832146490336,0.1782122905027933,-0.6974869606448554,0.17067950775815943,-0.7084095063985375,0.55,-0.2903225806451613,1.0887372013651877,0.042483660130718956,2.4285714285714284,0.4166666666666667,1.5136986301369864,0.20435967302452315,2.0783699059561127,0.35030549898167007,0.43532501641497046,-0.3934126258005489,0.40255009107468126,-0.42597402597402595,0.370391061452514,-0.4594374235629841,0.3547351524879615,-0.476303317535545,1.143103448275862,0.0667739340305712,2.262798634812287,0.38702928870292885,5.5787545787545785,0.6959910913140311,3.4771689497716896,0.5532891381947985,4.774294670846395,0.6536373507057546,2.2971342383107087,0.3934126258005489,0.9247115968427444,-0.039116719242902206,0.8508379888268156,-0.08059160881376395,0.8148742643124666,-0.10200471698113207,2.6258620689655174,0.4484070375653828,5.197952218430034,0.6773127753303965,6.032967032967033,0.715625,3.76027397260274,0.5798561151079137,5.163009404388715,0.6754832146490336,2.484162895927602,0.42597402597402595,1.0814182534471437,0.039116719242902206,0.9201117318435754,-0.04160605178935118,0.8812199036918138,-0.06313993174061433,2.839655172413793,0.4791198922317018,5.621160409556314,0.6979381443298969,6.556776556776557,0.7353368880271449,4.0867579908675795,0.6068222621184919,5.61128526645768,0.6974869606448554,2.699849170437406,0.4594374235629841,1.175311884438608,0.08059160881376395,1.0868245294474803,0.04160605178935118,0.9577314071696095,-0.021590598524186936,3.086206896551724,0.510548523206751,6.109215017064846,0.7186749879980797,6.846153846153846,0.7450980392156863,4.267123287671233,0.6202860858257477,5.858934169278997,0.7084095063985375,2.819004524886878,0.476303317535545,1.227183191070256,0.10200471698113207,1.1347905282331512,0.06313993174061433,1.0441340782122905,0.021590598524186936,3.222413793103448,0.5263372805226623,6.378839590443686,0.72895467160037,2.1245421245421245,0.35990621336459555,1.3242009132420092,0.13948919449901767,1.8181818181818181,0.2903225806451613,0.8748114630467572,-0.0667739340305712,0.3808273145108339,-0.4484070375653828,0.3521554341226472,-0.4791198922317018,0.3240223463687151,-0.510548523206751,0.3103263777421081,-0.5263372805226623,1.9795221843003412,0.32875143184421535,1.0732600732600732,0.0353356890459364,0.6689497716894978,-0.19835841313269495,0.9184952978056427,-0.042483660130718956,0.4419306184012066,-0.38702928870292885,0.19238345370978333,-0.6773127753303965,0.17789921068609593,-0.6979381443298969,0.16368715083798882,-0.7186749879980797,0.15676832530765114,-0.72895467160037,0.5051724137931034,-0.32875143184421535
2.52,431,200,20,198,121,437,1121,1374,1634,1578,-0.24137931,0.10101010101010101,-0.8165137614678899,0.1652892561983471,-0.7163120567375887,0.04576659038901602,-0.912472647702407,0.01784121320249777,-0.964943032427695,0.01455604075691412,-0.9713055954088953,0.012239902080783354,-0.9758162031438936,0.012674271229404309,-0.9749687108886108,0.04640371229698376,-0.9113082039911308,0.1,-0.8181818181818182,9.9,0.8165137614678899,1.6363636363636365,0.2413793103448276,0.45308924485125857,-0.3763779527559055,0.17662801070472792,-0.6997725549658832,0.14410480349344978,-0.7480916030534351,0.1211750305997552,-0.7838427947598253,0.12547528517110265,-0.777027027027027,0.4593967517401392,-0.37042925278219396,0.99,-0.005025125628140704,6.05,0.7163120567375887,0.6111111111111112,-0.2413793103448276,0.2768878718535469,-0.5663082437275986,0.1079393398751115,-0.8051529790660226,0.08806404657933042,-0.8381270903010033,0.0740514075887393,-0.8621082621082621,0.07667934093789606,-0.857563272513243,0.28074245939675174,-0.5615942028985508,0.605,-0.24610591900311526,21.85,0.912472647702407,2.207070707070707,0.3763779527559055,3.6115702479338845,0.5663082437275986,0.3898305084745763,-0.43902439024390244,0.3180494905385735,-0.5173937051352844,0.26744186046511625,-0.5779816513761468,0.2769328263624842,-0.5662531017369727,1.013921113689095,0.0069124423963133645,2.185,0.37205651491365777,56.05,0.964943032427695,5.661616161616162,0.6997725549658832,9.264462809917354,0.8051529790660226,2.5652173913043477,0.43902439024390244,0.8158660844250364,-0.10140280561122245,0.686046511627907,-0.18620689655172415,0.7103929024081115,-0.16932197110040756,2.6009280742459397,0.44458762886597936,5.605,0.6971990915972748,68.7,0.9713055954088953,6.9393939393939394,0.7480916030534351,11.355371900826446,0.8381270903010033,3.1441647597254003,0.5173937051352844,1.2256913470115969,0.10140280561122245,0.8408812729498164,-0.08643617021276596,0.870722433460076,-0.06910569105691057,3.187935034802784,0.522437673130194,6.87,0.7458703939008895,81.7,0.9758162031438936,8.252525252525253,0.7838427947598253,13.50413223140496,0.8621082621082621,3.739130434782609,0.5779816513761468,1.4576271186440677,0.18620689655172415,1.1892285298398835,0.08643617021276596,1.035487959442332,0.017434620174346202,3.7911832946635733,0.5825665859564164,8.17,0.781897491821156,78.9,0.9749687108886108,7.96969696969697,0.777027027027027,13.041322314049587,0.857563272513243,3.610983981693364,0.5662531017369727,1.407671721677074,0.16932197110040756,1.148471615720524,0.06910569105691057,0.9657282741738066,-0.017434620174346202,3.6612529002320184,0.5709308113489299,7.89,0.7750281214848144,21.55,0.9113082039911308,2.176767676767677,0.37042925278219396,3.56198347107438,0.5615942028985508,0.9862700228832952,-0.0069124423963133645,0.38447814451382695,-0.44458762886597936,0.31368267831149926,-0.522437673130194,0.2637698898408813,-0.5825665859564164,0.27313054499366285,-0.5709308113489299,2.155,0.36608557844690964,10.0,0.8181818181818182,1.0101010101010102,0.005025125628140704,1.6528925619834711,0.24610591900311526,0.4576659038901602,-0.37205651491365777,0.1784121320249777,-0.6971990915972748,0.14556040756914118,-0.7458703939008895,0.12239902080783353,-0.781897491821156,0.1267427122940431,-0.7750281214848144,0.46403712296983757,-0.36608557844690964
1.97,816,546,577,796,638,979,1688,2067,1941,2026,-0.110181311,0.7248743718592965,-0.1595047341587764,0.9043887147335423,-0.050205761316872426,0.5893769152196119,-0.2583547557840617,0.341824644549763,-0.49050772626931566,0.2791485244315433,-0.5635400907715582,0.29726944873776406,-0.5416997617156474,0.28479763079960513,-0.5566653860929697,0.7071078431372549,-0.1715721464465183,1.0567765567765568,0.027604630454140695,1.3795493934142113,0.1595047341587764,1.2476489028213167,0.1101813110181311,0.8130745658835546,-0.10309859154929578,0.471563981042654,-0.35909822866344604,0.38509917755200773,-0.44393992315752706,0.4100978876867594,-0.4183412495432956,0.3928923988153998,-0.4358610914245216,0.9754901960784313,-0.01240694789081886,1.4578754578754578,0.18628912071535023,1.1057192374350087,0.050205761316872426,0.8015075376884422,-0.1101813110181311,0.651685393258427,-0.2108843537414966,0.37796208530805686,-0.4514187446259673,0.30865989356555396,-0.5282809611829945,0.3286965481710459,-0.5052345870492438,0.3149062191510365,-0.521021021021021,0.7818627450980392,-0.12242090784044017,1.1684981684981686,0.0777027027027027,1.6967071057192373,0.2583547557840617,1.229899497487437,0.10309859154929578,1.5344827586206897,0.2108843537414966,0.5799763033175356,-0.26584176977877766,0.47363328495403967,-0.3571897570584373,0.5043791859866048,-0.32945205479452055,0.48321816386969396,-0.34841930116472547,1.1997549019607843,0.09080779944289694,1.793040293040293,0.2839344262295082,2.9254766031195842,0.49050772626931566,2.120603015075377,0.35909822866344604,2.64576802507837,0.4514187446259673,1.7242083758937692,0.26584176977877766,0.8166424770198355,-0.10093209054593875,0.8696548171045853,-0.06971617525489116,0.8331688055281342,-0.09100700053850296,2.0686274509803924,0.34824281150159747,3.0915750915750917,0.5111906893464637,3.582322357019064,0.5635400907715582,2.5967336683417086,0.44393992315752706,3.239811912225705,0.5282809611829945,2.111338100102145,0.3571897570584373,1.224526066350711,0.10093209054593875,1.0649149922720247,0.03143712574850299,1.0202369200394867,0.01001710236989983,2.5330882352941178,0.4339229968782518,3.7857142857142856,0.582089552238806,3.363951473136915,0.5416997617156474,2.4384422110552766,0.4183412495432956,3.042319749216301,0.5052345870492438,1.982635342185904,0.32945205479452055,1.1498815165876777,0.06971617525489116,0.9390420899854862,-0.03143712574850299,0.9580454096742349,-0.021426770859591632,2.3786764705882355,0.40805223068552776,3.5549450549450547,0.5609167671893848,3.511265164644714,0.5566653860929697,2.5452261306532664,0.4358610914245216,3.175548589341693,0.521021021021021,2.069458631256384,0.34841930116472547,1.2002369668246446,0.09100700053850296,0.9801644895984518,-0.01001710236989983,1.0437918598660485,0.021426770859591632,2.482843137254902,0.4257565095003519,3.7106227106227108,0.5754276827371695,1.41421143847487,0.1715721464465183,1.0251256281407035,0.01240694789081886,1.2789968652037618,0.12242090784044017,0.8335035750766088,-0.09080779944289694,0.4834123222748815,-0.34824281150159747,0.39477503628447025,-0.4339229968782518,0.42040185471406494,-0.40805223068552776,0.4027640671273445,-0.4257565095003519,1.4945054945054945,0.19823788546255505,0.9462738301559792,-0.027604630454140695,0.6859296482412061,-0.18628912071535023,0.8557993730407524,-0.0777027027027027,0.557711950970378,-0.2839344262295082,0.3234597156398104,-0.5111906893464637,0.2641509433962264,-0.582089552238806,0.28129829984544047,-0.5609167671893848,0.2694965449160908,-0.5754276827371695,0.6691176470588235,-0.19823788546255505
2.15,533,283,143,321,229,572,1326,1633,1599,1750,-0.167272727,0.4454828660436137,-0.38362068965517243,0.6244541484716157,-0.23118279569892472,0.25,-0.6,0.10784313725490197,-0.8053097345132744,0.08756889161053276,-0.838963963963964,0.08943089430894309,-0.835820895522388,0.08171428571428571,-0.8489170628631801,0.2682926829268293,-0.5769230769230769,0.5053003533568905,-0.3286384976525822,2.2447552447552446,0.38362068965517243,1.4017467248908297,0.16727272727272727,0.5611888111888111,-0.2810750279955207,0.2420814479638009,-0.6102003642987249,0.19657072872014697,-0.6714431934493347,0.20075046904315197,-0.665625,0.18342857142857144,-0.6900048285852245,0.6022514071294559,-0.24824355971896955,1.1342756183745584,0.06291390728476821,1.6013986013986015,0.23118279569892472,0.7133956386292835,-0.16727272727272727,0.40034965034965037,-0.4282147315855181,0.1726998491704374,-0.7054662379421222,0.14023270055113288,-0.7540279269602578,0.1432145090681676,-0.74945295404814,0.13085714285714287,-0.7685699848408287,0.42964352720450283,-0.3989501312335958,0.8091872791519434,-0.10546875,4.0,0.6,1.7819314641744548,0.2810750279955207,2.497816593886463,0.4282147315855181,0.43137254901960786,-0.3972602739726027,0.35027556644213104,-0.4811791383219955,0.35772357723577236,-0.47305389221556887,0.32685714285714285,-0.5073212747631353,1.0731707317073171,0.03529411764705882,2.021201413427562,0.33801169590643276,9.272727272727273,0.8053097345132744,4.130841121495327,0.6102003642987249,5.790393013100437,0.7054662379421222,2.3181818181818183,0.3972602739726027,0.8120024494794856,-0.10375126732004056,0.8292682926829268,-0.09333333333333334,0.7577142857142857,-0.1378413524057217,2.4878048780487805,0.42657342657342656,4.6855123674911665,0.6482287134866377,11.41958041958042,0.838963963963964,5.087227414330218,0.6714431934493347,7.131004366812227,0.7540279269602578,2.854895104895105,0.4811791383219955,1.2315233785822022,0.10375126732004056,1.0212632895559726,0.01051980198019802,0.9331428571428572,-0.03458468814661543,3.0637898686679175,0.5078485687903971,5.770318021201414,0.7045929018789144,11.181818181818182,0.835820895522388,4.981308411214953,0.665625,6.9825327510917035,0.74945295404814,2.7954545454545454,0.47305389221556887,1.2058823529411764,0.09333333333333334,0.9791794243723209,-0.01051980198019802,0.9137142857142857,-0.04508808599581965,3.0,0.5,5.65017667844523,0.6992561105207227,12.237762237762238,0.8489170628631801,5.451713395638629,0.6900048285852245,7.641921397379913,0.7685699848408287,3.0594405594405596,0.5073212747631353,1.3197586726998491,0.1378413524057217,1.0716472749540722,0.03458468814661543,1.0944340212632895,0.04508808599581965,3.283302063789869,0.5330705212439772,6.18374558303887,0.721593703885883,3.727272727272727,0.5769230769230769,1.6604361370716512,0.24824355971896955,2.3275109170305677,0.3989501312335958,0.9318181818181818,-0.03529411764705882,0.4019607843137255,-0.42657342657342656,0.3263931414574403,-0.5078485687903971,0.3333333333333333,-0.5,0.30457142857142855,-0.5330705212439772,1.88339222614841,0.30637254901960786,1.979020979020979,0.3286384976525822,0.881619937694704,-0.06291390728476821,1.2358078602620088,0.10546875,0.49475524475524474,-0.33801169590643276,0.21342383107088989,-0.6482287134866377,0.17330067360685855,-0.7045929018789144,0.17698561601000626,-0.6992561105207227,0.16171428571428573,-0.721593703885883,0.5309568480300187,-0.30637254901960786
1.57,418,155,118,280,154,528,1281,1734,1607,1696,-0.290322581,0.42142857142857143,-0.40703517587939697,0.7662337662337663,-0.1323529411764706,0.22348484848484848,-0.6346749226006192,0.09211553473848556,-0.8313080771979986,0.06805074971164937,-0.8725701943844493,0.07342874922215308,-0.8631884057971014,0.0695754716981132,-0.8699007717750827,0.2822966507177033,-0.5597014925373134,0.7612903225806451,-0.13553113553113552,2.3728813559322033,0.40703517587939697,1.8181818181818181,0.2903225806451613,0.5303030303030303,-0.3069306930693069,0.2185792349726776,-0.6412556053811659,0.16147635524798154,-0.7219463753723933,0.17423771001866833,-0.703232644409115,0.1650943396226415,-0.7165991902834008,0.6698564593301436,-0.1977077363896848,1.8064516129032258,0.28735632183908044,1.305084745762712,0.1323529411764706,0.55,-0.2903225806451613,0.2916666666666667,-0.5483870967741935,0.12021857923497267,-0.7853658536585366,0.08881199538638986,-0.836864406779661,0.09583074051026758,-0.825099375354912,0.09080188679245282,-0.8335135135135135,0.3684210526315789,-0.46153846153846156,0.9935483870967742,-0.003236245954692557,4.47457627118644,0.6346749226006192,1.8857142857142857,0.3069306930693069,3.4285714285714284,0.5483870967741935,0.41217798594847777,-0.41625207296849087,0.3044982698961938,-0.53315649867374,0.328562538892346,-0.5053864168618267,0.3113207547169811,-0.5251798561151079,1.263157894736842,0.11627906976744186,3.4064516129032256,0.5461200585651538,10.85593220338983,0.8313080771979986,4.575,0.6412556053811659,8.318181818181818,0.7853658536585366,2.4261363636363638,0.41625207296849087,0.7387543252595156,-0.15024875621890546,0.7971375233354075,-0.1128808864265928,0.7553066037735849,-0.1394020826335237,3.0645933014354068,0.5079458505002943,8.264516129032257,0.7841225626740947,14.694915254237289,0.8725701943844493,6.192857142857143,0.7219463753723933,11.25974025974026,0.836864406779661,3.284090909090909,0.53315649867374,1.3536299765807962,0.15024875621890546,1.0790292470441818,0.038012571086501044,1.0224056603773586,0.011078717201166181,4.148325358851674,0.6115241635687733,11.187096774193549,0.8358920063525676,13.61864406779661,0.8631884057971014,5.739285714285714,0.703232644409115,10.435064935064934,0.825099375354912,3.043560606060606,0.5053864168618267,1.254488680718189,0.1128808864265928,0.9267589388696655,-0.038012571086501044,0.9475235849056604,-0.026945201332122314,3.8444976076555024,0.5871604938271605,10.36774193548387,0.8240635641316686,14.372881355932204,0.8699007717750827,6.057142857142857,0.7165991902834008,11.012987012987013,0.8335135135135135,3.212121212121212,0.5251798561151079,1.3239656518345042,0.1394020826335237,0.9780853517877739,-0.011078717201166181,1.0553827006845053,0.026945201332122314,4.057416267942584,0.6045411542100284,10.941935483870967,0.8325229605618585,3.542372881355932,0.5597014925373134,1.4928571428571429,0.1977077363896848,2.7142857142857144,0.46153846153846156,0.7916666666666666,-0.11627906976744186,0.3263075722092115,-0.5079458505002943,0.24106113033448673,-0.6115241635687733,0.26011200995644057,-0.5871604938271605,0.24646226415094338,-0.6045411542100284,2.696774193548387,0.45898778359511344,1.3135593220338984,0.13553113553113552,0.5535714285714286,-0.28735632183908044,1.0064935064935066,0.003236245954692557,0.2935606060606061,-0.5461200585651538,0.1209992193598751,-0.7841225626740947,0.08938869665513265,-0.8358920063525676,0.09645301804604854,-0.8240635641316686,0.09139150943396226,-0.8325229605618585,0.3708133971291866,-0.45898778359511344
1.56,470,203,170,274,214,568,1486,1845,1793,1855,-0.12295082,0.6204379562043796,-0.23423423423423423,0.794392523364486,-0.11458333333333333,0.2992957746478873,-0.5392953929539296,0.11440107671601615,-0.7946859903381642,0.0921409214092141,-0.8312655086848635,0.09481316229782487,-0.8267957208354559,0.09164420485175202,-0.8320987654320988,0.3617021276595745,-0.46875,0.8374384236453202,-0.08847184986595175,1.611764705882353,0.23423423423423423,1.280373831775701,0.12295081967213115,0.4823943661971831,-0.3491686460807601,0.18438761776581428,-0.6886363636363636,0.14850948509485096,-0.7413874469089193,0.1528165086447295,-0.7348814707305273,0.1477088948787062,-0.7426021606387976,0.5829787234042553,-0.26344086021505375,1.3497536945812807,0.1488469601677149,1.2588235294117647,0.11458333333333333,0.781021897810219,-0.12295081967213115,0.3767605633802817,-0.45268542199488493,0.1440107671601615,-0.7482352941176471,0.11598915989159891,-0.7921321029626032,0.11935303959843838,-0.7867463876432487,0.11536388140161725,-0.7931367810536492,0.4553191489361702,-0.3742690058479532,1.0541871921182266,0.026378896882494004,3.3411764705882354,0.5392953929539296,2.072992700729927,0.3491686460807601,2.6542056074766354,0.45268542199488493,0.3822341857335128,-0.4469328140214216,0.30785907859078593,-0.5292167426440116,0.31678750697155605,-0.518847945785684,0.30619946091644207,-0.53115971935617,1.2085106382978723,0.09441233140655106,2.7980295566502464,0.47341115434500647,8.741176470588234,0.7946859903381642,5.423357664233577,0.6886363636363636,6.94392523364486,0.7482352941176471,2.6161971830985915,0.4469328140214216,0.805420054200542,-0.10777544280996698,0.8287785833798104,-0.0936261055199756,0.801078167115903,-0.11044597425920383,3.1617021276595745,0.5194274028629857,7.320197044334975,0.7596210775606868,10.852941176470589,0.8312655086848635,6.733576642335766,0.7413874469089193,8.621495327102803,0.7921321029626032,3.2482394366197185,0.5292167426440116,1.2415881561238225,0.10777544280996698,1.0290016731734524,0.014293567894447499,0.9946091644204852,-0.002702702702702703,3.925531914893617,0.593952483801296,9.088669950738916,0.8017578125,10.547058823529412,0.8267957208354559,6.543795620437956,0.7348814707305273,8.378504672897197,0.7867463876432487,3.1566901408450705,0.518847945785684,1.2065948855989233,0.0936261055199756,0.9718157181571816,-0.014293567894447499,0.9665768194070081,-0.01699561403508772,3.8148936170212764,0.5846221829429961,8.832512315270936,0.7965931863727455,10.911764705882353,0.8320987654320988,6.7700729927007295,0.7426021606387976,8.66822429906542,0.7931367810536492,3.265845070422535,0.53115971935617,1.2483176312247646,0.11044597425920383,1.005420054200542,0.002702702702702703,1.0345789180145009,0.01699561403508772,3.9468085106382977,0.5956989247311828,9.137931034482758,0.8027210884353742,2.764705882352941,0.46875,1.7153284671532847,0.26344086021505375,2.196261682242991,0.3742690058479532,0.8274647887323944,-0.09441233140655106,0.3162853297442799,-0.5194274028629857,0.25474254742547425,-0.593952483801296,0.2621305075292805,-0.5846221829429961,0.25336927223719674,-0.5956989247311828,2.315270935960591,0.3967310549777117,1.1941176470588235,0.08847184986595175,0.7408759124087592,-0.1488469601677149,0.9485981308411215,-0.026378896882494004,0.3573943661971831,-0.47341115434500647,0.13660834454912515,-0.7596210775606868,0.11002710027100271,-0.8017578125,0.113218070273285,-0.7965931863727455,0.10943396226415095,-0.8027210884353742,0.4319148936170213,-0.3967310549777117
1.43,363,134,289,297,186,411,1051,1331,1405,1418,-0.229813665,0.9730639730639731,-0.013651877133105802,1.553763440860215,0.2168421052631579,0.7031630170316302,-0.1742857142857143,0.27497621313035203,-0.5686567164179105,0.21712997746055598,-0.6432098765432098,0.20569395017793593,-0.6587957497048406,0.20380818053596614,-0.661394258933802,0.7961432506887053,-0.11349693251533742,2.156716417910448,0.3664302600472813,1.027681660899654,0.013651877133105802,1.596774193548387,0.22981366459627328,0.7226277372262774,-0.16101694915254236,0.2825880114176974,-0.5593471810089021,0.2231404958677686,-0.6351351351351351,0.21138790035587188,-0.6509988249118684,0.20944992947813823,-0.6536443148688047,0.8181818181818182,-0.1,2.216417910447761,0.37819025522041766,0.643598615916955,-0.2168421052631579,0.6262626262626263,-0.22981366459627328,0.45255474452554745,-0.3768844221105528,0.17697431018078022,-0.6992724333063864,0.13974455296769348,-0.7547791694133158,0.13238434163701068,-0.7661847894406034,0.1311706629055007,-0.7680798004987531,0.512396694214876,-0.3224043715846995,1.3880597014925373,0.1625,1.4221453287197232,0.1742857142857143,1.3838383838383839,0.16101694915254236,2.2096774193548385,0.3768844221105528,0.3910561370123692,-0.4377564979480164,0.30879038317054847,-0.5281285878300803,0.29252669039145907,-0.5473568281938326,0.28984485190409026,-0.5505740841990159,1.1322314049586777,0.06201550387596899,3.0671641791044775,0.5082568807339449,3.6366782006920415,0.5686567164179105,3.538720538720539,0.5593471810089021,5.650537634408602,0.6992724333063864,2.557177615571776,0.4377564979480164,0.7896318557475582,-0.11754827875734676,0.7480427046263345,-0.14413680781758959,0.7411847672778561,-0.1486431753746456,2.8953168044077136,0.48656294200848654,7.843283582089552,0.7738396624472574,4.6055363321799305,0.6432098765432098,4.481481481481482,0.6351351351351351,7.155913978494624,0.7547791694133158,3.238442822384428,0.5281285878300803,1.2664129400570885,0.11754827875734676,0.9473309608540925,-0.027046783625730993,0.9386459802538787,-0.031647871953437615,3.6666666666666665,0.5714285714285714,9.932835820895523,0.8170648464163822,4.86159169550173,0.6587957497048406,4.730639730639731,0.6509988249118684,7.553763440860215,0.7661847894406034,3.4184914841849148,0.5473568281938326,1.3368220742150334,0.14413680781758959,1.0555972952667168,0.027046783625730993,0.9908321579689704,-0.004605030109812256,3.8705234159779613,0.5893665158371041,10.485074626865671,0.8258609486679662,4.906574394463668,0.661394258933802,4.774410774410774,0.6536443148688047,7.623655913978495,0.7680798004987531,3.4501216545012166,0.5505740841990159,1.3491912464319695,0.1486431753746456,1.0653643876784373,0.031647871953437615,1.009252669039146,0.004605030109812256,3.90633608815427,0.592363840539023,10.582089552238806,0.8273195876288659,1.2560553633217992,0.11349693251533742,1.2222222222222223,0.1,1.9516129032258065,0.3224043715846995,0.8832116788321168,-0.06201550387596899,0.34538534728829684,-0.48656294200848654,0.2727272727272727,-0.5714285714285714,0.25836298932384344,-0.5893665158371041,0.2559943582510578,-0.592363840539023,2.708955223880597,0.4607645875251509,0.46366782006920415,-0.3664302600472813,0.4511784511784512,-0.37819025522041766,0.7204301075268817,-0.1625,0.3260340632603406,-0.5082568807339449,0.12749762131303521,-0.7738396624472574,0.10067618332081142,-0.8170648464163822,0.09537366548042704,-0.8258609486679662,0.09449929478138223,-0.8273195876288659,0.3691460055096419,-0.4607645875251509
1.33,227,78,11,152,96,344,851,1094,1112,1158,-0.225806452,0.07236842105263158,-0.8650306748466258,0.11458333333333333,-0.794392523364486,0.03197674418604651,-0.9380281690140845,0.012925969447708578,-0.974477958236659,0.010054844606946984,-0.9800904977375565,0.009892086330935251,-0.9804096170970614,0.009499136442141624,-0.981180496150556,0.048458149779735685,-0.907563025210084,0.14102564102564102,-0.7528089887640449,13.818181818181818,0.8650306748466258,1.5833333333333333,0.22580645161290322,0.4418604651162791,-0.3870967741935484,0.17861339600470036,-0.6969092721834497,0.13893967093235832,-0.7560192616372392,0.1366906474820144,-0.759493670886076,0.13126079447322972,-0.76793893129771,0.6696035242290749,-0.19788918205804748,1.9487179487179487,0.3217391304347826,8.727272727272727,0.794392523364486,0.631578947368421,-0.22580645161290322,0.27906976744186046,-0.5636363636363636,0.1128084606345476,-0.7972544878563886,0.08775137111517367,-0.838655462184874,0.08633093525179857,-0.8410596026490066,0.08290155440414508,-0.84688995215311,0.42290748898678415,-0.4055727554179567,1.2307692307692308,0.10344827586206896,31.272727272727273,0.9380281690140845,2.263157894736842,0.3870967741935484,3.5833333333333335,0.5636363636363636,0.40423031727379555,-0.42426778242677826,0.31444241316270566,-0.521557719054242,0.30935251798561153,-0.5274725274725275,0.2970639032815199,-0.5419440745672437,1.5154185022026432,0.20490367775831875,4.410256410256411,0.6303317535545023,77.36363636363636,0.974477958236659,5.598684210526316,0.6969092721834497,8.864583333333334,0.7972544878563886,2.4738372093023258,0.42426778242677826,0.7778793418647166,-0.1249357326478149,0.7652877697841727,-0.13295975547631178,0.7348877374784111,-0.1528123444499751,3.748898678414097,0.5788497217068646,10.91025641025641,0.8320775026910656,99.45454545454545,0.9800904977375565,7.197368421052632,0.7560192616372392,11.395833333333334,0.838655462184874,3.1802325581395348,0.521557719054242,1.2855464159811987,0.1249357326478149,0.9838129496402878,-0.008159564823209429,0.9447322970639033,-0.028419182948490232,4.819383259911894,0.6563209689629069,14.025641025641026,0.8668941979522184,101.0909090909091,0.9804096170970614,7.315789473684211,0.759493670886076,11.583333333333334,0.8410596026490066,3.2325581395348837,0.5274725274725275,1.3066980023501762,0.13295975547631178,1.016453382084095,0.008159564823209429,0.9602763385146805,-0.02026431718061674,4.898678414096916,0.6609410007468259,14.256410256410257,0.8689075630252101,105.27272727272727,0.981180496150556,7.618421052631579,0.76793893129771,12.0625,0.84688995215311,3.366279069767442,0.5419440745672437,1.3607520564042304,0.1528123444499751,1.0585009140767825,0.028419182948490232,1.04136690647482,0.02026431718061674,5.101321585903084,0.672202166064982,14.846153846153847,0.8737864077669902,20.636363636363637,0.907563025210084,1.493421052631579,0.19788918205804748,2.3645833333333335,0.4055727554179567,0.6598837209302325,-0.20490367775831875,0.26674500587544064,-0.5788497217068646,0.20749542961608775,-0.6563209689629069,0.20413669064748202,-0.6609410007468259,0.19602763385146804,-0.672202166064982,2.91025641025641,0.4885245901639344,7.090909090909091,0.7528089887640449,0.5131578947368421,-0.3217391304347826,0.8125,-0.10344827586206896,0.22674418604651161,-0.6303317535545023,0.09165687426556991,-0.8320775026910656,0.0712979890310786,-0.8668941979522184,0.07014388489208633,-0.8689075630252101,0.06735751295336788,-0.8737864077669902,0.3436123348017621,-0.4885245901639344
7.52,864,598,420,613,506,861,1673,1957,1859,2078,-0.09562109,0.6851549755301795,-0.1868344627299129,0.8300395256916996,-0.09287257019438445,0.4878048780487805,-0.3442622950819672,0.2510460251046025,-0.5986622073578596,0.21461420541645376,-0.6466133782078249,0.22592791823561054,-0.6314172882843352,0.20211742059672763,-0.6637309847878302,0.4861111111111111,-0.34579439252336447,0.7023411371237458,-0.17485265225933203,1.4595238095238094,0.1868344627299129,1.2114624505928853,0.09562109025915996,0.7119628339140535,-0.16824966078697423,0.36640765092647937,-0.4636920384951881,0.31323454266734796,-0.5229571984435798,0.32974717590102204,-0.5040453074433657,0.29499518768046196,-0.5444072835377183,0.7094907407407407,-0.16993906567366282,1.0250836120401339,0.012386457473162676,1.2047619047619047,0.09287257019438445,0.8254486133768353,-0.09562109025915996,0.5876887340301974,-0.25969275786393564,0.30245068738792585,-0.5355667737494263,0.2585590189064895,-0.5891189606171335,0.27218934911242604,-0.5720930232558139,0.2435033686236766,-0.608359133126935,0.5856481481481481,-0.2613138686131387,0.8461538461538461,-0.08333333333333333,2.05,0.3442622950819672,1.404567699836868,0.16824966078697423,1.7015810276679841,0.25969275786393564,0.5146443514644351,-0.32044198895027626,0.4399591211037302,-0.38892831795599714,0.4631522323830016,-0.3669117647058823,0.4143407122232916,-0.41408642395372575,0.9965277777777778,-0.0017391304347826088,1.439799331103679,0.1802604523646333,3.9833333333333334,0.5986622073578596,2.729200652528548,0.4636920384951881,3.3063241106719365,0.5355667737494263,1.943089430894309,0.32044198895027626,0.8548799182422074,-0.07823691460055096,0.8999462076385153,-0.05266138165345413,0.8051010587102984,-0.10797120767795254,1.9363425925925926,0.318880567599527,2.797658862876254,0.47335975341259356,4.65952380952381,0.6466133782078249,3.1924959216965743,0.5229571984435798,3.867588932806324,0.5891189606171335,2.272938443670151,0.38892831795599714,1.1697549312612074,0.07823691460055096,1.0527165142549757,0.025681341719077568,0.9417709335899904,-0.029987608426270136,2.2650462962962963,0.38745125841900036,3.2725752508361206,0.5318982387475538,4.4261904761904765,0.6314172882843352,3.032626427406199,0.5040453074433657,3.6739130434782608,0.5720930232558139,2.1591173054587687,0.3669117647058823,1.1111775254034668,0.05266138165345413,0.9499233520694941,-0.025681341719077568,0.8946102021174206,-0.055626111252222506,2.1516203703703702,0.3654058024237973,3.108695652173913,0.5132275132275133,4.947619047619048,0.6637309847878302,3.3898858075040783,0.5444072835377183,4.106719367588933,0.608359133126935,2.413472706155633,0.41408642395372575,1.242080095636581,0.10797120767795254,1.0618293306080735,0.029987608426270136,1.1178052716514255,0.055626111252222506,2.4050925925925926,0.4126444595513256,3.4749163879598663,0.5530642750373692,2.057142857142857,0.34579439252336447,1.4094616639477977,0.16993906567366282,1.7075098814229248,0.2613138686131387,1.0034843205574913,0.0017391304347826088,0.5164375373580394,-0.318880567599527,0.44149207971384774,-0.38745125841900036,0.4647660032275417,-0.3654058024237973,0.4157844080846968,-0.4126444595513256,1.4448160535117056,0.18194254445964433,1.4238095238095239,0.17485265225933203,0.9755301794453507,-0.012386457473162676,1.1818181818181819,0.08333333333333333,0.6945412311265969,-0.1802604523646333,0.3574417214584579,-0.47335975341259356,0.30556974961676037,-0.5318982387475538,0.32167832167832167,-0.5132275132275133,0.287776708373436,-0.5530642750373692,0.6921296296296297,-0.18194254445964433
1.63,742,512,255,431,329,684,1437,1671,1708,1835,-0.134210526,0.5916473317865429,-0.2565597667638484,0.7750759878419453,-0.1267123287671233,0.37280701754385964,-0.45686900958466453,0.17745302713987474,-0.6985815602836879,0.1526032315978456,-0.735202492211838,0.14929742388758782,-0.7401935812531839,0.13896457765667575,-0.7559808612440191,0.3436657681940701,-0.4884653961885657,0.498046875,-0.3350717079530639,1.6901960784313725,0.2565597667638484,1.3100303951367782,0.13421052631578947,0.6301169590643275,-0.22690582959641256,0.29993041057759223,-0.538543897216274,0.2579293836026332,-0.5899143672692674,0.25234192037470726,-0.5970079476390837,0.23487738419618528,-0.6195939982347749,0.5808625336927223,-0.2651321398124467,0.841796875,-0.08589607635206786,1.2901960784313726,0.1267123287671233,0.7633410672853829,-0.13421052631578947,0.48099415204678364,-0.3504442250740375,0.22894919972164232,-0.6274065685164213,0.1968880909634949,-0.671,0.19262295081967212,-0.6769759450171822,0.179291553133515,-0.6959334565619224,0.44339622641509435,-0.38562091503267976,0.642578125,-0.21759809750297265,2.6823529411764704,0.45686900958466453,1.5870069605568446,0.22690582959641256,2.0790273556231003,0.3504442250740375,0.4759916492693111,-0.355021216407355,0.40933572710951527,-0.4191082802547771,0.40046838407494145,-0.4280936454849498,0.37275204359673025,-0.45692735212385865,0.921832884097035,-0.04067321178120617,1.3359375,0.14381270903010032,5.635294117647059,0.6985815602836879,3.3341067285382833,0.538543897216274,4.367781155015198,0.6274065685164213,2.1008771929824563,0.355021216407355,0.8599640933572711,-0.07528957528957529,0.8413348946135831,-0.0861685214626391,0.7831062670299728,-0.12163814180929096,1.9366576819407009,0.3189536484625975,2.806640625,0.4746023601847101,6.552941176470588,0.735202492211838,3.8770301624129933,0.5899143672692674,5.079027355623101,0.671,2.442982456140351,0.4191082802547771,1.162839248434238,0.07528957528957529,0.9783372365339579,-0.010949985202722699,0.9106267029972752,-0.04677695379349686,2.252021563342318,0.3849979278905926,3.263671875,0.5309207512597343,6.698039215686275,0.7401935812531839,3.9628770301624128,0.5970079476390837,5.191489361702128,0.6769759450171822,2.497076023391813,0.4280936454849498,1.1885873347251217,0.0861685214626391,1.0221424296828248,0.010949985202722699,0.9307901907356948,-0.0358453288173864,2.30188679245283,0.3942857142857143,3.3359375,0.5387387387387388,7.196078431372549,0.7559808612440191,4.25754060324826,0.6195939982347749,5.577507598784194,0.6959334565619224,2.6827485380116958,0.45692735212385865,1.2769659011830201,0.12163814180929096,1.0981448234590065,0.04677695379349686,1.0743559718969555,0.0358453288173864,2.473045822102426,0.42413659293752426,3.583984375,0.5636983383042181,2.9098039215686273,0.4884653961885657,1.7215777262180973,0.2651321398124467,2.25531914893617,0.38562091503267976,1.0847953216374269,0.04067321178120617,0.5163535142658316,-0.3189536484625975,0.4440454817474566,-0.3849979278905926,0.4344262295081967,-0.3942857142857143,0.40435967302452314,-0.42413659293752426,1.44921875,0.18341307814992025,2.007843137254902,0.3350717079530639,1.1879350348027842,0.08589607635206786,1.5562310030395137,0.21759809750297265,0.7485380116959064,-0.14381270903010032,0.3562978427279054,-0.4746023601847101,0.3064033512866547,-0.5309207512597343,0.2997658079625293,-0.5387387387387388,0.2790190735694823,-0.5636983383042181,0.6900269541778976,-0.18341307814992025
1.73,405,155,155,235,132,435,1270,1572,1495,1610,-0.280653951,0.6595744680851063,-0.20512820512820512,1.1742424242424243,0.08013937282229965,0.3563218390804598,-0.4745762711864407,0.1220472440944882,-0.7824561403508772,0.09860050890585242,-0.8204979733642154,0.10367892976588629,-0.8121212121212121,0.09627329192546584,-0.8243626062322946,0.38271604938271603,-0.44642857142857145,1.0,0.0,1.5161290322580645,0.20512820512820512,1.7803030303030303,0.28065395095367845,0.5402298850574713,-0.29850746268656714,0.18503937007874016,-0.6877076411960132,0.1494910941475827,-0.7399003873824018,0.15719063545150502,-0.7283236994219653,0.14596273291925466,-0.7452574525745257,0.5802469135802469,-0.265625,1.5161290322580645,0.20512820512820512,0.8516129032258064,-0.08013937282229965,0.5617021276595745,-0.28065395095367845,0.30344827586206896,-0.5343915343915344,0.10393700787401575,-0.81169757489301,0.08396946564885496,-0.8450704225352113,0.0882943143812709,-0.8377381684081131,0.08198757763975155,-0.8484500574052812,0.32592592592592595,-0.5083798882681564,0.8516129032258064,-0.08013937282229965,2.806451612903226,0.4745762711864407,1.851063829787234,0.29850746268656714,3.2954545454545454,0.5343915343915344,0.3425196850393701,-0.4897360703812317,0.2767175572519084,-0.5665171898355755,0.2909698996655518,-0.5492227979274611,0.2701863354037267,-0.5745721271393643,1.0740740740740742,0.03571428571428571,2.806451612903226,0.4745762711864407,8.193548387096774,0.7824561403508772,5.404255319148936,0.6877076411960132,9.621212121212121,0.81169757489301,2.9195402298850577,0.4897360703812317,0.8078880407124682,-0.10626319493314568,0.8494983277591973,-0.081374321880651,0.7888198757763976,-0.11805555555555555,3.1358024691358026,0.5164179104477612,8.193548387096774,0.7824561403508772,10.141935483870968,0.8204979733642154,6.68936170212766,0.7399003873824018,11.909090909090908,0.8450704225352113,3.613793103448276,0.5665171898355755,1.2377952755905512,0.10626319493314568,1.051505016722408,0.025105966742745355,0.9763975155279503,-0.011942174732872407,3.8814814814814813,0.590288315629742,10.141935483870968,0.8204979733642154,9.64516129032258,0.8121212121212121,6.361702127659575,0.7283236994219653,11.325757575757576,0.8377381684081131,3.4367816091954024,0.5492227979274611,1.1771653543307086,0.081374321880651,0.9510178117048346,-0.025105966742745355,0.9285714285714286,-0.037037037037037035,3.691358024691358,0.5736842105263158,9.64516129032258,0.8121212121212121,10.387096774193548,0.8243626062322946,6.851063829787234,0.7452574525745257,12.196969696969697,0.8484500574052812,3.7011494252873565,0.5745721271393643,1.2677165354330708,0.11805555555555555,1.0241730279898218,0.011942174732872407,1.0769230769230769,0.037037037037037035,3.9753086419753085,0.598014888337469,10.387096774193548,0.8243626062322946,2.6129032258064515,0.44642857142857145,1.7234042553191489,0.265625,3.0681818181818183,0.5083798882681564,0.9310344827586207,-0.03571428571428571,0.3188976377952756,-0.5164179104477612,0.25763358778625955,-0.590288315629742,0.2709030100334448,-0.5736842105263158,0.2515527950310559,-0.598014888337469,2.6129032258064515,0.44642857142857145,1.0,0.0,0.6595744680851063,-0.20512820512820512,1.1742424242424243,0.08013937282229965,0.3563218390804598,-0.4745762711864407,0.1220472440944882,-0.7824561403508772,0.09860050890585242,-0.8204979733642154,0.10367892976588629,-0.8121212121212121,0.09627329192546584,-0.8243626062322946,0.38271604938271603,-0.44642857142857145
23.25,203,76,85,148,76,251,745,958,1018,1040,-0.321428571,0.5743243243243243,-0.2703862660944206,1.118421052631579,0.055900621118012424,0.3386454183266932,-0.49404761904761907,0.11409395973154363,-0.7951807228915663,0.08872651356993737,-0.8370086289549377,0.08349705304518663,-0.8458748866727108,0.08173076923076923,-0.8488888888888889,0.4187192118226601,-0.4097222222222222,1.118421052631579,0.055900621118012424,1.7411764705882353,0.2703862660944206,1.9473684210526316,0.32142857142857145,0.5896414342629482,-0.2581453634085213,0.19865771812080538,-0.6685330347144457,0.1544885177453027,-0.7323688969258589,0.14538310412573674,-0.7461406518010292,0.1423076923076923,-0.7508417508417509,0.729064039408867,-0.15669515669515668,1.9473684210526316,0.32142857142857145,0.8941176470588236,-0.055900621118012424,0.5135135135135135,-0.32142857142857145,0.30278884462151395,-0.5351681957186545,0.10201342281879194,-0.8148599269183922,0.07933194154488518,-0.8529980657640233,0.07465618860510806,-0.8610603290676416,0.07307692307692308,-0.8637992831541219,0.37438423645320196,-0.4551971326164875,1.0,0.0,2.9529411764705884,0.49404761904761907,1.695945945945946,0.2581453634085213,3.3026315789473686,0.5351681957186545,0.33691275167785234,-0.4959839357429719,0.2620041753653445,-0.5847808105872622,0.24656188605108054,-0.6044129235618597,0.24134615384615385,-0.611154144074361,1.2364532019704433,0.10572687224669604,3.3026315789473686,0.5351681957186545,8.764705882352942,0.7951807228915663,5.033783783783784,0.6685330347144457,9.802631578947368,0.8148599269183922,2.9681274900398407,0.4959839357429719,0.7776617954070981,-0.1250733998825602,0.731827111984283,-0.15484968803176405,0.7163461538461539,-0.16526610644257703,3.6699507389162562,0.5717299578059072,9.802631578947368,0.8148599269183922,11.270588235294118,0.8370086289549377,6.472972972972973,0.7323688969258589,12.605263157894736,0.8529980657640233,3.816733067729084,0.5847808105872622,1.2859060402684563,0.1250733998825602,0.9410609037328095,-0.030364372469635626,0.9211538461538461,-0.04104104104104104,4.719211822660099,0.6503014642549526,12.605263157894736,0.8529980657640233,11.976470588235294,0.8458748866727108,6.878378378378378,0.7461406518010292,13.394736842105264,0.8610603290676416,4.055776892430279,0.6044129235618597,1.3664429530201343,0.15484968803176405,1.0626304801670146,0.030364372469635626,0.9788461538461538,-0.010689990281827016,5.014778325123153,0.6674856674856675,13.394736842105264,0.8610603290676416,12.235294117647058,0.8488888888888889,7.027027027027027,0.7508417508417509,13.68421052631579,0.8637992831541219,4.143426294820717,0.611154144074361,1.395973154362416,0.16526610644257703,1.0855949895615866,0.04104104104104104,1.0216110019646365,0.010689990281827016,5.123152709359606,0.6733708769107,13.68421052631579,0.8637992831541219,2.388235294117647,0.4097222222222222,1.3716216216216217,0.15669515669515668,2.6710526315789473,0.4551971326164875,0.8087649402390438,-0.10572687224669604,0.27248322147651005,-0.5717299578059072,0.21189979123173278,-0.6503014642549526,0.1994106090373281,-0.6674856674856675,0.1951923076923077,-0.6733708769107,2.6710526315789473,0.4551971326164875,0.8941176470588236,-0.055900621118012424,0.5135135135135135,-0.32142857142857145,1.0,0.0,0.30278884462151395,-0.5351681957186545,0.10201342281879194,-0.8148599269183922,0.07933194154488518,-0.8529980657640233,0.07465618860510806,-0.8610603290676416,0.07307692307692308,-0.8637992831541219,0.37438423645320196,-0.4551971326164875
41.88,207,70,13,127,70,237,726,1137,1066,1083,-0.289340102,0.10236220472440945,-0.8142857142857143,0.18571428571428572,-0.6867469879518072,0.05485232067510549,-0.896,0.01790633608815427,-0.9648173207036536,0.011433597185576077,-0.9773913043478261,0.012195121951219513,-0.9759036144578314,0.012003693444136657,-0.9762773722627737,0.06280193236714976,-0.8818181818181818,0.18571428571428572,-0.6867469879518072,9.76923076923077,0.8142857142857143,1.8142857142857143,0.2893401015228426,0.5358649789029536,-0.3021978021978022,0.174931129476584,-0.7022274325908558,0.11169744942832015,-0.7990506329113924,0.11913696060037524,-0.7870913663034367,0.1172668513388735,-0.7900826446280992,0.6135265700483091,-0.23952095808383234,1.8142857142857143,0.2893401015228426,5.384615384615385,0.6867469879518072,0.5511811023622047,-0.2893401015228426,0.29535864978902954,-0.5439739413680782,0.09641873278236915,-0.8241206030150754,0.06156552330694811,-0.884009942004971,0.06566604127579738,-0.8767605633802817,0.06463527239150507,-0.8785776235906332,0.33816425120772947,-0.49458483754512633,1.0,0.0,18.23076923076923,0.896,1.8661417322834646,0.3021978021978022,3.3857142857142857,0.5439739413680782,0.32644628099173556,-0.5077881619937694,0.20844327176781002,-0.6550218340611353,0.2223264540337711,-0.6362240982348427,0.2188365650969529,-0.6409090909090909,1.144927536231884,0.06756756756756757,3.3857142857142857,0.5439739413680782,55.84615384615385,0.9648173207036536,5.716535433070866,0.7022274325908558,10.371428571428572,0.8241206030150754,3.0632911392405062,0.5077881619937694,0.6385224274406333,-0.22061191626409019,0.6810506566604128,-0.18973214285714285,0.6703601108033241,-0.19734660033167495,3.5072463768115942,0.5562700964630225,10.371428571428572,0.8241206030150754,87.46153846153847,0.9773913043478261,8.952755905511811,0.7990506329113924,16.242857142857144,0.884009942004971,4.7974683544303796,0.6550218340611353,1.5661157024793388,0.22061191626409019,1.0666041275797373,0.03222877893781208,1.0498614958448753,0.024324324324324326,5.492753623188406,0.6919642857142857,16.242857142857144,0.884009942004971,82.0,0.9759036144578314,8.393700787401574,0.7870913663034367,15.228571428571428,0.8767605633802817,4.4978902953586495,0.6362240982348427,1.4683195592286502,0.18973214285714285,0.9375549692172384,-0.03222877893781208,0.984302862419206,-0.007910656119125175,5.14975845410628,0.6747839748625295,15.228571428571428,0.8767605633802817,83.3076923076923,0.9762773722627737,8.527559055118111,0.7900826446280992,15.471428571428572,0.8785776235906332,4.569620253164557,0.6409090909090909,1.4917355371900827,0.19734660033167495,0.9525065963060686,-0.024324324324324326,1.0159474671669793,0.007910656119125175,5.231884057971015,0.6790697674418604,15.471428571428572,0.8785776235906332,15.923076923076923,0.8818181818181818,1.6299212598425197,0.23952095808383234,2.9571428571428573,0.49458483754512633,0.8734177215189873,-0.06756756756756757,0.28512396694214875,-0.5562700964630225,0.1820580474934037,-0.6919642857142857,0.19418386491557224,-0.6747839748625295,0.19113573407202217,-0.6790697674418604,2.9571428571428573,0.49458483754512633,5.384615384615385,0.6867469879518072,0.5511811023622047,-0.2893401015228426,1.0,0.0,0.29535864978902954,-0.5439739413680782,0.09641873278236915,-0.8241206030150754,0.06156552330694811,-0.884009942004971,0.06566604127579738,-0.8767605633802817,0.06463527239150507,-0.8785776235906332,0.33816425120772947,-0.49458483754512633
0.47,244,98,10,143,82,218,653,918,854,998,-0.271111111,0.06993006993006994,-0.869281045751634,0.12195121951219512,-0.782608695652174,0.045871559633027525,-0.9122807017543859,0.015313935681470138,-0.9698340874811463,0.010893246187363835,-0.978448275862069,0.0117096018735363,-0.9768518518518519,0.01002004008016032,-0.9801587301587301,0.040983606557377046,-0.9212598425196851,0.10204081632653061,-0.8148148148148148,14.3,0.869281045751634,1.7439024390243902,0.27111111111111114,0.6559633027522935,-0.2077562326869806,0.21898928024502298,-0.6407035175879398,0.15577342047930284,-0.7304429783223374,0.16744730679156908,-0.7131394182547643,0.1432865731462926,-0.7493426818580193,0.5860655737704918,-0.26098191214470284,1.4591836734693877,0.18672199170124482,8.2,0.782608695652174,0.5734265734265734,-0.27111111111111114,0.3761467889908257,-0.4533333333333333,0.12557427258805512,-0.7768707482993197,0.08932461873638345,-0.836,0.09601873536299765,-0.8247863247863247,0.08216432865731463,-0.8481481481481481,0.3360655737704918,-0.49693251533742333,0.8367346938775511,-0.08888888888888889,21.8,0.9122807017543859,1.5244755244755244,0.2077562326869806,2.658536585365854,0.4533333333333333,0.333843797856049,-0.49942594718714123,0.2374727668845316,-0.6161971830985915,0.25526932084309134,-0.5932835820895522,0.218436873747495,-0.6414473684210527,0.8934426229508197,-0.05627705627705628,2.2244897959183674,0.379746835443038,65.3,0.9698340874811463,4.566433566433567,0.6407035175879398,7.963414634146342,0.7768707482993197,2.9954128440366974,0.49942594718714123,0.7113289760348583,-0.16868236791852323,0.7646370023419203,-0.1333775713337757,0.654308617234469,-0.2089642640823743,2.6762295081967213,0.4559643255295429,6.663265306122449,0.7390146471371505,91.8,0.978448275862069,6.419580419580419,0.7304429783223374,11.195121951219512,0.836,4.2110091743119265,0.6161971830985915,1.4058192955589586,0.16868236791852323,1.0749414519906324,0.03611738148984198,0.9198396793587175,-0.04175365344467641,3.762295081967213,0.5800344234079173,9.36734693877551,0.8070866141732284,85.4,0.9768518518518519,5.972027972027972,0.7131394182547643,10.414634146341463,0.8247863247863247,3.9174311926605503,0.5932835820895522,1.3078101071975499,0.1333775713337757,0.9302832244008714,-0.03611738148984198,0.8557114228456913,-0.07775377969762419,3.5,0.5555555555555556,8.714285714285714,0.7941176470588235,99.8,0.9801587301587301,6.979020979020979,0.7493426818580193,12.170731707317072,0.8481481481481481,4.577981651376147,0.6414473684210527,1.5283307810107198,0.2089642640823743,1.0871459694989107,0.04175365344467641,1.1686182669789227,0.07775377969762419,4.090163934426229,0.607085346215781,10.183673469387756,0.8211678832116789,24.4,0.9212598425196851,1.7062937062937062,0.26098191214470284,2.975609756097561,0.49693251533742333,1.1192660550458715,0.05627705627705628,0.37366003062787134,-0.4559643255295429,0.2657952069716776,-0.5800344234079173,0.2857142857142857,-0.5555555555555556,0.24448897795591182,-0.607085346215781,2.489795918367347,0.4269005847953216,9.8,0.8148148148148148,0.6853146853146853,-0.18672199170124482,1.1951219512195121,0.08888888888888889,0.44954128440366975,-0.379746835443038,0.15007656967840735,-0.7390146471371505,0.10675381263616558,-0.8070866141732284,0.11475409836065574,-0.7941176470588235,0.09819639278557114,-0.8211678832116789,0.4016393442622951,-0.4269005847953216
1.61,537,358,370,518,436,714,1204,1459,1447,1514,-0.085953878,0.7142857142857143,-0.16666666666666666,0.8486238532110092,-0.08188585607940446,0.5182072829131653,-0.3173431734317343,0.3073089700996678,-0.5298602287166455,0.25359835503769707,-0.5954073264078732,0.25570145127850724,-0.592735277930655,0.24438573315719947,-0.6072186836518046,0.6890130353817505,-0.18412348401323042,1.0335195530726258,0.016483516483516484,1.4,0.16666666666666666,1.188073394495413,0.0859538784067086,0.7254901960784313,-0.1590909090909091,0.43023255813953487,-0.3983739837398374,0.3550376970527759,-0.4759736975214972,0.35798203178991017,-0.4727735368956743,0.34214002642007924,-0.49015748031496065,0.9646182495344506,-0.01800947867298578,1.446927374301676,0.182648401826484,1.1783783783783783,0.08188585607940446,0.8416988416988417,-0.0859538784067086,0.6106442577030813,-0.2417391304347826,0.36212624584717606,-0.4682926829268293,0.2988348183687457,-0.5398416886543536,0.3013130615065653,-0.5369091874668083,0.28797886393659183,-0.5528205128205128,0.8119180633147114,-0.10380267214799589,1.217877094972067,0.0982367758186398,1.9297297297297298,0.3173431734317343,1.3783783783783783,0.1590909090909091,1.6376146788990826,0.2417391304347826,0.5930232558139535,-0.25547445255474455,0.4893762851267992,-0.3428439944776806,0.4934346924671735,-0.33919481721425265,0.4715984147952444,-0.3590664272890485,1.329608938547486,0.14148681055155876,1.994413407821229,0.332089552238806,3.254054054054054,0.5298602287166455,2.324324324324324,0.3983739837398374,2.761467889908257,0.4682926829268293,1.6862745098039216,0.25547445255474455,0.8252227553118574,-0.09575666541494555,0.8320663441603318,-0.09166352319879291,0.7952443857331571,-0.11405445180279618,2.2420856610800746,0.38311315336013785,3.363128491620112,0.5416133162612036,3.943243243243243,0.5954073264078732,2.8166023166023164,0.4759736975214972,3.346330275229358,0.5398416886543536,2.0434173669467786,0.3428439944776806,1.2117940199335548,0.09575666541494555,1.008293020041465,0.0041293874741913286,0.9636723910171731,-0.01849983181971073,2.716945996275605,0.4619238476953908,4.075418994413408,0.6059438635112824,3.9108108108108106,0.592735277930655,2.7934362934362933,0.4727735368956743,3.3188073394495414,0.5369091874668083,2.026610644257703,0.33919481721425265,1.201827242524917,0.09166352319879291,0.9917751884852639,-0.0041293874741913286,0.9557463672391017,-0.022627490712597096,2.6945996275605215,0.4586693548387097,4.0418994413407825,0.6033240997229917,4.091891891891892,0.6072186836518046,2.922779922779923,0.49015748031496065,3.4724770642201834,0.5528205128205128,2.1204481792717087,0.3590664272890485,1.2574750830564785,0.11405445180279618,1.037697052775874,0.01849983181971073,1.0463026952315135,0.022627490712597096,2.819366852886406,0.4763529985372989,4.229050279329609,0.6175213675213675,1.4513513513513514,0.18412348401323042,1.0366795366795367,0.01800947867298578,1.231651376146789,0.10380267214799589,0.7521008403361344,-0.14148681055155876,0.44601328903654486,-0.38311315336013785,0.3680603152844414,-0.4619238476953908,0.3711126468555632,-0.4586693548387097,0.35468956406869223,-0.4763529985372989,1.5,0.2,0.9675675675675676,-0.016483516483516484,0.6911196911196911,-0.182648401826484,0.8211009174311926,-0.0982367758186398,0.5014005602240896,-0.332089552238806,0.2973421926910299,-0.5416133162612036,0.24537354352296092,-0.6059438635112824,0.24740843123704215,-0.6033240997229917,0.23645970937912814,-0.6175213675213675,0.6666666666666666,-0.2
0.74,307,130,23,167,89,296,860,1165,1172,1275,-0.3046875,0.1377245508982036,-0.7578947368421053,0.25842696629213485,-0.5892857142857143,0.0777027027027027,-0.8557993730407524,0.026744186046511628,-0.9479048697621744,0.019742489270386267,-0.9612794612794613,0.01962457337883959,-0.9615062761506277,0.01803921568627451,-0.9645608628659477,0.0749185667752443,-0.8606060606060606,0.17692307692307693,-0.6993464052287581,7.260869565217392,0.7578947368421053,1.8764044943820224,0.3046875,0.5641891891891891,-0.2786177105831533,0.1941860465116279,-0.6747809152872444,0.14334763948497853,-0.7492492492492493,0.14249146757679182,-0.7505601194921583,0.13098039215686275,-0.768377253814147,0.5439739413680782,-0.29535864978902954,1.2846153846153847,0.12457912457912458,3.869565217391304,0.5892857142857143,0.5329341317365269,-0.3046875,0.30067567567567566,-0.5376623376623376,0.10348837209302325,-0.8124341412012644,0.07639484978540773,-0.8580542264752791,0.07593856655290103,-0.8588421887390959,0.06980392156862746,-0.8695014662756598,0.2899022801302932,-0.5505050505050505,0.6846153846153846,-0.1872146118721461,12.869565217391305,0.8557993730407524,1.7724550898203593,0.2786177105831533,3.3258426966292136,0.5376623376623376,0.34418604651162793,-0.48788927335640137,0.25407725321888414,-0.594798083504449,0.2525597269624573,-0.5967302452316077,0.23215686274509803,-0.6231699554423934,0.9641693811074918,-0.01824212271973466,2.276923076923077,0.38967136150234744,37.391304347826086,0.9479048697621744,5.149700598802395,0.6747809152872444,9.662921348314606,0.8124341412012644,2.9054054054054053,0.48788927335640137,0.7381974248927039,-0.1506172839506173,0.7337883959044369,-0.15354330708661418,0.6745098039215687,-0.19437939110070257,2.801302931596091,0.47386461011139674,6.615384615384615,0.7373737373737373,50.65217391304348,0.9612794612794613,6.976047904191617,0.7492492492492493,13.089887640449438,0.8580542264752791,3.935810810810811,0.594798083504449,1.3546511627906976,0.1506172839506173,0.9940273037542662,-0.002995293110825845,0.9137254901960784,-0.045081967213114756,3.794788273615635,0.5828804347826086,8.961538461538462,0.7992277992277992,50.95652173913044,0.9615062761506277,7.017964071856287,0.7505601194921583,13.168539325842696,0.8588421887390959,3.9594594594594597,0.5967302452316077,1.3627906976744186,0.15354330708661418,1.0060085836909871,0.002995293110825845,0.9192156862745098,-0.042092357989374746,3.817589576547231,0.5848546315077755,9.015384615384615,0.8003072196620584,55.43478260869565,0.9645608628659477,7.634730538922156,0.768377253814147,14.325842696629213,0.8695014662756598,4.3074324324324325,0.6231699554423934,1.4825581395348837,0.19437939110070257,1.094420600858369,0.045081967213114756,1.0878839590443685,0.042092357989374746,4.153094462540716,0.6118836915297092,9.807692307692308,0.8149466192170819,13.347826086956522,0.8606060606060606,1.8383233532934131,0.29535864978902954,3.449438202247191,0.5505050505050505,1.037162162162162,0.01824212271973466,0.3569767441860465,-0.47386461011139674,0.263519313304721,-0.5828804347826086,0.2619453924914676,-0.5848546315077755,0.2407843137254902,-0.6118836915297092,2.3615384615384616,0.40503432494279173,5.6521739130434785,0.6993464052287581,0.7784431137724551,-0.12457912457912458,1.4606741573033708,0.1872146118721461,0.4391891891891892,-0.38967136150234744,0.1511627906976744,-0.7373737373737373,0.11158798283261803,-0.7992277992277992,0.11092150170648464,-0.8003072196620584,0.10196078431372549,-0.8149466192170819,0.4234527687296417,-0.40503432494279173
0.52,417,250,214,318,214,448,971,1229,1150,1194,-0.195488722,0.6729559748427673,-0.19548872180451127,1.0,0.0,0.47767857142857145,-0.35347432024169184,0.2203913491246138,-0.6388185654008439,0.1741253051261188,-0.7033957033957033,0.18608695652173912,-0.6862170087976539,0.17922948073701842,-0.6960227272727273,0.513189448441247,-0.32171156893819336,0.856,-0.07758620689655173,1.485981308411215,0.19548872180451127,1.485981308411215,0.19548872180451127,0.7098214285714286,-0.16971279373368145,0.3274974253347065,-0.5065942591155935,0.25874694873881204,-0.5888817065287654,0.27652173913043476,-0.5667574931880109,0.2663316582914573,-0.5793650793650794,0.762589928057554,-0.1346938775510204,1.272,0.11971830985915492,1.0,0.0,0.6729559748427673,-0.19548872180451127,0.47767857142857145,-0.35347432024169184,0.2203913491246138,-0.6388185654008439,0.1741253051261188,-0.7033957033957033,0.18608695652173912,-0.6862170087976539,0.17922948073701842,-0.6960227272727273,0.513189448441247,-0.32171156893819336,0.856,-0.07758620689655173,2.0934579439252334,0.35347432024169184,1.4088050314465408,0.16971279373368145,2.0934579439252334,0.35347432024169184,0.46138002059732236,-0.36856941508104296,0.3645240032546786,-0.4657125819916518,0.38956521739130434,-0.43929912390488113,0.37520938023450584,-0.4543239951278928,1.0743405275779376,0.035838150289017344,1.792,0.2836676217765043,4.537383177570093,0.6388185654008439,3.0534591194968552,0.5065942591155935,4.537383177570093,0.6388185654008439,2.1674107142857144,0.36856941508104296,0.790073230268511,-0.11727272727272728,0.8443478260869566,-0.0843941537010844,0.8132328308207705,-0.10300230946882218,2.328537170263789,0.39913544668587897,3.884,0.5904995904995906,5.742990654205608,0.7033957033957033,3.8647798742138364,0.5888817065287654,5.742990654205608,0.7033957033957033,2.7433035714285716,0.4657125819916518,1.2657054582904221,0.11727272727272728,1.068695652173913,0.0332072299285414,1.0293132328308208,0.014444903012794058,2.947242206235012,0.4933171324422843,4.916,0.6619337390128465,5.373831775700935,0.6862170087976539,3.6163522012578615,0.5667574931880109,5.373831775700935,0.6862170087976539,2.5669642857142856,0.43929912390488113,1.184346035015448,0.0843941537010844,0.935720097640358,-0.0332072299285414,0.9631490787269682,-0.01877133105802048,2.7577937649880098,0.46777281429483086,4.6,0.6428571428571429,5.579439252336448,0.6960227272727273,3.7547169811320753,0.5793650793650794,5.579439252336448,0.6960227272727273,2.6651785714285716,0.4543239951278928,1.2296601441812565,0.10300230946882218,0.9715215622457283,-0.014444903012794058,1.0382608695652173,0.01877133105802048,2.8633093525179856,0.4823091247672253,4.776,0.6537396121883656,1.9485981308411215,0.32171156893819336,1.3113207547169812,0.1346938775510204,1.9485981308411215,0.32171156893819336,0.9308035714285714,-0.035838150289017344,0.4294541709577755,-0.39913544668587897,0.33930024410089504,-0.4933171324422843,0.3626086956521739,-0.46777281429483086,0.3492462311557789,-0.4823091247672253,1.668,0.25037481259370314,1.1682242990654206,0.07758620689655173,0.7861635220125787,-0.11971830985915492,1.1682242990654206,0.07758620689655173,0.5580357142857143,-0.2836676217765043,0.25746652935118436,-0.5904995904995906,0.20341741253051263,-0.6619337390128465,0.21739130434782608,-0.6428571428571429,0.20938023450586266,-0.6537396121883656,0.5995203836930456,-0.25037481259370314
1.54,744,541,1421,1118,834,943,1059,1163,1391,1146,-0.145491803,1.2710196779964222,0.11933832217408429,1.7038369304556356,0.26031042128603105,1.5068928950159066,0.20219966159052452,1.3418319169027384,0.14596774193548387,1.2218400687876183,0.0998452012383901,1.0215672178289001,0.010668563300142247,1.2399650959860384,0.10712894429294897,1.9099462365591398,0.31270207852193993,2.6266173752310538,0.44852191641182465,0.7867698803659395,-0.11933832217408429,1.34052757793765,0.14549180327868852,1.1855779427359492,0.0849102377486657,1.0557129367327667,0.027101515847496555,0.9613069647463457,-0.01972818939061815,0.8037383177570093,-0.10880829015544041,0.9755671902268761,-0.012367491166077738,1.5026881720430108,0.200859291084855,2.066543438077634,0.34779987944544904,0.5869106263194933,-0.26031042128603105,0.7459749552772809,-0.14549180327868852,0.8844114528101803,-0.06133933595948227,0.7875354107648725,-0.11885895404120443,0.7171109200343938,-0.16474712068102154,0.599568655643422,-0.2503370786516854,0.7277486910994765,-0.15757575757575756,1.1209677419354838,0.057034220532319393,1.5415896487985212,0.21309090909090908,0.6636171710063336,-0.20219966159052452,0.8434704830053668,-0.0849102377486657,1.130695443645084,0.06133933595948227,0.890462700661001,-0.057942057942057944,0.8108340498710233,-0.10446343779677113,0.6779295470884256,-0.1919451585261354,0.8228621291448517,-0.09717568214456677,1.26747311827957,0.11796087729697688,1.7430683918669132,0.27088948787061995,0.745249824067558,-0.14596774193548387,0.947227191413238,-0.027101515847496555,1.2697841726618706,0.11885895404120443,1.1230116648992576,0.057942057942057944,0.9105760963026656,-0.046804680468046804,0.7613227893601725,-0.13551020408163264,0.9240837696335078,-0.03945578231292517,1.4233870967741935,0.17470881863560733,1.9574861367837337,0.32375,0.8184377199155525,-0.0998452012383901,1.0402504472271914,0.01972818939061815,1.394484412470024,0.16474712068102154,1.2332979851537647,0.10446343779677113,1.0982058545797924,0.046804680468046804,0.8360891445003594,-0.08927173061863743,1.0148342059336823,0.0073624945864010395,1.5631720430107527,0.21971683272155218,2.1497227356746764,0.36502347417840375,0.9788881069669247,-0.010668563300142247,1.244186046511628,0.10880829015544041,1.6678657074340528,0.2503370786516854,1.4750795334040296,0.1919451585261354,1.3135033050047213,0.13551020408163264,1.1960447119518487,0.08927173061863743,1.2137870855148343,0.09657075285770596,1.8696236559139785,0.30304449648711945,2.5711645101663585,0.43995859213250516,0.8064743138634765,-0.10712894429294897,1.0250447227191413,0.012367491166077738,1.3741007194244603,0.15757575757575756,1.215270413573701,0.09717568214456677,1.0821529745042493,0.03945578231292517,0.9853826311263972,-0.0073624945864010395,0.8238677210639828,-0.09657075285770596,1.5403225806451613,0.2126984126984127,2.1182994454713495,0.35862477771191464,0.5235749472202674,-0.31270207852193993,0.6654740608228981,-0.200859291084855,0.8920863309352518,-0.057034220532319393,0.7889713679745494,-0.11796087729697688,0.7025495750708215,-0.17470881863560733,0.6397248495270851,-0.21971683272155218,0.5348670021567218,-0.30304449648711945,0.6492146596858639,-0.2126984126984127,1.3752310536044363,0.15797665369649805,0.3807178043631246,-0.44852191641182465,0.48389982110912344,-0.34779987944544904,0.6486810551558753,-0.21309090909090908,0.5737009544008483,-0.27088948787061995,0.5108593012275732,-0.32375,0.4651762682717111,-0.36502347417840375,0.38892882818116464,-0.43995859213250516,0.4720767888307155,-0.35862477771191464,0.7271505376344086,-0.15797665369649805
0.22,524,294,52,240,95,509,1458,1925,1700,2035,-0.432835821,0.21666666666666667,-0.6438356164383562,0.5473684210526316,-0.2925170068027211,0.10216110019646366,-0.8146167557932263,0.03566529492455418,-0.9311258278145695,0.027012987012987013,-0.947395042994436,0.03058823529411765,-0.9406392694063926,0.025552825552825554,-0.9501677048394825,0.09923664122137404,-0.8194444444444444,0.17687074829931973,-0.6994219653179191,4.615384615384615,0.6438356164383562,2.526315789473684,0.43283582089552236,0.4715127701375246,-0.3591455273698264,0.1646090534979424,-0.7173144876325088,0.12467532467532468,-0.7782909930715936,0.1411764705882353,-0.7525773195876289,0.11793611793611794,-0.789010989010989,0.4580152671755725,-0.3717277486910995,0.8163265306122449,-0.10112359550561797,1.8269230769230769,0.2925170068027211,0.3958333333333333,-0.43283582089552236,0.18664047151277013,-0.6854304635761589,0.06515775034293553,-0.8776561493882807,0.04935064935064935,-0.905940594059406,0.05588235294117647,-0.8941504178272981,0.04668304668304668,-0.9107981220657277,0.18129770992366412,-0.6930533117932148,0.3231292517006803,-0.5115681233933161,9.788461538461538,0.8146167557932263,2.120833333333333,0.3591455273698264,5.3578947368421055,0.6854304635761589,0.34910836762688613,-0.4824605998983223,0.26441558441558444,-0.581758422350041,0.2994117647058824,-0.5391579900407424,0.2501228501228501,-0.5998427672955975,0.9713740458015268,-0.01452081316553727,1.7312925170068028,0.26774595267745954,28.03846153846154,0.9311258278145695,6.075,0.7173144876325088,15.347368421052632,0.8776561493882807,2.864440078585462,0.4824605998983223,0.7574025974025974,-0.13804315696127697,0.8576470588235294,-0.0766307789740342,0.7164619164619165,-0.1651875178929287,2.782442748091603,0.47124117053481335,4.959183673469388,0.6643835616438356,37.01923076923077,0.947395042994436,8.020833333333334,0.7782909930715936,20.263157894736842,0.905940594059406,3.781925343811395,0.581758422350041,1.3203017832647461,0.13804315696127697,1.1323529411764706,0.06206896551724138,0.9459459459459459,-0.027777777777777776,3.6736641221374047,0.5720702327480605,6.5476190476190474,0.7350157728706624,32.69230769230769,0.9406392694063926,7.083333333333333,0.7525773195876289,17.894736842105264,0.8941504178272981,3.3398821218074657,0.5391579900407424,1.1659807956104253,0.0766307789740342,0.8831168831168831,-0.06206896551724138,0.8353808353808354,-0.08969210174029452,3.2442748091603053,0.5287769784172662,5.782312925170068,0.7051153460381143,39.13461538461539,0.9501677048394825,8.479166666666666,0.789010989010989,21.42105263157895,0.9107981220657277,3.99803536345776,0.5998427672955975,1.3957475994513031,0.1651875178929287,1.0571428571428572,0.027777777777777776,1.1970588235294117,0.08969210174029452,3.883587786259542,0.5904650254005471,6.921768707482993,0.7475311292400172,10.076923076923077,0.8194444444444444,2.183333333333333,0.3717277486910995,5.515789473684211,0.6930533117932148,1.0294695481335954,0.01452081316553727,0.35939643347050754,-0.47124117053481335,0.27220779220779223,-0.5720702327480605,0.30823529411764705,-0.5287769784172662,0.2574938574938575,-0.5904650254005471,1.782312925170068,0.28117359413202936,5.653846153846154,0.6994219653179191,1.225,0.10112359550561797,3.094736842105263,0.5115681233933161,0.5776031434184676,-0.26774595267745954,0.20164609053497942,-0.6643835616438356,0.15272727272727274,-0.7350157728706624,0.17294117647058824,-0.7051153460381143,0.14447174447174446,-0.7475311292400172,0.5610687022900763,-0.28117359413202936
1.2,563,295,400,583,413,786,1539,2016,1847,1968,-0.170682731,0.6861063464837049,-0.1861648016276704,0.9685230024213075,-0.015990159901599015,0.5089058524173028,-0.3254637436762226,0.2599090318388564,-0.5874161939143888,0.1984126984126984,-0.6688741721854304,0.2165674066053059,-0.6439697374276814,0.2032520325203252,-0.6621621621621622,0.7104795737122558,-0.16926272066458983,1.3559322033898304,0.1510791366906475,1.4575,0.1861648016276704,1.4116222760290558,0.1706827309236948,0.7417302798982188,-0.14828341855368882,0.3788174139051332,-0.4505183788878417,0.28918650793650796,-0.5513659099653713,0.3156469951272334,-0.5201646090534979,0.296239837398374,-0.5429243433947472,1.0355239786856127,0.017452006980802792,1.976271186440678,0.32801822323462415,1.0325,0.015990159901599015,0.7084048027444254,-0.1706827309236948,0.5254452926208651,-0.311092577147623,0.2683560753736192,-0.576844262295082,0.2048611111111111,-0.659942363112392,0.22360584731997835,-0.6345132743362832,0.20985772357723578,-0.6530869382612348,0.7335701598579041,-0.15368852459016394,1.4,0.16666666666666666,1.965,0.3254637436762226,1.3481989708404802,0.14828341855368882,1.9031476997578693,0.311092577147623,0.5107212475633528,-0.32387096774193547,0.3898809523809524,-0.43897216274089934,0.4255549539794261,-0.40296240030383595,0.39939024390243905,-0.42919389978213507,1.3960923623445827,0.1653076352853966,2.664406779661017,0.45420906567992597,3.8475,0.5874161939143888,2.639794168096055,0.4505183788878417,3.7263922518159807,0.576844262295082,1.9580152671755726,0.32387096774193547,0.7633928571428571,-0.1341772151898734,0.8332430969139144,-0.09096278795038393,0.7820121951219512,-0.1223267750213858,2.733570159857904,0.4643196955280685,5.216949152542373,0.678298800436205,5.04,0.6688741721854304,3.457975986277873,0.5513659099653713,4.88135593220339,0.659942363112392,2.564885496183206,0.43897216274089934,1.3099415204678362,0.1341772151898734,1.0914997292907418,0.0437483820864613,1.024390243902439,0.012048192771084338,3.580817051509769,0.563396665374176,6.8338983050847455,0.744699264387711,4.6175,0.6439697374276814,3.1680960548885078,0.5201646090534979,4.472154963680388,0.6345132743362832,2.349872773536896,0.40296240030383595,1.2001299545159194,0.09096278795038393,0.9161706349206349,-0.0437483820864613,0.9385162601626016,-0.03171690694626474,3.280639431616341,0.5327800829875519,6.261016949152542,0.7245564892623716,4.92,0.6621621621621622,3.3756432246998287,0.5429243433947472,4.765133171912833,0.6530869382612348,2.50381679389313,0.42919389978213507,1.2787524366471734,0.1223267750213858,0.9761904761904762,-0.012048192771084338,1.065511640498105,0.03171690694626474,3.4955595026642983,0.5551165547214539,6.671186440677966,0.7392841361025188,1.4075,0.16926272066458983,0.9656946826758147,-0.017452006980802792,1.3631961259079903,0.15368852459016394,0.7162849872773537,-0.1653076352853966,0.36582196231319036,-0.4643196955280685,0.279265873015873,-0.563396665374176,0.30481862479696803,-0.5327800829875519,0.2860772357723577,-0.5551165547214539,1.9084745762711866,0.3123543123543124,0.7375,-0.1510791366906475,0.5060034305317325,-0.32801822323462415,0.7142857142857143,-0.16666666666666666,0.3753180661577608,-0.45420906567992597,0.19168291098115658,-0.678298800436205,0.1463293650793651,-0.744699264387711,0.1597184623714131,-0.7245564892623716,0.14989837398373984,-0.7392841361025188,0.5239786856127886,-0.3123543123543124
1.79,254,148,149,314,233,461,728,889,958,975,-0.148080439,0.4745222929936306,-0.3563714902807775,0.6394849785407726,-0.2198952879581152,0.3232104121475054,-0.5114754098360655,0.20467032967032966,-0.6602052451539339,0.16760404949381327,-0.7129094412331407,0.15553235908141963,-0.7308039747064138,0.15282051282051282,-0.7348754448398577,0.5866141732283464,-0.26054590570719605,1.0067567567567568,0.003367003367003367,2.1073825503355703,0.3563714902807775,1.3476394849785407,0.1480804387568556,0.6811279826464208,-0.1896774193548387,0.43131868131868134,-0.39731285988483683,0.3532058492688414,-0.4779717373233583,0.3277661795407098,-0.5062893081761006,0.32205128205128203,-0.5128006206361521,1.236220472440945,0.1056338028169014,2.1216216216216215,0.3593073593073593,1.563758389261745,0.2198952879581152,0.7420382165605095,-0.1480804387568556,0.5054229934924078,-0.3285302593659942,0.32005494505494503,-0.5150884495317378,0.26209223847019125,-0.5846702317290553,0.24321503131524008,-0.6087321578505458,0.23897435897435898,-0.6142384105960265,0.9173228346456693,-0.043121149897330596,1.5743243243243243,0.2230971128608924,3.0939597315436242,0.5114754098360655,1.4681528662420382,0.1896774193548387,1.9785407725321889,0.3285302593659942,0.6332417582417582,-0.22455845248107653,0.5185601799775028,-0.31703703703703706,0.4812108559498956,-0.350246652572234,0.4728205128205128,-0.3579387186629526,1.81496062992126,0.2895104895104895,3.114864864864865,0.5139573070607554,4.885906040268456,0.6602052451539339,2.3184713375796178,0.39731285988483683,3.124463519313305,0.5150884495317378,1.579175704989154,0.22455845248107653,0.8188976377952756,-0.09956709956709957,0.7599164926931107,-0.13641755634638197,0.7466666666666667,-0.1450381679389313,2.8661417322834644,0.48268839103869654,4.918918918918919,0.6621004566210046,5.966442953020135,0.7129094412331407,2.8312101910828025,0.4779717373233583,3.815450643776824,0.5846702317290553,1.9284164859002169,0.31703703703703706,1.2211538461538463,0.09956709956709957,0.9279749478079332,-0.03735787763941527,0.9117948717948718,-0.046137339055793994,3.5,0.5555555555555556,6.006756756756757,0.7145612343297975,6.429530201342282,0.7308039747064138,3.050955414012739,0.5062893081761006,4.111587982832618,0.6087321578505458,2.0780911062906724,0.350246652572234,1.315934065934066,0.13641755634638197,1.077615298087739,0.03735787763941527,0.9825641025641025,-0.008794619762027936,3.7716535433070866,0.5808580858085809,6.472972972972973,0.7323688969258589,6.543624161073826,0.7348754448398577,3.105095541401274,0.5128006206361521,4.184549356223176,0.6142384105960265,2.1149674620390457,0.3579387186629526,1.3392857142857142,0.1450381679389313,1.0967379077615298,0.046137339055793994,1.0177453027139876,0.008794619762027936,3.838582677165354,0.5866558177379984,6.587837837837838,0.736420302760463,1.7046979865771812,0.26054590570719605,0.8089171974522293,-0.1056338028169014,1.090128755364807,0.043121149897330596,0.5509761388286334,-0.2895104895104895,0.3489010989010989,-0.48268839103869654,0.2857142857142857,-0.5555555555555556,0.2651356993736952,-0.5808580858085809,0.2605128205128205,-0.5866558177379984,1.7162162162162162,0.263681592039801,0.9932885906040269,-0.003367003367003367,0.4713375796178344,-0.3593073593073593,0.6351931330472103,-0.2230971128608924,0.3210412147505423,-0.5139573070607554,0.2032967032967033,-0.6621004566210046,0.16647919010123735,-0.7145612343297975,0.1544885177453027,-0.7323688969258589,0.1517948717948718,-0.736420302760463,0.5826771653543307,-0.263681592039801
0.29,301,107,112,195,124,358,1102,1371,1574,1506,-0.222570533,0.5743589743589743,-0.2703583061889251,0.9032258064516129,-0.05084745762711865,0.3128491620111732,-0.5234042553191489,0.10163339382940109,-0.8154859967051071,0.08169219547775347,-0.8489548213081591,0.07115628970775095,-0.867141162514828,0.07436918990703852,-0.861557478368356,0.37209302325581395,-0.4576271186440678,1.0467289719626167,0.0228310502283105,1.7410714285714286,0.2703583061889251,1.5725806451612903,0.2225705329153605,0.5446927374301676,-0.29475587703435807,0.17695099818511797,-0.6993060909791827,0.1422319474835886,-0.7509578544061303,0.12388818297331639,-0.7795364612775579,0.1294820717131474,-0.7707231040564374,0.6478405315614618,-0.21370967741935484,1.8224299065420562,0.2913907284768212,1.1071428571428572,0.05084745762711865,0.6358974358974359,-0.2225705329153605,0.3463687150837989,-0.4854771784232365,0.11252268602540835,-0.797716150081566,0.09044493070751276,-0.834113712374582,0.07878017789072427,-0.8539458186101295,0.08233731739707835,-0.8478527607361963,0.4119601328903654,-0.4164705882352941,1.158878504672897,0.0735930735930736,3.1964285714285716,0.5234042553191489,1.8358974358974358,0.29475587703435807,2.8870967741935485,0.4854771784232365,0.3248638838475499,-0.5095890410958904,0.2611232676878191,-0.5858877964141121,0.22744599745870395,-0.629399585921325,0.23771580345285526,-0.6158798283261803,1.1893687707641196,0.08649468892261002,3.3457943925233646,0.5397849462365591,9.839285714285714,0.8154859967051071,5.651282051282052,0.6993060909791827,8.887096774193548,0.797716150081566,3.078212290502793,0.5095890410958904,0.8037928519328957,-0.1087747674888799,0.7001270648030495,-0.17638266068759342,0.7317397078353254,-0.1549079754601227,3.661129568106312,0.5709194583036351,10.299065420560748,0.8229942100909843,12.241071428571429,0.8489548213081591,7.030769230769231,0.7509578544061303,11.056451612903226,0.834113712374582,3.829608938547486,0.5858877964141121,1.2441016333938295,0.1087747674888799,0.8710292249047014,-0.06893039049235994,0.9103585657370518,-0.04692387904066736,4.554817275747508,0.6399521531100478,12.813084112149532,0.8552097428958051,14.053571428571429,0.867141162514828,8.071794871794872,0.7795364612775579,12.693548387096774,0.8539458186101295,4.396648044692737,0.629399585921325,1.428312159709619,0.17638266068759342,1.148067104303428,0.06893039049235994,1.045152722443559,0.02207792207792208,5.229235880398671,0.6789333333333334,14.710280373831775,0.8726948245092208,13.446428571428571,0.861557478368356,7.723076923076923,0.7707231040564374,12.14516129032258,0.8478527607361963,4.206703910614525,0.6158798283261803,1.366606170598911,0.1549079754601227,1.0984682713347922,0.04692387904066736,0.9567979669631512,-0.02207792207792208,5.003322259136213,0.6668511344770337,14.074766355140186,0.8673279603223807,2.6875,0.4576271186440678,1.5435897435897437,0.21370967741935484,2.4274193548387095,0.4164705882352941,0.840782122905028,-0.08649468892261002,0.2731397459165154,-0.5709194583036351,0.21954777534646244,-0.6399521531100478,0.19123252858958067,-0.6789333333333334,0.199867197875166,-0.6668511344770337,2.8130841121495327,0.47549019607843135,0.9553571428571429,-0.0228310502283105,0.5487179487179488,-0.2913907284768212,0.8629032258064516,-0.0735930735930736,0.2988826815642458,-0.5397849462365591,0.09709618874773139,-0.8229942100909843,0.07804522246535375,-0.8552097428958051,0.06797966963151207,-0.8726948245092208,0.07104913678618859,-0.8673279603223807,0.3554817275747508,-0.47549019607843135
0.92,219,86,86,257,160,333,833,934,1021,1103,-0.232613909,0.3346303501945525,-0.49854227405247814,0.5375,-0.3008130081300813,0.25825825825825827,-0.5894988066825776,0.10324129651860744,-0.8128400435255713,0.09207708779443255,-0.8313725490196079,0.0842311459353575,-0.8446251129177959,0.07796917497733455,-0.8553406223717409,0.3926940639269406,-0.4360655737704918,1.0,0.0,2.988372093023256,0.49854227405247814,1.60625,0.23261390887290168,0.7717717717717718,-0.1288135593220339,0.3085234093637455,-0.5284403669724771,0.2751605995717345,-0.5684298908480269,0.2517140058765916,-0.5978090766823161,0.23300090661831369,-0.6220588235294118,1.17351598173516,0.07983193277310924,2.988372093023256,0.49854227405247814,1.8604651162790697,0.3008130081300813,0.622568093385214,-0.23261390887290168,0.4804804804804805,-0.3509127789046653,0.19207683073229292,-0.6777442094662638,0.17130620985010706,-0.7074954296160878,0.15670910871694418,-0.729043183742591,0.14505893019038985,-0.7466349960411718,0.730593607305936,-0.15567282321899736,1.8604651162790697,0.3008130081300813,3.872093023255814,0.5894988066825776,1.2957198443579767,0.1288135593220339,2.08125,0.3509127789046653,0.3997599039615846,-0.4288164665523156,0.35653104925053536,-0.47434885556432516,0.32615083251714005,-0.5081240768094535,0.3019038984587489,-0.5362116991643454,1.5205479452054795,0.20652173913043478,3.872093023255814,0.5894988066825776,9.686046511627907,0.8128400435255713,3.2412451361867705,0.5284403669724771,5.20625,0.6777442094662638,2.5015015015015014,0.4288164665523156,0.8918629550321199,-0.05715902659875495,0.8158667972575906,-0.10140237324703344,0.7552130553037172,-0.13946280991735538,3.8036529680365296,0.5836501901140685,9.686046511627907,0.8128400435255713,10.86046511627907,0.8313725490196079,3.6342412451361867,0.5684298908480269,5.8375,0.7074954296160878,2.804804804804805,0.47434885556432516,1.12124849939976,0.05715902659875495,0.9147894221351616,-0.044501278772378514,0.8467815049864007,-0.08296514482081492,4.264840182648402,0.6201214223764093,10.86046511627907,0.8313725490196079,11.872093023255815,0.8446251129177959,3.972762645914397,0.5978090766823161,6.38125,0.729043183742591,3.066066066066066,0.5081240768094535,1.2256902761104442,0.10140237324703344,1.0931477516059958,0.044501278772378514,0.9256572982774252,-0.038606403013182675,4.662100456621005,0.646774193548387,11.872093023255815,0.8446251129177959,12.825581395348838,0.8553406223717409,4.291828793774319,0.6220588235294118,6.89375,0.7466349960411718,3.3123123123123124,0.5362116991643454,1.3241296518607444,0.13946280991735538,1.1809421841541756,0.08296514482081492,1.0803134182174339,0.038606403013182675,5.036529680365297,0.6686838124054463,12.825581395348838,0.8553406223717409,2.546511627906977,0.4360655737704918,0.8521400778210116,-0.07983193277310924,1.36875,0.15567282321899736,0.6576576576576577,-0.20652173913043478,0.26290516206482595,-0.5836501901140685,0.23447537473233404,-0.6201214223764093,0.21449559255631734,-0.646774193548387,0.1985494106980961,-0.6686838124054463,2.546511627906977,0.4360655737704918,1.0,0.0,0.3346303501945525,-0.49854227405247814,0.5375,-0.3008130081300813,0.25825825825825827,-0.5894988066825776,0.10324129651860744,-0.8128400435255713,0.09207708779443255,-0.8313725490196079,0.0842311459353575,-0.8446251129177959,0.07796917497733455,-0.8553406223717409,0.3926940639269406,-0.4360655737704918
2.02,297,256,412,560,373,335,255,282,250,273,-0.200428725,0.7357142857142858,-0.1522633744855967,1.1045576407506703,0.049681528662420385,1.2298507462686568,0.10307898259705489,1.615686274509804,0.2353823088455772,1.4609929078014185,0.1873198847262248,1.648,0.24471299093655588,1.5091575091575091,0.2029197080291971,1.387205387205387,0.1622002820874471,1.609375,0.23353293413173654,1.3592233009708738,0.1522633744855967,1.5013404825737264,0.20042872454448016,1.671641791044776,0.25139664804469275,2.196078431372549,0.37423312883435583,1.9858156028368794,0.33016627078384797,2.24,0.38271604938271603,2.051282051282051,0.3445378151260504,1.8855218855218856,0.30688448074679114,2.1875,0.37254901960784315,0.9053398058252428,-0.049681528662420385,0.6660714285714285,-0.20042872454448016,1.1134328358208956,0.05367231638418079,1.4627450980392156,0.18789808917197454,1.322695035460993,0.13893129770992366,1.492,0.19743178170144463,1.3663003663003663,0.15479876160990713,1.2558922558922558,0.11343283582089553,1.45703125,0.18600953895071543,0.8131067961165048,-0.10307898259705489,0.5982142857142857,-0.25139664804469275,0.8981233243967829,-0.05367231638418079,1.3137254901960784,0.13559322033898305,1.1879432624113475,0.08589951377633712,1.34,0.1452991452991453,1.2271062271062272,0.10197368421052631,1.127946127946128,0.060126582278481014,1.30859375,0.13367174280879865,0.6189320388349514,-0.2353823088455772,0.45535714285714285,-0.37423312883435583,0.6836461126005362,-0.18789808917197454,0.7611940298507462,-0.13559322033898305,0.9042553191489362,-0.05027932960893855,1.02,0.009900990099009901,0.9340659340659341,-0.03409090909090909,0.8585858585858586,-0.07608695652173914,0.99609375,-0.0019569471624266144,0.6844660194174758,-0.1873198847262248,0.5035714285714286,-0.33016627078384797,0.7560321715817694,-0.13893129770992366,0.8417910447761194,-0.08589951377633712,1.1058823529411765,0.05027932960893855,1.128,0.06015037593984962,1.032967032967033,0.016216216216216217,0.9494949494949495,-0.025906735751295335,1.1015625,0.048327137546468404,0.6067961165048543,-0.24471299093655588,0.44642857142857145,-0.38271604938271603,0.6702412868632708,-0.19743178170144463,0.746268656716418,-0.1452991452991453,0.9803921568627451,-0.009900990099009901,0.8865248226950354,-0.06015037593984962,0.9157509157509157,-0.04397705544933078,0.8417508417508418,-0.08592321755027423,0.9765625,-0.011857707509881422,0.662621359223301,-0.2029197080291971,0.4875,-0.3445378151260504,0.7319034852546917,-0.15479876160990713,0.8149253731343283,-0.10197368421052631,1.0705882352941176,0.03409090909090909,0.9680851063829787,-0.016216216216216217,1.092,0.04397705544933078,0.9191919191919192,-0.042105263157894736,1.06640625,0.03213610586011342,0.720873786407767,-0.1622002820874471,0.5303571428571429,-0.30688448074679114,0.7962466487935657,-0.11343283582089553,0.8865671641791045,-0.060126582278481014,1.1647058823529413,0.07608695652173914,1.053191489361702,0.025906735751295335,1.188,0.08592321755027423,1.0879120879120878,0.042105263157894736,1.16015625,0.07414104882459313,0.6213592233009708,-0.23353293413173654,0.45714285714285713,-0.37254901960784315,0.6863270777479893,-0.18600953895071543,0.764179104477612,-0.13367174280879865,1.003921568627451,0.0019569471624266144,0.9078014184397163,-0.048327137546468404,1.024,0.011857707509881422,0.9377289377289377,-0.03213610586011342,0.8619528619528619,-0.07414104882459313
1.83,328,279,373,455,366,379,337,331,286,340,-0.108404385,0.8197802197802198,-0.09903381642512077,1.0191256830601092,0.009472259810554804,0.9841688654353562,-0.007978723404255319,1.1068249258160237,0.05070422535211268,1.1268882175226587,0.05965909090909091,1.3041958041958042,0.13201820940819423,1.0970588235294119,0.04628330995792426,1.1371951219512195,0.06419400855920114,1.3369175627240144,0.1441717791411043,1.2198391420911527,0.09903381642512077,1.2431693989071038,0.10840438489646773,1.200527704485488,0.09112709832134293,1.3501483679525224,0.14898989898989898,1.3746223564954683,0.15776081424936386,1.5909090909090908,0.22807017543859648,1.338235294117647,0.14465408805031446,1.3871951219512195,0.16219667943805874,1.6308243727598566,0.23978201634877383,0.9812332439678284,-0.009472259810554804,0.8043956043956044,-0.10840438489646773,0.9656992084432717,-0.0174496644295302,1.086053412462908,0.041251778093883355,1.105740181268882,0.05021520803443329,1.2797202797202798,0.12269938650306748,1.076470588235294,0.036827195467422094,1.1158536585365855,0.05475504322766571,1.3118279569892473,0.13488372093023257,1.0160857908847185,0.007978723404255319,0.832967032967033,-0.09112709832134293,1.03551912568306,0.0174496644295302,1.1246290801186944,0.05865921787709497,1.1450151057401812,0.0676056338028169,1.3251748251748252,0.13984962406015036,1.1147058823529412,0.054242002781641166,1.1554878048780488,0.07213578500707214,1.3584229390681004,0.1519756838905775,0.903485254691689,-0.05070422535211268,0.7406593406593407,-0.14898989898989898,0.9207650273224044,-0.041251778093883355,0.8891820580474934,-0.05865921787709497,1.0181268882175227,0.008982035928143712,1.1783216783216783,0.08186195826645265,0.9911764705882353,-0.004431314623338257,1.0274390243902438,0.013533834586466165,1.2078853046594982,0.09415584415584416,0.8873994638069705,-0.05965909090909091,0.7274725274725274,-0.15776081424936386,0.9043715846994536,-0.05021520803443329,0.8733509234828496,-0.0676056338028169,0.9821958456973294,-0.008982035928143712,1.1573426573426573,0.07293354943273905,0.9735294117647059,-0.013412816691505217,1.0091463414634145,0.004552352048558422,1.1863799283154122,0.08524590163934426,0.7667560321715817,-0.13201820940819423,0.6285714285714286,-0.22807017543859648,0.7814207650273224,-0.12269938650306748,0.7546174142480211,-0.13984962406015036,0.8486646884272997,-0.08186195826645265,0.8640483383685801,-0.07293354943273905,0.8411764705882353,-0.08626198083067092,0.8719512195121951,-0.06840390879478828,1.025089605734767,0.012389380530973451,0.9115281501340483,-0.04628330995792426,0.7472527472527473,-0.14465408805031446,0.9289617486338798,-0.036827195467422094,0.8970976253298153,-0.054242002781641166,1.0089020771513353,0.004431314623338257,1.027190332326284,0.013412816691505217,1.1888111888111887,0.08626198083067092,1.0365853658536586,0.017964071856287425,1.2186379928315412,0.09854604200323101,0.8793565683646113,-0.06419400855920114,0.7208791208791209,-0.16219667943805874,0.8961748633879781,-0.05475504322766571,0.8654353562005277,-0.07213578500707214,0.973293768545994,-0.013533834586466165,0.9909365558912386,-0.004552352048558422,1.1468531468531469,0.06840390879478828,0.9647058823529412,-0.017964071856287425,1.1756272401433692,0.08072487644151564,0.7479892761394102,-0.1441717791411043,0.6131868131868132,-0.23978201634877383,0.7622950819672131,-0.13488372093023257,0.7361477572559367,-0.1519756838905775,0.827893175074184,-0.09415584415584416,0.8429003021148036,-0.08524590163934426,0.9755244755244755,-0.012389380530973451,0.8205882352941176,-0.09854604200323101,0.850609756097561,-0.08072487644151564
1.24,821,726,1077,1134,1012,1029,903,916,874,884,-0.056849953,0.9497354497354498,-0.025780189959294438,1.0642292490118577,0.031115366203925323,1.0466472303206997,0.022792022792022793,1.1926910299003322,0.08787878787878788,1.175764192139738,0.08078273958855996,1.2322654462242564,0.10404920553562276,1.2183257918552035,0.098419173890872,1.3118148599269184,0.13487881981032665,1.4834710743801653,0.194675540765391,1.052924791086351,0.025780189959294438,1.1205533596837944,0.05684995340167754,1.1020408163265305,0.04854368932038835,1.255813953488372,0.1134020618556701,1.237991266375546,0.10634146341463414,1.297482837528604,0.1294820717131474,1.2828054298642535,0.12388503468780972,1.3812423873325212,0.16010230179028134,1.56198347107438,0.21935483870967742,0.9396471680594243,-0.031115366203925323,0.892416225749559,-0.05684995340167754,0.9834791059280855,-0.008329250367466928,1.1207087486157254,0.05691906005221932,1.1048034934497817,0.04979253112033195,1.1578947368421053,0.07317073170731707,1.1447963800904977,0.06751054852320675,1.2326431181485993,0.10420076377523187,1.393939393939394,0.16455696202531644,0.9554317548746518,-0.022792022792022793,0.9074074074074074,-0.04854368932038835,1.016798418972332,0.008329250367466928,1.1395348837209303,0.06521739130434782,1.1233624454148472,0.05809768637532134,1.177345537757437,0.0814503415659485,1.164027149321267,0.07579717720857292,1.2533495736906213,0.11243243243243244,1.4173553719008265,0.17264957264957265,0.8384401114206128,-0.08787878787878788,0.7962962962962963,-0.1134020618556701,0.892292490118577,-0.05691906005221932,0.8775510204081632,-0.06521739130434782,0.9858078602620087,-0.007146783947223749,1.0331807780320366,0.016319639842431063,1.0214932126696832,0.010632344711807499,1.099878197320341,0.04756380510440835,1.243801652892562,0.10865561694290976,0.8505106778087279,-0.08078273958855996,0.8077601410934744,-0.10634146341463414,0.9051383399209486,-0.04979253112033195,0.8901846452866861,-0.05809768637532134,1.0143964562569214,0.007146783947223749,1.0480549199084668,0.02346368715083799,1.0361990950226245,0.017777777777777778,1.1157125456760049,0.05469199769717904,1.2617079889807163,0.11571254567600488,0.8115134633240483,-0.10404920553562276,0.7707231040564374,-0.1294820717131474,0.8636363636363636,-0.07317073170731707,0.8493683187560739,-0.0814503415659485,0.9678848283499446,-0.016319639842431063,0.9541484716157205,-0.02346368715083799,0.9886877828054299,-0.005688282138794084,1.0645554202192449,0.03126843657817109,1.2038567493112948,0.0925,0.8207985143918292,-0.098419173890872,0.7795414462081128,-0.12388503468780972,0.8735177865612648,-0.06751054852320675,0.859086491739553,-0.07579717720857292,0.9789590254706534,-0.010632344711807499,0.9650655021834061,-0.017777777777777778,1.011441647597254,0.005688282138794084,1.07673568818514,0.03695014662756598,1.2176308539944904,0.09813664596273292,0.7623026926648097,-0.13487881981032665,0.7239858906525574,-0.16010230179028134,0.8112648221343873,-0.10420076377523187,0.7978620019436345,-0.11243243243243244,0.9091915836101883,-0.04756380510440835,0.8962882096069869,-0.05469199769717904,0.9393592677345538,-0.03126843657817109,0.9287330316742082,-0.03695014662756598,1.1308539944903582,0.06140917905623788,0.6740947075208914,-0.194675540765391,0.6402116402116402,-0.21935483870967742,0.717391304347826,-0.16455696202531644,0.7055393586005831,-0.17264957264957265,0.8039867109634552,-0.10865561694290976,0.7925764192139738,-0.11571254567600488,0.8306636155606407,-0.0925,0.8212669683257918,-0.09813664596273292,0.8842874543239951,-0.06140917905623788
1.0,924,816,1006,1101,1005,989,872,867,793,829,-0.045584046,0.9137148047229791,-0.045087802562885616,1.0009950248756219,0.0004972650422675286,1.0171890798786654,0.008521303258145364,1.1536697247706422,0.07135250266240682,1.160322952710496,0.07421249332621463,1.2686002522068096,0.11839911061700945,1.2135102533172497,0.09645776566757493,1.0887445887445888,0.04248704663212435,1.232843137254902,0.10428100987925357,1.0944333996023856,0.045087802562885616,1.0955223880597016,0.045584045584045586,1.1132457027300304,0.053588516746411484,1.2626146788990826,0.11606690319310695,1.2698961937716262,0.11890243902439024,1.3883984867591426,0.16261879619852165,1.3281061519903499,0.14093264248704662,1.1915584415584415,0.0874074074074074,1.349264705882353,0.1486697965571205,0.9990059642147118,-0.0004972650422675286,0.9128065395095368,-0.045584045584045586,1.0161779575328616,0.00802407221664995,1.1525229357798166,0.07085775173148641,1.1591695501730104,0.07371794871794872,1.2673392181588903,0.11790878754171301,1.212303980699638,0.09596510359869138,1.0876623376623376,0.041990668740279936,1.2316176470588236,0.10378912685337727,0.9831013916500994,-0.008521303258145364,0.8982742960944596,-0.053588516746411484,0.9840796019900497,-0.00802407221664995,1.1341743119266054,0.06286942504030091,1.140715109573241,0.06573275862068965,1.2471626733921817,0.10998877665544332,1.1930036188178528,0.08800880088008801,1.0703463203463204,0.03397804495556717,1.2120098039215685,0.09584487534626039,0.8667992047713717,-0.07135250266240682,0.7920072661217076,-0.11606690319310695,0.8676616915422886,-0.07085775173148641,0.8816986855409504,-0.06286942504030091,1.0057670126874279,0.002875215641173088,1.0996216897856241,0.04744744744744745,1.051869722557298,0.025279247501469725,0.9437229437229437,-0.028953229398663696,1.0686274509803921,0.03317535545023697,0.8618290258449304,-0.07421249332621463,0.7874659400544959,-0.11890243902439024,0.8626865671641791,-0.07371794871794872,0.8766430738119313,-0.06573275862068965,0.9942660550458715,-0.002875215641173088,1.0933165195460277,0.04457831325301205,1.04583835946924,0.02240566037735849,0.9383116883116883,-0.031825795644891124,1.0625,0.030303030303030304,0.7882703777335984,-0.11839911061700945,0.7202543142597638,-0.16261879619852165,0.7890547263681592,-0.11790878754171301,0.8018200202224469,-0.10998877665544332,0.9094036697247706,-0.04744744744744745,0.9146482122260668,-0.04457831325301205,0.9565741857659831,-0.02219482120838471,0.8582251082251082,-0.0762958648806057,0.9718137254901961,-0.014294592914853946,0.8240556660039762,-0.09645776566757493,0.7529518619436876,-0.14093264248704662,0.8248756218905473,-0.09596510359869138,0.8382204246713852,-0.08800880088008801,0.9506880733944955,-0.025279247501469725,0.9561707035755479,-0.02240566037735849,1.0453972257250945,0.02219482120838471,0.8971861471861472,-0.05419281232173417,1.0159313725490196,0.007902735562310031,0.9184890656063618,-0.04248704663212435,0.8392370572207084,-0.0874074074074074,0.9194029850746268,-0.041990668740279936,0.9342770475227502,-0.03397804495556717,1.0596330275229358,0.028953229398663696,1.065743944636678,0.031825795644891124,1.1651954602774275,0.0762958648806057,1.1145958986731002,0.05419281232173417,1.1323529411764706,0.06206896551724138,0.8111332007952287,-0.10428100987925357,0.7411444141689373,-0.1486697965571205,0.8119402985074626,-0.10378912685337727,0.8250758341759353,-0.09584487534626039,0.9357798165137615,-0.03317535545023697,0.9411764705882353,-0.030303030303030304,1.0290037831021437,0.014294592914853946,0.9843184559710495,-0.007902735562310031,0.8831168831168831,-0.06206896551724138
1.16,649,575,806,853,751,786,681,723,729,675,-0.063591022,0.9449003516998827,-0.028330319469559977,1.0732356857523302,0.035324341682723186,1.025445292620865,0.01256281407035176,1.183553597650514,0.08406186953597848,1.1147994467496543,0.05428384565075212,1.1056241426611797,0.0501628664495114,1.194074074074074,0.08845374746792707,1.2419106317411401,0.10790378006872853,1.4017391304347826,0.16727009413468502,1.0583126550868487,0.028330319469559977,1.1358189081225034,0.06359102244389027,1.0852417302798982,0.04087858450274558,1.2525697503671072,0.1121251629726206,1.1798063623789765,0.08248730964467005,1.1700960219478738,0.07838179519595449,1.2637037037037038,0.11649214659685864,1.3143297380585517,0.13581890812250333,1.4834782608695651,0.19467787114845939,0.9317617866004962,-0.035324341682723186,0.88042203985932,-0.06359102244389027,0.955470737913486,-0.02277163305139883,1.1027900146842877,0.04888268156424581,1.0387275242047027,0.018995929443690638,1.0301783264746227,0.014864864864864866,1.1125925925925926,0.05329593267882188,1.1571648690292757,0.07285714285714286,1.3060869565217392,0.13273001508295626,0.9751861042183623,-0.01256281407035176,0.9214536928487691,-0.04087858450274558,1.0466045272969373,0.02277163305139883,1.1541850220264318,0.07157464212678936,1.0871369294605808,0.041749502982107355,1.0781893004115226,0.03762376237623762,1.1644444444444444,0.07597535934291581,1.2110939907550078,0.09547038327526132,1.3669565217391304,0.1550330639235856,0.8449131513647643,-0.08406186953597848,0.798358733880422,-0.1121251629726206,0.9067909454061251,-0.04888268156424581,0.8664122137404581,-0.07157464212678936,0.941908713692946,-0.029914529914529916,0.934156378600823,-0.03404255319148936,1.008888888888889,0.004424778761061947,1.049306625577812,0.02406015037593985,1.1843478260869564,0.08439490445859872,0.8970223325062034,-0.05428384565075212,0.8475967174677609,-0.08248730964467005,0.96271637816245,-0.018995929443690638,0.9198473282442748,-0.041749502982107355,1.0616740088105727,0.029914529914529916,0.9917695473251029,-0.004132231404958678,1.0711111111111111,0.034334763948497854,1.1140215716486903,0.05393586005830904,1.257391304347826,0.1140215716486903,0.9044665012406948,-0.0501628664495114,0.854630715123095,-0.07838179519595449,0.9707057256990679,-0.014864864864864866,0.9274809160305344,-0.03762376237623762,1.0704845814977975,0.03404255319148936,1.008298755186722,0.004132231404958678,1.08,0.038461538461538464,1.12326656394453,0.05805515239477504,1.2678260869565217,0.11809815950920245,0.8374689826302729,-0.08845374746792707,0.7913247362250879,-0.11649214659685864,0.8988015978695073,-0.05329593267882188,0.8587786259541985,-0.07597535934291581,0.9911894273127754,-0.004424778761061947,0.9336099585062241,-0.034334763948497854,0.9259259259259259,-0.038461538461538464,1.0400616332819723,0.019637462235649546,1.173913043478261,0.08,0.8052109181141439,-0.10790378006872853,0.7608440797186401,-0.13581890812250333,0.8641810918774967,-0.07285714285714286,0.8256997455470738,-0.09547038327526132,0.9530102790014684,-0.02406015037593985,0.8976486860304288,-0.05393586005830904,0.8902606310013718,-0.05805515239477504,0.9614814814814815,-0.019637462235649546,1.128695652173913,0.06045751633986928,0.7133995037220844,-0.16727009413468502,0.6740914419695193,-0.19467787114845939,0.7656458055925432,-0.13273001508295626,0.7315521628498728,-0.1550330639235856,0.8443465491923642,-0.08439490445859872,0.7952973720608575,-0.1140215716486903,0.7887517146776406,-0.11809815950920245,0.8518518518518519,-0.08,0.8859784283513097,-0.06045751633986928
2.54,39,37,11,82,97,63,14,23,16,8,0.083798883,0.13414634146341464,-0.7634408602150538,0.1134020618556701,-0.7962962962962963,0.1746031746031746,-0.7027027027027027,0.7857142857142857,-0.12,0.4782608695652174,-0.35294117647058826,0.6875,-0.18518518518518517,1.375,0.15789473684210525,0.28205128205128205,-0.56,0.2972972972972973,-0.5416666666666666,7.454545454545454,0.7634408602150538,0.845360824742268,-0.08379888268156424,1.3015873015873016,0.1310344827586207,5.857142857142857,0.7083333333333334,3.5652173913043477,0.5619047619047619,5.125,0.673469387755102,10.25,0.8222222222222222,2.1025641025641026,0.35537190082644626,2.2162162162162162,0.37815126050420167,8.818181818181818,0.7962962962962963,1.1829268292682926,0.08379888268156424,1.5396825396825398,0.2125,6.928571428571429,0.7477477477477478,4.217391304347826,0.6166666666666667,6.0625,0.7168141592920354,12.125,0.8476190476190476,2.4871794871794872,0.4264705882352941,2.6216216216216215,0.44776119402985076,5.7272727272727275,0.7027027027027027,0.7682926829268293,-0.1310344827586207,0.6494845360824743,-0.2125,4.5,0.6363636363636364,2.739130434782609,0.46511627906976744,3.9375,0.5949367088607594,7.875,0.7746478873239436,1.6153846153846154,0.23529411764705882,1.7027027027027026,0.26,1.2727272727272727,0.12,0.17073170731707318,-0.7083333333333334,0.14432989690721648,-0.7477477477477478,0.2222222222222222,-0.6363636363636364,0.6086956521739131,-0.24324324324324326,0.875,-0.06666666666666667,1.75,0.2727272727272727,0.358974358974359,-0.4716981132075472,0.3783783783783784,-0.45098039215686275,2.090909090909091,0.35294117647058826,0.2804878048780488,-0.5619047619047619,0.23711340206185566,-0.6166666666666667,0.36507936507936506,-0.46511627906976744,1.6428571428571428,0.24324324324324326,1.4375,0.1794871794871795,2.875,0.4838709677419355,0.5897435897435898,-0.25806451612903225,0.6216216216216216,-0.23333333333333334,1.4545454545454546,0.18518518518518517,0.1951219512195122,-0.673469387755102,0.16494845360824742,-0.7168141592920354,0.25396825396825395,-0.5949367088607594,1.1428571428571428,0.06666666666666667,0.6956521739130435,-0.1794871794871795,2.0,0.3333333333333333,0.41025641025641024,-0.41818181818181815,0.43243243243243246,-0.39622641509433965,0.7272727272727273,-0.15789473684210525,0.0975609756097561,-0.8222222222222222,0.08247422680412371,-0.8476190476190476,0.12698412698412698,-0.7746478873239436,0.5714285714285714,-0.2727272727272727,0.34782608695652173,-0.4838709677419355,0.5,-0.3333333333333333,0.20512820512820512,-0.6595744680851063,0.21621621621621623,-0.6444444444444445,3.5454545454545454,0.56,0.47560975609756095,-0.35537190082644626,0.4020618556701031,-0.4264705882352941,0.6190476190476191,-0.23529411764705882,2.7857142857142856,0.4716981132075472,1.6956521739130435,0.25806451612903225,2.4375,0.41818181818181815,4.875,0.6595744680851063,1.054054054054054,0.02631578947368421,3.3636363636363638,0.5416666666666666,0.45121951219512196,-0.37815126050420167,0.38144329896907214,-0.44776119402985076,0.5873015873015873,-0.26,2.642857142857143,0.45098039215686275,1.608695652173913,0.23333333333333334,2.3125,0.39622641509433965,4.625,0.6444444444444445,0.9487179487179487,-0.02631578947368421
3.98,150,137,290,350,286,255,166,167,166,147,-0.100628931,0.8285714285714286,-0.09375,1.013986013986014,0.006944444444444444,1.1372549019607843,0.06422018348623854,1.7469879518072289,0.2719298245614035,1.7365269461077844,0.26914660831509846,1.7469879518072289,0.2719298245614035,1.9727891156462585,0.32723112128146453,1.9333333333333333,0.3181818181818182,2.116788321167883,0.3583138173302108,1.206896551724138,0.09375,1.2237762237762237,0.10062893081761007,1.3725490196078431,0.15702479338842976,2.108433734939759,0.35658914728682173,2.095808383233533,0.3539651837524178,2.108433734939759,0.35658914728682173,2.380952380952381,0.4084507042253521,2.3333333333333335,0.4,2.5547445255474455,0.43737166324435317,0.9862068965517241,-0.006944444444444444,0.8171428571428572,-0.10062893081761007,1.1215686274509804,0.05730129390018484,1.7228915662650603,0.26548672566371684,1.7125748502994012,0.26269315673289184,1.7228915662650603,0.26548672566371684,1.945578231292517,0.3210161662817552,1.9066666666666667,0.3119266055045872,2.0875912408759123,0.35224586288416077,0.8793103448275862,-0.06422018348623854,0.7285714285714285,-0.15702479338842976,0.8916083916083916,-0.05730129390018484,1.536144578313253,0.21140142517814728,1.526946107784431,0.20853080568720378,1.536144578313253,0.21140142517814728,1.7346938775510203,0.26865671641791045,1.7,0.25925925925925924,1.8613138686131387,0.3010204081632653,0.5724137931034483,-0.2719298245614035,0.4742857142857143,-0.35658914728682173,0.5804195804195804,-0.26548672566371684,0.6509803921568628,-0.21140142517814728,0.9940119760479041,-0.003003003003003003,1.0,0.0,1.129251700680272,0.06070287539936102,1.1066666666666667,0.05063291139240506,1.2116788321167884,0.09570957095709572,0.5758620689655173,-0.26914660831509846,0.47714285714285715,-0.3539651837524178,0.583916083916084,-0.26269315673289184,0.6549019607843137,-0.20853080568720378,1.0060240963855422,0.003003003003003003,1.0060240963855422,0.003003003003003003,1.1360544217687074,0.06369426751592357,1.1133333333333333,0.05362776025236593,1.218978102189781,0.09868421052631579,0.5724137931034483,-0.2719298245614035,0.4742857142857143,-0.35658914728682173,0.5804195804195804,-0.26548672566371684,0.6509803921568628,-0.21140142517814728,1.0,0.0,0.9940119760479041,-0.003003003003003003,1.129251700680272,0.06070287539936102,1.1066666666666667,0.05063291139240506,1.2116788321167884,0.09570957095709572,0.506896551724138,-0.32723112128146453,0.42,-0.4084507042253521,0.513986013986014,-0.3210161662817552,0.5764705882352941,-0.26865671641791045,0.8855421686746988,-0.06070287539936102,0.8802395209580839,-0.06369426751592357,0.8855421686746988,-0.06070287539936102,0.98,-0.010101010101010102,1.072992700729927,0.035211267605633804,0.5172413793103449,-0.3181818181818182,0.42857142857142855,-0.4,0.5244755244755245,-0.3119266055045872,0.5882352941176471,-0.25925925925925924,0.9036144578313253,-0.05063291139240506,0.8982035928143712,-0.05362776025236593,0.9036144578313253,-0.05063291139240506,1.0204081632653061,0.010101010101010102,1.094890510948905,0.04529616724738676,0.4724137931034483,-0.3583138173302108,0.3914285714285714,-0.43737166324435317,0.479020979020979,-0.35224586288416077,0.5372549019607843,-0.3010204081632653,0.8253012048192772,-0.09570957095709572,0.8203592814371258,-0.09868421052631579,0.8253012048192772,-0.09570957095709572,0.9319727891156463,-0.035211267605633804,0.9133333333333333,-0.04529616724738676
2.79,117,107,204,259,227,204,153,151,143,157,-0.065843621,0.7876447876447876,-0.11879049676025918,0.8986784140969163,-0.05336426914153132,1.0,0.0,1.3333333333333333,0.14285714285714285,1.3509933774834437,0.14929577464788732,1.4265734265734267,0.17579250720461095,1.2993630573248407,0.13019390581717452,1.7435897435897436,0.27102803738317754,1.9065420560747663,0.31189710610932475,1.2696078431372548,0.11879049676025918,1.1409691629955947,0.06584362139917696,1.2696078431372548,0.11879049676025918,1.6928104575163399,0.25728155339805825,1.7152317880794703,0.2634146341463415,1.8111888111888113,0.2885572139303483,1.6496815286624205,0.24519230769230768,2.213675213675214,0.3776595744680851,2.4205607476635516,0.41530054644808745,1.1127450980392157,0.05336426914153132,0.8764478764478765,-0.06584362139917696,1.1127450980392157,0.05336426914153132,1.4836601307189543,0.19473684210526315,1.5033112582781456,0.20105820105820105,1.5874125874125875,0.22702702702702704,1.4458598726114649,0.18229166666666666,1.9401709401709402,0.31976744186046513,2.121495327102804,0.3592814371257485,1.0,0.0,0.7876447876447876,-0.11879049676025918,0.8986784140969163,-0.05336426914153132,1.3333333333333333,0.14285714285714285,1.3509933774834437,0.14929577464788732,1.4265734265734267,0.17579250720461095,1.2993630573248407,0.13019390581717452,1.7435897435897436,0.27102803738317754,1.9065420560747663,0.31189710610932475,0.75,-0.14285714285714285,0.5907335907335908,-0.25728155339805825,0.6740088105726872,-0.19473684210526315,0.75,-0.14285714285714285,1.0132450331125828,0.006578947368421052,1.06993006993007,0.033783783783783786,0.9745222929936306,-0.012903225806451613,1.3076923076923077,0.13333333333333333,1.4299065420560748,0.17692307692307693,0.7401960784313726,-0.14929577464788732,0.583011583011583,-0.2634146341463415,0.6651982378854625,-0.20105820105820105,0.7401960784313726,-0.14929577464788732,0.9869281045751634,-0.006578947368421052,1.055944055944056,0.027210884353741496,0.9617834394904459,-0.01948051948051948,1.2905982905982907,0.12686567164179105,1.411214953271028,0.17054263565891473,0.7009803921568627,-0.17579250720461095,0.5521235521235521,-0.2885572139303483,0.6299559471365639,-0.22702702702702704,0.7009803921568627,-0.17579250720461095,0.934640522875817,-0.033783783783783786,0.9470198675496688,-0.027210884353741496,0.910828025477707,-0.04666666666666667,1.2222222222222223,0.1,1.3364485981308412,0.144,0.7696078431372549,-0.13019390581717452,0.6061776061776062,-0.24519230769230768,0.6916299559471366,-0.18229166666666666,0.7696078431372549,-0.13019390581717452,1.026143790849673,0.012903225806451613,1.0397350993377483,0.01948051948051948,1.097902097902098,0.04666666666666667,1.3418803418803418,0.145985401459854,1.4672897196261683,0.1893939393939394,0.5735294117647058,-0.27102803738317754,0.4517374517374517,-0.3776595744680851,0.5154185022026432,-0.31976744186046513,0.5735294117647058,-0.27102803738317754,0.7647058823529411,-0.13333333333333333,0.7748344370860927,-0.12686567164179105,0.8181818181818182,-0.1,0.7452229299363057,-0.145985401459854,1.0934579439252337,0.044642857142857144,0.5245098039215687,-0.31189710610932475,0.41312741312741313,-0.41530054644808745,0.4713656387665198,-0.3592814371257485,0.5245098039215687,-0.31189710610932475,0.6993464052287581,-0.17692307692307693,0.7086092715231788,-0.17054263565891473,0.7482517482517482,-0.144,0.6815286624203821,-0.1893939393939394,0.9145299145299145,-0.044642857142857144
2.43,236,211,368,443,366,341,219,250,232,201,-0.095179234,0.8306997742663657,-0.09247842170160296,1.005464480874317,0.0027247956403269754,1.0791788856304985,0.0380818053596615,1.6803652968036529,0.25383304940374785,1.472,0.19093851132686085,1.5862068965517242,0.22666666666666666,1.8308457711442787,0.29349736379613356,1.5593220338983051,0.2185430463576159,1.7440758293838863,0.2711571675302245,1.203804347826087,0.09247842170160296,1.210382513661202,0.09517923362175525,1.2991202346041055,0.13010204081632654,2.0228310502283104,0.338368580060423,1.772,0.2784992784992785,1.9094827586206897,0.3125925925925926,2.2039800995024876,0.37577639751552794,1.8771186440677967,0.30486008836524303,2.0995260663507107,0.3547400611620795,0.9945652173913043,-0.0027247956403269754,0.8261851015801355,-0.09517923362175525,1.0733137829912023,0.03536067892503536,1.6712328767123288,0.2512820512820513,1.464,0.18831168831168832,1.5775862068965518,0.22408026755852842,1.8208955223880596,0.291005291005291,1.5508474576271187,0.2159468438538206,1.7345971563981042,0.268630849220104,0.9266304347826086,-0.0380818053596615,0.7697516930022573,-0.13010204081632654,0.9316939890710383,-0.03536067892503536,1.5570776255707763,0.21785714285714286,1.364,0.15397631133671744,1.4698275862068966,0.19022687609075042,1.6965174129353233,0.25830258302583026,1.444915254237288,0.18197573656845753,1.6161137440758293,0.23550724637681159,0.595108695652174,-0.25383304940374785,0.49435665914221216,-0.338368580060423,0.5983606557377049,-0.2512820512820513,0.6422287390029325,-0.21785714285714286,0.876,-0.06609808102345416,0.9439655172413793,-0.028824833702882482,1.0895522388059702,0.04285714285714286,0.9279661016949152,-0.03736263736263736,1.037914691943128,0.018604651162790697,0.6793478260869565,-0.19093851132686085,0.5643340857787811,-0.2784992784992785,0.6830601092896175,-0.18831168831168832,0.7331378299120235,-0.15397631133671744,1.1415525114155252,0.06609808102345416,1.0775862068965518,0.03734439834024896,1.243781094527363,0.10864745011086474,1.0593220338983051,0.02880658436213992,1.1848341232227488,0.08459869848156182,0.6304347826086957,-0.22666666666666666,0.5237020316027088,-0.3125925925925926,0.6338797814207651,-0.22408026755852842,0.6803519061583577,-0.19022687609075042,1.0593607305936072,0.028824833702882482,0.928,-0.03734439834024896,1.154228855721393,0.07159353348729793,0.9830508474576272,-0.008547008547008548,1.099526066350711,0.04740406320541761,0.5461956521739131,-0.29349736379613356,0.45372460496614,-0.37577639751552794,0.5491803278688525,-0.291005291005291,0.5894428152492669,-0.25830258302583026,0.9178082191780822,-0.04285714285714286,0.804,-0.10864745011086474,0.8663793103448276,-0.07159353348729793,0.8516949152542372,-0.08009153318077804,0.95260663507109,-0.024271844660194174,0.6413043478260869,-0.2185430463576159,0.5327313769751693,-0.30486008836524303,0.644808743169399,-0.2159468438538206,0.6920821114369502,-0.18197573656845753,1.0776255707762556,0.03736263736263736,0.944,-0.02880658436213992,1.0172413793103448,0.008547008547008548,1.1741293532338308,0.08009153318077804,1.1184834123222749,0.05592841163310962,0.5733695652173914,-0.2711571675302245,0.4762979683972912,-0.3547400611620795,0.5765027322404371,-0.268630849220104,0.6187683284457478,-0.23550724637681159,0.9634703196347032,-0.018604651162790697,0.844,-0.08459869848156182,0.9094827586206896,-0.04740406320541761,1.0497512437810945,0.024271844660194174,0.8940677966101694,-0.05592841163310962
2.05,330,300,545,654,528,486,367,389,376,357,-0.106598985,0.8333333333333334,-0.09090909090909091,1.0321969696969697,0.015843429636533086,1.1213991769547325,0.05722599418040737,1.4850136239782017,0.19517543859649122,1.4010282776349614,0.1670235546038544,1.449468085106383,0.18349619978284473,1.526610644257703,0.20842572062084258,1.6515151515151516,0.24571428571428572,1.8166666666666667,0.28994082840236685,1.2,0.09090909090909091,1.2386363636363635,0.1065989847715736,1.345679012345679,0.14736842105263157,1.7820163487738419,0.2810969637610186,1.6812339331619537,0.25407478427612656,1.7393617021276595,0.26990291262135924,1.8319327731092436,0.29376854599406527,1.981818181818182,0.32926829268292684,2.18,0.3710691823899371,0.9688073394495413,-0.015843429636533086,0.8073394495412844,-0.1065989847715736,1.0864197530864197,0.04142011834319527,1.438692098092643,0.17988826815642459,1.3573264781491003,0.1515812431842966,1.4042553191489362,0.168141592920354,1.4789915966386555,0.19322033898305085,1.6,0.23076923076923078,1.76,0.2753623188405797,0.8917431192660551,-0.05722599418040737,0.7431192660550459,-0.14736842105263157,0.9204545454545454,-0.04142011834319527,1.32425068119891,0.1395076201641266,1.249357326478149,0.11085714285714286,1.2925531914893618,0.12761020881670534,1.361344537815126,0.15302491103202848,1.4727272727272727,0.19117647058823528,1.62,0.2366412213740458,0.673394495412844,-0.19517543859649122,0.5611620795107034,-0.2810969637610186,0.6950757575757576,-0.17988826815642459,0.7551440329218106,-0.1395076201641266,0.9434447300771208,-0.0291005291005291,0.976063829787234,-0.012113055181695828,1.0280112044817926,0.013812154696132596,1.112121212121212,0.05308464849354376,1.2233333333333334,0.10044977511244378,0.7137614678899082,-0.1670235546038544,0.5948012232415902,-0.25407478427612656,0.7367424242424242,-0.1515812431842966,0.8004115226337448,-0.11085714285714286,1.0599455040871935,0.0291005291005291,1.0345744680851063,0.01699346405228758,1.0896358543417366,0.04289544235924933,1.1787878787878787,0.08205841446453407,1.2966666666666666,0.12917271407837447,0.689908256880734,-0.18349619978284473,0.5749235474006116,-0.26990291262135924,0.7121212121212122,-0.168141592920354,0.7736625514403292,-0.12761020881670534,1.0245231607629428,0.012113055181695828,0.9665809768637532,-0.01699346405228758,1.0532212885154062,0.02592087312414734,1.1393939393939394,0.06515580736543909,1.2533333333333334,0.11242603550295859,0.655045871559633,-0.20842572062084258,0.5458715596330275,-0.29376854599406527,0.6761363636363636,-0.19322033898305085,0.7345679012345679,-0.15302491103202848,0.9727520435967303,-0.013812154696132596,0.9177377892030848,-0.04289544235924933,0.949468085106383,-0.02592087312414734,1.0818181818181818,0.039301310043668124,1.19,0.0867579908675799,0.6055045871559633,-0.24571428571428572,0.5045871559633027,-0.32926829268292684,0.625,-0.23076923076923078,0.6790123456790124,-0.19117647058823528,0.8991825613079019,-0.05308464849354376,0.8483290488431876,-0.08205841446453407,0.8776595744680851,-0.06515580736543909,0.9243697478991597,-0.039301310043668124,1.1,0.047619047619047616,0.5504587155963303,-0.28994082840236685,0.45871559633027525,-0.3710691823899371,0.5681818181818182,-0.2753623188405797,0.6172839506172839,-0.2366412213740458,0.8174386920980926,-0.10044977511244378,0.7712082262210797,-0.12917271407837447,0.7978723404255319,-0.11242603550295859,0.8403361344537815,-0.0867579908675799,0.9090909090909091,-0.047619047619047616
2.27,891,810,1141,1228,1079,1081,938,962,935,939,-0.064586042,0.9291530944625407,-0.036724356268467706,1.0574606116774792,0.027927927927927927,1.0555041628122108,0.027002700270027002,1.2164179104477613,0.09764309764309764,1.186070686070686,0.08511650023775559,1.2203208556149732,0.09922928709055877,1.215122470713525,0.09711538461538462,1.2805836139169473,0.12303149606299213,1.4086419753086419,0.16965658636596617,1.0762489044697634,0.036724356268467706,1.1380908248378128,0.0645860424794105,1.1359851988899168,0.06366392377652663,1.3091684434968016,0.13388734995383195,1.2765072765072765,0.12146118721461187,1.3133689839572193,0.13546000924641702,1.3077742279020235,0.1333640978311029,1.3782267115600448,0.15903728173666823,1.5160493827160493,0.20510304219823355,0.9456617002629273,-0.027927927927927927,0.8786644951140065,-0.0645860424794105,0.9981498612395929,-0.000925925925925926,1.150319829424307,0.06990580069410014,1.1216216216216217,0.05732484076433121,1.1540106951871658,0.07149950347567031,1.1490947816826411,0.06937561942517344,1.2109988776655443,0.09543147208121827,1.3320987654320988,0.1424033880359979,0.9474145486415425,-0.027002700270027002,0.8802931596091205,-0.06366392377652663,1.0018535681186285,0.000925925925925926,1.152452025586354,0.070827142149579,1.1237006237006237,0.05824767498776309,1.156149732620321,0.07242063492063493,1.1512247071352502,0.0702970297029703,1.2132435465768798,0.09634888438133875,1.334567901234568,0.14331041776837652,0.8220858895705522,-0.09764309764309764,0.7638436482084691,-0.13388734995383195,0.8693234476367007,-0.06990580069410014,0.8677150786308974,-0.070827142149579,0.975051975051975,-0.01263157894736842,1.0032085561497326,0.001601708489054992,0.9989350372736954,-0.0005327650506126798,1.0527497194163862,0.02569710224166211,1.1580246913580248,0.07322654462242563,0.8431200701139352,-0.08511650023775559,0.7833876221498371,-0.12146118721461187,0.891566265060241,-0.05732484076433121,0.8899167437557817,-0.05824767498776309,1.0255863539445629,0.01263157894736842,1.0288770053475935,0.014232999472851872,1.0244941427050054,0.01209889531825355,1.079685746352413,0.03831624392876417,1.1876543209876542,0.08577878103837472,0.8194566170026293,-0.09922928709055877,0.761400651465798,-0.13546000924641702,0.8665430954587581,-0.07149950347567031,0.8649398704902868,-0.07242063492063493,0.9968017057569296,-0.001601708489054992,0.9719334719334719,-0.014232999472851872,0.9957401490947817,-0.0021344717182497333,1.0493827160493827,0.024096385542168676,1.154320987654321,0.07163323782234957,0.8229623137598597,-0.09711538461538462,0.7646579804560261,-0.1333640978311029,0.8702502316960148,-0.06937561942517344,0.8686401480111008,-0.0702970297029703,1.0010660980810235,0.0005327650506126798,0.9760914760914761,-0.01209889531825355,1.0042780748663103,0.0021344717182497333,1.0538720538720538,0.02622950819672131,1.1592592592592592,0.07375643224699828,0.7808939526730938,-0.12303149606299213,0.7255700325732899,-0.15903728173666823,0.8257645968489342,-0.09543147208121827,0.8242368177613321,-0.09634888438133875,0.9498933901918977,-0.02569710224166211,0.9261954261954262,-0.03831624392876417,0.9529411764705882,-0.024096385542168676,0.9488817891373802,-0.02622950819672131,1.1,0.047619047619047616,0.7099035933391762,-0.16965658636596617,0.6596091205211726,-0.20510304219823355,0.7506950880444856,-0.1424033880359979,0.7493061979648473,-0.14331041776837652,0.8635394456289979,-0.07322654462242563,0.841995841995842,-0.08577878103837472,0.8663101604278075,-0.07163323782234957,0.8626198083067093,-0.07375643224699828,0.9090909090909091,-0.047619047619047616
3.02,778,700,989,1064,1032,1141,880,837,770,805,-0.015267176,0.9295112781954887,-0.03653190452995616,0.9583333333333334,-0.02127659574468085,0.866783523225241,-0.07136150234741784,1.1238636363636363,0.05831995719636169,1.1816009557945042,0.0832420591456736,1.2844155844155845,0.1245025582717453,1.2285714285714286,0.10256410256410256,1.2712082262210798,0.11941143180531975,1.4128571428571428,0.17110716400236828,1.075834175935288,0.03653190452995616,1.0310077519379846,0.015267175572519083,0.9325153374233128,-0.03492063492063492,1.209090909090909,0.09465020576131687,1.2712066905615294,0.11941083640189375,1.3818181818181818,0.16030534351145037,1.3217391304347825,0.13857677902621723,1.3676092544987146,0.15526601520086863,1.52,0.20634920634920634,1.0434782608695652,0.02127659574468085,0.9699248120300752,-0.015267175572519083,0.9044697633654689,-0.050161067648412334,1.1727272727272726,0.0794979079497908,1.2329749103942653,0.1043338683788122,1.3402597402597403,0.1453940066592675,1.2819875776397516,0.12357103973870441,1.326478149100257,0.14033149171270717,1.4742857142857142,0.19168591224018475,1.153690596562184,0.07136150234741784,1.0723684210526316,0.03492063492063492,1.1056201550387597,0.050161067648412334,1.2965909090909091,0.12914398812469075,1.3632019115890084,0.15369059656218403,1.481818181818182,0.19413919413919414,1.4173913043478261,0.17266187050359713,1.4665809768637532,0.18916102136529442,1.63,0.23954372623574144,0.8897876643073812,-0.05831995719636169,0.8270676691729323,-0.09465020576131687,0.8527131782945736,-0.0794979079497908,0.7712532865907099,-0.12914398812469075,1.0513739545997611,0.025043680838672103,1.1428571428571428,0.06666666666666667,1.093167701863354,0.04451038575667656,1.1311053984575836,0.061519903498190594,1.2571428571428571,0.11392405063291139,0.846309403437816,-0.0832420591456736,0.7866541353383458,-0.11941083640189375,0.811046511627907,-0.1043338683788122,0.733567046450482,-0.15369059656218403,0.9511363636363637,-0.025043680838672103,1.087012987012987,0.04169259489732421,1.039751552795031,0.0194884287454324,1.075835475578406,0.03653250773993808,1.1957142857142857,0.08913467794404685,0.7785642062689585,-0.1245025582717453,0.7236842105263158,-0.16030534351145037,0.7461240310077519,-0.1453940066592675,0.6748466257668712,-0.19413919413919414,0.875,-0.06666666666666667,0.9199522102747909,-0.04169259489732421,0.9565217391304348,-0.022222222222222223,0.9897172236503856,-0.00516795865633075,1.1,0.047619047619047616,0.813953488372093,-0.10256410256410256,0.756578947368421,-0.13857677902621723,0.7800387596899225,-0.12357103973870441,0.7055214723926381,-0.17266187050359713,0.9147727272727273,-0.04451038575667656,0.961768219832736,-0.0194884287454324,1.0454545454545454,0.022222222222222223,1.0347043701799485,0.017056222362602652,1.15,0.06976744186046512,0.7866531850353893,-0.11941143180531975,0.731203007518797,-0.15526601520086863,0.7538759689922481,-0.14033149171270717,0.6818580192813322,-0.18916102136529442,0.884090909090909,-0.061519903498190594,0.929510155316607,-0.03653250773993808,1.0103896103896104,0.00516795865633075,0.9664596273291925,-0.017056222362602652,1.1114285714285714,0.05277401894451962,0.7077856420626896,-0.17110716400236828,0.6578947368421053,-0.20634920634920634,0.6782945736434108,-0.19168591224018475,0.6134969325153374,-0.23954372623574144,0.7954545454545454,-0.11392405063291139,0.8363201911589009,-0.08913467794404685,0.9090909090909091,-0.047619047619047616,0.8695652173913043,-0.06976744186046512,0.8997429305912596,-0.05277401894451962
5.96,540,484,958,1159,822,689,518,483,520,476,-0.170116103,0.8265746333045729,-0.0949456778460085,1.1654501216545012,0.07640449438202247,1.3904208998548622,0.16332726168791742,1.8494208494208495,0.2981029810298103,1.9834368530020703,0.3296321998612075,1.8423076923076922,0.2963464140730717,2.0126050420168067,0.33612273361227335,1.7740740740740741,0.27903871829105475,1.9793388429752066,0.3287101248266297,1.209812108559499,0.0949456778460085,1.4099756690997567,0.1701161029782938,1.6821480406386067,0.25432900432900435,2.2374517374517375,0.38223017292784733,2.399585921325052,0.41169305724725946,2.228846153846154,0.38058368076235854,2.4348739495798317,0.41773700305810396,2.1462962962962964,0.36433195997645673,2.394628099173554,0.4108338405356056,0.8580375782881002,-0.07640449438202247,0.7092320966350302,-0.1701161029782938,1.193033381712627,0.08802117802779616,1.5868725868725868,0.22686567164179106,1.7018633540372672,0.2597701149425287,1.5807692307692307,0.22503725782414308,1.726890756302521,0.2665639445300462,1.5222222222222221,0.20704845814977973,1.6983471074380165,0.25880551301684535,0.7192066805845512,-0.16332726168791742,0.5944779982743744,-0.25432900432900435,0.8381995133819952,-0.08802117802779616,1.33011583011583,0.14167357083678542,1.4265010351966874,0.1757679180887372,1.325,0.13978494623655913,1.4474789915966386,0.18283261802575107,1.275925925925926,0.12123677786818551,1.4235537190082646,0.17476555839727195,0.5407098121085595,-0.2981029810298103,0.4469370146678171,-0.38223017292784733,0.6301703163017032,-0.22686567164179106,0.7518142235123367,-0.14167357083678542,1.0724637681159421,0.03496503496503497,0.9961538461538462,-0.0019267822736030828,1.088235294117647,0.04225352112676056,0.9592592592592593,-0.020793950850661626,1.0702479338842976,0.033932135728542916,0.5041753653444676,-0.3296321998612075,0.4167385677308024,-0.41169305724725946,0.5875912408759124,-0.2597701149425287,0.7010159651669086,-0.1757679180887372,0.9324324324324325,-0.03496503496503497,0.9288461538461539,-0.036889332003988036,1.0147058823529411,0.0072992700729927005,0.8944444444444445,-0.05571847507331378,0.9979338842975206,-0.001034126163391934,0.5427974947807933,-0.2963464140730717,0.4486626402070751,-0.38058368076235854,0.6326034063260341,-0.22503725782414308,0.7547169811320755,-0.13978494623655913,1.0038610038610039,0.0019267822736030828,1.0766045548654244,0.036889332003988036,1.0924369747899159,0.04417670682730924,0.9629629629629629,-0.018867924528301886,1.0743801652892562,0.035856573705179286,0.4968684759916493,-0.33612273361227335,0.41069887834339946,-0.41773700305810396,0.5790754257907542,-0.2665639445300462,0.690856313497823,-0.18283261802575107,0.918918918918919,-0.04225352112676056,0.9855072463768116,-0.0072992700729927005,0.9153846153846154,-0.04417670682730924,0.8814814814814815,-0.06299212598425197,0.9834710743801653,-0.008333333333333333,0.5636743215031316,-0.27903871829105475,0.4659188955996549,-0.36433195997645673,0.656934306569343,-0.20704845814977973,0.783744557329463,-0.12123677786818551,1.0424710424710424,0.020793950850661626,1.1180124223602483,0.05571847507331378,1.0384615384615385,0.018867924528301886,1.134453781512605,0.06299212598425197,1.115702479338843,0.0546875,0.5052192066805845,-0.3287101248266297,0.4176013805004314,-0.4108338405356056,0.5888077858880778,-0.25880551301684535,0.7024673439767779,-0.17476555839727195,0.9343629343629344,-0.033932135728542916,1.0020703933747412,0.001034126163391934,0.9307692307692308,-0.035856573705179286,1.0168067226890756,0.008333333333333333,0.8962962962962963,-0.0546875
6.22,1037,922,1476,1673,1296,1280,1056,1054,1064,1034,-0.126978781,0.8822474596533174,-0.06255954271197206,1.1388888888888888,0.06493506493506493,1.153125,0.07111756168359942,1.3977272727272727,0.16587677725118483,1.4003795066413662,0.16679841897233202,1.387218045112782,0.16220472440944883,1.4274661508704063,0.17609561752988048,1.4233365477338475,0.17469160366096298,1.6008676789587852,0.23102585487906588,1.1334688346883468,0.06255954271197206,1.290895061728395,0.12697878073425395,1.30703125,0.13308499830680665,1.584280303030303,0.22609014290949064,1.5872865275142316,0.226989365603227,1.5723684210526316,0.22250639386189258,1.6179883945841393,0.23605467306981898,1.613307618129219,0.23468634686346865,1.814533622559653,0.28940269749518305,0.8780487804878049,-0.06493506493506493,0.7746563060370592,-0.12697878073425395,1.0125,0.006211180124223602,1.2272727272727273,0.10204081632653061,1.2296015180265654,0.10297872340425532,1.218045112781955,0.09830508474576272,1.253384912959381,0.11244635193133047,1.2497589199614272,0.11101585940848693,1.405639913232104,0.16862037871956717,0.8672086720867209,-0.07111756168359942,0.7650926479378363,-0.13308499830680665,0.9876543209876543,-0.006211180124223602,1.2121212121212122,0.0958904109589041,1.2144212523719164,0.09682947729220223,1.2030075187969924,0.09215017064846416,1.2379110251450678,0.1063094209161625,1.2343297974927676,0.10487699611566681,1.3882863340563991,0.16257947320617622,0.7154471544715447,-0.16587677725118483,0.6312014345487149,-0.22609014290949064,0.8148148148148148,-0.10204081632653061,0.825,-0.0958904109589041,1.0018975332068312,0.0009478672985781991,0.9924812030075187,-0.0037735849056603774,1.0212765957446808,0.010526315789473684,1.0183220829315334,0.009077878643096034,1.1453362255965294,0.06774519716885744,0.7140921409214093,-0.16679841897233202,0.630005977286312,-0.226989365603227,0.8132716049382716,-0.10297872340425532,0.8234375,-0.09682947729220223,0.9981060606060606,-0.0009478672985781991,0.9906015037593985,-0.004721435316336166,1.0193423597678917,0.009578544061302681,1.0163934426229508,0.008130081300813009,1.143167028199566,0.06680161943319839,0.7208672086720868,-0.16220472440944883,0.6359832635983264,-0.22250639386189258,0.8209876543209876,-0.09830508474576272,0.83125,-0.09215017064846416,1.0075757575757576,0.0037735849056603774,1.0094876660341556,0.004721435316336166,1.0290135396518376,0.014299332697807437,1.026036644165863,0.01285102332222751,1.1540130151843817,0.07150050352467271,0.7005420054200542,-0.17609561752988048,0.6180514046622834,-0.23605467306981898,0.7978395061728395,-0.11244635193133047,0.8078125,-0.1063094209161625,0.9791666666666666,-0.010526315789473684,0.9810246679316889,-0.009578544061302681,0.9718045112781954,-0.014299332697807437,0.9971070395371263,-0.0014485755673587638,1.121475054229935,0.05725971370143149,0.7025745257452575,-0.17469160366096298,0.6198445905558876,-0.23468634686346865,0.8001543209876543,-0.11101585940848693,0.81015625,-0.10487699611566681,0.9820075757575758,-0.009077878643096034,0.9838709677419355,-0.008130081300813009,0.974624060150376,-0.01285102332222751,1.0029013539651837,0.0014485755673587638,1.1247288503253796,0.058703420112302195,0.6246612466124661,-0.23102585487906588,0.5511057979677226,-0.28940269749518305,0.7114197530864198,-0.16862037871956717,0.7203125,-0.16257947320617622,0.8731060606060606,-0.06774519716885744,0.8747628083491461,-0.06680161943319839,0.8665413533834586,-0.07150050352467271,0.8916827852998066,-0.05725971370143149,0.8891031822565092,-0.058703420112302195
4.64,763,673,928,1144,927,957,780,775,672,747,-0.104780299,0.8111888111888111,-0.10424710424710425,1.0010787486515642,0.0005390835579514825,0.9696969696969697,-0.015384615384615385,1.1897435897435897,0.08665105386416862,1.1974193548387098,0.08984145625366999,1.380952380952381,0.16,1.2423025435073627,0.10805970149253731,1.2162516382699868,0.09757539917208752,1.3789004457652303,0.15927545284197375,1.2327586206896552,0.10424710424710425,1.2340884573894282,0.10478029937228392,1.1954022988505748,0.08900523560209424,1.4666666666666666,0.1891891891891892,1.4761290322580645,0.19228764981761334,1.7023809523809523,0.2599118942731278,1.5314591700133868,0.20994182971972503,1.4993446920052425,0.19979024646040902,1.699851411589896,0.2592184920198129,0.9989224137931034,-0.0005390835579514825,0.8103146853146853,-0.10478029937228392,0.9686520376175548,-0.01592356687898089,1.1884615384615385,0.08611599297012303,1.1961290322580644,0.08930669800235018,1.3794642857142858,0.15947467166979362,1.2409638554216869,0.10752688172043011,1.2149410222804717,0.0970414201183432,1.3774145616641902,0.15875,1.03125,0.015384615384615385,0.8365384615384616,-0.08900523560209424,1.0323624595469256,0.01592356687898089,1.226923076923077,0.10189982728842832,1.2348387096774194,0.10508083140877598,1.4241071428571428,0.17495395948434622,1.2811244979919678,0.12323943661971831,1.254259501965924,0.1127906976744186,1.4219910846953938,0.17423312883435582,0.8405172413793104,-0.08665105386416862,0.6818181818181818,-0.1891891891891892,0.8414239482200647,-0.08611599297012303,0.8150470219435737,-0.10189982728842832,1.0064516129032257,0.003215434083601286,1.1607142857142858,0.0743801652892562,1.0441767068273093,0.021611001964636542,1.0222804718217562,0.01101749837977965,1.1589895988112928,0.07364074328974536,0.8351293103448276,-0.08984145625366999,0.6774475524475524,-0.19228764981761334,0.8360302049622438,-0.08930669800235018,0.8098223615464994,-0.10508083140877598,0.9935897435897436,-0.003215434083601286,1.1532738095238095,0.07118175535590877,1.037483266398929,0.018396846254927726,1.015727391874181,0.007802340702210663,1.151560178306092,0.07044198895027624,0.7241379310344828,-0.16,0.5874125874125874,-0.2599118942731278,0.7249190938511327,-0.15947467166979362,0.7021943573667712,-0.17495395948434622,0.8615384615384616,-0.0743801652892562,0.8670967741935484,-0.07118175535590877,0.8995983935742972,-0.052854122621564484,0.8807339449541285,-0.06341463414634146,0.9985141158989599,-0.0007434944237918215,0.8049568965517241,-0.10805970149253731,0.652972027972028,-0.20994182971972503,0.8058252427184466,-0.10752688172043011,0.780564263322884,-0.12323943661971831,0.9576923076923077,-0.021611001964636542,0.9638709677419355,-0.018396846254927726,1.1116071428571428,0.052854122621564484,0.9790301441677588,-0.010596026490066225,1.1099554234769688,0.05211267605633803,0.822198275862069,-0.09757539917208752,0.666958041958042,-0.19979024646040902,0.8230852211434736,-0.0970414201183432,0.7972831765935214,-0.1127906976744186,0.9782051282051282,-0.01101749837977965,0.984516129032258,-0.007802340702210663,1.1354166666666667,0.06341463414634146,1.0214190093708166,0.010596026490066225,1.1337295690936107,0.06267409470752089,0.7252155172413793,-0.15927545284197375,0.5882867132867133,-0.2592184920198129,0.7259978425026968,-0.15875,0.703239289446186,-0.17423312883435582,0.8628205128205129,-0.07364074328974536,0.8683870967741936,-0.07044198895027624,1.0014880952380953,0.0007434944237918215,0.9009370816599732,-0.05211267605633803,0.8820445609436435,-0.06267409470752089
3.93,577,538,764,923,758,746,547,547,489,528,-0.09815586,0.8277356446370531,-0.0942501481920569,1.007915567282322,0.003942181340341655,1.0241286863270778,0.011920529801324504,1.396709323583181,0.16552250190694126,1.396709323583181,0.16552250190694126,1.5623721881390593,0.2194732641660016,1.446969696969697,0.1826625386996904,1.3240901213171576,0.13944817300521997,1.420074349442379,0.17357910906298002,1.2081151832460733,0.0942501481920569,1.2176781002638521,0.09815585960737656,1.237265415549598,0.1060515278609946,1.6873857404021937,0.25578231292517006,1.6873857404021937,0.25578231292517006,1.887525562372188,0.3073654390934844,1.7481060606060606,0.2722260509993108,1.5996533795493935,0.23066666666666666,1.7156133828996283,0.26351813826146475,0.9921465968586387,-0.003942181340341655,0.8212351029252438,-0.09815585960737656,1.0160857908847185,0.007978723404255319,1.3857404021937842,0.16168582375478927,1.3857404021937842,0.16168582375478927,1.5501022494887526,0.2157177225340818,1.4356060606060606,0.17884914463452567,1.3136915077989602,0.1355805243445693,1.4089219330855018,0.1697530864197531,0.9764397905759162,-0.011920529801324504,0.8082340195016251,-0.1060515278609946,0.9841688654353562,-0.007978723404255319,1.363802559414991,0.15390564578499613,1.363802559414991,0.15390564578499613,1.525562372188139,0.20809716599190284,1.4128787878787878,0.17111459968602827,1.292894280762565,0.12773998488284202,1.3866171003717471,0.16199376947040497,0.7159685863874345,-0.16552250190694126,0.5926327193932828,-0.25578231292517006,0.7216358839050132,-0.16168582375478927,0.7332439678284183,-0.15390564578499613,1.0,0.0,1.1186094069529653,0.055984555984555984,1.0359848484848484,0.017674418604651163,0.9480069324090121,-0.026690391459074734,1.016728624535316,0.008294930875576038,0.7159685863874345,-0.16552250190694126,0.5926327193932828,-0.25578231292517006,0.7216358839050132,-0.16168582375478927,0.7332439678284183,-0.15390564578499613,1.0,0.0,1.1186094069529653,0.055984555984555984,1.0359848484848484,0.017674418604651163,0.9480069324090121,-0.026690391459074734,1.016728624535316,0.008294930875576038,0.6400523560209425,-0.2194732641660016,0.5297941495124594,-0.3073654390934844,0.6451187335092349,-0.2157177225340818,0.6554959785522788,-0.20809716599190284,0.8939670932358318,-0.055984555984555984,0.8939670932358318,-0.055984555984555984,0.9261363636363636,-0.038348082595870206,0.8474870017331022,-0.0825515947467167,0.9089219330855018,-0.04771178188899708,0.6910994764397905,-0.1826625386996904,0.5720476706392199,-0.2722260509993108,0.6965699208443272,-0.17884914463452567,0.707774798927614,-0.17111459968602827,0.9652650822669104,-0.017674418604651163,0.9652650822669104,-0.017674418604651163,1.0797546012269938,0.038348082595870206,0.9150779896013865,-0.044343891402714934,0.9814126394052045,-0.009380863039399626,0.7552356020942408,-0.13944817300521997,0.6251354279523293,-0.23066666666666666,0.7612137203166227,-0.1355805243445693,0.7734584450402144,-0.12773998488284202,1.0548446069469835,0.026690391459074734,1.0548446069469835,0.026690391459074734,1.179959100204499,0.0825515947467167,1.0928030303030303,0.044343891402714934,1.0724907063197027,0.03497757847533632,0.7041884816753927,-0.17357910906298002,0.5828819068255688,-0.26351813826146475,0.7097625329815304,-0.1697530864197531,0.7211796246648794,-0.16199376947040497,0.9835466179159049,-0.008294930875576038,0.9835466179159049,-0.008294930875576038,1.100204498977505,0.04771178188899708,1.018939393939394,0.009380863039399626,0.9324090121317158,-0.03497757847533632
2.05,660,573,836,1003,808,809,652,634,648,635,-0.107675318,0.8334995014955134,-0.09081022294725394,1.0346534653465347,0.0170316301703163,1.0333745364647713,0.01641337386018237,1.2822085889570551,0.12365591397849462,1.3186119873817035,0.13741496598639455,1.2901234567901234,0.12668463611859837,1.316535433070866,0.13664174031271245,1.2666666666666666,0.11764705882352941,1.4589877835951135,0.18665720369056069,1.1997607655502391,0.09081022294725394,1.2413366336633664,0.10767531750414136,1.2398022249690976,0.10706401766004416,1.5383435582822085,0.2120845921450151,1.5820189274447949,0.22541233964569335,1.5478395061728396,0.2150211992731678,1.579527559055118,0.22466422466422467,1.5196969696969698,0.20625375826819,1.75043630017452,0.27284263959390864,0.9665071770334929,-0.0170316301703163,0.8055832502492523,-0.10767531750414136,0.9987639060568603,-0.0006184291898577613,1.2392638036809815,0.10684931506849316,1.274447949526814,0.12066574202496533,1.2469135802469136,0.10989010989010989,1.2724409448818899,0.11988911988911989,1.2242424242424241,0.1008174386920981,1.4101221640488657,0.17016654598117306,0.9677033492822966,-0.01641337386018237,0.806580259222333,-0.10706401766004416,1.0012376237623761,0.0006184291898577613,1.24079754601227,0.10746064339493498,1.27602523659306,0.12127512127512127,1.248456790123457,0.11050102951269733,1.274015748031496,0.12049861495844875,1.2257575757575758,0.10142954390742001,1.411867364746946,0.170767004341534,0.7799043062200957,-0.12365591397849462,0.650049850448654,-0.2120845921450151,0.806930693069307,-0.10684931506849316,0.8059332509270705,-0.10746064339493498,1.028391167192429,0.013996889580093312,1.0061728395061729,0.003076923076923077,1.0267716535433071,0.01320901320901321,0.9878787878787879,-0.006097560975609756,1.137870855148342,0.06448979591836734,0.7583732057416268,-0.13741496598639455,0.6321036889332003,-0.22541233964569335,0.7846534653465347,-0.12066574202496533,0.7836835599505563,-0.12127512127512127,0.9723926380368099,-0.013996889580093312,0.9783950617283951,-0.0109204368174727,0.9984251968503937,-0.0007880220646178094,0.9606060606060606,-0.02009273570324575,1.1064572425828971,0.050538525269262634,0.7751196172248804,-0.12668463611859837,0.646061814556331,-0.2150211992731678,0.801980198019802,-0.10989010989010989,0.8009888751545118,-0.11050102951269733,0.9938650306748467,-0.003076923076923077,1.0220820189274449,0.0109204368174727,1.020472440944882,0.010132501948558068,0.9818181818181818,-0.009174311926605505,1.130890052356021,0.06142506142506143,0.7595693779904307,-0.13664174031271245,0.6331006979062812,-0.22466422466422467,0.7858910891089109,-0.11988911988911989,0.7849196538936959,-0.12049861495844875,0.9739263803680982,-0.01320901320901321,1.001577287066246,0.0007880220646178094,0.9799382716049383,-0.010132501948558068,0.9621212121212122,-0.019305019305019305,1.1082024432809774,0.05132450331125828,0.7894736842105263,-0.11764705882352941,0.6580259222333001,-0.20625375826819,0.8168316831683168,-0.1008174386920981,0.8158220024721878,-0.10142954390742001,1.0122699386503067,0.006097560975609756,1.0410094637223974,0.02009273570324575,1.0185185185185186,0.009174311926605505,1.0393700787401574,0.019305019305019305,1.1518324607329844,0.0705596107055961,0.6854066985645934,-0.18665720369056069,0.5712861415752741,-0.27284263959390864,0.7091584158415841,-0.17016654598117306,0.7082818294190358,-0.170767004341534,0.8788343558282209,-0.06448979591836734,0.9037854889589906,-0.050538525269262634,0.8842592592592593,-0.06142506142506143,0.9023622047244094,-0.05132450331125828,0.8681818181818182,-0.0705596107055961
2.05,132,108,180,288,191,215,86,108,79,100,-0.202505219,0.625,-0.23076923076923078,0.9424083769633508,-0.029649595687331536,0.8372093023255814,-0.08860759493670886,2.0930232558139537,0.3533834586466165,1.6666666666666667,0.25,2.278481012658228,0.38996138996138996,1.8,0.2857142857142857,1.3636363636363635,0.15384615384615385,1.6666666666666667,0.25,1.6,0.23076923076923078,1.5078534031413613,0.20250521920668058,1.3395348837209302,0.14512922465208747,3.3488372093023258,0.5401069518716578,2.6666666666666665,0.45454545454545453,3.6455696202531644,0.5694822888283378,2.88,0.4845360824742268,2.1818181818181817,0.37142857142857144,2.6666666666666665,0.45454545454545453,1.0611111111111111,0.029649595687331536,0.6631944444444444,-0.20250521920668058,0.8883720930232558,-0.059113300492610835,2.2209302325581395,0.37906137184115524,1.7685185185185186,0.27759197324414714,2.4177215189873418,0.4148148148148148,1.91,0.3127147766323024,1.446969696969697,0.1826625386996904,1.7685185185185186,0.27759197324414714,1.1944444444444444,0.08860759493670886,0.7465277777777778,-0.14512922465208747,1.12565445026178,0.059113300492610835,2.5,0.42857142857142855,1.9907407407407407,0.33126934984520123,2.721518987341772,0.46258503401360546,2.15,0.36507936507936506,1.628787878787879,0.23919308357348704,1.9907407407407407,0.33126934984520123,0.4777777777777778,-0.3533834586466165,0.2986111111111111,-0.5401069518716578,0.450261780104712,-0.37906137184115524,0.4,-0.42857142857142855,0.7962962962962963,-0.1134020618556701,1.0886075949367089,0.04242424242424243,0.86,-0.07526881720430108,0.6515151515151515,-0.21100917431192662,0.7962962962962963,-0.1134020618556701,0.6,-0.25,0.375,-0.45454545454545453,0.5654450261780105,-0.27759197324414714,0.5023255813953489,-0.33126934984520123,1.255813953488372,0.1134020618556701,1.3670886075949367,0.15508021390374332,1.08,0.038461538461538464,0.8181818181818182,-0.1,1.0,0.0,0.4388888888888889,-0.38996138996138996,0.2743055555555556,-0.5694822888283378,0.41361256544502617,-0.4148148148148148,0.3674418604651163,-0.46258503401360546,0.9186046511627907,-0.04242424242424243,0.7314814814814815,-0.15508021390374332,0.79,-0.11731843575418995,0.5984848484848485,-0.25118483412322273,0.7314814814814815,-0.15508021390374332,0.5555555555555556,-0.2857142857142857,0.3472222222222222,-0.4845360824742268,0.5235602094240838,-0.3127147766323024,0.46511627906976744,-0.36507936507936506,1.1627906976744187,0.07526881720430108,0.9259259259259259,-0.038461538461538464,1.2658227848101267,0.11731843575418995,0.7575757575757576,-0.13793103448275862,0.9259259259259259,-0.038461538461538464,0.7333333333333333,-0.15384615384615385,0.4583333333333333,-0.37142857142857144,0.6910994764397905,-0.1826625386996904,0.6139534883720931,-0.23919308357348704,1.5348837209302326,0.21100917431192662,1.2222222222222223,0.1,1.6708860759493671,0.25118483412322273,1.32,0.13793103448275862,1.2222222222222223,0.1,0.6,-0.25,0.375,-0.45454545454545453,0.5654450261780105,-0.27759197324414714,0.5023255813953489,-0.33126934984520123,1.255813953488372,0.1134020618556701,1.0,0.0,1.3670886075949367,0.15508021390374332,1.08,0.038461538461538464,0.8181818181818182,-0.1
6.68,206,177,588,738,522,466,268,272,279,233,-0.171428571,0.7967479674796748,-0.11312217194570136,1.1264367816091954,0.05945945945945946,1.261802575107296,0.1157495256166983,2.1940298507462686,0.37383177570093457,2.161764705882353,0.3674418604651163,2.10752688172043,0.356401384083045,2.523605150214592,0.43239951278928135,2.854368932038835,0.4811083123425693,3.3220338983050848,0.5372549019607843,1.2551020408163265,0.11312217194570136,1.4137931034482758,0.17142857142857143,1.5836909871244635,0.22591362126245848,2.753731343283582,0.4671968190854871,2.713235294117647,0.4613861386138614,2.6451612903225805,0.45132743362831856,3.167381974248927,0.5200823892893924,3.5825242718446604,0.5635593220338984,4.169491525423729,0.6131147540983607,0.8877551020408163,-0.05945945945945946,0.7073170731707317,-0.17142857142857143,1.1201716738197425,0.05668016194331984,1.9477611940298507,0.32151898734177214,1.9191176470588236,0.3148614609571788,1.8709677419354838,0.30337078651685395,2.240343347639485,0.3827814569536424,2.533980582524272,0.4340659340659341,2.9491525423728815,0.49356223175965663,0.7925170068027211,-0.1157495256166983,0.6314363143631436,-0.22591362126245848,0.89272030651341,-0.05668016194331984,1.7388059701492538,0.26975476839237056,1.713235294117647,0.26287262872628725,1.6702508960573477,0.25100671140939596,2.0,0.3333333333333333,2.262135922330097,0.3869047619047619,2.632768361581921,0.4494556765163297,0.4557823129251701,-0.37383177570093457,0.36314363143631434,-0.4671968190854871,0.5134099616858238,-0.32151898734177214,0.575107296137339,-0.26975476839237056,0.9852941176470589,-0.007407407407407408,0.9605734767025089,-0.02010968921389397,1.150214592274678,0.06986027944111776,1.3009708737864079,0.1308016877637131,1.5141242937853108,0.20449438202247192,0.46258503401360546,-0.3674418604651163,0.3685636856368564,-0.4613861386138614,0.5210727969348659,-0.3148614609571788,0.5836909871244635,-0.26287262872628725,1.0149253731343284,0.007407407407407408,0.974910394265233,-0.012704174228675136,1.167381974248927,0.07722772277227723,1.3203883495145632,0.13807531380753138,1.536723163841808,0.21158129175946547,0.4744897959183674,-0.356401384083045,0.3780487804878049,-0.45132743362831856,0.5344827586206896,-0.30337078651685395,0.5987124463519313,-0.25100671140939596,1.041044776119403,0.02010968921389397,1.025735294117647,0.012704174228675136,1.1974248927038627,0.08984375,1.354368932038835,0.15051546391752577,1.576271186440678,0.2236842105263158,0.39625850340136054,-0.43239951278928135,0.3157181571815718,-0.5200823892893924,0.446360153256705,-0.3827814569536424,0.5,-0.3333333333333333,0.8694029850746269,-0.06986027944111776,0.8566176470588235,-0.07722772277227723,0.8351254480286738,-0.08984375,1.1310679611650485,0.06150341685649203,1.3163841807909604,0.13658536585365855,0.35034013605442177,-0.4811083123425693,0.2791327913279133,-0.5635593220338984,0.3946360153256705,-0.4340659340659341,0.44206008583690987,-0.3869047619047619,0.7686567164179104,-0.1308016877637131,0.7573529411764706,-0.13807531380753138,0.7383512544802867,-0.15051546391752577,0.8841201716738197,-0.06150341685649203,1.1638418079096045,0.07571801566579635,0.3010204081632653,-0.5372549019607843,0.23983739837398374,-0.6131147540983607,0.3390804597701149,-0.49356223175965663,0.3798283261802575,-0.4494556765163297,0.6604477611940298,-0.20449438202247192,0.6507352941176471,-0.21158129175946547,0.6344086021505376,-0.2236842105263158,0.759656652360515,-0.13658536585365855,0.8592233009708737,-0.07571801566579635
2.6,549,488,933,1119,832,764,617,626,619,599,-0.147104049,0.8337801608579088,-0.09064327485380116,1.1213942307692308,0.057223796033994336,1.2212041884816753,0.0995875073659399,1.5121555915721232,0.20387096774193547,1.4904153354632588,0.19692110327132778,1.507269789983845,0.20231958762886598,1.5575959933222037,0.21801566579634465,1.6994535519125684,0.2591093117408907,1.9118852459016393,0.3131597466572836,1.1993569131832797,0.09064327485380116,1.3449519230769231,0.14710404920553563,1.4646596858638743,0.18852894317578334,1.813614262560778,0.2891705069124424,1.7875399361022364,0.2825214899713467,1.8077544426494345,0.28768699654775604,1.8681135225375627,0.30267753201396974,2.0382513661202184,0.34172661870503596,2.293032786885246,0.3926571250777847,0.8917470525187567,-0.057223796033994336,0.743521000893655,-0.14710404920553563,1.0890052356020943,0.042606516290726815,1.3484602917341977,0.14837819185645273,1.329073482428115,0.1412894375857339,1.3441033925686592,0.14679531357684356,1.3889816360601002,0.1628232005590496,1.5154826958105647,0.2049239681390297,1.7049180327868851,0.2606060606060606,0.8188638799571275,-0.0995875073659399,0.6827524575513851,-0.18852894317578334,0.9182692307692307,-0.042606516290726815,1.2382495948136143,0.10644460535843592,1.220447284345048,0.09928057553956834,1.234248788368336,0.10484454085321765,1.2754590984974958,0.1210564930300807,1.3916211293260474,0.16374714394516374,1.5655737704918034,0.22044728434504793,0.6613076098606645,-0.20387096774193547,0.5513851653261841,-0.2891705069124424,0.7415865384615384,-0.14837819185645273,0.8075916230366492,-0.10644460535843592,0.9856230031948882,-0.007240547063555913,0.9967689822294022,-0.0016181229773462784,1.0300500834724542,0.014802631578947368,1.1238615664845173,0.058319039451114926,1.264344262295082,0.1167420814479638,0.6709539121114684,-0.19692110327132778,0.5594280607685433,-0.2825214899713467,0.7524038461538461,-0.1412894375857339,0.819371727748691,-0.09928057553956834,1.0145867098865478,0.007240547063555913,1.011308562197092,0.005622489959839358,1.0450751252086812,0.022040816326530613,1.1402550091074681,0.06553191489361702,1.2827868852459017,0.12387791741472172,0.6634512325830654,-0.20231958762886598,0.5531724754244861,-0.28768699654775604,0.7439903846153846,-0.14679531357684356,0.8102094240837696,-0.10484454085321765,1.0032414910858996,0.0016181229773462784,0.9888178913738019,-0.005622489959839358,1.0333889816360602,0.016420361247947456,1.127504553734062,0.059931506849315065,1.2684426229508197,0.11833785004516711,0.6420150053590568,-0.21801566579634465,0.5352993744414656,-0.30267753201396974,0.7199519230769231,-0.1628232005590496,0.7840314136125655,-0.1210564930300807,0.9708265802269044,-0.014802631578947368,0.9568690095846646,-0.022040816326530613,0.9676898222940227,-0.016420361247947456,1.0910746812386156,0.04355400696864112,1.2274590163934427,0.10211591536338546,0.5884244372990354,-0.2591093117408907,0.4906166219839142,-0.34172661870503596,0.6598557692307693,-0.2049239681390297,0.7185863874345549,-0.16374714394516374,0.8897893030794165,-0.058319039451114926,0.8769968051118211,-0.06553191489361702,0.8869143780290791,-0.059931506849315065,0.9165275459098498,-0.04355400696864112,1.125,0.058823529411764705,0.5230439442658092,-0.3131597466572836,0.4361036639857015,-0.3926571250777847,0.5865384615384616,-0.2606060606060606,0.6387434554973822,-0.22044728434504793,0.7909238249594813,-0.1167420814479638,0.7795527156549521,-0.12387791741472172,0.7883683360258481,-0.11833785004516711,0.8146911519198664,-0.10211591536338546,0.8888888888888888,-0.058823529411764705
2.58,74,73,321,485,208,152,59,65,69,62,-0.3997114,0.6618556701030928,-0.20347394540942929,1.5432692307692308,0.21361058601134217,2.111842105263158,0.3572938689217759,5.440677966101695,0.6894736842105263,4.938461538461539,0.6632124352331606,4.6521739130434785,0.6461538461538462,5.17741935483871,0.6762402088772846,4.337837837837838,0.6253164556962025,4.397260273972603,0.6294416243654822,1.5109034267912773,0.20347394540942929,2.331730769230769,0.3997113997113997,3.1907894736842106,0.5227629513343799,8.220338983050848,0.7830882352941176,7.461538461538462,0.7636363636363637,7.028985507246377,0.7509025270758123,7.82258064516129,0.773308957952468,6.554054054054054,0.7352415026833632,6.6438356164383565,0.7383512544802867,0.6479750778816199,-0.21361058601134217,0.4288659793814433,-0.3997113997113997,1.368421052631579,0.15555555555555556,3.5254237288135593,0.5580524344569289,3.2,0.5238095238095238,3.0144927536231885,0.5018050541516246,3.3548387096774195,0.5407407407407407,2.810810810810811,0.475177304964539,2.8493150684931505,0.4804270462633452,0.4735202492211838,-0.3572938689217759,0.3134020618556701,-0.5227629513343799,0.7307692307692307,-0.15555555555555556,2.5762711864406778,0.44075829383886256,2.3384615384615386,0.4009216589861751,2.2028985507246377,0.3755656108597285,2.4516129032258065,0.4205607476635514,2.054054054054054,0.34513274336283184,2.0821917808219177,0.3511111111111111,0.1838006230529595,-0.6894736842105263,0.12164948453608247,-0.7830882352941176,0.28365384615384615,-0.5580524344569289,0.3881578947368421,-0.44075829383886256,0.9076923076923077,-0.04838709677419355,0.855072463768116,-0.078125,0.9516129032258065,-0.024793388429752067,0.7972972972972973,-0.11278195488721804,0.8082191780821918,-0.10606060606060606,0.20249221183800623,-0.6632124352331606,0.13402061855670103,-0.7636363636363637,0.3125,-0.5238095238095238,0.4276315789473684,-0.4009216589861751,1.1016949152542372,0.04838709677419355,0.9420289855072463,-0.029850746268656716,1.0483870967741935,0.023622047244094488,0.8783783783783784,-0.06474820143884892,0.8904109589041096,-0.057971014492753624,0.21495327102803738,-0.6461538461538462,0.1422680412371134,-0.7509025270758123,0.3317307692307692,-0.5018050541516246,0.45394736842105265,-0.3755656108597285,1.1694915254237288,0.078125,1.0615384615384615,0.029850746268656716,1.1129032258064515,0.05343511450381679,0.9324324324324325,-0.03496503496503497,0.9452054794520548,-0.028169014084507043,0.19314641744548286,-0.6762402088772846,0.12783505154639174,-0.773308957952468,0.2980769230769231,-0.5407407407407407,0.40789473684210525,-0.4205607476635514,1.0508474576271187,0.024793388429752067,0.9538461538461539,-0.023622047244094488,0.8985507246376812,-0.05343511450381679,0.8378378378378378,-0.08823529411764706,0.8493150684931506,-0.08148148148148149,0.23052959501557632,-0.6253164556962025,0.15257731958762888,-0.7352415026833632,0.3557692307692308,-0.475177304964539,0.4868421052631579,-0.34513274336283184,1.2542372881355932,0.11278195488721804,1.1384615384615384,0.06474820143884892,1.0724637681159421,0.03496503496503497,1.1935483870967742,0.08823529411764706,1.0136986301369864,0.006802721088435374,0.22741433021806853,-0.6294416243654822,0.15051546391752577,-0.7383512544802867,0.35096153846153844,-0.4804270462633452,0.48026315789473684,-0.3511111111111111,1.2372881355932204,0.10606060606060606,1.123076923076923,0.057971014492753624,1.0579710144927537,0.028169014084507043,1.1774193548387097,0.08148148148148149,0.9864864864864865,-0.006802721088435374
1.27,1011,914,1107,1229,1144,1229,1054,1069,959,1063,-0.035819638,0.9007323026851098,-0.052226027397260275,0.9676573426573427,-0.016437139049311416,0.9007323026851098,-0.052226027397260275,1.0502846299810247,0.024525682554372975,1.0355472404115997,0.017463235294117647,1.1543274244004171,0.07163601161665054,1.0413922859830669,0.020276497695852536,1.0949554896142433,0.0453257790368272,1.211159737417943,0.09549727857496289,1.1102077687443541,0.052226027397260275,1.0743006993006994,0.03581963758954909,1.0,0.0,1.166034155597723,0.07665352606219886,1.1496725912067354,0.06962576153176675,1.2815432742440043,0.12340036563071298,1.1561618062088428,0.07242582897033159,1.215628090999011,0.09732142857142857,1.3446389496717723,0.14699020065328977,1.033423667570009,0.016437139049311416,0.9308380797396257,-0.03581963758954909,0.9308380797396257,-0.03581963758954909,1.0853889943074004,0.04094631483166515,1.0701590271281571,0.03389064618165386,1.1929092805005215,0.0879695672848312,1.0761994355597366,0.03670140462165836,1.1315529179030663,0.0617169373549884,1.2516411378555798,0.11175898931000972,1.1102077687443541,0.052226027397260275,1.0,0.0,1.0743006993006994,0.03581963758954909,1.166034155597723,0.07665352606219886,1.1496725912067354,0.06962576153176675,1.2815432742440043,0.12340036563071298,1.1561618062088428,0.07242582897033159,1.215628090999011,0.09732142857142857,1.3446389496717723,0.14699020065328977,0.952122854561879,-0.024525682554372975,0.8576078112286412,-0.07665352606219886,0.9213286713286714,-0.04094631483166515,0.8576078112286412,-0.07665352606219886,0.9859681945743686,-0.00706547338671691,1.0990615224191866,0.04719324391455539,0.9915333960489181,-0.004251299008030231,1.0425321463897133,0.020823244552058112,1.1531728665207877,0.07113821138211382,0.9656729900632339,-0.017463235294117647,0.869812855980472,-0.06962576153176675,0.9344405594405595,-0.03389064618165386,0.869812855980472,-0.06962576153176675,1.0142314990512333,0.00706547338671691,1.1147028154327425,0.054240631163708086,1.0056444026340545,0.0028142589118198874,1.0573689416419387,0.027884615384615386,1.1695842450765865,0.07816439737771054,0.8663053297199639,-0.07163601161665054,0.7803091944670464,-0.12340036563071298,0.8382867132867133,-0.0879695672848312,0.7803091944670464,-0.12340036563071298,0.9098671726755219,-0.04719324391455539,0.8971000935453695,-0.054240631163708086,0.9021636876763875,-0.051434223541048464,0.9485657764589516,-0.026395939086294416,1.049234135667396,0.02402562733582488,0.960252935862692,-0.020276497695852536,0.8649308380797396,-0.07242582897033159,0.9291958041958042,-0.03670140462165836,0.8649308380797396,-0.07242582897033159,1.00853889943074,0.004251299008030231,0.9943872778297475,-0.0028142589118198874,1.1084462982273202,0.051434223541048464,1.0514342235410485,0.02507232401157184,1.163019693654267,0.0753667172483561,0.9132791327913279,-0.0453257790368272,0.822620016273393,-0.09732142857142857,0.8837412587412588,-0.0617169373549884,0.822620016273393,-0.09732142857142857,0.959203036053131,-0.020823244552058112,0.9457436856875585,-0.027884615384615386,1.05422314911366,0.026395939086294416,0.9510818438381938,-0.02507232401157184,1.1061269146608315,0.05038961038961039,0.8256549232158988,-0.09549727857496289,0.7436940602115542,-0.14699020065328977,0.798951048951049,-0.11175898931000972,0.7436940602115542,-0.14699020065328977,0.8671726755218216,-0.07113821138211382,0.8550046772684752,-0.07816439737771054,0.9530761209593326,-0.02402562733582488,0.8598306679209784,-0.0753667172483561,0.904055390702275,-0.05038961038961039
21.45,186,169,429,622,441,453,240,232,225,200,-0.170272813,0.6897106109324759,-0.18363463368220742,0.9727891156462585,-0.013793103448275862,0.9470198675496688,-0.027210884353741496,1.7875,0.2825112107623318,1.8491379310344827,0.2980332829046899,1.9066666666666667,0.3119266055045872,2.145,0.3640699523052464,2.306451612903226,0.3951219512195122,2.5384615384615383,0.43478260869565216,1.4498834498834499,0.18363463368220742,1.4104308390022675,0.1702728127939793,1.3730684326710816,0.1572093023255814,2.591666666666667,0.4431554524361949,2.6810344827586206,0.4566744730679157,2.7644444444444445,0.46871310507674147,3.11,0.51338199513382,3.3440860215053765,0.5396039603960396,3.6804733727810652,0.572692793931732,1.027972027972028,0.013793103448275862,0.7090032154340836,-0.1702728127939793,0.9735099337748344,-0.013422818791946308,1.8375,0.29515418502202645,1.9008620689655173,0.31054977711738485,1.96,0.32432432432432434,2.205,0.37597503900156004,2.370967741935484,0.40669856459330145,2.6094674556213016,0.4459016393442623,1.055944055944056,0.027210884353741496,0.7282958199356914,-0.1572093023255814,1.0272108843537415,0.013422818791946308,1.8875,0.30735930735930733,1.9525862068965518,0.32262773722627736,2.013333333333333,0.336283185840708,2.265,0.3874425727411945,2.435483870967742,0.41784037558685444,2.6804733727810652,0.4565916398713826,0.5594405594405595,-0.2825112107623318,0.3858520900321543,-0.4431554524361949,0.54421768707483,-0.29515418502202645,0.5298013245033113,-0.30735930735930733,1.0344827586206897,0.01694915254237288,1.0666666666666667,0.03225806451612903,1.2,0.09090909090909091,1.2903225806451613,0.1267605633802817,1.4201183431952662,0.17359413202933985,0.5407925407925408,-0.2980332829046899,0.3729903536977492,-0.4566744730679157,0.5260770975056689,-0.31054977711738485,0.5121412803532008,-0.32262773722627736,0.9666666666666667,-0.01694915254237288,1.031111111111111,0.015317286652078774,1.16,0.07407407407407407,1.2473118279569892,0.11004784688995216,1.3727810650887573,0.1571072319201995,0.5244755244755245,-0.3119266055045872,0.3617363344051447,-0.46871310507674147,0.5102040816326531,-0.32432432432432434,0.4966887417218543,-0.336283185840708,0.9375,-0.03225806451612903,0.9698275862068966,-0.015317286652078774,1.125,0.058823529411764705,1.2096774193548387,0.0948905109489051,1.331360946745562,0.14213197969543148,0.4662004662004662,-0.3640699523052464,0.3215434083601286,-0.51338199513382,0.45351473922902497,-0.37597503900156004,0.44150110375275936,-0.3874425727411945,0.8333333333333334,-0.09090909090909091,0.8620689655172413,-0.07407407407407407,0.8888888888888888,-0.058823529411764705,1.075268817204301,0.03626943005181347,1.183431952662722,0.08401084010840108,0.43356643356643354,-0.3951219512195122,0.2990353697749196,-0.5396039603960396,0.4217687074829932,-0.40669856459330145,0.4105960264900662,-0.41784037558685444,0.775,-0.1267605633802817,0.8017241379310345,-0.11004784688995216,0.8266666666666667,-0.0948905109489051,0.93,-0.03626943005181347,1.1005917159763314,0.04788732394366197,0.3939393939393939,-0.43478260869565216,0.2717041800643087,-0.572692793931732,0.3832199546485261,-0.4459016393442623,0.3730684326710817,-0.4565916398713826,0.7041666666666667,-0.17359413202933985,0.728448275862069,-0.1571072319201995,0.7511111111111111,-0.14213197969543148,0.845,-0.08401084010840108,0.9086021505376344,-0.04788732394366197
5.77,31,28,211,354,282,218,20,33,26,10,-0.113207547,0.596045197740113,-0.25309734513274335,0.74822695035461,-0.1440162271805274,0.9678899082568807,-0.016317016317016316,10.55,0.8268398268398268,6.393939393939394,0.7295081967213115,8.115384615384615,0.7805907172995781,21.1,0.9095022624434389,6.806451612903226,0.743801652892562,7.535714285714286,0.7656903765690377,1.6777251184834123,0.25309734513274335,1.2553191489361701,0.11320754716981132,1.6238532110091743,0.23776223776223776,17.7,0.893048128342246,10.727272727272727,0.8294573643410853,13.615384615384615,0.8631578947368421,35.4,0.945054945054945,11.419354838709678,0.8389610389610389,12.642857142857142,0.8534031413612565,1.3364928909952607,0.1440162271805274,0.7966101694915254,-0.11320754716981132,1.2935779816513762,0.128,14.1,0.8675496688741722,8.545454545454545,0.7904761904761904,10.846153846153847,0.8311688311688312,28.2,0.9315068493150684,9.096774193548388,0.8019169329073482,10.071428571428571,0.8193548387096774,1.033175355450237,0.016317016317016316,0.615819209039548,-0.23776223776223776,0.7730496453900709,-0.128,10.9,0.8319327731092437,6.606060606060606,0.7370517928286853,8.384615384615385,0.7868852459016393,21.8,0.9122807017543859,7.032258064516129,0.751004016064257,7.785714285714286,0.7723577235772358,0.0947867298578199,-0.8268398268398268,0.05649717514124294,-0.893048128342246,0.07092198581560284,-0.8675496688741722,0.09174311926605505,-0.8319327731092437,0.6060606060606061,-0.24528301886792453,0.7692307692307693,-0.13043478260869565,2.0,0.3333333333333333,0.6451612903225806,-0.21568627450980393,0.7142857142857143,-0.16666666666666666,0.15639810426540285,-0.7295081967213115,0.09322033898305085,-0.8294573643410853,0.11702127659574468,-0.7904761904761904,0.15137614678899083,-0.7370517928286853,1.65,0.24528301886792453,1.2692307692307692,0.11864406779661017,3.3,0.5348837209302325,1.064516129032258,0.03125,1.1785714285714286,0.08196721311475409,0.12322274881516587,-0.7805907172995781,0.07344632768361582,-0.8631578947368421,0.09219858156028368,-0.8311688311688312,0.11926605504587157,-0.7868852459016393,1.3,0.13043478260869565,0.7878787878787878,-0.11864406779661017,2.6,0.4444444444444444,0.8387096774193549,-0.08771929824561403,0.9285714285714286,-0.037037037037037035,0.04739336492890995,-0.9095022624434389,0.02824858757062147,-0.945054945054945,0.03546099290780142,-0.9315068493150684,0.045871559633027525,-0.9122807017543859,0.5,-0.3333333333333333,0.30303030303030304,-0.5348837209302325,0.38461538461538464,-0.4444444444444444,0.3225806451612903,-0.5121951219512195,0.35714285714285715,-0.47368421052631576,0.14691943127962084,-0.743801652892562,0.08757062146892655,-0.8389610389610389,0.1099290780141844,-0.8019169329073482,0.14220183486238533,-0.751004016064257,1.55,0.21568627450980393,0.9393939393939394,-0.03125,1.1923076923076923,0.08771929824561403,3.1,0.5121951219512195,1.1071428571428572,0.05084745762711865,0.13270142180094788,-0.7656903765690377,0.07909604519774012,-0.8534031413612565,0.09929078014184398,-0.8193548387096774,0.12844036697247707,-0.7723577235772358,1.4,0.16666666666666666,0.8484848484848485,-0.08196721311475409,1.0769230769230769,0.037037037037037035,2.8,0.47368421052631576,0.9032258064516129,-0.05084745762711865
2.65,584,508,890,1125,859,794,621,622,643,602,-0.134072581,0.7911111111111111,-0.11662531017369727,1.0360884749708963,0.017724413950829045,1.1209068010075567,0.057007125890736345,1.43317230273752,0.17802779616148245,1.4308681672025723,0.17724867724867724,1.3841368584758942,0.16112198303979125,1.478405315614618,0.19302949061662197,1.523972602739726,0.20759837177747625,1.7519685039370079,0.2732474964234621,1.2640449438202248,0.11662531017369727,1.309662398137369,0.13407258064516128,1.4168765743073048,0.17248566961959355,1.8115942028985508,0.28865979381443296,1.8086816720257235,0.2879221522610189,1.7496111975116642,0.27262443438914025,1.8687707641196014,0.3028372900984366,1.9263698630136987,0.3165593914569924,2.2145669291338583,0.37783221065523576,0.9651685393258427,-0.017724413950829045,0.7635555555555555,-0.13407258064516128,1.0818639798488665,0.03932244404113733,1.3832528180354267,0.1608108108108108,1.3810289389067525,0.1600270087778528,1.3359253499222394,0.14380825565912117,1.4269102990033222,0.1759069130732375,1.470890410958904,0.19057519057519057,1.6909448818897639,0.25676664228237017,0.8921348314606742,-0.057007125890736345,0.7057777777777777,-0.17248566961959355,0.9243306169965075,-0.03932244404113733,1.2785829307568437,0.12226148409893993,1.2765273311897105,0.12146892655367232,1.234836702954899,0.10508002783576896,1.318936877076412,0.13753581661891118,1.3595890410958904,0.15239477503628446,1.562992125984252,0.2196620583717358,0.697752808988764,-0.17802779616148245,0.552,-0.28865979381443296,0.7229336437718277,-0.1608108108108108,0.7821158690176322,-0.12226148409893993,0.9983922829581994,-0.0008045052292839903,0.9657853810264385,-0.01740506329113924,1.0315614617940199,0.01553556827473426,1.0633561643835616,0.030705394190871368,1.2224409448818898,0.10008857395925598,0.698876404494382,-0.17724867724867724,0.5528888888888889,-0.2879221522610189,0.7240977881257276,-0.1600270087778528,0.783375314861461,-0.12146892655367232,1.001610305958132,0.0008045052292839903,0.9673405909797823,-0.016600790513833993,1.0332225913621262,0.016339869281045753,1.0650684931506849,0.03150912106135987,1.2244094488188977,0.10088495575221239,0.7224719101123596,-0.16112198303979125,0.5715555555555556,-0.27262443438914025,0.7485448195576252,-0.14380825565912117,0.809823677581864,-0.10508002783576896,1.035426731078905,0.01740506329113924,1.0337620578778135,0.016600790513833993,1.0681063122923589,0.03293172690763052,1.101027397260274,0.04808475957620212,1.265748031496063,0.11728931364031277,0.6764044943820224,-0.19302949061662197,0.5351111111111111,-0.3028372900984366,0.7008149010477299,-0.1759069130732375,0.7581863979848866,-0.13753581661891118,0.9694041867954911,-0.01553556827473426,0.9678456591639871,-0.016339869281045753,0.9362363919129082,-0.03293172690763052,1.0308219178082192,0.01517706576728499,1.18503937007874,0.08468468468468468,0.6561797752808989,-0.20759837177747625,0.5191111111111111,-0.3165593914569924,0.6798603026775321,-0.19057519057519057,0.7355163727959698,-0.15239477503628446,0.9404186795491143,-0.030705394190871368,0.9389067524115756,-0.03150912106135987,0.9082426127527217,-0.04808475957620212,0.9700996677740864,-0.01517706576728499,1.1496062992125984,0.0695970695970696,0.5707865168539326,-0.2732474964234621,0.45155555555555554,-0.37783221065523576,0.5913853317811408,-0.25676664228237017,0.6397984886649875,-0.2196620583717358,0.8180354267310789,-0.10008857395925598,0.8167202572347267,-0.10088495575221239,0.7900466562986003,-0.11728931364031277,0.8438538205980066,-0.08468468468468468,0.8698630136986302,-0.0695970695970696
2.42,1047,973,1273,1488,1229,1242,1076,1080,1043,1060,-0.095325727,0.855510752688172,-0.07787033683448026,1.0358014646053701,0.017585931254996003,1.0249597423510468,0.012326043737574552,1.183085501858736,0.08386547467007237,1.1787037037037038,0.08202294942626434,1.2205177372962608,0.09930915371329879,1.200943396226415,0.09129875696528075,1.21585482330468,0.09741379310344828,1.3083247687564235,0.13357079252003562,1.168892380204242,0.07787033683448026,1.210740439381611,0.09532572690467428,1.1980676328502415,0.09010989010989011,1.3828996282527881,0.1606864274570983,1.3777777777777778,0.1588785046728972,1.426653883029722,0.1758198340576847,1.4037735849056603,0.16797488226059654,1.4212034383954155,0.1739644970414201,1.5292908530318603,0.20926452661519707,0.9654359780047133,-0.017585931254996003,0.8259408602150538,-0.09532572690467428,0.9895330112721417,-0.005261027923917442,1.1421933085501859,0.06637744034707159,1.137962962962963,0.06453009961022088,1.1783317353787153,0.0818661971830986,1.159433962264151,0.07383136740934906,1.1738299904489016,0.07996485061511424,1.263103802672148,0.11625794732061762,0.9756480754124116,-0.012326043737574552,0.8346774193548387,-0.09010989010989011,1.0105777054515868,0.005261027923917442,1.154275092936803,0.07161345987920621,1.15,0.06976744186046512,1.1907957813998082,0.08708971553610503,1.1716981132075472,0.0790616854908775,1.186246418338109,0.08519003931847968,1.276464542651593,0.12144469525959369,0.845247446975648,-0.08386547467007237,0.7231182795698925,-0.1606864274570983,0.8755085435313262,-0.06637744034707159,0.8663446054750402,-0.07161345987920621,0.9962962962962963,-0.0018552875695732839,1.0316395014381592,0.01557338367154318,1.0150943396226415,0.00749063670411985,1.0276981852913085,0.013659915214319359,1.1058581706063721,0.050268423621278674,0.8483896307934015,-0.08202294942626434,0.7258064516129032,-0.1588785046728972,0.8787632221318145,-0.06453009961022088,0.8695652173913043,-0.06976744186046512,1.003717472118959,0.0018552875695732839,1.0354745925215725,0.017428167687235045,1.0188679245283019,0.009345794392523364,1.0315186246418337,0.015514809590973202,1.1099691675231245,0.05211885046273746,0.819324430479183,-0.09930915371329879,0.7009408602150538,-0.1758198340576847,0.8486574450772986,-0.0818661971830986,0.8397745571658615,-0.08708971553610503,0.9693308550185874,-0.01557338367154318,0.9657407407407408,-0.017428167687235045,0.9839622641509433,-0.008083689966714217,0.9961795606494747,-0.0019138755980861245,1.0719424460431655,0.034722222222222224,0.8326787117046347,-0.09129875696528075,0.7123655913978495,-0.16797488226059654,0.8624898291293734,-0.07383136740934906,0.8534621578099839,-0.0790616854908775,0.9851301115241635,-0.00749063670411985,0.9814814814814815,-0.009345794392523364,1.0162991371045063,0.008083689966714217,1.0124164278892072,0.006169909824394874,1.0894141829393629,0.04279390063944909,0.8224666142969363,-0.09741379310344828,0.7036290322580645,-0.1739644970414201,0.8519121236777868,-0.07996485061511424,0.8429951690821256,-0.08519003931847968,0.9730483271375465,-0.013659915214319359,0.9694444444444444,-0.015514809590973202,1.0038350910834133,0.0019138755980861245,0.9877358490566037,-0.006169909824394874,1.0760534429599178,0.03663366336633663,0.7643362136684996,-0.13357079252003562,0.6538978494623656,-0.20926452661519707,0.7917005695687551,-0.11625794732061762,0.78341384863124,-0.12144469525959369,0.904275092936803,-0.050268423621278674,0.9009259259259259,-0.05211885046273746,0.9328859060402684,-0.034722222222222224,0.9179245283018868,-0.04279390063944909,0.9293218720152817,-0.03663366336633663
3.21,274,261,310,440,377,390,254,266,216,266,-0.077111383,0.7045454545454546,-0.17333333333333334,0.8222811671087533,-0.0975254730713246,0.7948717948717948,-0.11428571428571428,1.220472440944882,0.09929078014184398,1.1654135338345866,0.0763888888888889,1.4351851851851851,0.17870722433460076,1.1654135338345866,0.0763888888888889,1.1313868613138687,0.06164383561643835,1.1877394636015326,0.08581436077057793,1.4193548387096775,0.17333333333333334,1.16710875331565,0.07711138310893513,1.1282051282051282,0.060240963855421686,1.7322834645669292,0.2680115273775216,1.6541353383458646,0.24645892351274787,2.037037037037037,0.34146341463414637,1.6541353383458646,0.24645892351274787,1.6058394160583942,0.23249299719887956,1.685823754789272,0.2553495007132668,1.2161290322580645,0.0975254730713246,0.8568181818181818,-0.07711138310893513,0.9666666666666667,-0.01694915254237288,1.484251968503937,0.1949286846275753,1.4172932330827068,0.17262830482115085,1.7453703703703705,0.2715008431703204,1.4172932330827068,0.17262830482115085,1.3759124087591241,0.15821812596006143,1.4444444444444444,0.18181818181818182,1.2580645161290323,0.11428571428571428,0.8863636363636364,-0.060240963855421686,1.0344827586206897,0.01694915254237288,1.5354330708661417,0.2111801242236025,1.4661654135338347,0.18902439024390244,1.8055555555555556,0.2871287128712871,1.4661654135338347,0.18902439024390244,1.4233576642335766,0.1746987951807229,1.4942528735632183,0.19815668202764977,0.8193548387096774,-0.09929078014184398,0.5772727272727273,-0.2680115273775216,0.6737400530503979,-0.1949286846275753,0.6512820512820513,-0.2111801242236025,0.9548872180451128,-0.023076923076923078,1.1759259259259258,0.08085106382978724,0.9548872180451128,-0.023076923076923078,0.927007299270073,-0.03787878787878788,0.9731800766283525,-0.013592233009708738,0.8580645161290322,-0.0763888888888889,0.6045454545454545,-0.24645892351274787,0.7055702917771883,-0.17262830482115085,0.6820512820512821,-0.18902439024390244,1.047244094488189,0.023076923076923078,1.2314814814814814,0.1037344398340249,1.0,0.0,0.9708029197080292,-0.014814814814814815,1.0191570881226053,0.009487666034155597,0.6967741935483871,-0.17870722433460076,0.4909090909090909,-0.34146341463414637,0.5729442970822282,-0.2715008431703204,0.5538461538461539,-0.2871287128712871,0.8503937007874016,-0.08085106382978724,0.8120300751879699,-0.1037344398340249,0.8120300751879699,-0.1037344398340249,0.7883211678832117,-0.11836734693877551,0.8275862068965517,-0.09433962264150944,0.8580645161290322,-0.0763888888888889,0.6045454545454545,-0.24645892351274787,0.7055702917771883,-0.17262830482115085,0.6820512820512821,-0.18902439024390244,1.047244094488189,0.023076923076923078,1.0,0.0,1.2314814814814814,0.1037344398340249,0.9708029197080292,-0.014814814814814815,1.0191570881226053,0.009487666034155597,0.8838709677419355,-0.06164383561643835,0.6227272727272727,-0.23249299719887956,0.726790450928382,-0.15821812596006143,0.7025641025641025,-0.1746987951807229,1.078740157480315,0.03787878787878788,1.0300751879699248,0.014814814814814815,1.2685185185185186,0.11836734693877551,1.0300751879699248,0.014814814814814815,1.049808429118774,0.024299065420560748,0.8419354838709677,-0.08581436077057793,0.5931818181818181,-0.2553495007132668,0.6923076923076923,-0.18181818181818182,0.6692307692307692,-0.19815668202764977,1.0275590551181102,0.013592233009708738,0.981203007518797,-0.009487666034155597,1.2083333333333333,0.09433962264150944,0.981203007518797,-0.009487666034155597,0.9525547445255474,-0.024299065420560748
5.04,251,224,374,621,487,481,231,256,213,222,-0.120938628,0.6022544283413849,-0.24824120603015076,0.7679671457905544,-0.13124274099883856,0.7775467775467776,-0.12514619883040937,1.619047619047619,0.23636363636363636,1.4609375,0.1873015873015873,1.755868544600939,0.27427597955706984,1.6846846846846846,0.2550335570469799,1.4900398406374502,0.1968,1.6696428571428572,0.2508361204013378,1.660427807486631,0.24824120603015076,1.2751540041067762,0.12093862815884476,1.291060291060291,0.12704174228675136,2.688311688311688,0.45774647887323944,2.42578125,0.4161915621436716,2.915492957746479,0.4892086330935252,2.7972972972972974,0.47330960854092524,2.4741035856573705,0.4243119266055046,2.7723214285714284,0.46982248520710057,1.3021390374331552,0.13124274099883856,0.784219001610306,-0.12093862815884476,1.0124740124740124,0.006198347107438017,2.1082251082251084,0.3565459610027855,1.90234375,0.31090174966352624,2.2863849765258215,0.3914285714285714,2.1936936936936937,0.37376586741889983,1.9402390438247012,0.31978319783197834,2.174107142857143,0.369901547116737,1.286096256684492,0.12514619883040937,0.7745571658615137,-0.12704174228675136,0.9876796714579056,-0.006198347107438017,2.0822510822510822,0.351123595505618,1.87890625,0.30529172320217096,2.2582159624413145,0.3861671469740634,2.1666666666666665,0.3684210526315789,1.9163346613545817,0.31420765027322406,2.1473214285714284,0.3645390070921986,0.6176470588235294,-0.23636363636363636,0.3719806763285024,-0.45774647887323944,0.47433264887063653,-0.3565459610027855,0.4802494802494803,-0.351123595505618,0.90234375,-0.0513347022587269,1.0845070422535212,0.04054054054054054,1.0405405405405406,0.019867549668874173,0.9203187250996016,-0.04149377593360996,1.03125,0.015384615384615385,0.6844919786096256,-0.1873015873015873,0.41223832528180354,-0.4161915621436716,0.5256673511293635,-0.31090174966352624,0.5322245322245323,-0.30529172320217096,1.1082251082251082,0.0513347022587269,1.2018779342723005,0.09168443496801706,1.1531531531531531,0.07112970711297072,1.0199203187250996,0.009861932938856016,1.1428571428571428,0.06666666666666667,0.56951871657754,-0.27427597955706984,0.34299516908212563,-0.4892086330935252,0.43737166324435317,-0.3914285714285714,0.44282744282744285,-0.3861671469740634,0.922077922077922,-0.04054054054054054,0.83203125,-0.09168443496801706,0.9594594594594594,-0.020689655172413793,0.848605577689243,-0.08189655172413793,0.9508928571428571,-0.02517162471395881,0.5935828877005348,-0.2550335570469799,0.357487922705314,-0.47330960854092524,0.45585215605749485,-0.37376586741889983,0.46153846153846156,-0.3684210526315789,0.961038961038961,-0.019867549668874173,0.8671875,-0.07112970711297072,1.0422535211267605,0.020689655172413793,0.8844621513944223,-0.0613107822410148,0.9910714285714286,-0.004484304932735426,0.6711229946524064,-0.1968,0.40418679549114334,-0.4243119266055046,0.5154004106776181,-0.31978319783197834,0.5218295218295218,-0.31420765027322406,1.0865800865800865,0.04149377593360996,0.98046875,-0.009861932938856016,1.1784037558685445,0.08189655172413793,1.1306306306306306,0.0613107822410148,1.1205357142857142,0.056842105263157895,0.5989304812834224,-0.2508361204013378,0.3607085346215781,-0.46982248520710057,0.459958932238193,-0.369901547116737,0.4656964656964657,-0.3645390070921986,0.9696969696969697,-0.015384615384615385,0.875,-0.06666666666666667,1.051643192488263,0.02517162471395881,1.009009009009009,0.004484304932735426,0.8924302788844621,-0.056842105263157895
4.97,96,70,350,543,325,233,108,113,123,109,-0.251152074,0.6445672191528545,-0.21612541993281076,1.0769230769230769,0.037037037037037035,1.502145922746781,0.2006861063464837,3.240740740740741,0.5283842794759825,3.0973451327433628,0.5118790496760259,2.845528455284553,0.4799154334038055,3.2110091743119265,0.5250544662309368,3.6458333333333335,0.5695067264573991,5.0,0.6666666666666666,1.5514285714285714,0.21612541993281076,1.6707692307692308,0.2511520737327189,2.3304721030042916,0.39948453608247425,5.027777777777778,0.6682027649769585,4.8053097345132745,0.6554878048780488,4.414634146341464,0.6306306306306306,4.981651376146789,0.6656441717791411,5.65625,0.6995305164319249,7.757142857142857,0.7716150081566069,0.9285714285714286,-0.037037037037037035,0.5985267034990792,-0.2511520737327189,1.3948497854077253,0.16487455197132617,3.009259259259259,0.5011547344110855,2.8761061946902653,0.4840182648401826,2.6422764227642275,0.45089285714285715,2.981651376146789,0.4976958525345622,3.3854166666666665,0.5439429928741093,4.642857142857143,0.6455696202531646,0.6657142857142857,-0.2006861063464837,0.429097605893186,-0.39948453608247425,0.7169230769230769,-0.16487455197132617,2.1574074074074074,0.36656891495601174,2.061946902654867,0.3468208092485549,1.8943089430894309,0.3089887640449438,2.1376146788990824,0.36257309941520466,2.4270833333333335,0.41641337386018235,3.3285714285714287,0.5379537953795379,0.30857142857142855,-0.5283842794759825,0.19889502762430938,-0.6682027649769585,0.3323076923076923,-0.5011547344110855,0.463519313304721,-0.36656891495601174,0.9557522123893806,-0.02262443438914027,0.8780487804878049,-0.06493506493506493,0.9908256880733946,-0.004608294930875576,1.125,0.058823529411764705,1.542857142857143,0.21348314606741572,0.32285714285714284,-0.5118790496760259,0.20810313075506445,-0.6554878048780488,0.3476923076923077,-0.4840182648401826,0.48497854077253216,-0.3468208092485549,1.0462962962962963,0.02262443438914027,0.9186991869918699,-0.0423728813559322,1.036697247706422,0.018018018018018018,1.1770833333333333,0.08133971291866028,1.6142857142857143,0.23497267759562843,0.3514285714285714,-0.4799154334038055,0.2265193370165746,-0.6306306306306306,0.37846153846153846,-0.45089285714285715,0.5278969957081545,-0.3089887640449438,1.1388888888888888,0.06493506493506493,1.0884955752212389,0.0423728813559322,1.128440366972477,0.0603448275862069,1.28125,0.1232876712328767,1.7571428571428571,0.27461139896373055,0.31142857142857144,-0.5250544662309368,0.2007366482504604,-0.6656441717791411,0.3353846153846154,-0.4976958525345622,0.4678111587982833,-0.36257309941520466,1.0092592592592593,0.004608294930875576,0.9646017699115044,-0.018018018018018018,0.8861788617886179,-0.0603448275862069,1.1354166666666667,0.06341463414634146,1.5571428571428572,0.21787709497206703,0.2742857142857143,-0.5695067264573991,0.17679558011049723,-0.6995305164319249,0.2953846153846154,-0.5439429928741093,0.41201716738197425,-0.41641337386018235,0.8888888888888888,-0.058823529411764705,0.8495575221238938,-0.08133971291866028,0.7804878048780488,-0.1232876712328767,0.8807339449541285,-0.06341463414634146,1.3714285714285714,0.1566265060240964,0.2,-0.6666666666666666,0.1289134438305709,-0.7716150081566069,0.2153846153846154,-0.6455696202531646,0.30042918454935624,-0.5379537953795379,0.6481481481481481,-0.21348314606741572,0.6194690265486725,-0.23497267759562843,0.5691056910569106,-0.27461139896373055,0.6422018348623854,-0.21787709497206703,0.7291666666666666,-0.1566265060240964
4.67,286,249,912,1058,615,520,328,340,326,312,-0.264793784,0.8620037807183365,-0.07411167512690356,1.4829268292682927,0.1944990176817289,1.7538461538461538,0.2737430167597765,2.7804878048780486,0.47096774193548385,2.6823529411764704,0.45686900958466453,2.7975460122699385,0.47334410339256866,2.923076923076923,0.49019607843137253,3.1888111888111887,0.5225375626043406,3.6626506024096384,0.5710594315245479,1.1600877192982457,0.07411167512690356,1.7203252032520324,0.2647937836222355,2.0346153846153845,0.3409378960709759,3.225609756097561,0.5266955266955267,3.111764705882353,0.5135908440629471,3.245398773006135,0.5289017341040463,3.391025641025641,0.5445255474452555,3.699300699300699,0.5744047619047619,4.248995983935743,0.6189747513389442,0.6743421052631579,-0.1944990176817289,0.5812854442344045,-0.2647937836222355,1.1826923076923077,0.08370044052863436,1.875,0.30434782608695654,1.8088235294117647,0.2879581151832461,1.8865030674846626,0.3071200850159405,1.9711538461538463,0.3268608414239482,2.1503496503496504,0.365149833518313,2.4698795180722892,0.4236111111111111,0.5701754385964912,-0.2737430167597765,0.4914933837429111,-0.3409378960709759,0.8455284552845529,-0.08370044052863436,1.5853658536585367,0.22641509433962265,1.5294117647058822,0.20930232558139536,1.5950920245398772,0.2293144208037825,1.6666666666666667,0.25,1.8181818181818181,0.2903225806451613,2.0883534136546187,0.35240572171651496,0.35964912280701755,-0.47096774193548385,0.31001890359168244,-0.5266955266955267,0.5333333333333333,-0.30434782608695654,0.6307692307692307,-0.22641509433962265,0.9647058823529412,-0.017964071856287425,1.0061349693251533,0.0030581039755351682,1.0512820512820513,0.025,1.1468531468531469,0.06840390879478828,1.3172690763052208,0.1369150779896014,0.37280701754385964,-0.45686900958466453,0.32136105860113423,-0.5135908440629471,0.5528455284552846,-0.2879581151832461,0.6538461538461539,-0.20930232558139536,1.0365853658536586,0.017964071856287425,1.0429447852760736,0.021021021021021023,1.0897435897435896,0.04294478527607362,1.1888111888111887,0.08626198083067092,1.3654618473895583,0.15449915110356535,0.3574561403508772,-0.47334410339256866,0.30812854442344045,-0.5289017341040463,0.5300813008130081,-0.3071200850159405,0.6269230769230769,-0.2293144208037825,0.9939024390243902,-0.0030581039755351682,0.9588235294117647,-0.021021021021021023,1.044871794871795,0.0219435736677116,1.1398601398601398,0.06535947712418301,1.3092369477911647,0.13391304347826086,0.34210526315789475,-0.49019607843137253,0.2948960302457467,-0.5445255474452555,0.5073170731707317,-0.3268608414239482,0.6,-0.25,0.9512195121951219,-0.025,0.9176470588235294,-0.04294478527607362,0.9570552147239264,-0.0219435736677116,1.0909090909090908,0.043478260869565216,1.2530120481927711,0.11229946524064172,0.31359649122807015,-0.5225375626043406,0.27032136105860116,-0.5744047619047619,0.46504065040650405,-0.365149833518313,0.55,-0.2903225806451613,0.8719512195121951,-0.06840390879478828,0.8411764705882353,-0.08626198083067092,0.8773006134969326,-0.06535947712418301,0.9166666666666666,-0.043478260869565216,1.1485943775100402,0.0691588785046729,0.2730263157894737,-0.5710594315245479,0.23534971644612476,-0.6189747513389442,0.40487804878048783,-0.4236111111111111,0.47884615384615387,-0.35240572171651496,0.7591463414634146,-0.1369150779896014,0.7323529411764705,-0.15449915110356535,0.7638036809815951,-0.13391304347826086,0.7980769230769231,-0.11229946524064172,0.8706293706293706,-0.0691588785046729
15.47,285,213,1136,1202,690,557,327,311,377,261,-0.270613108,0.9450915141430949,-0.028229255774165955,1.6463768115942028,0.244249726177437,2.0394973070017954,0.3419964559952747,3.474006116207951,0.5529733424470267,3.652733118971061,0.5701451278507257,3.013262599469496,0.5016523463317911,4.352490421455939,0.6263421617752326,3.9859649122807017,0.5988740323715693,5.333333333333333,0.6842105263157895,1.0580985915492958,0.028229255774165955,1.7420289855072464,0.27061310782241016,2.1579892280071813,0.36668561682774303,3.675840978593272,0.5722694571615435,3.864951768488746,0.5888962326503635,3.1883289124668437,0.5224825839138696,4.605363984674329,0.6431989063568011,4.217543859649123,0.6166778749159382,5.643192488262911,0.6989399293286219,0.6073943661971831,-0.244249726177437,0.5740432612312812,-0.27061310782241016,1.2387791741472172,0.10665597433841219,2.110091743119266,0.35693215339233036,2.2186495176848875,0.3786213786213786,1.830238726790451,0.2933458294283037,2.6436781609195403,0.45110410094637227,2.4210526315789473,0.4153846153846154,3.23943661971831,0.5282392026578073,0.4903169014084507,-0.3419964559952747,0.4633943427620632,-0.36668561682774303,0.8072463768115942,-0.10665597433841219,1.7033639143730888,0.26018099547511314,1.7909967845659165,0.2834101382488479,1.4774535809018567,0.19271948608137046,2.1340996168582373,0.36185819070904646,1.9543859649122808,0.32304038004750596,2.615023474178404,0.44675324675324674,0.2878521126760563,-0.5529733424470267,0.2720465890183028,-0.5722694571615435,0.47391304347826085,-0.35693215339233036,0.5870736086175943,-0.26018099547511314,1.0514469453376205,0.025078369905956112,0.8673740053050398,-0.07102272727272728,1.2528735632183907,0.11224489795918367,1.1473684210526316,0.06862745098039216,1.5352112676056338,0.2111111111111111,0.2737676056338028,-0.5701451278507257,0.25873544093178036,-0.5888962326503635,0.45072463768115945,-0.3786213786213786,0.5583482944344704,-0.2834101382488479,0.9510703363914373,-0.025078369905956112,0.8249336870026526,-0.09593023255813954,1.1915708812260537,0.08741258741258741,1.0912280701754387,0.0436241610738255,1.460093896713615,0.18702290076335878,0.33186619718309857,-0.5016523463317911,0.3136439267886855,-0.5224825839138696,0.5463768115942029,-0.2933458294283037,0.6768402154398564,-0.19271948608137046,1.1529051987767585,0.07102272727272728,1.212218649517685,0.09593023255813954,1.4444444444444444,0.18181818181818182,1.3228070175438595,0.13897280966767372,1.7699530516431925,0.27796610169491526,0.22975352112676056,-0.6263421617752326,0.21713810316139767,-0.6431989063568011,0.3782608695652174,-0.45110410094637227,0.46858168761220825,-0.36185819070904646,0.7981651376146789,-0.11224489795918367,0.8392282958199357,-0.08741258741258741,0.6923076923076923,-0.18181818181818182,0.9157894736842105,-0.04395604395604396,1.2253521126760563,0.10126582278481013,0.25088028169014087,-0.5988740323715693,0.23710482529118138,-0.6166778749159382,0.41304347826086957,-0.4153846153846154,0.5116696588868941,-0.32304038004750596,0.8715596330275229,-0.06862745098039216,0.9163987138263665,-0.0436241610738255,0.7559681697612732,-0.13897280966767372,1.0919540229885059,0.04395604395604396,1.3380281690140845,0.14457831325301204,0.1875,-0.6842105263157895,0.1772046589018303,-0.6989399293286219,0.30869565217391304,-0.5282392026578073,0.38240574506283664,-0.44675324675324674,0.6513761467889908,-0.2111111111111111,0.684887459807074,-0.18702290076335878,0.5649867374005305,-0.27796610169491526,0.8160919540229885,-0.10126582278481013,0.7473684210526316,-0.14457831325301204
1.64,74,58,470,694,296,197,55,60,60,64,-0.402020202,0.6772334293948127,-0.19243986254295534,1.587837837837838,0.22715404699738903,2.3857868020304567,0.40929535232383807,8.545454545454545,0.7904761904761904,7.833333333333333,0.7735849056603774,7.833333333333333,0.7735849056603774,7.34375,0.7602996254681648,6.351351351351352,0.7279411764705882,8.10344827586207,0.7803030303030303,1.476595744680851,0.19243986254295534,2.3445945945945947,0.402020202020202,3.5228426395939088,0.5578002244668911,12.618181818181819,0.8531375166889186,11.566666666666666,0.8408488063660478,11.566666666666666,0.8408488063660478,10.84375,0.8311345646437994,9.378378378378379,0.8072916666666666,11.96551724137931,0.8457446808510638,0.6297872340425532,-0.22715404699738903,0.4265129682997118,-0.402020202020202,1.50253807106599,0.20081135902636918,5.381818181818182,0.6866096866096866,4.933333333333334,0.6629213483146067,4.933333333333334,0.6629213483146067,4.625,0.6444444444444445,4.0,0.6,5.103448275862069,0.672316384180791,0.41914893617021276,-0.40929535232383807,0.2838616714697406,-0.5578002244668911,0.6655405405405406,-0.20081135902636918,3.581818181818182,0.5634920634920635,3.283333333333333,0.5330739299610895,3.283333333333333,0.5330739299610895,3.078125,0.5095785440613027,2.6621621621621623,0.45387453874538747,3.396551724137931,0.5450980392156862,0.11702127659574468,-0.7904761904761904,0.0792507204610951,-0.8531375166889186,0.1858108108108108,-0.6866096866096866,0.27918781725888325,-0.5634920634920635,0.9166666666666666,-0.043478260869565216,0.9166666666666666,-0.043478260869565216,0.859375,-0.07563025210084033,0.7432432432432432,-0.14728682170542637,0.9482758620689655,-0.02654867256637168,0.1276595744680851,-0.7735849056603774,0.08645533141210375,-0.8408488063660478,0.20270270270270271,-0.6629213483146067,0.30456852791878175,-0.5330739299610895,1.0909090909090908,0.043478260869565216,1.0,0.0,0.9375,-0.03225806451612903,0.8108108108108109,-0.1044776119402985,1.0344827586206897,0.01694915254237288,0.1276595744680851,-0.7735849056603774,0.08645533141210375,-0.8408488063660478,0.20270270270270271,-0.6629213483146067,0.30456852791878175,-0.5330739299610895,1.0909090909090908,0.043478260869565216,1.0,0.0,0.9375,-0.03225806451612903,0.8108108108108109,-0.1044776119402985,1.0344827586206897,0.01694915254237288,0.13617021276595745,-0.7602996254681648,0.09221902017291066,-0.8311345646437994,0.21621621621621623,-0.6444444444444445,0.3248730964467005,-0.5095785440613027,1.1636363636363636,0.07563025210084033,1.0666666666666667,0.03225806451612903,1.0666666666666667,0.03225806451612903,0.8648648648648649,-0.07246376811594203,1.103448275862069,0.04918032786885246,0.1574468085106383,-0.7279411764705882,0.10662824207492795,-0.8072916666666666,0.25,-0.6,0.3756345177664975,-0.45387453874538747,1.3454545454545455,0.14728682170542637,1.2333333333333334,0.1044776119402985,1.2333333333333334,0.1044776119402985,1.15625,0.07246376811594203,1.2758620689655173,0.12121212121212122,0.12340425531914893,-0.7803030303030303,0.08357348703170028,-0.8457446808510638,0.19594594594594594,-0.672316384180791,0.29441624365482233,-0.5450980392156862,1.0545454545454545,0.02654867256637168,0.9666666666666667,-0.01694915254237288,0.9666666666666667,-0.01694915254237288,0.90625,-0.04918032786885246,0.7837837837837838,-0.12121212121212122
1.36,895,812,1236,1498,1156,1117,971,960,887,954,-0.128862095,0.8251001335113485,-0.0958302852962692,1.069204152249135,0.033444816053511704,1.1065353625783347,0.05057373565660858,1.2729145211122554,0.1200724966017218,1.2875,0.12568306010928962,1.3934611048478016,0.16439001413094678,1.2955974842767295,0.12876712328767123,1.3810055865921789,0.16001877053026747,1.522167487684729,0.20703125,1.2119741100323624,0.0958302852962692,1.2958477508650519,0.12886209495101733,1.3410922112802148,0.145697896749522,1.5427394438722966,0.2134467395706764,1.5604166666666666,0.21887713588283156,1.6888387824126267,0.2561844863731656,1.570230607966457,0.22185970636215335,1.6737430167597764,0.25198495612202254,1.8448275862068966,0.296969696969697,0.9352750809061489,-0.033444816053511704,0.7716955941255007,-0.12886209495101733,1.034914950760967,0.01715794104707435,1.1905252317198765,0.08697696285848613,1.2041666666666666,0.09262759924385633,1.3032694475760993,0.13166911404796866,1.2117400419287212,0.09573459715639811,1.2916201117318435,0.1272549975621648,1.4236453201970443,0.17479674796747968,0.9037216828478964,-0.05057373565660858,0.7456608811748998,-0.145697896749522,0.9662629757785467,-0.01715794104707435,1.1503604531410916,0.06992337164750957,1.1635416666666667,0.07558979297063072,1.2593010146561443,0.11477045908183632,1.170859538784067,0.07870593915982617,1.2480446927374302,0.110337972166998,1.375615763546798,0.15811301192327631,0.7855987055016181,-0.1200724966017218,0.6481975967957276,-0.2134467395706764,0.8399653979238755,-0.08697696285848613,0.8692927484333035,-0.06992337164750957,1.0114583333333333,0.005696530295183843,1.0947012401352876,0.04520990312163617,1.0178197064989518,0.008831168831168832,1.0849162011173183,0.04072883172561629,1.1958128078817734,0.0891755468311834,0.7766990291262136,-0.12568306010928962,0.6408544726301736,-0.21887713588283156,0.8304498269896193,-0.09262759924385633,0.8594449418084154,-0.07558979297063072,0.9886714727085479,-0.005696530295183843,1.0822998872604284,0.03952355170546833,1.0062893081761006,0.003134796238244514,1.0726256983240223,0.03504043126684636,1.1822660098522169,0.0835214446952596,0.7176375404530745,-0.16439001413094678,0.5921228304405874,-0.2561844863731656,0.7673010380622838,-0.13166911404796866,0.7940913160250671,-0.11477045908183632,0.913491246138002,-0.04520990312163617,0.9239583333333333,-0.03952355170546833,0.929769392033543,-0.03639326453014666,0.9910614525139665,-0.004489337822671156,1.0923645320197044,0.04414361389052384,0.7718446601941747,-0.12876712328767123,0.636849132176235,-0.22185970636215335,0.8252595155709342,-0.09573459715639811,0.8540734109221128,-0.07870593915982617,0.9824922760041195,-0.008831168831168832,0.99375,-0.003134796238244514,1.0755355129650508,0.03639326453014666,1.0659217877094973,0.0319091400757166,1.1748768472906403,0.08040770101925254,0.7241100323624595,-0.16001877053026747,0.5974632843791722,-0.25198495612202254,0.7742214532871973,-0.1272549975621648,0.8012533572068039,-0.110337972166998,0.92173017507724,-0.04072883172561629,0.9322916666666666,-0.03504043126684636,1.0090191657271703,0.004489337822671156,0.9381551362683438,-0.0319091400757166,1.1022167487684729,0.04862331575864089,0.656957928802589,-0.20703125,0.5420560747663551,-0.296969696969697,0.7024221453287197,-0.17479674796747968,0.7269471799462847,-0.15811301192327631,0.8362512873326468,-0.0891755468311834,0.8458333333333333,-0.0835214446952596,0.915445321307779,-0.04414361389052384,0.8511530398322851,-0.08040770101925254,0.9072625698324023,-0.04862331575864089
2.25,3775,3797,4858,4500,4152,4361,4308,4236,4210,4128,-0.040221914,1.0795555555555556,0.03825603761487497,1.170038535645472,0.07835738068812431,1.1139646869983948,0.053910402429764616,1.127669452181987,0.06000436395374209,1.1468366383380548,0.06839674510666373,1.153919239904988,0.07146007940008822,1.1768410852713178,0.08123748052526152,1.286887417218543,0.12544885902930616,1.2794311298393468,0.12258809936452918,0.9263071222725402,-0.03825603761487497,1.083815028901734,0.04022191400832178,1.031873423526714,0.015686717074822255,1.0445682451253482,0.021798365122615803,1.0623229461756374,0.03021978021978022,1.0688836104513064,0.03329506314580941,1.0901162790697674,0.043115438108484005,1.1920529801324504,0.08761329305135952,1.18514616802739,0.08472942027238761,0.854672704816797,-0.07835738068812431,0.9226666666666666,-0.04022191400832178,0.9520752121073148,-0.024550687184306356,0.9637883008356546,-0.018439716312056736,0.9801699716713881,-0.010014306151645207,0.9862232779097387,-0.006936139679502512,1.005813953488372,0.002898550724637681,1.0998675496688741,0.04755897565283209,1.0934948643666051,0.044659705623348846,0.8976945244956772,-0.053910402429764616,0.9691111111111111,-0.015686717074822255,1.0503371868978806,0.024550687184306356,1.0123026926648098,0.006113738608836083,1.029508970727101,0.014539955798534373,1.0358669833729217,0.01761754754404387,1.0564437984496124,0.02744728472140417,1.1552317880794702,0.07202556538839724,1.1485383197260997,0.06913459181171856,0.8867846850555784,-0.06000436395374209,0.9573333333333334,-0.021798365122615803,1.0375722543352601,0.018439716312056736,0.9878468241229076,-0.006113738608836083,1.0169971671388103,0.008426966292134831,1.0232779097387172,0.01150504813336464,1.0436046511627908,0.021337126600284494,1.1411920529801325,0.06594086354076457,1.1345799315248881,0.06304750154225787,0.8719637710992177,-0.06839674510666373,0.9413333333333334,-0.03021978021978022,1.0202312138728324,0.010014306151645207,0.9713368493464801,-0.014539955798534373,0.9832869080779945,-0.008426966292134831,1.0061757719714965,0.0030783802983660904,1.0261627906976745,0.01291248206599713,1.1221192052980133,0.05754587442266883,1.1156175928364498,0.054649570521598405,0.8666117743927543,-0.07146007940008822,0.9355555555555556,-0.03329506314580941,1.0139691714836223,0.006936139679502512,0.9653749140105481,-0.01761754754404387,0.9772516248839369,-0.01150504813336464,0.993862134088763,-0.0030783802983660904,1.0198643410852712,0.009834492684096906,1.1152317880794702,0.054477144646211645,1.1087700816434027,0.05157986761583614,0.8497324001646768,-0.08123748052526152,0.9173333333333333,-0.043115438108484005,0.9942196531791907,-0.002898550724637681,0.946571887181839,-0.02744728472140417,0.958217270194986,-0.021337126600284494,0.9745042492917847,-0.01291248206599713,0.9805225653206651,-0.009834492684096906,1.0935099337748344,0.04466658231051499,1.0871740848037925,0.04176656151419558,0.7770687525730754,-0.12544885902930616,0.8388888888888889,-0.08761329305135952,0.9092003853564548,-0.04755897565283209,0.8656271497362991,-0.07202556538839724,0.8762766945218199,-0.06594086354076457,0.8911709159584513,-0.05754587442266883,0.8966745843230404,-0.054477144646211645,0.9144864341085271,-0.04466658231051499,0.9942059520674217,-0.0029054410987849975,0.7815973651708522,-0.12258809936452918,0.8437777777777777,-0.08472942027238761,0.9144990366088632,-0.044659705623348846,0.8706718642513185,-0.06913459181171856,0.8813834726090993,-0.06304750154225787,0.8963644948064211,-0.054649570521598405,0.9019002375296912,-0.05157986761583614,0.9198158914728682,-0.04176656151419558,1.0058278145695365,0.0029054410987849975
4.2,294,468,246,494,279,315,244,280,316,348,-0.278137128,0.4979757085020243,-0.33513513513513515,0.8817204301075269,-0.06285714285714286,0.780952380952381,-0.12299465240641712,1.0081967213114753,0.004081632653061225,0.8785714285714286,-0.06463878326996197,0.7784810126582279,-0.12455516014234876,0.7068965517241379,-0.1717171717171717,0.8367346938775511,-0.08888888888888889,0.5256410256410257,-0.31092436974789917,2.008130081300813,0.33513513513513515,1.7706093189964158,0.278137128072445,1.5682539682539682,0.22126081582200247,2.0245901639344264,0.33875338753387535,1.7642857142857142,0.27648578811369506,1.5632911392405062,0.21975308641975308,1.4195402298850575,0.17339667458432304,1.6802721088435375,0.25380710659898476,1.0555555555555556,0.02702702702702703,1.1341463414634145,0.06285714285714286,0.5647773279352226,-0.278137128072445,0.8857142857142857,-0.06060606060606061,1.1434426229508197,0.06692160611854685,0.9964285714285714,-0.0017889087656529517,0.8829113924050633,-0.06218487394957983,0.8017241379310345,-0.11004784688995216,0.9489795918367347,-0.02617801047120419,0.5961538461538461,-0.25301204819277107,1.2804878048780488,0.12299465240641712,0.6376518218623481,-0.22126081582200247,1.1290322580645162,0.06060606060606061,1.290983606557377,0.12701252236135957,1.125,0.058823529411764705,0.9968354430379747,-0.001584786053882726,0.9051724137931034,-0.049773755656108594,1.0714285714285714,0.034482758620689655,0.6730769230769231,-0.19540229885057472,0.991869918699187,-0.004081632653061225,0.4939271255060729,-0.33875338753387535,0.8745519713261649,-0.06692160611854685,0.7746031746031746,-0.12701252236135957,0.8714285714285714,-0.06870229007633588,0.7721518987341772,-0.12857142857142856,0.7011494252873564,-0.17567567567567569,0.8299319727891157,-0.09293680297397769,0.5213675213675214,-0.3146067415730337,1.1382113821138211,0.06463878326996197,0.5668016194331984,-0.27648578811369506,1.003584229390681,0.0017889087656529517,0.8888888888888888,-0.058823529411764705,1.1475409836065573,0.06870229007633588,0.8860759493670886,-0.06040268456375839,0.8045977011494253,-0.10828025477707007,0.9523809523809523,-0.024390243902439025,0.5982905982905983,-0.25133689839572193,1.2845528455284554,0.12455516014234876,0.6396761133603239,-0.21975308641975308,1.1326164874551972,0.06218487394957983,1.0031746031746032,0.001584786053882726,1.2950819672131149,0.12857142857142856,1.1285714285714286,0.06040268456375839,0.9080459770114943,-0.04819277108433735,1.0748299319727892,0.036065573770491806,0.6752136752136753,-0.19387755102040816,1.4146341463414633,0.1717171717171717,0.7044534412955465,-0.17339667458432304,1.2473118279569892,0.11004784688995216,1.1047619047619048,0.049773755656108594,1.4262295081967213,0.17567567567567569,1.2428571428571429,0.10828025477707007,1.1012658227848102,0.04819277108433735,1.183673469387755,0.08411214953271028,0.7435897435897436,-0.14705882352941177,1.1951219512195121,0.08888888888888889,0.5951417004048583,-0.25380710659898476,1.053763440860215,0.02617801047120419,0.9333333333333333,-0.034482758620689655,1.2049180327868851,0.09293680297397769,1.05,0.024390243902439025,0.930379746835443,-0.036065573770491806,0.8448275862068966,-0.08411214953271028,0.6282051282051282,-0.2283464566929134,1.9024390243902438,0.31092436974789917,0.9473684210526315,-0.02702702702702703,1.6774193548387097,0.25301204819277107,1.4857142857142858,0.19540229885057472,1.9180327868852458,0.3146067415730337,1.6714285714285715,0.25133689839572193,1.481012658227848,0.19387755102040816,1.3448275862068966,0.14705882352941177,1.5918367346938775,0.2283464566929134
4.24,30,26,661,932,411,297,12,25,8,3,-0.387937453,0.7092274678111588,-0.17011927181418707,1.608272506082725,0.2332089552238806,2.225589225589226,0.37995824634655534,55.083333333333336,0.9643387815750372,26.44,0.9271137026239067,82.625,0.976083707025411,220.33333333333334,0.9909638554216867,22.033333333333335,0.9131693198263386,25.423076923076923,0.9243085880640466,1.4099848714069592,0.17011927181418707,2.267639902676399,0.3879374534623976,3.138047138047138,0.516680227827502,77.66666666666667,0.9745762711864406,37.28,0.9477533960292581,116.5,0.9829787234042553,310.6666666666667,0.9935828877005347,31.066666666666666,0.9376299376299376,35.84615384615385,0.9457202505219207,0.6217851739788199,-0.2332089552238806,0.4409871244635193,-0.3879374534623976,1.3838383838383839,0.16101694915254236,34.25,0.9432624113475178,16.44,0.8853211009174312,51.375,0.9618138424821002,137.0,0.9855072463768116,13.7,0.8639455782312925,15.807692307692308,0.8810068649885584,0.4493192133131619,-0.37995824634655534,0.3186695278969957,-0.516680227827502,0.7226277372262774,-0.16101694915254236,24.75,0.9223300970873787,11.88,0.84472049689441,37.125,0.9475409836065574,99.0,0.98,9.9,0.8165137614678899,11.423076923076923,0.8390092879256966,0.018154311649016642,-0.9643387815750372,0.012875536480686695,-0.9745762711864406,0.029197080291970802,-0.9432624113475178,0.04040404040404041,-0.9223300970873787,0.48,-0.35135135135135137,1.5,0.2,4.0,0.6,0.4,-0.42857142857142855,0.46153846153846156,-0.3684210526315789,0.037821482602118005,-0.9271137026239067,0.02682403433476395,-0.9477533960292581,0.06082725060827251,-0.8853211009174312,0.08417508417508418,-0.84472049689441,2.0833333333333335,0.35135135135135137,3.125,0.5151515151515151,8.333333333333334,0.7857142857142857,0.8333333333333334,-0.09090909090909091,0.9615384615384616,-0.0196078431372549,0.012102874432677761,-0.976083707025411,0.008583690987124463,-0.9829787234042553,0.019464720194647202,-0.9618138424821002,0.026936026936026935,-0.9475409836065574,0.6666666666666666,-0.2,0.32,-0.5151515151515151,2.6666666666666665,0.45454545454545453,0.26666666666666666,-0.5789473684210527,0.3076923076923077,-0.5294117647058824,0.0045385779122541605,-0.9909638554216867,0.003218884120171674,-0.9935828877005347,0.0072992700729927005,-0.9855072463768116,0.010101010101010102,-0.98,0.25,-0.6,0.12,-0.7857142857142857,0.375,-0.45454545454545453,0.1,-0.8181818181818182,0.11538461538461539,-0.7931034482758621,0.0453857791225416,-0.9131693198263386,0.032188841201716736,-0.9376299376299376,0.072992700729927,-0.8639455782312925,0.10101010101010101,-0.8165137614678899,2.5,0.42857142857142855,1.2,0.09090909090909091,3.75,0.5789473684210527,10.0,0.8181818181818182,1.1538461538461537,0.07142857142857142,0.039334341906202726,-0.9243085880640466,0.027896995708154508,-0.9457202505219207,0.06326034063260341,-0.8810068649885584,0.08754208754208755,-0.8390092879256966,2.1666666666666665,0.3684210526315789,1.04,0.0196078431372549,3.25,0.5294117647058824,8.666666666666666,0.7931034482758621,0.8666666666666667,-0.07142857142857142
