Actual,B11,B12,B2,B3,B4,B5,B6,B7,B8,B8A,RATIO_B2_B3,ND_B2_B3,RATIO_B2_B4,ND_B2_B4,RATIO_B2_B5,ND_B2_B5,RATIO_B2_B6,ND_B2_B6,RATIO_B2_B7,ND_B2_B7,RATIO_B2_B8,ND_B2_B8,RATIO_B2_B8A,ND_B2_B8A,RATIO_B2_B11,ND_B2_B11,RATIO_B2_B12,ND_B2_B12,RATIO_B3_B2,ND_B3_B2,RATIO_B3_B4,ND_B3_B4,RATIO_B3_B5,ND_B3_B5,RATIO_B3_B6,ND_B3_B6,RATIO_B3_B7,ND_B3_B7,RATIO_B3_B8,ND_B3_B8,RATIO_B3_B8A,ND_B3_B8A,RATIO_B3_B11,ND_B3_B11,RATIO_B3_B12,ND_B3_B12,RATIO_B4_B2,ND_B4_B2,RATIO_B4_B3,ND_B4_B3,RATIO_B4_B5,ND_B4_B5,RATIO_B4_B6,ND_B4_B6,RATIO_B4_B7,ND_B4_B7,RATIO_B4_B8,ND_B4_B8,RATIO_B4_B8A,ND_B4_B8A,RATIO_B4_B11,ND_B4_B11,RATIO_B4_B12,ND_B4_B12,RATIO_B5_B2,ND_B5_B2,RATIO_B5_B3,ND_B5_B3,RATIO_B5_B4,ND_B5_B4,RATIO_B5_B6,ND_B5_B6,RATIO_B5_B7,ND_B5_B7,RATIO_B5_B8,ND_B5_B8,RATIO_B5_B8A,ND_B5_B8A,RATIO_B5_B11,ND_B5_B11,RATIO_B5_B12,ND_B5_B12,RATIO_B6_B2,ND_B6_B2,RATIO_B6_B3,ND_B6_B3,RATIO_B6_B4,ND_B6_B4,RATIO_B6_B5,ND_B6_B5,RATIO_B6_B7,ND_B6_B7,RATIO_B6_B8,ND_B6_B8,RATIO_B6_B8A,ND_B6_B8A,RATIO_B6_B11,ND_B6_B11,RATIO_B6_B12,ND_B6_B12,RATIO_B7_B2,ND_B7_B2,RATIO_B7_B3,ND_B7_B3,RATIO_B7_B4,ND_B7_B4,RATIO_B7_B5,ND_B7_B5,RATIO_B7_B6,ND_B7_B6,RATIO_B7_B8,ND_B7_B8,RATIO_B7_B8A,ND_B7_B8A,RATIO_B7_B11,ND_B7_B11,RATIO_B7_B12,ND_B7_B12,RATIO_B8_B2,ND_B8_B2,RATIO_B8_B3,ND_B8_B3,RATIO_B8_B4,ND_B8_B4,RATIO_B8_B5,ND_B8_B5,RATIO_B8_B6,ND_B8_B6,RATIO_B8_B7,ND_B8_B7,RATIO_B8_B8A,ND_B8_B8A,RATIO_B8_B11,ND_B8_B11,RATIO_B8_B12,ND_B8_B12,RATIO_B8A_B2,ND_B8A_B2,RATIO_B8A_B3,ND_B8A_B3,RATIO_B8A_B4,ND_B8A_B4,RATIO_B8A_B5,ND_B8A_B5,RATIO_B8A_B6,ND_B8A_B6,RATIO_B8A_B7,ND_B8A_B7,RATIO_B8A_B8,ND_B8A_B8,RATIO_B8A_B11,ND_B8A_B11,RATIO_B8A_B12,ND_B8A_B12,RATIO_B11_B2,ND_B11_B2,RATIO_B11_B3,ND_B11_B3,RATIO_B11_B4,ND_B11_B4,RATIO_B11_B5,ND_B11_B5,RATIO_B11_B6,ND_B11_B6,RATIO_B11_B7,ND_B11_B7,RATIO_B11_B8,ND_B11_B8,RATIO_B11_B8A,ND_B11_B8A,RATIO_B11_B12,ND_B11_B12,RATIO_B12_B2,ND_B12_B2,RATIO_B12_B3,ND_B12_B3,RATIO_B12_B4,ND_B12_B4,RATIO_B12_B5,ND_B12_B5,RATIO_B12_B6,ND_B12_B6,RATIO_B12_B7,ND_B12_B7,RATIO_B12_B8,ND_B12_B8,RATIO_B12_B8A,ND_B12_B8A,RATIO_B12_B11,ND_B12_B11
4.69,18,19,45,43,40,42,23,42,23,29,1.0465116279069768,0.022727272727272728,1.125,0.058823529411764705,1.0714285714285714,0.034482758620689655,1.9565217391304348,0.3235294117647059,1.0714285714285714,0.034482758620689655,1.9565217391304348,0.3235294117647059,1.5517241379310345,0.21621621621621623,2.5,0.42857142857142855,2.3684210526315788,0.40625,0.9555555555555556,-0.022727272727272728,1.075,0.03614457831325301,1.0238095238095237,0.011764705882352941,1.8695652173913044,0.30303030303030304,1.0238095238095237,0.011764705882352941,1.8695652173913044,0.30303030303030304,1.4827586206896552,0.19444444444444445,2.388888888888889,0.4098360655737705,2.263157894736842,0.3870967741935484,0.8888888888888888,-0.058823529411764705,0.9302325581395349,-0.03614457831325301,0.9523809523809523,-0.024390243902439025,1.7391304347826086,0.2698412698412698,0.9523809523809523,-0.024390243902439025,1.7391304347826086,0.2698412698412698,1.3793103448275863,0.15942028985507245,2.2222222222222223,0.3793103448275862,2.1052631578947367,0.3559322033898305,0.9333333333333333,-0.034482758620689655,0.9767441860465116,-0.011764705882352941,1.05,0.024390243902439025,1.826086956521739,0.2923076923076923,1.0,0.0,1.826086956521739,0.2923076923076923,1.4482758620689655,0.18309859154929578,2.3333333333333335,0.4,2.210526315789474,0.3770491803278688,0.5111111111111111,-0.3235294117647059,0.5348837209302325,-0.30303030303030304,0.575,-0.2698412698412698,0.5476190476190477,-0.2923076923076923,0.5476190476190477,-0.2923076923076923,1.0,0.0,0.7931034482758621,-0.11538461538461539,1.2777777777777777,0.12195121951219512,1.2105263157894737,0.09523809523809523,0.9333333333333333,-0.034482758620689655,0.9767441860465116,-0.011764705882352941,1.05,0.024390243902439025,1.0,0.0,1.826086956521739,0.2923076923076923,1.826086956521739,0.2923076923076923,1.4482758620689655,0.18309859154929578,2.3333333333333335,0.4,2.210526315789474,0.3770491803278688,0.5111111111111111,-0.3235294117647059,0.5348837209302325,-0.30303030303030304,0.575,-0.2698412698412698,0.5476190476190477,-0.2923076923076923,1.0,0.0,0.5476190476190477,-0.2923076923076923,0.7931034482758621,-0.11538461538461539,1.2777777777777777,0.12195121951219512,1.2105263157894737,0.09523809523809523,0.6444444444444445,-0.21621621621621623,0.6744186046511628,-0.19444444444444445,0.725,-0.15942028985507245,0.6904761904761905,-0.18309859154929578,1.2608695652173914,0.11538461538461539,0.6904761904761905,-0.18309859154929578,1.2608695652173914,0.11538461538461539,1.6111111111111112,0.23404255319148937,1.5263157894736843,0.20833333333333334,0.4,-0.42857142857142855,0.4186046511627907,-0.4098360655737705,0.45,-0.3793103448275862,0.42857142857142855,-0.4,0.782608695652174,-0.12195121951219512,0.42857142857142855,-0.4,0.782608695652174,-0.12195121951219512,0.6206896551724138,-0.23404255319148937,0.9473684210526315,-0.02702702702702703,0.4222222222222222,-0.40625,0.4418604651162791,-0.3870967741935484,0.475,-0.3559322033898305,0.4523809523809524,-0.3770491803278688,0.8260869565217391,-0.09523809523809523,0.4523809523809524,-0.3770491803278688,0.8260869565217391,-0.09523809523809523,0.6551724137931034,-0.20833333333333334,1.0555555555555556,0.02702702702702703
5.64,54,30,66,68,59,82,65,79,55,50,0.9705882352941176,-0.014925373134328358,1.11864406779661,0.056,0.8048780487804879,-0.10810810810810811,1.0153846153846153,0.007633587786259542,0.8354430379746836,-0.0896551724137931,1.2,0.09090909090909091,1.32,0.13793103448275862,1.2222222222222223,0.1,2.2,0.375,1.0303030303030303,0.014925373134328358,1.152542372881356,0.07086614173228346,0.8292682926829268,-0.09333333333333334,1.0461538461538462,0.022556390977443608,0.8607594936708861,-0.07482993197278912,1.2363636363636363,0.10569105691056911,1.36,0.15254237288135594,1.2592592592592593,0.11475409836065574,2.2666666666666666,0.3877551020408163,0.8939393939393939,-0.056,0.8676470588235294,-0.07086614173228346,0.7195121951219512,-0.16312056737588654,0.9076923076923077,-0.04838709677419355,0.7468354430379747,-0.14492753623188406,1.0727272727272728,0.03508771929824561,1.18,0.08256880733944955,1.0925925925925926,0.04424778761061947,1.9666666666666666,0.3258426966292135,1.2424242424242424,0.10810810810810811,1.2058823529411764,0.09333333333333334,1.3898305084745763,0.16312056737588654,1.2615384615384615,0.11564625850340136,1.0379746835443038,0.018633540372670808,1.490909090909091,0.19708029197080293,1.64,0.24242424242424243,1.5185185185185186,0.20588235294117646,2.7333333333333334,0.4642857142857143,0.9848484848484849,-0.007633587786259542,0.9558823529411765,-0.022556390977443608,1.1016949152542372,0.04838709677419355,0.7926829268292683,-0.11564625850340136,0.8227848101265823,-0.09722222222222222,1.1818181818181819,0.08333333333333333,1.3,0.13043478260869565,1.2037037037037037,0.09243697478991597,2.1666666666666665,0.3684210526315789,1.196969696969697,0.0896551724137931,1.161764705882353,0.07482993197278912,1.3389830508474576,0.14492753623188406,0.9634146341463414,-0.018633540372670808,1.2153846153846153,0.09722222222222222,1.4363636363636363,0.1791044776119403,1.58,0.2248062015503876,1.462962962962963,0.18796992481203006,2.6333333333333333,0.44954128440366975,0.8333333333333334,-0.09090909090909091,0.8088235294117647,-0.10569105691056911,0.9322033898305084,-0.03508771929824561,0.6707317073170732,-0.19708029197080293,0.8461538461538461,-0.08333333333333333,0.6962025316455697,-0.1791044776119403,1.1,0.047619047619047616,1.0185185185185186,0.009174311926605505,1.8333333333333333,0.29411764705882354,0.7575757575757576,-0.13793103448275862,0.7352941176470589,-0.15254237288135594,0.847457627118644,-0.08256880733944955,0.6097560975609756,-0.24242424242424243,0.7692307692307693,-0.13043478260869565,0.6329113924050633,-0.2248062015503876,0.9090909090909091,-0.047619047619047616,0.9259259259259259,-0.038461538461538464,1.6666666666666667,0.25,0.8181818181818182,-0.1,0.7941176470588235,-0.11475409836065574,0.9152542372881356,-0.04424778761061947,0.6585365853658537,-0.20588235294117646,0.8307692307692308,-0.09243697478991597,0.6835443037974683,-0.18796992481203006,0.9818181818181818,-0.009174311926605505,1.08,0.038461538461538464,1.8,0.2857142857142857,0.45454545454545453,-0.375,0.4411764705882353,-0.3877551020408163,0.5084745762711864,-0.3258426966292135,0.36585365853658536,-0.4642857142857143,0.46153846153846156,-0.3684210526315789,0.379746835443038,-0.44954128440366975,0.5454545454545454,-0.29411764705882354,0.6,-0.25,0.5555555555555556,-0.2857142857142857
5.86,54,30,66,68,59,82,65,79,55,50,0.9705882352941176,-0.014925373134328358,1.11864406779661,0.056,0.8048780487804879,-0.10810810810810811,1.0153846153846153,0.007633587786259542,0.8354430379746836,-0.0896551724137931,1.2,0.09090909090909091,1.32,0.13793103448275862,1.2222222222222223,0.1,2.2,0.375,1.0303030303030303,0.014925373134328358,1.152542372881356,0.07086614173228346,0.8292682926829268,-0.09333333333333334,1.0461538461538462,0.022556390977443608,0.8607594936708861,-0.07482993197278912,1.2363636363636363,0.10569105691056911,1.36,0.15254237288135594,1.2592592592592593,0.11475409836065574,2.2666666666666666,0.3877551020408163,0.8939393939393939,-0.056,0.8676470588235294,-0.07086614173228346,0.7195121951219512,-0.16312056737588654,0.9076923076923077,-0.04838709677419355,0.7468354430379747,-0.14492753623188406,1.0727272727272728,0.03508771929824561,1.18,0.08256880733944955,1.0925925925925926,0.04424778761061947,1.9666666666666666,0.3258426966292135,1.2424242424242424,0.10810810810810811,1.2058823529411764,0.09333333333333334,1.3898305084745763,0.16312056737588654,1.2615384615384615,0.11564625850340136,1.0379746835443038,0.018633540372670808,1.490909090909091,0.19708029197080293,1.64,0.24242424242424243,1.5185185185185186,0.20588235294117646,2.7333333333333334,0.4642857142857143,0.9848484848484849,-0.007633587786259542,0.9558823529411765,-0.022556390977443608,1.1016949152542372,0.04838709677419355,0.7926829268292683,-0.11564625850340136,0.8227848101265823,-0.09722222222222222,1.1818181818181819,0.08333333333333333,1.3,0.13043478260869565,1.2037037037037037,0.09243697478991597,2.1666666666666665,0.3684210526315789,1.196969696969697,0.0896551724137931,1.161764705882353,0.07482993197278912,1.3389830508474576,0.14492753623188406,0.9634146341463414,-0.018633540372670808,1.2153846153846153,0.09722222222222222,1.4363636363636363,0.1791044776119403,1.58,0.2248062015503876,1.462962962962963,0.18796992481203006,2.6333333333333333,0.44954128440366975,0.8333333333333334,-0.09090909090909091,0.8088235294117647,-0.10569105691056911,0.9322033898305084,-0.03508771929824561,0.6707317073170732,-0.19708029197080293,0.8461538461538461,-0.08333333333333333,0.6962025316455697,-0.1791044776119403,1.1,0.047619047619047616,1.0185185185185186,0.009174311926605505,1.8333333333333333,0.29411764705882354,0.7575757575757576,-0.13793103448275862,0.7352941176470589,-0.15254237288135594,0.847457627118644,-0.08256880733944955,0.6097560975609756,-0.24242424242424243,0.7692307692307693,-0.13043478260869565,0.6329113924050633,-0.2248062015503876,0.9090909090909091,-0.047619047619047616,0.9259259259259259,-0.038461538461538464,1.6666666666666667,0.25,0.8181818181818182,-0.1,0.7941176470588235,-0.11475409836065574,0.9152542372881356,-0.04424778761061947,0.6585365853658537,-0.20588235294117646,0.8307692307692308,-0.09243697478991597,0.6835443037974683,-0.18796992481203006,0.9818181818181818,-0.009174311926605505,1.08,0.038461538461538464,1.8,0.2857142857142857,0.45454545454545453,-0.375,0.4411764705882353,-0.3877551020408163,0.5084745762711864,-0.3258426966292135,0.36585365853658536,-0.4642857142857143,0.46153846153846156,-0.3684210526315789,0.379746835443038,-0.44954128440366975,0.5454545454545454,-0.29411764705882354,0.6,-0.25,0.5555555555555556,-0.2857142857142857
5.08,132,133,255,223,212,213,153,159,152,140,1.1434977578475336,0.06694560669456066,1.2028301886792452,0.09207708779443255,1.1971830985915493,0.08974358974358974,1.6666666666666667,0.25,1.6037735849056605,0.2318840579710145,1.6776315789473684,0.25307125307125306,1.8214285714285714,0.2911392405063291,1.9318181818181819,0.3178294573643411,1.9172932330827068,0.31443298969072164,0.8745098039215686,-0.06694560669456066,1.0518867924528301,0.02528735632183908,1.0469483568075117,0.022935779816513763,1.457516339869281,0.18617021276595744,1.4025157232704402,0.16753926701570682,1.4671052631578947,0.18933333333333333,1.5928571428571427,0.22865013774104684,1.6893939393939394,0.2563380281690141,1.6766917293233083,0.25280898876404495,0.8313725490196079,-0.09207708779443255,0.9506726457399103,-0.02528735632183908,0.9953051643192489,-0.002352941176470588,1.3856209150326797,0.16164383561643836,1.3333333333333333,0.14285714285714285,1.394736842105263,0.16483516483516483,1.5142857142857142,0.20454545454545456,1.606060606060606,0.23255813953488372,1.593984962406015,0.2289855072463768,0.8352941176470589,-0.08974358974358974,0.9551569506726457,-0.022935779816513763,1.0047169811320755,0.002352941176470588,1.392156862745098,0.16393442622950818,1.3396226415094339,0.14516129032258066,1.4013157894736843,0.16712328767123288,1.5214285714285714,0.20679886685552407,1.6136363636363635,0.23478260869565218,1.6015037593984962,0.23121387283236994,0.6,-0.25,0.6860986547085202,-0.18617021276595744,0.7216981132075472,-0.16164383561643836,0.7183098591549296,-0.16393442622950818,0.9622641509433962,-0.019230769230769232,1.006578947368421,0.003278688524590164,1.0928571428571427,0.04436860068259386,1.1590909090909092,0.07368421052631578,1.150375939849624,0.06993006993006994,0.6235294117647059,-0.2318840579710145,0.7130044843049327,-0.16753926701570682,0.75,-0.14285714285714285,0.7464788732394366,-0.14516129032258066,1.0392156862745099,0.019230769230769232,1.0460526315789473,0.022508038585209004,1.1357142857142857,0.06354515050167224,1.2045454545454546,0.09278350515463918,1.1954887218045114,0.08904109589041095,0.596078431372549,-0.25307125307125306,0.6816143497757847,-0.18933333333333333,0.7169811320754716,-0.16483516483516483,0.7136150234741784,-0.16712328767123288,0.9934640522875817,-0.003278688524590164,0.9559748427672956,-0.022508038585209004,1.0857142857142856,0.0410958904109589,1.1515151515151516,0.07042253521126761,1.1428571428571428,0.06666666666666667,0.5490196078431373,-0.2911392405063291,0.6278026905829597,-0.22865013774104684,0.660377358490566,-0.20454545454545456,0.6572769953051644,-0.20679886685552407,0.9150326797385621,-0.04436860068259386,0.8805031446540881,-0.06354515050167224,0.9210526315789473,-0.0410958904109589,1.0606060606060606,0.029411764705882353,1.0526315789473684,0.02564102564102564,0.5176470588235295,-0.3178294573643411,0.5919282511210763,-0.2563380281690141,0.6226415094339622,-0.23255813953488372,0.6197183098591549,-0.23478260869565218,0.8627450980392157,-0.07368421052631578,0.8301886792452831,-0.09278350515463918,0.868421052631579,-0.07042253521126761,0.9428571428571428,-0.029411764705882353,0.9924812030075187,-0.0037735849056603774,0.5215686274509804,-0.31443298969072164,0.5964125560538116,-0.25280898876404495,0.6273584905660378,-0.2289855072463768,0.6244131455399061,-0.23121387283236994,0.869281045751634,-0.06993006993006994,0.8364779874213837,-0.08904109589041095,0.875,-0.06666666666666667,0.95,-0.02564102564102564,1.0075757575757576,0.0037735849056603774
4.98,132,133,255,223,212,213,153,159,152,140,1.1434977578475336,0.06694560669456066,1.2028301886792452,0.09207708779443255,1.1971830985915493,0.08974358974358974,1.6666666666666667,0.25,1.6037735849056605,0.2318840579710145,1.6776315789473684,0.25307125307125306,1.8214285714285714,0.2911392405063291,1.9318181818181819,0.3178294573643411,1.9172932330827068,0.31443298969072164,0.8745098039215686,-0.06694560669456066,1.0518867924528301,0.02528735632183908,1.0469483568075117,0.022935779816513763,1.457516339869281,0.18617021276595744,1.4025157232704402,0.16753926701570682,1.4671052631578947,0.18933333333333333,1.5928571428571427,0.22865013774104684,1.6893939393939394,0.2563380281690141,1.6766917293233083,0.25280898876404495,0.8313725490196079,-0.09207708779443255,0.9506726457399103,-0.02528735632183908,0.9953051643192489,-0.002352941176470588,1.3856209150326797,0.16164383561643836,1.3333333333333333,0.14285714285714285,1.394736842105263,0.16483516483516483,1.5142857142857142,0.20454545454545456,1.606060606060606,0.23255813953488372,1.593984962406015,0.2289855072463768,0.8352941176470589,-0.08974358974358974,0.9551569506726457,-0.022935779816513763,1.0047169811320755,0.002352941176470588,1.392156862745098,0.16393442622950818,1.3396226415094339,0.14516129032258066,1.4013157894736843,0.16712328767123288,1.5214285714285714,0.20679886685552407,1.6136363636363635,0.23478260869565218,1.6015037593984962,0.23121387283236994,0.6,-0.25,0.6860986547085202,-0.18617021276595744,0.7216981132075472,-0.16164383561643836,0.7183098591549296,-0.16393442622950818,0.9622641509433962,-0.019230769230769232,1.006578947368421,0.003278688524590164,1.0928571428571427,0.04436860068259386,1.1590909090909092,0.07368421052631578,1.150375939849624,0.06993006993006994,0.6235294117647059,-0.2318840579710145,0.7130044843049327,-0.16753926701570682,0.75,-0.14285714285714285,0.7464788732394366,-0.14516129032258066,1.0392156862745099,0.019230769230769232,1.0460526315789473,0.022508038585209004,1.1357142857142857,0.06354515050167224,1.2045454545454546,0.09278350515463918,1.1954887218045114,0.08904109589041095,0.596078431372549,-0.25307125307125306,0.6816143497757847,-0.18933333333333333,0.7169811320754716,-0.16483516483516483,0.7136150234741784,-0.16712328767123288,0.9934640522875817,-0.003278688524590164,0.9559748427672956,-0.022508038585209004,1.0857142857142856,0.0410958904109589,1.1515151515151516,0.07042253521126761,1.1428571428571428,0.06666666666666667,0.5490196078431373,-0.2911392405063291,0.6278026905829597,-0.22865013774104684,0.660377358490566,-0.20454545454545456,0.6572769953051644,-0.20679886685552407,0.9150326797385621,-0.04436860068259386,0.8805031446540881,-0.06354515050167224,0.9210526315789473,-0.0410958904109589,1.0606060606060606,0.029411764705882353,1.0526315789473684,0.02564102564102564,0.5176470588235295,-0.3178294573643411,0.5919282511210763,-0.2563380281690141,0.6226415094339622,-0.23255813953488372,0.6197183098591549,-0.23478260869565218,0.8627450980392157,-0.07368421052631578,0.8301886792452831,-0.09278350515463918,0.868421052631579,-0.07042253521126761,0.9428571428571428,-0.029411764705882353,0.9924812030075187,-0.0037735849056603774,0.5215686274509804,-0.31443298969072164,0.5964125560538116,-0.25280898876404495,0.6273584905660378,-0.2289855072463768,0.6244131455399061,-0.23121387283236994,0.869281045751634,-0.06993006993006994,0.8364779874213837,-0.08904109589041095,0.875,-0.06666666666666667,0.95,-0.02564102564102564,1.0075757575757576,0.0037735849056603774
5.37,22,33,19,23,28,31,13,21,13,19,0.8260869565217391,-0.09523809523809523,0.6785714285714286,-0.19148936170212766,0.6129032258064516,-0.24,1.4615384615384615,0.1875,0.9047619047619048,-0.05,1.4615384615384615,0.1875,1.0,0.0,0.8636363636363636,-0.07317073170731707,0.5757575757575758,-0.2692307692307692,1.2105263157894737,0.09523809523809523,0.8214285714285714,-0.09803921568627451,0.7419354838709677,-0.14814814814814814,1.7692307692307692,0.2777777777777778,1.0952380952380953,0.045454545454545456,1.7692307692307692,0.2777777777777778,1.2105263157894737,0.09523809523809523,1.0454545454545454,0.022222222222222223,0.696969696969697,-0.17857142857142858,1.4736842105263157,0.19148936170212766,1.2173913043478262,0.09803921568627451,0.9032258064516129,-0.05084745762711865,2.1538461538461537,0.36585365853658536,1.3333333333333333,0.14285714285714285,2.1538461538461537,0.36585365853658536,1.4736842105263157,0.19148936170212766,1.2727272727272727,0.12,0.8484848484848485,-0.08196721311475409,1.631578947368421,0.24,1.3478260869565217,0.14814814814814814,1.1071428571428572,0.05084745762711865,2.3846153846153846,0.4090909090909091,1.4761904761904763,0.19230769230769232,2.3846153846153846,0.4090909090909091,1.631578947368421,0.24,1.4090909090909092,0.16981132075471697,0.9393939393939394,-0.03125,0.6842105263157895,-0.1875,0.5652173913043478,-0.2777777777777778,0.4642857142857143,-0.36585365853658536,0.41935483870967744,-0.4090909090909091,0.6190476190476191,-0.23529411764705882,1.0,0.0,0.6842105263157895,-0.1875,0.5909090909090909,-0.2571428571428571,0.3939393939393939,-0.43478260869565216,1.105263157894737,0.05,0.9130434782608695,-0.045454545454545456,0.75,-0.14285714285714285,0.6774193548387096,-0.19230769230769232,1.6153846153846154,0.23529411764705882,1.6153846153846154,0.23529411764705882,1.105263157894737,0.05,0.9545454545454546,-0.023255813953488372,0.6363636363636364,-0.2222222222222222,0.6842105263157895,-0.1875,0.5652173913043478,-0.2777777777777778,0.4642857142857143,-0.36585365853658536,0.41935483870967744,-0.4090909090909091,1.0,0.0,0.6190476190476191,-0.23529411764705882,0.6842105263157895,-0.1875,0.5909090909090909,-0.2571428571428571,0.3939393939393939,-0.43478260869565216,1.0,0.0,0.8260869565217391,-0.09523809523809523,0.6785714285714286,-0.19148936170212766,0.6129032258064516,-0.24,1.4615384615384615,0.1875,0.9047619047619048,-0.05,1.4615384615384615,0.1875,0.8636363636363636,-0.07317073170731707,0.5757575757575758,-0.2692307692307692,1.1578947368421053,0.07317073170731707,0.9565217391304348,-0.022222222222222223,0.7857142857142857,-0.12,0.7096774193548387,-0.16981132075471697,1.6923076923076923,0.2571428571428571,1.0476190476190477,0.023255813953488372,1.6923076923076923,0.2571428571428571,1.1578947368421053,0.07317073170731707,0.6666666666666666,-0.2,1.736842105263158,0.2692307692307692,1.434782608695652,0.17857142857142858,1.1785714285714286,0.08196721311475409,1.064516129032258,0.03125,2.5384615384615383,0.43478260869565216,1.5714285714285714,0.2222222222222222,2.5384615384615383,0.43478260869565216,1.736842105263158,0.2692307692307692,1.5,0.2
5.0,22,33,19,23,28,31,13,21,13,19,0.8260869565217391,-0.09523809523809523,0.6785714285714286,-0.19148936170212766,0.6129032258064516,-0.24,1.4615384615384615,0.1875,0.9047619047619048,-0.05,1.4615384615384615,0.1875,1.0,0.0,0.8636363636363636,-0.07317073170731707,0.5757575757575758,-0.2692307692307692,1.2105263157894737,0.09523809523809523,0.8214285714285714,-0.09803921568627451,0.7419354838709677,-0.14814814814814814,1.7692307692307692,0.2777777777777778,1.0952380952380953,0.045454545454545456,1.7692307692307692,0.2777777777777778,1.2105263157894737,0.09523809523809523,1.0454545454545454,0.022222222222222223,0.696969696969697,-0.17857142857142858,1.4736842105263157,0.19148936170212766,1.2173913043478262,0.09803921568627451,0.9032258064516129,-0.05084745762711865,2.1538461538461537,0.36585365853658536,1.3333333333333333,0.14285714285714285,2.1538461538461537,0.36585365853658536,1.4736842105263157,0.19148936170212766,1.2727272727272727,0.12,0.8484848484848485,-0.08196721311475409,1.631578947368421,0.24,1.3478260869565217,0.14814814814814814,1.1071428571428572,0.05084745762711865,2.3846153846153846,0.4090909090909091,1.4761904761904763,0.19230769230769232,2.3846153846153846,0.4090909090909091,1.631578947368421,0.24,1.4090909090909092,0.16981132075471697,0.9393939393939394,-0.03125,0.6842105263157895,-0.1875,0.5652173913043478,-0.2777777777777778,0.4642857142857143,-0.36585365853658536,0.41935483870967744,-0.4090909090909091,0.6190476190476191,-0.23529411764705882,1.0,0.0,0.6842105263157895,-0.1875,0.5909090909090909,-0.2571428571428571,0.3939393939393939,-0.43478260869565216,1.105263157894737,0.05,0.9130434782608695,-0.045454545454545456,0.75,-0.14285714285714285,0.6774193548387096,-0.19230769230769232,1.6153846153846154,0.23529411764705882,1.6153846153846154,0.23529411764705882,1.105263157894737,0.05,0.9545454545454546,-0.023255813953488372,0.6363636363636364,-0.2222222222222222,0.6842105263157895,-0.1875,0.5652173913043478,-0.2777777777777778,0.4642857142857143,-0.36585365853658536,0.41935483870967744,-0.4090909090909091,1.0,0.0,0.6190476190476191,-0.23529411764705882,0.6842105263157895,-0.1875,0.5909090909090909,-0.2571428571428571,0.3939393939393939,-0.43478260869565216,1.0,0.0,0.8260869565217391,-0.09523809523809523,0.6785714285714286,-0.19148936170212766,0.6129032258064516,-0.24,1.4615384615384615,0.1875,0.9047619047619048,-0.05,1.4615384615384615,0.1875,0.8636363636363636,-0.07317073170731707,0.5757575757575758,-0.2692307692307692,1.1578947368421053,0.07317073170731707,0.9565217391304348,-0.022222222222222223,0.7857142857142857,-0.12,0.7096774193548387,-0.16981132075471697,1.6923076923076923,0.2571428571428571,1.0476190476190477,0.023255813953488372,1.6923076923076923,0.2571428571428571,1.1578947368421053,0.07317073170731707,0.6666666666666666,-0.2,1.736842105263158,0.2692307692307692,1.434782608695652,0.17857142857142858,1.1785714285714286,0.08196721311475409,1.064516129032258,0.03125,2.5384615384615383,0.43478260869565216,1.5714285714285714,0.2222222222222222,2.5384615384615383,0.43478260869565216,1.736842105263158,0.2692307692307692,1.5,0.2
7.12,76,83,190,173,156,168,95,123,88,93,1.0982658959537572,0.046831955922865015,1.2179487179487178,0.09826589595375723,1.130952380952381,0.061452513966480445,2.0,0.3333333333333333,1.5447154471544715,0.21405750798722045,2.159090909090909,0.3669064748201439,2.043010752688172,0.34275618374558303,2.5,0.42857142857142855,2.289156626506024,0.39194139194139194,0.9105263157894737,-0.046831955922865015,1.108974358974359,0.05167173252279635,1.0297619047619047,0.01466275659824047,1.8210526315789475,0.291044776119403,1.4065040650406504,0.16891891891891891,1.9659090909090908,0.32567049808429116,1.8602150537634408,0.3007518796992481,2.276315789473684,0.3895582329317269,2.0843373493975905,0.3515625,0.8210526315789474,-0.09826589595375723,0.9017341040462428,-0.05167173252279635,0.9285714285714286,-0.037037037037037035,1.6421052631578947,0.24302788844621515,1.2682926829268293,0.11827956989247312,1.7727272727272727,0.2786885245901639,1.6774193548387097,0.25301204819277107,2.0526315789473686,0.3448275862068966,1.8795180722891567,0.3054393305439331,0.8842105263157894,-0.061452513966480445,0.9710982658959537,-0.01466275659824047,1.0769230769230769,0.037037037037037035,1.768421052631579,0.27756653992395436,1.3658536585365855,0.15463917525773196,1.9090909090909092,0.3125,1.8064516129032258,0.28735632183908044,2.210526315789474,0.3770491803278688,2.0240963855421685,0.3386454183266932,0.5,-0.3333333333333333,0.5491329479768786,-0.291044776119403,0.6089743589743589,-0.24302788844621515,0.5654761904761905,-0.27756653992395436,0.7723577235772358,-0.12844036697247707,1.0795454545454546,0.03825136612021858,1.021505376344086,0.010638297872340425,1.25,0.1111111111111111,1.144578313253012,0.06741573033707865,0.6473684210526316,-0.21405750798722045,0.7109826589595376,-0.16891891891891891,0.7884615384615384,-0.11827956989247312,0.7321428571428571,-0.15463917525773196,1.2947368421052632,0.12844036697247707,1.3977272727272727,0.16587677725118483,1.3225806451612903,0.1388888888888889,1.618421052631579,0.23618090452261306,1.4819277108433735,0.1941747572815534,0.4631578947368421,-0.3669064748201439,0.5086705202312138,-0.32567049808429116,0.5641025641025641,-0.2786885245901639,0.5238095238095238,-0.3125,0.9263157894736842,-0.03825136612021858,0.7154471544715447,-0.16587677725118483,0.946236559139785,-0.027624309392265192,1.1578947368421053,0.07317073170731707,1.0602409638554218,0.029239766081871343,0.48947368421052634,-0.34275618374558303,0.5375722543352601,-0.3007518796992481,0.5961538461538461,-0.25301204819277107,0.5535714285714286,-0.28735632183908044,0.9789473684210527,-0.010638297872340425,0.7560975609756098,-0.1388888888888889,1.0568181818181819,0.027624309392265192,1.2236842105263157,0.10059171597633136,1.1204819277108433,0.056818181818181816,0.4,-0.42857142857142855,0.4393063583815029,-0.3895582329317269,0.48717948717948717,-0.3448275862068966,0.4523809523809524,-0.3770491803278688,0.8,-0.1111111111111111,0.6178861788617886,-0.23618090452261306,0.8636363636363636,-0.07317073170731707,0.8172043010752689,-0.10059171597633136,0.9156626506024096,-0.0440251572327044,0.4368421052631579,-0.39194139194139194,0.4797687861271676,-0.3515625,0.532051282051282,-0.3054393305439331,0.49404761904761907,-0.3386454183266932,0.8736842105263158,-0.06741573033707865,0.6747967479674797,-0.1941747572815534,0.9431818181818182,-0.029239766081871343,0.8924731182795699,-0.056818181818181816,1.0921052631578947,0.0440251572327044
8.95,76,83,190,173,156,168,95,123,88,93,1.0982658959537572,0.046831955922865015,1.2179487179487178,0.09826589595375723,1.130952380952381,0.061452513966480445,2.0,0.3333333333333333,1.5447154471544715,0.21405750798722045,2.159090909090909,0.3669064748201439,2.043010752688172,0.34275618374558303,2.5,0.42857142857142855,2.289156626506024,0.39194139194139194,0.9105263157894737,-0.046831955922865015,1.108974358974359,0.05167173252279635,1.0297619047619047,0.01466275659824047,1.8210526315789475,0.291044776119403,1.4065040650406504,0.16891891891891891,1.9659090909090908,0.32567049808429116,1.8602150537634408,0.3007518796992481,2.276315789473684,0.3895582329317269,2.0843373493975905,0.3515625,0.8210526315789474,-0.09826589595375723,0.9017341040462428,-0.05167173252279635,0.9285714285714286,-0.037037037037037035,1.6421052631578947,0.24302788844621515,1.2682926829268293,0.11827956989247312,1.7727272727272727,0.2786885245901639,1.6774193548387097,0.25301204819277107,2.0526315789473686,0.3448275862068966,1.8795180722891567,0.3054393305439331,0.8842105263157894,-0.061452513966480445,0.9710982658959537,-0.01466275659824047,1.0769230769230769,0.037037037037037035,1.768421052631579,0.27756653992395436,1.3658536585365855,0.15463917525773196,1.9090909090909092,0.3125,1.8064516129032258,0.28735632183908044,2.210526315789474,0.3770491803278688,2.0240963855421685,0.3386454183266932,0.5,-0.3333333333333333,0.5491329479768786,-0.291044776119403,0.6089743589743589,-0.24302788844621515,0.5654761904761905,-0.27756653992395436,0.7723577235772358,-0.12844036697247707,1.0795454545454546,0.03825136612021858,1.021505376344086,0.010638297872340425,1.25,0.1111111111111111,1.144578313253012,0.06741573033707865,0.6473684210526316,-0.21405750798722045,0.7109826589595376,-0.16891891891891891,0.7884615384615384,-0.11827956989247312,0.7321428571428571,-0.15463917525773196,1.2947368421052632,0.12844036697247707,1.3977272727272727,0.16587677725118483,1.3225806451612903,0.1388888888888889,1.618421052631579,0.23618090452261306,1.4819277108433735,0.1941747572815534,0.4631578947368421,-0.3669064748201439,0.5086705202312138,-0.32567049808429116,0.5641025641025641,-0.2786885245901639,0.5238095238095238,-0.3125,0.9263157894736842,-0.03825136612021858,0.7154471544715447,-0.16587677725118483,0.946236559139785,-0.027624309392265192,1.1578947368421053,0.07317073170731707,1.0602409638554218,0.029239766081871343,0.48947368421052634,-0.34275618374558303,0.5375722543352601,-0.3007518796992481,0.5961538461538461,-0.25301204819277107,0.5535714285714286,-0.28735632183908044,0.9789473684210527,-0.010638297872340425,0.7560975609756098,-0.1388888888888889,1.0568181818181819,0.027624309392265192,1.2236842105263157,0.10059171597633136,1.1204819277108433,0.056818181818181816,0.4,-0.42857142857142855,0.4393063583815029,-0.3895582329317269,0.48717948717948717,-0.3448275862068966,0.4523809523809524,-0.3770491803278688,0.8,-0.1111111111111111,0.6178861788617886,-0.23618090452261306,0.8636363636363636,-0.07317073170731707,0.8172043010752689,-0.10059171597633136,0.9156626506024096,-0.0440251572327044,0.4368421052631579,-0.39194139194139194,0.4797687861271676,-0.3515625,0.532051282051282,-0.3054393305439331,0.49404761904761907,-0.3386454183266932,0.8736842105263158,-0.06741573033707865,0.6747967479674797,-0.1941747572815534,0.9431818181818182,-0.029239766081871343,0.8924731182795699,-0.056818181818181816,1.0921052631578947,0.0440251572327044
5.7,159,140,235,268,248,279,208,224,177,204,0.8768656716417911,-0.06560636182902585,0.9475806451612904,-0.026915113871635612,0.8422939068100358,-0.08560311284046693,1.1298076923076923,0.060948081264108354,1.0491071428571428,0.023965141612200435,1.3276836158192091,0.1407766990291262,1.1519607843137254,0.07061503416856492,1.4779874213836477,0.19289340101522842,1.6785714285714286,0.25333333333333335,1.1404255319148937,0.06560636182902585,1.0806451612903225,0.03875968992248062,0.9605734767025089,-0.02010968921389397,1.2884615384615385,0.12605042016806722,1.1964285714285714,0.08943089430894309,1.5141242937853108,0.20449438202247192,1.3137254901960784,0.13559322033898305,1.6855345911949686,0.25526932084309134,1.9142857142857144,0.3137254901960784,1.0553191489361702,0.026915113871635612,0.9253731343283582,-0.03875968992248062,0.8888888888888888,-0.058823529411764705,1.1923076923076923,0.08771929824561403,1.1071428571428572,0.05084745762711865,1.4011299435028248,0.16705882352941176,1.2156862745098038,0.09734513274336283,1.559748427672956,0.21867321867321868,1.7714285714285714,0.27835051546391754,1.1872340425531915,0.08560311284046693,1.041044776119403,0.02010968921389397,1.125,0.058823529411764705,1.3413461538461537,0.1457905544147844,1.2455357142857142,0.10934393638170974,1.576271186440678,0.2236842105263158,1.3676470588235294,0.15527950310559005,1.7547169811320755,0.273972602739726,1.9928571428571429,0.3317422434367542,0.8851063829787233,-0.060948081264108354,0.7761194029850746,-0.12605042016806722,0.8387096774193549,-0.08771929824561403,0.7455197132616488,-0.1457905544147844,0.9285714285714286,-0.037037037037037035,1.1751412429378532,0.08051948051948052,1.0196078431372548,0.009708737864077669,1.3081761006289307,0.1335149863760218,1.4857142857142858,0.19540229885057472,0.9531914893617022,-0.023965141612200435,0.835820895522388,-0.08943089430894309,0.9032258064516129,-0.05084745762711865,0.8028673835125448,-0.10934393638170974,1.0769230769230769,0.037037037037037035,1.265536723163842,0.1172069825436409,1.0980392156862746,0.04672897196261682,1.4088050314465408,0.16971279373368145,1.6,0.23076923076923078,0.7531914893617021,-0.1407766990291262,0.6604477611940298,-0.20449438202247192,0.7137096774193549,-0.16705882352941176,0.6344086021505376,-0.2236842105263158,0.8509615384615384,-0.08051948051948052,0.7901785714285714,-0.1172069825436409,0.8676470588235294,-0.07086614173228346,1.1132075471698113,0.05357142857142857,1.2642857142857142,0.1167192429022082,0.8680851063829788,-0.07061503416856492,0.7611940298507462,-0.13559322033898305,0.8225806451612904,-0.09734513274336283,0.7311827956989247,-0.15527950310559005,0.9807692307692307,-0.009708737864077669,0.9107142857142857,-0.04672897196261682,1.152542372881356,0.07086614173228346,1.2830188679245282,0.12396694214876033,1.457142857142857,0.18604651162790697,0.676595744680851,-0.19289340101522842,0.5932835820895522,-0.25526932084309134,0.6411290322580645,-0.21867321867321868,0.5698924731182796,-0.273972602739726,0.7644230769230769,-0.1335149863760218,0.7098214285714286,-0.16971279373368145,0.8983050847457628,-0.05357142857142857,0.7794117647058824,-0.12396694214876033,1.1357142857142857,0.06354515050167224,0.5957446808510638,-0.25333333333333335,0.5223880597014925,-0.3137254901960784,0.5645161290322581,-0.27835051546391754,0.5017921146953405,-0.3317422434367542,0.6730769230769231,-0.19540229885057472,0.625,-0.23076923076923078,0.7909604519774012,-0.1167192429022082,0.6862745098039216,-0.18604651162790697,0.8805031446540881,-0.06354515050167224
9.07,159,140,235,268,248,279,208,224,177,204,0.8768656716417911,-0.06560636182902585,0.9475806451612904,-0.026915113871635612,0.8422939068100358,-0.08560311284046693,1.1298076923076923,0.060948081264108354,1.0491071428571428,0.023965141612200435,1.3276836158192091,0.1407766990291262,1.1519607843137254,0.07061503416856492,1.4779874213836477,0.19289340101522842,1.6785714285714286,0.25333333333333335,1.1404255319148937,0.06560636182902585,1.0806451612903225,0.03875968992248062,0.9605734767025089,-0.02010968921389397,1.2884615384615385,0.12605042016806722,1.1964285714285714,0.08943089430894309,1.5141242937853108,0.20449438202247192,1.3137254901960784,0.13559322033898305,1.6855345911949686,0.25526932084309134,1.9142857142857144,0.3137254901960784,1.0553191489361702,0.026915113871635612,0.9253731343283582,-0.03875968992248062,0.8888888888888888,-0.058823529411764705,1.1923076923076923,0.08771929824561403,1.1071428571428572,0.05084745762711865,1.4011299435028248,0.16705882352941176,1.2156862745098038,0.09734513274336283,1.559748427672956,0.21867321867321868,1.7714285714285714,0.27835051546391754,1.1872340425531915,0.08560311284046693,1.041044776119403,0.02010968921389397,1.125,0.058823529411764705,1.3413461538461537,0.1457905544147844,1.2455357142857142,0.10934393638170974,1.576271186440678,0.2236842105263158,1.3676470588235294,0.15527950310559005,1.7547169811320755,0.273972602739726,1.9928571428571429,0.3317422434367542,0.8851063829787233,-0.060948081264108354,0.7761194029850746,-0.12605042016806722,0.8387096774193549,-0.08771929824561403,0.7455197132616488,-0.1457905544147844,0.9285714285714286,-0.037037037037037035,1.1751412429378532,0.08051948051948052,1.0196078431372548,0.009708737864077669,1.3081761006289307,0.1335149863760218,1.4857142857142858,0.19540229885057472,0.9531914893617022,-0.023965141612200435,0.835820895522388,-0.08943089430894309,0.9032258064516129,-0.05084745762711865,0.8028673835125448,-0.10934393638170974,1.0769230769230769,0.037037037037037035,1.265536723163842,0.1172069825436409,1.0980392156862746,0.04672897196261682,1.4088050314465408,0.16971279373368145,1.6,0.23076923076923078,0.7531914893617021,-0.1407766990291262,0.6604477611940298,-0.20449438202247192,0.7137096774193549,-0.16705882352941176,0.6344086021505376,-0.2236842105263158,0.8509615384615384,-0.08051948051948052,0.7901785714285714,-0.1172069825436409,0.8676470588235294,-0.07086614173228346,1.1132075471698113,0.05357142857142857,1.2642857142857142,0.1167192429022082,0.8680851063829788,-0.07061503416856492,0.7611940298507462,-0.13559322033898305,0.8225806451612904,-0.09734513274336283,0.7311827956989247,-0.15527950310559005,0.9807692307692307,-0.009708737864077669,0.9107142857142857,-0.04672897196261682,1.152542372881356,0.07086614173228346,1.2830188679245282,0.12396694214876033,1.457142857142857,0.18604651162790697,0.676595744680851,-0.19289340101522842,0.5932835820895522,-0.25526932084309134,0.6411290322580645,-0.21867321867321868,0.5698924731182796,-0.273972602739726,0.7644230769230769,-0.1335149863760218,0.7098214285714286,-0.16971279373368145,0.8983050847457628,-0.05357142857142857,0.7794117647058824,-0.12396694214876033,1.1357142857142857,0.06354515050167224,0.5957446808510638,-0.25333333333333335,0.5223880597014925,-0.3137254901960784,0.5645161290322581,-0.27835051546391754,0.5017921146953405,-0.3317422434367542,0.6730769230769231,-0.19540229885057472,0.625,-0.23076923076923078,0.7909604519774012,-0.1167192429022082,0.6862745098039216,-0.18604651162790697,0.8805031446540881,-0.06354515050167224
5.21,104,73,297,285,251,229,179,198,158,163,1.0421052631578946,0.020618556701030927,1.1832669322709164,0.08394160583941605,1.296943231441048,0.12927756653992395,1.6592178770949721,0.24789915966386555,1.5,0.2,1.879746835443038,0.3054945054945055,1.822085889570552,0.29130434782608694,2.855769230769231,0.48129675810473815,4.068493150684931,0.6054054054054054,0.9595959595959596,-0.020618556701030927,1.1354581673306774,0.06343283582089553,1.244541484716157,0.10894941634241245,1.5921787709497206,0.22844827586206898,1.4393939393939394,0.18012422360248448,1.8037974683544304,0.2866817155756208,1.7484662576687116,0.27232142857142855,2.7403846153846154,0.4652956298200514,3.904109589041096,0.5921787709497207,0.8451178451178452,-0.08394160583941605,0.8807017543859649,-0.06343283582089553,1.0960698689956332,0.04583333333333333,1.4022346368715084,0.16744186046511628,1.2676767676767677,0.11804008908685969,1.5886075949367089,0.2273838630806846,1.539877300613497,0.21256038647342995,2.4134615384615383,0.4140845070422535,3.4383561643835616,0.5493827160493827,0.7710437710437711,-0.12927756653992395,0.8035087719298246,-0.10894941634241245,0.9123505976095617,-0.04583333333333333,1.2793296089385475,0.12254901960784313,1.1565656565656566,0.07259953161592506,1.4493670886075949,0.1834625322997416,1.4049079754601228,0.1683673469387755,2.201923076923077,0.37537537537537535,3.136986301369863,0.5165562913907285,0.6026936026936027,-0.24789915966386555,0.6280701754385964,-0.22844827586206898,0.7131474103585658,-0.16744186046511628,0.7816593886462883,-0.12254901960784313,0.9040404040404041,-0.050397877984084884,1.1329113924050633,0.06231454005934718,1.098159509202454,0.04678362573099415,1.7211538461538463,0.26501766784452296,2.452054794520548,0.42063492063492064,0.6666666666666666,-0.2,0.6947368421052632,-0.18012422360248448,0.7888446215139442,-0.11804008908685969,0.8646288209606987,-0.07259953161592506,1.106145251396648,0.050397877984084884,1.2531645569620253,0.11235955056179775,1.2147239263803682,0.09695290858725762,1.9038461538461537,0.31125827814569534,2.712328767123288,0.4612546125461255,0.531986531986532,-0.3054945054945055,0.5543859649122806,-0.2866817155756208,0.6294820717131474,-0.2273838630806846,0.6899563318777293,-0.1834625322997416,0.88268156424581,-0.06231454005934718,0.797979797979798,-0.11235955056179775,0.9693251533742331,-0.01557632398753894,1.5192307692307692,0.20610687022900764,2.164383561643836,0.36796536796536794,0.5488215488215489,-0.29130434782608694,0.5719298245614035,-0.27232142857142855,0.649402390438247,-0.21256038647342995,0.7117903930131004,-0.1683673469387755,0.9106145251396648,-0.04678362573099415,0.8232323232323232,-0.09695290858725762,1.0316455696202531,0.01557632398753894,1.5673076923076923,0.2209737827715356,2.232876712328767,0.3813559322033898,0.3501683501683502,-0.48129675810473815,0.3649122807017544,-0.4652956298200514,0.41434262948207173,-0.4140845070422535,0.45414847161572053,-0.37537537537537535,0.5810055865921788,-0.26501766784452296,0.5252525252525253,-0.31125827814569534,0.6582278481012658,-0.20610687022900764,0.6380368098159509,-0.2209737827715356,1.4246575342465753,0.1751412429378531,0.24579124579124578,-0.6054054054054054,0.256140350877193,-0.5921787709497207,0.2908366533864542,-0.5493827160493827,0.31877729257641924,-0.5165562913907285,0.40782122905027934,-0.42063492063492064,0.3686868686868687,-0.4612546125461255,0.4620253164556962,-0.36796536796536794,0.44785276073619634,-0.3813559322033898,0.7019230769230769,-0.1751412429378531
6.35,104,73,297,285,251,229,179,198,158,163,1.0421052631578946,0.020618556701030927,1.1832669322709164,0.08394160583941605,1.296943231441048,0.12927756653992395,1.6592178770949721,0.24789915966386555,1.5,0.2,1.879746835443038,0.3054945054945055,1.822085889570552,0.29130434782608694,2.855769230769231,0.48129675810473815,4.068493150684931,0.6054054054054054,0.9595959595959596,-0.020618556701030927,1.1354581673306774,0.06343283582089553,1.244541484716157,0.10894941634241245,1.5921787709497206,0.22844827586206898,1.4393939393939394,0.18012422360248448,1.8037974683544304,0.2866817155756208,1.7484662576687116,0.27232142857142855,2.7403846153846154,0.4652956298200514,3.904109589041096,0.5921787709497207,0.8451178451178452,-0.08394160583941605,0.8807017543859649,-0.06343283582089553,1.0960698689956332,0.04583333333333333,1.4022346368715084,0.16744186046511628,1.2676767676767677,0.11804008908685969,1.5886075949367089,0.2273838630806846,1.539877300613497,0.21256038647342995,2.4134615384615383,0.4140845070422535,3.4383561643835616,0.5493827160493827,0.7710437710437711,-0.12927756653992395,0.8035087719298246,-0.10894941634241245,0.9123505976095617,-0.04583333333333333,1.2793296089385475,0.12254901960784313,1.1565656565656566,0.07259953161592506,1.4493670886075949,0.1834625322997416,1.4049079754601228,0.1683673469387755,2.201923076923077,0.37537537537537535,3.136986301369863,0.5165562913907285,0.6026936026936027,-0.24789915966386555,0.6280701754385964,-0.22844827586206898,0.7131474103585658,-0.16744186046511628,0.7816593886462883,-0.12254901960784313,0.9040404040404041,-0.050397877984084884,1.1329113924050633,0.06231454005934718,1.098159509202454,0.04678362573099415,1.7211538461538463,0.26501766784452296,2.452054794520548,0.42063492063492064,0.6666666666666666,-0.2,0.6947368421052632,-0.18012422360248448,0.7888446215139442,-0.11804008908685969,0.8646288209606987,-0.07259953161592506,1.106145251396648,0.050397877984084884,1.2531645569620253,0.11235955056179775,1.2147239263803682,0.09695290858725762,1.9038461538461537,0.31125827814569534,2.712328767123288,0.4612546125461255,0.531986531986532,-0.3054945054945055,0.5543859649122806,-0.2866817155756208,0.6294820717131474,-0.2273838630806846,0.6899563318777293,-0.1834625322997416,0.88268156424581,-0.06231454005934718,0.797979797979798,-0.11235955056179775,0.9693251533742331,-0.01557632398753894,1.5192307692307692,0.20610687022900764,2.164383561643836,0.36796536796536794,0.5488215488215489,-0.29130434782608694,0.5719298245614035,-0.27232142857142855,0.649402390438247,-0.21256038647342995,0.7117903930131004,-0.1683673469387755,0.9106145251396648,-0.04678362573099415,0.8232323232323232,-0.09695290858725762,1.0316455696202531,0.01557632398753894,1.5673076923076923,0.2209737827715356,2.232876712328767,0.3813559322033898,0.3501683501683502,-0.48129675810473815,0.3649122807017544,-0.4652956298200514,0.41434262948207173,-0.4140845070422535,0.45414847161572053,-0.37537537537537535,0.5810055865921788,-0.26501766784452296,0.5252525252525253,-0.31125827814569534,0.6582278481012658,-0.20610687022900764,0.6380368098159509,-0.2209737827715356,1.4246575342465753,0.1751412429378531,0.24579124579124578,-0.6054054054054054,0.256140350877193,-0.5921787709497207,0.2908366533864542,-0.5493827160493827,0.31877729257641924,-0.5165562913907285,0.40782122905027934,-0.42063492063492064,0.3686868686868687,-0.4612546125461255,0.4620253164556962,-0.36796536796536794,0.44785276073619634,-0.3813559322033898,0.7019230769230769,-0.1751412429378531
6.14,26,17,75,64,41,57,29,25,20,8,1.171875,0.07913669064748201,1.829268292682927,0.29310344827586204,1.3157894736842106,0.13636363636363635,2.586206896551724,0.4423076923076923,3.0,0.5,3.75,0.5789473684210527,9.375,0.8072289156626506,2.8846153846153846,0.48514851485148514,4.411764705882353,0.6304347826086957,0.8533333333333334,-0.07913669064748201,1.5609756097560976,0.21904761904761905,1.1228070175438596,0.05785123966942149,2.206896551724138,0.3763440860215054,2.56,0.43820224719101125,3.2,0.5238095238095238,8.0,0.7777777777777778,2.4615384615384617,0.4222222222222222,3.764705882352941,0.5802469135802469,0.5466666666666666,-0.29310344827586204,0.640625,-0.21904761904761905,0.7192982456140351,-0.16326530612244897,1.4137931034482758,0.17142857142857143,1.64,0.24242424242424243,2.05,0.3442622950819672,5.125,0.673469387755102,1.5769230769230769,0.22388059701492538,2.411764705882353,0.41379310344827586,0.76,-0.13636363636363635,0.890625,-0.05785123966942149,1.3902439024390243,0.16326530612244897,1.9655172413793103,0.32558139534883723,2.28,0.3902439024390244,2.85,0.4805194805194805,7.125,0.7538461538461538,2.1923076923076925,0.37349397590361444,3.3529411764705883,0.5405405405405406,0.38666666666666666,-0.4423076923076923,0.453125,-0.3763440860215054,0.7073170731707317,-0.17142857142857143,0.5087719298245614,-0.32558139534883723,1.16,0.07407407407407407,1.45,0.1836734693877551,3.625,0.5675675675675675,1.1153846153846154,0.05454545454545454,1.7058823529411764,0.2608695652173913,0.3333333333333333,-0.5,0.390625,-0.43820224719101125,0.6097560975609756,-0.24242424242424243,0.43859649122807015,-0.3902439024390244,0.8620689655172413,-0.07407407407407407,1.25,0.1111111111111111,3.125,0.5151515151515151,0.9615384615384616,-0.0196078431372549,1.4705882352941178,0.19047619047619047,0.26666666666666666,-0.5789473684210527,0.3125,-0.5238095238095238,0.4878048780487805,-0.3442622950819672,0.3508771929824561,-0.4805194805194805,0.6896551724137931,-0.1836734693877551,0.8,-0.1111111111111111,2.5,0.42857142857142855,0.7692307692307693,-0.13043478260869565,1.1764705882352942,0.08108108108108109,0.10666666666666667,-0.8072289156626506,0.125,-0.7777777777777778,0.1951219512195122,-0.673469387755102,0.14035087719298245,-0.7538461538461538,0.27586206896551724,-0.5675675675675675,0.32,-0.5151515151515151,0.4,-0.42857142857142855,0.3076923076923077,-0.5294117647058824,0.47058823529411764,-0.36,0.3466666666666667,-0.48514851485148514,0.40625,-0.4222222222222222,0.6341463414634146,-0.22388059701492538,0.45614035087719296,-0.37349397590361444,0.896551724137931,-0.05454545454545454,1.04,0.0196078431372549,1.3,0.13043478260869565,3.25,0.5294117647058824,1.5294117647058822,0.20930232558139536,0.22666666666666666,-0.6304347826086957,0.265625,-0.5802469135802469,0.4146341463414634,-0.41379310344827586,0.2982456140350877,-0.5405405405405406,0.5862068965517241,-0.2608695652173913,0.68,-0.19047619047619047,0.85,-0.08108108108108109,2.125,0.36,0.6538461538461539,-0.20930232558139536
6.56,26,17,75,64,41,57,29,25,20,8,1.171875,0.07913669064748201,1.829268292682927,0.29310344827586204,1.3157894736842106,0.13636363636363635,2.586206896551724,0.4423076923076923,3.0,0.5,3.75,0.5789473684210527,9.375,0.8072289156626506,2.8846153846153846,0.48514851485148514,4.411764705882353,0.6304347826086957,0.8533333333333334,-0.07913669064748201,1.5609756097560976,0.21904761904761905,1.1228070175438596,0.05785123966942149,2.206896551724138,0.3763440860215054,2.56,0.43820224719101125,3.2,0.5238095238095238,8.0,0.7777777777777778,2.4615384615384617,0.4222222222222222,3.764705882352941,0.5802469135802469,0.5466666666666666,-0.29310344827586204,0.640625,-0.21904761904761905,0.7192982456140351,-0.16326530612244897,1.4137931034482758,0.17142857142857143,1.64,0.24242424242424243,2.05,0.3442622950819672,5.125,0.673469387755102,1.5769230769230769,0.22388059701492538,2.411764705882353,0.41379310344827586,0.76,-0.13636363636363635,0.890625,-0.05785123966942149,1.3902439024390243,0.16326530612244897,1.9655172413793103,0.32558139534883723,2.28,0.3902439024390244,2.85,0.4805194805194805,7.125,0.7538461538461538,2.1923076923076925,0.37349397590361444,3.3529411764705883,0.5405405405405406,0.38666666666666666,-0.4423076923076923,0.453125,-0.3763440860215054,0.7073170731707317,-0.17142857142857143,0.5087719298245614,-0.32558139534883723,1.16,0.07407407407407407,1.45,0.1836734693877551,3.625,0.5675675675675675,1.1153846153846154,0.05454545454545454,1.7058823529411764,0.2608695652173913,0.3333333333333333,-0.5,0.390625,-0.43820224719101125,0.6097560975609756,-0.24242424242424243,0.43859649122807015,-0.3902439024390244,0.8620689655172413,-0.07407407407407407,1.25,0.1111111111111111,3.125,0.5151515151515151,0.9615384615384616,-0.0196078431372549,1.4705882352941178,0.19047619047619047,0.26666666666666666,-0.5789473684210527,0.3125,-0.5238095238095238,0.4878048780487805,-0.3442622950819672,0.3508771929824561,-0.4805194805194805,0.6896551724137931,-0.1836734693877551,0.8,-0.1111111111111111,2.5,0.42857142857142855,0.7692307692307693,-0.13043478260869565,1.1764705882352942,0.08108108108108109,0.10666666666666667,-0.8072289156626506,0.125,-0.7777777777777778,0.1951219512195122,-0.673469387755102,0.14035087719298245,-0.7538461538461538,0.27586206896551724,-0.5675675675675675,0.32,-0.5151515151515151,0.4,-0.42857142857142855,0.3076923076923077,-0.5294117647058824,0.47058823529411764,-0.36,0.3466666666666667,-0.48514851485148514,0.40625,-0.4222222222222222,0.6341463414634146,-0.22388059701492538,0.45614035087719296,-0.37349397590361444,0.896551724137931,-0.05454545454545454,1.04,0.0196078431372549,1.3,0.13043478260869565,3.25,0.5294117647058824,1.5294117647058822,0.20930232558139536,0.22666666666666666,-0.6304347826086957,0.265625,-0.5802469135802469,0.4146341463414634,-0.41379310344827586,0.2982456140350877,-0.5405405405405406,0.5862068965517241,-0.2608695652173913,0.68,-0.19047619047619047,0.85,-0.08108108108108109,2.125,0.36,0.6538461538461539,-0.20930232558139536
2.99,126,122,240,132,148,145,85,89,111,74,1.8181818181818181,0.2903225806451613,1.6216216216216217,0.23711340206185566,1.6551724137931034,0.24675324675324675,2.823529411764706,0.47692307692307695,2.696629213483146,0.45896656534954405,2.1621621621621623,0.36752136752136755,3.2432432432432434,0.5286624203821656,1.9047619047619047,0.3114754098360656,1.9672131147540983,0.3259668508287293,0.55,-0.2903225806451613,0.8918918918918919,-0.05714285714285714,0.9103448275862069,-0.04693140794223827,1.5529411764705883,0.21658986175115208,1.4831460674157304,0.19457013574660634,1.1891891891891893,0.08641975308641975,1.7837837837837838,0.2815533980582524,1.0476190476190477,0.023255813953488372,1.0819672131147542,0.03937007874015748,0.6166666666666667,-0.23711340206185566,1.121212121212121,0.05714285714285714,1.0206896551724138,0.010238907849829351,1.7411764705882353,0.2703862660944206,1.6629213483146068,0.2489451476793249,1.3333333333333333,0.14285714285714285,2.0,0.3333333333333333,1.1746031746031746,0.08029197080291971,1.2131147540983607,0.0962962962962963,0.6041666666666666,-0.24675324675324675,1.0984848484848484,0.04693140794223827,0.9797297297297297,-0.010238907849829351,1.7058823529411764,0.2608695652173913,1.6292134831460674,0.23931623931623933,1.3063063063063063,0.1328125,1.9594594594594594,0.3242009132420091,1.1507936507936507,0.07011070110701106,1.1885245901639345,0.08614232209737828,0.3541666666666667,-0.47692307692307695,0.6439393939393939,-0.21658986175115208,0.5743243243243243,-0.2703862660944206,0.5862068965517241,-0.2608695652173913,0.9550561797752809,-0.022988505747126436,0.7657657657657657,-0.1326530612244898,1.1486486486486487,0.06918238993710692,0.6746031746031746,-0.1943127962085308,0.6967213114754098,-0.178743961352657,0.37083333333333335,-0.45896656534954405,0.6742424242424242,-0.19457013574660634,0.6013513513513513,-0.2489451476793249,0.6137931034482759,-0.23931623931623933,1.0470588235294118,0.022988505747126436,0.8018018018018018,-0.11,1.2027027027027026,0.09202453987730061,0.7063492063492064,-0.17209302325581396,0.7295081967213115,-0.15639810426540285,0.4625,-0.36752136752136755,0.8409090909090909,-0.08641975308641975,0.75,-0.14285714285714285,0.7655172413793103,-0.1328125,1.3058823529411765,0.1326530612244898,1.247191011235955,0.11,1.5,0.2,0.8809523809523809,-0.06329113924050633,0.9098360655737705,-0.04721030042918455,0.30833333333333335,-0.5286624203821656,0.5606060606060606,-0.2815533980582524,0.5,-0.3333333333333333,0.5103448275862069,-0.3242009132420091,0.8705882352941177,-0.06918238993710692,0.8314606741573034,-0.09202453987730061,0.6666666666666666,-0.2,0.5873015873015873,-0.26,0.6065573770491803,-0.24489795918367346,0.525,-0.3114754098360656,0.9545454545454546,-0.023255813953488372,0.8513513513513513,-0.08029197080291971,0.8689655172413793,-0.07011070110701106,1.4823529411764707,0.1943127962085308,1.4157303370786516,0.17209302325581396,1.135135135135135,0.06329113924050633,1.7027027027027026,0.26,1.0327868852459017,0.016129032258064516,0.5083333333333333,-0.3259668508287293,0.9242424242424242,-0.03937007874015748,0.8243243243243243,-0.0962962962962963,0.8413793103448276,-0.08614232209737828,1.4352941176470588,0.178743961352657,1.3707865168539326,0.15639810426540285,1.0990990990990992,0.04721030042918455,1.6486486486486487,0.24489795918367346,0.9682539682539683,-0.016129032258064516
3.16,126,122,240,132,148,145,85,89,111,74,1.8181818181818181,0.2903225806451613,1.6216216216216217,0.23711340206185566,1.6551724137931034,0.24675324675324675,2.823529411764706,0.47692307692307695,2.696629213483146,0.45896656534954405,2.1621621621621623,0.36752136752136755,3.2432432432432434,0.5286624203821656,1.9047619047619047,0.3114754098360656,1.9672131147540983,0.3259668508287293,0.55,-0.2903225806451613,0.8918918918918919,-0.05714285714285714,0.9103448275862069,-0.04693140794223827,1.5529411764705883,0.21658986175115208,1.4831460674157304,0.19457013574660634,1.1891891891891893,0.08641975308641975,1.7837837837837838,0.2815533980582524,1.0476190476190477,0.023255813953488372,1.0819672131147542,0.03937007874015748,0.6166666666666667,-0.23711340206185566,1.121212121212121,0.05714285714285714,1.0206896551724138,0.010238907849829351,1.7411764705882353,0.2703862660944206,1.6629213483146068,0.2489451476793249,1.3333333333333333,0.14285714285714285,2.0,0.3333333333333333,1.1746031746031746,0.08029197080291971,1.2131147540983607,0.0962962962962963,0.6041666666666666,-0.24675324675324675,1.0984848484848484,0.04693140794223827,0.9797297297297297,-0.010238907849829351,1.7058823529411764,0.2608695652173913,1.6292134831460674,0.23931623931623933,1.3063063063063063,0.1328125,1.9594594594594594,0.3242009132420091,1.1507936507936507,0.07011070110701106,1.1885245901639345,0.08614232209737828,0.3541666666666667,-0.47692307692307695,0.6439393939393939,-0.21658986175115208,0.5743243243243243,-0.2703862660944206,0.5862068965517241,-0.2608695652173913,0.9550561797752809,-0.022988505747126436,0.7657657657657657,-0.1326530612244898,1.1486486486486487,0.06918238993710692,0.6746031746031746,-0.1943127962085308,0.6967213114754098,-0.178743961352657,0.37083333333333335,-0.45896656534954405,0.6742424242424242,-0.19457013574660634,0.6013513513513513,-0.2489451476793249,0.6137931034482759,-0.23931623931623933,1.0470588235294118,0.022988505747126436,0.8018018018018018,-0.11,1.2027027027027026,0.09202453987730061,0.7063492063492064,-0.17209302325581396,0.7295081967213115,-0.15639810426540285,0.4625,-0.36752136752136755,0.8409090909090909,-0.08641975308641975,0.75,-0.14285714285714285,0.7655172413793103,-0.1328125,1.3058823529411765,0.1326530612244898,1.247191011235955,0.11,1.5,0.2,0.8809523809523809,-0.06329113924050633,0.9098360655737705,-0.04721030042918455,0.30833333333333335,-0.5286624203821656,0.5606060606060606,-0.2815533980582524,0.5,-0.3333333333333333,0.5103448275862069,-0.3242009132420091,0.8705882352941177,-0.06918238993710692,0.8314606741573034,-0.09202453987730061,0.6666666666666666,-0.2,0.5873015873015873,-0.26,0.6065573770491803,-0.24489795918367346,0.525,-0.3114754098360656,0.9545454545454546,-0.023255813953488372,0.8513513513513513,-0.08029197080291971,0.8689655172413793,-0.07011070110701106,1.4823529411764707,0.1943127962085308,1.4157303370786516,0.17209302325581396,1.135135135135135,0.06329113924050633,1.7027027027027026,0.26,1.0327868852459017,0.016129032258064516,0.5083333333333333,-0.3259668508287293,0.9242424242424242,-0.03937007874015748,0.8243243243243243,-0.0962962962962963,0.8413793103448276,-0.08614232209737828,1.4352941176470588,0.178743961352657,1.3707865168539326,0.15639810426540285,1.0990990990990992,0.04721030042918455,1.6486486486486487,0.24489795918367346,0.9682539682539683,-0.016129032258064516
2.97,13,16,24,32,47,53,31,46,30,29,0.75,-0.14285714285714285,0.5106382978723404,-0.323943661971831,0.4528301886792453,-0.37662337662337664,0.7741935483870968,-0.12727272727272726,0.5217391304347826,-0.3142857142857143,0.8,-0.1111111111111111,0.8275862068965517,-0.09433962264150944,1.8461538461538463,0.2972972972972973,1.5,0.2,1.3333333333333333,0.14285714285714285,0.6808510638297872,-0.189873417721519,0.6037735849056604,-0.24705882352941178,1.032258064516129,0.015873015873015872,0.6956521739130435,-0.1794871794871795,1.0666666666666667,0.03225806451612903,1.103448275862069,0.04918032786885246,2.4615384615384617,0.4222222222222222,2.0,0.3333333333333333,1.9583333333333333,0.323943661971831,1.46875,0.189873417721519,0.8867924528301887,-0.06,1.5161290322580645,0.20512820512820512,1.0217391304347827,0.010752688172043012,1.5666666666666667,0.22077922077922077,1.6206896551724137,0.23684210526315788,3.6153846153846154,0.5666666666666667,2.9375,0.49206349206349204,2.2083333333333335,0.37662337662337664,1.65625,0.24705882352941178,1.127659574468085,0.06,1.7096774193548387,0.2619047619047619,1.1521739130434783,0.0707070707070707,1.7666666666666666,0.27710843373493976,1.8275862068965518,0.2926829268292683,4.076923076923077,0.6060606060606061,3.3125,0.5362318840579711,1.2916666666666667,0.12727272727272726,0.96875,-0.015873015873015872,0.6595744680851063,-0.20512820512820512,0.5849056603773585,-0.2619047619047619,0.6739130434782609,-0.19480519480519481,1.0333333333333334,0.01639344262295082,1.0689655172413792,0.03333333333333333,2.3846153846153846,0.4090909090909091,1.9375,0.3191489361702128,1.9166666666666667,0.3142857142857143,1.4375,0.1794871794871795,0.9787234042553191,-0.010752688172043012,0.8679245283018868,-0.0707070707070707,1.4838709677419355,0.19480519480519481,1.5333333333333334,0.21052631578947367,1.5862068965517242,0.22666666666666666,3.5384615384615383,0.559322033898305,2.875,0.4838709677419355,1.25,0.1111111111111111,0.9375,-0.03225806451612903,0.6382978723404256,-0.22077922077922077,0.5660377358490566,-0.27710843373493976,0.967741935483871,-0.01639344262295082,0.6521739130434783,-0.21052631578947367,1.0344827586206897,0.01694915254237288,2.3076923076923075,0.3953488372093023,1.875,0.30434782608695654,1.2083333333333333,0.09433962264150944,0.90625,-0.04918032786885246,0.6170212765957447,-0.23684210526315788,0.5471698113207547,-0.2926829268292683,0.9354838709677419,-0.03333333333333333,0.6304347826086957,-0.22666666666666666,0.9666666666666667,-0.01694915254237288,2.230769230769231,0.38095238095238093,1.8125,0.28888888888888886,0.5416666666666666,-0.2972972972972973,0.40625,-0.4222222222222222,0.2765957446808511,-0.5666666666666667,0.24528301886792453,-0.6060606060606061,0.41935483870967744,-0.4090909090909091,0.2826086956521739,-0.559322033898305,0.43333333333333335,-0.3953488372093023,0.4482758620689655,-0.38095238095238093,0.8125,-0.10344827586206896,0.6666666666666666,-0.2,0.5,-0.3333333333333333,0.3404255319148936,-0.49206349206349204,0.3018867924528302,-0.5362318840579711,0.5161290322580645,-0.3191489361702128,0.34782608695652173,-0.4838709677419355,0.5333333333333333,-0.30434782608695654,0.5517241379310345,-0.28888888888888886,1.2307692307692308,0.10344827586206896
2.84,13,16,24,32,47,53,31,46,30,29,0.75,-0.14285714285714285,0.5106382978723404,-0.323943661971831,0.4528301886792453,-0.37662337662337664,0.7741935483870968,-0.12727272727272726,0.5217391304347826,-0.3142857142857143,0.8,-0.1111111111111111,0.8275862068965517,-0.09433962264150944,1.8461538461538463,0.2972972972972973,1.5,0.2,1.3333333333333333,0.14285714285714285,0.6808510638297872,-0.189873417721519,0.6037735849056604,-0.24705882352941178,1.032258064516129,0.015873015873015872,0.6956521739130435,-0.1794871794871795,1.0666666666666667,0.03225806451612903,1.103448275862069,0.04918032786885246,2.4615384615384617,0.4222222222222222,2.0,0.3333333333333333,1.9583333333333333,0.323943661971831,1.46875,0.189873417721519,0.8867924528301887,-0.06,1.5161290322580645,0.20512820512820512,1.0217391304347827,0.010752688172043012,1.5666666666666667,0.22077922077922077,1.6206896551724137,0.23684210526315788,3.6153846153846154,0.5666666666666667,2.9375,0.49206349206349204,2.2083333333333335,0.37662337662337664,1.65625,0.24705882352941178,1.127659574468085,0.06,1.7096774193548387,0.2619047619047619,1.1521739130434783,0.0707070707070707,1.7666666666666666,0.27710843373493976,1.8275862068965518,0.2926829268292683,4.076923076923077,0.6060606060606061,3.3125,0.5362318840579711,1.2916666666666667,0.12727272727272726,0.96875,-0.015873015873015872,0.6595744680851063,-0.20512820512820512,0.5849056603773585,-0.2619047619047619,0.6739130434782609,-0.19480519480519481,1.0333333333333334,0.01639344262295082,1.0689655172413792,0.03333333333333333,2.3846153846153846,0.4090909090909091,1.9375,0.3191489361702128,1.9166666666666667,0.3142857142857143,1.4375,0.1794871794871795,0.9787234042553191,-0.010752688172043012,0.8679245283018868,-0.0707070707070707,1.4838709677419355,0.19480519480519481,1.5333333333333334,0.21052631578947367,1.5862068965517242,0.22666666666666666,3.5384615384615383,0.559322033898305,2.875,0.4838709677419355,1.25,0.1111111111111111,0.9375,-0.03225806451612903,0.6382978723404256,-0.22077922077922077,0.5660377358490566,-0.27710843373493976,0.967741935483871,-0.01639344262295082,0.6521739130434783,-0.21052631578947367,1.0344827586206897,0.01694915254237288,2.3076923076923075,0.3953488372093023,1.875,0.30434782608695654,1.2083333333333333,0.09433962264150944,0.90625,-0.04918032786885246,0.6170212765957447,-0.23684210526315788,0.5471698113207547,-0.2926829268292683,0.9354838709677419,-0.03333333333333333,0.6304347826086957,-0.22666666666666666,0.9666666666666667,-0.01694915254237288,2.230769230769231,0.38095238095238093,1.8125,0.28888888888888886,0.5416666666666666,-0.2972972972972973,0.40625,-0.4222222222222222,0.2765957446808511,-0.5666666666666667,0.24528301886792453,-0.6060606060606061,0.41935483870967744,-0.4090909090909091,0.2826086956521739,-0.559322033898305,0.43333333333333335,-0.3953488372093023,0.4482758620689655,-0.38095238095238093,0.8125,-0.10344827586206896,0.6666666666666666,-0.2,0.5,-0.3333333333333333,0.3404255319148936,-0.49206349206349204,0.3018867924528302,-0.5362318840579711,0.5161290322580645,-0.3191489361702128,0.34782608695652173,-0.4838709677419355,0.5333333333333333,-0.30434782608695654,0.5517241379310345,-0.28888888888888886,1.2307692307692308,0.10344827586206896
1.94,34,34,94,64,75,92,69,81,63,52,1.46875,0.189873417721519,1.2533333333333334,0.11242603550295859,1.0217391304347827,0.010752688172043012,1.3623188405797102,0.15337423312883436,1.1604938271604939,0.07428571428571429,1.492063492063492,0.19745222929936307,1.8076923076923077,0.2876712328767123,2.764705882352941,0.46875,2.764705882352941,0.46875,0.6808510638297872,-0.189873417721519,0.8533333333333334,-0.07913669064748201,0.6956521739130435,-0.1794871794871795,0.927536231884058,-0.03759398496240601,0.7901234567901234,-0.11724137931034483,1.0158730158730158,0.007874015748031496,1.2307692307692308,0.10344827586206896,1.8823529411764706,0.30612244897959184,1.8823529411764706,0.30612244897959184,0.7978723404255319,-0.11242603550295859,1.171875,0.07913669064748201,0.8152173913043478,-0.10179640718562874,1.0869565217391304,0.041666666666666664,0.9259259259259259,-0.038461538461538464,1.1904761904761905,0.08695652173913043,1.4423076923076923,0.18110236220472442,2.2058823529411766,0.3761467889908257,2.2058823529411766,0.3761467889908257,0.9787234042553191,-0.010752688172043012,1.4375,0.1794871794871795,1.2266666666666666,0.10179640718562874,1.3333333333333333,0.14285714285714285,1.1358024691358024,0.06358381502890173,1.4603174603174602,0.1870967741935484,1.7692307692307692,0.2777777777777778,2.7058823529411766,0.4603174603174603,2.7058823529411766,0.4603174603174603,0.7340425531914894,-0.15337423312883436,1.078125,0.03759398496240601,0.92,-0.041666666666666664,0.75,-0.14285714285714285,0.8518518518518519,-0.08,1.0952380952380953,0.045454545454545456,1.3269230769230769,0.14049586776859505,2.0294117647058822,0.33980582524271846,2.0294117647058822,0.33980582524271846,0.8617021276595744,-0.07428571428571429,1.265625,0.11724137931034483,1.08,0.038461538461538464,0.8804347826086957,-0.06358381502890173,1.173913043478261,0.08,1.2857142857142858,0.125,1.5576923076923077,0.21804511278195488,2.3823529411764706,0.40869565217391307,2.3823529411764706,0.40869565217391307,0.6702127659574468,-0.19745222929936307,0.984375,-0.007874015748031496,0.84,-0.08695652173913043,0.6847826086956522,-0.1870967741935484,0.9130434782608695,-0.045454545454545456,0.7777777777777778,-0.125,1.2115384615384615,0.09565217391304348,1.8529411764705883,0.29896907216494845,1.8529411764705883,0.29896907216494845,0.5531914893617021,-0.2876712328767123,0.8125,-0.10344827586206896,0.6933333333333334,-0.18110236220472442,0.5652173913043478,-0.2777777777777778,0.7536231884057971,-0.14049586776859505,0.6419753086419753,-0.21804511278195488,0.8253968253968254,-0.09565217391304348,1.5294117647058822,0.20930232558139536,1.5294117647058822,0.20930232558139536,0.3617021276595745,-0.46875,0.53125,-0.30612244897959184,0.4533333333333333,-0.3761467889908257,0.3695652173913043,-0.4603174603174603,0.4927536231884058,-0.33980582524271846,0.41975308641975306,-0.40869565217391307,0.5396825396825397,-0.29896907216494845,0.6538461538461539,-0.20930232558139536,1.0,0.0,0.3617021276595745,-0.46875,0.53125,-0.30612244897959184,0.4533333333333333,-0.3761467889908257,0.3695652173913043,-0.4603174603174603,0.4927536231884058,-0.33980582524271846,0.41975308641975306,-0.40869565217391307,0.5396825396825397,-0.29896907216494845,0.6538461538461539,-0.20930232558139536,1.0,0.0
1.98,34,34,94,64,75,92,69,81,63,52,1.46875,0.189873417721519,1.2533333333333334,0.11242603550295859,1.0217391304347827,0.010752688172043012,1.3623188405797102,0.15337423312883436,1.1604938271604939,0.07428571428571429,1.492063492063492,0.19745222929936307,1.8076923076923077,0.2876712328767123,2.764705882352941,0.46875,2.764705882352941,0.46875,0.6808510638297872,-0.189873417721519,0.8533333333333334,-0.07913669064748201,0.6956521739130435,-0.1794871794871795,0.927536231884058,-0.03759398496240601,0.7901234567901234,-0.11724137931034483,1.0158730158730158,0.007874015748031496,1.2307692307692308,0.10344827586206896,1.8823529411764706,0.30612244897959184,1.8823529411764706,0.30612244897959184,0.7978723404255319,-0.11242603550295859,1.171875,0.07913669064748201,0.8152173913043478,-0.10179640718562874,1.0869565217391304,0.041666666666666664,0.9259259259259259,-0.038461538461538464,1.1904761904761905,0.08695652173913043,1.4423076923076923,0.18110236220472442,2.2058823529411766,0.3761467889908257,2.2058823529411766,0.3761467889908257,0.9787234042553191,-0.010752688172043012,1.4375,0.1794871794871795,1.2266666666666666,0.10179640718562874,1.3333333333333333,0.14285714285714285,1.1358024691358024,0.06358381502890173,1.4603174603174602,0.1870967741935484,1.7692307692307692,0.2777777777777778,2.7058823529411766,0.4603174603174603,2.7058823529411766,0.4603174603174603,0.7340425531914894,-0.15337423312883436,1.078125,0.03759398496240601,0.92,-0.041666666666666664,0.75,-0.14285714285714285,0.8518518518518519,-0.08,1.0952380952380953,0.045454545454545456,1.3269230769230769,0.14049586776859505,2.0294117647058822,0.33980582524271846,2.0294117647058822,0.33980582524271846,0.8617021276595744,-0.07428571428571429,1.265625,0.11724137931034483,1.08,0.038461538461538464,0.8804347826086957,-0.06358381502890173,1.173913043478261,0.08,1.2857142857142858,0.125,1.5576923076923077,0.21804511278195488,2.3823529411764706,0.40869565217391307,2.3823529411764706,0.40869565217391307,0.6702127659574468,-0.19745222929936307,0.984375,-0.007874015748031496,0.84,-0.08695652173913043,0.6847826086956522,-0.1870967741935484,0.9130434782608695,-0.045454545454545456,0.7777777777777778,-0.125,1.2115384615384615,0.09565217391304348,1.8529411764705883,0.29896907216494845,1.8529411764705883,0.29896907216494845,0.5531914893617021,-0.2876712328767123,0.8125,-0.10344827586206896,0.6933333333333334,-0.18110236220472442,0.5652173913043478,-0.2777777777777778,0.7536231884057971,-0.14049586776859505,0.6419753086419753,-0.21804511278195488,0.8253968253968254,-0.09565217391304348,1.5294117647058822,0.20930232558139536,1.5294117647058822,0.20930232558139536,0.3617021276595745,-0.46875,0.53125,-0.30612244897959184,0.4533333333333333,-0.3761467889908257,0.3695652173913043,-0.4603174603174603,0.4927536231884058,-0.33980582524271846,0.41975308641975306,-0.40869565217391307,0.5396825396825397,-0.29896907216494845,0.6538461538461539,-0.20930232558139536,1.0,0.0,0.3617021276595745,-0.46875,0.53125,-0.30612244897959184,0.4533333333333333,-0.3761467889908257,0.3695652173913043,-0.4603174603174603,0.4927536231884058,-0.33980582524271846,0.41975308641975306,-0.40869565217391307,0.5396825396825397,-0.29896907216494845,0.6538461538461539,-0.20930232558139536,1.0,0.0
1.92,15,6,68,64,62,58,32,50,47,26,1.0625,0.030303030303030304,1.096774193548387,0.046153846153846156,1.1724137931034482,0.07936507936507936,2.125,0.36,1.36,0.15254237288135594,1.446808510638298,0.1826086956521739,2.6153846153846154,0.44680851063829785,4.533333333333333,0.6385542168674698,11.333333333333334,0.8378378378378378,0.9411764705882353,-0.030303030303030304,1.032258064516129,0.015873015873015872,1.103448275862069,0.04918032786885246,2.0,0.3333333333333333,1.28,0.12280701754385964,1.3617021276595744,0.15315315315315314,2.4615384615384617,0.4222222222222222,4.266666666666667,0.620253164556962,10.666666666666666,0.8285714285714286,0.9117647058823529,-0.046153846153846156,0.96875,-0.015873015873015872,1.0689655172413792,0.03333333333333333,1.9375,0.3191489361702128,1.24,0.10714285714285714,1.3191489361702127,0.13761467889908258,2.3846153846153846,0.4090909090909091,4.133333333333334,0.6103896103896104,10.333333333333334,0.8235294117647058,0.8529411764705882,-0.07936507936507936,0.90625,-0.04918032786885246,0.9354838709677419,-0.03333333333333333,1.8125,0.28888888888888886,1.16,0.07407407407407407,1.2340425531914894,0.10476190476190476,2.230769230769231,0.38095238095238093,3.8666666666666667,0.589041095890411,9.666666666666666,0.8125,0.47058823529411764,-0.36,0.5,-0.3333333333333333,0.5161290322580645,-0.3191489361702128,0.5517241379310345,-0.28888888888888886,0.64,-0.21951219512195122,0.6808510638297872,-0.189873417721519,1.2307692307692308,0.10344827586206896,2.1333333333333333,0.3617021276595745,5.333333333333333,0.6842105263157895,0.7352941176470589,-0.15254237288135594,0.78125,-0.12280701754385964,0.8064516129032258,-0.10714285714285714,0.8620689655172413,-0.07407407407407407,1.5625,0.21951219512195122,1.0638297872340425,0.030927835051546393,1.9230769230769231,0.3157894736842105,3.3333333333333335,0.5384615384615384,8.333333333333334,0.7857142857142857,0.6911764705882353,-0.1826086956521739,0.734375,-0.15315315315315314,0.7580645161290323,-0.13761467889908258,0.8103448275862069,-0.10476190476190476,1.46875,0.189873417721519,0.94,-0.030927835051546393,1.8076923076923077,0.2876712328767123,3.1333333333333333,0.5161290322580645,7.833333333333333,0.7735849056603774,0.38235294117647056,-0.44680851063829785,0.40625,-0.4222222222222222,0.41935483870967744,-0.4090909090909091,0.4482758620689655,-0.38095238095238093,0.8125,-0.10344827586206896,0.52,-0.3157894736842105,0.5531914893617021,-0.2876712328767123,1.7333333333333334,0.2682926829268293,4.333333333333333,0.625,0.22058823529411764,-0.6385542168674698,0.234375,-0.620253164556962,0.24193548387096775,-0.6103896103896104,0.25862068965517243,-0.589041095890411,0.46875,-0.3617021276595745,0.3,-0.5384615384615384,0.3191489361702128,-0.5161290322580645,0.5769230769230769,-0.2682926829268293,2.5,0.42857142857142855,0.08823529411764706,-0.8378378378378378,0.09375,-0.8285714285714286,0.0967741935483871,-0.8235294117647058,0.10344827586206896,-0.8125,0.1875,-0.6842105263157895,0.12,-0.7857142857142857,0.1276595744680851,-0.7735849056603774,0.23076923076923078,-0.625,0.4,-0.42857142857142855
1.96,15,6,68,64,62,58,32,50,47,26,1.0625,0.030303030303030304,1.096774193548387,0.046153846153846156,1.1724137931034482,0.07936507936507936,2.125,0.36,1.36,0.15254237288135594,1.446808510638298,0.1826086956521739,2.6153846153846154,0.44680851063829785,4.533333333333333,0.6385542168674698,11.333333333333334,0.8378378378378378,0.9411764705882353,-0.030303030303030304,1.032258064516129,0.015873015873015872,1.103448275862069,0.04918032786885246,2.0,0.3333333333333333,1.28,0.12280701754385964,1.3617021276595744,0.15315315315315314,2.4615384615384617,0.4222222222222222,4.266666666666667,0.620253164556962,10.666666666666666,0.8285714285714286,0.9117647058823529,-0.046153846153846156,0.96875,-0.015873015873015872,1.0689655172413792,0.03333333333333333,1.9375,0.3191489361702128,1.24,0.10714285714285714,1.3191489361702127,0.13761467889908258,2.3846153846153846,0.4090909090909091,4.133333333333334,0.6103896103896104,10.333333333333334,0.8235294117647058,0.8529411764705882,-0.07936507936507936,0.90625,-0.04918032786885246,0.9354838709677419,-0.03333333333333333,1.8125,0.28888888888888886,1.16,0.07407407407407407,1.2340425531914894,0.10476190476190476,2.230769230769231,0.38095238095238093,3.8666666666666667,0.589041095890411,9.666666666666666,0.8125,0.47058823529411764,-0.36,0.5,-0.3333333333333333,0.5161290322580645,-0.3191489361702128,0.5517241379310345,-0.28888888888888886,0.64,-0.21951219512195122,0.6808510638297872,-0.189873417721519,1.2307692307692308,0.10344827586206896,2.1333333333333333,0.3617021276595745,5.333333333333333,0.6842105263157895,0.7352941176470589,-0.15254237288135594,0.78125,-0.12280701754385964,0.8064516129032258,-0.10714285714285714,0.8620689655172413,-0.07407407407407407,1.5625,0.21951219512195122,1.0638297872340425,0.030927835051546393,1.9230769230769231,0.3157894736842105,3.3333333333333335,0.5384615384615384,8.333333333333334,0.7857142857142857,0.6911764705882353,-0.1826086956521739,0.734375,-0.15315315315315314,0.7580645161290323,-0.13761467889908258,0.8103448275862069,-0.10476190476190476,1.46875,0.189873417721519,0.94,-0.030927835051546393,1.8076923076923077,0.2876712328767123,3.1333333333333333,0.5161290322580645,7.833333333333333,0.7735849056603774,0.38235294117647056,-0.44680851063829785,0.40625,-0.4222222222222222,0.41935483870967744,-0.4090909090909091,0.4482758620689655,-0.38095238095238093,0.8125,-0.10344827586206896,0.52,-0.3157894736842105,0.5531914893617021,-0.2876712328767123,1.7333333333333334,0.2682926829268293,4.333333333333333,0.625,0.22058823529411764,-0.6385542168674698,0.234375,-0.620253164556962,0.24193548387096775,-0.6103896103896104,0.25862068965517243,-0.589041095890411,0.46875,-0.3617021276595745,0.3,-0.5384615384615384,0.3191489361702128,-0.5161290322580645,0.5769230769230769,-0.2682926829268293,2.5,0.42857142857142855,0.08823529411764706,-0.8378378378378378,0.09375,-0.8285714285714286,0.0967741935483871,-0.8235294117647058,0.10344827586206896,-0.8125,0.1875,-0.6842105263157895,0.12,-0.7857142857142857,0.1276595744680851,-0.7735849056603774,0.23076923076923078,-0.625,0.4,-0.42857142857142855
3.5,32,51,116,96,104,122,86,86,101,44,1.2083333333333333,0.09433962264150944,1.1153846153846154,0.05454545454545454,0.9508196721311475,-0.025210084033613446,1.3488372093023255,0.1485148514851485,1.3488372093023255,0.1485148514851485,1.1485148514851484,0.06912442396313365,2.6363636363636362,0.45,3.625,0.5675675675675675,2.2745098039215685,0.38922155688622756,0.8275862068965517,-0.09433962264150944,0.9230769230769231,-0.04,0.7868852459016393,-0.11926605504587157,1.1162790697674418,0.054945054945054944,1.1162790697674418,0.054945054945054944,0.9504950495049505,-0.025380710659898477,2.1818181818181817,0.37142857142857144,3.0,0.5,1.8823529411764706,0.30612244897959184,0.896551724137931,-0.05454545454545454,1.0833333333333333,0.04,0.8524590163934426,-0.07964601769911504,1.2093023255813953,0.09473684210526316,1.2093023255813953,0.09473684210526316,1.0297029702970297,0.014634146341463415,2.3636363636363638,0.40540540540540543,3.25,0.5294117647058824,2.0392156862745097,0.3419354838709677,1.0517241379310345,0.025210084033613446,1.2708333333333333,0.11926605504587157,1.1730769230769231,0.07964601769911504,1.4186046511627908,0.17307692307692307,1.4186046511627908,0.17307692307692307,1.2079207920792079,0.09417040358744394,2.772727272727273,0.46987951807228917,3.8125,0.5844155844155844,2.392156862745098,0.41040462427745666,0.7413793103448276,-0.1485148514851485,0.8958333333333334,-0.054945054945054944,0.8269230769230769,-0.09473684210526316,0.7049180327868853,-0.17307692307692307,1.0,0.0,0.8514851485148515,-0.08021390374331551,1.9545454545454546,0.3230769230769231,2.6875,0.4576271186440678,1.6862745098039216,0.25547445255474455,0.7413793103448276,-0.1485148514851485,0.8958333333333334,-0.054945054945054944,0.8269230769230769,-0.09473684210526316,0.7049180327868853,-0.17307692307692307,1.0,0.0,0.8514851485148515,-0.08021390374331551,1.9545454545454546,0.3230769230769231,2.6875,0.4576271186440678,1.6862745098039216,0.25547445255474455,0.8706896551724138,-0.06912442396313365,1.0520833333333333,0.025380710659898477,0.9711538461538461,-0.014634146341463415,0.8278688524590164,-0.09417040358744394,1.1744186046511629,0.08021390374331551,1.1744186046511629,0.08021390374331551,2.2954545454545454,0.3931034482758621,3.15625,0.518796992481203,1.9803921568627452,0.32894736842105265,0.3793103448275862,-0.45,0.4583333333333333,-0.37142857142857144,0.4230769230769231,-0.40540540540540543,0.36065573770491804,-0.46987951807228917,0.5116279069767442,-0.3230769230769231,0.5116279069767442,-0.3230769230769231,0.43564356435643564,-0.3931034482758621,1.375,0.15789473684210525,0.8627450980392157,-0.07368421052631578,0.27586206896551724,-0.5675675675675675,0.3333333333333333,-0.5,0.3076923076923077,-0.5294117647058824,0.26229508196721313,-0.5844155844155844,0.37209302325581395,-0.4576271186440678,0.37209302325581395,-0.4576271186440678,0.31683168316831684,-0.518796992481203,0.7272727272727273,-0.15789473684210525,0.6274509803921569,-0.2289156626506024,0.4396551724137931,-0.38922155688622756,0.53125,-0.30612244897959184,0.49038461538461536,-0.3419354838709677,0.4180327868852459,-0.41040462427745666,0.5930232558139535,-0.25547445255474455,0.5930232558139535,-0.25547445255474455,0.504950495049505,-0.32894736842105265,1.1590909090909092,0.07368421052631578,1.59375,0.2289156626506024
8.04,20,15,108,86,68,67,31,39,33,13,1.255813953488372,0.1134020618556701,1.588235294117647,0.22727272727272727,1.6119402985074627,0.2342857142857143,3.4838709677419355,0.5539568345323741,2.769230769230769,0.46938775510204084,3.272727272727273,0.5319148936170213,8.307692307692308,0.7851239669421488,5.4,0.6875,7.2,0.7560975609756098,0.7962962962962963,-0.1134020618556701,1.2647058823529411,0.11688311688311688,1.2835820895522387,0.12418300653594772,2.774193548387097,0.4700854700854701,2.2051282051282053,0.376,2.606060606060606,0.44537815126050423,6.615384615384615,0.7373737373737373,4.3,0.6226415094339622,5.733333333333333,0.7029702970297029,0.6296296296296297,-0.22727272727272727,0.7906976744186046,-0.11688311688311688,1.0149253731343284,0.007407407407407408,2.193548387096774,0.37373737373737376,1.7435897435897436,0.27102803738317754,2.0606060606060606,0.3465346534653465,5.230769230769231,0.6790123456790124,3.4,0.5454545454545454,4.533333333333333,0.6385542168674698,0.6203703703703703,-0.2342857142857143,0.7790697674418605,-0.12418300653594772,0.9852941176470589,-0.007407407407407408,2.161290322580645,0.3673469387755102,1.7179487179487178,0.2641509433962264,2.0303030303030303,0.34,5.153846153846154,0.675,3.35,0.5402298850574713,4.466666666666667,0.6341463414634146,0.28703703703703703,-0.5539568345323741,0.36046511627906974,-0.4700854700854701,0.45588235294117646,-0.37373737373737376,0.4626865671641791,-0.3673469387755102,0.7948717948717948,-0.11428571428571428,0.9393939393939394,-0.03125,2.3846153846153846,0.4090909090909091,1.55,0.21568627450980393,2.066666666666667,0.34782608695652173,0.3611111111111111,-0.46938775510204084,0.45348837209302323,-0.376,0.5735294117647058,-0.27102803738317754,0.582089552238806,-0.2641509433962264,1.2580645161290323,0.11428571428571428,1.1818181818181819,0.08333333333333333,3.0,0.5,1.95,0.3220338983050847,2.6,0.4444444444444444,0.3055555555555556,-0.5319148936170213,0.38372093023255816,-0.44537815126050423,0.4852941176470588,-0.3465346534653465,0.4925373134328358,-0.34,1.064516129032258,0.03125,0.8461538461538461,-0.08333333333333333,2.5384615384615383,0.43478260869565216,1.65,0.24528301886792453,2.2,0.375,0.12037037037037036,-0.7851239669421488,0.1511627906976744,-0.7373737373737373,0.19117647058823528,-0.6790123456790124,0.19402985074626866,-0.675,0.41935483870967744,-0.4090909090909091,0.3333333333333333,-0.5,0.3939393939393939,-0.43478260869565216,0.65,-0.21212121212121213,0.8666666666666667,-0.07142857142857142,0.18518518518518517,-0.6875,0.23255813953488372,-0.6226415094339622,0.29411764705882354,-0.5454545454545454,0.29850746268656714,-0.5402298850574713,0.6451612903225806,-0.21568627450980393,0.5128205128205128,-0.3220338983050847,0.6060606060606061,-0.24528301886792453,1.5384615384615385,0.21212121212121213,1.3333333333333333,0.14285714285714285,0.1388888888888889,-0.7560975609756098,0.1744186046511628,-0.7029702970297029,0.22058823529411764,-0.6385542168674698,0.22388059701492538,-0.6341463414634146,0.4838709677419355,-0.34782608695652173,0.38461538461538464,-0.4444444444444444,0.45454545454545453,-0.375,1.1538461538461537,0.07142857142857142,0.75,-0.14285714285714285
7.54,20,15,108,86,68,67,31,39,33,13,1.255813953488372,0.1134020618556701,1.588235294117647,0.22727272727272727,1.6119402985074627,0.2342857142857143,3.4838709677419355,0.5539568345323741,2.769230769230769,0.46938775510204084,3.272727272727273,0.5319148936170213,8.307692307692308,0.7851239669421488,5.4,0.6875,7.2,0.7560975609756098,0.7962962962962963,-0.1134020618556701,1.2647058823529411,0.11688311688311688,1.2835820895522387,0.12418300653594772,2.774193548387097,0.4700854700854701,2.2051282051282053,0.376,2.606060606060606,0.44537815126050423,6.615384615384615,0.7373737373737373,4.3,0.6226415094339622,5.733333333333333,0.7029702970297029,0.6296296296296297,-0.22727272727272727,0.7906976744186046,-0.11688311688311688,1.0149253731343284,0.007407407407407408,2.193548387096774,0.37373737373737376,1.7435897435897436,0.27102803738317754,2.0606060606060606,0.3465346534653465,5.230769230769231,0.6790123456790124,3.4,0.5454545454545454,4.533333333333333,0.6385542168674698,0.6203703703703703,-0.2342857142857143,0.7790697674418605,-0.12418300653594772,0.9852941176470589,-0.007407407407407408,2.161290322580645,0.3673469387755102,1.7179487179487178,0.2641509433962264,2.0303030303030303,0.34,5.153846153846154,0.675,3.35,0.5402298850574713,4.466666666666667,0.6341463414634146,0.28703703703703703,-0.5539568345323741,0.36046511627906974,-0.4700854700854701,0.45588235294117646,-0.37373737373737376,0.4626865671641791,-0.3673469387755102,0.7948717948717948,-0.11428571428571428,0.9393939393939394,-0.03125,2.3846153846153846,0.4090909090909091,1.55,0.21568627450980393,2.066666666666667,0.34782608695652173,0.3611111111111111,-0.46938775510204084,0.45348837209302323,-0.376,0.5735294117647058,-0.27102803738317754,0.582089552238806,-0.2641509433962264,1.2580645161290323,0.11428571428571428,1.1818181818181819,0.08333333333333333,3.0,0.5,1.95,0.3220338983050847,2.6,0.4444444444444444,0.3055555555555556,-0.5319148936170213,0.38372093023255816,-0.44537815126050423,0.4852941176470588,-0.3465346534653465,0.4925373134328358,-0.34,1.064516129032258,0.03125,0.8461538461538461,-0.08333333333333333,2.5384615384615383,0.43478260869565216,1.65,0.24528301886792453,2.2,0.375,0.12037037037037036,-0.7851239669421488,0.1511627906976744,-0.7373737373737373,0.19117647058823528,-0.6790123456790124,0.19402985074626866,-0.675,0.41935483870967744,-0.4090909090909091,0.3333333333333333,-0.5,0.3939393939393939,-0.43478260869565216,0.65,-0.21212121212121213,0.8666666666666667,-0.07142857142857142,0.18518518518518517,-0.6875,0.23255813953488372,-0.6226415094339622,0.29411764705882354,-0.5454545454545454,0.29850746268656714,-0.5402298850574713,0.6451612903225806,-0.21568627450980393,0.5128205128205128,-0.3220338983050847,0.6060606060606061,-0.24528301886792453,1.5384615384615385,0.21212121212121213,1.3333333333333333,0.14285714285714285,0.1388888888888889,-0.7560975609756098,0.1744186046511628,-0.7029702970297029,0.22058823529411764,-0.6385542168674698,0.22388059701492538,-0.6341463414634146,0.4838709677419355,-0.34782608695652173,0.38461538461538464,-0.4444444444444444,0.45454545454545453,-0.375,1.1538461538461537,0.07142857142857142,0.75,-0.14285714285714285
5.69,33,16,103,119,110,109,57,66,59,55,0.865546218487395,-0.07207207207207207,0.9363636363636364,-0.03286384976525822,0.944954128440367,-0.02830188679245283,1.8070175438596492,0.2875,1.5606060606060606,0.21893491124260356,1.7457627118644068,0.2716049382716049,1.8727272727272728,0.3037974683544304,3.121212121212121,0.5147058823529411,6.4375,0.7310924369747899,1.1553398058252426,0.07207207207207207,1.0818181818181818,0.039301310043668124,1.091743119266055,0.043859649122807015,2.087719298245614,0.3522727272727273,1.803030303030303,0.2864864864864865,2.016949152542373,0.33707865168539325,2.1636363636363636,0.367816091954023,3.606060606060606,0.5657894736842105,7.4375,0.762962962962963,1.0679611650485437,0.03286384976525822,0.9243697478991597,-0.039301310043668124,1.0091743119266054,0.0045662100456621,1.9298245614035088,0.31736526946107785,1.6666666666666667,0.25,1.8644067796610169,0.30177514792899407,2.0,0.3333333333333333,3.3333333333333335,0.5384615384615384,6.875,0.746031746031746,1.058252427184466,0.02830188679245283,0.9159663865546218,-0.043859649122807015,0.990909090909091,-0.0045662100456621,1.912280701754386,0.3132530120481928,1.6515151515151516,0.24571428571428572,1.847457627118644,0.2976190476190476,1.981818181818182,0.32926829268292684,3.303030303030303,0.5352112676056338,6.8125,0.744,0.5533980582524272,-0.2875,0.4789915966386555,-0.3522727272727273,0.5181818181818182,-0.31736526946107785,0.5229357798165137,-0.3132530120481928,0.8636363636363636,-0.07317073170731707,0.9661016949152542,-0.017241379310344827,1.0363636363636364,0.017857142857142856,1.7272727272727273,0.26666666666666666,3.5625,0.5616438356164384,0.6407766990291263,-0.21893491124260356,0.5546218487394958,-0.2864864864864865,0.6,-0.25,0.6055045871559633,-0.24571428571428572,1.1578947368421053,0.07317073170731707,1.11864406779661,0.056,1.2,0.09090909090909091,2.0,0.3333333333333333,4.125,0.6097560975609756,0.5728155339805825,-0.2716049382716049,0.4957983193277311,-0.33707865168539325,0.5363636363636364,-0.30177514792899407,0.5412844036697247,-0.2976190476190476,1.0350877192982457,0.017241379310344827,0.8939393939393939,-0.056,1.0727272727272728,0.03508771929824561,1.7878787878787878,0.2826086956521739,3.6875,0.5733333333333334,0.5339805825242718,-0.3037974683544304,0.46218487394957986,-0.367816091954023,0.5,-0.3333333333333333,0.5045871559633027,-0.32926829268292684,0.9649122807017544,-0.017857142857142856,0.8333333333333334,-0.09090909090909091,0.9322033898305084,-0.03508771929824561,1.6666666666666667,0.25,3.4375,0.5492957746478874,0.32038834951456313,-0.5147058823529411,0.2773109243697479,-0.5657894736842105,0.3,-0.5384615384615384,0.30275229357798167,-0.5352112676056338,0.5789473684210527,-0.26666666666666666,0.5,-0.3333333333333333,0.559322033898305,-0.2826086956521739,0.6,-0.25,2.0625,0.3469387755102041,0.1553398058252427,-0.7310924369747899,0.13445378151260504,-0.762962962962963,0.14545454545454545,-0.746031746031746,0.14678899082568808,-0.744,0.2807017543859649,-0.5616438356164384,0.24242424242424243,-0.6097560975609756,0.2711864406779661,-0.5733333333333334,0.2909090909090909,-0.5492957746478874,0.48484848484848486,-0.3469387755102041
5.62,33,16,103,119,110,109,57,66,59,55,0.865546218487395,-0.07207207207207207,0.9363636363636364,-0.03286384976525822,0.944954128440367,-0.02830188679245283,1.8070175438596492,0.2875,1.5606060606060606,0.21893491124260356,1.7457627118644068,0.2716049382716049,1.8727272727272728,0.3037974683544304,3.121212121212121,0.5147058823529411,6.4375,0.7310924369747899,1.1553398058252426,0.07207207207207207,1.0818181818181818,0.039301310043668124,1.091743119266055,0.043859649122807015,2.087719298245614,0.3522727272727273,1.803030303030303,0.2864864864864865,2.016949152542373,0.33707865168539325,2.1636363636363636,0.367816091954023,3.606060606060606,0.5657894736842105,7.4375,0.762962962962963,1.0679611650485437,0.03286384976525822,0.9243697478991597,-0.039301310043668124,1.0091743119266054,0.0045662100456621,1.9298245614035088,0.31736526946107785,1.6666666666666667,0.25,1.8644067796610169,0.30177514792899407,2.0,0.3333333333333333,3.3333333333333335,0.5384615384615384,6.875,0.746031746031746,1.058252427184466,0.02830188679245283,0.9159663865546218,-0.043859649122807015,0.990909090909091,-0.0045662100456621,1.912280701754386,0.3132530120481928,1.6515151515151516,0.24571428571428572,1.847457627118644,0.2976190476190476,1.981818181818182,0.32926829268292684,3.303030303030303,0.5352112676056338,6.8125,0.744,0.5533980582524272,-0.2875,0.4789915966386555,-0.3522727272727273,0.5181818181818182,-0.31736526946107785,0.5229357798165137,-0.3132530120481928,0.8636363636363636,-0.07317073170731707,0.9661016949152542,-0.017241379310344827,1.0363636363636364,0.017857142857142856,1.7272727272727273,0.26666666666666666,3.5625,0.5616438356164384,0.6407766990291263,-0.21893491124260356,0.5546218487394958,-0.2864864864864865,0.6,-0.25,0.6055045871559633,-0.24571428571428572,1.1578947368421053,0.07317073170731707,1.11864406779661,0.056,1.2,0.09090909090909091,2.0,0.3333333333333333,4.125,0.6097560975609756,0.5728155339805825,-0.2716049382716049,0.4957983193277311,-0.33707865168539325,0.5363636363636364,-0.30177514792899407,0.5412844036697247,-0.2976190476190476,1.0350877192982457,0.017241379310344827,0.8939393939393939,-0.056,1.0727272727272728,0.03508771929824561,1.7878787878787878,0.2826086956521739,3.6875,0.5733333333333334,0.5339805825242718,-0.3037974683544304,0.46218487394957986,-0.367816091954023,0.5,-0.3333333333333333,0.5045871559633027,-0.32926829268292684,0.9649122807017544,-0.017857142857142856,0.8333333333333334,-0.09090909090909091,0.9322033898305084,-0.03508771929824561,1.6666666666666667,0.25,3.4375,0.5492957746478874,0.32038834951456313,-0.5147058823529411,0.2773109243697479,-0.5657894736842105,0.3,-0.5384615384615384,0.30275229357798167,-0.5352112676056338,0.5789473684210527,-0.26666666666666666,0.5,-0.3333333333333333,0.559322033898305,-0.2826086956521739,0.6,-0.25,2.0625,0.3469387755102041,0.1553398058252427,-0.7310924369747899,0.13445378151260504,-0.762962962962963,0.14545454545454545,-0.746031746031746,0.14678899082568808,-0.744,0.2807017543859649,-0.5616438356164384,0.24242424242424243,-0.6097560975609756,0.2711864406779661,-0.5733333333333334,0.2909090909090909,-0.5492957746478874,0.48484848484848486,-0.3469387755102041
5.98,35,31,161,157,136,123,88,83,86,57,1.0254777070063694,0.012578616352201259,1.1838235294117647,0.08417508417508418,1.3089430894308942,0.13380281690140844,1.8295454545454546,0.2931726907630522,1.9397590361445782,0.319672131147541,1.872093023255814,0.30364372469635625,2.824561403508772,0.47706422018348627,4.6,0.6428571428571429,5.193548387096774,0.6770833333333334,0.9751552795031055,-0.012578616352201259,1.1544117647058822,0.07167235494880546,1.2764227642276422,0.12142857142857143,1.7840909090909092,0.2816326530612245,1.891566265060241,0.30833333333333335,1.8255813953488371,0.29218106995884774,2.754385964912281,0.4672897196261682,4.485714285714286,0.6354166666666666,5.064516129032258,0.6702127659574468,0.84472049689441,-0.08417508417508418,0.8662420382165605,-0.07167235494880546,1.1056910569105691,0.05019305019305019,1.5454545454545454,0.21428571428571427,1.6385542168674698,0.2420091324200913,1.5813953488372092,0.22522522522522523,2.3859649122807016,0.40932642487046633,3.8857142857142857,0.5906432748538012,4.387096774193548,0.6287425149700598,0.7639751552795031,-0.13380281690140844,0.7834394904458599,-0.12142857142857143,0.9044117647058824,-0.05019305019305019,1.3977272727272727,0.16587677725118483,1.4819277108433735,0.1941747572815534,1.430232558139535,0.17703349282296652,2.1578947368421053,0.36666666666666664,3.5142857142857142,0.5569620253164557,3.967741935483871,0.5974025974025974,0.546583850931677,-0.2931726907630522,0.5605095541401274,-0.2816326530612245,0.6470588235294118,-0.21428571428571427,0.7154471544715447,-0.16587677725118483,1.0602409638554218,0.029239766081871343,1.0232558139534884,0.011494252873563218,1.543859649122807,0.21379310344827587,2.5142857142857142,0.43089430894308944,2.838709677419355,0.4789915966386555,0.515527950310559,-0.319672131147541,0.5286624203821656,-0.30833333333333335,0.6102941176470589,-0.2420091324200913,0.6747967479674797,-0.1941747572815534,0.9431818181818182,-0.029239766081871343,0.9651162790697675,-0.01775147928994083,1.456140350877193,0.18571428571428572,2.3714285714285714,0.4067796610169492,2.6774193548387095,0.45614035087719296,0.5341614906832298,-0.30364372469635625,0.5477707006369427,-0.29218106995884774,0.6323529411764706,-0.22522522522522523,0.6991869918699187,-0.17703349282296652,0.9772727272727273,-0.011494252873563218,1.036144578313253,0.01775147928994083,1.5087719298245614,0.20279720279720279,2.4571428571428573,0.4214876033057851,2.774193548387097,0.4700854700854701,0.35403726708074534,-0.47706422018348627,0.3630573248407643,-0.4672897196261682,0.41911764705882354,-0.40932642487046633,0.4634146341463415,-0.36666666666666664,0.6477272727272727,-0.21379310344827587,0.6867469879518072,-0.18571428571428572,0.6627906976744186,-0.20279720279720279,1.6285714285714286,0.2391304347826087,1.8387096774193548,0.29545454545454547,0.21739130434782608,-0.6428571428571429,0.2229299363057325,-0.6354166666666666,0.25735294117647056,-0.5906432748538012,0.2845528455284553,-0.5569620253164557,0.3977272727272727,-0.43089430894308944,0.42168674698795183,-0.4067796610169492,0.4069767441860465,-0.4214876033057851,0.6140350877192983,-0.2391304347826087,1.1290322580645162,0.06060606060606061,0.19254658385093168,-0.6770833333333334,0.19745222929936307,-0.6702127659574468,0.22794117647058823,-0.6287425149700598,0.25203252032520324,-0.5974025974025974,0.3522727272727273,-0.4789915966386555,0.37349397590361444,-0.45614035087719296,0.36046511627906974,-0.4700854700854701,0.543859649122807,-0.29545454545454547,0.8857142857142857,-0.06060606060606061
5.78,35,31,161,157,136,123,88,83,86,57,1.0254777070063694,0.012578616352201259,1.1838235294117647,0.08417508417508418,1.3089430894308942,0.13380281690140844,1.8295454545454546,0.2931726907630522,1.9397590361445782,0.319672131147541,1.872093023255814,0.30364372469635625,2.824561403508772,0.47706422018348627,4.6,0.6428571428571429,5.193548387096774,0.6770833333333334,0.9751552795031055,-0.012578616352201259,1.1544117647058822,0.07167235494880546,1.2764227642276422,0.12142857142857143,1.7840909090909092,0.2816326530612245,1.891566265060241,0.30833333333333335,1.8255813953488371,0.29218106995884774,2.754385964912281,0.4672897196261682,4.485714285714286,0.6354166666666666,5.064516129032258,0.6702127659574468,0.84472049689441,-0.08417508417508418,0.8662420382165605,-0.07167235494880546,1.1056910569105691,0.05019305019305019,1.5454545454545454,0.21428571428571427,1.6385542168674698,0.2420091324200913,1.5813953488372092,0.22522522522522523,2.3859649122807016,0.40932642487046633,3.8857142857142857,0.5906432748538012,4.387096774193548,0.6287425149700598,0.7639751552795031,-0.13380281690140844,0.7834394904458599,-0.12142857142857143,0.9044117647058824,-0.05019305019305019,1.3977272727272727,0.16587677725118483,1.4819277108433735,0.1941747572815534,1.430232558139535,0.17703349282296652,2.1578947368421053,0.36666666666666664,3.5142857142857142,0.5569620253164557,3.967741935483871,0.5974025974025974,0.546583850931677,-0.2931726907630522,0.5605095541401274,-0.2816326530612245,0.6470588235294118,-0.21428571428571427,0.7154471544715447,-0.16587677725118483,1.0602409638554218,0.029239766081871343,1.0232558139534884,0.011494252873563218,1.543859649122807,0.21379310344827587,2.5142857142857142,0.43089430894308944,2.838709677419355,0.4789915966386555,0.515527950310559,-0.319672131147541,0.5286624203821656,-0.30833333333333335,0.6102941176470589,-0.2420091324200913,0.6747967479674797,-0.1941747572815534,0.9431818181818182,-0.029239766081871343,0.9651162790697675,-0.01775147928994083,1.456140350877193,0.18571428571428572,2.3714285714285714,0.4067796610169492,2.6774193548387095,0.45614035087719296,0.5341614906832298,-0.30364372469635625,0.5477707006369427,-0.29218106995884774,0.6323529411764706,-0.22522522522522523,0.6991869918699187,-0.17703349282296652,0.9772727272727273,-0.011494252873563218,1.036144578313253,0.01775147928994083,1.5087719298245614,0.20279720279720279,2.4571428571428573,0.4214876033057851,2.774193548387097,0.4700854700854701,0.35403726708074534,-0.47706422018348627,0.3630573248407643,-0.4672897196261682,0.41911764705882354,-0.40932642487046633,0.4634146341463415,-0.36666666666666664,0.6477272727272727,-0.21379310344827587,0.6867469879518072,-0.18571428571428572,0.6627906976744186,-0.20279720279720279,1.6285714285714286,0.2391304347826087,1.8387096774193548,0.29545454545454547,0.21739130434782608,-0.6428571428571429,0.2229299363057325,-0.6354166666666666,0.25735294117647056,-0.5906432748538012,0.2845528455284553,-0.5569620253164557,0.3977272727272727,-0.43089430894308944,0.42168674698795183,-0.4067796610169492,0.4069767441860465,-0.4214876033057851,0.6140350877192983,-0.2391304347826087,1.1290322580645162,0.06060606060606061,0.19254658385093168,-0.6770833333333334,0.19745222929936307,-0.6702127659574468,0.22794117647058823,-0.6287425149700598,0.25203252032520324,-0.5974025974025974,0.3522727272727273,-0.4789915966386555,0.37349397590361444,-0.45614035087719296,0.36046511627906974,-0.4700854700854701,0.543859649122807,-0.29545454545454547,0.8857142857142857,-0.06060606060606061
5.71,177,164,196,232,220,217,191,192,183,178,0.8448275862068966,-0.08411214953271028,0.8909090909090909,-0.057692307692307696,0.9032258064516129,-0.05084745762711865,1.0261780104712042,0.012919896640826873,1.0208333333333333,0.010309278350515464,1.0710382513661203,0.03430079155672823,1.101123595505618,0.0481283422459893,1.1073446327683616,0.05093833780160858,1.1951219512195121,0.08888888888888889,1.183673469387755,0.08411214953271028,1.0545454545454545,0.02654867256637168,1.0691244239631337,0.0334075723830735,1.2146596858638743,0.09692671394799054,1.2083333333333333,0.09433962264150944,1.2677595628415301,0.1180722891566265,1.303370786516854,0.13170731707317074,1.310734463276836,0.13447432762836187,1.4146341463414633,0.1717171717171717,1.1224489795918366,0.057692307692307696,0.9482758620689655,-0.02654867256637168,1.0138248847926268,0.006864988558352402,1.1518324607329844,0.0705596107055961,1.1458333333333333,0.06796116504854369,1.2021857923497268,0.09181141439205956,1.2359550561797752,0.10552763819095477,1.2429378531073447,0.10831234256926953,1.3414634146341464,0.14583333333333334,1.1071428571428572,0.05084745762711865,0.9353448275862069,-0.0334075723830735,0.9863636363636363,-0.006864988558352402,1.1361256544502618,0.06372549019607843,1.1302083333333333,0.061124694376528114,1.185792349726776,0.085,1.2191011235955056,0.09873417721518987,1.2259887005649717,0.10152284263959391,1.3231707317073171,0.13910761154855644,0.9744897959183674,-0.012919896640826873,0.8232758620689655,-0.09692671394799054,0.8681818181818182,-0.0705596107055961,0.880184331797235,-0.06372549019607843,0.9947916666666666,-0.0026109660574412533,1.0437158469945356,0.0213903743315508,1.0730337078651686,0.03523035230352303,1.07909604519774,0.03804347826086957,1.1646341463414633,0.07605633802816901,0.9795918367346939,-0.010309278350515464,0.8275862068965517,-0.09433962264150944,0.8727272727272727,-0.06796116504854369,0.8847926267281107,-0.061124694376528114,1.0052356020942408,0.0026109660574412533,1.0491803278688525,0.024,1.0786516853932584,0.03783783783783784,1.0847457627118644,0.04065040650406504,1.170731707317073,0.07865168539325842,0.9336734693877551,-0.03430079155672823,0.7887931034482759,-0.1180722891566265,0.8318181818181818,-0.09181141439205956,0.8433179723502304,-0.085,0.9581151832460733,-0.0213903743315508,0.953125,-0.024,1.0280898876404494,0.013850415512465374,1.0338983050847457,0.016666666666666666,1.1158536585365855,0.05475504322766571,0.9081632653061225,-0.0481283422459893,0.7672413793103449,-0.13170731707317074,0.8090909090909091,-0.10552763819095477,0.8202764976958525,-0.09873417721518987,0.9319371727748691,-0.03523035230352303,0.9270833333333334,-0.03783783783783784,0.9726775956284153,-0.013850415512465374,1.0056497175141244,0.0028169014084507044,1.0853658536585367,0.04093567251461988,0.9030612244897959,-0.05093833780160858,0.7629310344827587,-0.13447432762836187,0.8045454545454546,-0.10831234256926953,0.815668202764977,-0.10152284263959391,0.9267015706806283,-0.03804347826086957,0.921875,-0.04065040650406504,0.9672131147540983,-0.016666666666666666,0.9943820224719101,-0.0028169014084507044,1.079268292682927,0.03812316715542522,0.8367346938775511,-0.08888888888888889,0.7068965517241379,-0.1717171717171717,0.7454545454545455,-0.14583333333333334,0.7557603686635944,-0.13910761154855644,0.8586387434554974,-0.07605633802816901,0.8541666666666666,-0.07865168539325842,0.8961748633879781,-0.05475504322766571,0.9213483146067416,-0.04093567251461988,0.9265536723163842,-0.03812316715542522
5.73,177,164,196,232,220,217,191,192,183,178,0.8448275862068966,-0.08411214953271028,0.8909090909090909,-0.057692307692307696,0.9032258064516129,-0.05084745762711865,1.0261780104712042,0.012919896640826873,1.0208333333333333,0.010309278350515464,1.0710382513661203,0.03430079155672823,1.101123595505618,0.0481283422459893,1.1073446327683616,0.05093833780160858,1.1951219512195121,0.08888888888888889,1.183673469387755,0.08411214953271028,1.0545454545454545,0.02654867256637168,1.0691244239631337,0.0334075723830735,1.2146596858638743,0.09692671394799054,1.2083333333333333,0.09433962264150944,1.2677595628415301,0.1180722891566265,1.303370786516854,0.13170731707317074,1.310734463276836,0.13447432762836187,1.4146341463414633,0.1717171717171717,1.1224489795918366,0.057692307692307696,0.9482758620689655,-0.02654867256637168,1.0138248847926268,0.006864988558352402,1.1518324607329844,0.0705596107055961,1.1458333333333333,0.06796116504854369,1.2021857923497268,0.09181141439205956,1.2359550561797752,0.10552763819095477,1.2429378531073447,0.10831234256926953,1.3414634146341464,0.14583333333333334,1.1071428571428572,0.05084745762711865,0.9353448275862069,-0.0334075723830735,0.9863636363636363,-0.006864988558352402,1.1361256544502618,0.06372549019607843,1.1302083333333333,0.061124694376528114,1.185792349726776,0.085,1.2191011235955056,0.09873417721518987,1.2259887005649717,0.10152284263959391,1.3231707317073171,0.13910761154855644,0.9744897959183674,-0.012919896640826873,0.8232758620689655,-0.09692671394799054,0.8681818181818182,-0.0705596107055961,0.880184331797235,-0.06372549019607843,0.9947916666666666,-0.0026109660574412533,1.0437158469945356,0.0213903743315508,1.0730337078651686,0.03523035230352303,1.07909604519774,0.03804347826086957,1.1646341463414633,0.07605633802816901,0.9795918367346939,-0.010309278350515464,0.8275862068965517,-0.09433962264150944,0.8727272727272727,-0.06796116504854369,0.8847926267281107,-0.061124694376528114,1.0052356020942408,0.0026109660574412533,1.0491803278688525,0.024,1.0786516853932584,0.03783783783783784,1.0847457627118644,0.04065040650406504,1.170731707317073,0.07865168539325842,0.9336734693877551,-0.03430079155672823,0.7887931034482759,-0.1180722891566265,0.8318181818181818,-0.09181141439205956,0.8433179723502304,-0.085,0.9581151832460733,-0.0213903743315508,0.953125,-0.024,1.0280898876404494,0.013850415512465374,1.0338983050847457,0.016666666666666666,1.1158536585365855,0.05475504322766571,0.9081632653061225,-0.0481283422459893,0.7672413793103449,-0.13170731707317074,0.8090909090909091,-0.10552763819095477,0.8202764976958525,-0.09873417721518987,0.9319371727748691,-0.03523035230352303,0.9270833333333334,-0.03783783783783784,0.9726775956284153,-0.013850415512465374,1.0056497175141244,0.0028169014084507044,1.0853658536585367,0.04093567251461988,0.9030612244897959,-0.05093833780160858,0.7629310344827587,-0.13447432762836187,0.8045454545454546,-0.10831234256926953,0.815668202764977,-0.10152284263959391,0.9267015706806283,-0.03804347826086957,0.921875,-0.04065040650406504,0.9672131147540983,-0.016666666666666666,0.9943820224719101,-0.0028169014084507044,1.079268292682927,0.03812316715542522,0.8367346938775511,-0.08888888888888889,0.7068965517241379,-0.1717171717171717,0.7454545454545455,-0.14583333333333334,0.7557603686635944,-0.13910761154855644,0.8586387434554974,-0.07605633802816901,0.8541666666666666,-0.07865168539325842,0.8961748633879781,-0.05475504322766571,0.9213483146067416,-0.04093567251461988,0.9265536723163842,-0.03812316715542522
11.14,461,405,529,559,570,575,539,532,522,521,0.9463327370304114,-0.027573529411764705,0.9280701754385965,-0.0373066424021838,0.92,-0.041666666666666664,0.9814471243042672,-0.009363295880149813,0.9943609022556391,-0.002827521206409048,1.0134099616858236,0.006660323501427212,1.0153550863723608,0.007619047619047619,1.1475054229934925,0.06868686868686869,1.306172839506173,0.13276231263383298,1.056710775047259,0.027573529411764705,0.980701754385965,-0.00974313551815766,0.9721739130434782,-0.014109347442680775,1.0371057513914657,0.018214936247723135,1.050751879699248,0.02474793767186068,1.0708812260536398,0.034227567067530065,1.072936660268714,0.03518518518518519,1.2125813449023861,0.09607843137254903,1.3802469135802469,0.15975103734439833,1.0775047258979207,0.0373066424021838,1.0196779964221825,0.00974313551815766,0.991304347826087,-0.004366812227074236,1.0575139146567718,0.027953110910730387,1.0714285714285714,0.034482758620689655,1.0919540229885059,0.04395604395604396,1.0940499040307101,0.044912923923006415,1.2364425162689805,0.10572259941804074,1.4074074074074074,0.16923076923076924,1.0869565217391304,0.041666666666666664,1.0286225402504472,0.014109347442680775,1.0087719298245614,0.004366812227074236,1.0667903525046383,0.03231597845601436,1.080827067669173,0.03884372177055104,1.1015325670498084,0.04831358249772106,1.1036468330134357,0.04927007299270073,1.2472885032537961,0.11003861003861004,1.4197530864197532,0.17346938775510204,1.0189035916824196,0.009363295880149813,0.964221824686941,-0.018214936247723135,0.9456140350877194,-0.027953110910730387,0.9373913043478261,-0.03231597845601436,1.013157894736842,0.006535947712418301,1.0325670498084292,0.016022620169651274,1.034548944337812,0.016981132075471698,1.1691973969631237,0.078,1.3308641975308642,0.1419491525423729,1.005671077504726,0.002827521206409048,0.9516994633273703,-0.02474793767186068,0.9333333333333333,-0.034482758620689655,0.9252173913043479,-0.03884372177055104,0.987012987012987,-0.006535947712418301,1.0191570881226053,0.009487666034155597,1.021113243761996,0.010446343779677113,1.1540130151843817,0.07150050352467271,1.3135802469135802,0.13553895410885805,0.9867674858223062,-0.006660323501427212,0.9338103756708408,-0.034227567067530065,0.9157894736842105,-0.04395604395604396,0.9078260869565218,-0.04831358249772106,0.9684601113172542,-0.016022620169651274,0.981203007518797,-0.009487666034155597,1.0019193857965452,0.0009587727708533077,1.1323210412147506,0.06205493387589013,1.288888888888889,0.1262135922330097,0.9848771266540642,-0.007619047619047619,0.9320214669051878,-0.03518518518518519,0.9140350877192982,-0.044912923923006415,0.9060869565217391,-0.04927007299270073,0.9666048237476809,-0.016981132075471698,0.9793233082706767,-0.010446343779677113,0.9980842911877394,-0.0009587727708533077,1.1301518438177873,0.06109979633401222,1.2864197530864196,0.12526997840172785,0.8714555765595463,-0.06868686868686869,0.8246869409660107,-0.09607843137254903,0.8087719298245614,-0.10572259941804074,0.8017391304347826,-0.11003861003861004,0.8552875695732839,-0.078,0.8665413533834586,-0.07150050352467271,0.8831417624521073,-0.06205493387589013,0.8848368522072937,-0.06109979633401222,1.1382716049382715,0.06466512702078522,0.7655954631379962,-0.13276231263383298,0.7245080500894454,-0.15975103734439833,0.7105263157894737,-0.16923076923076924,0.7043478260869566,-0.17346938775510204,0.75139146567718,-0.1419491525423729,0.7612781954887218,-0.13553895410885805,0.7758620689655172,-0.1262135922330097,0.7773512476007678,-0.12526997840172785,0.8785249457700651,-0.06466512702078522
14.76,461,405,529,559,570,575,539,532,522,521,0.9463327370304114,-0.027573529411764705,0.9280701754385965,-0.0373066424021838,0.92,-0.041666666666666664,0.9814471243042672,-0.009363295880149813,0.9943609022556391,-0.002827521206409048,1.0134099616858236,0.006660323501427212,1.0153550863723608,0.007619047619047619,1.1475054229934925,0.06868686868686869,1.306172839506173,0.13276231263383298,1.056710775047259,0.027573529411764705,0.980701754385965,-0.00974313551815766,0.9721739130434782,-0.014109347442680775,1.0371057513914657,0.018214936247723135,1.050751879699248,0.02474793767186068,1.0708812260536398,0.034227567067530065,1.072936660268714,0.03518518518518519,1.2125813449023861,0.09607843137254903,1.3802469135802469,0.15975103734439833,1.0775047258979207,0.0373066424021838,1.0196779964221825,0.00974313551815766,0.991304347826087,-0.004366812227074236,1.0575139146567718,0.027953110910730387,1.0714285714285714,0.034482758620689655,1.0919540229885059,0.04395604395604396,1.0940499040307101,0.044912923923006415,1.2364425162689805,0.10572259941804074,1.4074074074074074,0.16923076923076924,1.0869565217391304,0.041666666666666664,1.0286225402504472,0.014109347442680775,1.0087719298245614,0.004366812227074236,1.0667903525046383,0.03231597845601436,1.080827067669173,0.03884372177055104,1.1015325670498084,0.04831358249772106,1.1036468330134357,0.04927007299270073,1.2472885032537961,0.11003861003861004,1.4197530864197532,0.17346938775510204,1.0189035916824196,0.009363295880149813,0.964221824686941,-0.018214936247723135,0.9456140350877194,-0.027953110910730387,0.9373913043478261,-0.03231597845601436,1.013157894736842,0.006535947712418301,1.0325670498084292,0.016022620169651274,1.034548944337812,0.016981132075471698,1.1691973969631237,0.078,1.3308641975308642,0.1419491525423729,1.005671077504726,0.002827521206409048,0.9516994633273703,-0.02474793767186068,0.9333333333333333,-0.034482758620689655,0.9252173913043479,-0.03884372177055104,0.987012987012987,-0.006535947712418301,1.0191570881226053,0.009487666034155597,1.021113243761996,0.010446343779677113,1.1540130151843817,0.07150050352467271,1.3135802469135802,0.13553895410885805,0.9867674858223062,-0.006660323501427212,0.9338103756708408,-0.034227567067530065,0.9157894736842105,-0.04395604395604396,0.9078260869565218,-0.04831358249772106,0.9684601113172542,-0.016022620169651274,0.981203007518797,-0.009487666034155597,1.0019193857965452,0.0009587727708533077,1.1323210412147506,0.06205493387589013,1.288888888888889,0.1262135922330097,0.9848771266540642,-0.007619047619047619,0.9320214669051878,-0.03518518518518519,0.9140350877192982,-0.044912923923006415,0.9060869565217391,-0.04927007299270073,0.9666048237476809,-0.016981132075471698,0.9793233082706767,-0.010446343779677113,0.9980842911877394,-0.0009587727708533077,1.1301518438177873,0.06109979633401222,1.2864197530864196,0.12526997840172785,0.8714555765595463,-0.06868686868686869,0.8246869409660107,-0.09607843137254903,0.8087719298245614,-0.10572259941804074,0.8017391304347826,-0.11003861003861004,0.8552875695732839,-0.078,0.8665413533834586,-0.07150050352467271,0.8831417624521073,-0.06205493387589013,0.8848368522072937,-0.06109979633401222,1.1382716049382715,0.06466512702078522,0.7655954631379962,-0.13276231263383298,0.7245080500894454,-0.15975103734439833,0.7105263157894737,-0.16923076923076924,0.7043478260869566,-0.17346938775510204,0.75139146567718,-0.1419491525423729,0.7612781954887218,-0.13553895410885805,0.7758620689655172,-0.1262135922330097,0.7773512476007678,-0.12526997840172785,0.8785249457700651,-0.06466512702078522
4.32,738,703,765,772,820,826,806,783,719,758,0.9909326424870466,-0.004554326610279766,0.9329268292682927,-0.03470031545741325,0.9261501210653753,-0.03834066624764299,0.9491315136476427,-0.026098026734563972,0.9770114942528736,-0.011627906976744186,1.0639777468706537,0.03099730458221024,1.0092348284960422,0.004596191726854892,1.0365853658536586,0.017964071856287425,1.0881934566145093,0.04223433242506812,1.0091503267973856,0.004554326610279766,0.9414634146341463,-0.03015075376884422,0.9346246973365617,-0.03379224030037547,0.9578163771712159,-0.021546261089987327,0.9859514687100894,-0.00707395498392283,1.0737134909596662,0.035546613011401745,1.0184696569920844,0.009150326797385621,1.046070460704607,0.022516556291390728,1.0981507823613086,0.04677966101694915,1.0718954248366013,0.03470031545741325,1.0621761658031088,0.03015075376884422,0.9927360774818402,-0.0036452004860267314,1.0173697270471465,0.008610086100861008,1.0472541507024267,0.023081721771678103,1.1404728789986092,0.06562703053931124,1.0817941952506596,0.03929024081115336,1.1111111111111112,0.05263157894736842,1.166429587482219,0.07682206172028891,1.0797385620915032,0.03834066624764299,1.0699481865284974,0.03379224030037547,1.0073170731707317,0.0036452004860267314,1.0248138957816377,0.012254901960784314,1.0549169859514687,0.026724673710379118,1.148817802503477,0.06925566343042071,1.0897097625329815,0.04292929292929293,1.119241192411924,0.056265984654731455,1.1749644381223328,0.08044473512099411,1.05359477124183,0.026098026734563972,1.044041450777202,0.021546261089987327,0.9829268292682927,-0.008610086100861008,0.9757869249394673,-0.012254901960784314,1.029374201787995,0.0144745122718691,1.1210013908205843,0.057049180327868855,1.0633245382585752,0.030690537084398978,1.0921409214092141,0.04404145077720207,1.1465149359886202,0.0682571239231279,1.0235294117647058,0.011627906976744186,1.0142487046632125,0.00707395498392283,0.9548780487804878,-0.023081721771678103,0.9479418886198547,-0.026724673710379118,0.9714640198511166,-0.0144745122718691,1.0890125173852574,0.0426098535286285,1.0329815303430079,0.016223231667748216,1.0609756097560976,0.029585798816568046,1.1137980085348507,0.05383580080753701,0.9398692810457516,-0.03099730458221024,0.9313471502590673,-0.035546613011401745,0.8768292682926829,-0.06562703053931124,0.8704600484261501,-0.06925566343042071,0.892059553349876,-0.057049180327868855,0.9182630906768838,-0.0426098535286285,0.9485488126649076,-0.026404874746106973,0.9742547425474255,-0.013040494166094716,1.0227596017069702,0.011251758087201125,0.9908496732026144,-0.004596191726854892,0.9818652849740933,-0.009150326797385621,0.9243902439024391,-0.03929024081115336,0.9176755447941889,-0.04292929292929293,0.9404466501240695,-0.030690537084398978,0.9680715197956578,-0.016223231667748216,1.0542420027816413,0.026404874746106973,1.02710027100271,0.013368983957219251,1.0782361308677098,0.03764544832306639,0.9647058823529412,-0.017964071856287425,0.9559585492227979,-0.022516556291390728,0.9,-0.05263157894736842,0.8934624697336562,-0.056265984654731455,0.9156327543424317,-0.04404145077720207,0.9425287356321839,-0.029585798816568046,1.0264255910987483,0.013040494166094716,0.9736147757255936,-0.013368983957219251,1.0497866287339972,0.024288688410825817,0.918954248366013,-0.04223433242506812,0.9106217616580311,-0.04677966101694915,0.8573170731707317,-0.07682206172028891,0.851089588377724,-0.08044473512099411,0.8722084367245657,-0.0682571239231279,0.8978288633461047,-0.05383580080753701,0.9777468706536857,-0.011251758087201125,0.9274406332453826,-0.03764544832306639,0.9525745257452575,-0.024288688410825817
4.48,738,703,765,772,820,826,806,783,719,758,0.9909326424870466,-0.004554326610279766,0.9329268292682927,-0.03470031545741325,0.9261501210653753,-0.03834066624764299,0.9491315136476427,-0.026098026734563972,0.9770114942528736,-0.011627906976744186,1.0639777468706537,0.03099730458221024,1.0092348284960422,0.004596191726854892,1.0365853658536586,0.017964071856287425,1.0881934566145093,0.04223433242506812,1.0091503267973856,0.004554326610279766,0.9414634146341463,-0.03015075376884422,0.9346246973365617,-0.03379224030037547,0.9578163771712159,-0.021546261089987327,0.9859514687100894,-0.00707395498392283,1.0737134909596662,0.035546613011401745,1.0184696569920844,0.009150326797385621,1.046070460704607,0.022516556291390728,1.0981507823613086,0.04677966101694915,1.0718954248366013,0.03470031545741325,1.0621761658031088,0.03015075376884422,0.9927360774818402,-0.0036452004860267314,1.0173697270471465,0.008610086100861008,1.0472541507024267,0.023081721771678103,1.1404728789986092,0.06562703053931124,1.0817941952506596,0.03929024081115336,1.1111111111111112,0.05263157894736842,1.166429587482219,0.07682206172028891,1.0797385620915032,0.03834066624764299,1.0699481865284974,0.03379224030037547,1.0073170731707317,0.0036452004860267314,1.0248138957816377,0.012254901960784314,1.0549169859514687,0.026724673710379118,1.148817802503477,0.06925566343042071,1.0897097625329815,0.04292929292929293,1.119241192411924,0.056265984654731455,1.1749644381223328,0.08044473512099411,1.05359477124183,0.026098026734563972,1.044041450777202,0.021546261089987327,0.9829268292682927,-0.008610086100861008,0.9757869249394673,-0.012254901960784314,1.029374201787995,0.0144745122718691,1.1210013908205843,0.057049180327868855,1.0633245382585752,0.030690537084398978,1.0921409214092141,0.04404145077720207,1.1465149359886202,0.0682571239231279,1.0235294117647058,0.011627906976744186,1.0142487046632125,0.00707395498392283,0.9548780487804878,-0.023081721771678103,0.9479418886198547,-0.026724673710379118,0.9714640198511166,-0.0144745122718691,1.0890125173852574,0.0426098535286285,1.0329815303430079,0.016223231667748216,1.0609756097560976,0.029585798816568046,1.1137980085348507,0.05383580080753701,0.9398692810457516,-0.03099730458221024,0.9313471502590673,-0.035546613011401745,0.8768292682926829,-0.06562703053931124,0.8704600484261501,-0.06925566343042071,0.892059553349876,-0.057049180327868855,0.9182630906768838,-0.0426098535286285,0.9485488126649076,-0.026404874746106973,0.9742547425474255,-0.013040494166094716,1.0227596017069702,0.011251758087201125,0.9908496732026144,-0.004596191726854892,0.9818652849740933,-0.009150326797385621,0.9243902439024391,-0.03929024081115336,0.9176755447941889,-0.04292929292929293,0.9404466501240695,-0.030690537084398978,0.9680715197956578,-0.016223231667748216,1.0542420027816413,0.026404874746106973,1.02710027100271,0.013368983957219251,1.0782361308677098,0.03764544832306639,0.9647058823529412,-0.017964071856287425,0.9559585492227979,-0.022516556291390728,0.9,-0.05263157894736842,0.8934624697336562,-0.056265984654731455,0.9156327543424317,-0.04404145077720207,0.9425287356321839,-0.029585798816568046,1.0264255910987483,0.013040494166094716,0.9736147757255936,-0.013368983957219251,1.0497866287339972,0.024288688410825817,0.918954248366013,-0.04223433242506812,0.9106217616580311,-0.04677966101694915,0.8573170731707317,-0.07682206172028891,0.851089588377724,-0.08044473512099411,0.8722084367245657,-0.0682571239231279,0.8978288633461047,-0.05383580080753701,0.9777468706536857,-0.011251758087201125,0.9274406332453826,-0.03764544832306639,0.9525745257452575,-0.024288688410825817
5.59,721,673,743,761,762,854,784,802,762,762,0.9763469119579501,-0.011968085106382979,0.9750656167979003,-0.012624584717607974,0.870023419203747,-0.06950532247964934,0.9477040816326531,-0.026850032743942372,0.92643391521197,-0.038187702265372166,0.9750656167979003,-0.012624584717607974,0.9750656167979003,-0.012624584717607974,1.030513176144244,0.015027322404371584,1.1040118870728084,0.04943502824858757,1.0242261103633916,0.011968085106382979,0.9986876640419947,-0.0006565988181221273,0.8911007025761124,-0.057585139318885446,0.9706632653061225,-0.01488673139158576,0.9488778054862843,-0.026231605886116442,0.9986876640419947,-0.0006565988181221273,0.9986876640419947,-0.0006565988181221273,1.0554785020804438,0.02699055330634278,1.1307578008915304,0.061366806136680614,1.0255720053835802,0.012624584717607974,1.0013140604467805,0.0006565988181221273,0.892271662763466,-0.05693069306930693,0.9719387755102041,-0.014230271668822769,0.9501246882793017,-0.02557544757033248,1.0,0.0,1.0,0.0,1.056865464632455,0.027646662171274445,1.1322436849925706,0.06202090592334495,1.1493943472409152,0.06950532247964934,1.1222076215505914,0.057585139318885446,1.120734908136483,0.05693069306930693,1.0892857142857142,0.042735042735042736,1.0648379052369077,0.03140096618357488,1.120734908136483,0.05693069306930693,1.120734908136483,0.05693069306930693,1.1844660194174756,0.08444444444444445,1.2689450222882614,0.11853307138179436,1.0551816958277254,0.026850032743942372,1.0302233902759528,0.01488673139158576,1.0288713910761156,0.014230271668822769,0.9180327868852459,-0.042735042735042736,0.9775561097256857,-0.011349306431273645,1.0288713910761156,0.014230271668822769,1.0288713910761156,0.014230271668822769,1.087378640776699,0.04186046511627907,1.1649331352154533,0.07618393960192175,1.0794078061911172,0.038187702265372166,1.0538764783180026,0.026231605886116442,1.05249343832021,0.02557544757033248,0.9391100702576113,-0.03140096618357488,1.0229591836734695,0.011349306431273645,1.05249343832021,0.02557544757033248,1.05249343832021,0.02557544757033248,1.1123439667128987,0.05318450426789232,1.1916790490341753,0.08745762711864406,1.0255720053835802,0.012624584717607974,1.0013140604467805,0.0006565988181221273,1.0,0.0,0.892271662763466,-0.05693069306930693,0.9719387755102041,-0.014230271668822769,0.9501246882793017,-0.02557544757033248,1.0,0.0,1.056865464632455,0.027646662171274445,1.1322436849925706,0.06202090592334495,1.0255720053835802,0.012624584717607974,1.0013140604467805,0.0006565988181221273,1.0,0.0,0.892271662763466,-0.05693069306930693,0.9719387755102041,-0.014230271668822769,0.9501246882793017,-0.02557544757033248,1.0,0.0,1.056865464632455,0.027646662171274445,1.1322436849925706,0.06202090592334495,0.9703903095558546,-0.015027322404371584,0.9474375821287779,-0.02699055330634278,0.9461942257217848,-0.027646662171274445,0.8442622950819673,-0.08444444444444445,0.9196428571428571,-0.04186046511627907,0.899002493765586,-0.05318450426789232,0.9461942257217848,-0.027646662171274445,0.9461942257217848,-0.027646662171274445,1.0713224368499257,0.03443328550932568,0.9057873485868102,-0.04943502824858757,0.8843626806833115,-0.061366806136680614,0.8832020997375328,-0.06202090592334495,0.788056206088993,-0.11853307138179436,0.8584183673469388,-0.07618393960192175,0.8391521197007481,-0.08745762711864406,0.8832020997375328,-0.06202090592334495,0.8832020997375328,-0.06202090592334495,0.9334257975034674,-0.03443328550932568
5.4,721,673,743,761,762,854,784,802,762,762,0.9763469119579501,-0.011968085106382979,0.9750656167979003,-0.012624584717607974,0.870023419203747,-0.06950532247964934,0.9477040816326531,-0.026850032743942372,0.92643391521197,-0.038187702265372166,0.9750656167979003,-0.012624584717607974,0.9750656167979003,-0.012624584717607974,1.030513176144244,0.015027322404371584,1.1040118870728084,0.04943502824858757,1.0242261103633916,0.011968085106382979,0.9986876640419947,-0.0006565988181221273,0.8911007025761124,-0.057585139318885446,0.9706632653061225,-0.01488673139158576,0.9488778054862843,-0.026231605886116442,0.9986876640419947,-0.0006565988181221273,0.9986876640419947,-0.0006565988181221273,1.0554785020804438,0.02699055330634278,1.1307578008915304,0.061366806136680614,1.0255720053835802,0.012624584717607974,1.0013140604467805,0.0006565988181221273,0.892271662763466,-0.05693069306930693,0.9719387755102041,-0.014230271668822769,0.9501246882793017,-0.02557544757033248,1.0,0.0,1.0,0.0,1.056865464632455,0.027646662171274445,1.1322436849925706,0.06202090592334495,1.1493943472409152,0.06950532247964934,1.1222076215505914,0.057585139318885446,1.120734908136483,0.05693069306930693,1.0892857142857142,0.042735042735042736,1.0648379052369077,0.03140096618357488,1.120734908136483,0.05693069306930693,1.120734908136483,0.05693069306930693,1.1844660194174756,0.08444444444444445,1.2689450222882614,0.11853307138179436,1.0551816958277254,0.026850032743942372,1.0302233902759528,0.01488673139158576,1.0288713910761156,0.014230271668822769,0.9180327868852459,-0.042735042735042736,0.9775561097256857,-0.011349306431273645,1.0288713910761156,0.014230271668822769,1.0288713910761156,0.014230271668822769,1.087378640776699,0.04186046511627907,1.1649331352154533,0.07618393960192175,1.0794078061911172,0.038187702265372166,1.0538764783180026,0.026231605886116442,1.05249343832021,0.02557544757033248,0.9391100702576113,-0.03140096618357488,1.0229591836734695,0.011349306431273645,1.05249343832021,0.02557544757033248,1.05249343832021,0.02557544757033248,1.1123439667128987,0.05318450426789232,1.1916790490341753,0.08745762711864406,1.0255720053835802,0.012624584717607974,1.0013140604467805,0.0006565988181221273,1.0,0.0,0.892271662763466,-0.05693069306930693,0.9719387755102041,-0.014230271668822769,0.9501246882793017,-0.02557544757033248,1.0,0.0,1.056865464632455,0.027646662171274445,1.1322436849925706,0.06202090592334495,1.0255720053835802,0.012624584717607974,1.0013140604467805,0.0006565988181221273,1.0,0.0,0.892271662763466,-0.05693069306930693,0.9719387755102041,-0.014230271668822769,0.9501246882793017,-0.02557544757033248,1.0,0.0,1.056865464632455,0.027646662171274445,1.1322436849925706,0.06202090592334495,0.9703903095558546,-0.015027322404371584,0.9474375821287779,-0.02699055330634278,0.9461942257217848,-0.027646662171274445,0.8442622950819673,-0.08444444444444445,0.9196428571428571,-0.04186046511627907,0.899002493765586,-0.05318450426789232,0.9461942257217848,-0.027646662171274445,0.9461942257217848,-0.027646662171274445,1.0713224368499257,0.03443328550932568,0.9057873485868102,-0.04943502824858757,0.8843626806833115,-0.061366806136680614,0.8832020997375328,-0.06202090592334495,0.788056206088993,-0.11853307138179436,0.8584183673469388,-0.07618393960192175,0.8391521197007481,-0.08745762711864406,0.8832020997375328,-0.06202090592334495,0.8832020997375328,-0.06202090592334495,0.9334257975034674,-0.03443328550932568
10.81,27,26,64,74,69,74,23,43,33,37,0.8648648648648649,-0.07246376811594203,0.927536231884058,-0.03759398496240601,0.8648648648648649,-0.07246376811594203,2.782608695652174,0.47126436781609193,1.4883720930232558,0.19626168224299065,1.9393939393939394,0.31958762886597936,1.7297297297297298,0.26732673267326734,2.3703703703703702,0.4065934065934066,2.4615384615384617,0.4222222222222222,1.15625,0.07246376811594203,1.0724637681159421,0.03496503496503497,1.0,0.0,3.217391304347826,0.5257731958762887,1.7209302325581395,0.26495726495726496,2.242424242424242,0.38317757009345793,2.0,0.3333333333333333,2.740740740740741,0.46534653465346537,2.8461538461538463,0.48,1.078125,0.03759398496240601,0.9324324324324325,-0.03496503496503497,0.9324324324324325,-0.03496503496503497,3.0,0.5,1.6046511627906976,0.23214285714285715,2.090909090909091,0.35294117647058826,1.864864864864865,0.3018867924528302,2.5555555555555554,0.4375,2.6538461538461537,0.45263157894736844,1.15625,0.07246376811594203,1.0,0.0,1.0724637681159421,0.03496503496503497,3.217391304347826,0.5257731958762887,1.7209302325581395,0.26495726495726496,2.242424242424242,0.38317757009345793,2.0,0.3333333333333333,2.740740740740741,0.46534653465346537,2.8461538461538463,0.48,0.359375,-0.47126436781609193,0.3108108108108108,-0.5257731958762887,0.3333333333333333,-0.5,0.3108108108108108,-0.5257731958762887,0.5348837209302325,-0.30303030303030304,0.696969696969697,-0.17857142857142858,0.6216216216216216,-0.23333333333333334,0.8518518518518519,-0.08,0.8846153846153846,-0.061224489795918366,0.671875,-0.19626168224299065,0.581081081081081,-0.26495726495726496,0.6231884057971014,-0.23214285714285715,0.581081081081081,-0.26495726495726496,1.8695652173913044,0.30303030303030304,1.303030303030303,0.13157894736842105,1.162162162162162,0.075,1.5925925925925926,0.22857142857142856,1.6538461538461537,0.2463768115942029,0.515625,-0.31958762886597936,0.44594594594594594,-0.38317757009345793,0.4782608695652174,-0.35294117647058826,0.44594594594594594,-0.38317757009345793,1.434782608695652,0.17857142857142858,0.7674418604651163,-0.13157894736842105,0.8918918918918919,-0.05714285714285714,1.2222222222222223,0.1,1.2692307692307692,0.11864406779661017,0.578125,-0.26732673267326734,0.5,-0.3333333333333333,0.5362318840579711,-0.3018867924528302,0.5,-0.3333333333333333,1.608695652173913,0.23333333333333334,0.8604651162790697,-0.075,1.121212121212121,0.05714285714285714,1.3703703703703705,0.15625,1.4230769230769231,0.1746031746031746,0.421875,-0.4065934065934066,0.36486486486486486,-0.46534653465346537,0.391304347826087,-0.4375,0.36486486486486486,-0.46534653465346537,1.173913043478261,0.08,0.627906976744186,-0.22857142857142856,0.8181818181818182,-0.1,0.7297297297297297,-0.15625,1.0384615384615385,0.018867924528301886,0.40625,-0.4222222222222222,0.35135135135135137,-0.48,0.37681159420289856,-0.45263157894736844,0.35135135135135137,-0.48,1.1304347826086956,0.061224489795918366,0.6046511627906976,-0.2463768115942029,0.7878787878787878,-0.11864406779661017,0.7027027027027027,-0.1746031746031746,0.9629629629629629,-0.018867924528301886
9.6,27,26,64,74,69,74,23,43,33,37,0.8648648648648649,-0.07246376811594203,0.927536231884058,-0.03759398496240601,0.8648648648648649,-0.07246376811594203,2.782608695652174,0.47126436781609193,1.4883720930232558,0.19626168224299065,1.9393939393939394,0.31958762886597936,1.7297297297297298,0.26732673267326734,2.3703703703703702,0.4065934065934066,2.4615384615384617,0.4222222222222222,1.15625,0.07246376811594203,1.0724637681159421,0.03496503496503497,1.0,0.0,3.217391304347826,0.5257731958762887,1.7209302325581395,0.26495726495726496,2.242424242424242,0.38317757009345793,2.0,0.3333333333333333,2.740740740740741,0.46534653465346537,2.8461538461538463,0.48,1.078125,0.03759398496240601,0.9324324324324325,-0.03496503496503497,0.9324324324324325,-0.03496503496503497,3.0,0.5,1.6046511627906976,0.23214285714285715,2.090909090909091,0.35294117647058826,1.864864864864865,0.3018867924528302,2.5555555555555554,0.4375,2.6538461538461537,0.45263157894736844,1.15625,0.07246376811594203,1.0,0.0,1.0724637681159421,0.03496503496503497,3.217391304347826,0.5257731958762887,1.7209302325581395,0.26495726495726496,2.242424242424242,0.38317757009345793,2.0,0.3333333333333333,2.740740740740741,0.46534653465346537,2.8461538461538463,0.48,0.359375,-0.47126436781609193,0.3108108108108108,-0.5257731958762887,0.3333333333333333,-0.5,0.3108108108108108,-0.5257731958762887,0.5348837209302325,-0.30303030303030304,0.696969696969697,-0.17857142857142858,0.6216216216216216,-0.23333333333333334,0.8518518518518519,-0.08,0.8846153846153846,-0.061224489795918366,0.671875,-0.19626168224299065,0.581081081081081,-0.26495726495726496,0.6231884057971014,-0.23214285714285715,0.581081081081081,-0.26495726495726496,1.8695652173913044,0.30303030303030304,1.303030303030303,0.13157894736842105,1.162162162162162,0.075,1.5925925925925926,0.22857142857142856,1.6538461538461537,0.2463768115942029,0.515625,-0.31958762886597936,0.44594594594594594,-0.38317757009345793,0.4782608695652174,-0.35294117647058826,0.44594594594594594,-0.38317757009345793,1.434782608695652,0.17857142857142858,0.7674418604651163,-0.13157894736842105,0.8918918918918919,-0.05714285714285714,1.2222222222222223,0.1,1.2692307692307692,0.11864406779661017,0.578125,-0.26732673267326734,0.5,-0.3333333333333333,0.5362318840579711,-0.3018867924528302,0.5,-0.3333333333333333,1.608695652173913,0.23333333333333334,0.8604651162790697,-0.075,1.121212121212121,0.05714285714285714,1.3703703703703705,0.15625,1.4230769230769231,0.1746031746031746,0.421875,-0.4065934065934066,0.36486486486486486,-0.46534653465346537,0.391304347826087,-0.4375,0.36486486486486486,-0.46534653465346537,1.173913043478261,0.08,0.627906976744186,-0.22857142857142856,0.8181818181818182,-0.1,0.7297297297297297,-0.15625,1.0384615384615385,0.018867924528301886,0.40625,-0.4222222222222222,0.35135135135135137,-0.48,0.37681159420289856,-0.45263157894736844,0.35135135135135137,-0.48,1.1304347826086956,0.061224489795918366,0.6046511627906976,-0.2463768115942029,0.7878787878787878,-0.11864406779661017,0.7027027027027027,-0.1746031746031746,0.9629629629629629,-0.018867924528301886
6.65,71,61,142,111,108,107,74,82,69,66,1.2792792792792793,0.1225296442687747,1.3148148148148149,0.136,1.3271028037383177,0.14056224899598393,1.9189189189189189,0.3148148148148148,1.7317073170731707,0.26785714285714285,2.0579710144927534,0.3459715639810427,2.1515151515151514,0.36538461538461536,2.0,0.3333333333333333,2.3278688524590163,0.39901477832512317,0.7816901408450704,-0.1225296442687747,1.0277777777777777,0.0136986301369863,1.0373831775700935,0.01834862385321101,1.5,0.2,1.353658536585366,0.15025906735751296,1.608695652173913,0.23333333333333334,1.6818181818181819,0.2542372881355932,1.5633802816901408,0.21978021978021978,1.819672131147541,0.29069767441860467,0.7605633802816901,-0.136,0.972972972972973,-0.0136986301369863,1.0093457943925233,0.004651162790697674,1.4594594594594594,0.18681318681318682,1.3170731707317074,0.1368421052631579,1.565217391304348,0.22033898305084745,1.6363636363636365,0.2413793103448276,1.5211267605633803,0.20670391061452514,1.7704918032786885,0.2781065088757396,0.7535211267605634,-0.14056224899598393,0.963963963963964,-0.01834862385321101,0.9907407407407407,-0.004651162790697674,1.445945945945946,0.18232044198895028,1.3048780487804879,0.13227513227513227,1.5507246376811594,0.2159090909090909,1.621212121212121,0.23699421965317918,1.5070422535211268,0.20224719101123595,1.7540983606557377,0.27380952380952384,0.5211267605633803,-0.3148148148148148,0.6666666666666666,-0.2,0.6851851851851852,-0.18681318681318682,0.6915887850467289,-0.18232044198895028,0.9024390243902439,-0.05128205128205128,1.0724637681159421,0.03496503496503497,1.121212121212121,0.05714285714285714,1.0422535211267605,0.020689655172413793,1.2131147540983607,0.0962962962962963,0.5774647887323944,-0.26785714285714285,0.7387387387387387,-0.15025906735751296,0.7592592592592593,-0.1368421052631579,0.7663551401869159,-0.13227513227513227,1.1081081081081081,0.05128205128205128,1.1884057971014492,0.08609271523178808,1.2424242424242424,0.10810810810810811,1.1549295774647887,0.0718954248366013,1.3442622950819672,0.14685314685314685,0.4859154929577465,-0.3459715639810427,0.6216216216216216,-0.23333333333333334,0.6388888888888888,-0.22033898305084745,0.6448598130841121,-0.2159090909090909,0.9324324324324325,-0.03496503496503497,0.8414634146341463,-0.08609271523178808,1.0454545454545454,0.022222222222222223,0.971830985915493,-0.014285714285714285,1.1311475409836065,0.06153846153846154,0.4647887323943662,-0.36538461538461536,0.5945945945945946,-0.2542372881355932,0.6111111111111112,-0.2413793103448276,0.616822429906542,-0.23699421965317918,0.8918918918918919,-0.05714285714285714,0.8048780487804879,-0.10810810810810811,0.9565217391304348,-0.022222222222222223,0.9295774647887324,-0.0364963503649635,1.0819672131147542,0.03937007874015748,0.5,-0.3333333333333333,0.6396396396396397,-0.21978021978021978,0.6574074074074074,-0.20670391061452514,0.6635514018691588,-0.20224719101123595,0.9594594594594594,-0.020689655172413793,0.8658536585365854,-0.0718954248366013,1.0289855072463767,0.014285714285714285,1.0757575757575757,0.0364963503649635,1.1639344262295082,0.07575757575757576,0.4295774647887324,-0.39901477832512317,0.5495495495495496,-0.29069767441860467,0.5648148148148148,-0.2781065088757396,0.5700934579439252,-0.27380952380952384,0.8243243243243243,-0.0962962962962963,0.7439024390243902,-0.14685314685314685,0.8840579710144928,-0.06153846153846154,0.9242424242424242,-0.03937007874015748,0.8591549295774648,-0.07575757575757576
5.86,18,25,12,33,36,36,19,23,2,10,0.36363636363636365,-0.4666666666666667,0.3333333333333333,-0.5,0.3333333333333333,-0.5,0.631578947368421,-0.22580645161290322,0.5217391304347826,-0.3142857142857143,6.0,0.7142857142857143,1.2,0.09090909090909091,0.6666666666666666,-0.2,0.48,-0.35135135135135137,2.75,0.4666666666666667,0.9166666666666666,-0.043478260869565216,0.9166666666666666,-0.043478260869565216,1.736842105263158,0.2692307692307692,1.434782608695652,0.17857142857142858,16.5,0.8857142857142857,3.3,0.5348837209302325,1.8333333333333333,0.29411764705882354,1.32,0.13793103448275862,3.0,0.5,1.0909090909090908,0.043478260869565216,1.0,0.0,1.894736842105263,0.3090909090909091,1.565217391304348,0.22033898305084745,18.0,0.8947368421052632,3.6,0.5652173913043478,2.0,0.3333333333333333,1.44,0.18032786885245902,3.0,0.5,1.0909090909090908,0.043478260869565216,1.0,0.0,1.894736842105263,0.3090909090909091,1.565217391304348,0.22033898305084745,18.0,0.8947368421052632,3.6,0.5652173913043478,2.0,0.3333333333333333,1.44,0.18032786885245902,1.5833333333333333,0.22580645161290322,0.5757575757575758,-0.2692307692307692,0.5277777777777778,-0.3090909090909091,0.5277777777777778,-0.3090909090909091,0.8260869565217391,-0.09523809523809523,9.5,0.8095238095238095,1.9,0.3103448275862069,1.0555555555555556,0.02702702702702703,0.76,-0.13636363636363635,1.9166666666666667,0.3142857142857143,0.696969696969697,-0.17857142857142858,0.6388888888888888,-0.22033898305084745,0.6388888888888888,-0.22033898305084745,1.2105263157894737,0.09523809523809523,11.5,0.84,2.3,0.3939393939393939,1.2777777777777777,0.12195121951219512,0.92,-0.041666666666666664,0.16666666666666666,-0.7142857142857143,0.06060606060606061,-0.8857142857142857,0.05555555555555555,-0.8947368421052632,0.05555555555555555,-0.8947368421052632,0.10526315789473684,-0.8095238095238095,0.08695652173913043,-0.84,0.2,-0.6666666666666666,0.1111111111111111,-0.8,0.08,-0.8518518518518519,0.8333333333333334,-0.09090909090909091,0.30303030303030304,-0.5348837209302325,0.2777777777777778,-0.5652173913043478,0.2777777777777778,-0.5652173913043478,0.5263157894736842,-0.3103448275862069,0.43478260869565216,-0.3939393939393939,5.0,0.6666666666666666,0.5555555555555556,-0.2857142857142857,0.4,-0.42857142857142855,1.5,0.2,0.5454545454545454,-0.29411764705882354,0.5,-0.3333333333333333,0.5,-0.3333333333333333,0.9473684210526315,-0.02702702702702703,0.782608695652174,-0.12195121951219512,9.0,0.8,1.8,0.2857142857142857,0.72,-0.16279069767441862,2.0833333333333335,0.35135135135135137,0.7575757575757576,-0.13793103448275862,0.6944444444444444,-0.18032786885245902,0.6944444444444444,-0.18032786885245902,1.3157894736842106,0.13636363636363635,1.0869565217391304,0.041666666666666664,12.5,0.8518518518518519,2.5,0.42857142857142855,1.3888888888888888,0.16279069767441862
7.61,18,25,12,33,36,36,19,23,2,10,0.36363636363636365,-0.4666666666666667,0.3333333333333333,-0.5,0.3333333333333333,-0.5,0.631578947368421,-0.22580645161290322,0.5217391304347826,-0.3142857142857143,6.0,0.7142857142857143,1.2,0.09090909090909091,0.6666666666666666,-0.2,0.48,-0.35135135135135137,2.75,0.4666666666666667,0.9166666666666666,-0.043478260869565216,0.9166666666666666,-0.043478260869565216,1.736842105263158,0.2692307692307692,1.434782608695652,0.17857142857142858,16.5,0.8857142857142857,3.3,0.5348837209302325,1.8333333333333333,0.29411764705882354,1.32,0.13793103448275862,3.0,0.5,1.0909090909090908,0.043478260869565216,1.0,0.0,1.894736842105263,0.3090909090909091,1.565217391304348,0.22033898305084745,18.0,0.8947368421052632,3.6,0.5652173913043478,2.0,0.3333333333333333,1.44,0.18032786885245902,3.0,0.5,1.0909090909090908,0.043478260869565216,1.0,0.0,1.894736842105263,0.3090909090909091,1.565217391304348,0.22033898305084745,18.0,0.8947368421052632,3.6,0.5652173913043478,2.0,0.3333333333333333,1.44,0.18032786885245902,1.5833333333333333,0.22580645161290322,0.5757575757575758,-0.2692307692307692,0.5277777777777778,-0.3090909090909091,0.5277777777777778,-0.3090909090909091,0.8260869565217391,-0.09523809523809523,9.5,0.8095238095238095,1.9,0.3103448275862069,1.0555555555555556,0.02702702702702703,0.76,-0.13636363636363635,1.9166666666666667,0.3142857142857143,0.696969696969697,-0.17857142857142858,0.6388888888888888,-0.22033898305084745,0.6388888888888888,-0.22033898305084745,1.2105263157894737,0.09523809523809523,11.5,0.84,2.3,0.3939393939393939,1.2777777777777777,0.12195121951219512,0.92,-0.041666666666666664,0.16666666666666666,-0.7142857142857143,0.06060606060606061,-0.8857142857142857,0.05555555555555555,-0.8947368421052632,0.05555555555555555,-0.8947368421052632,0.10526315789473684,-0.8095238095238095,0.08695652173913043,-0.84,0.2,-0.6666666666666666,0.1111111111111111,-0.8,0.08,-0.8518518518518519,0.8333333333333334,-0.09090909090909091,0.30303030303030304,-0.5348837209302325,0.2777777777777778,-0.5652173913043478,0.2777777777777778,-0.5652173913043478,0.5263157894736842,-0.3103448275862069,0.43478260869565216,-0.3939393939393939,5.0,0.6666666666666666,0.5555555555555556,-0.2857142857142857,0.4,-0.42857142857142855,1.5,0.2,0.5454545454545454,-0.29411764705882354,0.5,-0.3333333333333333,0.5,-0.3333333333333333,0.9473684210526315,-0.02702702702702703,0.782608695652174,-0.12195121951219512,9.0,0.8,1.8,0.2857142857142857,0.72,-0.16279069767441862,2.0833333333333335,0.35135135135135137,0.7575757575757576,-0.13793103448275862,0.6944444444444444,-0.18032786885245902,0.6944444444444444,-0.18032786885245902,1.3157894736842106,0.13636363636363635,1.0869565217391304,0.041666666666666664,12.5,0.8518518518518519,2.5,0.42857142857142855,1.3888888888888888,0.16279069767441862
5.67,40,40,159,137,129,129,78,85,66,57,1.1605839416058394,0.07432432432432433,1.2325581395348837,0.10416666666666667,1.2325581395348837,0.10416666666666667,2.0384615384615383,0.34177215189873417,1.8705882352941177,0.30327868852459017,2.409090909090909,0.41333333333333333,2.789473684210526,0.4722222222222222,3.975,0.5979899497487438,3.975,0.5979899497487438,0.8616352201257862,-0.07432432432432433,1.062015503875969,0.03007518796992481,1.062015503875969,0.03007518796992481,1.7564102564102564,0.2744186046511628,1.611764705882353,0.23423423423423423,2.0757575757575757,0.3497536945812808,2.4035087719298245,0.41237113402061853,3.425,0.5480225988700564,3.425,0.5480225988700564,0.8113207547169812,-0.10416666666666667,0.9416058394160584,-0.03007518796992481,1.0,0.0,1.6538461538461537,0.2463768115942029,1.5176470588235293,0.205607476635514,1.9545454545454546,0.3230769230769231,2.263157894736842,0.3870967741935484,3.225,0.5266272189349113,3.225,0.5266272189349113,0.8113207547169812,-0.10416666666666667,0.9416058394160584,-0.03007518796992481,1.0,0.0,1.6538461538461537,0.2463768115942029,1.5176470588235293,0.205607476635514,1.9545454545454546,0.3230769230769231,2.263157894736842,0.3870967741935484,3.225,0.5266272189349113,3.225,0.5266272189349113,0.49056603773584906,-0.34177215189873417,0.5693430656934306,-0.2744186046511628,0.6046511627906976,-0.2463768115942029,0.6046511627906976,-0.2463768115942029,0.9176470588235294,-0.04294478527607362,1.1818181818181819,0.08333333333333333,1.368421052631579,0.15555555555555556,1.95,0.3220338983050847,1.95,0.3220338983050847,0.5345911949685535,-0.30327868852459017,0.6204379562043796,-0.23423423423423423,0.6589147286821705,-0.205607476635514,0.6589147286821705,-0.205607476635514,1.0897435897435896,0.04294478527607362,1.2878787878787878,0.12582781456953643,1.4912280701754386,0.19718309859154928,2.125,0.36,2.125,0.36,0.41509433962264153,-0.41333333333333333,0.48175182481751827,-0.3497536945812808,0.5116279069767442,-0.3230769230769231,0.5116279069767442,-0.3230769230769231,0.8461538461538461,-0.08333333333333333,0.7764705882352941,-0.12582781456953643,1.1578947368421053,0.07317073170731707,1.65,0.24528301886792453,1.65,0.24528301886792453,0.3584905660377358,-0.4722222222222222,0.41605839416058393,-0.41237113402061853,0.4418604651162791,-0.3870967741935484,0.4418604651162791,-0.3870967741935484,0.7307692307692307,-0.15555555555555556,0.6705882352941176,-0.19718309859154928,0.8636363636363636,-0.07317073170731707,1.425,0.17525773195876287,1.425,0.17525773195876287,0.25157232704402516,-0.5979899497487438,0.291970802919708,-0.5480225988700564,0.31007751937984496,-0.5266272189349113,0.31007751937984496,-0.5266272189349113,0.5128205128205128,-0.3220338983050847,0.47058823529411764,-0.36,0.6060606060606061,-0.24528301886792453,0.7017543859649122,-0.17525773195876287,1.0,0.0,0.25157232704402516,-0.5979899497487438,0.291970802919708,-0.5480225988700564,0.31007751937984496,-0.5266272189349113,0.31007751937984496,-0.5266272189349113,0.5128205128205128,-0.3220338983050847,0.47058823529411764,-0.36,0.6060606060606061,-0.24528301886792453,0.7017543859649122,-0.17525773195876287,1.0,0.0
8.08,40,40,159,137,129,129,78,85,66,57,1.1605839416058394,0.07432432432432433,1.2325581395348837,0.10416666666666667,1.2325581395348837,0.10416666666666667,2.0384615384615383,0.34177215189873417,1.8705882352941177,0.30327868852459017,2.409090909090909,0.41333333333333333,2.789473684210526,0.4722222222222222,3.975,0.5979899497487438,3.975,0.5979899497487438,0.8616352201257862,-0.07432432432432433,1.062015503875969,0.03007518796992481,1.062015503875969,0.03007518796992481,1.7564102564102564,0.2744186046511628,1.611764705882353,0.23423423423423423,2.0757575757575757,0.3497536945812808,2.4035087719298245,0.41237113402061853,3.425,0.5480225988700564,3.425,0.5480225988700564,0.8113207547169812,-0.10416666666666667,0.9416058394160584,-0.03007518796992481,1.0,0.0,1.6538461538461537,0.2463768115942029,1.5176470588235293,0.205607476635514,1.9545454545454546,0.3230769230769231,2.263157894736842,0.3870967741935484,3.225,0.5266272189349113,3.225,0.5266272189349113,0.8113207547169812,-0.10416666666666667,0.9416058394160584,-0.03007518796992481,1.0,0.0,1.6538461538461537,0.2463768115942029,1.5176470588235293,0.205607476635514,1.9545454545454546,0.3230769230769231,2.263157894736842,0.3870967741935484,3.225,0.5266272189349113,3.225,0.5266272189349113,0.49056603773584906,-0.34177215189873417,0.5693430656934306,-0.2744186046511628,0.6046511627906976,-0.2463768115942029,0.6046511627906976,-0.2463768115942029,0.9176470588235294,-0.04294478527607362,1.1818181818181819,0.08333333333333333,1.368421052631579,0.15555555555555556,1.95,0.3220338983050847,1.95,0.3220338983050847,0.5345911949685535,-0.30327868852459017,0.6204379562043796,-0.23423423423423423,0.6589147286821705,-0.205607476635514,0.6589147286821705,-0.205607476635514,1.0897435897435896,0.04294478527607362,1.2878787878787878,0.12582781456953643,1.4912280701754386,0.19718309859154928,2.125,0.36,2.125,0.36,0.41509433962264153,-0.41333333333333333,0.48175182481751827,-0.3497536945812808,0.5116279069767442,-0.3230769230769231,0.5116279069767442,-0.3230769230769231,0.8461538461538461,-0.08333333333333333,0.7764705882352941,-0.12582781456953643,1.1578947368421053,0.07317073170731707,1.65,0.24528301886792453,1.65,0.24528301886792453,0.3584905660377358,-0.4722222222222222,0.41605839416058393,-0.41237113402061853,0.4418604651162791,-0.3870967741935484,0.4418604651162791,-0.3870967741935484,0.7307692307692307,-0.15555555555555556,0.6705882352941176,-0.19718309859154928,0.8636363636363636,-0.07317073170731707,1.425,0.17525773195876287,1.425,0.17525773195876287,0.25157232704402516,-0.5979899497487438,0.291970802919708,-0.5480225988700564,0.31007751937984496,-0.5266272189349113,0.31007751937984496,-0.5266272189349113,0.5128205128205128,-0.3220338983050847,0.47058823529411764,-0.36,0.6060606060606061,-0.24528301886792453,0.7017543859649122,-0.17525773195876287,1.0,0.0,0.25157232704402516,-0.5979899497487438,0.291970802919708,-0.5480225988700564,0.31007751937984496,-0.5266272189349113,0.31007751937984496,-0.5266272189349113,0.5128205128205128,-0.3220338983050847,0.47058823529411764,-0.36,0.6060606060606061,-0.24528301886792453,0.7017543859649122,-0.17525773195876287,1.0,0.0
5.52,67,48,58,111,85,82,52,60,51,49,0.5225225225225225,-0.3136094674556213,0.6823529411764706,-0.1888111888111888,0.7073170731707317,-0.17142857142857143,1.1153846153846154,0.05454545454545454,0.9666666666666667,-0.01694915254237288,1.1372549019607843,0.06422018348623854,1.183673469387755,0.08411214953271028,0.8656716417910447,-0.072,1.2083333333333333,0.09433962264150944,1.9137931034482758,0.3136094674556213,1.3058823529411765,0.1326530612244898,1.353658536585366,0.15025906735751296,2.1346153846153846,0.3619631901840491,1.85,0.2982456140350877,2.176470588235294,0.37037037037037035,2.2653061224489797,0.3875,1.6567164179104477,0.24719101123595505,2.3125,0.39622641509433965,1.4655172413793103,0.1888111888111888,0.7657657657657657,-0.1326530612244898,1.0365853658536586,0.017964071856287425,1.6346153846153846,0.24087591240875914,1.4166666666666667,0.1724137931034483,1.6666666666666667,0.25,1.7346938775510203,0.26865671641791045,1.2686567164179106,0.11842105263157894,1.7708333333333333,0.2781954887218045,1.4137931034482758,0.17142857142857143,0.7387387387387387,-0.15025906735751296,0.9647058823529412,-0.017964071856287425,1.5769230769230769,0.22388059701492538,1.3666666666666667,0.15492957746478872,1.607843137254902,0.23308270676691728,1.6734693877551021,0.25190839694656486,1.2238805970149254,0.10067114093959731,1.7083333333333333,0.26153846153846155,0.896551724137931,-0.05454545454545454,0.46846846846846846,-0.3619631901840491,0.611764705882353,-0.24087591240875914,0.6341463414634146,-0.22388059701492538,0.8666666666666667,-0.07142857142857142,1.0196078431372548,0.009708737864077669,1.0612244897959184,0.0297029702970297,0.7761194029850746,-0.12605042016806722,1.0833333333333333,0.04,1.0344827586206897,0.01694915254237288,0.5405405405405406,-0.2982456140350877,0.7058823529411765,-0.1724137931034483,0.7317073170731707,-0.15492957746478872,1.1538461538461537,0.07142857142857142,1.1764705882352942,0.08108108108108109,1.2244897959183674,0.10091743119266056,0.8955223880597015,-0.05511811023622047,1.25,0.1111111111111111,0.8793103448275862,-0.06422018348623854,0.4594594594594595,-0.37037037037037035,0.6,-0.25,0.6219512195121951,-0.23308270676691728,0.9807692307692307,-0.009708737864077669,0.85,-0.08108108108108109,1.0408163265306123,0.02,0.7611940298507462,-0.13559322033898305,1.0625,0.030303030303030304,0.8448275862068966,-0.08411214953271028,0.44144144144144143,-0.3875,0.5764705882352941,-0.26865671641791045,0.5975609756097561,-0.25190839694656486,0.9423076923076923,-0.0297029702970297,0.8166666666666667,-0.10091743119266056,0.9607843137254902,-0.02,0.7313432835820896,-0.15517241379310345,1.0208333333333333,0.010309278350515464,1.1551724137931034,0.072,0.6036036036036037,-0.24719101123595505,0.788235294117647,-0.11842105263157894,0.8170731707317073,-0.10067114093959731,1.2884615384615385,0.12605042016806722,1.1166666666666667,0.05511811023622047,1.3137254901960784,0.13559322033898305,1.3673469387755102,0.15517241379310345,1.3958333333333333,0.16521739130434782,0.8275862068965517,-0.09433962264150944,0.43243243243243246,-0.39622641509433965,0.5647058823529412,-0.2781954887218045,0.5853658536585366,-0.26153846153846155,0.9230769230769231,-0.04,0.8,-0.1111111111111111,0.9411764705882353,-0.030303030303030304,0.9795918367346939,-0.010309278350515464,0.7164179104477612,-0.16521739130434782
6.08,83,69,221,208,188,182,119,141,116,102,1.0625,0.030303030303030304,1.175531914893617,0.08068459657701711,1.2142857142857142,0.0967741935483871,1.8571428571428572,0.3,1.5673758865248226,0.22099447513812154,1.9051724137931034,0.3115727002967359,2.1666666666666665,0.3684210526315789,2.6626506024096384,0.45394736842105265,3.2028985507246377,0.5241379310344828,0.9411764705882353,-0.030303030303030304,1.1063829787234043,0.050505050505050504,1.1428571428571428,0.06666666666666667,1.7478991596638656,0.27217125382262997,1.475177304964539,0.19197707736389685,1.793103448275862,0.2839506172839506,2.0392156862745097,0.3419354838709677,2.5060240963855422,0.42955326460481097,3.0144927536231885,0.5018050541516246,0.8506787330316742,-0.08068459657701711,0.9038461538461539,-0.050505050505050504,1.032967032967033,0.016216216216216217,1.5798319327731092,0.2247557003257329,1.3333333333333333,0.14285714285714285,1.6206896551724137,0.23684210526315788,1.8431372549019607,0.296551724137931,2.2650602409638556,0.3874538745387454,2.7246376811594204,0.46303501945525294,0.8235294117647058,-0.0967741935483871,0.875,-0.06666666666666667,0.9680851063829787,-0.016216216216216217,1.5294117647058822,0.20930232558139536,1.2907801418439717,0.12693498452012383,1.5689655172413792,0.2214765100671141,1.7843137254901962,0.28169014084507044,2.1927710843373496,0.37358490566037733,2.63768115942029,0.450199203187251,0.5384615384615384,-0.3,0.5721153846153846,-0.27217125382262997,0.6329787234042553,-0.2247557003257329,0.6538461538461539,-0.20930232558139536,0.8439716312056738,-0.08461538461538462,1.0258620689655173,0.01276595744680851,1.1666666666666667,0.07692307692307693,1.4337349397590362,0.1782178217821782,1.7246376811594204,0.26595744680851063,0.6380090497737556,-0.22099447513812154,0.6778846153846154,-0.19197707736389685,0.75,-0.14285714285714285,0.7747252747252747,-0.12693498452012383,1.184873949579832,0.08461538461538462,1.2155172413793103,0.09727626459143969,1.3823529411764706,0.16049382716049382,1.6987951807228916,0.25892857142857145,2.0434782608695654,0.34285714285714286,0.5248868778280543,-0.3115727002967359,0.5576923076923077,-0.2839506172839506,0.6170212765957447,-0.23684210526315788,0.6373626373626373,-0.2214765100671141,0.9747899159663865,-0.01276595744680851,0.8226950354609929,-0.09727626459143969,1.1372549019607843,0.06422018348623854,1.3975903614457832,0.1658291457286432,1.681159420289855,0.25405405405405407,0.46153846153846156,-0.3684210526315789,0.49038461538461536,-0.3419354838709677,0.5425531914893617,-0.296551724137931,0.5604395604395604,-0.28169014084507044,0.8571428571428571,-0.07692307692307693,0.723404255319149,-0.16049382716049382,0.8793103448275862,-0.06422018348623854,1.2289156626506024,0.10270270270270271,1.4782608695652173,0.19298245614035087,0.3755656108597285,-0.45394736842105265,0.39903846153846156,-0.42955326460481097,0.44148936170212766,-0.3874538745387454,0.45604395604395603,-0.37358490566037733,0.6974789915966386,-0.1782178217821782,0.5886524822695035,-0.25892857142857145,0.7155172413793104,-0.1658291457286432,0.8137254901960784,-0.10270270270270271,1.2028985507246377,0.09210526315789473,0.31221719457013575,-0.5241379310344828,0.3317307692307692,-0.5018050541516246,0.3670212765957447,-0.46303501945525294,0.3791208791208791,-0.450199203187251,0.5798319327731093,-0.26595744680851063,0.48936170212765956,-0.34285714285714286,0.5948275862068966,-0.25405405405405407,0.6764705882352942,-0.19298245614035087,0.8313253012048193,-0.09210526315789473
6.71,31,29,142,123,95,96,54,62,43,33,1.1544715447154472,0.07169811320754717,1.4947368421052631,0.19831223628691982,1.4791666666666667,0.19327731092436976,2.6296296296296298,0.4489795918367347,2.2903225806451615,0.39215686274509803,3.302325581395349,0.5351351351351351,4.303030303030303,0.6228571428571429,4.580645161290323,0.6416184971098265,4.896551724137931,0.6608187134502924,0.8661971830985915,-0.07169811320754717,1.2947368421052632,0.12844036697247707,1.28125,0.1232876712328767,2.2777777777777777,0.3898305084745763,1.9838709677419355,0.32972972972972975,2.86046511627907,0.4819277108433735,3.727272727272727,0.5769230769230769,3.967741935483871,0.5974025974025974,4.241379310344827,0.618421052631579,0.6690140845070423,-0.19831223628691982,0.7723577235772358,-0.12844036697247707,0.9895833333333334,-0.005235602094240838,1.7592592592592593,0.2751677852348993,1.532258064516129,0.21019108280254778,2.2093023255813953,0.37681159420289856,2.878787878787879,0.484375,3.064516129032258,0.5079365079365079,3.2758620689655173,0.532258064516129,0.676056338028169,-0.19327731092436976,0.7804878048780488,-0.1232876712328767,1.0105263157894737,0.005235602094240838,1.7777777777777777,0.28,1.5483870967741935,0.21518987341772153,2.2325581395348837,0.381294964028777,2.909090909090909,0.4883720930232558,3.096774193548387,0.5118110236220472,3.310344827586207,0.536,0.38028169014084506,-0.4489795918367347,0.43902439024390244,-0.3898305084745763,0.5684210526315789,-0.2751677852348993,0.5625,-0.28,0.8709677419354839,-0.06896551724137931,1.255813953488372,0.1134020618556701,1.6363636363636365,0.2413793103448276,1.7419354838709677,0.27058823529411763,1.8620689655172413,0.30120481927710846,0.43661971830985913,-0.39215686274509803,0.5040650406504065,-0.32972972972972975,0.6526315789473685,-0.21019108280254778,0.6458333333333334,-0.21518987341772153,1.1481481481481481,0.06896551724137931,1.441860465116279,0.18095238095238095,1.878787878787879,0.30526315789473685,2.0,0.3333333333333333,2.1379310344827585,0.3626373626373626,0.3028169014084507,-0.5351351351351351,0.34959349593495936,-0.4819277108433735,0.45263157894736844,-0.37681159420289856,0.4479166666666667,-0.381294964028777,0.7962962962962963,-0.1134020618556701,0.6935483870967742,-0.18095238095238095,1.303030303030303,0.13157894736842105,1.3870967741935485,0.16216216216216217,1.4827586206896552,0.19444444444444445,0.2323943661971831,-0.6228571428571429,0.2682926829268293,-0.5769230769230769,0.3473684210526316,-0.484375,0.34375,-0.4883720930232558,0.6111111111111112,-0.2413793103448276,0.532258064516129,-0.30526315789473685,0.7674418604651163,-0.13157894736842105,1.064516129032258,0.03125,1.1379310344827587,0.06451612903225806,0.21830985915492956,-0.6416184971098265,0.25203252032520324,-0.5974025974025974,0.3263157894736842,-0.5079365079365079,0.3229166666666667,-0.5118110236220472,0.5740740740740741,-0.27058823529411763,0.5,-0.3333333333333333,0.7209302325581395,-0.16216216216216217,0.9393939393939394,-0.03125,1.0689655172413792,0.03333333333333333,0.20422535211267606,-0.6608187134502924,0.23577235772357724,-0.618421052631579,0.30526315789473685,-0.532258064516129,0.3020833333333333,-0.536,0.5370370370370371,-0.30120481927710846,0.46774193548387094,-0.3626373626373626,0.6744186046511628,-0.19444444444444445,0.8787878787878788,-0.06451612903225806,0.9354838709677419,-0.03333333333333333
9.32,98,95,221,213,193,187,127,142,112,100,1.0375586854460095,0.018433179723502304,1.145077720207254,0.06763285024154589,1.1818181818181819,0.08333333333333333,1.7401574803149606,0.27011494252873564,1.556338028169014,0.21763085399449036,1.9732142857142858,0.32732732732732733,2.21,0.37694704049844235,2.2551020408163267,0.38557993730407525,2.3263157894736843,0.3987341772151899,0.9638009049773756,-0.018433179723502304,1.1036269430051813,0.04926108374384237,1.13903743315508,0.065,1.6771653543307086,0.2529411764705882,1.5,0.2,1.9017857142857142,0.31076923076923074,2.13,0.3610223642172524,2.173469387755102,0.36977491961414793,2.2421052631578946,0.38311688311688313,0.8733031674208145,-0.06763285024154589,0.9061032863849765,-0.04926108374384237,1.032085561497326,0.015789473684210527,1.5196850393700787,0.20625,1.3591549295774648,0.15223880597014924,1.7232142857142858,0.26557377049180325,1.93,0.3174061433447099,1.969387755102041,0.32646048109965636,2.031578947368421,0.3402777777777778,0.8461538461538461,-0.08333333333333333,0.8779342723004695,-0.065,0.9689119170984456,-0.015789473684210527,1.4724409448818898,0.1910828025477707,1.3169014084507042,0.13677811550151975,1.6696428571428572,0.2508361204013378,1.87,0.30313588850174217,1.9081632653061225,0.312280701754386,1.9684210526315788,0.3262411347517731,0.5746606334841629,-0.27011494252873564,0.596244131455399,-0.2529411764705882,0.6580310880829016,-0.20625,0.679144385026738,-0.1910828025477707,0.8943661971830986,-0.055762081784386616,1.1339285714285714,0.06276150627615062,1.27,0.11894273127753303,1.2959183673469388,0.1288888888888889,1.3368421052631578,0.14414414414414414,0.6425339366515838,-0.21763085399449036,0.6666666666666666,-0.2,0.7357512953367875,-0.15223880597014924,0.7593582887700535,-0.13677811550151975,1.1181102362204725,0.055762081784386616,1.2678571428571428,0.11811023622047244,1.42,0.17355371900826447,1.4489795918367347,0.18333333333333332,1.4947368421052631,0.19831223628691982,0.5067873303167421,-0.32732732732732733,0.5258215962441315,-0.31076923076923074,0.5803108808290155,-0.26557377049180325,0.5989304812834224,-0.2508361204013378,0.8818897637795275,-0.06276150627615062,0.7887323943661971,-0.11811023622047244,1.12,0.05660377358490566,1.1428571428571428,0.06666666666666667,1.1789473684210525,0.0821256038647343,0.45248868778280543,-0.37694704049844235,0.4694835680751174,-0.3610223642172524,0.5181347150259067,-0.3174061433447099,0.5347593582887701,-0.30313588850174217,0.7874015748031497,-0.11894273127753303,0.704225352112676,-0.17355371900826447,0.8928571428571429,-0.05660377358490566,1.0204081632653061,0.010101010101010102,1.0526315789473684,0.02564102564102564,0.4434389140271493,-0.38557993730407525,0.460093896713615,-0.36977491961414793,0.5077720207253886,-0.32646048109965636,0.5240641711229946,-0.312280701754386,0.7716535433070866,-0.1288888888888889,0.6901408450704225,-0.18333333333333332,0.875,-0.06666666666666667,0.98,-0.010101010101010102,1.0315789473684212,0.015544041450777202,0.4298642533936652,-0.3987341772151899,0.4460093896713615,-0.38311688311688313,0.49222797927461137,-0.3402777777777778,0.5080213903743316,-0.3262411347517731,0.7480314960629921,-0.14414414414414414,0.6690140845070423,-0.19831223628691982,0.8482142857142857,-0.0821256038647343,0.95,-0.02564102564102564,0.9693877551020408,-0.015544041450777202
7.87,98,95,221,213,193,187,127,142,112,100,1.0375586854460095,0.018433179723502304,1.145077720207254,0.06763285024154589,1.1818181818181819,0.08333333333333333,1.7401574803149606,0.27011494252873564,1.556338028169014,0.21763085399449036,1.9732142857142858,0.32732732732732733,2.21,0.37694704049844235,2.2551020408163267,0.38557993730407525,2.3263157894736843,0.3987341772151899,0.9638009049773756,-0.018433179723502304,1.1036269430051813,0.04926108374384237,1.13903743315508,0.065,1.6771653543307086,0.2529411764705882,1.5,0.2,1.9017857142857142,0.31076923076923074,2.13,0.3610223642172524,2.173469387755102,0.36977491961414793,2.2421052631578946,0.38311688311688313,0.8733031674208145,-0.06763285024154589,0.9061032863849765,-0.04926108374384237,1.032085561497326,0.015789473684210527,1.5196850393700787,0.20625,1.3591549295774648,0.15223880597014924,1.7232142857142858,0.26557377049180325,1.93,0.3174061433447099,1.969387755102041,0.32646048109965636,2.031578947368421,0.3402777777777778,0.8461538461538461,-0.08333333333333333,0.8779342723004695,-0.065,0.9689119170984456,-0.015789473684210527,1.4724409448818898,0.1910828025477707,1.3169014084507042,0.13677811550151975,1.6696428571428572,0.2508361204013378,1.87,0.30313588850174217,1.9081632653061225,0.312280701754386,1.9684210526315788,0.3262411347517731,0.5746606334841629,-0.27011494252873564,0.596244131455399,-0.2529411764705882,0.6580310880829016,-0.20625,0.679144385026738,-0.1910828025477707,0.8943661971830986,-0.055762081784386616,1.1339285714285714,0.06276150627615062,1.27,0.11894273127753303,1.2959183673469388,0.1288888888888889,1.3368421052631578,0.14414414414414414,0.6425339366515838,-0.21763085399449036,0.6666666666666666,-0.2,0.7357512953367875,-0.15223880597014924,0.7593582887700535,-0.13677811550151975,1.1181102362204725,0.055762081784386616,1.2678571428571428,0.11811023622047244,1.42,0.17355371900826447,1.4489795918367347,0.18333333333333332,1.4947368421052631,0.19831223628691982,0.5067873303167421,-0.32732732732732733,0.5258215962441315,-0.31076923076923074,0.5803108808290155,-0.26557377049180325,0.5989304812834224,-0.2508361204013378,0.8818897637795275,-0.06276150627615062,0.7887323943661971,-0.11811023622047244,1.12,0.05660377358490566,1.1428571428571428,0.06666666666666667,1.1789473684210525,0.0821256038647343,0.45248868778280543,-0.37694704049844235,0.4694835680751174,-0.3610223642172524,0.5181347150259067,-0.3174061433447099,0.5347593582887701,-0.30313588850174217,0.7874015748031497,-0.11894273127753303,0.704225352112676,-0.17355371900826447,0.8928571428571429,-0.05660377358490566,1.0204081632653061,0.010101010101010102,1.0526315789473684,0.02564102564102564,0.4434389140271493,-0.38557993730407525,0.460093896713615,-0.36977491961414793,0.5077720207253886,-0.32646048109965636,0.5240641711229946,-0.312280701754386,0.7716535433070866,-0.1288888888888889,0.6901408450704225,-0.18333333333333332,0.875,-0.06666666666666667,0.98,-0.010101010101010102,1.0315789473684212,0.015544041450777202,0.4298642533936652,-0.3987341772151899,0.4460093896713615,-0.38311688311688313,0.49222797927461137,-0.3402777777777778,0.5080213903743316,-0.3262411347517731,0.7480314960629921,-0.14414414414414414,0.6690140845070423,-0.19831223628691982,0.8482142857142857,-0.0821256038647343,0.95,-0.02564102564102564,0.9693877551020408,-0.015544041450777202
8.4,29,22,103,114,114,100,41,47,34,28,0.9035087719298246,-0.05069124423963134,0.9035087719298246,-0.05069124423963134,1.03,0.014778325123152709,2.5121951219512195,0.4305555555555556,2.1914893617021276,0.37333333333333335,3.0294117647058822,0.5036496350364964,3.6785714285714284,0.5725190839694656,3.5517241379310347,0.5606060606060606,4.681818181818182,0.648,1.1067961165048543,0.05069124423963134,1.0,0.0,1.14,0.06542056074766354,2.7804878048780486,0.47096774193548385,2.425531914893617,0.4161490683229814,3.3529411764705883,0.5405405405405406,4.071428571428571,0.6056338028169014,3.9310344827586206,0.5944055944055944,5.181818181818182,0.6764705882352942,1.1067961165048543,0.05069124423963134,1.0,0.0,1.14,0.06542056074766354,2.7804878048780486,0.47096774193548385,2.425531914893617,0.4161490683229814,3.3529411764705883,0.5405405405405406,4.071428571428571,0.6056338028169014,3.9310344827586206,0.5944055944055944,5.181818181818182,0.6764705882352942,0.970873786407767,-0.014778325123152709,0.8771929824561403,-0.06542056074766354,0.8771929824561403,-0.06542056074766354,2.4390243902439024,0.41843971631205673,2.127659574468085,0.36054421768707484,2.9411764705882355,0.4925373134328358,3.5714285714285716,0.5625,3.4482758620689653,0.5503875968992248,4.545454545454546,0.639344262295082,0.39805825242718446,-0.4305555555555556,0.35964912280701755,-0.47096774193548385,0.35964912280701755,-0.47096774193548385,0.41,-0.41843971631205673,0.8723404255319149,-0.06818181818181818,1.2058823529411764,0.09333333333333334,1.4642857142857142,0.18840579710144928,1.4137931034482758,0.17142857142857143,1.8636363636363635,0.30158730158730157,0.4563106796116505,-0.37333333333333335,0.41228070175438597,-0.4161490683229814,0.41228070175438597,-0.4161490683229814,0.47,-0.36054421768707484,1.146341463414634,0.06818181818181818,1.3823529411764706,0.16049382716049382,1.6785714285714286,0.25333333333333335,1.6206896551724137,0.23684210526315788,2.1363636363636362,0.36231884057971014,0.3300970873786408,-0.5036496350364964,0.2982456140350877,-0.5405405405405406,0.2982456140350877,-0.5405405405405406,0.34,-0.4925373134328358,0.8292682926829268,-0.09333333333333334,0.723404255319149,-0.16049382716049382,1.2142857142857142,0.0967741935483871,1.1724137931034482,0.07936507936507936,1.5454545454545454,0.21428571428571427,0.27184466019417475,-0.5725190839694656,0.24561403508771928,-0.6056338028169014,0.24561403508771928,-0.6056338028169014,0.28,-0.5625,0.6829268292682927,-0.18840579710144928,0.5957446808510638,-0.25333333333333335,0.8235294117647058,-0.0967741935483871,0.9655172413793104,-0.017543859649122806,1.2727272727272727,0.12,0.2815533980582524,-0.5606060606060606,0.2543859649122807,-0.5944055944055944,0.2543859649122807,-0.5944055944055944,0.29,-0.5503875968992248,0.7073170731707317,-0.17142857142857143,0.6170212765957447,-0.23684210526315788,0.8529411764705882,-0.07936507936507936,1.0357142857142858,0.017543859649122806,1.3181818181818181,0.13725490196078433,0.21359223300970873,-0.648,0.19298245614035087,-0.6764705882352942,0.19298245614035087,-0.6764705882352942,0.22,-0.639344262295082,0.5365853658536586,-0.30158730158730157,0.46808510638297873,-0.36231884057971014,0.6470588235294118,-0.21428571428571427,0.7857142857142857,-0.12,0.7586206896551724,-0.13725490196078433
7.06,29,22,103,114,114,100,41,47,34,28,0.9035087719298246,-0.05069124423963134,0.9035087719298246,-0.05069124423963134,1.03,0.014778325123152709,2.5121951219512195,0.4305555555555556,2.1914893617021276,0.37333333333333335,3.0294117647058822,0.5036496350364964,3.6785714285714284,0.5725190839694656,3.5517241379310347,0.5606060606060606,4.681818181818182,0.648,1.1067961165048543,0.05069124423963134,1.0,0.0,1.14,0.06542056074766354,2.7804878048780486,0.47096774193548385,2.425531914893617,0.4161490683229814,3.3529411764705883,0.5405405405405406,4.071428571428571,0.6056338028169014,3.9310344827586206,0.5944055944055944,5.181818181818182,0.6764705882352942,1.1067961165048543,0.05069124423963134,1.0,0.0,1.14,0.06542056074766354,2.7804878048780486,0.47096774193548385,2.425531914893617,0.4161490683229814,3.3529411764705883,0.5405405405405406,4.071428571428571,0.6056338028169014,3.9310344827586206,0.5944055944055944,5.181818181818182,0.6764705882352942,0.970873786407767,-0.014778325123152709,0.8771929824561403,-0.06542056074766354,0.8771929824561403,-0.06542056074766354,2.4390243902439024,0.41843971631205673,2.127659574468085,0.36054421768707484,2.9411764705882355,0.4925373134328358,3.5714285714285716,0.5625,3.4482758620689653,0.5503875968992248,4.545454545454546,0.639344262295082,0.39805825242718446,-0.4305555555555556,0.35964912280701755,-0.47096774193548385,0.35964912280701755,-0.47096774193548385,0.41,-0.41843971631205673,0.8723404255319149,-0.06818181818181818,1.2058823529411764,0.09333333333333334,1.4642857142857142,0.18840579710144928,1.4137931034482758,0.17142857142857143,1.8636363636363635,0.30158730158730157,0.4563106796116505,-0.37333333333333335,0.41228070175438597,-0.4161490683229814,0.41228070175438597,-0.4161490683229814,0.47,-0.36054421768707484,1.146341463414634,0.06818181818181818,1.3823529411764706,0.16049382716049382,1.6785714285714286,0.25333333333333335,1.6206896551724137,0.23684210526315788,2.1363636363636362,0.36231884057971014,0.3300970873786408,-0.5036496350364964,0.2982456140350877,-0.5405405405405406,0.2982456140350877,-0.5405405405405406,0.34,-0.4925373134328358,0.8292682926829268,-0.09333333333333334,0.723404255319149,-0.16049382716049382,1.2142857142857142,0.0967741935483871,1.1724137931034482,0.07936507936507936,1.5454545454545454,0.21428571428571427,0.27184466019417475,-0.5725190839694656,0.24561403508771928,-0.6056338028169014,0.24561403508771928,-0.6056338028169014,0.28,-0.5625,0.6829268292682927,-0.18840579710144928,0.5957446808510638,-0.25333333333333335,0.8235294117647058,-0.0967741935483871,0.9655172413793104,-0.017543859649122806,1.2727272727272727,0.12,0.2815533980582524,-0.5606060606060606,0.2543859649122807,-0.5944055944055944,0.2543859649122807,-0.5944055944055944,0.29,-0.5503875968992248,0.7073170731707317,-0.17142857142857143,0.6170212765957447,-0.23684210526315788,0.8529411764705882,-0.07936507936507936,1.0357142857142858,0.017543859649122806,1.3181818181818181,0.13725490196078433,0.21359223300970873,-0.648,0.19298245614035087,-0.6764705882352942,0.19298245614035087,-0.6764705882352942,0.22,-0.639344262295082,0.5365853658536586,-0.30158730158730157,0.46808510638297873,-0.36231884057971014,0.6470588235294118,-0.21428571428571427,0.7857142857142857,-0.12,0.7586206896551724,-0.13725490196078433
10.37,41,46,195,176,145,160,108,116,83,81,1.1079545454545454,0.05121293800539083,1.3448275862068966,0.14705882352941177,1.21875,0.09859154929577464,1.8055555555555556,0.2871287128712871,1.6810344827586208,0.2540192926045016,2.3493975903614457,0.4028776978417266,2.4074074074074074,0.41304347826086957,4.7560975609756095,0.652542372881356,4.239130434782608,0.6182572614107884,0.9025641025641026,-0.05121293800539083,1.2137931034482758,0.09657320872274143,1.1,0.047619047619047616,1.6296296296296295,0.23943661971830985,1.5172413793103448,0.2054794520547945,2.1204819277108435,0.3590733590733591,2.1728395061728394,0.36964980544747084,4.2926829268292686,0.6221198156682027,3.8260869565217392,0.5855855855855856,0.7435897435897436,-0.14705882352941177,0.8238636363636364,-0.09657320872274143,0.90625,-0.04918032786885246,1.3425925925925926,0.14624505928853754,1.25,0.1111111111111111,1.7469879518072289,0.2719298245614035,1.7901234567901234,0.2831858407079646,3.5365853658536586,0.5591397849462365,3.152173913043478,0.518324607329843,0.8205128205128205,-0.09859154929577464,0.9090909090909091,-0.047619047619047616,1.103448275862069,0.04918032786885246,1.4814814814814814,0.19402985074626866,1.3793103448275863,0.15942028985507245,1.927710843373494,0.3168724279835391,1.9753086419753085,0.3278008298755187,3.902439024390244,0.5920398009950248,3.4782608695652173,0.5533980582524272,0.5538461538461539,-0.2871287128712871,0.6136363636363636,-0.23943661971830985,0.7448275862068966,-0.14624505928853754,0.675,-0.19402985074626866,0.9310344827586207,-0.03571428571428571,1.3012048192771084,0.13089005235602094,1.3333333333333333,0.14285714285714285,2.6341463414634148,0.44966442953020136,2.347826086956522,0.4025974025974026,0.5948717948717949,-0.2540192926045016,0.6590909090909091,-0.2054794520547945,0.8,-0.1111111111111111,0.725,-0.15942028985507245,1.0740740740740742,0.03571428571428571,1.3975903614457832,0.1658291457286432,1.4320987654320987,0.17766497461928935,2.8292682926829267,0.47770700636942676,2.5217391304347827,0.43209876543209874,0.4256410256410256,-0.4028776978417266,0.4715909090909091,-0.3590733590733591,0.5724137931034483,-0.2719298245614035,0.51875,-0.3168724279835391,0.7685185185185185,-0.13089005235602094,0.7155172413793104,-0.1658291457286432,1.0246913580246915,0.012195121951219513,2.024390243902439,0.3387096774193548,1.8043478260869565,0.2868217054263566,0.4153846153846154,-0.41304347826086957,0.4602272727272727,-0.36964980544747084,0.5586206896551724,-0.2831858407079646,0.50625,-0.3278008298755187,0.75,-0.14285714285714285,0.6982758620689655,-0.17766497461928935,0.9759036144578314,-0.012195121951219513,1.975609756097561,0.32786885245901637,1.7608695652173914,0.2755905511811024,0.21025641025641026,-0.652542372881356,0.23295454545454544,-0.6221198156682027,0.2827586206896552,-0.5591397849462365,0.25625,-0.5920398009950248,0.37962962962962965,-0.44966442953020136,0.35344827586206895,-0.47770700636942676,0.4939759036144578,-0.3387096774193548,0.5061728395061729,-0.32786885245901637,0.8913043478260869,-0.05747126436781609,0.2358974358974359,-0.6182572614107884,0.26136363636363635,-0.5855855855855856,0.31724137931034485,-0.518324607329843,0.2875,-0.5533980582524272,0.42592592592592593,-0.4025974025974026,0.39655172413793105,-0.43209876543209874,0.5542168674698795,-0.2868217054263566,0.5679012345679012,-0.2755905511811024,1.1219512195121952,0.05747126436781609
9.06,41,46,195,176,145,160,108,116,83,81,1.1079545454545454,0.05121293800539083,1.3448275862068966,0.14705882352941177,1.21875,0.09859154929577464,1.8055555555555556,0.2871287128712871,1.6810344827586208,0.2540192926045016,2.3493975903614457,0.4028776978417266,2.4074074074074074,0.41304347826086957,4.7560975609756095,0.652542372881356,4.239130434782608,0.6182572614107884,0.9025641025641026,-0.05121293800539083,1.2137931034482758,0.09657320872274143,1.1,0.047619047619047616,1.6296296296296295,0.23943661971830985,1.5172413793103448,0.2054794520547945,2.1204819277108435,0.3590733590733591,2.1728395061728394,0.36964980544747084,4.2926829268292686,0.6221198156682027,3.8260869565217392,0.5855855855855856,0.7435897435897436,-0.14705882352941177,0.8238636363636364,-0.09657320872274143,0.90625,-0.04918032786885246,1.3425925925925926,0.14624505928853754,1.25,0.1111111111111111,1.7469879518072289,0.2719298245614035,1.7901234567901234,0.2831858407079646,3.5365853658536586,0.5591397849462365,3.152173913043478,0.518324607329843,0.8205128205128205,-0.09859154929577464,0.9090909090909091,-0.047619047619047616,1.103448275862069,0.04918032786885246,1.4814814814814814,0.19402985074626866,1.3793103448275863,0.15942028985507245,1.927710843373494,0.3168724279835391,1.9753086419753085,0.3278008298755187,3.902439024390244,0.5920398009950248,3.4782608695652173,0.5533980582524272,0.5538461538461539,-0.2871287128712871,0.6136363636363636,-0.23943661971830985,0.7448275862068966,-0.14624505928853754,0.675,-0.19402985074626866,0.9310344827586207,-0.03571428571428571,1.3012048192771084,0.13089005235602094,1.3333333333333333,0.14285714285714285,2.6341463414634148,0.44966442953020136,2.347826086956522,0.4025974025974026,0.5948717948717949,-0.2540192926045016,0.6590909090909091,-0.2054794520547945,0.8,-0.1111111111111111,0.725,-0.15942028985507245,1.0740740740740742,0.03571428571428571,1.3975903614457832,0.1658291457286432,1.4320987654320987,0.17766497461928935,2.8292682926829267,0.47770700636942676,2.5217391304347827,0.43209876543209874,0.4256410256410256,-0.4028776978417266,0.4715909090909091,-0.3590733590733591,0.5724137931034483,-0.2719298245614035,0.51875,-0.3168724279835391,0.7685185185185185,-0.13089005235602094,0.7155172413793104,-0.1658291457286432,1.0246913580246915,0.012195121951219513,2.024390243902439,0.3387096774193548,1.8043478260869565,0.2868217054263566,0.4153846153846154,-0.41304347826086957,0.4602272727272727,-0.36964980544747084,0.5586206896551724,-0.2831858407079646,0.50625,-0.3278008298755187,0.75,-0.14285714285714285,0.6982758620689655,-0.17766497461928935,0.9759036144578314,-0.012195121951219513,1.975609756097561,0.32786885245901637,1.7608695652173914,0.2755905511811024,0.21025641025641026,-0.652542372881356,0.23295454545454544,-0.6221198156682027,0.2827586206896552,-0.5591397849462365,0.25625,-0.5920398009950248,0.37962962962962965,-0.44966442953020136,0.35344827586206895,-0.47770700636942676,0.4939759036144578,-0.3387096774193548,0.5061728395061729,-0.32786885245901637,0.8913043478260869,-0.05747126436781609,0.2358974358974359,-0.6182572614107884,0.26136363636363635,-0.5855855855855856,0.31724137931034485,-0.518324607329843,0.2875,-0.5533980582524272,0.42592592592592593,-0.4025974025974026,0.39655172413793105,-0.43209876543209874,0.5542168674698795,-0.2868217054263566,0.5679012345679012,-0.2755905511811024,1.1219512195121952,0.05747126436781609
4.3,57,12,193,167,122,136,93,107,80,56,1.155688622754491,0.07222222222222222,1.5819672131147542,0.2253968253968254,1.4191176470588236,0.17325227963525835,2.075268817204301,0.34965034965034963,1.8037383177570094,0.2866666666666667,2.4125,0.4139194139194139,3.4464285714285716,0.5502008032128514,3.3859649122807016,0.544,16.083333333333332,0.8829268292682927,0.8652849740932642,-0.07222222222222222,1.3688524590163935,0.15570934256055363,1.2279411764705883,0.10231023102310231,1.7956989247311828,0.2846153846153846,1.560747663551402,0.21897810218978103,2.0875,0.3522267206477733,2.982142857142857,0.4977578475336323,2.9298245614035086,0.49107142857142855,13.916666666666666,0.8659217877094972,0.6321243523316062,-0.2253968253968254,0.7305389221556886,-0.15570934256055363,0.8970588235294118,-0.05426356589147287,1.3118279569892473,0.13488372093023257,1.1401869158878504,0.06550218340611354,1.525,0.2079207920792079,2.1785714285714284,0.3707865168539326,2.1403508771929824,0.36312849162011174,10.166666666666666,0.8208955223880597,0.7046632124352331,-0.17325227963525835,0.8143712574850299,-0.10231023102310231,1.1147540983606556,0.05426356589147287,1.4623655913978495,0.18777292576419213,1.2710280373831775,0.11934156378600823,1.7,0.25925925925925924,2.4285714285714284,0.4166666666666667,2.3859649122807016,0.40932642487046633,11.333333333333334,0.8378378378378378,0.48186528497409326,-0.34965034965034963,0.5568862275449101,-0.2846153846153846,0.7622950819672131,-0.13488372093023257,0.6838235294117647,-0.18777292576419213,0.8691588785046729,-0.07,1.1625,0.07514450867052024,1.6607142857142858,0.2483221476510067,1.631578947368421,0.24,7.75,0.7714285714285715,0.5544041450777202,-0.2866666666666667,0.6407185628742516,-0.21897810218978103,0.8770491803278688,-0.06550218340611354,0.7867647058823529,-0.11934156378600823,1.1505376344086022,0.07,1.3375,0.1443850267379679,1.9107142857142858,0.3128834355828221,1.8771929824561404,0.3048780487804878,8.916666666666666,0.7983193277310925,0.41450777202072536,-0.4139194139194139,0.47904191616766467,-0.3522267206477733,0.6557377049180327,-0.2079207920792079,0.5882352941176471,-0.25925925925925924,0.8602150537634409,-0.07514450867052024,0.7476635514018691,-0.1443850267379679,1.4285714285714286,0.17647058823529413,1.4035087719298245,0.1678832116788321,6.666666666666667,0.7391304347826086,0.29015544041450775,-0.5502008032128514,0.33532934131736525,-0.4977578475336323,0.45901639344262296,-0.3707865168539326,0.4117647058823529,-0.4166666666666667,0.6021505376344086,-0.2483221476510067,0.5233644859813084,-0.3128834355828221,0.7,-0.17647058823529413,0.9824561403508771,-0.008849557522123894,4.666666666666667,0.6470588235294118,0.29533678756476683,-0.544,0.3413173652694611,-0.49107142857142855,0.4672131147540984,-0.36312849162011174,0.41911764705882354,-0.40932642487046633,0.6129032258064516,-0.24,0.5327102803738317,-0.3048780487804878,0.7125,-0.1678832116788321,1.0178571428571428,0.008849557522123894,4.75,0.6521739130434783,0.06217616580310881,-0.8829268292682927,0.0718562874251497,-0.8659217877094972,0.09836065573770492,-0.8208955223880597,0.08823529411764706,-0.8378378378378378,0.12903225806451613,-0.7714285714285715,0.11214953271028037,-0.7983193277310925,0.15,-0.7391304347826086,0.21428571428571427,-0.6470588235294118,0.21052631578947367,-0.6521739130434783
5.17,57,12,193,167,122,136,93,107,80,56,1.155688622754491,0.07222222222222222,1.5819672131147542,0.2253968253968254,1.4191176470588236,0.17325227963525835,2.075268817204301,0.34965034965034963,1.8037383177570094,0.2866666666666667,2.4125,0.4139194139194139,3.4464285714285716,0.5502008032128514,3.3859649122807016,0.544,16.083333333333332,0.8829268292682927,0.8652849740932642,-0.07222222222222222,1.3688524590163935,0.15570934256055363,1.2279411764705883,0.10231023102310231,1.7956989247311828,0.2846153846153846,1.560747663551402,0.21897810218978103,2.0875,0.3522267206477733,2.982142857142857,0.4977578475336323,2.9298245614035086,0.49107142857142855,13.916666666666666,0.8659217877094972,0.6321243523316062,-0.2253968253968254,0.7305389221556886,-0.15570934256055363,0.8970588235294118,-0.05426356589147287,1.3118279569892473,0.13488372093023257,1.1401869158878504,0.06550218340611354,1.525,0.2079207920792079,2.1785714285714284,0.3707865168539326,2.1403508771929824,0.36312849162011174,10.166666666666666,0.8208955223880597,0.7046632124352331,-0.17325227963525835,0.8143712574850299,-0.10231023102310231,1.1147540983606556,0.05426356589147287,1.4623655913978495,0.18777292576419213,1.2710280373831775,0.11934156378600823,1.7,0.25925925925925924,2.4285714285714284,0.4166666666666667,2.3859649122807016,0.40932642487046633,11.333333333333334,0.8378378378378378,0.48186528497409326,-0.34965034965034963,0.5568862275449101,-0.2846153846153846,0.7622950819672131,-0.13488372093023257,0.6838235294117647,-0.18777292576419213,0.8691588785046729,-0.07,1.1625,0.07514450867052024,1.6607142857142858,0.2483221476510067,1.631578947368421,0.24,7.75,0.7714285714285715,0.5544041450777202,-0.2866666666666667,0.6407185628742516,-0.21897810218978103,0.8770491803278688,-0.06550218340611354,0.7867647058823529,-0.11934156378600823,1.1505376344086022,0.07,1.3375,0.1443850267379679,1.9107142857142858,0.3128834355828221,1.8771929824561404,0.3048780487804878,8.916666666666666,0.7983193277310925,0.41450777202072536,-0.4139194139194139,0.47904191616766467,-0.3522267206477733,0.6557377049180327,-0.2079207920792079,0.5882352941176471,-0.25925925925925924,0.8602150537634409,-0.07514450867052024,0.7476635514018691,-0.1443850267379679,1.4285714285714286,0.17647058823529413,1.4035087719298245,0.1678832116788321,6.666666666666667,0.7391304347826086,0.29015544041450775,-0.5502008032128514,0.33532934131736525,-0.4977578475336323,0.45901639344262296,-0.3707865168539326,0.4117647058823529,-0.4166666666666667,0.6021505376344086,-0.2483221476510067,0.5233644859813084,-0.3128834355828221,0.7,-0.17647058823529413,0.9824561403508771,-0.008849557522123894,4.666666666666667,0.6470588235294118,0.29533678756476683,-0.544,0.3413173652694611,-0.49107142857142855,0.4672131147540984,-0.36312849162011174,0.41911764705882354,-0.40932642487046633,0.6129032258064516,-0.24,0.5327102803738317,-0.3048780487804878,0.7125,-0.1678832116788321,1.0178571428571428,0.008849557522123894,4.75,0.6521739130434783,0.06217616580310881,-0.8829268292682927,0.0718562874251497,-0.8659217877094972,0.09836065573770492,-0.8208955223880597,0.08823529411764706,-0.8378378378378378,0.12903225806451613,-0.7714285714285715,0.11214953271028037,-0.7983193277310925,0.15,-0.7391304347826086,0.21428571428571427,-0.6470588235294118,0.21052631578947367,-0.6521739130434783
3.47,702,636,681,755,781,744,697,721,631,727,0.9019867549668874,-0.05153203342618384,0.8719590268886044,-0.06839945280437756,0.9153225806451613,-0.04421052631578947,0.9770444763271162,-0.011611030478955007,0.9445214979195562,-0.028530670470756064,1.0792393026941363,0.038109756097560975,0.936726272352132,-0.032670454545454544,0.9700854700854701,-0.015184381778741865,1.070754716981132,0.03416856492027335,1.1086637298091042,0.05153203342618384,0.9667093469910372,-0.016927083333333332,1.0147849462365592,0.00733822548365577,1.0832137733142038,0.03994490358126722,1.0471567267683772,0.023035230352303523,1.196513470681458,0.08946608946608947,1.0385144429160935,0.018893387314439947,1.0754985754985755,0.0363761153054221,1.1871069182389937,0.08554996405463695,1.1468428781204112,0.06839945280437756,1.0344370860927152,0.016927083333333332,1.049731182795699,0.024262295081967214,1.12051649928264,0.056833558863328824,1.0832177531206657,0.03994673768308921,1.2377179080824088,0.10623229461756374,1.0742778541953233,0.03580901856763926,1.1125356125356125,0.053270397842211735,1.2279874213836477,0.10232886379675371,1.092511013215859,0.04421052631578947,0.9854304635761589,-0.00733822548365577,0.9526248399487837,-0.024262295081967214,1.067431850789096,0.03261623872310895,1.0319001386962552,0.015699658703071672,1.179080824088748,0.08218181818181818,1.0233837689133425,0.011556764106050306,1.0598290598290598,0.029045643153526972,1.169811320754717,0.0782608695652174,1.0234948604992657,0.011611030478955007,0.9231788079470199,-0.03994490358126722,0.8924455825864277,-0.056833558863328824,0.9368279569892473,-0.03261623872310895,0.9667128987517337,-0.01692524682651622,1.1045958795562598,0.04969879518072289,0.9587345254470426,-0.021067415730337078,0.9928774928774928,-0.0035739814152966403,1.0959119496855345,0.04576144036009002,1.0587371512481645,0.028530670470756064,0.9549668874172186,-0.023035230352303523,0.9231754161331626,-0.03994673768308921,0.9690860215053764,-0.015699658703071672,1.0344332855093257,0.01692524682651622,1.1426307448494453,0.06656804733727811,0.9917469050894085,-0.004143646408839779,1.0270655270655271,0.013352073085031623,1.1336477987421383,0.06263817243920412,0.9265785609397944,-0.038109756097560975,0.8357615894039735,-0.08946608946608947,0.8079385403329066,-0.10623229461756374,0.8481182795698925,-0.08218181818181818,0.9053084648493543,-0.04969879518072289,0.8751733703190014,-0.06656804733727811,0.8679504814305364,-0.07069219440353461,0.8988603988603988,-0.05326331582895724,0.9921383647798742,-0.003946329913180742,1.0675477239353892,0.032670454545454544,0.9629139072847682,-0.018893387314439947,0.9308578745198464,-0.03580901856763926,0.9771505376344086,-0.011556764106050306,1.043041606886657,0.021067415730337078,1.0083217753120666,0.004143646408839779,1.1521394611727416,0.07069219440353461,1.0356125356125356,0.01749475157452764,1.1430817610062893,0.06676449009537784,1.0308370044052864,0.015184381778741865,0.9298013245033112,-0.0363761153054221,0.8988476312419974,-0.053270397842211735,0.9435483870967742,-0.029045643153526972,1.007173601147776,0.0035739814152966403,0.9736477115117892,-0.013352073085031623,1.1125198098256734,0.05326331582895724,0.9656121045392022,-0.01749475157452764,1.1037735849056605,0.04932735426008968,0.933920704845815,-0.03416856492027335,0.8423841059602649,-0.08554996405463695,0.8143405889884763,-0.10232886379675371,0.8548387096774194,-0.0782608695652174,0.9124820659971306,-0.04576144036009002,0.8821081830790569,-0.06263817243920412,1.0079239302694136,0.003946329913180742,0.874828060522696,-0.06676449009537784,0.905982905982906,-0.04932735426008968
5.01,702,636,681,755,781,744,697,721,631,727,0.9019867549668874,-0.05153203342618384,0.8719590268886044,-0.06839945280437756,0.9153225806451613,-0.04421052631578947,0.9770444763271162,-0.011611030478955007,0.9445214979195562,-0.028530670470756064,1.0792393026941363,0.038109756097560975,0.936726272352132,-0.032670454545454544,0.9700854700854701,-0.015184381778741865,1.070754716981132,0.03416856492027335,1.1086637298091042,0.05153203342618384,0.9667093469910372,-0.016927083333333332,1.0147849462365592,0.00733822548365577,1.0832137733142038,0.03994490358126722,1.0471567267683772,0.023035230352303523,1.196513470681458,0.08946608946608947,1.0385144429160935,0.018893387314439947,1.0754985754985755,0.0363761153054221,1.1871069182389937,0.08554996405463695,1.1468428781204112,0.06839945280437756,1.0344370860927152,0.016927083333333332,1.049731182795699,0.024262295081967214,1.12051649928264,0.056833558863328824,1.0832177531206657,0.03994673768308921,1.2377179080824088,0.10623229461756374,1.0742778541953233,0.03580901856763926,1.1125356125356125,0.053270397842211735,1.2279874213836477,0.10232886379675371,1.092511013215859,0.04421052631578947,0.9854304635761589,-0.00733822548365577,0.9526248399487837,-0.024262295081967214,1.067431850789096,0.03261623872310895,1.0319001386962552,0.015699658703071672,1.179080824088748,0.08218181818181818,1.0233837689133425,0.011556764106050306,1.0598290598290598,0.029045643153526972,1.169811320754717,0.0782608695652174,1.0234948604992657,0.011611030478955007,0.9231788079470199,-0.03994490358126722,0.8924455825864277,-0.056833558863328824,0.9368279569892473,-0.03261623872310895,0.9667128987517337,-0.01692524682651622,1.1045958795562598,0.04969879518072289,0.9587345254470426,-0.021067415730337078,0.9928774928774928,-0.0035739814152966403,1.0959119496855345,0.04576144036009002,1.0587371512481645,0.028530670470756064,0.9549668874172186,-0.023035230352303523,0.9231754161331626,-0.03994673768308921,0.9690860215053764,-0.015699658703071672,1.0344332855093257,0.01692524682651622,1.1426307448494453,0.06656804733727811,0.9917469050894085,-0.004143646408839779,1.0270655270655271,0.013352073085031623,1.1336477987421383,0.06263817243920412,0.9265785609397944,-0.038109756097560975,0.8357615894039735,-0.08946608946608947,0.8079385403329066,-0.10623229461756374,0.8481182795698925,-0.08218181818181818,0.9053084648493543,-0.04969879518072289,0.8751733703190014,-0.06656804733727811,0.8679504814305364,-0.07069219440353461,0.8988603988603988,-0.05326331582895724,0.9921383647798742,-0.003946329913180742,1.0675477239353892,0.032670454545454544,0.9629139072847682,-0.018893387314439947,0.9308578745198464,-0.03580901856763926,0.9771505376344086,-0.011556764106050306,1.043041606886657,0.021067415730337078,1.0083217753120666,0.004143646408839779,1.1521394611727416,0.07069219440353461,1.0356125356125356,0.01749475157452764,1.1430817610062893,0.06676449009537784,1.0308370044052864,0.015184381778741865,0.9298013245033112,-0.0363761153054221,0.8988476312419974,-0.053270397842211735,0.9435483870967742,-0.029045643153526972,1.007173601147776,0.0035739814152966403,0.9736477115117892,-0.013352073085031623,1.1125198098256734,0.05326331582895724,0.9656121045392022,-0.01749475157452764,1.1037735849056605,0.04932735426008968,0.933920704845815,-0.03416856492027335,0.8423841059602649,-0.08554996405463695,0.8143405889884763,-0.10232886379675371,0.8548387096774194,-0.0782608695652174,0.9124820659971306,-0.04576144036009002,0.8821081830790569,-0.06263817243920412,1.0079239302694136,0.003946329913180742,0.874828060522696,-0.06676449009537784,0.905982905982906,-0.04932735426008968
6.33,1006,914,1015,1034,1072,1131,1080,1079,1006,1046,0.9816247582205029,-0.009272816007808687,0.9468283582089553,-0.02731193100143747,0.8974358974358975,-0.05405405405405406,0.9398148148148148,-0.031026252983293555,0.9406858202038925,-0.030563514804202482,1.0089463220675945,0.004453240969816922,0.9703632887189293,-0.015041242115477924,1.0089463220675945,0.004453240969816922,1.1105032822757113,0.052358735095904614,1.01871921182266,0.009272816007808687,0.9645522388059702,-0.018043684710351376,0.9142351900972591,-0.04480369515011547,0.9574074074074074,-0.021759697256385997,0.9582947173308619,-0.02129673450070989,1.0278330019880715,0.013725490196078431,0.988527724665392,-0.0057692307692307696,1.0278330019880715,0.013725490196078431,1.1312910284463895,0.061601642710472276,1.0561576354679802,0.02731193100143747,1.0367504835589942,0.018043684710351376,0.9478337754199824,-0.026781661370857923,0.9925925925925926,-0.0037174721189591076,0.9935125115848007,-0.0032543003254300326,1.065606361829026,0.03176130895091434,1.0248565965583174,0.012275731822474031,1.065606361829026,0.03176130895091434,1.1728665207877462,0.07955689828801611,1.1142857142857143,0.05405405405405406,1.0938104448742747,0.04480369515011547,1.055037313432836,0.026781661370857923,1.0472222222222223,0.023066485753052916,1.0481927710843373,0.023529411764705882,1.1242544731610338,0.0584932147870847,1.0812619502868068,0.03904455672944419,1.1242544731610338,0.0584932147870847,1.237417943107221,0.10611246943765282,1.064039408866995,0.031026252983293555,1.0444874274661509,0.021759697256385997,1.007462686567164,0.0037174721189591076,0.9549071618037135,-0.023066485753052916,1.0009267840593141,0.0004631773969430292,1.073558648111332,0.03547459252157239,1.0325047801147227,0.01599247412982126,1.073558648111332,0.03547459252157239,1.1816192560175054,0.08324974924774323,1.0630541871921182,0.030563514804202482,1.0435203094777563,0.02129673450070989,1.0065298507462686,0.0032543003254300326,0.9540229885057471,-0.023529411764705882,0.9990740740740741,-0.0004631773969430292,1.0725646123260437,0.03501199040767386,1.031548757170172,0.015529411764705882,1.0725646123260437,0.03501199040767386,1.1805251641137855,0.08278976417461113,0.9911330049261083,-0.004453240969816922,0.9729206963249516,-0.013725490196078431,0.9384328358208955,-0.03176130895091434,0.8894783377541998,-0.0584932147870847,0.9314814814814815,-0.03547459252157239,0.9323447636700649,-0.03501199040767386,0.9617590822179732,-0.01949317738791423,1.0,0.0,1.100656455142232,0.04791666666666667,1.0305418719211823,0.015041242115477924,1.011605415860735,0.0057692307692307696,0.9757462686567164,-0.012275731822474031,0.9248452696728559,-0.03904455672944419,0.9685185185185186,-0.01599247412982126,0.969416126042632,-0.015529411764705882,1.0397614314115309,0.01949317738791423,1.0397614314115309,0.01949317738791423,1.1444201312910285,0.0673469387755102,0.9911330049261083,-0.004453240969816922,0.9729206963249516,-0.013725490196078431,0.9384328358208955,-0.03176130895091434,0.8894783377541998,-0.0584932147870847,0.9314814814814815,-0.03547459252157239,0.9323447636700649,-0.03501199040767386,1.0,0.0,0.9617590822179732,-0.01949317738791423,1.100656455142232,0.04791666666666667,0.9004926108374385,-0.052358735095904614,0.8839458413926499,-0.061601642710472276,0.8526119402985075,-0.07955689828801611,0.8081343943412909,-0.10611246943765282,0.8462962962962963,-0.08324974924774323,0.8470806302131604,-0.08278976417461113,0.9085487077534792,-0.04791666666666667,0.8738049713193117,-0.0673469387755102,0.9085487077534792,-0.04791666666666667
4.4,1006,914,1015,1034,1072,1131,1080,1079,1006,1046,0.9816247582205029,-0.009272816007808687,0.9468283582089553,-0.02731193100143747,0.8974358974358975,-0.05405405405405406,0.9398148148148148,-0.031026252983293555,0.9406858202038925,-0.030563514804202482,1.0089463220675945,0.004453240969816922,0.9703632887189293,-0.015041242115477924,1.0089463220675945,0.004453240969816922,1.1105032822757113,0.052358735095904614,1.01871921182266,0.009272816007808687,0.9645522388059702,-0.018043684710351376,0.9142351900972591,-0.04480369515011547,0.9574074074074074,-0.021759697256385997,0.9582947173308619,-0.02129673450070989,1.0278330019880715,0.013725490196078431,0.988527724665392,-0.0057692307692307696,1.0278330019880715,0.013725490196078431,1.1312910284463895,0.061601642710472276,1.0561576354679802,0.02731193100143747,1.0367504835589942,0.018043684710351376,0.9478337754199824,-0.026781661370857923,0.9925925925925926,-0.0037174721189591076,0.9935125115848007,-0.0032543003254300326,1.065606361829026,0.03176130895091434,1.0248565965583174,0.012275731822474031,1.065606361829026,0.03176130895091434,1.1728665207877462,0.07955689828801611,1.1142857142857143,0.05405405405405406,1.0938104448742747,0.04480369515011547,1.055037313432836,0.026781661370857923,1.0472222222222223,0.023066485753052916,1.0481927710843373,0.023529411764705882,1.1242544731610338,0.0584932147870847,1.0812619502868068,0.03904455672944419,1.1242544731610338,0.0584932147870847,1.237417943107221,0.10611246943765282,1.064039408866995,0.031026252983293555,1.0444874274661509,0.021759697256385997,1.007462686567164,0.0037174721189591076,0.9549071618037135,-0.023066485753052916,1.0009267840593141,0.0004631773969430292,1.073558648111332,0.03547459252157239,1.0325047801147227,0.01599247412982126,1.073558648111332,0.03547459252157239,1.1816192560175054,0.08324974924774323,1.0630541871921182,0.030563514804202482,1.0435203094777563,0.02129673450070989,1.0065298507462686,0.0032543003254300326,0.9540229885057471,-0.023529411764705882,0.9990740740740741,-0.0004631773969430292,1.0725646123260437,0.03501199040767386,1.031548757170172,0.015529411764705882,1.0725646123260437,0.03501199040767386,1.1805251641137855,0.08278976417461113,0.9911330049261083,-0.004453240969816922,0.9729206963249516,-0.013725490196078431,0.9384328358208955,-0.03176130895091434,0.8894783377541998,-0.0584932147870847,0.9314814814814815,-0.03547459252157239,0.9323447636700649,-0.03501199040767386,0.9617590822179732,-0.01949317738791423,1.0,0.0,1.100656455142232,0.04791666666666667,1.0305418719211823,0.015041242115477924,1.011605415860735,0.0057692307692307696,0.9757462686567164,-0.012275731822474031,0.9248452696728559,-0.03904455672944419,0.9685185185185186,-0.01599247412982126,0.969416126042632,-0.015529411764705882,1.0397614314115309,0.01949317738791423,1.0397614314115309,0.01949317738791423,1.1444201312910285,0.0673469387755102,0.9911330049261083,-0.004453240969816922,0.9729206963249516,-0.013725490196078431,0.9384328358208955,-0.03176130895091434,0.8894783377541998,-0.0584932147870847,0.9314814814814815,-0.03547459252157239,0.9323447636700649,-0.03501199040767386,1.0,0.0,0.9617590822179732,-0.01949317738791423,1.100656455142232,0.04791666666666667,0.9004926108374385,-0.052358735095904614,0.8839458413926499,-0.061601642710472276,0.8526119402985075,-0.07955689828801611,0.8081343943412909,-0.10611246943765282,0.8462962962962963,-0.08324974924774323,0.8470806302131604,-0.08278976417461113,0.9085487077534792,-0.04791666666666667,0.8738049713193117,-0.0673469387755102,0.9085487077534792,-0.04791666666666667
2.64,1234,1085,1150,1226,1234,1351,1282,1282,1226,1284,0.9380097879282219,-0.03198653198653199,0.9319286871961102,-0.03523489932885906,0.851221317542561,-0.08036785285885646,0.8970358814352574,-0.054276315789473686,0.8970358814352574,-0.054276315789473686,0.9380097879282219,-0.03198653198653199,0.8956386292834891,-0.05505341002465078,0.9319286871961102,-0.03523489932885906,1.0599078341013826,0.029082774049217,1.0660869565217392,0.03198653198653199,0.993517017828201,-0.0032520325203252032,0.9074759437453738,-0.04850601474582848,0.9563182527301092,-0.022328548644338118,0.9563182527301092,-0.022328548644338118,1.0,0.0,0.9548286604361371,-0.023107569721115537,0.993517017828201,-0.0032520325203252032,1.1299539170506911,0.06101254868022501,1.0730434782608695,0.03523489932885906,1.0065252854812399,0.0032520325203252032,0.9133974833456698,-0.04526112185686654,0.9625585023400937,-0.019077901430842606,0.9625585023400937,-0.019077901430842606,1.0065252854812399,0.0032520325203252032,0.9610591900311527,-0.019857029388403495,1.0,0.0,1.1373271889400922,0.06425183268650281,1.174782608695652,0.08036785285885646,1.101957585644372,0.04850601474582848,1.0948136142625609,0.04526112185686654,1.0538221528861154,0.026205848841625523,1.0538221528861154,0.026205848841625523,1.101957585644372,0.04850601474582848,1.0521806853582554,0.025426944971537004,1.0948136142625609,0.04526112185686654,1.2451612903225806,0.10919540229885058,1.1147826086956523,0.054276315789473686,1.0456769983686787,0.022328548644338118,1.0388978930307942,0.019077901430842606,0.9489267209474463,-0.026205848841625523,1.0,0.0,1.0456769983686787,0.022328548644338118,0.9984423676012462,-0.000779423226812159,1.0388978930307942,0.019077901430842606,1.1815668202764977,0.08322771440642163,1.1147826086956523,0.054276315789473686,1.0456769983686787,0.022328548644338118,1.0388978930307942,0.019077901430842606,0.9489267209474463,-0.026205848841625523,1.0,0.0,1.0456769983686787,0.022328548644338118,0.9984423676012462,-0.000779423226812159,1.0388978930307942,0.019077901430842606,1.1815668202764977,0.08322771440642163,1.0660869565217392,0.03198653198653199,1.0,0.0,0.993517017828201,-0.0032520325203252032,0.9074759437453738,-0.04850601474582848,0.9563182527301092,-0.022328548644338118,0.9563182527301092,-0.022328548644338118,0.9548286604361371,-0.023107569721115537,0.993517017828201,-0.0032520325203252032,1.1299539170506911,0.06101254868022501,1.1165217391304347,0.05505341002465078,1.0473083197389885,0.023107569721115537,1.040518638573744,0.019857029388403495,0.9504071058475203,-0.025426944971537004,1.001560062402496,0.000779423226812159,1.001560062402496,0.000779423226812159,1.0473083197389885,0.023107569721115537,1.040518638573744,0.019857029388403495,1.183410138248848,0.08400168847615028,1.0730434782608695,0.03523489932885906,1.0065252854812399,0.0032520325203252032,1.0,0.0,0.9133974833456698,-0.04526112185686654,0.9625585023400937,-0.019077901430842606,0.9625585023400937,-0.019077901430842606,1.0065252854812399,0.0032520325203252032,0.9610591900311527,-0.019857029388403495,1.1373271889400922,0.06425183268650281,0.9434782608695652,-0.029082774049217,0.8849918433931484,-0.06101254868022501,0.8792544570502431,-0.06425183268650281,0.8031088082901554,-0.10919540229885058,0.8463338533541341,-0.08322771440642163,0.8463338533541341,-0.08322771440642163,0.8849918433931484,-0.06101254868022501,0.8450155763239875,-0.08400168847615028,0.8792544570502431,-0.06425183268650281
4.29,1234,1085,1150,1226,1234,1351,1282,1282,1226,1284,0.9380097879282219,-0.03198653198653199,0.9319286871961102,-0.03523489932885906,0.851221317542561,-0.08036785285885646,0.8970358814352574,-0.054276315789473686,0.8970358814352574,-0.054276315789473686,0.9380097879282219,-0.03198653198653199,0.8956386292834891,-0.05505341002465078,0.9319286871961102,-0.03523489932885906,1.0599078341013826,0.029082774049217,1.0660869565217392,0.03198653198653199,0.993517017828201,-0.0032520325203252032,0.9074759437453738,-0.04850601474582848,0.9563182527301092,-0.022328548644338118,0.9563182527301092,-0.022328548644338118,1.0,0.0,0.9548286604361371,-0.023107569721115537,0.993517017828201,-0.0032520325203252032,1.1299539170506911,0.06101254868022501,1.0730434782608695,0.03523489932885906,1.0065252854812399,0.0032520325203252032,0.9133974833456698,-0.04526112185686654,0.9625585023400937,-0.019077901430842606,0.9625585023400937,-0.019077901430842606,1.0065252854812399,0.0032520325203252032,0.9610591900311527,-0.019857029388403495,1.0,0.0,1.1373271889400922,0.06425183268650281,1.174782608695652,0.08036785285885646,1.101957585644372,0.04850601474582848,1.0948136142625609,0.04526112185686654,1.0538221528861154,0.026205848841625523,1.0538221528861154,0.026205848841625523,1.101957585644372,0.04850601474582848,1.0521806853582554,0.025426944971537004,1.0948136142625609,0.04526112185686654,1.2451612903225806,0.10919540229885058,1.1147826086956523,0.054276315789473686,1.0456769983686787,0.022328548644338118,1.0388978930307942,0.019077901430842606,0.9489267209474463,-0.026205848841625523,1.0,0.0,1.0456769983686787,0.022328548644338118,0.9984423676012462,-0.000779423226812159,1.0388978930307942,0.019077901430842606,1.1815668202764977,0.08322771440642163,1.1147826086956523,0.054276315789473686,1.0456769983686787,0.022328548644338118,1.0388978930307942,0.019077901430842606,0.9489267209474463,-0.026205848841625523,1.0,0.0,1.0456769983686787,0.022328548644338118,0.9984423676012462,-0.000779423226812159,1.0388978930307942,0.019077901430842606,1.1815668202764977,0.08322771440642163,1.0660869565217392,0.03198653198653199,1.0,0.0,0.993517017828201,-0.0032520325203252032,0.9074759437453738,-0.04850601474582848,0.9563182527301092,-0.022328548644338118,0.9563182527301092,-0.022328548644338118,0.9548286604361371,-0.023107569721115537,0.993517017828201,-0.0032520325203252032,1.1299539170506911,0.06101254868022501,1.1165217391304347,0.05505341002465078,1.0473083197389885,0.023107569721115537,1.040518638573744,0.019857029388403495,0.9504071058475203,-0.025426944971537004,1.001560062402496,0.000779423226812159,1.001560062402496,0.000779423226812159,1.0473083197389885,0.023107569721115537,1.040518638573744,0.019857029388403495,1.183410138248848,0.08400168847615028,1.0730434782608695,0.03523489932885906,1.0065252854812399,0.0032520325203252032,1.0,0.0,0.9133974833456698,-0.04526112185686654,0.9625585023400937,-0.019077901430842606,0.9625585023400937,-0.019077901430842606,1.0065252854812399,0.0032520325203252032,0.9610591900311527,-0.019857029388403495,1.1373271889400922,0.06425183268650281,0.9434782608695652,-0.029082774049217,0.8849918433931484,-0.06101254868022501,0.8792544570502431,-0.06425183268650281,0.8031088082901554,-0.10919540229885058,0.8463338533541341,-0.08322771440642163,0.8463338533541341,-0.08322771440642163,0.8849918433931484,-0.06101254868022501,0.8450155763239875,-0.08400168847615028,0.8792544570502431,-0.06425183268650281
13.22,73,56,163,151,130,138,136,133,104,103,1.0794701986754967,0.03821656050955414,1.2538461538461538,0.11262798634812286,1.181159420289855,0.08305647840531562,1.1985294117647058,0.0903010033444816,1.2255639097744362,0.10135135135135136,1.5673076923076923,0.2209737827715356,1.5825242718446602,0.22556390977443608,2.232876712328767,0.3813559322033898,2.9107142857142856,0.4885844748858447,0.9263803680981595,-0.03821656050955414,1.1615384615384616,0.07473309608540925,1.0942028985507246,0.04498269896193772,1.1102941176470589,0.05226480836236934,1.1353383458646618,0.06338028169014084,1.4519230769230769,0.1843137254901961,1.4660194174757282,0.1889763779527559,2.0684931506849313,0.3482142857142857,2.6964285714285716,0.45893719806763283,0.7975460122699386,-0.11262798634812286,0.8609271523178808,-0.07473309608540925,0.9420289855072463,-0.029850746268656716,0.9558823529411765,-0.022556390977443608,0.9774436090225563,-0.011406844106463879,1.25,0.1111111111111111,1.2621359223300972,0.11587982832618025,1.7808219178082192,0.28078817733990147,2.3214285714285716,0.3978494623655914,0.8466257668711656,-0.08305647840531562,0.9139072847682119,-0.04498269896193772,1.0615384615384615,0.029850746268656716,1.0147058823529411,0.0072992700729927005,1.037593984962406,0.01845018450184502,1.3269230769230769,0.14049586776859505,1.3398058252427185,0.14522821576763487,1.8904109589041096,0.3080568720379147,2.4642857142857144,0.422680412371134,0.8343558282208589,-0.0903010033444816,0.9006622516556292,-0.05226480836236934,1.0461538461538462,0.022556390977443608,0.9855072463768116,-0.0072992700729927005,1.0225563909774436,0.011152416356877323,1.3076923076923077,0.13333333333333333,1.3203883495145632,0.13807531380753138,1.8630136986301369,0.3014354066985646,2.4285714285714284,0.4166666666666667,0.8159509202453987,-0.10135135135135136,0.8807947019867549,-0.06338028169014084,1.023076923076923,0.011406844106463879,0.9637681159420289,-0.01845018450184502,0.9779411764705882,-0.011152416356877323,1.2788461538461537,0.12236286919831224,1.2912621359223302,0.1271186440677966,1.821917808219178,0.2912621359223301,2.375,0.4074074074074074,0.6380368098159509,-0.2209737827715356,0.6887417218543046,-0.1843137254901961,0.8,-0.1111111111111111,0.7536231884057971,-0.14049586776859505,0.7647058823529411,-0.13333333333333333,0.7819548872180451,-0.12236286919831224,1.0097087378640777,0.004830917874396135,1.4246575342465753,0.1751412429378531,1.8571428571428572,0.3,0.6319018404907976,-0.22556390977443608,0.6821192052980133,-0.1889763779527559,0.7923076923076923,-0.11587982832618025,0.7463768115942029,-0.14522821576763487,0.7573529411764706,-0.13807531380753138,0.7744360902255639,-0.1271186440677966,0.9903846153846154,-0.004830917874396135,1.4109589041095891,0.17045454545454544,1.8392857142857142,0.29559748427672955,0.44785276073619634,-0.3813559322033898,0.48344370860927155,-0.3482142857142857,0.5615384615384615,-0.28078817733990147,0.5289855072463768,-0.3080568720379147,0.5367647058823529,-0.3014354066985646,0.5488721804511278,-0.2912621359223301,0.7019230769230769,-0.1751412429378531,0.7087378640776699,-0.17045454545454544,1.3035714285714286,0.13178294573643412,0.34355828220858897,-0.4885844748858447,0.3708609271523179,-0.45893719806763283,0.4307692307692308,-0.3978494623655914,0.4057971014492754,-0.422680412371134,0.4117647058823529,-0.4166666666666667,0.42105263157894735,-0.4074074074074074,0.5384615384615384,-0.3,0.5436893203883495,-0.29559748427672955,0.7671232876712328,-0.13178294573643412
17.93,73,56,163,151,130,138,136,133,104,103,1.0794701986754967,0.03821656050955414,1.2538461538461538,0.11262798634812286,1.181159420289855,0.08305647840531562,1.1985294117647058,0.0903010033444816,1.2255639097744362,0.10135135135135136,1.5673076923076923,0.2209737827715356,1.5825242718446602,0.22556390977443608,2.232876712328767,0.3813559322033898,2.9107142857142856,0.4885844748858447,0.9263803680981595,-0.03821656050955414,1.1615384615384616,0.07473309608540925,1.0942028985507246,0.04498269896193772,1.1102941176470589,0.05226480836236934,1.1353383458646618,0.06338028169014084,1.4519230769230769,0.1843137254901961,1.4660194174757282,0.1889763779527559,2.0684931506849313,0.3482142857142857,2.6964285714285716,0.45893719806763283,0.7975460122699386,-0.11262798634812286,0.8609271523178808,-0.07473309608540925,0.9420289855072463,-0.029850746268656716,0.9558823529411765,-0.022556390977443608,0.9774436090225563,-0.011406844106463879,1.25,0.1111111111111111,1.2621359223300972,0.11587982832618025,1.7808219178082192,0.28078817733990147,2.3214285714285716,0.3978494623655914,0.8466257668711656,-0.08305647840531562,0.9139072847682119,-0.04498269896193772,1.0615384615384615,0.029850746268656716,1.0147058823529411,0.0072992700729927005,1.037593984962406,0.01845018450184502,1.3269230769230769,0.14049586776859505,1.3398058252427185,0.14522821576763487,1.8904109589041096,0.3080568720379147,2.4642857142857144,0.422680412371134,0.8343558282208589,-0.0903010033444816,0.9006622516556292,-0.05226480836236934,1.0461538461538462,0.022556390977443608,0.9855072463768116,-0.0072992700729927005,1.0225563909774436,0.011152416356877323,1.3076923076923077,0.13333333333333333,1.3203883495145632,0.13807531380753138,1.8630136986301369,0.3014354066985646,2.4285714285714284,0.4166666666666667,0.8159509202453987,-0.10135135135135136,0.8807947019867549,-0.06338028169014084,1.023076923076923,0.011406844106463879,0.9637681159420289,-0.01845018450184502,0.9779411764705882,-0.011152416356877323,1.2788461538461537,0.12236286919831224,1.2912621359223302,0.1271186440677966,1.821917808219178,0.2912621359223301,2.375,0.4074074074074074,0.6380368098159509,-0.2209737827715356,0.6887417218543046,-0.1843137254901961,0.8,-0.1111111111111111,0.7536231884057971,-0.14049586776859505,0.7647058823529411,-0.13333333333333333,0.7819548872180451,-0.12236286919831224,1.0097087378640777,0.004830917874396135,1.4246575342465753,0.1751412429378531,1.8571428571428572,0.3,0.6319018404907976,-0.22556390977443608,0.6821192052980133,-0.1889763779527559,0.7923076923076923,-0.11587982832618025,0.7463768115942029,-0.14522821576763487,0.7573529411764706,-0.13807531380753138,0.7744360902255639,-0.1271186440677966,0.9903846153846154,-0.004830917874396135,1.4109589041095891,0.17045454545454544,1.8392857142857142,0.29559748427672955,0.44785276073619634,-0.3813559322033898,0.48344370860927155,-0.3482142857142857,0.5615384615384615,-0.28078817733990147,0.5289855072463768,-0.3080568720379147,0.5367647058823529,-0.3014354066985646,0.5488721804511278,-0.2912621359223301,0.7019230769230769,-0.1751412429378531,0.7087378640776699,-0.17045454545454544,1.3035714285714286,0.13178294573643412,0.34355828220858897,-0.4885844748858447,0.3708609271523179,-0.45893719806763283,0.4307692307692308,-0.3978494623655914,0.4057971014492754,-0.422680412371134,0.4117647058823529,-0.4166666666666667,0.42105263157894735,-0.4074074074074074,0.5384615384615384,-0.3,0.5436893203883495,-0.29559748427672955,0.7671232876712328,-0.13178294573643412
4.93,69,68,115,117,121,132,102,111,94,76,0.9829059829059829,-0.008620689655172414,0.9504132231404959,-0.025423728813559324,0.8712121212121212,-0.06882591093117409,1.1274509803921569,0.059907834101382486,1.0360360360360361,0.017699115044247787,1.2234042553191489,0.10047846889952153,1.513157894736842,0.20418848167539266,1.6666666666666667,0.25,1.6911764705882353,0.2568306010928962,1.017391304347826,0.008620689655172414,0.9669421487603306,-0.01680672268907563,0.8863636363636364,-0.060240963855421686,1.1470588235294117,0.0684931506849315,1.054054054054054,0.02631578947368421,1.2446808510638299,0.10900473933649289,1.5394736842105263,0.21243523316062177,1.6956521739130435,0.25806451612903225,1.7205882352941178,0.2648648648648649,1.0521739130434782,0.025423728813559324,1.0341880341880343,0.01680672268907563,0.9166666666666666,-0.043478260869565216,1.1862745098039216,0.08520179372197309,1.09009009009009,0.04310344827586207,1.2872340425531914,0.12558139534883722,1.5921052631578947,0.22842639593908629,1.7536231884057971,0.2736842105263158,1.7794117647058822,0.2804232804232804,1.1478260869565218,0.06882591093117409,1.1282051282051282,0.060240963855421686,1.0909090909090908,0.043478260869565216,1.2941176470588236,0.1282051282051282,1.1891891891891893,0.08641975308641975,1.4042553191489362,0.168141592920354,1.736842105263158,0.2692307692307692,1.9130434782608696,0.31343283582089554,1.9411764705882353,0.32,0.8869565217391304,-0.059907834101382486,0.8717948717948718,-0.0684931506849315,0.8429752066115702,-0.08520179372197309,0.7727272727272727,-0.1282051282051282,0.918918918918919,-0.04225352112676056,1.0851063829787233,0.04081632653061224,1.3421052631578947,0.14606741573033707,1.4782608695652173,0.19298245614035087,1.5,0.2,0.9652173913043478,-0.017699115044247787,0.9487179487179487,-0.02631578947368421,0.9173553719008265,-0.04310344827586207,0.8409090909090909,-0.08641975308641975,1.088235294117647,0.04225352112676056,1.1808510638297873,0.08292682926829269,1.4605263157894737,0.18716577540106952,1.608695652173913,0.23333333333333334,1.6323529411764706,0.24022346368715083,0.8173913043478261,-0.10047846889952153,0.8034188034188035,-0.10900473933649289,0.7768595041322314,-0.12558139534883722,0.7121212121212122,-0.168141592920354,0.9215686274509803,-0.04081632653061224,0.8468468468468469,-0.08292682926829269,1.236842105263158,0.10588235294117647,1.3623188405797102,0.15337423312883436,1.3823529411764706,0.16049382716049382,0.6608695652173913,-0.20418848167539266,0.6495726495726496,-0.21243523316062177,0.628099173553719,-0.22842639593908629,0.5757575757575758,-0.2692307692307692,0.7450980392156863,-0.14606741573033707,0.6846846846846847,-0.18716577540106952,0.8085106382978723,-0.10588235294117647,1.1014492753623188,0.04827586206896552,1.1176470588235294,0.05555555555555555,0.6,-0.25,0.5897435897435898,-0.25806451612903225,0.5702479338842975,-0.2736842105263158,0.5227272727272727,-0.31343283582089554,0.6764705882352942,-0.19298245614035087,0.6216216216216216,-0.23333333333333334,0.7340425531914894,-0.15337423312883436,0.9078947368421053,-0.04827586206896552,1.0147058823529411,0.0072992700729927005,0.591304347826087,-0.2568306010928962,0.5811965811965812,-0.2648648648648649,0.5619834710743802,-0.2804232804232804,0.5151515151515151,-0.32,0.6666666666666666,-0.2,0.6126126126126126,-0.24022346368715083,0.723404255319149,-0.16049382716049382,0.8947368421052632,-0.05555555555555555,0.9855072463768116,-0.0072992700729927005
5.08,69,68,115,117,121,132,102,111,94,76,0.9829059829059829,-0.008620689655172414,0.9504132231404959,-0.025423728813559324,0.8712121212121212,-0.06882591093117409,1.1274509803921569,0.059907834101382486,1.0360360360360361,0.017699115044247787,1.2234042553191489,0.10047846889952153,1.513157894736842,0.20418848167539266,1.6666666666666667,0.25,1.6911764705882353,0.2568306010928962,1.017391304347826,0.008620689655172414,0.9669421487603306,-0.01680672268907563,0.8863636363636364,-0.060240963855421686,1.1470588235294117,0.0684931506849315,1.054054054054054,0.02631578947368421,1.2446808510638299,0.10900473933649289,1.5394736842105263,0.21243523316062177,1.6956521739130435,0.25806451612903225,1.7205882352941178,0.2648648648648649,1.0521739130434782,0.025423728813559324,1.0341880341880343,0.01680672268907563,0.9166666666666666,-0.043478260869565216,1.1862745098039216,0.08520179372197309,1.09009009009009,0.04310344827586207,1.2872340425531914,0.12558139534883722,1.5921052631578947,0.22842639593908629,1.7536231884057971,0.2736842105263158,1.7794117647058822,0.2804232804232804,1.1478260869565218,0.06882591093117409,1.1282051282051282,0.060240963855421686,1.0909090909090908,0.043478260869565216,1.2941176470588236,0.1282051282051282,1.1891891891891893,0.08641975308641975,1.4042553191489362,0.168141592920354,1.736842105263158,0.2692307692307692,1.9130434782608696,0.31343283582089554,1.9411764705882353,0.32,0.8869565217391304,-0.059907834101382486,0.8717948717948718,-0.0684931506849315,0.8429752066115702,-0.08520179372197309,0.7727272727272727,-0.1282051282051282,0.918918918918919,-0.04225352112676056,1.0851063829787233,0.04081632653061224,1.3421052631578947,0.14606741573033707,1.4782608695652173,0.19298245614035087,1.5,0.2,0.9652173913043478,-0.017699115044247787,0.9487179487179487,-0.02631578947368421,0.9173553719008265,-0.04310344827586207,0.8409090909090909,-0.08641975308641975,1.088235294117647,0.04225352112676056,1.1808510638297873,0.08292682926829269,1.4605263157894737,0.18716577540106952,1.608695652173913,0.23333333333333334,1.6323529411764706,0.24022346368715083,0.8173913043478261,-0.10047846889952153,0.8034188034188035,-0.10900473933649289,0.7768595041322314,-0.12558139534883722,0.7121212121212122,-0.168141592920354,0.9215686274509803,-0.04081632653061224,0.8468468468468469,-0.08292682926829269,1.236842105263158,0.10588235294117647,1.3623188405797102,0.15337423312883436,1.3823529411764706,0.16049382716049382,0.6608695652173913,-0.20418848167539266,0.6495726495726496,-0.21243523316062177,0.628099173553719,-0.22842639593908629,0.5757575757575758,-0.2692307692307692,0.7450980392156863,-0.14606741573033707,0.6846846846846847,-0.18716577540106952,0.8085106382978723,-0.10588235294117647,1.1014492753623188,0.04827586206896552,1.1176470588235294,0.05555555555555555,0.6,-0.25,0.5897435897435898,-0.25806451612903225,0.5702479338842975,-0.2736842105263158,0.5227272727272727,-0.31343283582089554,0.6764705882352942,-0.19298245614035087,0.6216216216216216,-0.23333333333333334,0.7340425531914894,-0.15337423312883436,0.9078947368421053,-0.04827586206896552,1.0147058823529411,0.0072992700729927005,0.591304347826087,-0.2568306010928962,0.5811965811965812,-0.2648648648648649,0.5619834710743802,-0.2804232804232804,0.5151515151515151,-0.32,0.6666666666666666,-0.2,0.6126126126126126,-0.24022346368715083,0.723404255319149,-0.16049382716049382,0.8947368421052632,-0.05555555555555555,0.9855072463768116,-0.0072992700729927005
14.71,19,26,123,97,75,115,76,77,67,45,1.268041237113402,0.11818181818181818,1.64,0.24242424242424243,1.0695652173913044,0.03361344537815126,1.618421052631579,0.23618090452261306,1.5974025974025974,0.23,1.835820895522388,0.29473684210526313,2.7333333333333334,0.4642857142857143,6.473684210526316,0.7323943661971831,4.730769230769231,0.6510067114093959,0.7886178861788617,-0.11818181818181818,1.2933333333333332,0.12790697674418605,0.8434782608695652,-0.08490566037735849,1.2763157894736843,0.12138728323699421,1.2597402597402598,0.11494252873563218,1.4477611940298507,0.18292682926829268,2.1555555555555554,0.36619718309859156,5.105263157894737,0.6724137931034483,3.730769230769231,0.5772357723577236,0.6097560975609756,-0.24242424242424243,0.7731958762886598,-0.12790697674418605,0.6521739130434783,-0.21052631578947367,0.9868421052631579,-0.006622516556291391,0.974025974025974,-0.013157894736842105,1.1194029850746268,0.056338028169014086,1.6666666666666667,0.25,3.9473684210526314,0.5957446808510638,2.8846153846153846,0.48514851485148514,0.9349593495934959,-0.03361344537815126,1.1855670103092784,0.08490566037735849,1.5333333333333334,0.21052631578947367,1.513157894736842,0.20418848167539266,1.4935064935064934,0.19791666666666666,1.7164179104477613,0.26373626373626374,2.5555555555555554,0.4375,6.052631578947368,0.7164179104477612,4.423076923076923,0.6312056737588653,0.6178861788617886,-0.23618090452261306,0.7835051546391752,-0.12138728323699421,1.0133333333333334,0.006622516556291391,0.6608695652173913,-0.20418848167539266,0.987012987012987,-0.006535947712418301,1.1343283582089552,0.06293706293706294,1.6888888888888889,0.256198347107438,4.0,0.6,2.923076923076923,0.49019607843137253,0.6260162601626016,-0.23,0.7938144329896907,-0.11494252873563218,1.0266666666666666,0.013157894736842105,0.6695652173913044,-0.19791666666666666,1.013157894736842,0.006535947712418301,1.1492537313432836,0.06944444444444445,1.711111111111111,0.26229508196721313,4.052631578947368,0.6041666666666666,2.9615384615384617,0.49514563106796117,0.5447154471544715,-0.29473684210526313,0.6907216494845361,-0.18292682926829268,0.8933333333333333,-0.056338028169014086,0.5826086956521739,-0.26373626373626374,0.881578947368421,-0.06293706293706294,0.8701298701298701,-0.06944444444444445,1.488888888888889,0.19642857142857142,3.526315789473684,0.5581395348837209,2.576923076923077,0.44086021505376344,0.36585365853658536,-0.4642857142857143,0.4639175257731959,-0.36619718309859156,0.6,-0.25,0.391304347826087,-0.4375,0.5921052631578947,-0.256198347107438,0.5844155844155844,-0.26229508196721313,0.6716417910447762,-0.19642857142857142,2.3684210526315788,0.40625,1.7307692307692308,0.2676056338028169,0.15447154471544716,-0.7323943661971831,0.1958762886597938,-0.6724137931034483,0.25333333333333335,-0.5957446808510638,0.16521739130434782,-0.7164179104477612,0.25,-0.6,0.24675324675324675,-0.6041666666666666,0.2835820895522388,-0.5581395348837209,0.4222222222222222,-0.40625,0.7307692307692307,-0.15555555555555556,0.21138211382113822,-0.6510067114093959,0.26804123711340205,-0.5772357723577236,0.3466666666666667,-0.48514851485148514,0.22608695652173913,-0.6312056737588653,0.34210526315789475,-0.49019607843137253,0.33766233766233766,-0.49514563106796117,0.3880597014925373,-0.44086021505376344,0.5777777777777777,-0.2676056338028169,1.368421052631579,0.15555555555555556
14.71,14,23,82,67,50,98,58,58,45,28,1.2238805970149254,0.10067114093959731,1.64,0.24242424242424243,0.8367346938775511,-0.08888888888888889,1.4137931034482758,0.17142857142857143,1.4137931034482758,0.17142857142857143,1.8222222222222222,0.29133858267716534,2.9285714285714284,0.4909090909090909,5.857142857142857,0.7083333333333334,3.5652173913043477,0.5619047619047619,0.8170731707317073,-0.10067114093959731,1.34,0.1452991452991453,0.6836734693877551,-0.18787878787878787,1.1551724137931034,0.072,1.1551724137931034,0.072,1.488888888888889,0.19642857142857142,2.392857142857143,0.4105263157894737,4.785714285714286,0.654320987654321,2.9130434782608696,0.4888888888888889,0.6097560975609756,-0.24242424242424243,0.746268656716418,-0.1452991452991453,0.5102040816326531,-0.32432432432432434,0.8620689655172413,-0.07407407407407407,0.8620689655172413,-0.07407407407407407,1.1111111111111112,0.05263157894736842,1.7857142857142858,0.28205128205128205,3.5714285714285716,0.5625,2.1739130434782608,0.3698630136986301,1.1951219512195121,0.08888888888888889,1.462686567164179,0.18787878787878787,1.96,0.32432432432432434,1.6896551724137931,0.2564102564102564,1.6896551724137931,0.2564102564102564,2.1777777777777776,0.3706293706293706,3.5,0.5555555555555556,7.0,0.75,4.260869565217392,0.6198347107438017,0.7073170731707317,-0.17142857142857143,0.8656716417910447,-0.072,1.16,0.07407407407407407,0.5918367346938775,-0.2564102564102564,1.0,0.0,1.288888888888889,0.1262135922330097,2.0714285714285716,0.3488372093023256,4.142857142857143,0.6111111111111112,2.5217391304347827,0.43209876543209874,0.7073170731707317,-0.17142857142857143,0.8656716417910447,-0.072,1.16,0.07407407407407407,0.5918367346938775,-0.2564102564102564,1.0,0.0,1.288888888888889,0.1262135922330097,2.0714285714285716,0.3488372093023256,4.142857142857143,0.6111111111111112,2.5217391304347827,0.43209876543209874,0.5487804878048781,-0.29133858267716534,0.6716417910447762,-0.19642857142857142,0.9,-0.05263157894736842,0.45918367346938777,-0.3706293706293706,0.7758620689655172,-0.1262135922330097,0.7758620689655172,-0.1262135922330097,1.6071428571428572,0.2328767123287671,3.2142857142857144,0.5254237288135594,1.9565217391304348,0.3235294117647059,0.34146341463414637,-0.4909090909090909,0.417910447761194,-0.4105263157894737,0.56,-0.28205128205128205,0.2857142857142857,-0.5555555555555556,0.4827586206896552,-0.3488372093023256,0.4827586206896552,-0.3488372093023256,0.6222222222222222,-0.2328767123287671,2.0,0.3333333333333333,1.2173913043478262,0.09803921568627451,0.17073170731707318,-0.7083333333333334,0.208955223880597,-0.654320987654321,0.28,-0.5625,0.14285714285714285,-0.75,0.2413793103448276,-0.6111111111111112,0.2413793103448276,-0.6111111111111112,0.3111111111111111,-0.5254237288135594,0.5,-0.3333333333333333,0.6086956521739131,-0.24324324324324326,0.2804878048780488,-0.5619047619047619,0.34328358208955223,-0.4888888888888889,0.46,-0.3698630136986301,0.23469387755102042,-0.6198347107438017,0.39655172413793105,-0.43209876543209874,0.39655172413793105,-0.43209876543209874,0.5111111111111111,-0.3235294117647059,0.8214285714285714,-0.09803921568627451,1.6428571428571428,0.24324324324324326
5.27,19,26,123,97,75,115,76,77,67,45,1.268041237113402,0.11818181818181818,1.64,0.24242424242424243,1.0695652173913044,0.03361344537815126,1.618421052631579,0.23618090452261306,1.5974025974025974,0.23,1.835820895522388,0.29473684210526313,2.7333333333333334,0.4642857142857143,6.473684210526316,0.7323943661971831,4.730769230769231,0.6510067114093959,0.7886178861788617,-0.11818181818181818,1.2933333333333332,0.12790697674418605,0.8434782608695652,-0.08490566037735849,1.2763157894736843,0.12138728323699421,1.2597402597402598,0.11494252873563218,1.4477611940298507,0.18292682926829268,2.1555555555555554,0.36619718309859156,5.105263157894737,0.6724137931034483,3.730769230769231,0.5772357723577236,0.6097560975609756,-0.24242424242424243,0.7731958762886598,-0.12790697674418605,0.6521739130434783,-0.21052631578947367,0.9868421052631579,-0.006622516556291391,0.974025974025974,-0.013157894736842105,1.1194029850746268,0.056338028169014086,1.6666666666666667,0.25,3.9473684210526314,0.5957446808510638,2.8846153846153846,0.48514851485148514,0.9349593495934959,-0.03361344537815126,1.1855670103092784,0.08490566037735849,1.5333333333333334,0.21052631578947367,1.513157894736842,0.20418848167539266,1.4935064935064934,0.19791666666666666,1.7164179104477613,0.26373626373626374,2.5555555555555554,0.4375,6.052631578947368,0.7164179104477612,4.423076923076923,0.6312056737588653,0.6178861788617886,-0.23618090452261306,0.7835051546391752,-0.12138728323699421,1.0133333333333334,0.006622516556291391,0.6608695652173913,-0.20418848167539266,0.987012987012987,-0.006535947712418301,1.1343283582089552,0.06293706293706294,1.6888888888888889,0.256198347107438,4.0,0.6,2.923076923076923,0.49019607843137253,0.6260162601626016,-0.23,0.7938144329896907,-0.11494252873563218,1.0266666666666666,0.013157894736842105,0.6695652173913044,-0.19791666666666666,1.013157894736842,0.006535947712418301,1.1492537313432836,0.06944444444444445,1.711111111111111,0.26229508196721313,4.052631578947368,0.6041666666666666,2.9615384615384617,0.49514563106796117,0.5447154471544715,-0.29473684210526313,0.6907216494845361,-0.18292682926829268,0.8933333333333333,-0.056338028169014086,0.5826086956521739,-0.26373626373626374,0.881578947368421,-0.06293706293706294,0.8701298701298701,-0.06944444444444445,1.488888888888889,0.19642857142857142,3.526315789473684,0.5581395348837209,2.576923076923077,0.44086021505376344,0.36585365853658536,-0.4642857142857143,0.4639175257731959,-0.36619718309859156,0.6,-0.25,0.391304347826087,-0.4375,0.5921052631578947,-0.256198347107438,0.5844155844155844,-0.26229508196721313,0.6716417910447762,-0.19642857142857142,2.3684210526315788,0.40625,1.7307692307692308,0.2676056338028169,0.15447154471544716,-0.7323943661971831,0.1958762886597938,-0.6724137931034483,0.25333333333333335,-0.5957446808510638,0.16521739130434782,-0.7164179104477612,0.25,-0.6,0.24675324675324675,-0.6041666666666666,0.2835820895522388,-0.5581395348837209,0.4222222222222222,-0.40625,0.7307692307692307,-0.15555555555555556,0.21138211382113822,-0.6510067114093959,0.26804123711340205,-0.5772357723577236,0.3466666666666667,-0.48514851485148514,0.22608695652173913,-0.6312056737588653,0.34210526315789475,-0.49019607843137253,0.33766233766233766,-0.49514563106796117,0.3880597014925373,-0.44086021505376344,0.5777777777777777,-0.2676056338028169,1.368421052631579,0.15555555555555556
5.27,14,23,82,67,50,98,58,58,45,28,1.2238805970149254,0.10067114093959731,1.64,0.24242424242424243,0.8367346938775511,-0.08888888888888889,1.4137931034482758,0.17142857142857143,1.4137931034482758,0.17142857142857143,1.8222222222222222,0.29133858267716534,2.9285714285714284,0.4909090909090909,5.857142857142857,0.7083333333333334,3.5652173913043477,0.5619047619047619,0.8170731707317073,-0.10067114093959731,1.34,0.1452991452991453,0.6836734693877551,-0.18787878787878787,1.1551724137931034,0.072,1.1551724137931034,0.072,1.488888888888889,0.19642857142857142,2.392857142857143,0.4105263157894737,4.785714285714286,0.654320987654321,2.9130434782608696,0.4888888888888889,0.6097560975609756,-0.24242424242424243,0.746268656716418,-0.1452991452991453,0.5102040816326531,-0.32432432432432434,0.8620689655172413,-0.07407407407407407,0.8620689655172413,-0.07407407407407407,1.1111111111111112,0.05263157894736842,1.7857142857142858,0.28205128205128205,3.5714285714285716,0.5625,2.1739130434782608,0.3698630136986301,1.1951219512195121,0.08888888888888889,1.462686567164179,0.18787878787878787,1.96,0.32432432432432434,1.6896551724137931,0.2564102564102564,1.6896551724137931,0.2564102564102564,2.1777777777777776,0.3706293706293706,3.5,0.5555555555555556,7.0,0.75,4.260869565217392,0.6198347107438017,0.7073170731707317,-0.17142857142857143,0.8656716417910447,-0.072,1.16,0.07407407407407407,0.5918367346938775,-0.2564102564102564,1.0,0.0,1.288888888888889,0.1262135922330097,2.0714285714285716,0.3488372093023256,4.142857142857143,0.6111111111111112,2.5217391304347827,0.43209876543209874,0.7073170731707317,-0.17142857142857143,0.8656716417910447,-0.072,1.16,0.07407407407407407,0.5918367346938775,-0.2564102564102564,1.0,0.0,1.288888888888889,0.1262135922330097,2.0714285714285716,0.3488372093023256,4.142857142857143,0.6111111111111112,2.5217391304347827,0.43209876543209874,0.5487804878048781,-0.29133858267716534,0.6716417910447762,-0.19642857142857142,0.9,-0.05263157894736842,0.45918367346938777,-0.3706293706293706,0.7758620689655172,-0.1262135922330097,0.7758620689655172,-0.1262135922330097,1.6071428571428572,0.2328767123287671,3.2142857142857144,0.5254237288135594,1.9565217391304348,0.3235294117647059,0.34146341463414637,-0.4909090909090909,0.417910447761194,-0.4105263157894737,0.56,-0.28205128205128205,0.2857142857142857,-0.5555555555555556,0.4827586206896552,-0.3488372093023256,0.4827586206896552,-0.3488372093023256,0.6222222222222222,-0.2328767123287671,2.0,0.3333333333333333,1.2173913043478262,0.09803921568627451,0.17073170731707318,-0.7083333333333334,0.208955223880597,-0.654320987654321,0.28,-0.5625,0.14285714285714285,-0.75,0.2413793103448276,-0.6111111111111112,0.2413793103448276,-0.6111111111111112,0.3111111111111111,-0.5254237288135594,0.5,-0.3333333333333333,0.6086956521739131,-0.24324324324324326,0.2804878048780488,-0.5619047619047619,0.34328358208955223,-0.4888888888888889,0.46,-0.3698630136986301,0.23469387755102042,-0.6198347107438017,0.39655172413793105,-0.43209876543209874,0.39655172413793105,-0.43209876543209874,0.5111111111111111,-0.3235294117647059,0.8214285714285714,-0.09803921568627451,1.6428571428571428,0.24324324324324326
31.83,19,26,123,97,75,115,76,77,67,45,1.268041237113402,0.11818181818181818,1.64,0.24242424242424243,1.0695652173913044,0.03361344537815126,1.618421052631579,0.23618090452261306,1.5974025974025974,0.23,1.835820895522388,0.29473684210526313,2.7333333333333334,0.4642857142857143,6.473684210526316,0.7323943661971831,4.730769230769231,0.6510067114093959,0.7886178861788617,-0.11818181818181818,1.2933333333333332,0.12790697674418605,0.8434782608695652,-0.08490566037735849,1.2763157894736843,0.12138728323699421,1.2597402597402598,0.11494252873563218,1.4477611940298507,0.18292682926829268,2.1555555555555554,0.36619718309859156,5.105263157894737,0.6724137931034483,3.730769230769231,0.5772357723577236,0.6097560975609756,-0.24242424242424243,0.7731958762886598,-0.12790697674418605,0.6521739130434783,-0.21052631578947367,0.9868421052631579,-0.006622516556291391,0.974025974025974,-0.013157894736842105,1.1194029850746268,0.056338028169014086,1.6666666666666667,0.25,3.9473684210526314,0.5957446808510638,2.8846153846153846,0.48514851485148514,0.9349593495934959,-0.03361344537815126,1.1855670103092784,0.08490566037735849,1.5333333333333334,0.21052631578947367,1.513157894736842,0.20418848167539266,1.4935064935064934,0.19791666666666666,1.7164179104477613,0.26373626373626374,2.5555555555555554,0.4375,6.052631578947368,0.7164179104477612,4.423076923076923,0.6312056737588653,0.6178861788617886,-0.23618090452261306,0.7835051546391752,-0.12138728323699421,1.0133333333333334,0.006622516556291391,0.6608695652173913,-0.20418848167539266,0.987012987012987,-0.006535947712418301,1.1343283582089552,0.06293706293706294,1.6888888888888889,0.256198347107438,4.0,0.6,2.923076923076923,0.49019607843137253,0.6260162601626016,-0.23,0.7938144329896907,-0.11494252873563218,1.0266666666666666,0.013157894736842105,0.6695652173913044,-0.19791666666666666,1.013157894736842,0.006535947712418301,1.1492537313432836,0.06944444444444445,1.711111111111111,0.26229508196721313,4.052631578947368,0.6041666666666666,2.9615384615384617,0.49514563106796117,0.5447154471544715,-0.29473684210526313,0.6907216494845361,-0.18292682926829268,0.8933333333333333,-0.056338028169014086,0.5826086956521739,-0.26373626373626374,0.881578947368421,-0.06293706293706294,0.8701298701298701,-0.06944444444444445,1.488888888888889,0.19642857142857142,3.526315789473684,0.5581395348837209,2.576923076923077,0.44086021505376344,0.36585365853658536,-0.4642857142857143,0.4639175257731959,-0.36619718309859156,0.6,-0.25,0.391304347826087,-0.4375,0.5921052631578947,-0.256198347107438,0.5844155844155844,-0.26229508196721313,0.6716417910447762,-0.19642857142857142,2.3684210526315788,0.40625,1.7307692307692308,0.2676056338028169,0.15447154471544716,-0.7323943661971831,0.1958762886597938,-0.6724137931034483,0.25333333333333335,-0.5957446808510638,0.16521739130434782,-0.7164179104477612,0.25,-0.6,0.24675324675324675,-0.6041666666666666,0.2835820895522388,-0.5581395348837209,0.4222222222222222,-0.40625,0.7307692307692307,-0.15555555555555556,0.21138211382113822,-0.6510067114093959,0.26804123711340205,-0.5772357723577236,0.3466666666666667,-0.48514851485148514,0.22608695652173913,-0.6312056737588653,0.34210526315789475,-0.49019607843137253,0.33766233766233766,-0.49514563106796117,0.3880597014925373,-0.44086021505376344,0.5777777777777777,-0.2676056338028169,1.368421052631579,0.15555555555555556
31.83,14,23,82,67,50,98,58,58,45,28,1.2238805970149254,0.10067114093959731,1.64,0.24242424242424243,0.8367346938775511,-0.08888888888888889,1.4137931034482758,0.17142857142857143,1.4137931034482758,0.17142857142857143,1.8222222222222222,0.29133858267716534,2.9285714285714284,0.4909090909090909,5.857142857142857,0.7083333333333334,3.5652173913043477,0.5619047619047619,0.8170731707317073,-0.10067114093959731,1.34,0.1452991452991453,0.6836734693877551,-0.18787878787878787,1.1551724137931034,0.072,1.1551724137931034,0.072,1.488888888888889,0.19642857142857142,2.392857142857143,0.4105263157894737,4.785714285714286,0.654320987654321,2.9130434782608696,0.4888888888888889,0.6097560975609756,-0.24242424242424243,0.746268656716418,-0.1452991452991453,0.5102040816326531,-0.32432432432432434,0.8620689655172413,-0.07407407407407407,0.8620689655172413,-0.07407407407407407,1.1111111111111112,0.05263157894736842,1.7857142857142858,0.28205128205128205,3.5714285714285716,0.5625,2.1739130434782608,0.3698630136986301,1.1951219512195121,0.08888888888888889,1.462686567164179,0.18787878787878787,1.96,0.32432432432432434,1.6896551724137931,0.2564102564102564,1.6896551724137931,0.2564102564102564,2.1777777777777776,0.3706293706293706,3.5,0.5555555555555556,7.0,0.75,4.260869565217392,0.6198347107438017,0.7073170731707317,-0.17142857142857143,0.8656716417910447,-0.072,1.16,0.07407407407407407,0.5918367346938775,-0.2564102564102564,1.0,0.0,1.288888888888889,0.1262135922330097,2.0714285714285716,0.3488372093023256,4.142857142857143,0.6111111111111112,2.5217391304347827,0.43209876543209874,0.7073170731707317,-0.17142857142857143,0.8656716417910447,-0.072,1.16,0.07407407407407407,0.5918367346938775,-0.2564102564102564,1.0,0.0,1.288888888888889,0.1262135922330097,2.0714285714285716,0.3488372093023256,4.142857142857143,0.6111111111111112,2.5217391304347827,0.43209876543209874,0.5487804878048781,-0.29133858267716534,0.6716417910447762,-0.19642857142857142,0.9,-0.05263157894736842,0.45918367346938777,-0.3706293706293706,0.7758620689655172,-0.1262135922330097,0.7758620689655172,-0.1262135922330097,1.6071428571428572,0.2328767123287671,3.2142857142857144,0.5254237288135594,1.9565217391304348,0.3235294117647059,0.34146341463414637,-0.4909090909090909,0.417910447761194,-0.4105263157894737,0.56,-0.28205128205128205,0.2857142857142857,-0.5555555555555556,0.4827586206896552,-0.3488372093023256,0.4827586206896552,-0.3488372093023256,0.6222222222222222,-0.2328767123287671,2.0,0.3333333333333333,1.2173913043478262,0.09803921568627451,0.17073170731707318,-0.7083333333333334,0.208955223880597,-0.654320987654321,0.28,-0.5625,0.14285714285714285,-0.75,0.2413793103448276,-0.6111111111111112,0.2413793103448276,-0.6111111111111112,0.3111111111111111,-0.5254237288135594,0.5,-0.3333333333333333,0.6086956521739131,-0.24324324324324326,0.2804878048780488,-0.5619047619047619,0.34328358208955223,-0.4888888888888889,0.46,-0.3698630136986301,0.23469387755102042,-0.6198347107438017,0.39655172413793105,-0.43209876543209874,0.39655172413793105,-0.43209876543209874,0.5111111111111111,-0.3235294117647059,0.8214285714285714,-0.09803921568627451,1.6428571428571428,0.24324324324324326
16.89,19,26,123,97,75,115,76,77,67,45,1.268041237113402,0.11818181818181818,1.64,0.24242424242424243,1.0695652173913044,0.03361344537815126,1.618421052631579,0.23618090452261306,1.5974025974025974,0.23,1.835820895522388,0.29473684210526313,2.7333333333333334,0.4642857142857143,6.473684210526316,0.7323943661971831,4.730769230769231,0.6510067114093959,0.7886178861788617,-0.11818181818181818,1.2933333333333332,0.12790697674418605,0.8434782608695652,-0.08490566037735849,1.2763157894736843,0.12138728323699421,1.2597402597402598,0.11494252873563218,1.4477611940298507,0.18292682926829268,2.1555555555555554,0.36619718309859156,5.105263157894737,0.6724137931034483,3.730769230769231,0.5772357723577236,0.6097560975609756,-0.24242424242424243,0.7731958762886598,-0.12790697674418605,0.6521739130434783,-0.21052631578947367,0.9868421052631579,-0.006622516556291391,0.974025974025974,-0.013157894736842105,1.1194029850746268,0.056338028169014086,1.6666666666666667,0.25,3.9473684210526314,0.5957446808510638,2.8846153846153846,0.48514851485148514,0.9349593495934959,-0.03361344537815126,1.1855670103092784,0.08490566037735849,1.5333333333333334,0.21052631578947367,1.513157894736842,0.20418848167539266,1.4935064935064934,0.19791666666666666,1.7164179104477613,0.26373626373626374,2.5555555555555554,0.4375,6.052631578947368,0.7164179104477612,4.423076923076923,0.6312056737588653,0.6178861788617886,-0.23618090452261306,0.7835051546391752,-0.12138728323699421,1.0133333333333334,0.006622516556291391,0.6608695652173913,-0.20418848167539266,0.987012987012987,-0.006535947712418301,1.1343283582089552,0.06293706293706294,1.6888888888888889,0.256198347107438,4.0,0.6,2.923076923076923,0.49019607843137253,0.6260162601626016,-0.23,0.7938144329896907,-0.11494252873563218,1.0266666666666666,0.013157894736842105,0.6695652173913044,-0.19791666666666666,1.013157894736842,0.006535947712418301,1.1492537313432836,0.06944444444444445,1.711111111111111,0.26229508196721313,4.052631578947368,0.6041666666666666,2.9615384615384617,0.49514563106796117,0.5447154471544715,-0.29473684210526313,0.6907216494845361,-0.18292682926829268,0.8933333333333333,-0.056338028169014086,0.5826086956521739,-0.26373626373626374,0.881578947368421,-0.06293706293706294,0.8701298701298701,-0.06944444444444445,1.488888888888889,0.19642857142857142,3.526315789473684,0.5581395348837209,2.576923076923077,0.44086021505376344,0.36585365853658536,-0.4642857142857143,0.4639175257731959,-0.36619718309859156,0.6,-0.25,0.391304347826087,-0.4375,0.5921052631578947,-0.256198347107438,0.5844155844155844,-0.26229508196721313,0.6716417910447762,-0.19642857142857142,2.3684210526315788,0.40625,1.7307692307692308,0.2676056338028169,0.15447154471544716,-0.7323943661971831,0.1958762886597938,-0.6724137931034483,0.25333333333333335,-0.5957446808510638,0.16521739130434782,-0.7164179104477612,0.25,-0.6,0.24675324675324675,-0.6041666666666666,0.2835820895522388,-0.5581395348837209,0.4222222222222222,-0.40625,0.7307692307692307,-0.15555555555555556,0.21138211382113822,-0.6510067114093959,0.26804123711340205,-0.5772357723577236,0.3466666666666667,-0.48514851485148514,0.22608695652173913,-0.6312056737588653,0.34210526315789475,-0.49019607843137253,0.33766233766233766,-0.49514563106796117,0.3880597014925373,-0.44086021505376344,0.5777777777777777,-0.2676056338028169,1.368421052631579,0.15555555555555556
16.89,14,23,82,67,50,98,58,58,45,28,1.2238805970149254,0.10067114093959731,1.64,0.24242424242424243,0.8367346938775511,-0.08888888888888889,1.4137931034482758,0.17142857142857143,1.4137931034482758,0.17142857142857143,1.8222222222222222,0.29133858267716534,2.9285714285714284,0.4909090909090909,5.857142857142857,0.7083333333333334,3.5652173913043477,0.5619047619047619,0.8170731707317073,-0.10067114093959731,1.34,0.1452991452991453,0.6836734693877551,-0.18787878787878787,1.1551724137931034,0.072,1.1551724137931034,0.072,1.488888888888889,0.19642857142857142,2.392857142857143,0.4105263157894737,4.785714285714286,0.654320987654321,2.9130434782608696,0.4888888888888889,0.6097560975609756,-0.24242424242424243,0.746268656716418,-0.1452991452991453,0.5102040816326531,-0.32432432432432434,0.8620689655172413,-0.07407407407407407,0.8620689655172413,-0.07407407407407407,1.1111111111111112,0.05263157894736842,1.7857142857142858,0.28205128205128205,3.5714285714285716,0.5625,2.1739130434782608,0.3698630136986301,1.1951219512195121,0.08888888888888889,1.462686567164179,0.18787878787878787,1.96,0.32432432432432434,1.6896551724137931,0.2564102564102564,1.6896551724137931,0.2564102564102564,2.1777777777777776,0.3706293706293706,3.5,0.5555555555555556,7.0,0.75,4.260869565217392,0.6198347107438017,0.7073170731707317,-0.17142857142857143,0.8656716417910447,-0.072,1.16,0.07407407407407407,0.5918367346938775,-0.2564102564102564,1.0,0.0,1.288888888888889,0.1262135922330097,2.0714285714285716,0.3488372093023256,4.142857142857143,0.6111111111111112,2.5217391304347827,0.43209876543209874,0.7073170731707317,-0.17142857142857143,0.8656716417910447,-0.072,1.16,0.07407407407407407,0.5918367346938775,-0.2564102564102564,1.0,0.0,1.288888888888889,0.1262135922330097,2.0714285714285716,0.3488372093023256,4.142857142857143,0.6111111111111112,2.5217391304347827,0.43209876543209874,0.5487804878048781,-0.29133858267716534,0.6716417910447762,-0.19642857142857142,0.9,-0.05263157894736842,0.45918367346938777,-0.3706293706293706,0.7758620689655172,-0.1262135922330097,0.7758620689655172,-0.1262135922330097,1.6071428571428572,0.2328767123287671,3.2142857142857144,0.5254237288135594,1.9565217391304348,0.3235294117647059,0.34146341463414637,-0.4909090909090909,0.417910447761194,-0.4105263157894737,0.56,-0.28205128205128205,0.2857142857142857,-0.5555555555555556,0.4827586206896552,-0.3488372093023256,0.4827586206896552,-0.3488372093023256,0.6222222222222222,-0.2328767123287671,2.0,0.3333333333333333,1.2173913043478262,0.09803921568627451,0.17073170731707318,-0.7083333333333334,0.208955223880597,-0.654320987654321,0.28,-0.5625,0.14285714285714285,-0.75,0.2413793103448276,-0.6111111111111112,0.2413793103448276,-0.6111111111111112,0.3111111111111111,-0.5254237288135594,0.5,-0.3333333333333333,0.6086956521739131,-0.24324324324324326,0.2804878048780488,-0.5619047619047619,0.34328358208955223,-0.4888888888888889,0.46,-0.3698630136986301,0.23469387755102042,-0.6198347107438017,0.39655172413793105,-0.43209876543209874,0.39655172413793105,-0.43209876543209874,0.5111111111111111,-0.3235294117647059,0.8214285714285714,-0.09803921568627451,1.6428571428571428,0.24324324324324326
25.65,28,27,76,93,82,103,67,78,63,46,0.8172043010752689,-0.10059171597633136,0.926829268292683,-0.0379746835443038,0.7378640776699029,-0.15083798882681565,1.1343283582089552,0.06293706293706294,0.9743589743589743,-0.012987012987012988,1.2063492063492063,0.09352517985611511,1.6521739130434783,0.2459016393442623,2.7142857142857144,0.46153846153846156,2.814814814814815,0.47572815533980584,1.2236842105263157,0.10059171597633136,1.1341463414634145,0.06285714285714286,0.9029126213592233,-0.05102040816326531,1.3880597014925373,0.1625,1.1923076923076923,0.08771929824561403,1.4761904761904763,0.19230769230769232,2.0217391304347827,0.3381294964028777,3.3214285714285716,0.5371900826446281,3.4444444444444446,0.55,1.0789473684210527,0.0379746835443038,0.8817204301075269,-0.06285714285714286,0.7961165048543689,-0.11351351351351352,1.2238805970149254,0.10067114093959731,1.0512820512820513,0.025,1.3015873015873016,0.1310344827586207,1.7826086956521738,0.28125,2.9285714285714284,0.4909090909090909,3.037037037037037,0.5045871559633027,1.355263157894737,0.15083798882681565,1.10752688172043,0.05102040816326531,1.2560975609756098,0.11351351351351352,1.537313432835821,0.21176470588235294,1.3205128205128205,0.13812154696132597,1.6349206349206349,0.24096385542168675,2.239130434782609,0.3825503355704698,3.6785714285714284,0.5725190839694656,3.814814814814815,0.5846153846153846,0.881578947368421,-0.06293706293706294,0.7204301075268817,-0.1625,0.8170731707317073,-0.10067114093959731,0.6504854368932039,-0.21176470588235294,0.8589743589743589,-0.07586206896551724,1.0634920634920635,0.03076923076923077,1.4565217391304348,0.18584070796460178,2.392857142857143,0.4105263157894737,2.4814814814814814,0.425531914893617,1.0263157894736843,0.012987012987012988,0.8387096774193549,-0.08771929824561403,0.9512195121951219,-0.025,0.7572815533980582,-0.13812154696132597,1.164179104477612,0.07586206896551724,1.2380952380952381,0.10638297872340426,1.6956521739130435,0.25806451612903225,2.7857142857142856,0.4716981132075472,2.888888888888889,0.4857142857142857,0.8289473684210527,-0.09352517985611511,0.6774193548387096,-0.19230769230769232,0.7682926829268293,-0.1310344827586207,0.6116504854368932,-0.24096385542168675,0.9402985074626866,-0.03076923076923077,0.8076923076923077,-0.10638297872340426,1.3695652173913044,0.1559633027522936,2.25,0.38461538461538464,2.3333333333333335,0.4,0.6052631578947368,-0.2459016393442623,0.4946236559139785,-0.3381294964028777,0.5609756097560976,-0.28125,0.44660194174757284,-0.3825503355704698,0.6865671641791045,-0.18584070796460178,0.5897435897435898,-0.25806451612903225,0.7301587301587301,-0.1559633027522936,1.6428571428571428,0.24324324324324326,1.7037037037037037,0.2602739726027397,0.3684210526315789,-0.46153846153846156,0.3010752688172043,-0.5371900826446281,0.34146341463414637,-0.4909090909090909,0.27184466019417475,-0.5725190839694656,0.417910447761194,-0.4105263157894737,0.358974358974359,-0.4716981132075472,0.4444444444444444,-0.38461538461538464,0.6086956521739131,-0.24324324324324326,1.037037037037037,0.01818181818181818,0.35526315789473684,-0.47572815533980584,0.2903225806451613,-0.55,0.32926829268292684,-0.5045871559633027,0.2621359223300971,-0.5846153846153846,0.40298507462686567,-0.425531914893617,0.34615384615384615,-0.4857142857142857,0.42857142857142855,-0.4,0.5869565217391305,-0.2602739726027397,0.9642857142857143,-0.01818181818181818
22.62,28,27,76,93,82,103,67,78,63,46,0.8172043010752689,-0.10059171597633136,0.926829268292683,-0.0379746835443038,0.7378640776699029,-0.15083798882681565,1.1343283582089552,0.06293706293706294,0.9743589743589743,-0.012987012987012988,1.2063492063492063,0.09352517985611511,1.6521739130434783,0.2459016393442623,2.7142857142857144,0.46153846153846156,2.814814814814815,0.47572815533980584,1.2236842105263157,0.10059171597633136,1.1341463414634145,0.06285714285714286,0.9029126213592233,-0.05102040816326531,1.3880597014925373,0.1625,1.1923076923076923,0.08771929824561403,1.4761904761904763,0.19230769230769232,2.0217391304347827,0.3381294964028777,3.3214285714285716,0.5371900826446281,3.4444444444444446,0.55,1.0789473684210527,0.0379746835443038,0.8817204301075269,-0.06285714285714286,0.7961165048543689,-0.11351351351351352,1.2238805970149254,0.10067114093959731,1.0512820512820513,0.025,1.3015873015873016,0.1310344827586207,1.7826086956521738,0.28125,2.9285714285714284,0.4909090909090909,3.037037037037037,0.5045871559633027,1.355263157894737,0.15083798882681565,1.10752688172043,0.05102040816326531,1.2560975609756098,0.11351351351351352,1.537313432835821,0.21176470588235294,1.3205128205128205,0.13812154696132597,1.6349206349206349,0.24096385542168675,2.239130434782609,0.3825503355704698,3.6785714285714284,0.5725190839694656,3.814814814814815,0.5846153846153846,0.881578947368421,-0.06293706293706294,0.7204301075268817,-0.1625,0.8170731707317073,-0.10067114093959731,0.6504854368932039,-0.21176470588235294,0.8589743589743589,-0.07586206896551724,1.0634920634920635,0.03076923076923077,1.4565217391304348,0.18584070796460178,2.392857142857143,0.4105263157894737,2.4814814814814814,0.425531914893617,1.0263157894736843,0.012987012987012988,0.8387096774193549,-0.08771929824561403,0.9512195121951219,-0.025,0.7572815533980582,-0.13812154696132597,1.164179104477612,0.07586206896551724,1.2380952380952381,0.10638297872340426,1.6956521739130435,0.25806451612903225,2.7857142857142856,0.4716981132075472,2.888888888888889,0.4857142857142857,0.8289473684210527,-0.09352517985611511,0.6774193548387096,-0.19230769230769232,0.7682926829268293,-0.1310344827586207,0.6116504854368932,-0.24096385542168675,0.9402985074626866,-0.03076923076923077,0.8076923076923077,-0.10638297872340426,1.3695652173913044,0.1559633027522936,2.25,0.38461538461538464,2.3333333333333335,0.4,0.6052631578947368,-0.2459016393442623,0.4946236559139785,-0.3381294964028777,0.5609756097560976,-0.28125,0.44660194174757284,-0.3825503355704698,0.6865671641791045,-0.18584070796460178,0.5897435897435898,-0.25806451612903225,0.7301587301587301,-0.1559633027522936,1.6428571428571428,0.24324324324324326,1.7037037037037037,0.2602739726027397,0.3684210526315789,-0.46153846153846156,0.3010752688172043,-0.5371900826446281,0.34146341463414637,-0.4909090909090909,0.27184466019417475,-0.5725190839694656,0.417910447761194,-0.4105263157894737,0.358974358974359,-0.4716981132075472,0.4444444444444444,-0.38461538461538464,0.6086956521739131,-0.24324324324324326,1.037037037037037,0.01818181818181818,0.35526315789473684,-0.47572815533980584,0.2903225806451613,-0.55,0.32926829268292684,-0.5045871559633027,0.2621359223300971,-0.5846153846153846,0.40298507462686567,-0.425531914893617,0.34615384615384615,-0.4857142857142857,0.42857142857142855,-0.4,0.5869565217391305,-0.2602739726027397,0.9642857142857143,-0.01818181818181818
30.78,20,30,99,56,45,60,32,38,27,35,1.7678571428571428,0.27741935483870966,2.2,0.375,1.65,0.24528301886792453,3.09375,0.5114503816793893,2.6052631578947367,0.44525547445255476,3.6666666666666665,0.5714285714285714,2.8285714285714287,0.47761194029850745,4.95,0.6638655462184874,3.3,0.5348837209302325,0.5656565656565656,-0.27741935483870966,1.2444444444444445,0.10891089108910891,0.9333333333333333,-0.034482758620689655,1.75,0.2727272727272727,1.4736842105263157,0.19148936170212766,2.074074074074074,0.3493975903614458,1.6,0.23076923076923078,2.8,0.47368421052631576,1.8666666666666667,0.3023255813953488,0.45454545454545453,-0.375,0.8035714285714286,-0.10891089108910891,0.75,-0.14285714285714285,1.40625,0.16883116883116883,1.1842105263157894,0.08433734939759036,1.6666666666666667,0.25,1.2857142857142858,0.125,2.25,0.38461538461538464,1.5,0.2,0.6060606060606061,-0.24528301886792453,1.0714285714285714,0.034482758620689655,1.3333333333333333,0.14285714285714285,1.875,0.30434782608695654,1.5789473684210527,0.22448979591836735,2.2222222222222223,0.3793103448275862,1.7142857142857142,0.2631578947368421,3.0,0.5,2.0,0.3333333333333333,0.32323232323232326,-0.5114503816793893,0.5714285714285714,-0.2727272727272727,0.7111111111111111,-0.16883116883116883,0.5333333333333333,-0.30434782608695654,0.8421052631578947,-0.08571428571428572,1.1851851851851851,0.0847457627118644,0.9142857142857143,-0.04477611940298507,1.6,0.23076923076923078,1.0666666666666667,0.03225806451612903,0.3838383838383838,-0.44525547445255476,0.6785714285714286,-0.19148936170212766,0.8444444444444444,-0.08433734939759036,0.6333333333333333,-0.22448979591836735,1.1875,0.08571428571428572,1.4074074074074074,0.16923076923076924,1.0857142857142856,0.0410958904109589,1.9,0.3103448275862069,1.2666666666666666,0.11764705882352941,0.2727272727272727,-0.5714285714285714,0.48214285714285715,-0.3493975903614458,0.6,-0.25,0.45,-0.3793103448275862,0.84375,-0.0847457627118644,0.7105263157894737,-0.16923076923076924,0.7714285714285715,-0.12903225806451613,1.35,0.14893617021276595,0.9,-0.05263157894736842,0.35353535353535354,-0.47761194029850745,0.625,-0.23076923076923078,0.7777777777777778,-0.125,0.5833333333333334,-0.2631578947368421,1.09375,0.04477611940298507,0.9210526315789473,-0.0410958904109589,1.2962962962962963,0.12903225806451613,1.75,0.2727272727272727,1.1666666666666667,0.07692307692307693,0.20202020202020202,-0.6638655462184874,0.35714285714285715,-0.47368421052631576,0.4444444444444444,-0.38461538461538464,0.3333333333333333,-0.5,0.625,-0.23076923076923078,0.5263157894736842,-0.3103448275862069,0.7407407407407407,-0.14893617021276595,0.5714285714285714,-0.2727272727272727,0.6666666666666666,-0.2,0.30303030303030304,-0.5348837209302325,0.5357142857142857,-0.3023255813953488,0.6666666666666666,-0.2,0.5,-0.3333333333333333,0.9375,-0.03225806451612903,0.7894736842105263,-0.11764705882352941,1.1111111111111112,0.05263157894736842,0.8571428571428571,-0.07692307692307693,1.5,0.2
10.03,20,30,99,56,45,60,32,38,27,35,1.7678571428571428,0.27741935483870966,2.2,0.375,1.65,0.24528301886792453,3.09375,0.5114503816793893,2.6052631578947367,0.44525547445255476,3.6666666666666665,0.5714285714285714,2.8285714285714287,0.47761194029850745,4.95,0.6638655462184874,3.3,0.5348837209302325,0.5656565656565656,-0.27741935483870966,1.2444444444444445,0.10891089108910891,0.9333333333333333,-0.034482758620689655,1.75,0.2727272727272727,1.4736842105263157,0.19148936170212766,2.074074074074074,0.3493975903614458,1.6,0.23076923076923078,2.8,0.47368421052631576,1.8666666666666667,0.3023255813953488,0.45454545454545453,-0.375,0.8035714285714286,-0.10891089108910891,0.75,-0.14285714285714285,1.40625,0.16883116883116883,1.1842105263157894,0.08433734939759036,1.6666666666666667,0.25,1.2857142857142858,0.125,2.25,0.38461538461538464,1.5,0.2,0.6060606060606061,-0.24528301886792453,1.0714285714285714,0.034482758620689655,1.3333333333333333,0.14285714285714285,1.875,0.30434782608695654,1.5789473684210527,0.22448979591836735,2.2222222222222223,0.3793103448275862,1.7142857142857142,0.2631578947368421,3.0,0.5,2.0,0.3333333333333333,0.32323232323232326,-0.5114503816793893,0.5714285714285714,-0.2727272727272727,0.7111111111111111,-0.16883116883116883,0.5333333333333333,-0.30434782608695654,0.8421052631578947,-0.08571428571428572,1.1851851851851851,0.0847457627118644,0.9142857142857143,-0.04477611940298507,1.6,0.23076923076923078,1.0666666666666667,0.03225806451612903,0.3838383838383838,-0.44525547445255476,0.6785714285714286,-0.19148936170212766,0.8444444444444444,-0.08433734939759036,0.6333333333333333,-0.22448979591836735,1.1875,0.08571428571428572,1.4074074074074074,0.16923076923076924,1.0857142857142856,0.0410958904109589,1.9,0.3103448275862069,1.2666666666666666,0.11764705882352941,0.2727272727272727,-0.5714285714285714,0.48214285714285715,-0.3493975903614458,0.6,-0.25,0.45,-0.3793103448275862,0.84375,-0.0847457627118644,0.7105263157894737,-0.16923076923076924,0.7714285714285715,-0.12903225806451613,1.35,0.14893617021276595,0.9,-0.05263157894736842,0.35353535353535354,-0.47761194029850745,0.625,-0.23076923076923078,0.7777777777777778,-0.125,0.5833333333333334,-0.2631578947368421,1.09375,0.04477611940298507,0.9210526315789473,-0.0410958904109589,1.2962962962962963,0.12903225806451613,1.75,0.2727272727272727,1.1666666666666667,0.07692307692307693,0.20202020202020202,-0.6638655462184874,0.35714285714285715,-0.47368421052631576,0.4444444444444444,-0.38461538461538464,0.3333333333333333,-0.5,0.625,-0.23076923076923078,0.5263157894736842,-0.3103448275862069,0.7407407407407407,-0.14893617021276595,0.5714285714285714,-0.2727272727272727,0.6666666666666666,-0.2,0.30303030303030304,-0.5348837209302325,0.5357142857142857,-0.3023255813953488,0.6666666666666666,-0.2,0.5,-0.3333333333333333,0.9375,-0.03225806451612903,0.7894736842105263,-0.11764705882352941,1.1111111111111112,0.05263157894736842,0.8571428571428571,-0.07692307692307693,1.5,0.2
13.58,4,12,15,37,48,55,11,18,15,5,0.40540540540540543,-0.4230769230769231,0.3125,-0.5238095238095238,0.2727272727272727,-0.5714285714285714,1.3636363636363635,0.15384615384615385,0.8333333333333334,-0.09090909090909091,1.0,0.0,3.0,0.5,3.75,0.5789473684210527,1.25,0.1111111111111111,2.466666666666667,0.4230769230769231,0.7708333333333334,-0.12941176470588237,0.6727272727272727,-0.1956521739130435,3.3636363636363638,0.5416666666666666,2.0555555555555554,0.34545454545454546,2.466666666666667,0.4230769230769231,7.4,0.7619047619047619,9.25,0.8048780487804879,3.0833333333333335,0.5102040816326531,3.2,0.5238095238095238,1.2972972972972974,0.12941176470588237,0.8727272727272727,-0.06796116504854369,4.363636363636363,0.6271186440677966,2.6666666666666665,0.45454545454545453,3.2,0.5238095238095238,9.6,0.8113207547169812,12.0,0.8461538461538461,4.0,0.6,3.6666666666666665,0.5714285714285714,1.4864864864864864,0.1956521739130435,1.1458333333333333,0.06796116504854369,5.0,0.6666666666666666,3.0555555555555554,0.5068493150684932,3.6666666666666665,0.5714285714285714,11.0,0.8333333333333334,13.75,0.864406779661017,4.583333333333333,0.6417910447761194,0.7333333333333333,-0.15384615384615385,0.2972972972972973,-0.5416666666666666,0.22916666666666666,-0.6271186440677966,0.2,-0.6666666666666666,0.6111111111111112,-0.2413793103448276,0.7333333333333333,-0.15384615384615385,2.2,0.375,2.75,0.4666666666666667,0.9166666666666666,-0.043478260869565216,1.2,0.09090909090909091,0.4864864864864865,-0.34545454545454546,0.375,-0.45454545454545453,0.32727272727272727,-0.5068493150684932,1.6363636363636365,0.2413793103448276,1.2,0.09090909090909091,3.6,0.5652173913043478,4.5,0.6363636363636364,1.5,0.2,1.0,0.0,0.40540540540540543,-0.4230769230769231,0.3125,-0.5238095238095238,0.2727272727272727,-0.5714285714285714,1.3636363636363635,0.15384615384615385,0.8333333333333334,-0.09090909090909091,3.0,0.5,3.75,0.5789473684210527,1.25,0.1111111111111111,0.3333333333333333,-0.5,0.13513513513513514,-0.7619047619047619,0.10416666666666667,-0.8113207547169812,0.09090909090909091,-0.8333333333333334,0.45454545454545453,-0.375,0.2777777777777778,-0.5652173913043478,0.3333333333333333,-0.5,1.25,0.1111111111111111,0.4166666666666667,-0.4117647058823529,0.26666666666666666,-0.5789473684210527,0.10810810810810811,-0.8048780487804879,0.08333333333333333,-0.8461538461538461,0.07272727272727272,-0.864406779661017,0.36363636363636365,-0.4666666666666667,0.2222222222222222,-0.6363636363636364,0.26666666666666666,-0.5789473684210527,0.8,-0.1111111111111111,0.3333333333333333,-0.5,0.8,-0.1111111111111111,0.32432432432432434,-0.5102040816326531,0.25,-0.6,0.21818181818181817,-0.6417910447761194,1.0909090909090908,0.043478260869565216,0.6666666666666666,-0.2,0.8,-0.1111111111111111,2.4,0.4117647058823529,3.0,0.5
16.55,4,12,15,37,48,55,11,18,15,5,0.40540540540540543,-0.4230769230769231,0.3125,-0.5238095238095238,0.2727272727272727,-0.5714285714285714,1.3636363636363635,0.15384615384615385,0.8333333333333334,-0.09090909090909091,1.0,0.0,3.0,0.5,3.75,0.5789473684210527,1.25,0.1111111111111111,2.466666666666667,0.4230769230769231,0.7708333333333334,-0.12941176470588237,0.6727272727272727,-0.1956521739130435,3.3636363636363638,0.5416666666666666,2.0555555555555554,0.34545454545454546,2.466666666666667,0.4230769230769231,7.4,0.7619047619047619,9.25,0.8048780487804879,3.0833333333333335,0.5102040816326531,3.2,0.5238095238095238,1.2972972972972974,0.12941176470588237,0.8727272727272727,-0.06796116504854369,4.363636363636363,0.6271186440677966,2.6666666666666665,0.45454545454545453,3.2,0.5238095238095238,9.6,0.8113207547169812,12.0,0.8461538461538461,4.0,0.6,3.6666666666666665,0.5714285714285714,1.4864864864864864,0.1956521739130435,1.1458333333333333,0.06796116504854369,5.0,0.6666666666666666,3.0555555555555554,0.5068493150684932,3.6666666666666665,0.5714285714285714,11.0,0.8333333333333334,13.75,0.864406779661017,4.583333333333333,0.6417910447761194,0.7333333333333333,-0.15384615384615385,0.2972972972972973,-0.5416666666666666,0.22916666666666666,-0.6271186440677966,0.2,-0.6666666666666666,0.6111111111111112,-0.2413793103448276,0.7333333333333333,-0.15384615384615385,2.2,0.375,2.75,0.4666666666666667,0.9166666666666666,-0.043478260869565216,1.2,0.09090909090909091,0.4864864864864865,-0.34545454545454546,0.375,-0.45454545454545453,0.32727272727272727,-0.5068493150684932,1.6363636363636365,0.2413793103448276,1.2,0.09090909090909091,3.6,0.5652173913043478,4.5,0.6363636363636364,1.5,0.2,1.0,0.0,0.40540540540540543,-0.4230769230769231,0.3125,-0.5238095238095238,0.2727272727272727,-0.5714285714285714,1.3636363636363635,0.15384615384615385,0.8333333333333334,-0.09090909090909091,3.0,0.5,3.75,0.5789473684210527,1.25,0.1111111111111111,0.3333333333333333,-0.5,0.13513513513513514,-0.7619047619047619,0.10416666666666667,-0.8113207547169812,0.09090909090909091,-0.8333333333333334,0.45454545454545453,-0.375,0.2777777777777778,-0.5652173913043478,0.3333333333333333,-0.5,1.25,0.1111111111111111,0.4166666666666667,-0.4117647058823529,0.26666666666666666,-0.5789473684210527,0.10810810810810811,-0.8048780487804879,0.08333333333333333,-0.8461538461538461,0.07272727272727272,-0.864406779661017,0.36363636363636365,-0.4666666666666667,0.2222222222222222,-0.6363636363636364,0.26666666666666666,-0.5789473684210527,0.8,-0.1111111111111111,0.3333333333333333,-0.5,0.8,-0.1111111111111111,0.32432432432432434,-0.5102040816326531,0.25,-0.6,0.21818181818181817,-0.6417910447761194,1.0909090909090908,0.043478260869565216,0.6666666666666666,-0.2,0.8,-0.1111111111111111,2.4,0.4117647058823529,3.0,0.5
15.08,133,112,298,289,279,326,199,233,195,197,1.0311418685121108,0.015332197614991482,1.0681003584229392,0.03292894280762565,0.9141104294478528,-0.04487179487179487,1.4974874371859297,0.19919517102615694,1.2789699570815452,0.1224105461393597,1.528205128205128,0.20892494929006086,1.5126903553299493,0.20404040404040405,2.2406015037593985,0.382830626450116,2.6607142857142856,0.45365853658536587,0.9697986577181208,-0.015332197614991482,1.03584229390681,0.017605633802816902,0.8865030674846626,-0.06016260162601626,1.4522613065326633,0.18442622950819673,1.240343347639485,0.10727969348659004,1.4820512820512821,0.19421487603305784,1.467005076142132,0.18930041152263374,2.172932330827068,0.3696682464454976,2.580357142857143,0.44139650872817954,0.9362416107382551,-0.03292894280762565,0.9653979238754326,-0.017605633802816902,0.8558282208588958,-0.07768595041322314,1.4020100502512562,0.16736401673640167,1.1974248927038627,0.08984375,1.4307692307692308,0.17721518987341772,1.416243654822335,0.1722689075630252,2.0977443609022557,0.35436893203883496,2.4910714285714284,0.42710997442455245,1.0939597315436242,0.04487179487179487,1.1280276816608996,0.06016260162601626,1.168458781362007,0.07768595041322314,1.6381909547738693,0.2419047619047619,1.3991416309012876,0.16636851520572452,1.6717948717948719,0.2514395393474088,1.6548223350253808,0.24665391969407266,2.4511278195488724,0.420479302832244,2.9107142857142856,0.4885844748858447,0.6677852348993288,-0.19919517102615694,0.6885813148788927,-0.18442622950819673,0.7132616487455197,-0.16736401673640167,0.6104294478527608,-0.2419047619047619,0.8540772532188842,-0.0787037037037037,1.0205128205128204,0.01015228426395939,1.0101522842639594,0.005050505050505051,1.4962406015037595,0.19879518072289157,1.7767857142857142,0.2797427652733119,0.7818791946308725,-0.1224105461393597,0.8062283737024222,-0.10727969348659004,0.8351254480286738,-0.08984375,0.7147239263803681,-0.16636851520572452,1.170854271356784,0.0787037037037037,1.1948717948717948,0.08878504672897196,1.1827411167512691,0.08372093023255814,1.7518796992481203,0.273224043715847,2.080357142857143,0.3507246376811594,0.6543624161073825,-0.20892494929006086,0.6747404844290658,-0.19421487603305784,0.6989247311827957,-0.17721518987341772,0.598159509202454,-0.2514395393474088,0.9798994974874372,-0.01015228426395939,0.8369098712446352,-0.08878504672897196,0.9898477157360406,-0.00510204081632653,1.4661654135338347,0.18902439024390244,1.7410714285714286,0.2703583061889251,0.6610738255033557,-0.20404040404040405,0.6816608996539792,-0.18930041152263374,0.7060931899641577,-0.1722689075630252,0.6042944785276073,-0.24665391969407266,0.9899497487437185,-0.005050505050505051,0.8454935622317596,-0.08372093023255814,1.0102564102564102,0.00510204081632653,1.481203007518797,0.19393939393939394,1.7589285714285714,0.2750809061488673,0.4463087248322148,-0.382830626450116,0.4602076124567474,-0.3696682464454976,0.4767025089605735,-0.35436893203883496,0.40797546012269936,-0.420479302832244,0.6683417085427136,-0.19879518072289157,0.5708154506437768,-0.273224043715847,0.6820512820512821,-0.18902439024390244,0.6751269035532995,-0.19393939393939394,1.1875,0.08571428571428572,0.37583892617449666,-0.45365853658536587,0.3875432525951557,-0.44139650872817954,0.4014336917562724,-0.42710997442455245,0.34355828220858897,-0.4885844748858447,0.5628140703517588,-0.2797427652733119,0.48068669527896996,-0.3507246376811594,0.5743589743589743,-0.2703583061889251,0.5685279187817259,-0.2750809061488673,0.8421052631578947,-0.08571428571428572
25.07,3,10,57,82,66,58,12,29,23,19,0.6951219512195121,-0.17985611510791366,0.8636363636363636,-0.07317073170731707,0.9827586206896551,-0.008695652173913044,4.75,0.6521739130434783,1.9655172413793103,0.32558139534883723,2.4782608695652173,0.425,3.0,0.5,19.0,0.9,5.7,0.7014925373134329,1.4385964912280702,0.17985611510791366,1.2424242424242424,0.10810810810810811,1.4137931034482758,0.17142857142857143,6.833333333333333,0.7446808510638298,2.8275862068965516,0.4774774774774775,3.5652173913043477,0.5619047619047619,4.315789473684211,0.6237623762376238,27.333333333333332,0.9294117647058824,8.2,0.782608695652174,1.1578947368421053,0.07317073170731707,0.8048780487804879,-0.10810810810810811,1.1379310344827587,0.06451612903225806,5.5,0.6923076923076923,2.2758620689655173,0.3894736842105263,2.869565217391304,0.48314606741573035,3.473684210526316,0.5529411764705883,22.0,0.9130434782608695,6.6,0.7368421052631579,1.0175438596491229,0.008695652173913044,0.7073170731707317,-0.17142857142857143,0.8787878787878788,-0.06451612903225806,4.833333333333333,0.6571428571428571,2.0,0.3333333333333333,2.5217391304347827,0.43209876543209874,3.0526315789473686,0.5064935064935064,19.333333333333332,0.9016393442622951,5.8,0.7058823529411765,0.21052631578947367,-0.6521739130434783,0.14634146341463414,-0.7446808510638298,0.18181818181818182,-0.6923076923076923,0.20689655172413793,-0.6571428571428571,0.41379310344827586,-0.4146341463414634,0.5217391304347826,-0.3142857142857143,0.631578947368421,-0.22580645161290322,4.0,0.6,1.2,0.09090909090909091,0.5087719298245614,-0.32558139534883723,0.35365853658536583,-0.4774774774774775,0.4393939393939394,-0.3894736842105263,0.5,-0.3333333333333333,2.4166666666666665,0.4146341463414634,1.2608695652173914,0.11538461538461539,1.5263157894736843,0.20833333333333334,9.666666666666666,0.8125,2.9,0.48717948717948717,0.40350877192982454,-0.425,0.2804878048780488,-0.5619047619047619,0.3484848484848485,-0.48314606741573035,0.39655172413793105,-0.43209876543209874,1.9166666666666667,0.3142857142857143,0.7931034482758621,-0.11538461538461539,1.2105263157894737,0.09523809523809523,7.666666666666667,0.7692307692307693,2.3,0.3939393939393939,0.3333333333333333,-0.5,0.23170731707317074,-0.6237623762376238,0.2878787878787879,-0.5529411764705883,0.3275862068965517,-0.5064935064935064,1.5833333333333333,0.22580645161290322,0.6551724137931034,-0.20833333333333334,0.8260869565217391,-0.09523809523809523,6.333333333333333,0.7272727272727273,1.9,0.3103448275862069,0.05263157894736842,-0.9,0.036585365853658534,-0.9294117647058824,0.045454545454545456,-0.9130434782608695,0.05172413793103448,-0.9016393442622951,0.25,-0.6,0.10344827586206896,-0.8125,0.13043478260869565,-0.7692307692307693,0.15789473684210525,-0.7272727272727273,0.3,-0.5384615384615384,0.17543859649122806,-0.7014925373134329,0.12195121951219512,-0.782608695652174,0.15151515151515152,-0.7368421052631579,0.1724137931034483,-0.7058823529411765,0.8333333333333334,-0.09090909090909091,0.3448275862068966,-0.48717948717948717,0.43478260869565216,-0.3939393939393939,0.5263157894736842,-0.3103448275862069,3.3333333333333335,0.5384615384615384
8.83,3,10,57,82,66,58,12,29,23,19,0.6951219512195121,-0.17985611510791366,0.8636363636363636,-0.07317073170731707,0.9827586206896551,-0.008695652173913044,4.75,0.6521739130434783,1.9655172413793103,0.32558139534883723,2.4782608695652173,0.425,3.0,0.5,19.0,0.9,5.7,0.7014925373134329,1.4385964912280702,0.17985611510791366,1.2424242424242424,0.10810810810810811,1.4137931034482758,0.17142857142857143,6.833333333333333,0.7446808510638298,2.8275862068965516,0.4774774774774775,3.5652173913043477,0.5619047619047619,4.315789473684211,0.6237623762376238,27.333333333333332,0.9294117647058824,8.2,0.782608695652174,1.1578947368421053,0.07317073170731707,0.8048780487804879,-0.10810810810810811,1.1379310344827587,0.06451612903225806,5.5,0.6923076923076923,2.2758620689655173,0.3894736842105263,2.869565217391304,0.48314606741573035,3.473684210526316,0.5529411764705883,22.0,0.9130434782608695,6.6,0.7368421052631579,1.0175438596491229,0.008695652173913044,0.7073170731707317,-0.17142857142857143,0.8787878787878788,-0.06451612903225806,4.833333333333333,0.6571428571428571,2.0,0.3333333333333333,2.5217391304347827,0.43209876543209874,3.0526315789473686,0.5064935064935064,19.333333333333332,0.9016393442622951,5.8,0.7058823529411765,0.21052631578947367,-0.6521739130434783,0.14634146341463414,-0.7446808510638298,0.18181818181818182,-0.6923076923076923,0.20689655172413793,-0.6571428571428571,0.41379310344827586,-0.4146341463414634,0.5217391304347826,-0.3142857142857143,0.631578947368421,-0.22580645161290322,4.0,0.6,1.2,0.09090909090909091,0.5087719298245614,-0.32558139534883723,0.35365853658536583,-0.4774774774774775,0.4393939393939394,-0.3894736842105263,0.5,-0.3333333333333333,2.4166666666666665,0.4146341463414634,1.2608695652173914,0.11538461538461539,1.5263157894736843,0.20833333333333334,9.666666666666666,0.8125,2.9,0.48717948717948717,0.40350877192982454,-0.425,0.2804878048780488,-0.5619047619047619,0.3484848484848485,-0.48314606741573035,0.39655172413793105,-0.43209876543209874,1.9166666666666667,0.3142857142857143,0.7931034482758621,-0.11538461538461539,1.2105263157894737,0.09523809523809523,7.666666666666667,0.7692307692307693,2.3,0.3939393939393939,0.3333333333333333,-0.5,0.23170731707317074,-0.6237623762376238,0.2878787878787879,-0.5529411764705883,0.3275862068965517,-0.5064935064935064,1.5833333333333333,0.22580645161290322,0.6551724137931034,-0.20833333333333334,0.8260869565217391,-0.09523809523809523,6.333333333333333,0.7272727272727273,1.9,0.3103448275862069,0.05263157894736842,-0.9,0.036585365853658534,-0.9294117647058824,0.045454545454545456,-0.9130434782608695,0.05172413793103448,-0.9016393442622951,0.25,-0.6,0.10344827586206896,-0.8125,0.13043478260869565,-0.7692307692307693,0.15789473684210525,-0.7272727272727273,0.3,-0.5384615384615384,0.17543859649122806,-0.7014925373134329,0.12195121951219512,-0.782608695652174,0.15151515151515152,-0.7368421052631579,0.1724137931034483,-0.7058823529411765,0.8333333333333334,-0.09090909090909091,0.3448275862068966,-0.48717948717948717,0.43478260869565216,-0.3939393939393939,0.5263157894736842,-0.3103448275862069,3.3333333333333335,0.5384615384615384
5.11,35,41,111,147,146,150,88,89,75,48,0.7551020408163265,-0.13953488372093023,0.7602739726027398,-0.13618677042801555,0.74,-0.14942528735632185,1.2613636363636365,0.11557788944723618,1.247191011235955,0.11,1.48,0.1935483870967742,2.3125,0.39622641509433965,3.1714285714285713,0.5205479452054794,2.707317073170732,0.4605263157894737,1.3243243243243243,0.13953488372093023,1.0068493150684932,0.0034129692832764505,0.98,-0.010101010101010102,1.6704545454545454,0.251063829787234,1.651685393258427,0.2457627118644068,1.96,0.32432432432432434,3.0625,0.5076923076923077,4.2,0.6153846153846154,3.5853658536585367,0.5638297872340425,1.3153153153153154,0.13618677042801555,0.9931972789115646,-0.0034129692832764505,0.9733333333333334,-0.013513513513513514,1.6590909090909092,0.24786324786324787,1.6404494382022472,0.2425531914893617,1.9466666666666668,0.3212669683257919,3.0416666666666665,0.5051546391752577,4.171428571428572,0.6132596685082873,3.5609756097560976,0.5614973262032086,1.3513513513513513,0.14942528735632185,1.0204081632653061,0.010101010101010102,1.0273972602739727,0.013513513513513514,1.7045454545454546,0.2605042016806723,1.6853932584269662,0.25523012552301255,2.0,0.3333333333333333,3.125,0.5151515151515151,4.285714285714286,0.6216216216216216,3.658536585365854,0.5706806282722513,0.7927927927927928,-0.11557788944723618,0.5986394557823129,-0.251063829787234,0.6027397260273972,-0.24786324786324787,0.5866666666666667,-0.2605042016806723,0.9887640449438202,-0.005649717514124294,1.1733333333333333,0.07975460122699386,1.8333333333333333,0.29411764705882354,2.5142857142857142,0.43089430894308944,2.1463414634146343,0.3643410852713178,0.8018018018018018,-0.11,0.6054421768707483,-0.2457627118644068,0.6095890410958904,-0.2425531914893617,0.5933333333333334,-0.25523012552301255,1.0113636363636365,0.005649717514124294,1.1866666666666668,0.08536585365853659,1.8541666666666667,0.29927007299270075,2.5428571428571427,0.43548387096774194,2.1707317073170733,0.36923076923076925,0.6756756756756757,-0.1935483870967742,0.5102040816326531,-0.32432432432432434,0.5136986301369864,-0.3212669683257919,0.5,-0.3333333333333333,0.8522727272727273,-0.07975460122699386,0.8426966292134831,-0.08536585365853659,1.5625,0.21951219512195122,2.142857142857143,0.36363636363636365,1.829268292682927,0.29310344827586204,0.43243243243243246,-0.39622641509433965,0.32653061224489793,-0.5076923076923077,0.3287671232876712,-0.5051546391752577,0.32,-0.5151515151515151,0.5454545454545454,-0.29411764705882354,0.5393258426966292,-0.29927007299270075,0.64,-0.21951219512195122,1.3714285714285714,0.1566265060240964,1.170731707317073,0.07865168539325842,0.3153153153153153,-0.5205479452054794,0.23809523809523808,-0.6153846153846154,0.23972602739726026,-0.6132596685082873,0.23333333333333334,-0.6216216216216216,0.3977272727272727,-0.43089430894308944,0.39325842696629215,-0.43548387096774194,0.4666666666666667,-0.36363636363636365,0.7291666666666666,-0.1566265060240964,0.8536585365853658,-0.07894736842105263,0.36936936936936937,-0.4605263157894737,0.2789115646258503,-0.5638297872340425,0.2808219178082192,-0.5614973262032086,0.2733333333333333,-0.5706806282722513,0.4659090909090909,-0.3643410852713178,0.4606741573033708,-0.36923076923076925,0.5466666666666666,-0.29310344827586204,0.8541666666666666,-0.07865168539325842,1.1714285714285715,0.07894736842105263
5.04,35,41,111,147,146,150,88,89,75,48,0.7551020408163265,-0.13953488372093023,0.7602739726027398,-0.13618677042801555,0.74,-0.14942528735632185,1.2613636363636365,0.11557788944723618,1.247191011235955,0.11,1.48,0.1935483870967742,2.3125,0.39622641509433965,3.1714285714285713,0.5205479452054794,2.707317073170732,0.4605263157894737,1.3243243243243243,0.13953488372093023,1.0068493150684932,0.0034129692832764505,0.98,-0.010101010101010102,1.6704545454545454,0.251063829787234,1.651685393258427,0.2457627118644068,1.96,0.32432432432432434,3.0625,0.5076923076923077,4.2,0.6153846153846154,3.5853658536585367,0.5638297872340425,1.3153153153153154,0.13618677042801555,0.9931972789115646,-0.0034129692832764505,0.9733333333333334,-0.013513513513513514,1.6590909090909092,0.24786324786324787,1.6404494382022472,0.2425531914893617,1.9466666666666668,0.3212669683257919,3.0416666666666665,0.5051546391752577,4.171428571428572,0.6132596685082873,3.5609756097560976,0.5614973262032086,1.3513513513513513,0.14942528735632185,1.0204081632653061,0.010101010101010102,1.0273972602739727,0.013513513513513514,1.7045454545454546,0.2605042016806723,1.6853932584269662,0.25523012552301255,2.0,0.3333333333333333,3.125,0.5151515151515151,4.285714285714286,0.6216216216216216,3.658536585365854,0.5706806282722513,0.7927927927927928,-0.11557788944723618,0.5986394557823129,-0.251063829787234,0.6027397260273972,-0.24786324786324787,0.5866666666666667,-0.2605042016806723,0.9887640449438202,-0.005649717514124294,1.1733333333333333,0.07975460122699386,1.8333333333333333,0.29411764705882354,2.5142857142857142,0.43089430894308944,2.1463414634146343,0.3643410852713178,0.8018018018018018,-0.11,0.6054421768707483,-0.2457627118644068,0.6095890410958904,-0.2425531914893617,0.5933333333333334,-0.25523012552301255,1.0113636363636365,0.005649717514124294,1.1866666666666668,0.08536585365853659,1.8541666666666667,0.29927007299270075,2.5428571428571427,0.43548387096774194,2.1707317073170733,0.36923076923076925,0.6756756756756757,-0.1935483870967742,0.5102040816326531,-0.32432432432432434,0.5136986301369864,-0.3212669683257919,0.5,-0.3333333333333333,0.8522727272727273,-0.07975460122699386,0.8426966292134831,-0.08536585365853659,1.5625,0.21951219512195122,2.142857142857143,0.36363636363636365,1.829268292682927,0.29310344827586204,0.43243243243243246,-0.39622641509433965,0.32653061224489793,-0.5076923076923077,0.3287671232876712,-0.5051546391752577,0.32,-0.5151515151515151,0.5454545454545454,-0.29411764705882354,0.5393258426966292,-0.29927007299270075,0.64,-0.21951219512195122,1.3714285714285714,0.1566265060240964,1.170731707317073,0.07865168539325842,0.3153153153153153,-0.5205479452054794,0.23809523809523808,-0.6153846153846154,0.23972602739726026,-0.6132596685082873,0.23333333333333334,-0.6216216216216216,0.3977272727272727,-0.43089430894308944,0.39325842696629215,-0.43548387096774194,0.4666666666666667,-0.36363636363636365,0.7291666666666666,-0.1566265060240964,0.8536585365853658,-0.07894736842105263,0.36936936936936937,-0.4605263157894737,0.2789115646258503,-0.5638297872340425,0.2808219178082192,-0.5614973262032086,0.2733333333333333,-0.5706806282722513,0.4659090909090909,-0.3643410852713178,0.4606741573033708,-0.36923076923076925,0.5466666666666666,-0.29310344827586204,0.8541666666666666,-0.07865168539325842,1.1714285714285715,0.07894736842105263
5.8,194,134,420,317,264,246,195,183,237,146,1.3249211356466877,0.13975576662143827,1.5909090909090908,0.22807017543859648,1.7073170731707317,0.26126126126126126,2.1538461538461537,0.36585365853658536,2.2950819672131146,0.39303482587064675,1.7721518987341771,0.2785388127853881,2.8767123287671232,0.4840989399293286,2.1649484536082473,0.36807817589576547,3.1343283582089554,0.516245487364621,0.7547619047619047,-0.13975576662143827,1.2007575757575757,0.09122203098106713,1.2886178861788617,0.1261101243339254,1.6256410256410256,0.23828125,1.7322404371584699,0.268,1.3375527426160339,0.1444043321299639,2.171232876712329,0.3693304535637149,1.634020618556701,0.24070450097847357,2.3656716417910446,0.4057649667405765,0.6285714285714286,-0.22807017543859648,0.832807570977918,-0.09122203098106713,1.0731707317073171,0.03529411764705882,1.353846153846154,0.1503267973856209,1.4426229508196722,0.18120805369127516,1.1139240506329113,0.05389221556886228,1.8082191780821917,0.28780487804878047,1.3608247422680413,0.15283842794759825,1.9701492537313432,0.32663316582914576,0.5857142857142857,-0.26126126126126126,0.7760252365930599,-0.1261101243339254,0.9318181818181818,-0.03529411764705882,1.2615384615384615,0.11564625850340136,1.3442622950819672,0.14685314685314685,1.0379746835443038,0.018633540372670808,1.6849315068493151,0.25510204081632654,1.268041237113402,0.11818181818181818,1.835820895522388,0.29473684210526313,0.4642857142857143,-0.36585365853658536,0.6151419558359621,-0.23828125,0.7386363636363636,-0.1503267973856209,0.7926829268292683,-0.11564625850340136,1.0655737704918034,0.031746031746031744,0.8227848101265823,-0.09722222222222222,1.3356164383561644,0.1436950146627566,1.0051546391752577,0.002570694087403599,1.455223880597015,0.18541033434650456,0.4357142857142857,-0.39303482587064675,0.5772870662460567,-0.268,0.6931818181818182,-0.18120805369127516,0.7439024390243902,-0.14685314685314685,0.9384615384615385,-0.031746031746031744,0.7721518987341772,-0.12857142857142856,1.2534246575342465,0.11246200607902736,0.9432989690721649,-0.029177718832891247,1.3656716417910448,0.15457413249211358,0.5642857142857143,-0.2785388127853881,0.7476340694006309,-0.1444043321299639,0.8977272727272727,-0.05389221556886228,0.9634146341463414,-0.018633540372670808,1.2153846153846153,0.09722222222222222,1.2950819672131149,0.12857142857142856,1.6232876712328768,0.23759791122715404,1.2216494845360826,0.09976798143851508,1.7686567164179106,0.2776280323450135,0.3476190476190476,-0.4840989399293286,0.4605678233438486,-0.3693304535637149,0.553030303030303,-0.28780487804878047,0.5934959349593496,-0.25510204081632654,0.7487179487179487,-0.1436950146627566,0.7978142076502732,-0.11246200607902736,0.6160337552742616,-0.23759791122715404,0.7525773195876289,-0.1411764705882353,1.0895522388059702,0.04285714285714286,0.46190476190476193,-0.36807817589576547,0.61198738170347,-0.24070450097847357,0.7348484848484849,-0.15283842794759825,0.7886178861788617,-0.11818181818181818,0.9948717948717949,-0.002570694087403599,1.0601092896174864,0.029177718832891247,0.8185654008438819,-0.09976798143851508,1.3287671232876712,0.1411764705882353,1.4477611940298507,0.18292682926829268,0.319047619047619,-0.516245487364621,0.4227129337539432,-0.4057649667405765,0.5075757575757576,-0.32663316582914576,0.5447154471544715,-0.29473684210526313,0.6871794871794872,-0.18541033434650456,0.73224043715847,-0.15457413249211358,0.5654008438818565,-0.2776280323450135,0.9178082191780822,-0.04285714285714286,0.6907216494845361,-0.18292682926829268
5.21,116,92,222,226,200,200,168,171,153,148,0.9823008849557522,-0.008928571428571428,1.11,0.052132701421800945,1.11,0.052132701421800945,1.3214285714285714,0.13846153846153847,1.2982456140350878,0.1297709923664122,1.4509803921568627,0.184,1.5,0.2,1.9137931034482758,0.3136094674556213,2.4130434782608696,0.4140127388535032,1.018018018018018,0.008928571428571428,1.13,0.06103286384976526,1.13,0.06103286384976526,1.3452380952380953,0.14720812182741116,1.3216374269005848,0.1385390428211587,1.477124183006536,0.19261213720316622,1.527027027027027,0.20855614973262032,1.9482758620689655,0.3216374269005848,2.4565217391304346,0.42138364779874216,0.9009009009009009,-0.052132701421800945,0.8849557522123894,-0.06103286384976526,1.0,0.0,1.1904761904761905,0.08695652173913043,1.1695906432748537,0.07816711590296496,1.3071895424836601,0.13314447592067988,1.3513513513513513,0.14942528735632185,1.7241379310344827,0.26582278481012656,2.1739130434782608,0.3698630136986301,0.9009009009009009,-0.052132701421800945,0.8849557522123894,-0.06103286384976526,1.0,0.0,1.1904761904761905,0.08695652173913043,1.1695906432748537,0.07816711590296496,1.3071895424836601,0.13314447592067988,1.3513513513513513,0.14942528735632185,1.7241379310344827,0.26582278481012656,2.1739130434782608,0.3698630136986301,0.7567567567567568,-0.13846153846153847,0.7433628318584071,-0.14720812182741116,0.84,-0.08695652173913043,0.84,-0.08695652173913043,0.9824561403508771,-0.008849557522123894,1.0980392156862746,0.04672897196261682,1.135135135135135,0.06329113924050633,1.4482758620689655,0.18309859154929578,1.826086956521739,0.2923076923076923,0.7702702702702703,-0.1297709923664122,0.7566371681415929,-0.1385390428211587,0.855,-0.07816711590296496,0.855,-0.07816711590296496,1.0178571428571428,0.008849557522123894,1.1176470588235294,0.05555555555555555,1.1554054054054055,0.07210031347962383,1.4741379310344827,0.1916376306620209,1.858695652173913,0.30038022813688214,0.6891891891891891,-0.184,0.6769911504424779,-0.19261213720316622,0.765,-0.13314447592067988,0.765,-0.13314447592067988,0.9107142857142857,-0.04672897196261682,0.8947368421052632,-0.05555555555555555,1.0337837837837838,0.016611295681063124,1.3189655172413792,0.137546468401487,1.6630434782608696,0.24897959183673468,0.6666666666666666,-0.2,0.6548672566371682,-0.20855614973262032,0.74,-0.14942528735632185,0.74,-0.14942528735632185,0.8809523809523809,-0.06329113924050633,0.8654970760233918,-0.07210031347962383,0.9673202614379085,-0.016611295681063124,1.2758620689655173,0.12121212121212122,1.608695652173913,0.23333333333333334,0.5225225225225225,-0.3136094674556213,0.5132743362831859,-0.3216374269005848,0.58,-0.26582278481012656,0.58,-0.26582278481012656,0.6904761904761905,-0.18309859154929578,0.6783625730994152,-0.1916376306620209,0.7581699346405228,-0.137546468401487,0.7837837837837838,-0.12121212121212122,1.2608695652173914,0.11538461538461539,0.4144144144144144,-0.4140127388535032,0.40707964601769914,-0.42138364779874216,0.46,-0.3698630136986301,0.46,-0.3698630136986301,0.5476190476190477,-0.2923076923076923,0.5380116959064327,-0.30038022813688214,0.6013071895424836,-0.24897959183673468,0.6216216216216216,-0.23333333333333334,0.7931034482758621,-0.11538461538461539
5.65,116,92,222,226,200,200,168,171,153,148,0.9823008849557522,-0.008928571428571428,1.11,0.052132701421800945,1.11,0.052132701421800945,1.3214285714285714,0.13846153846153847,1.2982456140350878,0.1297709923664122,1.4509803921568627,0.184,1.5,0.2,1.9137931034482758,0.3136094674556213,2.4130434782608696,0.4140127388535032,1.018018018018018,0.008928571428571428,1.13,0.06103286384976526,1.13,0.06103286384976526,1.3452380952380953,0.14720812182741116,1.3216374269005848,0.1385390428211587,1.477124183006536,0.19261213720316622,1.527027027027027,0.20855614973262032,1.9482758620689655,0.3216374269005848,2.4565217391304346,0.42138364779874216,0.9009009009009009,-0.052132701421800945,0.8849557522123894,-0.06103286384976526,1.0,0.0,1.1904761904761905,0.08695652173913043,1.1695906432748537,0.07816711590296496,1.3071895424836601,0.13314447592067988,1.3513513513513513,0.14942528735632185,1.7241379310344827,0.26582278481012656,2.1739130434782608,0.3698630136986301,0.9009009009009009,-0.052132701421800945,0.8849557522123894,-0.06103286384976526,1.0,0.0,1.1904761904761905,0.08695652173913043,1.1695906432748537,0.07816711590296496,1.3071895424836601,0.13314447592067988,1.3513513513513513,0.14942528735632185,1.7241379310344827,0.26582278481012656,2.1739130434782608,0.3698630136986301,0.7567567567567568,-0.13846153846153847,0.7433628318584071,-0.14720812182741116,0.84,-0.08695652173913043,0.84,-0.08695652173913043,0.9824561403508771,-0.008849557522123894,1.0980392156862746,0.04672897196261682,1.135135135135135,0.06329113924050633,1.4482758620689655,0.18309859154929578,1.826086956521739,0.2923076923076923,0.7702702702702703,-0.1297709923664122,0.7566371681415929,-0.1385390428211587,0.855,-0.07816711590296496,0.855,-0.07816711590296496,1.0178571428571428,0.008849557522123894,1.1176470588235294,0.05555555555555555,1.1554054054054055,0.07210031347962383,1.4741379310344827,0.1916376306620209,1.858695652173913,0.30038022813688214,0.6891891891891891,-0.184,0.6769911504424779,-0.19261213720316622,0.765,-0.13314447592067988,0.765,-0.13314447592067988,0.9107142857142857,-0.04672897196261682,0.8947368421052632,-0.05555555555555555,1.0337837837837838,0.016611295681063124,1.3189655172413792,0.137546468401487,1.6630434782608696,0.24897959183673468,0.6666666666666666,-0.2,0.6548672566371682,-0.20855614973262032,0.74,-0.14942528735632185,0.74,-0.14942528735632185,0.8809523809523809,-0.06329113924050633,0.8654970760233918,-0.07210031347962383,0.9673202614379085,-0.016611295681063124,1.2758620689655173,0.12121212121212122,1.608695652173913,0.23333333333333334,0.5225225225225225,-0.3136094674556213,0.5132743362831859,-0.3216374269005848,0.58,-0.26582278481012656,0.58,-0.26582278481012656,0.6904761904761905,-0.18309859154929578,0.6783625730994152,-0.1916376306620209,0.7581699346405228,-0.137546468401487,0.7837837837837838,-0.12121212121212122,1.2608695652173914,0.11538461538461539,0.4144144144144144,-0.4140127388535032,0.40707964601769914,-0.42138364779874216,0.46,-0.3698630136986301,0.46,-0.3698630136986301,0.5476190476190477,-0.2923076923076923,0.5380116959064327,-0.30038022813688214,0.6013071895424836,-0.24897959183673468,0.6216216216216216,-0.23333333333333334,0.7931034482758621,-0.11538461538461539
3.54,190,164,307,329,292,304,256,244,239,248,0.9331306990881459,-0.03459119496855346,1.0513698630136987,0.025041736227045076,1.0098684210526316,0.004909983633387889,1.19921875,0.0905861456483126,1.2581967213114753,0.11433756805807622,1.284518828451883,0.12454212454212454,1.2379032258064515,0.1063063063063063,1.6157894736842104,0.23541247484909456,1.8719512195121952,0.3036093418259023,1.0716612377850163,0.03459119496855346,1.1267123287671232,0.05958132045088567,1.082236842105263,0.03949447077409163,1.28515625,0.12478632478632479,1.348360655737705,0.14834205933682373,1.3765690376569037,0.15845070422535212,1.3266129032258065,0.14038128249566725,1.731578947368421,0.2678227360308285,2.0060975609756095,0.33468559837728196,0.9511400651465798,-0.025041736227045076,0.8875379939209727,-0.05958132045088567,0.9605263157894737,-0.020134228187919462,1.140625,0.06569343065693431,1.1967213114754098,0.08955223880597014,1.2217573221757323,0.09981167608286252,1.1774193548387097,0.08148148148148149,1.5368421052631578,0.21161825726141079,1.7804878048780488,0.2807017543859649,0.990228013029316,-0.004909983633387889,0.9240121580547113,-0.03949447077409163,1.0410958904109588,0.020134228187919462,1.1875,0.08571428571428572,1.2459016393442623,0.10948905109489052,1.2719665271966527,0.11970534069981584,1.2258064516129032,0.10144927536231885,1.6,0.23076923076923078,1.853658536585366,0.29914529914529914,0.8338762214983714,-0.0905861456483126,0.7781155015197568,-0.12478632478632479,0.8767123287671232,-0.06569343065693431,0.8421052631578947,-0.08571428571428572,1.0491803278688525,0.024,1.0711297071129706,0.03434343434343434,1.032258064516129,0.015873015873015872,1.3473684210526315,0.14798206278026907,1.5609756097560976,0.21904761904761905,0.7947882736156352,-0.11433756805807622,0.7416413373860182,-0.14834205933682373,0.8356164383561644,-0.08955223880597014,0.8026315789473685,-0.10948905109489052,0.953125,-0.024,1.0209205020920502,0.010351966873706004,0.9838709677419355,-0.008130081300813009,1.2842105263157895,0.12442396313364056,1.4878048780487805,0.19607843137254902,0.7785016286644951,-0.12454212454212454,0.7264437689969605,-0.15845070422535212,0.8184931506849316,-0.09981167608286252,0.7861842105263158,-0.11970534069981584,0.93359375,-0.03434343434343434,0.9795081967213115,-0.010351966873706004,0.9637096774193549,-0.018480492813141684,1.2578947368421052,0.11421911421911422,1.4573170731707317,0.18610421836228289,0.8078175895765473,-0.1063063063063063,0.7537993920972644,-0.14038128249566725,0.8493150684931506,-0.08148148148148149,0.8157894736842105,-0.10144927536231885,0.96875,-0.015873015873015872,1.0163934426229508,0.008130081300813009,1.0376569037656904,0.018480492813141684,1.305263157894737,0.1324200913242009,1.5121951219512195,0.20388349514563106,0.6188925081433225,-0.23541247484909456,0.5775075987841946,-0.2678227360308285,0.6506849315068494,-0.21161825726141079,0.625,-0.23076923076923078,0.7421875,-0.14798206278026907,0.7786885245901639,-0.12442396313364056,0.7949790794979079,-0.11421911421911422,0.7661290322580645,-0.1324200913242009,1.1585365853658536,0.07344632768361582,0.5342019543973942,-0.3036093418259023,0.49848024316109424,-0.33468559837728196,0.5616438356164384,-0.2807017543859649,0.5394736842105263,-0.29914529914529914,0.640625,-0.21904761904761905,0.6721311475409836,-0.19607843137254902,0.6861924686192469,-0.18610421836228289,0.6612903225806451,-0.20388349514563106,0.8631578947368421,-0.07344632768361582
4.47,190,164,307,329,292,304,256,244,239,248,0.9331306990881459,-0.03459119496855346,1.0513698630136987,0.025041736227045076,1.0098684210526316,0.004909983633387889,1.19921875,0.0905861456483126,1.2581967213114753,0.11433756805807622,1.284518828451883,0.12454212454212454,1.2379032258064515,0.1063063063063063,1.6157894736842104,0.23541247484909456,1.8719512195121952,0.3036093418259023,1.0716612377850163,0.03459119496855346,1.1267123287671232,0.05958132045088567,1.082236842105263,0.03949447077409163,1.28515625,0.12478632478632479,1.348360655737705,0.14834205933682373,1.3765690376569037,0.15845070422535212,1.3266129032258065,0.14038128249566725,1.731578947368421,0.2678227360308285,2.0060975609756095,0.33468559837728196,0.9511400651465798,-0.025041736227045076,0.8875379939209727,-0.05958132045088567,0.9605263157894737,-0.020134228187919462,1.140625,0.06569343065693431,1.1967213114754098,0.08955223880597014,1.2217573221757323,0.09981167608286252,1.1774193548387097,0.08148148148148149,1.5368421052631578,0.21161825726141079,1.7804878048780488,0.2807017543859649,0.990228013029316,-0.004909983633387889,0.9240121580547113,-0.03949447077409163,1.0410958904109588,0.020134228187919462,1.1875,0.08571428571428572,1.2459016393442623,0.10948905109489052,1.2719665271966527,0.11970534069981584,1.2258064516129032,0.10144927536231885,1.6,0.23076923076923078,1.853658536585366,0.29914529914529914,0.8338762214983714,-0.0905861456483126,0.7781155015197568,-0.12478632478632479,0.8767123287671232,-0.06569343065693431,0.8421052631578947,-0.08571428571428572,1.0491803278688525,0.024,1.0711297071129706,0.03434343434343434,1.032258064516129,0.015873015873015872,1.3473684210526315,0.14798206278026907,1.5609756097560976,0.21904761904761905,0.7947882736156352,-0.11433756805807622,0.7416413373860182,-0.14834205933682373,0.8356164383561644,-0.08955223880597014,0.8026315789473685,-0.10948905109489052,0.953125,-0.024,1.0209205020920502,0.010351966873706004,0.9838709677419355,-0.008130081300813009,1.2842105263157895,0.12442396313364056,1.4878048780487805,0.19607843137254902,0.7785016286644951,-0.12454212454212454,0.7264437689969605,-0.15845070422535212,0.8184931506849316,-0.09981167608286252,0.7861842105263158,-0.11970534069981584,0.93359375,-0.03434343434343434,0.9795081967213115,-0.010351966873706004,0.9637096774193549,-0.018480492813141684,1.2578947368421052,0.11421911421911422,1.4573170731707317,0.18610421836228289,0.8078175895765473,-0.1063063063063063,0.7537993920972644,-0.14038128249566725,0.8493150684931506,-0.08148148148148149,0.8157894736842105,-0.10144927536231885,0.96875,-0.015873015873015872,1.0163934426229508,0.008130081300813009,1.0376569037656904,0.018480492813141684,1.305263157894737,0.1324200913242009,1.5121951219512195,0.20388349514563106,0.6188925081433225,-0.23541247484909456,0.5775075987841946,-0.2678227360308285,0.6506849315068494,-0.21161825726141079,0.625,-0.23076923076923078,0.7421875,-0.14798206278026907,0.7786885245901639,-0.12442396313364056,0.7949790794979079,-0.11421911421911422,0.7661290322580645,-0.1324200913242009,1.1585365853658536,0.07344632768361582,0.5342019543973942,-0.3036093418259023,0.49848024316109424,-0.33468559837728196,0.5616438356164384,-0.2807017543859649,0.5394736842105263,-0.29914529914529914,0.640625,-0.21904761904761905,0.6721311475409836,-0.19607843137254902,0.6861924686192469,-0.18610421836228289,0.6612903225806451,-0.20388349514563106,0.8631578947368421,-0.07344632768361582
4.83,491,440,606,609,579,611,576,608,527,572,0.9950738916256158,-0.0024691358024691358,1.0466321243523315,0.02278481012658228,0.9918166939443536,-0.004108463434675432,1.0520833333333333,0.025380710659898477,0.9967105263157895,-0.0016474464579901153,1.1499051233396584,0.06972639011473963,1.0594405594405594,0.028862478777589132,1.234215885947047,0.1048313582497721,1.3772727272727272,0.1586998087954111,1.004950495049505,0.0024691358024691358,1.0518134715025906,0.025252525252525252,0.9967266775777414,-0.001639344262295082,1.0572916666666667,0.027848101265822784,1.0016447368421053,0.0008216926869350862,1.1555977229601517,0.0721830985915493,1.0646853146853146,0.03132938187976291,1.240325865580448,0.10727272727272727,1.384090909090909,0.16110581506196378,0.9554455445544554,-0.02278481012658228,0.9507389162561576,-0.025252525252525252,0.9476268412438625,-0.02689075630252101,1.0052083333333333,0.0025974025974025974,0.9523026315789473,-0.02443133951137321,1.0986717267552182,0.04701627486437613,1.0122377622377623,0.006081668114682885,1.1792260692464358,0.08224299065420561,1.315909090909091,0.1364082433758587,1.0082508250825082,0.004108463434675432,1.0032840722495895,0.001639344262295082,1.0552677029360966,0.02689075630252101,1.0607638888888888,0.02948609941027801,1.0049342105263157,0.002461033634126333,1.159392789373814,0.07381370826010544,1.0681818181818181,0.03296703296703297,1.244399185336049,0.1088929219600726,1.3886363636363637,0.16270218839200762,0.9504950495049505,-0.025380710659898477,0.9458128078817734,-0.027848101265822784,0.9948186528497409,-0.0025974025974025974,0.9427168576104746,-0.02948609941027801,0.9473684210526315,-0.02702702702702703,1.092979127134725,0.044424297370806894,1.006993006993007,0.003484320557491289,1.1731160896130346,0.07966260543580131,1.309090909090909,0.13385826771653545,1.0033003300330032,0.0016474464579901153,0.9983579638752053,-0.0008216926869350862,1.0500863557858378,0.02443133951137321,0.9950900163666121,-0.002461033634126333,1.0555555555555556,0.02702702702702703,1.1537001897533208,0.07136563876651983,1.062937062937063,0.030508474576271188,1.2382892057026476,0.10646041856232939,1.3818181818181818,0.16030534351145037,0.8696369636963697,-0.06972639011473963,0.8653530377668309,-0.0721830985915493,0.9101899827288429,-0.04701627486437613,0.8625204582651391,-0.07381370826010544,0.9149305555555556,-0.044424297370806894,0.8667763157894737,-0.07136563876651983,0.9213286713286714,-0.04094631483166515,1.0733197556008147,0.03536345776031434,1.1977272727272728,0.08996897621509824,0.9438943894389439,-0.028862478777589132,0.9392446633825944,-0.03132938187976291,0.9879101899827288,-0.006081668114682885,0.9361702127659575,-0.03296703296703297,0.9930555555555556,-0.003484320557491289,0.9407894736842105,-0.030508474576271188,1.0853889943074004,0.04094631483166515,1.164969450101833,0.0761994355597366,1.3,0.13043478260869565,0.8102310231023102,-0.1048313582497721,0.80623973727422,-0.10727272727272727,0.8480138169257341,-0.08224299065420561,0.8036006546644845,-0.1088929219600726,0.8524305555555556,-0.07966260543580131,0.8075657894736842,-0.10646041856232939,0.9316888045540797,-0.03536345776031434,0.8583916083916084,-0.0761994355597366,1.115909090909091,0.05477980665950591,0.7260726072607261,-0.1586998087954111,0.722495894909688,-0.16110581506196378,0.7599309153713298,-0.1364082433758587,0.7201309328968903,-0.16270218839200762,0.7638888888888888,-0.13385826771653545,0.7236842105263158,-0.16030534351145037,0.8349146110056926,-0.08996897621509824,0.7692307692307693,-0.13043478260869565,0.8961303462321792,-0.05477980665950591
4.23,491,440,606,609,579,611,576,608,527,572,0.9950738916256158,-0.0024691358024691358,1.0466321243523315,0.02278481012658228,0.9918166939443536,-0.004108463434675432,1.0520833333333333,0.025380710659898477,0.9967105263157895,-0.0016474464579901153,1.1499051233396584,0.06972639011473963,1.0594405594405594,0.028862478777589132,1.234215885947047,0.1048313582497721,1.3772727272727272,0.1586998087954111,1.004950495049505,0.0024691358024691358,1.0518134715025906,0.025252525252525252,0.9967266775777414,-0.001639344262295082,1.0572916666666667,0.027848101265822784,1.0016447368421053,0.0008216926869350862,1.1555977229601517,0.0721830985915493,1.0646853146853146,0.03132938187976291,1.240325865580448,0.10727272727272727,1.384090909090909,0.16110581506196378,0.9554455445544554,-0.02278481012658228,0.9507389162561576,-0.025252525252525252,0.9476268412438625,-0.02689075630252101,1.0052083333333333,0.0025974025974025974,0.9523026315789473,-0.02443133951137321,1.0986717267552182,0.04701627486437613,1.0122377622377623,0.006081668114682885,1.1792260692464358,0.08224299065420561,1.315909090909091,0.1364082433758587,1.0082508250825082,0.004108463434675432,1.0032840722495895,0.001639344262295082,1.0552677029360966,0.02689075630252101,1.0607638888888888,0.02948609941027801,1.0049342105263157,0.002461033634126333,1.159392789373814,0.07381370826010544,1.0681818181818181,0.03296703296703297,1.244399185336049,0.1088929219600726,1.3886363636363637,0.16270218839200762,0.9504950495049505,-0.025380710659898477,0.9458128078817734,-0.027848101265822784,0.9948186528497409,-0.0025974025974025974,0.9427168576104746,-0.02948609941027801,0.9473684210526315,-0.02702702702702703,1.092979127134725,0.044424297370806894,1.006993006993007,0.003484320557491289,1.1731160896130346,0.07966260543580131,1.309090909090909,0.13385826771653545,1.0033003300330032,0.0016474464579901153,0.9983579638752053,-0.0008216926869350862,1.0500863557858378,0.02443133951137321,0.9950900163666121,-0.002461033634126333,1.0555555555555556,0.02702702702702703,1.1537001897533208,0.07136563876651983,1.062937062937063,0.030508474576271188,1.2382892057026476,0.10646041856232939,1.3818181818181818,0.16030534351145037,0.8696369636963697,-0.06972639011473963,0.8653530377668309,-0.0721830985915493,0.9101899827288429,-0.04701627486437613,0.8625204582651391,-0.07381370826010544,0.9149305555555556,-0.044424297370806894,0.8667763157894737,-0.07136563876651983,0.9213286713286714,-0.04094631483166515,1.0733197556008147,0.03536345776031434,1.1977272727272728,0.08996897621509824,0.9438943894389439,-0.028862478777589132,0.9392446633825944,-0.03132938187976291,0.9879101899827288,-0.006081668114682885,0.9361702127659575,-0.03296703296703297,0.9930555555555556,-0.003484320557491289,0.9407894736842105,-0.030508474576271188,1.0853889943074004,0.04094631483166515,1.164969450101833,0.0761994355597366,1.3,0.13043478260869565,0.8102310231023102,-0.1048313582497721,0.80623973727422,-0.10727272727272727,0.8480138169257341,-0.08224299065420561,0.8036006546644845,-0.1088929219600726,0.8524305555555556,-0.07966260543580131,0.8075657894736842,-0.10646041856232939,0.9316888045540797,-0.03536345776031434,0.8583916083916084,-0.0761994355597366,1.115909090909091,0.05477980665950591,0.7260726072607261,-0.1586998087954111,0.722495894909688,-0.16110581506196378,0.7599309153713298,-0.1364082433758587,0.7201309328968903,-0.16270218839200762,0.7638888888888888,-0.13385826771653545,0.7236842105263158,-0.16030534351145037,0.8349146110056926,-0.08996897621509824,0.7692307692307693,-0.13043478260869565,0.8961303462321792,-0.05477980665950591
5.79,499,484,644,633,615,636,604,593,541,610,1.0173775671406002,0.008613938919342208,1.0471544715447154,0.023034154090548053,1.0125786163522013,0.00625,1.0662251655629138,0.03205128205128205,1.0860033726812817,0.041228779304769606,1.1903881700554528,0.08691983122362869,1.0557377049180328,0.02711323763955343,1.2905811623246493,0.1268591426071741,1.3305785123966942,0.14184397163120568,0.9829192546583851,-0.008613938919342208,1.0292682926829269,0.014423076923076924,0.9952830188679245,-0.002364066193853428,1.0480132450331126,0.023443815683104285,1.0674536256323777,0.03262642740619902,1.1700554528650646,0.07836456558773425,1.0377049180327869,0.01850362027353178,1.2685370741482966,0.11837455830388692,1.3078512396694215,0.13339301700984782,0.9549689440993789,-0.023034154090548053,0.9715639810426541,-0.014423076923076924,0.9669811320754716,-0.016786570743405275,1.0182119205298013,0.009023789991796555,1.0370994940978078,0.018211920529801324,1.1367837338262476,0.06401384083044982,1.0081967213114753,0.004081632653061225,1.2324649298597194,0.10412926391382406,1.2706611570247934,0.1191992720655141,0.9875776397515528,-0.00625,1.004739336492891,0.002364066193853428,1.0341463414634147,0.016786570743405275,1.0529801324503312,0.025806451612903226,1.0725126475548061,0.03498779495524817,1.1756007393715342,0.08071367884451996,1.042622950819672,0.02086677367576244,1.2745490981963927,0.12070484581497798,1.3140495867768596,0.1357142857142857,0.937888198757764,-0.03205128205128205,0.9541864139020537,-0.023443815683104285,0.9821138211382113,-0.009023789991796555,0.949685534591195,-0.025806451612903226,1.0185497470489038,0.009189640768588136,1.1164510166358594,0.05502183406113537,0.9901639344262295,-0.004942339373970346,1.2104208416833668,0.09519492293744333,1.2479338842975207,0.11029411764705882,0.9208074534161491,-0.041228779304769606,0.9368088467614534,-0.03262642740619902,0.9642276422764228,-0.018211920529801324,0.9323899371069182,-0.03498779495524817,0.9817880794701986,-0.009189640768588136,1.0961182994454715,0.04585537918871252,0.9721311475409836,-0.014131338320864505,1.188376753507014,0.08608058608058608,1.225206611570248,0.10120705663881151,0.8400621118012422,-0.08691983122362869,0.8546603475513428,-0.07836456558773425,0.8796747967479674,-0.06401384083044982,0.85062893081761,-0.08071367884451996,0.8956953642384106,-0.05502183406113537,0.9123102866779089,-0.04585537918871252,0.8868852459016393,-0.05994787141615986,1.0841683366733468,0.04038461538461539,1.1177685950413223,0.055609756097560976,0.9472049689440993,-0.02711323763955343,0.9636650868878357,-0.01850362027353178,0.991869918699187,-0.004081632653061225,0.9591194968553459,-0.02086677367576244,1.009933774834437,0.004942339373970346,1.0286677908937605,0.014131338320864505,1.1275415896487986,0.05994787141615986,1.222444889779559,0.10009017132551848,1.2603305785123966,0.11517367458866545,0.7748447204968945,-0.1268591426071741,0.7883096366508688,-0.11837455830388692,0.8113821138211382,-0.10412926391382406,0.7845911949685535,-0.12070484581497798,0.8261589403973509,-0.09519492293744333,0.8414839797639123,-0.08608058608058608,0.922365988909427,-0.04038461538461539,0.8180327868852459,-0.10009017132551848,1.03099173553719,0.015259409969481181,0.7515527950310559,-0.14184397163120568,0.764612954186414,-0.13339301700984782,0.7869918699186992,-0.1191992720655141,0.7610062893081762,-0.1357142857142857,0.8013245033112583,-0.11029411764705882,0.8161888701517707,-0.10120705663881151,0.8946395563770795,-0.055609756097560976,0.7934426229508197,-0.11517367458866545,0.969939879759519,-0.015259409969481181
6.11,499,484,644,633,615,636,604,593,541,610,1.0173775671406002,0.008613938919342208,1.0471544715447154,0.023034154090548053,1.0125786163522013,0.00625,1.0662251655629138,0.03205128205128205,1.0860033726812817,0.041228779304769606,1.1903881700554528,0.08691983122362869,1.0557377049180328,0.02711323763955343,1.2905811623246493,0.1268591426071741,1.3305785123966942,0.14184397163120568,0.9829192546583851,-0.008613938919342208,1.0292682926829269,0.014423076923076924,0.9952830188679245,-0.002364066193853428,1.0480132450331126,0.023443815683104285,1.0674536256323777,0.03262642740619902,1.1700554528650646,0.07836456558773425,1.0377049180327869,0.01850362027353178,1.2685370741482966,0.11837455830388692,1.3078512396694215,0.13339301700984782,0.9549689440993789,-0.023034154090548053,0.9715639810426541,-0.014423076923076924,0.9669811320754716,-0.016786570743405275,1.0182119205298013,0.009023789991796555,1.0370994940978078,0.018211920529801324,1.1367837338262476,0.06401384083044982,1.0081967213114753,0.004081632653061225,1.2324649298597194,0.10412926391382406,1.2706611570247934,0.1191992720655141,0.9875776397515528,-0.00625,1.004739336492891,0.002364066193853428,1.0341463414634147,0.016786570743405275,1.0529801324503312,0.025806451612903226,1.0725126475548061,0.03498779495524817,1.1756007393715342,0.08071367884451996,1.042622950819672,0.02086677367576244,1.2745490981963927,0.12070484581497798,1.3140495867768596,0.1357142857142857,0.937888198757764,-0.03205128205128205,0.9541864139020537,-0.023443815683104285,0.9821138211382113,-0.009023789991796555,0.949685534591195,-0.025806451612903226,1.0185497470489038,0.009189640768588136,1.1164510166358594,0.05502183406113537,0.9901639344262295,-0.004942339373970346,1.2104208416833668,0.09519492293744333,1.2479338842975207,0.11029411764705882,0.9208074534161491,-0.041228779304769606,0.9368088467614534,-0.03262642740619902,0.9642276422764228,-0.018211920529801324,0.9323899371069182,-0.03498779495524817,0.9817880794701986,-0.009189640768588136,1.0961182994454715,0.04585537918871252,0.9721311475409836,-0.014131338320864505,1.188376753507014,0.08608058608058608,1.225206611570248,0.10120705663881151,0.8400621118012422,-0.08691983122362869,0.8546603475513428,-0.07836456558773425,0.8796747967479674,-0.06401384083044982,0.85062893081761,-0.08071367884451996,0.8956953642384106,-0.05502183406113537,0.9123102866779089,-0.04585537918871252,0.8868852459016393,-0.05994787141615986,1.0841683366733468,0.04038461538461539,1.1177685950413223,0.055609756097560976,0.9472049689440993,-0.02711323763955343,0.9636650868878357,-0.01850362027353178,0.991869918699187,-0.004081632653061225,0.9591194968553459,-0.02086677367576244,1.009933774834437,0.004942339373970346,1.0286677908937605,0.014131338320864505,1.1275415896487986,0.05994787141615986,1.222444889779559,0.10009017132551848,1.2603305785123966,0.11517367458866545,0.7748447204968945,-0.1268591426071741,0.7883096366508688,-0.11837455830388692,0.8113821138211382,-0.10412926391382406,0.7845911949685535,-0.12070484581497798,0.8261589403973509,-0.09519492293744333,0.8414839797639123,-0.08608058608058608,0.922365988909427,-0.04038461538461539,0.8180327868852459,-0.10009017132551848,1.03099173553719,0.015259409969481181,0.7515527950310559,-0.14184397163120568,0.764612954186414,-0.13339301700984782,0.7869918699186992,-0.1191992720655141,0.7610062893081762,-0.1357142857142857,0.8013245033112583,-0.11029411764705882,0.8161888701517707,-0.10120705663881151,0.8946395563770795,-0.055609756097560976,0.7934426229508197,-0.11517367458866545,0.969939879759519,-0.015259409969481181
7.07,442,430,528,547,524,519,490,500,469,493,0.9652650822669104,-0.017674418604651163,1.0076335877862594,0.0038022813688212928,1.0173410404624277,0.008595988538681949,1.0775510204081633,0.03732809430255403,1.056,0.027237354085603113,1.1257995735607675,0.05917753259779338,1.0709939148073022,0.034280117531831536,1.1945701357466063,0.088659793814433,1.2279069767441861,0.1022964509394572,1.0359848484848484,0.017674418604651163,1.0438931297709924,0.021475256769374416,1.0539499036608864,0.02626641651031895,1.116326530612245,0.054966248794599805,1.094,0.044890162368672396,1.1663113006396588,0.07677165354330709,1.1095334685598377,0.051923076923076926,1.237556561085973,0.10616784630940344,1.2720930232558139,0.11975435005117707,0.9924242424242424,-0.0038022813688212928,0.9579524680073126,-0.021475256769374416,1.0096339113680155,0.004793863854266539,1.0693877551020408,0.03353057199211045,1.048,0.0234375,1.11727078891258,0.0553877139979859,1.0628803245436105,0.03048180924287119,1.1855203619909502,0.08488612836438923,1.2186046511627906,0.09853249475890985,0.9829545454545454,-0.008595988538681949,0.9488117001828154,-0.02626641651031895,0.9904580152671756,-0.004793863854266539,1.0591836734693878,0.028741328047571853,1.038,0.018645731108930325,1.1066098081023454,0.05060728744939271,1.052738336713996,0.025691699604743084,1.1742081447963801,0.08012486992715921,1.2069767441860466,0.09378292939936776,0.928030303030303,-0.03732809430255403,0.8957952468007313,-0.054966248794599805,0.9351145038167938,-0.03353057199211045,0.9441233140655106,-0.028741328047571853,0.98,-0.010101010101010102,1.044776119402985,0.021897810218978103,0.9939148073022313,-0.003051881993896236,1.1085972850678734,0.05150214592274678,1.1395348837209303,0.06521739130434782,0.946969696969697,-0.027237354085603113,0.9140767824497258,-0.044890162368672396,0.9541984732824428,-0.0234375,0.9633911368015414,-0.018645731108930325,1.0204081632653061,0.010101010101010102,1.0660980810234542,0.03199174406604747,1.0141987829614605,0.007049345417925478,1.1312217194570136,0.06157112526539278,1.1627906976744187,0.07526881720430108,0.8882575757575758,-0.05917753259779338,0.8574040219378428,-0.07677165354330709,0.8950381679389313,-0.0553877139979859,0.9036608863198459,-0.05060728744939271,0.9571428571428572,-0.021897810218978103,0.938,-0.03199174406604747,0.9513184584178499,-0.02494802494802495,1.0610859728506787,0.029637760702524697,1.0906976744186045,0.04338153503893215,0.9337121212121212,-0.034280117531831536,0.9012797074954296,-0.051923076923076926,0.9408396946564885,-0.03048180924287119,0.9499036608863198,-0.025691699604743084,1.006122448979592,0.003051881993896236,0.986,-0.007049345417925478,1.0511727078891258,0.02494802494802495,1.1153846153846154,0.05454545454545454,1.1465116279069767,0.06825568797399784,0.8371212121212122,-0.088659793814433,0.8080438756855576,-0.10616784630940344,0.8435114503816794,-0.08488612836438923,0.8516377649325626,-0.08012486992715921,0.9020408163265307,-0.05150214592274678,0.884,-0.06157112526539278,0.9424307036247335,-0.029637760702524697,0.896551724137931,-0.05454545454545454,1.027906976744186,0.013761467889908258,0.8143939393939394,-0.1022964509394572,0.7861060329067642,-0.11975435005117707,0.8206106870229007,-0.09853249475890985,0.8285163776493256,-0.09378292939936776,0.8775510204081632,-0.06521739130434782,0.86,-0.07526881720430108,0.9168443496801706,-0.04338153503893215,0.8722109533468559,-0.06825568797399784,0.9728506787330317,-0.013761467889908258
5.41,442,430,528,547,524,519,490,500,469,493,0.9652650822669104,-0.017674418604651163,1.0076335877862594,0.0038022813688212928,1.0173410404624277,0.008595988538681949,1.0775510204081633,0.03732809430255403,1.056,0.027237354085603113,1.1257995735607675,0.05917753259779338,1.0709939148073022,0.034280117531831536,1.1945701357466063,0.088659793814433,1.2279069767441861,0.1022964509394572,1.0359848484848484,0.017674418604651163,1.0438931297709924,0.021475256769374416,1.0539499036608864,0.02626641651031895,1.116326530612245,0.054966248794599805,1.094,0.044890162368672396,1.1663113006396588,0.07677165354330709,1.1095334685598377,0.051923076923076926,1.237556561085973,0.10616784630940344,1.2720930232558139,0.11975435005117707,0.9924242424242424,-0.0038022813688212928,0.9579524680073126,-0.021475256769374416,1.0096339113680155,0.004793863854266539,1.0693877551020408,0.03353057199211045,1.048,0.0234375,1.11727078891258,0.0553877139979859,1.0628803245436105,0.03048180924287119,1.1855203619909502,0.08488612836438923,1.2186046511627906,0.09853249475890985,0.9829545454545454,-0.008595988538681949,0.9488117001828154,-0.02626641651031895,0.9904580152671756,-0.004793863854266539,1.0591836734693878,0.028741328047571853,1.038,0.018645731108930325,1.1066098081023454,0.05060728744939271,1.052738336713996,0.025691699604743084,1.1742081447963801,0.08012486992715921,1.2069767441860466,0.09378292939936776,0.928030303030303,-0.03732809430255403,0.8957952468007313,-0.054966248794599805,0.9351145038167938,-0.03353057199211045,0.9441233140655106,-0.028741328047571853,0.98,-0.010101010101010102,1.044776119402985,0.021897810218978103,0.9939148073022313,-0.003051881993896236,1.1085972850678734,0.05150214592274678,1.1395348837209303,0.06521739130434782,0.946969696969697,-0.027237354085603113,0.9140767824497258,-0.044890162368672396,0.9541984732824428,-0.0234375,0.9633911368015414,-0.018645731108930325,1.0204081632653061,0.010101010101010102,1.0660980810234542,0.03199174406604747,1.0141987829614605,0.007049345417925478,1.1312217194570136,0.06157112526539278,1.1627906976744187,0.07526881720430108,0.8882575757575758,-0.05917753259779338,0.8574040219378428,-0.07677165354330709,0.8950381679389313,-0.0553877139979859,0.9036608863198459,-0.05060728744939271,0.9571428571428572,-0.021897810218978103,0.938,-0.03199174406604747,0.9513184584178499,-0.02494802494802495,1.0610859728506787,0.029637760702524697,1.0906976744186045,0.04338153503893215,0.9337121212121212,-0.034280117531831536,0.9012797074954296,-0.051923076923076926,0.9408396946564885,-0.03048180924287119,0.9499036608863198,-0.025691699604743084,1.006122448979592,0.003051881993896236,0.986,-0.007049345417925478,1.0511727078891258,0.02494802494802495,1.1153846153846154,0.05454545454545454,1.1465116279069767,0.06825568797399784,0.8371212121212122,-0.088659793814433,0.8080438756855576,-0.10616784630940344,0.8435114503816794,-0.08488612836438923,0.8516377649325626,-0.08012486992715921,0.9020408163265307,-0.05150214592274678,0.884,-0.06157112526539278,0.9424307036247335,-0.029637760702524697,0.896551724137931,-0.05454545454545454,1.027906976744186,0.013761467889908258,0.8143939393939394,-0.1022964509394572,0.7861060329067642,-0.11975435005117707,0.8206106870229007,-0.09853249475890985,0.8285163776493256,-0.09378292939936776,0.8775510204081632,-0.06521739130434782,0.86,-0.07526881720430108,0.9168443496801706,-0.04338153503893215,0.8722109533468559,-0.06825568797399784,0.9728506787330317,-0.013761467889908258
4.95,1090,984,1163,1186,1212,1262,1159,1184,1146,1151,0.9806070826306914,-0.009791400595998296,0.9595709570957096,-0.02063157894736842,0.9215530903328051,-0.04082474226804124,1.003451251078516,0.0017226528854435831,0.9822635135135135,-0.008947592671495527,1.0148342059336823,0.0073624945864010395,1.0104257167680277,0.005185825410544511,1.0669724770642202,0.032401242787394584,1.181910569105691,0.08337214718211458,1.0197764402407568,0.009791400595998296,0.9785478547854786,-0.010842368640533779,0.9397781299524565,-0.03104575163398693,1.0232959447799828,0.011513859275053304,1.0016891891891893,0.0008438818565400844,1.0349040139616057,0.017152658662092625,1.0304083405734143,0.014976465554129225,1.0880733944954128,0.0421792618629174,1.2052845528455285,0.09308755760368663,1.0421324161650902,0.02063157894736842,1.0219224283305228,0.010842368640533779,0.9603803486529319,-0.02021018593371059,1.0457290767903364,0.022353437368199072,1.0236486486486487,0.011686143572621035,1.057591623036649,0.027989821882951654,1.052997393570808,0.02581464240372408,1.111926605504587,0.052997393570807995,1.2317073170731707,0.10382513661202186,1.0851246775580397,0.04082474226804124,1.0640809443507588,0.03104575163398693,1.0412541254125414,0.02021018593371059,1.088869715271786,0.042544403139198675,1.0658783783783783,0.03188879803761243,1.1012216404886561,0.04817275747508306,1.0964378801042571,0.04600082884376295,1.1577981651376146,0.07312925170068027,1.282520325203252,0.12377560106856635,0.9965606190885641,-0.0017226528854435831,0.9772344013490725,-0.011513859275053304,0.9562706270627063,-0.022353437368199072,0.9183835182250396,-0.042544403139198675,0.9788851351351351,-0.010670081092616303,1.0113438045375218,0.005639913232104121,1.006950477845352,0.003463203463203463,1.063302752293578,0.030680302356602934,1.1778455284552845,0.081661222585161,1.0180567497850388,0.008947592671495527,0.9983136593591906,-0.0008438818565400844,0.976897689768977,-0.011686143572621035,0.9381933438985737,-0.03188879803761243,1.0215703192407248,0.010670081092616303,1.0331588132635252,0.01630901287553648,1.0286707211120765,0.014132762312633832,1.0862385321100918,0.04133685136323659,1.2032520325203253,0.09225092250922509,0.9853826311263972,-0.0073624945864010395,0.9662731871838112,-0.017152658662092625,0.9455445544554455,-0.027989821882951654,0.9080824088748018,-0.04817275747508306,0.9887834339948232,-0.005639913232104121,0.9679054054054054,-0.01630901287553648,0.9956559513466551,-0.0021767522855899,1.0513761467889908,0.025044722719141325,1.1646341463414633,0.07605633802816901,0.9896818572656921,-0.005185825410544511,0.9704890387858347,-0.014976465554129225,0.9496699669966997,-0.02581464240372408,0.9120443740095087,-0.04600082884376295,0.9930974978429681,-0.003463203463203463,0.9721283783783784,-0.014132762312633832,1.0043630017452008,0.0021767522855899,1.0559633027522937,0.027219991075412762,1.1697154471544715,0.07822014051522248,0.937231298366294,-0.032401242787394584,0.9190556492411467,-0.0421792618629174,0.8993399339933993,-0.052997393570807995,0.8637083993660856,-0.07312925170068027,0.9404659188955996,-0.030680302356602934,0.9206081081081081,-0.04133685136323659,0.9511343804537522,-0.025044722719141325,0.947002606429192,-0.027219991075412762,1.1077235772357723,0.05110896817743491,0.8460877042132416,-0.08337214718211458,0.8296795952782462,-0.09308755760368663,0.8118811881188119,-0.10382513661202186,0.7797147385103012,-0.12377560106856635,0.8490077653149266,-0.081661222585161,0.831081081081081,-0.09225092250922509,0.8586387434554974,-0.07605633802816901,0.8549087749782798,-0.07822014051522248,0.9027522935779817,-0.05110896817743491
3.69,1090,984,1163,1186,1212,1262,1159,1184,1146,1151,0.9806070826306914,-0.009791400595998296,0.9595709570957096,-0.02063157894736842,0.9215530903328051,-0.04082474226804124,1.003451251078516,0.0017226528854435831,0.9822635135135135,-0.008947592671495527,1.0148342059336823,0.0073624945864010395,1.0104257167680277,0.005185825410544511,1.0669724770642202,0.032401242787394584,1.181910569105691,0.08337214718211458,1.0197764402407568,0.009791400595998296,0.9785478547854786,-0.010842368640533779,0.9397781299524565,-0.03104575163398693,1.0232959447799828,0.011513859275053304,1.0016891891891893,0.0008438818565400844,1.0349040139616057,0.017152658662092625,1.0304083405734143,0.014976465554129225,1.0880733944954128,0.0421792618629174,1.2052845528455285,0.09308755760368663,1.0421324161650902,0.02063157894736842,1.0219224283305228,0.010842368640533779,0.9603803486529319,-0.02021018593371059,1.0457290767903364,0.022353437368199072,1.0236486486486487,0.011686143572621035,1.057591623036649,0.027989821882951654,1.052997393570808,0.02581464240372408,1.111926605504587,0.052997393570807995,1.2317073170731707,0.10382513661202186,1.0851246775580397,0.04082474226804124,1.0640809443507588,0.03104575163398693,1.0412541254125414,0.02021018593371059,1.088869715271786,0.042544403139198675,1.0658783783783783,0.03188879803761243,1.1012216404886561,0.04817275747508306,1.0964378801042571,0.04600082884376295,1.1577981651376146,0.07312925170068027,1.282520325203252,0.12377560106856635,0.9965606190885641,-0.0017226528854435831,0.9772344013490725,-0.011513859275053304,0.9562706270627063,-0.022353437368199072,0.9183835182250396,-0.042544403139198675,0.9788851351351351,-0.010670081092616303,1.0113438045375218,0.005639913232104121,1.006950477845352,0.003463203463203463,1.063302752293578,0.030680302356602934,1.1778455284552845,0.081661222585161,1.0180567497850388,0.008947592671495527,0.9983136593591906,-0.0008438818565400844,0.976897689768977,-0.011686143572621035,0.9381933438985737,-0.03188879803761243,1.0215703192407248,0.010670081092616303,1.0331588132635252,0.01630901287553648,1.0286707211120765,0.014132762312633832,1.0862385321100918,0.04133685136323659,1.2032520325203253,0.09225092250922509,0.9853826311263972,-0.0073624945864010395,0.9662731871838112,-0.017152658662092625,0.9455445544554455,-0.027989821882951654,0.9080824088748018,-0.04817275747508306,0.9887834339948232,-0.005639913232104121,0.9679054054054054,-0.01630901287553648,0.9956559513466551,-0.0021767522855899,1.0513761467889908,0.025044722719141325,1.1646341463414633,0.07605633802816901,0.9896818572656921,-0.005185825410544511,0.9704890387858347,-0.014976465554129225,0.9496699669966997,-0.02581464240372408,0.9120443740095087,-0.04600082884376295,0.9930974978429681,-0.003463203463203463,0.9721283783783784,-0.014132762312633832,1.0043630017452008,0.0021767522855899,1.0559633027522937,0.027219991075412762,1.1697154471544715,0.07822014051522248,0.937231298366294,-0.032401242787394584,0.9190556492411467,-0.0421792618629174,0.8993399339933993,-0.052997393570807995,0.8637083993660856,-0.07312925170068027,0.9404659188955996,-0.030680302356602934,0.9206081081081081,-0.04133685136323659,0.9511343804537522,-0.025044722719141325,0.947002606429192,-0.027219991075412762,1.1077235772357723,0.05110896817743491,0.8460877042132416,-0.08337214718211458,0.8296795952782462,-0.09308755760368663,0.8118811881188119,-0.10382513661202186,0.7797147385103012,-0.12377560106856635,0.8490077653149266,-0.081661222585161,0.831081081081081,-0.09225092250922509,0.8586387434554974,-0.07605633802816901,0.8549087749782798,-0.07822014051522248,0.9027522935779817,-0.05110896817743491
4.38,905,826,970,1015,1036,1064,1003,985,964,970,0.9556650246305419,-0.022670025188916875,0.9362934362934363,-0.03290129611166501,0.9116541353383458,-0.046214355948869225,0.967098703888335,-0.016725798276735936,0.9847715736040609,-0.0076726342710997444,1.0062240663900415,0.0031023784901758012,1.0,0.0,1.0718232044198894,0.034666666666666665,1.1743341404358354,0.0801781737193764,1.0463917525773196,0.022670025188916875,0.9797297297297297,-0.010238907849829351,0.9539473684210527,-0.02356902356902357,1.011964107676969,0.005946481665014866,1.0304568527918783,0.015,1.0529045643153527,0.025770591207680646,1.0463917525773196,0.022670025188916875,1.1215469613259668,0.057291666666666664,1.228813559322034,0.10266159695817491,1.068041237113402,0.03290129611166501,1.0206896551724138,0.010238907849829351,0.9736842105263158,-0.013333333333333334,1.032901296111665,0.016184404119666502,1.051776649746193,0.025235032162295893,1.0746887966804979,0.036,1.068041237113402,0.03290129611166501,1.1447513812154697,0.0674909840288511,1.2542372881355932,0.11278195488721804,1.0969072164948455,0.046214355948869225,1.0482758620689656,0.02356902356902357,1.027027027027027,0.013333333333333334,1.0608175473579262,0.029511369134010642,1.0802030456852791,0.038555392874572963,1.103734439834025,0.04930966469428008,1.0969072164948455,0.046214355948869225,1.1756906077348066,0.08075165058405281,1.2881355932203389,0.1259259259259259,1.0340206185567011,0.016725798276735936,0.9881773399014778,-0.005946481665014866,0.9681467181467182,-0.016184404119666502,0.9426691729323309,-0.029511369134010642,1.0182741116751268,0.009054325955734407,1.0404564315352698,0.019827147941026944,1.0340206185567011,0.016725798276735936,1.1082872928176795,0.051362683438155136,1.2142857142857142,0.0967741935483871,1.0154639175257731,0.0076726342710997444,0.9704433497536946,-0.015,0.9507722007722008,-0.025235032162295893,0.9257518796992481,-0.038555392874572963,0.9820538384845464,-0.009054325955734407,1.0217842323651452,0.0107747562852745,1.0154639175257731,0.0076726342710997444,1.0883977900552486,0.042328042328042326,1.1924939467312348,0.08779679734953065,0.9938144329896907,-0.0031023784901758012,0.9497536945812808,-0.025770591207680646,0.9305019305019305,-0.036,0.9060150375939849,-0.04930966469428008,0.9611166500498505,-0.019827147941026944,0.9786802030456853,-0.0107747562852745,0.9938144329896907,-0.0031023784901758012,1.065193370165746,0.03156768325307651,1.1670702179176755,0.07709497206703911,1.0,0.0,0.9556650246305419,-0.022670025188916875,0.9362934362934363,-0.03290129611166501,0.9116541353383458,-0.046214355948869225,0.967098703888335,-0.016725798276735936,0.9847715736040609,-0.0076726342710997444,1.0062240663900415,0.0031023784901758012,1.0718232044198894,0.034666666666666665,1.1743341404358354,0.0801781737193764,0.9329896907216495,-0.034666666666666665,0.8916256157635468,-0.057291666666666664,0.8735521235521235,-0.0674909840288511,0.8505639097744361,-0.08075165058405281,0.9022931206380858,-0.051362683438155136,0.9187817258883249,-0.042328042328042326,0.9387966804979253,-0.03156768325307651,0.9329896907216495,-0.034666666666666665,1.0956416464891041,0.04563835932986713,0.8515463917525773,-0.0801781737193764,0.8137931034482758,-0.10266159695817491,0.7972972972972973,-0.11278195488721804,0.7763157894736842,-0.1259259259259259,0.8235294117647058,-0.0967741935483871,0.8385786802030457,-0.08779679734953065,0.8568464730290456,-0.07709497206703911,0.8515463917525773,-0.0801781737193764,0.912707182320442,-0.04563835932986713
4.68,905,826,970,1015,1036,1064,1003,985,964,970,0.9556650246305419,-0.022670025188916875,0.9362934362934363,-0.03290129611166501,0.9116541353383458,-0.046214355948869225,0.967098703888335,-0.016725798276735936,0.9847715736040609,-0.0076726342710997444,1.0062240663900415,0.0031023784901758012,1.0,0.0,1.0718232044198894,0.034666666666666665,1.1743341404358354,0.0801781737193764,1.0463917525773196,0.022670025188916875,0.9797297297297297,-0.010238907849829351,0.9539473684210527,-0.02356902356902357,1.011964107676969,0.005946481665014866,1.0304568527918783,0.015,1.0529045643153527,0.025770591207680646,1.0463917525773196,0.022670025188916875,1.1215469613259668,0.057291666666666664,1.228813559322034,0.10266159695817491,1.068041237113402,0.03290129611166501,1.0206896551724138,0.010238907849829351,0.9736842105263158,-0.013333333333333334,1.032901296111665,0.016184404119666502,1.051776649746193,0.025235032162295893,1.0746887966804979,0.036,1.068041237113402,0.03290129611166501,1.1447513812154697,0.0674909840288511,1.2542372881355932,0.11278195488721804,1.0969072164948455,0.046214355948869225,1.0482758620689656,0.02356902356902357,1.027027027027027,0.013333333333333334,1.0608175473579262,0.029511369134010642,1.0802030456852791,0.038555392874572963,1.103734439834025,0.04930966469428008,1.0969072164948455,0.046214355948869225,1.1756906077348066,0.08075165058405281,1.2881355932203389,0.1259259259259259,1.0340206185567011,0.016725798276735936,0.9881773399014778,-0.005946481665014866,0.9681467181467182,-0.016184404119666502,0.9426691729323309,-0.029511369134010642,1.0182741116751268,0.009054325955734407,1.0404564315352698,0.019827147941026944,1.0340206185567011,0.016725798276735936,1.1082872928176795,0.051362683438155136,1.2142857142857142,0.0967741935483871,1.0154639175257731,0.0076726342710997444,0.9704433497536946,-0.015,0.9507722007722008,-0.025235032162295893,0.9257518796992481,-0.038555392874572963,0.9820538384845464,-0.009054325955734407,1.0217842323651452,0.0107747562852745,1.0154639175257731,0.0076726342710997444,1.0883977900552486,0.042328042328042326,1.1924939467312348,0.08779679734953065,0.9938144329896907,-0.0031023784901758012,0.9497536945812808,-0.025770591207680646,0.9305019305019305,-0.036,0.9060150375939849,-0.04930966469428008,0.9611166500498505,-0.019827147941026944,0.9786802030456853,-0.0107747562852745,0.9938144329896907,-0.0031023784901758012,1.065193370165746,0.03156768325307651,1.1670702179176755,0.07709497206703911,1.0,0.0,0.9556650246305419,-0.022670025188916875,0.9362934362934363,-0.03290129611166501,0.9116541353383458,-0.046214355948869225,0.967098703888335,-0.016725798276735936,0.9847715736040609,-0.0076726342710997444,1.0062240663900415,0.0031023784901758012,1.0718232044198894,0.034666666666666665,1.1743341404358354,0.0801781737193764,0.9329896907216495,-0.034666666666666665,0.8916256157635468,-0.057291666666666664,0.8735521235521235,-0.0674909840288511,0.8505639097744361,-0.08075165058405281,0.9022931206380858,-0.051362683438155136,0.9187817258883249,-0.042328042328042326,0.9387966804979253,-0.03156768325307651,0.9329896907216495,-0.034666666666666665,1.0956416464891041,0.04563835932986713,0.8515463917525773,-0.0801781737193764,0.8137931034482758,-0.10266159695817491,0.7972972972972973,-0.11278195488721804,0.7763157894736842,-0.1259259259259259,0.8235294117647058,-0.0967741935483871,0.8385786802030457,-0.08779679734953065,0.8568464730290456,-0.07709497206703911,0.8515463917525773,-0.0801781737193764,0.912707182320442,-0.04563835932986713
0.79,357,271,338,373,362,387,359,363,342,345,0.9061662198391421,-0.04922644163150492,0.9337016574585635,-0.03428571428571429,0.8733850129198967,-0.06758620689655172,0.9415041782729805,-0.03012912482065997,0.931129476584022,-0.03566333808844508,0.9883040935672515,-0.0058823529411764705,0.9797101449275363,-0.010248901903367497,0.9467787114845938,-0.027338129496402876,1.2472324723247232,0.11001642036124795,1.1035502958579881,0.04922644163150492,1.0303867403314917,0.014965986394557823,0.9638242894056848,-0.018421052631578946,1.0389972144846797,0.01912568306010929,1.0275482093663912,0.01358695652173913,1.090643274853801,0.043356643356643354,1.0811594202898551,0.03899721448467967,1.0448179271708684,0.021917808219178082,1.3763837638376384,0.15838509316770186,1.0710059171597632,0.03428571428571429,0.9705093833780161,-0.014965986394557823,0.9354005167958657,-0.03337783711615487,1.0083565459610029,0.004160887656033287,0.9972451790633609,-0.001379310344827586,1.0584795321637428,0.028409090909090908,1.0492753623188407,0.024045261669024046,1.0140056022408963,0.006954102920723227,1.3357933579335792,0.14375987361769352,1.1449704142011834,0.06758620689655172,1.0375335120643432,0.018421052631578946,1.069060773480663,0.03337783711615487,1.0779944289693593,0.03753351206434316,1.0661157024793388,0.032,1.131578947368421,0.06172839506172839,1.1217391304347826,0.05737704918032787,1.084033613445378,0.04032258064516129,1.4280442804428044,0.1762917933130699,1.0621301775147929,0.03012912482065997,0.9624664879356568,-0.01912568306010929,0.9917127071823204,-0.004160887656033287,0.9276485788113695,-0.03753351206434316,0.9889807162534435,-0.00554016620498615,1.0497076023391814,0.024251069900142655,1.0405797101449274,0.019886363636363636,1.0056022408963585,0.002793296089385475,1.3247232472324724,0.13968253968253969,1.0739644970414202,0.03566333808844508,0.9731903485254692,-0.01358695652173913,1.0027624309392265,0.001379310344827586,0.937984496124031,-0.032,1.011142061281337,0.00554016620498615,1.0614035087719298,0.029787234042553193,1.0521739130434782,0.025423728813559324,1.0168067226890756,0.008333333333333333,1.3394833948339484,0.14511041009463724,1.0118343195266273,0.0058823529411764705,0.9168900804289544,-0.043356643356643354,0.9447513812154696,-0.028409090909090908,0.8837209302325582,-0.06172839506172839,0.9526462395543176,-0.024251069900142655,0.9421487603305785,-0.029787234042553193,0.991304347826087,-0.004366812227074236,0.957983193277311,-0.02145922746781116,1.2619926199261993,0.11582381729200653,1.0207100591715976,0.010248901903367497,0.9249329758713136,-0.03899721448467967,0.9530386740331491,-0.024045261669024046,0.8914728682170543,-0.05737704918032787,0.9610027855153204,-0.019886363636363636,0.9504132231404959,-0.025423728813559324,1.0087719298245614,0.004366812227074236,0.9663865546218487,-0.017094017094017096,1.2730627306273063,0.12012987012987013,1.0562130177514792,0.027338129496402876,0.9571045576407506,-0.021917808219178082,0.9861878453038674,-0.006954102920723227,0.9224806201550387,-0.04032258064516129,0.9944289693593314,-0.002793296089385475,0.9834710743801653,-0.008333333333333333,1.043859649122807,0.02145922746781116,1.0347826086956522,0.017094017094017096,1.3173431734317342,0.13694267515923567,0.8017751479289941,-0.11001642036124795,0.7265415549597856,-0.15838509316770186,0.7486187845303868,-0.14375987361769352,0.7002583979328165,-0.1762917933130699,0.754874651810585,-0.13968253968253969,0.7465564738292011,-0.14511041009463724,0.7923976608187134,-0.11582381729200653,0.7855072463768116,-0.12012987012987013,0.7591036414565826,-0.13694267515923567
0.51,719,634,720,769,780,828,768,753,695,739,0.9362808842652796,-0.03290799194089993,0.9230769230769231,-0.04,0.8695652173913043,-0.06976744186046512,0.9375,-0.03225806451612903,0.9561752988047809,-0.02240325865580448,1.0359712230215827,0.0176678445229682,0.9742895805142084,-0.013022618231665525,1.0013908205841446,0.0006949270326615705,1.135646687697161,0.06351550960118169,1.0680555555555555,0.03290799194089993,0.985897435897436,-0.0071013557133634605,0.928743961352657,-0.036944270507201005,1.0013020833333333,0.0006506180871828237,1.0212483399734396,0.010512483574244415,1.106474820143885,0.050546448087431695,1.040595399188092,0.01989389920424403,1.0695410292072323,0.033602150537634407,1.2129337539432177,0.0962223806129722,1.0833333333333333,0.04,1.0143042912873863,0.0071013557133634605,0.9420289855072463,-0.029850746268656716,1.015625,0.007751937984496124,1.0358565737051793,0.01761252446183953,1.1223021582733812,0.0576271186440678,1.0554803788903924,0.026991441737985518,1.0848400556328233,0.040693795863909275,1.2302839116719242,0.10325318246110325,1.15,0.06976744186046512,1.0767230169050714,0.036944270507201005,1.0615384615384615,0.029850746268656716,1.078125,0.03759398496240601,1.099601593625498,0.04743833017077799,1.1913669064748202,0.08732764281024294,1.1204330175913397,0.05679642629227824,1.1515994436717663,0.07045895281189399,1.3059936908517351,0.1326949384404925,1.0666666666666667,0.03225806451612903,0.9986996098829649,-0.0006506180871828237,0.9846153846153847,-0.007751937984496124,0.927536231884058,-0.03759398496240601,1.0199203187250996,0.009861932938856016,1.1050359712230216,0.04989747095010253,1.0392422192151556,0.019243530192435302,1.0681502086230876,0.03295225285810356,1.2113564668769716,0.09557774607703282,1.0458333333333334,0.02240325865580448,0.9791937581274383,-0.010512483574244415,0.9653846153846154,-0.01761252446183953,0.9094202898550725,-0.04743833017077799,0.98046875,-0.009861932938856016,1.083453237410072,0.04005524861878453,1.0189445196211095,0.00938337801608579,1.0472878998609179,0.02309782608695652,1.1876971608832807,0.08579668348954578,0.9652777777777778,-0.0176678445229682,0.9037711313394018,-0.050546448087431695,0.8910256410256411,-0.0576271186440678,0.8393719806763285,-0.08732764281024294,0.9049479166666666,-0.04989747095010253,0.9229747675962815,-0.04005524861878453,0.9404600811907984,-0.030683403068340307,0.9666203059805285,-0.016973125884016973,1.0962145110410095,0.04589917231000752,1.0263888888888888,0.013022618231665525,0.9609882964889467,-0.01989389920424403,0.9474358974358974,-0.026991441737985518,0.892512077294686,-0.05679642629227824,0.9622395833333334,-0.019243530192435302,0.9814077025232404,-0.00938337801608579,1.0633093525179855,0.030683403068340307,1.027816411682893,0.013717421124828532,1.165615141955836,0.0764748725418791,0.9986111111111111,-0.0006949270326615705,0.9349804941482445,-0.033602150537634407,0.9217948717948717,-0.040693795863909275,0.8683574879227053,-0.07045895281189399,0.9361979166666666,-0.03295225285810356,0.9548472775564409,-0.02309782608695652,1.0345323741007195,0.016973125884016973,0.972936400541272,-0.013717421124828532,1.1340694006309149,0.06282335550628233,0.8805555555555555,-0.06351550960118169,0.8244473342002601,-0.0962223806129722,0.8128205128205128,-0.10325318246110325,0.7657004830917874,-0.1326949384404925,0.8255208333333334,-0.09557774607703282,0.8419654714475432,-0.08579668348954578,0.9122302158273381,-0.04589917231000752,0.857916102841678,-0.0764748725418791,0.8817802503477051,-0.06282335550628233
0.72,719,634,720,769,780,828,768,753,695,739,0.9362808842652796,-0.03290799194089993,0.9230769230769231,-0.04,0.8695652173913043,-0.06976744186046512,0.9375,-0.03225806451612903,0.9561752988047809,-0.02240325865580448,1.0359712230215827,0.0176678445229682,0.9742895805142084,-0.013022618231665525,1.0013908205841446,0.0006949270326615705,1.135646687697161,0.06351550960118169,1.0680555555555555,0.03290799194089993,0.985897435897436,-0.0071013557133634605,0.928743961352657,-0.036944270507201005,1.0013020833333333,0.0006506180871828237,1.0212483399734396,0.010512483574244415,1.106474820143885,0.050546448087431695,1.040595399188092,0.01989389920424403,1.0695410292072323,0.033602150537634407,1.2129337539432177,0.0962223806129722,1.0833333333333333,0.04,1.0143042912873863,0.0071013557133634605,0.9420289855072463,-0.029850746268656716,1.015625,0.007751937984496124,1.0358565737051793,0.01761252446183953,1.1223021582733812,0.0576271186440678,1.0554803788903924,0.026991441737985518,1.0848400556328233,0.040693795863909275,1.2302839116719242,0.10325318246110325,1.15,0.06976744186046512,1.0767230169050714,0.036944270507201005,1.0615384615384615,0.029850746268656716,1.078125,0.03759398496240601,1.099601593625498,0.04743833017077799,1.1913669064748202,0.08732764281024294,1.1204330175913397,0.05679642629227824,1.1515994436717663,0.07045895281189399,1.3059936908517351,0.1326949384404925,1.0666666666666667,0.03225806451612903,0.9986996098829649,-0.0006506180871828237,0.9846153846153847,-0.007751937984496124,0.927536231884058,-0.03759398496240601,1.0199203187250996,0.009861932938856016,1.1050359712230216,0.04989747095010253,1.0392422192151556,0.019243530192435302,1.0681502086230876,0.03295225285810356,1.2113564668769716,0.09557774607703282,1.0458333333333334,0.02240325865580448,0.9791937581274383,-0.010512483574244415,0.9653846153846154,-0.01761252446183953,0.9094202898550725,-0.04743833017077799,0.98046875,-0.009861932938856016,1.083453237410072,0.04005524861878453,1.0189445196211095,0.00938337801608579,1.0472878998609179,0.02309782608695652,1.1876971608832807,0.08579668348954578,0.9652777777777778,-0.0176678445229682,0.9037711313394018,-0.050546448087431695,0.8910256410256411,-0.0576271186440678,0.8393719806763285,-0.08732764281024294,0.9049479166666666,-0.04989747095010253,0.9229747675962815,-0.04005524861878453,0.9404600811907984,-0.030683403068340307,0.9666203059805285,-0.016973125884016973,1.0962145110410095,0.04589917231000752,1.0263888888888888,0.013022618231665525,0.9609882964889467,-0.01989389920424403,0.9474358974358974,-0.026991441737985518,0.892512077294686,-0.05679642629227824,0.9622395833333334,-0.019243530192435302,0.9814077025232404,-0.00938337801608579,1.0633093525179855,0.030683403068340307,1.027816411682893,0.013717421124828532,1.165615141955836,0.0764748725418791,0.9986111111111111,-0.0006949270326615705,0.9349804941482445,-0.033602150537634407,0.9217948717948717,-0.040693795863909275,0.8683574879227053,-0.07045895281189399,0.9361979166666666,-0.03295225285810356,0.9548472775564409,-0.02309782608695652,1.0345323741007195,0.016973125884016973,0.972936400541272,-0.013717421124828532,1.1340694006309149,0.06282335550628233,0.8805555555555555,-0.06351550960118169,0.8244473342002601,-0.0962223806129722,0.8128205128205128,-0.10325318246110325,0.7657004830917874,-0.1326949384404925,0.8255208333333334,-0.09557774607703282,0.8419654714475432,-0.08579668348954578,0.9122302158273381,-0.04589917231000752,0.857916102841678,-0.0764748725418791,0.8817802503477051,-0.06282335550628233
6.14,20,23,115,76,53,58,50,58,32,30,1.513157894736842,0.20418848167539266,2.169811320754717,0.36904761904761907,1.9827586206896552,0.32947976878612717,2.3,0.3939393939393939,1.9827586206896552,0.32947976878612717,3.59375,0.564625850340136,3.8333333333333335,0.5862068965517241,5.75,0.7037037037037037,5.0,0.6666666666666666,0.6608695652173913,-0.20418848167539266,1.4339622641509433,0.17829457364341086,1.3103448275862069,0.13432835820895522,1.52,0.20634920634920634,1.3103448275862069,0.13432835820895522,2.375,0.4074074074074074,2.533333333333333,0.4339622641509434,3.8,0.5833333333333334,3.3043478260869565,0.5353535353535354,0.4608695652173913,-0.36904761904761907,0.6973684210526315,-0.17829457364341086,0.9137931034482759,-0.04504504504504504,1.06,0.02912621359223301,0.9137931034482759,-0.04504504504504504,1.65625,0.24705882352941178,1.7666666666666666,0.27710843373493976,2.65,0.4520547945205479,2.3043478260869565,0.39473684210526316,0.5043478260869565,-0.32947976878612717,0.7631578947368421,-0.13432835820895522,1.0943396226415094,0.04504504504504504,1.16,0.07407407407407407,1.0,0.0,1.8125,0.28888888888888886,1.9333333333333333,0.3181818181818182,2.9,0.48717948717948717,2.5217391304347827,0.43209876543209874,0.43478260869565216,-0.3939393939393939,0.6578947368421053,-0.20634920634920634,0.9433962264150944,-0.02912621359223301,0.8620689655172413,-0.07407407407407407,0.8620689655172413,-0.07407407407407407,1.5625,0.21951219512195122,1.6666666666666667,0.25,2.5,0.42857142857142855,2.1739130434782608,0.3698630136986301,0.5043478260869565,-0.32947976878612717,0.7631578947368421,-0.13432835820895522,1.0943396226415094,0.04504504504504504,1.0,0.0,1.16,0.07407407407407407,1.8125,0.28888888888888886,1.9333333333333333,0.3181818181818182,2.9,0.48717948717948717,2.5217391304347827,0.43209876543209874,0.2782608695652174,-0.564625850340136,0.42105263157894735,-0.4074074074074074,0.6037735849056604,-0.24705882352941178,0.5517241379310345,-0.28888888888888886,0.64,-0.21951219512195122,0.5517241379310345,-0.28888888888888886,1.0666666666666667,0.03225806451612903,1.6,0.23076923076923078,1.391304347826087,0.16363636363636364,0.2608695652173913,-0.5862068965517241,0.39473684210526316,-0.4339622641509434,0.5660377358490566,-0.27710843373493976,0.5172413793103449,-0.3181818181818182,0.6,-0.25,0.5172413793103449,-0.3181818181818182,0.9375,-0.03225806451612903,1.5,0.2,1.3043478260869565,0.1320754716981132,0.17391304347826086,-0.7037037037037037,0.2631578947368421,-0.5833333333333334,0.37735849056603776,-0.4520547945205479,0.3448275862068966,-0.48717948717948717,0.4,-0.42857142857142855,0.3448275862068966,-0.48717948717948717,0.625,-0.23076923076923078,0.6666666666666666,-0.2,0.8695652173913043,-0.06976744186046512,0.2,-0.6666666666666666,0.3026315789473684,-0.5353535353535354,0.4339622641509434,-0.39473684210526316,0.39655172413793105,-0.43209876543209874,0.46,-0.3698630136986301,0.39655172413793105,-0.43209876543209874,0.71875,-0.16363636363636364,0.7666666666666667,-0.1320754716981132,1.15,0.06976744186046512
5.78,20,23,115,76,53,58,50,58,32,30,1.513157894736842,0.20418848167539266,2.169811320754717,0.36904761904761907,1.9827586206896552,0.32947976878612717,2.3,0.3939393939393939,1.9827586206896552,0.32947976878612717,3.59375,0.564625850340136,3.8333333333333335,0.5862068965517241,5.75,0.7037037037037037,5.0,0.6666666666666666,0.6608695652173913,-0.20418848167539266,1.4339622641509433,0.17829457364341086,1.3103448275862069,0.13432835820895522,1.52,0.20634920634920634,1.3103448275862069,0.13432835820895522,2.375,0.4074074074074074,2.533333333333333,0.4339622641509434,3.8,0.5833333333333334,3.3043478260869565,0.5353535353535354,0.4608695652173913,-0.36904761904761907,0.6973684210526315,-0.17829457364341086,0.9137931034482759,-0.04504504504504504,1.06,0.02912621359223301,0.9137931034482759,-0.04504504504504504,1.65625,0.24705882352941178,1.7666666666666666,0.27710843373493976,2.65,0.4520547945205479,2.3043478260869565,0.39473684210526316,0.5043478260869565,-0.32947976878612717,0.7631578947368421,-0.13432835820895522,1.0943396226415094,0.04504504504504504,1.16,0.07407407407407407,1.0,0.0,1.8125,0.28888888888888886,1.9333333333333333,0.3181818181818182,2.9,0.48717948717948717,2.5217391304347827,0.43209876543209874,0.43478260869565216,-0.3939393939393939,0.6578947368421053,-0.20634920634920634,0.9433962264150944,-0.02912621359223301,0.8620689655172413,-0.07407407407407407,0.8620689655172413,-0.07407407407407407,1.5625,0.21951219512195122,1.6666666666666667,0.25,2.5,0.42857142857142855,2.1739130434782608,0.3698630136986301,0.5043478260869565,-0.32947976878612717,0.7631578947368421,-0.13432835820895522,1.0943396226415094,0.04504504504504504,1.0,0.0,1.16,0.07407407407407407,1.8125,0.28888888888888886,1.9333333333333333,0.3181818181818182,2.9,0.48717948717948717,2.5217391304347827,0.43209876543209874,0.2782608695652174,-0.564625850340136,0.42105263157894735,-0.4074074074074074,0.6037735849056604,-0.24705882352941178,0.5517241379310345,-0.28888888888888886,0.64,-0.21951219512195122,0.5517241379310345,-0.28888888888888886,1.0666666666666667,0.03225806451612903,1.6,0.23076923076923078,1.391304347826087,0.16363636363636364,0.2608695652173913,-0.5862068965517241,0.39473684210526316,-0.4339622641509434,0.5660377358490566,-0.27710843373493976,0.5172413793103449,-0.3181818181818182,0.6,-0.25,0.5172413793103449,-0.3181818181818182,0.9375,-0.03225806451612903,1.5,0.2,1.3043478260869565,0.1320754716981132,0.17391304347826086,-0.7037037037037037,0.2631578947368421,-0.5833333333333334,0.37735849056603776,-0.4520547945205479,0.3448275862068966,-0.48717948717948717,0.4,-0.42857142857142855,0.3448275862068966,-0.48717948717948717,0.625,-0.23076923076923078,0.6666666666666666,-0.2,0.8695652173913043,-0.06976744186046512,0.2,-0.6666666666666666,0.3026315789473684,-0.5353535353535354,0.4339622641509434,-0.39473684210526316,0.39655172413793105,-0.43209876543209874,0.46,-0.3698630136986301,0.39655172413793105,-0.43209876543209874,0.71875,-0.16363636363636364,0.7666666666666667,-0.1320754716981132,1.15,0.06976744186046512
5.63,34,25,92,60,52,62,46,64,41,20,1.5333333333333334,0.21052631578947367,1.7692307692307692,0.2777777777777778,1.4838709677419355,0.19480519480519481,2.0,0.3333333333333333,1.4375,0.1794871794871795,2.2439024390243905,0.38345864661654133,4.6,0.6428571428571429,2.7058823529411766,0.4603174603174603,3.68,0.5726495726495726,0.6521739130434783,-0.21052631578947367,1.1538461538461537,0.07142857142857142,0.967741935483871,-0.01639344262295082,1.3043478260869565,0.1320754716981132,0.9375,-0.03225806451612903,1.4634146341463414,0.18811881188118812,3.0,0.5,1.7647058823529411,0.2765957446808511,2.4,0.4117647058823529,0.5652173913043478,-0.2777777777777778,0.8666666666666667,-0.07142857142857142,0.8387096774193549,-0.08771929824561403,1.1304347826086956,0.061224489795918366,0.8125,-0.10344827586206896,1.2682926829268293,0.11827956989247312,2.6,0.4444444444444444,1.5294117647058822,0.20930232558139536,2.08,0.35064935064935066,0.6739130434782609,-0.19480519480519481,1.0333333333333334,0.01639344262295082,1.1923076923076923,0.08771929824561403,1.3478260869565217,0.14814814814814814,0.96875,-0.015873015873015872,1.5121951219512195,0.20388349514563106,3.1,0.5121951219512195,1.8235294117647058,0.2916666666666667,2.48,0.42528735632183906,0.5,-0.3333333333333333,0.7666666666666667,-0.1320754716981132,0.8846153846153846,-0.061224489795918366,0.7419354838709677,-0.14814814814814814,0.71875,-0.16363636363636364,1.1219512195121952,0.05747126436781609,2.3,0.3939393939393939,1.3529411764705883,0.15,1.84,0.29577464788732394,0.6956521739130435,-0.1794871794871795,1.0666666666666667,0.03225806451612903,1.2307692307692308,0.10344827586206896,1.032258064516129,0.015873015873015872,1.391304347826087,0.16363636363636364,1.5609756097560976,0.21904761904761905,3.2,0.5238095238095238,1.8823529411764706,0.30612244897959184,2.56,0.43820224719101125,0.44565217391304346,-0.38345864661654133,0.6833333333333333,-0.18811881188118812,0.7884615384615384,-0.11827956989247312,0.6612903225806451,-0.20388349514563106,0.8913043478260869,-0.05747126436781609,0.640625,-0.21904761904761905,2.05,0.3442622950819672,1.2058823529411764,0.09333333333333334,1.64,0.24242424242424243,0.21739130434782608,-0.6428571428571429,0.3333333333333333,-0.5,0.38461538461538464,-0.4444444444444444,0.3225806451612903,-0.5121951219512195,0.43478260869565216,-0.3939393939393939,0.3125,-0.5238095238095238,0.4878048780487805,-0.3442622950819672,0.5882352941176471,-0.25925925925925924,0.8,-0.1111111111111111,0.3695652173913043,-0.4603174603174603,0.5666666666666667,-0.2765957446808511,0.6538461538461539,-0.20930232558139536,0.5483870967741935,-0.2916666666666667,0.7391304347826086,-0.15,0.53125,-0.30612244897959184,0.8292682926829268,-0.09333333333333334,1.7,0.25925925925925924,1.36,0.15254237288135594,0.2717391304347826,-0.5726495726495726,0.4166666666666667,-0.4117647058823529,0.4807692307692308,-0.35064935064935066,0.4032258064516129,-0.42528735632183906,0.5434782608695652,-0.29577464788732394,0.390625,-0.43820224719101125,0.6097560975609756,-0.24242424242424243,1.25,0.1111111111111111,0.7352941176470589,-0.15254237288135594
5.62,34,25,92,60,52,62,46,64,41,20,1.5333333333333334,0.21052631578947367,1.7692307692307692,0.2777777777777778,1.4838709677419355,0.19480519480519481,2.0,0.3333333333333333,1.4375,0.1794871794871795,2.2439024390243905,0.38345864661654133,4.6,0.6428571428571429,2.7058823529411766,0.4603174603174603,3.68,0.5726495726495726,0.6521739130434783,-0.21052631578947367,1.1538461538461537,0.07142857142857142,0.967741935483871,-0.01639344262295082,1.3043478260869565,0.1320754716981132,0.9375,-0.03225806451612903,1.4634146341463414,0.18811881188118812,3.0,0.5,1.7647058823529411,0.2765957446808511,2.4,0.4117647058823529,0.5652173913043478,-0.2777777777777778,0.8666666666666667,-0.07142857142857142,0.8387096774193549,-0.08771929824561403,1.1304347826086956,0.061224489795918366,0.8125,-0.10344827586206896,1.2682926829268293,0.11827956989247312,2.6,0.4444444444444444,1.5294117647058822,0.20930232558139536,2.08,0.35064935064935066,0.6739130434782609,-0.19480519480519481,1.0333333333333334,0.01639344262295082,1.1923076923076923,0.08771929824561403,1.3478260869565217,0.14814814814814814,0.96875,-0.015873015873015872,1.5121951219512195,0.20388349514563106,3.1,0.5121951219512195,1.8235294117647058,0.2916666666666667,2.48,0.42528735632183906,0.5,-0.3333333333333333,0.7666666666666667,-0.1320754716981132,0.8846153846153846,-0.061224489795918366,0.7419354838709677,-0.14814814814814814,0.71875,-0.16363636363636364,1.1219512195121952,0.05747126436781609,2.3,0.3939393939393939,1.3529411764705883,0.15,1.84,0.29577464788732394,0.6956521739130435,-0.1794871794871795,1.0666666666666667,0.03225806451612903,1.2307692307692308,0.10344827586206896,1.032258064516129,0.015873015873015872,1.391304347826087,0.16363636363636364,1.5609756097560976,0.21904761904761905,3.2,0.5238095238095238,1.8823529411764706,0.30612244897959184,2.56,0.43820224719101125,0.44565217391304346,-0.38345864661654133,0.6833333333333333,-0.18811881188118812,0.7884615384615384,-0.11827956989247312,0.6612903225806451,-0.20388349514563106,0.8913043478260869,-0.05747126436781609,0.640625,-0.21904761904761905,2.05,0.3442622950819672,1.2058823529411764,0.09333333333333334,1.64,0.24242424242424243,0.21739130434782608,-0.6428571428571429,0.3333333333333333,-0.5,0.38461538461538464,-0.4444444444444444,0.3225806451612903,-0.5121951219512195,0.43478260869565216,-0.3939393939393939,0.3125,-0.5238095238095238,0.4878048780487805,-0.3442622950819672,0.5882352941176471,-0.25925925925925924,0.8,-0.1111111111111111,0.3695652173913043,-0.4603174603174603,0.5666666666666667,-0.2765957446808511,0.6538461538461539,-0.20930232558139536,0.5483870967741935,-0.2916666666666667,0.7391304347826086,-0.15,0.53125,-0.30612244897959184,0.8292682926829268,-0.09333333333333334,1.7,0.25925925925925924,1.36,0.15254237288135594,0.2717391304347826,-0.5726495726495726,0.4166666666666667,-0.4117647058823529,0.4807692307692308,-0.35064935064935066,0.4032258064516129,-0.42528735632183906,0.5434782608695652,-0.29577464788732394,0.390625,-0.43820224719101125,0.6097560975609756,-0.24242424242424243,1.25,0.1111111111111111,0.7352941176470589,-0.15254237288135594
5.25,6,11,47,65,60,60,38,41,38,23,0.7230769230769231,-0.16071428571428573,0.7833333333333333,-0.12149532710280374,0.7833333333333333,-0.12149532710280374,1.236842105263158,0.10588235294117647,1.146341463414634,0.06818181818181818,1.236842105263158,0.10588235294117647,2.0434782608695654,0.34285714285714286,7.833333333333333,0.7735849056603774,4.2727272727272725,0.6206896551724138,1.3829787234042554,0.16071428571428573,1.0833333333333333,0.04,1.0833333333333333,0.04,1.7105263157894737,0.2621359223300971,1.5853658536585367,0.22641509433962265,1.7105263157894737,0.2621359223300971,2.8260869565217392,0.4772727272727273,10.833333333333334,0.8309859154929577,5.909090909090909,0.7105263157894737,1.2765957446808511,0.12149532710280374,0.9230769230769231,-0.04,1.0,0.0,1.5789473684210527,0.22448979591836735,1.4634146341463414,0.18811881188118812,1.5789473684210527,0.22448979591836735,2.608695652173913,0.4457831325301205,10.0,0.8181818181818182,5.454545454545454,0.6901408450704225,1.2765957446808511,0.12149532710280374,0.9230769230769231,-0.04,1.0,0.0,1.5789473684210527,0.22448979591836735,1.4634146341463414,0.18811881188118812,1.5789473684210527,0.22448979591836735,2.608695652173913,0.4457831325301205,10.0,0.8181818181818182,5.454545454545454,0.6901408450704225,0.8085106382978723,-0.10588235294117647,0.5846153846153846,-0.2621359223300971,0.6333333333333333,-0.22448979591836735,0.6333333333333333,-0.22448979591836735,0.926829268292683,-0.0379746835443038,1.0,0.0,1.6521739130434783,0.2459016393442623,6.333333333333333,0.7272727272727273,3.4545454545454546,0.5510204081632653,0.8723404255319149,-0.06818181818181818,0.6307692307692307,-0.22641509433962265,0.6833333333333333,-0.18811881188118812,0.6833333333333333,-0.18811881188118812,1.0789473684210527,0.0379746835443038,1.0789473684210527,0.0379746835443038,1.7826086956521738,0.28125,6.833333333333333,0.7446808510638298,3.727272727272727,0.5769230769230769,0.8085106382978723,-0.10588235294117647,0.5846153846153846,-0.2621359223300971,0.6333333333333333,-0.22448979591836735,0.6333333333333333,-0.22448979591836735,1.0,0.0,0.926829268292683,-0.0379746835443038,1.6521739130434783,0.2459016393442623,6.333333333333333,0.7272727272727273,3.4545454545454546,0.5510204081632653,0.48936170212765956,-0.34285714285714286,0.35384615384615387,-0.4772727272727273,0.38333333333333336,-0.4457831325301205,0.38333333333333336,-0.4457831325301205,0.6052631578947368,-0.2459016393442623,0.5609756097560976,-0.28125,0.6052631578947368,-0.2459016393442623,3.8333333333333335,0.5862068965517241,2.090909090909091,0.35294117647058826,0.1276595744680851,-0.7735849056603774,0.09230769230769231,-0.8309859154929577,0.1,-0.8181818181818182,0.1,-0.8181818181818182,0.15789473684210525,-0.7272727272727273,0.14634146341463414,-0.7446808510638298,0.15789473684210525,-0.7272727272727273,0.2608695652173913,-0.5862068965517241,0.5454545454545454,-0.29411764705882354,0.23404255319148937,-0.6206896551724138,0.16923076923076924,-0.7105263157894737,0.18333333333333332,-0.6901408450704225,0.18333333333333332,-0.6901408450704225,0.2894736842105263,-0.5510204081632653,0.2682926829268293,-0.5769230769230769,0.2894736842105263,-0.5510204081632653,0.4782608695652174,-0.35294117647058826,1.8333333333333333,0.29411764705882354
5.16,6,11,47,65,60,60,38,41,38,23,0.7230769230769231,-0.16071428571428573,0.7833333333333333,-0.12149532710280374,0.7833333333333333,-0.12149532710280374,1.236842105263158,0.10588235294117647,1.146341463414634,0.06818181818181818,1.236842105263158,0.10588235294117647,2.0434782608695654,0.34285714285714286,7.833333333333333,0.7735849056603774,4.2727272727272725,0.6206896551724138,1.3829787234042554,0.16071428571428573,1.0833333333333333,0.04,1.0833333333333333,0.04,1.7105263157894737,0.2621359223300971,1.5853658536585367,0.22641509433962265,1.7105263157894737,0.2621359223300971,2.8260869565217392,0.4772727272727273,10.833333333333334,0.8309859154929577,5.909090909090909,0.7105263157894737,1.2765957446808511,0.12149532710280374,0.9230769230769231,-0.04,1.0,0.0,1.5789473684210527,0.22448979591836735,1.4634146341463414,0.18811881188118812,1.5789473684210527,0.22448979591836735,2.608695652173913,0.4457831325301205,10.0,0.8181818181818182,5.454545454545454,0.6901408450704225,1.2765957446808511,0.12149532710280374,0.9230769230769231,-0.04,1.0,0.0,1.5789473684210527,0.22448979591836735,1.4634146341463414,0.18811881188118812,1.5789473684210527,0.22448979591836735,2.608695652173913,0.4457831325301205,10.0,0.8181818181818182,5.454545454545454,0.6901408450704225,0.8085106382978723,-0.10588235294117647,0.5846153846153846,-0.2621359223300971,0.6333333333333333,-0.22448979591836735,0.6333333333333333,-0.22448979591836735,0.926829268292683,-0.0379746835443038,1.0,0.0,1.6521739130434783,0.2459016393442623,6.333333333333333,0.7272727272727273,3.4545454545454546,0.5510204081632653,0.8723404255319149,-0.06818181818181818,0.6307692307692307,-0.22641509433962265,0.6833333333333333,-0.18811881188118812,0.6833333333333333,-0.18811881188118812,1.0789473684210527,0.0379746835443038,1.0789473684210527,0.0379746835443038,1.7826086956521738,0.28125,6.833333333333333,0.7446808510638298,3.727272727272727,0.5769230769230769,0.8085106382978723,-0.10588235294117647,0.5846153846153846,-0.2621359223300971,0.6333333333333333,-0.22448979591836735,0.6333333333333333,-0.22448979591836735,1.0,0.0,0.926829268292683,-0.0379746835443038,1.6521739130434783,0.2459016393442623,6.333333333333333,0.7272727272727273,3.4545454545454546,0.5510204081632653,0.48936170212765956,-0.34285714285714286,0.35384615384615387,-0.4772727272727273,0.38333333333333336,-0.4457831325301205,0.38333333333333336,-0.4457831325301205,0.6052631578947368,-0.2459016393442623,0.5609756097560976,-0.28125,0.6052631578947368,-0.2459016393442623,3.8333333333333335,0.5862068965517241,2.090909090909091,0.35294117647058826,0.1276595744680851,-0.7735849056603774,0.09230769230769231,-0.8309859154929577,0.1,-0.8181818181818182,0.1,-0.8181818181818182,0.15789473684210525,-0.7272727272727273,0.14634146341463414,-0.7446808510638298,0.15789473684210525,-0.7272727272727273,0.2608695652173913,-0.5862068965517241,0.5454545454545454,-0.29411764705882354,0.23404255319148937,-0.6206896551724138,0.16923076923076924,-0.7105263157894737,0.18333333333333332,-0.6901408450704225,0.18333333333333332,-0.6901408450704225,0.2894736842105263,-0.5510204081632653,0.2682926829268293,-0.5769230769230769,0.2894736842105263,-0.5510204081632653,0.4782608695652174,-0.35294117647058826,1.8333333333333333,0.29411764705882354
6.95,14,17,31,46,54,60,22,23,19,2,0.6739130434782609,-0.19480519480519481,0.5740740740740741,-0.27058823529411763,0.5166666666666667,-0.31868131868131866,1.4090909090909092,0.16981132075471697,1.3478260869565217,0.14814814814814814,1.631578947368421,0.24,15.5,0.8787878787878788,2.2142857142857144,0.37777777777777777,1.8235294117647058,0.2916666666666667,1.4838709677419355,0.19480519480519481,0.8518518518518519,-0.08,0.7666666666666667,-0.1320754716981132,2.090909090909091,0.35294117647058826,2.0,0.3333333333333333,2.4210526315789473,0.4153846153846154,23.0,0.9166666666666666,3.2857142857142856,0.5333333333333333,2.7058823529411766,0.4603174603174603,1.7419354838709677,0.27058823529411763,1.173913043478261,0.08,0.9,-0.05263157894736842,2.4545454545454546,0.42105263157894735,2.347826086956522,0.4025974025974026,2.8421052631578947,0.4794520547945205,27.0,0.9285714285714286,3.857142857142857,0.5882352941176471,3.176470588235294,0.5211267605633803,1.935483870967742,0.31868131868131866,1.3043478260869565,0.1320754716981132,1.1111111111111112,0.05263157894736842,2.727272727272727,0.4634146341463415,2.608695652173913,0.4457831325301205,3.1578947368421053,0.5189873417721519,30.0,0.9354838709677419,4.285714285714286,0.6216216216216216,3.5294117647058822,0.5584415584415584,0.7096774193548387,-0.16981132075471697,0.4782608695652174,-0.35294117647058826,0.4074074074074074,-0.42105263157894735,0.36666666666666664,-0.4634146341463415,0.9565217391304348,-0.022222222222222223,1.1578947368421053,0.07317073170731707,11.0,0.8333333333333334,1.5714285714285714,0.2222222222222222,1.2941176470588236,0.1282051282051282,0.7419354838709677,-0.14814814814814814,0.5,-0.3333333333333333,0.42592592592592593,-0.4025974025974026,0.38333333333333336,-0.4457831325301205,1.0454545454545454,0.022222222222222223,1.2105263157894737,0.09523809523809523,11.5,0.84,1.6428571428571428,0.24324324324324326,1.3529411764705883,0.15,0.6129032258064516,-0.24,0.41304347826086957,-0.4153846153846154,0.35185185185185186,-0.4794520547945205,0.31666666666666665,-0.5189873417721519,0.8636363636363636,-0.07317073170731707,0.8260869565217391,-0.09523809523809523,9.5,0.8095238095238095,1.3571428571428572,0.15151515151515152,1.1176470588235294,0.05555555555555555,0.06451612903225806,-0.8787878787878788,0.043478260869565216,-0.9166666666666666,0.037037037037037035,-0.9285714285714286,0.03333333333333333,-0.9354838709677419,0.09090909090909091,-0.8333333333333334,0.08695652173913043,-0.84,0.10526315789473684,-0.8095238095238095,0.14285714285714285,-0.75,0.11764705882352941,-0.7894736842105263,0.45161290322580644,-0.37777777777777777,0.30434782608695654,-0.5333333333333333,0.25925925925925924,-0.5882352941176471,0.23333333333333334,-0.6216216216216216,0.6363636363636364,-0.2222222222222222,0.6086956521739131,-0.24324324324324326,0.7368421052631579,-0.15151515151515152,7.0,0.75,0.8235294117647058,-0.0967741935483871,0.5483870967741935,-0.2916666666666667,0.3695652173913043,-0.4603174603174603,0.3148148148148148,-0.5211267605633803,0.2833333333333333,-0.5584415584415584,0.7727272727272727,-0.1282051282051282,0.7391304347826086,-0.15,0.8947368421052632,-0.05555555555555555,8.5,0.7894736842105263,1.2142857142857142,0.0967741935483871
6.1,14,17,31,46,54,60,22,23,19,2,0.6739130434782609,-0.19480519480519481,0.5740740740740741,-0.27058823529411763,0.5166666666666667,-0.31868131868131866,1.4090909090909092,0.16981132075471697,1.3478260869565217,0.14814814814814814,1.631578947368421,0.24,15.5,0.8787878787878788,2.2142857142857144,0.37777777777777777,1.8235294117647058,0.2916666666666667,1.4838709677419355,0.19480519480519481,0.8518518518518519,-0.08,0.7666666666666667,-0.1320754716981132,2.090909090909091,0.35294117647058826,2.0,0.3333333333333333,2.4210526315789473,0.4153846153846154,23.0,0.9166666666666666,3.2857142857142856,0.5333333333333333,2.7058823529411766,0.4603174603174603,1.7419354838709677,0.27058823529411763,1.173913043478261,0.08,0.9,-0.05263157894736842,2.4545454545454546,0.42105263157894735,2.347826086956522,0.4025974025974026,2.8421052631578947,0.4794520547945205,27.0,0.9285714285714286,3.857142857142857,0.5882352941176471,3.176470588235294,0.5211267605633803,1.935483870967742,0.31868131868131866,1.3043478260869565,0.1320754716981132,1.1111111111111112,0.05263157894736842,2.727272727272727,0.4634146341463415,2.608695652173913,0.4457831325301205,3.1578947368421053,0.5189873417721519,30.0,0.9354838709677419,4.285714285714286,0.6216216216216216,3.5294117647058822,0.5584415584415584,0.7096774193548387,-0.16981132075471697,0.4782608695652174,-0.35294117647058826,0.4074074074074074,-0.42105263157894735,0.36666666666666664,-0.4634146341463415,0.9565217391304348,-0.022222222222222223,1.1578947368421053,0.07317073170731707,11.0,0.8333333333333334,1.5714285714285714,0.2222222222222222,1.2941176470588236,0.1282051282051282,0.7419354838709677,-0.14814814814814814,0.5,-0.3333333333333333,0.42592592592592593,-0.4025974025974026,0.38333333333333336,-0.4457831325301205,1.0454545454545454,0.022222222222222223,1.2105263157894737,0.09523809523809523,11.5,0.84,1.6428571428571428,0.24324324324324326,1.3529411764705883,0.15,0.6129032258064516,-0.24,0.41304347826086957,-0.4153846153846154,0.35185185185185186,-0.4794520547945205,0.31666666666666665,-0.5189873417721519,0.8636363636363636,-0.07317073170731707,0.8260869565217391,-0.09523809523809523,9.5,0.8095238095238095,1.3571428571428572,0.15151515151515152,1.1176470588235294,0.05555555555555555,0.06451612903225806,-0.8787878787878788,0.043478260869565216,-0.9166666666666666,0.037037037037037035,-0.9285714285714286,0.03333333333333333,-0.9354838709677419,0.09090909090909091,-0.8333333333333334,0.08695652173913043,-0.84,0.10526315789473684,-0.8095238095238095,0.14285714285714285,-0.75,0.11764705882352941,-0.7894736842105263,0.45161290322580644,-0.37777777777777777,0.30434782608695654,-0.5333333333333333,0.25925925925925924,-0.5882352941176471,0.23333333333333334,-0.6216216216216216,0.6363636363636364,-0.2222222222222222,0.6086956521739131,-0.24324324324324326,0.7368421052631579,-0.15151515151515152,7.0,0.75,0.8235294117647058,-0.0967741935483871,0.5483870967741935,-0.2916666666666667,0.3695652173913043,-0.4603174603174603,0.3148148148148148,-0.5211267605633803,0.2833333333333333,-0.5584415584415584,0.7727272727272727,-0.1282051282051282,0.7391304347826086,-0.15,0.8947368421052632,-0.05555555555555555,8.5,0.7894736842105263,1.2142857142857142,0.0967741935483871
6.03,82,70,59,114,116,88,52,78,83,52,0.5175438596491229,-0.3179190751445087,0.5086206896551724,-0.32571428571428573,0.6704545454545454,-0.19727891156462585,1.1346153846153846,0.06306306306306306,0.7564102564102564,-0.1386861313868613,0.7108433734939759,-0.16901408450704225,1.1346153846153846,0.06306306306306306,0.7195121951219512,-0.16312056737588654,0.8428571428571429,-0.08527131782945736,1.9322033898305084,0.3179190751445087,0.9827586206896551,-0.008695652173913044,1.2954545454545454,0.12871287128712872,2.1923076923076925,0.37349397590361444,1.4615384615384615,0.1875,1.3734939759036144,0.15736040609137056,2.1923076923076925,0.37349397590361444,1.3902439024390243,0.16326530612244897,1.6285714285714286,0.2391304347826087,1.9661016949152543,0.32571428571428573,1.0175438596491229,0.008695652173913044,1.3181818181818181,0.13725490196078433,2.230769230769231,0.38095238095238093,1.4871794871794872,0.1958762886597938,1.3975903614457832,0.1658291457286432,2.230769230769231,0.38095238095238093,1.4146341463414633,0.1717171717171717,1.6571428571428573,0.24731182795698925,1.4915254237288136,0.19727891156462585,0.7719298245614035,-0.12871287128712872,0.7586206896551724,-0.13725490196078433,1.6923076923076923,0.2571428571428571,1.1282051282051282,0.060240963855421686,1.0602409638554218,0.029239766081871343,1.6923076923076923,0.2571428571428571,1.0731707317073171,0.03529411764705882,1.2571428571428571,0.11392405063291139,0.8813559322033898,-0.06306306306306306,0.45614035087719296,-0.37349397590361444,0.4482758620689655,-0.38095238095238093,0.5909090909090909,-0.2571428571428571,0.6666666666666666,-0.2,0.6265060240963856,-0.22962962962962963,1.0,0.0,0.6341463414634146,-0.22388059701492538,0.7428571428571429,-0.14754098360655737,1.3220338983050848,0.1386861313868613,0.6842105263157895,-0.1875,0.6724137931034483,-0.1958762886597938,0.8863636363636364,-0.060240963855421686,1.5,0.2,0.9397590361445783,-0.031055900621118012,1.5,0.2,0.9512195121951219,-0.025,1.1142857142857143,0.05405405405405406,1.4067796610169492,0.16901408450704225,0.7280701754385965,-0.15736040609137056,0.7155172413793104,-0.1658291457286432,0.9431818181818182,-0.029239766081871343,1.5961538461538463,0.22962962962962963,1.064102564102564,0.031055900621118012,1.5961538461538463,0.22962962962962963,1.0121951219512195,0.006060606060606061,1.1857142857142857,0.08496732026143791,0.8813559322033898,-0.06306306306306306,0.45614035087719296,-0.37349397590361444,0.4482758620689655,-0.38095238095238093,0.5909090909090909,-0.2571428571428571,1.0,0.0,0.6666666666666666,-0.2,0.6265060240963856,-0.22962962962962963,0.6341463414634146,-0.22388059701492538,0.7428571428571429,-0.14754098360655737,1.3898305084745763,0.16312056737588654,0.7192982456140351,-0.16326530612244897,0.7068965517241379,-0.1717171717171717,0.9318181818181818,-0.03529411764705882,1.5769230769230769,0.22388059701492538,1.0512820512820513,0.025,0.9879518072289156,-0.006060606060606061,1.5769230769230769,0.22388059701492538,1.1714285714285715,0.07894736842105263,1.1864406779661016,0.08527131782945736,0.6140350877192983,-0.2391304347826087,0.603448275862069,-0.24731182795698925,0.7954545454545454,-0.11392405063291139,1.3461538461538463,0.14754098360655737,0.8974358974358975,-0.05405405405405406,0.8433734939759037,-0.08496732026143791,1.3461538461538463,0.14754098360655737,0.8536585365853658,-0.07894736842105263
6.63,82,70,59,114,116,88,52,78,83,52,0.5175438596491229,-0.3179190751445087,0.5086206896551724,-0.32571428571428573,0.6704545454545454,-0.19727891156462585,1.1346153846153846,0.06306306306306306,0.7564102564102564,-0.1386861313868613,0.7108433734939759,-0.16901408450704225,1.1346153846153846,0.06306306306306306,0.7195121951219512,-0.16312056737588654,0.8428571428571429,-0.08527131782945736,1.9322033898305084,0.3179190751445087,0.9827586206896551,-0.008695652173913044,1.2954545454545454,0.12871287128712872,2.1923076923076925,0.37349397590361444,1.4615384615384615,0.1875,1.3734939759036144,0.15736040609137056,2.1923076923076925,0.37349397590361444,1.3902439024390243,0.16326530612244897,1.6285714285714286,0.2391304347826087,1.9661016949152543,0.32571428571428573,1.0175438596491229,0.008695652173913044,1.3181818181818181,0.13725490196078433,2.230769230769231,0.38095238095238093,1.4871794871794872,0.1958762886597938,1.3975903614457832,0.1658291457286432,2.230769230769231,0.38095238095238093,1.4146341463414633,0.1717171717171717,1.6571428571428573,0.24731182795698925,1.4915254237288136,0.19727891156462585,0.7719298245614035,-0.12871287128712872,0.7586206896551724,-0.13725490196078433,1.6923076923076923,0.2571428571428571,1.1282051282051282,0.060240963855421686,1.0602409638554218,0.029239766081871343,1.6923076923076923,0.2571428571428571,1.0731707317073171,0.03529411764705882,1.2571428571428571,0.11392405063291139,0.8813559322033898,-0.06306306306306306,0.45614035087719296,-0.37349397590361444,0.4482758620689655,-0.38095238095238093,0.5909090909090909,-0.2571428571428571,0.6666666666666666,-0.2,0.6265060240963856,-0.22962962962962963,1.0,0.0,0.6341463414634146,-0.22388059701492538,0.7428571428571429,-0.14754098360655737,1.3220338983050848,0.1386861313868613,0.6842105263157895,-0.1875,0.6724137931034483,-0.1958762886597938,0.8863636363636364,-0.060240963855421686,1.5,0.2,0.9397590361445783,-0.031055900621118012,1.5,0.2,0.9512195121951219,-0.025,1.1142857142857143,0.05405405405405406,1.4067796610169492,0.16901408450704225,0.7280701754385965,-0.15736040609137056,0.7155172413793104,-0.1658291457286432,0.9431818181818182,-0.029239766081871343,1.5961538461538463,0.22962962962962963,1.064102564102564,0.031055900621118012,1.5961538461538463,0.22962962962962963,1.0121951219512195,0.006060606060606061,1.1857142857142857,0.08496732026143791,0.8813559322033898,-0.06306306306306306,0.45614035087719296,-0.37349397590361444,0.4482758620689655,-0.38095238095238093,0.5909090909090909,-0.2571428571428571,1.0,0.0,0.6666666666666666,-0.2,0.6265060240963856,-0.22962962962962963,0.6341463414634146,-0.22388059701492538,0.7428571428571429,-0.14754098360655737,1.3898305084745763,0.16312056737588654,0.7192982456140351,-0.16326530612244897,0.7068965517241379,-0.1717171717171717,0.9318181818181818,-0.03529411764705882,1.5769230769230769,0.22388059701492538,1.0512820512820513,0.025,0.9879518072289156,-0.006060606060606061,1.5769230769230769,0.22388059701492538,1.1714285714285715,0.07894736842105263,1.1864406779661016,0.08527131782945736,0.6140350877192983,-0.2391304347826087,0.603448275862069,-0.24731182795698925,0.7954545454545454,-0.11392405063291139,1.3461538461538463,0.14754098360655737,0.8974358974358975,-0.05405405405405406,0.8433734939759037,-0.08496732026143791,1.3461538461538463,0.14754098360655737,0.8536585365853658,-0.07894736842105263
5.85,332,408,331,287,303,347,309,353,241,339,1.1533101045296168,0.07119741100323625,1.0924092409240924,0.04416403785488959,0.9538904899135446,-0.02359882005899705,1.0711974110032363,0.034375,0.9376770538243626,-0.03216374269005848,1.3734439834024896,0.15734265734265734,0.976401179941003,-0.011940298507462687,0.9969879518072289,-0.0015082956259426848,0.8112745098039216,-0.10419485791610285,0.8670694864048338,-0.07119741100323625,0.9471947194719472,-0.02711864406779661,0.8270893371757925,-0.0946372239747634,0.9288025889967637,-0.03691275167785235,0.8130311614730878,-0.103125,1.1908713692946058,0.08712121212121213,0.8466076696165191,-0.08306709265175719,0.8644578313253012,-0.07269789983844911,0.7034313725490197,-0.17410071942446043,0.9154078549848943,-0.04416403785488959,1.0557491289198606,0.02711864406779661,0.8731988472622478,-0.06769230769230769,0.9805825242718447,-0.00980392156862745,0.8583569405099151,-0.07621951219512195,1.2572614107883817,0.11397058823529412,0.8938053097345132,-0.056074766355140186,0.9126506024096386,-0.04566929133858268,0.7426470588235294,-0.14767932489451477,1.0483383685800605,0.02359882005899705,1.2090592334494774,0.0946372239747634,1.1452145214521452,0.06769230769230769,1.1229773462783172,0.057926829268292686,0.9830028328611898,-0.008571428571428572,1.4398340248962656,0.18027210884353742,1.0235988200589972,0.011661807580174927,1.0451807228915662,0.022091310751104567,0.8504901960784313,-0.08079470198675497,0.9335347432024169,-0.034375,1.0766550522648084,0.03691275167785235,1.0198019801980198,0.00980392156862745,0.8904899135446686,-0.057926829268292686,0.8753541076487252,-0.06646525679758308,1.2821576763485478,0.12363636363636364,0.911504424778761,-0.046296296296296294,0.9307228915662651,-0.0358814352574103,0.7573529411764706,-0.13807531380753138,1.066465256797583,0.03216374269005848,1.2299651567944252,0.103125,1.165016501650165,0.07621951219512195,1.0172910662824208,0.008571428571428572,1.1423948220064726,0.06646525679758308,1.4647302904564314,0.18855218855218855,1.0412979351032448,0.02023121387283237,1.0632530120481927,0.030656934306569343,0.8651960784313726,-0.07227332457293036,0.7280966767371602,-0.15734265734265734,0.8397212543554007,-0.08712121212121213,0.7953795379537953,-0.11397058823529412,0.6945244956772334,-0.18027210884353742,0.7799352750809061,-0.12363636363636364,0.6827195467422096,-0.18855218855218855,0.7109144542772862,-0.16896551724137931,0.7259036144578314,-0.15881326352530542,0.5906862745098039,-0.2573189522342065,1.0241691842900302,0.011940298507462687,1.181184668989547,0.08306709265175719,1.118811881188119,0.056074766355140186,0.9769452449567724,-0.011661807580174927,1.0970873786407767,0.046296296296296294,0.9603399433427762,-0.02023121387283237,1.4066390041493777,0.16896551724137931,1.0210843373493976,0.010432190760059613,0.8308823529411765,-0.09236947791164658,1.0030211480362539,0.0015082956259426848,1.156794425087108,0.07269789983844911,1.0957095709570956,0.04566929133858268,0.9567723342939481,-0.022091310751104567,1.0744336569579287,0.0358814352574103,0.9405099150141643,-0.030656934306569343,1.3775933609958506,0.15881326352530542,0.9793510324483776,-0.010432190760059613,0.8137254901960784,-0.10270270270270271,1.2326283987915407,0.10419485791610285,1.421602787456446,0.17410071942446043,1.3465346534653466,0.14767932489451477,1.175792507204611,0.08079470198675497,1.3203883495145632,0.13807531380753138,1.1558073654390935,0.07227332457293036,1.6929460580912863,0.2573189522342065,1.2035398230088497,0.09236947791164658,1.2289156626506024,0.10270270270270271
17.06,88,79,193,190,188,225,136,151,115,123,1.0157894736842106,0.007832898172323759,1.0265957446808511,0.013123359580052493,0.8577777777777778,-0.07655502392344497,1.4191176470588236,0.17325227963525835,1.2781456953642385,0.12209302325581395,1.6782608695652175,0.2532467532467532,1.5691056910569106,0.22151898734177214,2.1931818181818183,0.3736654804270463,2.4430379746835444,0.41911764705882354,0.9844559585492227,-0.007832898172323759,1.0106382978723405,0.005291005291005291,0.8444444444444444,-0.08433734939759036,1.3970588235294117,0.1656441717791411,1.2582781456953642,0.11436950146627566,1.6521739130434783,0.2459016393442623,1.5447154471544715,0.21405750798722045,2.159090909090909,0.3669064748201439,2.4050632911392404,0.41263940520446096,0.9740932642487047,-0.013123359580052493,0.9894736842105263,-0.005291005291005291,0.8355555555555556,-0.08958837772397095,1.3823529411764706,0.16049382716049382,1.2450331125827814,0.10914454277286136,1.6347826086956523,0.24092409240924093,1.5284552845528456,0.2090032154340836,2.1363636363636362,0.36231884057971014,2.3797468354430378,0.40823970037453183,1.16580310880829,0.07655502392344497,1.1842105263157894,0.08433734939759036,1.196808510638298,0.08958837772397095,1.6544117647058822,0.24653739612188366,1.490066225165563,0.19680851063829788,1.9565217391304348,0.3235294117647059,1.829268292682927,0.29310344827586204,2.5568181818181817,0.43769968051118213,2.848101265822785,0.48026315789473684,0.7046632124352331,-0.17325227963525835,0.7157894736842105,-0.1656441717791411,0.723404255319149,-0.16049382716049382,0.6044444444444445,-0.24653739612188366,0.9006622516556292,-0.05226480836236934,1.182608695652174,0.08366533864541832,1.1056910569105691,0.05019305019305019,1.5454545454545454,0.21428571428571427,1.7215189873417722,0.2651162790697674,0.7823834196891192,-0.12209302325581395,0.7947368421052632,-0.11436950146627566,0.8031914893617021,-0.10914454277286136,0.6711111111111111,-0.19680851063829788,1.1102941176470589,0.05226480836236934,1.3130434782608695,0.13533834586466165,1.2276422764227641,0.10218978102189781,1.7159090909090908,0.26359832635983266,1.9113924050632911,0.3130434782608696,0.5958549222797928,-0.2532467532467532,0.6052631578947368,-0.2459016393442623,0.6117021276595744,-0.24092409240924093,0.5111111111111111,-0.3235294117647059,0.8455882352941176,-0.08366533864541832,0.7615894039735099,-0.13533834586466165,0.9349593495934959,-0.03361344537815126,1.3068181818181819,0.1330049261083744,1.4556962025316456,0.18556701030927836,0.6373056994818653,-0.22151898734177214,0.6473684210526316,-0.21405750798722045,0.6542553191489362,-0.2090032154340836,0.5466666666666666,-0.29310344827586204,0.9044117647058824,-0.05019305019305019,0.8145695364238411,-0.10218978102189781,1.0695652173913044,0.03361344537815126,1.3977272727272727,0.16587677725118483,1.5569620253164558,0.21782178217821782,0.45595854922279794,-0.3736654804270463,0.4631578947368421,-0.3669064748201439,0.46808510638297873,-0.36231884057971014,0.39111111111111113,-0.43769968051118213,0.6470588235294118,-0.21428571428571427,0.5827814569536424,-0.26359832635983266,0.7652173913043478,-0.1330049261083744,0.7154471544715447,-0.16587677725118483,1.1139240506329113,0.05389221556886228,0.40932642487046633,-0.41911764705882354,0.41578947368421054,-0.41263940520446096,0.42021276595744683,-0.40823970037453183,0.3511111111111111,-0.48026315789473684,0.5808823529411765,-0.2651162790697674,0.5231788079470199,-0.3130434782608696,0.6869565217391305,-0.18556701030927836,0.6422764227642277,-0.21782178217821782,0.8977272727272727,-0.05389221556886228
11.12,88,79,193,190,188,225,136,151,115,123,1.0157894736842106,0.007832898172323759,1.0265957446808511,0.013123359580052493,0.8577777777777778,-0.07655502392344497,1.4191176470588236,0.17325227963525835,1.2781456953642385,0.12209302325581395,1.6782608695652175,0.2532467532467532,1.5691056910569106,0.22151898734177214,2.1931818181818183,0.3736654804270463,2.4430379746835444,0.41911764705882354,0.9844559585492227,-0.007832898172323759,1.0106382978723405,0.005291005291005291,0.8444444444444444,-0.08433734939759036,1.3970588235294117,0.1656441717791411,1.2582781456953642,0.11436950146627566,1.6521739130434783,0.2459016393442623,1.5447154471544715,0.21405750798722045,2.159090909090909,0.3669064748201439,2.4050632911392404,0.41263940520446096,0.9740932642487047,-0.013123359580052493,0.9894736842105263,-0.005291005291005291,0.8355555555555556,-0.08958837772397095,1.3823529411764706,0.16049382716049382,1.2450331125827814,0.10914454277286136,1.6347826086956523,0.24092409240924093,1.5284552845528456,0.2090032154340836,2.1363636363636362,0.36231884057971014,2.3797468354430378,0.40823970037453183,1.16580310880829,0.07655502392344497,1.1842105263157894,0.08433734939759036,1.196808510638298,0.08958837772397095,1.6544117647058822,0.24653739612188366,1.490066225165563,0.19680851063829788,1.9565217391304348,0.3235294117647059,1.829268292682927,0.29310344827586204,2.5568181818181817,0.43769968051118213,2.848101265822785,0.48026315789473684,0.7046632124352331,-0.17325227963525835,0.7157894736842105,-0.1656441717791411,0.723404255319149,-0.16049382716049382,0.6044444444444445,-0.24653739612188366,0.9006622516556292,-0.05226480836236934,1.182608695652174,0.08366533864541832,1.1056910569105691,0.05019305019305019,1.5454545454545454,0.21428571428571427,1.7215189873417722,0.2651162790697674,0.7823834196891192,-0.12209302325581395,0.7947368421052632,-0.11436950146627566,0.8031914893617021,-0.10914454277286136,0.6711111111111111,-0.19680851063829788,1.1102941176470589,0.05226480836236934,1.3130434782608695,0.13533834586466165,1.2276422764227641,0.10218978102189781,1.7159090909090908,0.26359832635983266,1.9113924050632911,0.3130434782608696,0.5958549222797928,-0.2532467532467532,0.6052631578947368,-0.2459016393442623,0.6117021276595744,-0.24092409240924093,0.5111111111111111,-0.3235294117647059,0.8455882352941176,-0.08366533864541832,0.7615894039735099,-0.13533834586466165,0.9349593495934959,-0.03361344537815126,1.3068181818181819,0.1330049261083744,1.4556962025316456,0.18556701030927836,0.6373056994818653,-0.22151898734177214,0.6473684210526316,-0.21405750798722045,0.6542553191489362,-0.2090032154340836,0.5466666666666666,-0.29310344827586204,0.9044117647058824,-0.05019305019305019,0.8145695364238411,-0.10218978102189781,1.0695652173913044,0.03361344537815126,1.3977272727272727,0.16587677725118483,1.5569620253164558,0.21782178217821782,0.45595854922279794,-0.3736654804270463,0.4631578947368421,-0.3669064748201439,0.46808510638297873,-0.36231884057971014,0.39111111111111113,-0.43769968051118213,0.6470588235294118,-0.21428571428571427,0.5827814569536424,-0.26359832635983266,0.7652173913043478,-0.1330049261083744,0.7154471544715447,-0.16587677725118483,1.1139240506329113,0.05389221556886228,0.40932642487046633,-0.41911764705882354,0.41578947368421054,-0.41263940520446096,0.42021276595744683,-0.40823970037453183,0.3511111111111111,-0.48026315789473684,0.5808823529411765,-0.2651162790697674,0.5231788079470199,-0.3130434782608696,0.6869565217391305,-0.18556701030927836,0.6422764227642277,-0.21782178217821782,0.8977272727272727,-0.05389221556886228
2.67,57,39,154,171,152,155,90,91,92,90,0.9005847953216374,-0.052307692307692305,1.013157894736842,0.006535947712418301,0.9935483870967742,-0.003236245954692557,1.711111111111111,0.26229508196721313,1.6923076923076923,0.2571428571428571,1.673913043478261,0.25203252032520324,1.711111111111111,0.26229508196721313,2.7017543859649122,0.4597156398104265,3.948717948717949,0.5958549222797928,1.1103896103896105,0.052307692307692305,1.125,0.058823529411764705,1.103225806451613,0.049079754601226995,1.9,0.3103448275862069,1.879120879120879,0.3053435114503817,1.858695652173913,0.30038022813688214,1.9,0.3103448275862069,3.0,0.5,4.384615384615385,0.6285714285714286,0.987012987012987,-0.006535947712418301,0.8888888888888888,-0.058823529411764705,0.9806451612903225,-0.009771986970684038,1.6888888888888889,0.256198347107438,1.6703296703296704,0.25102880658436216,1.6521739130434783,0.2459016393442623,1.6888888888888889,0.256198347107438,2.6666666666666665,0.45454545454545453,3.8974358974358974,0.5916230366492147,1.0064935064935066,0.003236245954692557,0.9064327485380117,-0.049079754601226995,1.019736842105263,0.009771986970684038,1.7222222222222223,0.2653061224489796,1.7032967032967032,0.2601626016260163,1.684782608695652,0.2550607287449393,1.7222222222222223,0.2653061224489796,2.719298245614035,0.46226415094339623,3.9743589743589745,0.5979381443298969,0.5844155844155844,-0.26229508196721313,0.5263157894736842,-0.3103448275862069,0.5921052631578947,-0.256198347107438,0.5806451612903226,-0.2653061224489796,0.989010989010989,-0.0055248618784530384,0.9782608695652174,-0.01098901098901099,1.0,0.0,1.5789473684210527,0.22448979591836735,2.3076923076923075,0.3953488372093023,0.5909090909090909,-0.2571428571428571,0.5321637426900585,-0.3053435114503817,0.5986842105263158,-0.25102880658436216,0.5870967741935483,-0.2601626016260163,1.011111111111111,0.0055248618784530384,0.9891304347826086,-0.00546448087431694,1.011111111111111,0.0055248618784530384,1.5964912280701755,0.22972972972972974,2.3333333333333335,0.4,0.5974025974025974,-0.25203252032520324,0.5380116959064327,-0.30038022813688214,0.6052631578947368,-0.2459016393442623,0.5935483870967742,-0.2550607287449393,1.0222222222222221,0.01098901098901099,1.010989010989011,0.00546448087431694,1.0222222222222221,0.01098901098901099,1.6140350877192982,0.2348993288590604,2.358974358974359,0.40458015267175573,0.5844155844155844,-0.26229508196721313,0.5263157894736842,-0.3103448275862069,0.5921052631578947,-0.256198347107438,0.5806451612903226,-0.2653061224489796,1.0,0.0,0.989010989010989,-0.0055248618784530384,0.9782608695652174,-0.01098901098901099,1.5789473684210527,0.22448979591836735,2.3076923076923075,0.3953488372093023,0.37012987012987014,-0.4597156398104265,0.3333333333333333,-0.5,0.375,-0.45454545454545453,0.36774193548387096,-0.46226415094339623,0.6333333333333333,-0.22448979591836735,0.6263736263736264,-0.22972972972972974,0.6195652173913043,-0.2348993288590604,0.6333333333333333,-0.22448979591836735,1.4615384615384615,0.1875,0.2532467532467532,-0.5958549222797928,0.22807017543859648,-0.6285714285714286,0.2565789473684211,-0.5916230366492147,0.25161290322580643,-0.5979381443298969,0.43333333333333335,-0.3953488372093023,0.42857142857142855,-0.4,0.42391304347826086,-0.40458015267175573,0.43333333333333335,-0.3953488372093023,0.6842105263157895,-0.1875
4.0,57,39,154,171,152,155,90,91,92,90,0.9005847953216374,-0.052307692307692305,1.013157894736842,0.006535947712418301,0.9935483870967742,-0.003236245954692557,1.711111111111111,0.26229508196721313,1.6923076923076923,0.2571428571428571,1.673913043478261,0.25203252032520324,1.711111111111111,0.26229508196721313,2.7017543859649122,0.4597156398104265,3.948717948717949,0.5958549222797928,1.1103896103896105,0.052307692307692305,1.125,0.058823529411764705,1.103225806451613,0.049079754601226995,1.9,0.3103448275862069,1.879120879120879,0.3053435114503817,1.858695652173913,0.30038022813688214,1.9,0.3103448275862069,3.0,0.5,4.384615384615385,0.6285714285714286,0.987012987012987,-0.006535947712418301,0.8888888888888888,-0.058823529411764705,0.9806451612903225,-0.009771986970684038,1.6888888888888889,0.256198347107438,1.6703296703296704,0.25102880658436216,1.6521739130434783,0.2459016393442623,1.6888888888888889,0.256198347107438,2.6666666666666665,0.45454545454545453,3.8974358974358974,0.5916230366492147,1.0064935064935066,0.003236245954692557,0.9064327485380117,-0.049079754601226995,1.019736842105263,0.009771986970684038,1.7222222222222223,0.2653061224489796,1.7032967032967032,0.2601626016260163,1.684782608695652,0.2550607287449393,1.7222222222222223,0.2653061224489796,2.719298245614035,0.46226415094339623,3.9743589743589745,0.5979381443298969,0.5844155844155844,-0.26229508196721313,0.5263157894736842,-0.3103448275862069,0.5921052631578947,-0.256198347107438,0.5806451612903226,-0.2653061224489796,0.989010989010989,-0.0055248618784530384,0.9782608695652174,-0.01098901098901099,1.0,0.0,1.5789473684210527,0.22448979591836735,2.3076923076923075,0.3953488372093023,0.5909090909090909,-0.2571428571428571,0.5321637426900585,-0.3053435114503817,0.5986842105263158,-0.25102880658436216,0.5870967741935483,-0.2601626016260163,1.011111111111111,0.0055248618784530384,0.9891304347826086,-0.00546448087431694,1.011111111111111,0.0055248618784530384,1.5964912280701755,0.22972972972972974,2.3333333333333335,0.4,0.5974025974025974,-0.25203252032520324,0.5380116959064327,-0.30038022813688214,0.6052631578947368,-0.2459016393442623,0.5935483870967742,-0.2550607287449393,1.0222222222222221,0.01098901098901099,1.010989010989011,0.00546448087431694,1.0222222222222221,0.01098901098901099,1.6140350877192982,0.2348993288590604,2.358974358974359,0.40458015267175573,0.5844155844155844,-0.26229508196721313,0.5263157894736842,-0.3103448275862069,0.5921052631578947,-0.256198347107438,0.5806451612903226,-0.2653061224489796,1.0,0.0,0.989010989010989,-0.0055248618784530384,0.9782608695652174,-0.01098901098901099,1.5789473684210527,0.22448979591836735,2.3076923076923075,0.3953488372093023,0.37012987012987014,-0.4597156398104265,0.3333333333333333,-0.5,0.375,-0.45454545454545453,0.36774193548387096,-0.46226415094339623,0.6333333333333333,-0.22448979591836735,0.6263736263736264,-0.22972972972972974,0.6195652173913043,-0.2348993288590604,0.6333333333333333,-0.22448979591836735,1.4615384615384615,0.1875,0.2532467532467532,-0.5958549222797928,0.22807017543859648,-0.6285714285714286,0.2565789473684211,-0.5916230366492147,0.25161290322580643,-0.5979381443298969,0.43333333333333335,-0.3953488372093023,0.42857142857142855,-0.4,0.42391304347826086,-0.40458015267175573,0.43333333333333335,-0.3953488372093023,0.6842105263157895,-0.1875
6.27,97,92,242,234,219,238,160,171,146,139,1.0341880341880343,0.01680672268907563,1.1050228310502284,0.049891540130151846,1.0168067226890756,0.008333333333333333,1.5125,0.20398009950248755,1.4152046783625731,0.17191283292978207,1.6575342465753424,0.24742268041237114,1.7410071942446044,0.27034120734908135,2.4948453608247423,0.4277286135693215,2.630434782608696,0.4491017964071856,0.9669421487603306,-0.01680672268907563,1.0684931506849316,0.033112582781456956,0.9831932773109243,-0.00847457627118644,1.4625,0.18781725888324874,1.368421052631579,0.15555555555555556,1.6027397260273972,0.23157894736842105,1.683453237410072,0.2546916890080429,2.4123711340206184,0.41389728096676737,2.5434782608695654,0.43558282208588955,0.9049586776859504,-0.049891540130151846,0.9358974358974359,-0.033112582781456956,0.9201680672268907,-0.04157549234135667,1.36875,0.15567282321899736,1.280701754385965,0.12307692307692308,1.5,0.2,1.5755395683453237,0.22346368715083798,2.2577319587628866,0.3860759493670886,2.380434782608696,0.40836012861736337,0.9834710743801653,-0.008333333333333333,1.017094017094017,0.00847457627118644,1.08675799086758,0.04157549234135667,1.4875,0.19597989949748743,1.391812865497076,0.16381418092909536,1.63013698630137,0.23958333333333334,1.7122302158273381,0.2625994694960212,2.4536082474226806,0.4208955223880597,2.5869565217391304,0.44242424242424244,0.6611570247933884,-0.20398009950248755,0.6837606837606838,-0.18781725888324874,0.730593607305936,-0.15567282321899736,0.6722689075630253,-0.19597989949748743,0.935672514619883,-0.03323262839879154,1.095890410958904,0.0457516339869281,1.1510791366906474,0.07023411371237458,1.6494845360824741,0.245136186770428,1.7391304347826086,0.2698412698412698,0.7066115702479339,-0.17191283292978207,0.7307692307692307,-0.15555555555555556,0.7808219178082192,-0.12307692307692308,0.7184873949579832,-0.16381418092909536,1.06875,0.03323262839879154,1.1712328767123288,0.07886435331230283,1.2302158273381294,0.1032258064516129,1.7628865979381443,0.27611940298507465,1.858695652173913,0.30038022813688214,0.6033057851239669,-0.24742268041237114,0.6239316239316239,-0.23157894736842105,0.6666666666666666,-0.2,0.6134453781512605,-0.23958333333333334,0.9125,-0.0457516339869281,0.8538011695906432,-0.07886435331230283,1.0503597122302157,0.02456140350877193,1.5051546391752577,0.20164609053497942,1.5869565217391304,0.226890756302521,0.5743801652892562,-0.27034120734908135,0.594017094017094,-0.2546916890080429,0.634703196347032,-0.22346368715083798,0.5840336134453782,-0.2625994694960212,0.86875,-0.07023411371237458,0.8128654970760234,-0.1032258064516129,0.952054794520548,-0.02456140350877193,1.4329896907216495,0.17796610169491525,1.5108695652173914,0.20346320346320346,0.40082644628099173,-0.4277286135693215,0.41452991452991456,-0.41389728096676737,0.4429223744292237,-0.3860759493670886,0.40756302521008403,-0.4208955223880597,0.60625,-0.245136186770428,0.5672514619883041,-0.27611940298507465,0.6643835616438356,-0.20164609053497942,0.697841726618705,-0.17796610169491525,1.0543478260869565,0.026455026455026454,0.38016528925619836,-0.4491017964071856,0.39316239316239315,-0.43558282208588955,0.4200913242009132,-0.40836012861736337,0.3865546218487395,-0.44242424242424244,0.575,-0.2698412698412698,0.5380116959064327,-0.30038022813688214,0.6301369863013698,-0.226890756302521,0.6618705035971223,-0.20346320346320346,0.9484536082474226,-0.026455026455026454
6.39,97,92,242,234,219,238,160,171,146,139,1.0341880341880343,0.01680672268907563,1.1050228310502284,0.049891540130151846,1.0168067226890756,0.008333333333333333,1.5125,0.20398009950248755,1.4152046783625731,0.17191283292978207,1.6575342465753424,0.24742268041237114,1.7410071942446044,0.27034120734908135,2.4948453608247423,0.4277286135693215,2.630434782608696,0.4491017964071856,0.9669421487603306,-0.01680672268907563,1.0684931506849316,0.033112582781456956,0.9831932773109243,-0.00847457627118644,1.4625,0.18781725888324874,1.368421052631579,0.15555555555555556,1.6027397260273972,0.23157894736842105,1.683453237410072,0.2546916890080429,2.4123711340206184,0.41389728096676737,2.5434782608695654,0.43558282208588955,0.9049586776859504,-0.049891540130151846,0.9358974358974359,-0.033112582781456956,0.9201680672268907,-0.04157549234135667,1.36875,0.15567282321899736,1.280701754385965,0.12307692307692308,1.5,0.2,1.5755395683453237,0.22346368715083798,2.2577319587628866,0.3860759493670886,2.380434782608696,0.40836012861736337,0.9834710743801653,-0.008333333333333333,1.017094017094017,0.00847457627118644,1.08675799086758,0.04157549234135667,1.4875,0.19597989949748743,1.391812865497076,0.16381418092909536,1.63013698630137,0.23958333333333334,1.7122302158273381,0.2625994694960212,2.4536082474226806,0.4208955223880597,2.5869565217391304,0.44242424242424244,0.6611570247933884,-0.20398009950248755,0.6837606837606838,-0.18781725888324874,0.730593607305936,-0.15567282321899736,0.6722689075630253,-0.19597989949748743,0.935672514619883,-0.03323262839879154,1.095890410958904,0.0457516339869281,1.1510791366906474,0.07023411371237458,1.6494845360824741,0.245136186770428,1.7391304347826086,0.2698412698412698,0.7066115702479339,-0.17191283292978207,0.7307692307692307,-0.15555555555555556,0.7808219178082192,-0.12307692307692308,0.7184873949579832,-0.16381418092909536,1.06875,0.03323262839879154,1.1712328767123288,0.07886435331230283,1.2302158273381294,0.1032258064516129,1.7628865979381443,0.27611940298507465,1.858695652173913,0.30038022813688214,0.6033057851239669,-0.24742268041237114,0.6239316239316239,-0.23157894736842105,0.6666666666666666,-0.2,0.6134453781512605,-0.23958333333333334,0.9125,-0.0457516339869281,0.8538011695906432,-0.07886435331230283,1.0503597122302157,0.02456140350877193,1.5051546391752577,0.20164609053497942,1.5869565217391304,0.226890756302521,0.5743801652892562,-0.27034120734908135,0.594017094017094,-0.2546916890080429,0.634703196347032,-0.22346368715083798,0.5840336134453782,-0.2625994694960212,0.86875,-0.07023411371237458,0.8128654970760234,-0.1032258064516129,0.952054794520548,-0.02456140350877193,1.4329896907216495,0.17796610169491525,1.5108695652173914,0.20346320346320346,0.40082644628099173,-0.4277286135693215,0.41452991452991456,-0.41389728096676737,0.4429223744292237,-0.3860759493670886,0.40756302521008403,-0.4208955223880597,0.60625,-0.245136186770428,0.5672514619883041,-0.27611940298507465,0.6643835616438356,-0.20164609053497942,0.697841726618705,-0.17796610169491525,1.0543478260869565,0.026455026455026454,0.38016528925619836,-0.4491017964071856,0.39316239316239315,-0.43558282208588955,0.4200913242009132,-0.40836012861736337,0.3865546218487395,-0.44242424242424244,0.575,-0.2698412698412698,0.5380116959064327,-0.30038022813688214,0.6301369863013698,-0.226890756302521,0.6618705035971223,-0.20346320346320346,0.9484536082474226,-0.026455026455026454
5.18,767,700,809,874,919,967,857,873,823,831,0.9256292906178489,-0.038621509209744505,0.8803046789989118,-0.06365740740740741,0.8366080661840745,-0.08896396396396396,0.9439906651108518,-0.028811524609843937,0.9266895761741123,-0.03804994054696789,0.982989064398542,-0.00857843137254902,0.97352587244284,-0.013414634146341463,1.0547588005215125,0.0266497461928934,1.1557142857142857,0.07223326706428099,1.0803461063040791,0.038621509209744505,0.9510337323177367,-0.02509760178471835,0.9038262668045501,-0.050516023900054316,1.0198366394399065,0.009820912767186597,1.0011454753722795,0.0005724098454493417,1.0619684082624545,0.030053034767236298,1.0517448856799037,0.025219941348973606,1.139504563233377,0.06520414381474711,1.2485714285714287,0.11054637865311309,1.1359703337453646,0.06365740740740741,1.051487414187643,0.02509760178471835,0.9503619441571872,-0.02545068928950159,1.072345390898483,0.03490990990990991,1.0526918671248569,0.025669642857142856,1.1166464155528555,0.05510907003444317,1.1058965102286402,0.05028571428571429,1.198174706649283,0.09015421115065243,1.312857142857143,0.1352686843730698,1.1953028430160693,0.08896396396396396,1.1064073226544622,0.050516023900054316,1.0522306855277475,0.02545068928950159,1.1283547257876312,0.06030701754385965,1.1076746849942727,0.051086956521739134,1.174969623329283,0.08044692737430167,1.1636582430806257,0.07563959955506118,1.2607561929595827,0.11534025374855825,1.3814285714285715,0.16016796640671865,1.0593325092707047,0.028811524609843937,0.9805491990846682,-0.009820912767186597,0.9325353645266594,-0.03490990990990991,0.8862461220268872,-0.06030701754385965,0.981672394043528,-0.009248554913294798,1.0413122721749697,0.02023809523809524,1.0312876052948254,0.015402843601895734,1.1173402868318123,0.05541871921182266,1.2242857142857142,0.10083493898522801,1.0791100123609394,0.03804994054696789,0.9988558352402745,-0.0005724098454493417,0.9499455930359086,-0.025669642857142856,0.9027921406411582,-0.051086956521739134,1.0186697782963827,0.009248554913294798,1.0607533414337789,0.0294811320754717,1.0505415162454874,0.02464788732394366,1.138200782268579,0.06463414634146342,1.247142857142857,0.10998092816274635,1.0173053152039555,0.00857843137254902,0.9416475972540046,-0.030053034767236298,0.8955386289445049,-0.05510907003444317,0.8510858324715616,-0.08044692737430167,0.9603267211201867,-0.02023809523809524,0.9427262313860252,-0.0294811320754717,0.9903730445246691,-0.0048367593712212815,1.073011734028683,0.03522012578616352,1.1757142857142857,0.08076165462902167,1.0271940667490729,0.013414634146341463,0.9508009153318078,-0.025219941348973606,0.9042437431991295,-0.05028571428571429,0.859358841778697,-0.07563959955506118,0.969661610268378,-0.015402843601895734,0.9518900343642611,-0.02464788732394366,1.0097205346294047,0.0048367593712212815,1.0834419817470664,0.04005006257822278,1.187142857142857,0.08556499020248204,0.9480840543881335,-0.0266497461928934,0.8775743707093822,-0.06520414381474711,0.8346028291621328,-0.09015421115065243,0.7931747673216132,-0.11534025374855825,0.8949824970828472,-0.05541871921182266,0.8785796105383734,-0.06463414634146342,0.9319562575941677,-0.03522012578616352,0.9229843561973526,-0.04005006257822278,1.0957142857142856,0.04567143830947512,0.865265760197775,-0.07223326706428099,0.8009153318077803,-0.11054637865311309,0.7616974972796517,-0.1352686843730698,0.7238883143743536,-0.16016796640671865,0.8168028004667445,-0.10083493898522801,0.8018327605956472,-0.10998092816274635,0.850546780072904,-0.08076165462902167,0.8423586040914561,-0.08556499020248204,0.9126466753585397,-0.04567143830947512
6.02,767,700,809,874,919,967,857,873,823,831,0.9256292906178489,-0.038621509209744505,0.8803046789989118,-0.06365740740740741,0.8366080661840745,-0.08896396396396396,0.9439906651108518,-0.028811524609843937,0.9266895761741123,-0.03804994054696789,0.982989064398542,-0.00857843137254902,0.97352587244284,-0.013414634146341463,1.0547588005215125,0.0266497461928934,1.1557142857142857,0.07223326706428099,1.0803461063040791,0.038621509209744505,0.9510337323177367,-0.02509760178471835,0.9038262668045501,-0.050516023900054316,1.0198366394399065,0.009820912767186597,1.0011454753722795,0.0005724098454493417,1.0619684082624545,0.030053034767236298,1.0517448856799037,0.025219941348973606,1.139504563233377,0.06520414381474711,1.2485714285714287,0.11054637865311309,1.1359703337453646,0.06365740740740741,1.051487414187643,0.02509760178471835,0.9503619441571872,-0.02545068928950159,1.072345390898483,0.03490990990990991,1.0526918671248569,0.025669642857142856,1.1166464155528555,0.05510907003444317,1.1058965102286402,0.05028571428571429,1.198174706649283,0.09015421115065243,1.312857142857143,0.1352686843730698,1.1953028430160693,0.08896396396396396,1.1064073226544622,0.050516023900054316,1.0522306855277475,0.02545068928950159,1.1283547257876312,0.06030701754385965,1.1076746849942727,0.051086956521739134,1.174969623329283,0.08044692737430167,1.1636582430806257,0.07563959955506118,1.2607561929595827,0.11534025374855825,1.3814285714285715,0.16016796640671865,1.0593325092707047,0.028811524609843937,0.9805491990846682,-0.009820912767186597,0.9325353645266594,-0.03490990990990991,0.8862461220268872,-0.06030701754385965,0.981672394043528,-0.009248554913294798,1.0413122721749697,0.02023809523809524,1.0312876052948254,0.015402843601895734,1.1173402868318123,0.05541871921182266,1.2242857142857142,0.10083493898522801,1.0791100123609394,0.03804994054696789,0.9988558352402745,-0.0005724098454493417,0.9499455930359086,-0.025669642857142856,0.9027921406411582,-0.051086956521739134,1.0186697782963827,0.009248554913294798,1.0607533414337789,0.0294811320754717,1.0505415162454874,0.02464788732394366,1.138200782268579,0.06463414634146342,1.247142857142857,0.10998092816274635,1.0173053152039555,0.00857843137254902,0.9416475972540046,-0.030053034767236298,0.8955386289445049,-0.05510907003444317,0.8510858324715616,-0.08044692737430167,0.9603267211201867,-0.02023809523809524,0.9427262313860252,-0.0294811320754717,0.9903730445246691,-0.0048367593712212815,1.073011734028683,0.03522012578616352,1.1757142857142857,0.08076165462902167,1.0271940667490729,0.013414634146341463,0.9508009153318078,-0.025219941348973606,0.9042437431991295,-0.05028571428571429,0.859358841778697,-0.07563959955506118,0.969661610268378,-0.015402843601895734,0.9518900343642611,-0.02464788732394366,1.0097205346294047,0.0048367593712212815,1.0834419817470664,0.04005006257822278,1.187142857142857,0.08556499020248204,0.9480840543881335,-0.0266497461928934,0.8775743707093822,-0.06520414381474711,0.8346028291621328,-0.09015421115065243,0.7931747673216132,-0.11534025374855825,0.8949824970828472,-0.05541871921182266,0.8785796105383734,-0.06463414634146342,0.9319562575941677,-0.03522012578616352,0.9229843561973526,-0.04005006257822278,1.0957142857142856,0.04567143830947512,0.865265760197775,-0.07223326706428099,0.8009153318077803,-0.11054637865311309,0.7616974972796517,-0.1352686843730698,0.7238883143743536,-0.16016796640671865,0.8168028004667445,-0.10083493898522801,0.8018327605956472,-0.10998092816274635,0.850546780072904,-0.08076165462902167,0.8423586040914561,-0.08556499020248204,0.9126466753585397,-0.04567143830947512
4.82,20,30,89,53,36,46,39,35,23,13,1.679245283018868,0.2535211267605634,2.4722222222222223,0.424,1.934782608695652,0.31851851851851853,2.282051282051282,0.390625,2.5428571428571427,0.43548387096774194,3.869565217391304,0.5892857142857143,6.846153846153846,0.7450980392156863,4.45,0.6330275229357798,2.966666666666667,0.4957983193277311,0.5955056179775281,-0.2535211267605634,1.4722222222222223,0.19101123595505617,1.1521739130434783,0.0707070707070707,1.358974358974359,0.15217391304347827,1.5142857142857142,0.20454545454545456,2.3043478260869565,0.39473684210526316,4.076923076923077,0.6060606060606061,2.65,0.4520547945205479,1.7666666666666666,0.27710843373493976,0.4044943820224719,-0.424,0.6792452830188679,-0.19101123595505617,0.782608695652174,-0.12195121951219512,0.9230769230769231,-0.04,1.0285714285714285,0.014084507042253521,1.565217391304348,0.22033898305084745,2.769230769230769,0.46938775510204084,1.8,0.2857142857142857,1.2,0.09090909090909091,0.5168539325842697,-0.31851851851851853,0.8679245283018868,-0.0707070707070707,1.2777777777777777,0.12195121951219512,1.1794871794871795,0.08235294117647059,1.3142857142857143,0.13580246913580246,2.0,0.3333333333333333,3.5384615384615383,0.559322033898305,2.3,0.3939393939393939,1.5333333333333334,0.21052631578947367,0.43820224719101125,-0.390625,0.7358490566037735,-0.15217391304347827,1.0833333333333333,0.04,0.8478260869565217,-0.08235294117647059,1.1142857142857143,0.05405405405405406,1.6956521739130435,0.25806451612903225,3.0,0.5,1.95,0.3220338983050847,1.3,0.13043478260869565,0.39325842696629215,-0.43548387096774194,0.660377358490566,-0.20454545454545456,0.9722222222222222,-0.014084507042253521,0.7608695652173914,-0.13580246913580246,0.8974358974358975,-0.05405405405405406,1.5217391304347827,0.20689655172413793,2.6923076923076925,0.4583333333333333,1.75,0.2727272727272727,1.1666666666666667,0.07692307692307693,0.25842696629213485,-0.5892857142857143,0.4339622641509434,-0.39473684210526316,0.6388888888888888,-0.22033898305084745,0.5,-0.3333333333333333,0.5897435897435898,-0.25806451612903225,0.6571428571428571,-0.20689655172413793,1.7692307692307692,0.2777777777777778,1.15,0.06976744186046512,0.7666666666666667,-0.1320754716981132,0.14606741573033707,-0.7450980392156863,0.24528301886792453,-0.6060606060606061,0.3611111111111111,-0.46938775510204084,0.2826086956521739,-0.559322033898305,0.3333333333333333,-0.5,0.37142857142857144,-0.4583333333333333,0.5652173913043478,-0.2777777777777778,0.65,-0.21212121212121213,0.43333333333333335,-0.3953488372093023,0.2247191011235955,-0.6330275229357798,0.37735849056603776,-0.4520547945205479,0.5555555555555556,-0.2857142857142857,0.43478260869565216,-0.3939393939393939,0.5128205128205128,-0.3220338983050847,0.5714285714285714,-0.2727272727272727,0.8695652173913043,-0.06976744186046512,1.5384615384615385,0.21212121212121213,0.6666666666666666,-0.2,0.33707865168539325,-0.4957983193277311,0.5660377358490566,-0.27710843373493976,0.8333333333333334,-0.09090909090909091,0.6521739130434783,-0.21052631578947367,0.7692307692307693,-0.13043478260869565,0.8571428571428571,-0.07692307692307693,1.3043478260869565,0.1320754716981132,2.3076923076923075,0.3953488372093023,1.5,0.2
4.93,20,30,89,53,36,46,39,35,23,13,1.679245283018868,0.2535211267605634,2.4722222222222223,0.424,1.934782608695652,0.31851851851851853,2.282051282051282,0.390625,2.5428571428571427,0.43548387096774194,3.869565217391304,0.5892857142857143,6.846153846153846,0.7450980392156863,4.45,0.6330275229357798,2.966666666666667,0.4957983193277311,0.5955056179775281,-0.2535211267605634,1.4722222222222223,0.19101123595505617,1.1521739130434783,0.0707070707070707,1.358974358974359,0.15217391304347827,1.5142857142857142,0.20454545454545456,2.3043478260869565,0.39473684210526316,4.076923076923077,0.6060606060606061,2.65,0.4520547945205479,1.7666666666666666,0.27710843373493976,0.4044943820224719,-0.424,0.6792452830188679,-0.19101123595505617,0.782608695652174,-0.12195121951219512,0.9230769230769231,-0.04,1.0285714285714285,0.014084507042253521,1.565217391304348,0.22033898305084745,2.769230769230769,0.46938775510204084,1.8,0.2857142857142857,1.2,0.09090909090909091,0.5168539325842697,-0.31851851851851853,0.8679245283018868,-0.0707070707070707,1.2777777777777777,0.12195121951219512,1.1794871794871795,0.08235294117647059,1.3142857142857143,0.13580246913580246,2.0,0.3333333333333333,3.5384615384615383,0.559322033898305,2.3,0.3939393939393939,1.5333333333333334,0.21052631578947367,0.43820224719101125,-0.390625,0.7358490566037735,-0.15217391304347827,1.0833333333333333,0.04,0.8478260869565217,-0.08235294117647059,1.1142857142857143,0.05405405405405406,1.6956521739130435,0.25806451612903225,3.0,0.5,1.95,0.3220338983050847,1.3,0.13043478260869565,0.39325842696629215,-0.43548387096774194,0.660377358490566,-0.20454545454545456,0.9722222222222222,-0.014084507042253521,0.7608695652173914,-0.13580246913580246,0.8974358974358975,-0.05405405405405406,1.5217391304347827,0.20689655172413793,2.6923076923076925,0.4583333333333333,1.75,0.2727272727272727,1.1666666666666667,0.07692307692307693,0.25842696629213485,-0.5892857142857143,0.4339622641509434,-0.39473684210526316,0.6388888888888888,-0.22033898305084745,0.5,-0.3333333333333333,0.5897435897435898,-0.25806451612903225,0.6571428571428571,-0.20689655172413793,1.7692307692307692,0.2777777777777778,1.15,0.06976744186046512,0.7666666666666667,-0.1320754716981132,0.14606741573033707,-0.7450980392156863,0.24528301886792453,-0.6060606060606061,0.3611111111111111,-0.46938775510204084,0.2826086956521739,-0.559322033898305,0.3333333333333333,-0.5,0.37142857142857144,-0.4583333333333333,0.5652173913043478,-0.2777777777777778,0.65,-0.21212121212121213,0.43333333333333335,-0.3953488372093023,0.2247191011235955,-0.6330275229357798,0.37735849056603776,-0.4520547945205479,0.5555555555555556,-0.2857142857142857,0.43478260869565216,-0.3939393939393939,0.5128205128205128,-0.3220338983050847,0.5714285714285714,-0.2727272727272727,0.8695652173913043,-0.06976744186046512,1.5384615384615385,0.21212121212121213,0.6666666666666666,-0.2,0.33707865168539325,-0.4957983193277311,0.5660377358490566,-0.27710843373493976,0.8333333333333334,-0.09090909090909091,0.6521739130434783,-0.21052631578947367,0.7692307692307693,-0.13043478260869565,0.8571428571428571,-0.07692307692307693,1.3043478260869565,0.1320754716981132,2.3076923076923075,0.3953488372093023,1.5,0.2
4.82,55,48,133,91,73,91,78,85,73,67,1.4615384615384615,0.1875,1.821917808219178,0.2912621359223301,1.4615384615384615,0.1875,1.705128205128205,0.26066350710900477,1.5647058823529412,0.22018348623853212,1.821917808219178,0.2912621359223301,1.9850746268656716,0.33,2.418181818181818,0.4148936170212766,2.7708333333333335,0.4696132596685083,0.6842105263157895,-0.1875,1.2465753424657535,0.10975609756097561,1.0,0.0,1.1666666666666667,0.07692307692307693,1.0705882352941176,0.03409090909090909,1.2465753424657535,0.10975609756097561,1.3582089552238805,0.1518987341772152,1.6545454545454545,0.2465753424657534,1.8958333333333333,0.30935251798561153,0.5488721804511278,-0.2912621359223301,0.8021978021978022,-0.10975609756097561,0.8021978021978022,-0.10975609756097561,0.9358974358974359,-0.033112582781456956,0.8588235294117647,-0.0759493670886076,1.0,0.0,1.0895522388059702,0.04285714285714286,1.3272727272727274,0.140625,1.5208333333333333,0.2066115702479339,0.6842105263157895,-0.1875,1.0,0.0,1.2465753424657535,0.10975609756097561,1.1666666666666667,0.07692307692307693,1.0705882352941176,0.03409090909090909,1.2465753424657535,0.10975609756097561,1.3582089552238805,0.1518987341772152,1.6545454545454545,0.2465753424657534,1.8958333333333333,0.30935251798561153,0.5864661654135338,-0.26066350710900477,0.8571428571428571,-0.07692307692307693,1.0684931506849316,0.033112582781456956,0.8571428571428571,-0.07692307692307693,0.9176470588235294,-0.04294478527607362,1.0684931506849316,0.033112582781456956,1.164179104477612,0.07586206896551724,1.4181818181818182,0.17293233082706766,1.625,0.23809523809523808,0.6390977443609023,-0.22018348623853212,0.9340659340659341,-0.03409090909090909,1.1643835616438356,0.0759493670886076,0.9340659340659341,-0.03409090909090909,1.0897435897435896,0.04294478527607362,1.1643835616438356,0.0759493670886076,1.2686567164179106,0.11842105263157894,1.5454545454545454,0.21428571428571427,1.7708333333333333,0.2781954887218045,0.5488721804511278,-0.2912621359223301,0.8021978021978022,-0.10975609756097561,1.0,0.0,0.8021978021978022,-0.10975609756097561,0.9358974358974359,-0.033112582781456956,0.8588235294117647,-0.0759493670886076,1.0895522388059702,0.04285714285714286,1.3272727272727274,0.140625,1.5208333333333333,0.2066115702479339,0.5037593984962406,-0.33,0.7362637362637363,-0.1518987341772152,0.9178082191780822,-0.04285714285714286,0.7362637362637363,-0.1518987341772152,0.8589743589743589,-0.07586206896551724,0.788235294117647,-0.11842105263157894,0.9178082191780822,-0.04285714285714286,1.2181818181818183,0.09836065573770492,1.3958333333333333,0.16521739130434782,0.41353383458646614,-0.4148936170212766,0.6043956043956044,-0.2465753424657534,0.7534246575342466,-0.140625,0.6043956043956044,-0.2465753424657534,0.7051282051282052,-0.17293233082706766,0.6470588235294118,-0.21428571428571427,0.7534246575342466,-0.140625,0.8208955223880597,-0.09836065573770492,1.1458333333333333,0.06796116504854369,0.3609022556390977,-0.4696132596685083,0.5274725274725275,-0.30935251798561153,0.6575342465753424,-0.2066115702479339,0.5274725274725275,-0.30935251798561153,0.6153846153846154,-0.23809523809523808,0.5647058823529412,-0.2781954887218045,0.6575342465753424,-0.2066115702479339,0.7164179104477612,-0.16521739130434782,0.8727272727272727,-0.06796116504854369
5.61,55,48,133,91,73,91,78,85,73,67,1.4615384615384615,0.1875,1.821917808219178,0.2912621359223301,1.4615384615384615,0.1875,1.705128205128205,0.26066350710900477,1.5647058823529412,0.22018348623853212,1.821917808219178,0.2912621359223301,1.9850746268656716,0.33,2.418181818181818,0.4148936170212766,2.7708333333333335,0.4696132596685083,0.6842105263157895,-0.1875,1.2465753424657535,0.10975609756097561,1.0,0.0,1.1666666666666667,0.07692307692307693,1.0705882352941176,0.03409090909090909,1.2465753424657535,0.10975609756097561,1.3582089552238805,0.1518987341772152,1.6545454545454545,0.2465753424657534,1.8958333333333333,0.30935251798561153,0.5488721804511278,-0.2912621359223301,0.8021978021978022,-0.10975609756097561,0.8021978021978022,-0.10975609756097561,0.9358974358974359,-0.033112582781456956,0.8588235294117647,-0.0759493670886076,1.0,0.0,1.0895522388059702,0.04285714285714286,1.3272727272727274,0.140625,1.5208333333333333,0.2066115702479339,0.6842105263157895,-0.1875,1.0,0.0,1.2465753424657535,0.10975609756097561,1.1666666666666667,0.07692307692307693,1.0705882352941176,0.03409090909090909,1.2465753424657535,0.10975609756097561,1.3582089552238805,0.1518987341772152,1.6545454545454545,0.2465753424657534,1.8958333333333333,0.30935251798561153,0.5864661654135338,-0.26066350710900477,0.8571428571428571,-0.07692307692307693,1.0684931506849316,0.033112582781456956,0.8571428571428571,-0.07692307692307693,0.9176470588235294,-0.04294478527607362,1.0684931506849316,0.033112582781456956,1.164179104477612,0.07586206896551724,1.4181818181818182,0.17293233082706766,1.625,0.23809523809523808,0.6390977443609023,-0.22018348623853212,0.9340659340659341,-0.03409090909090909,1.1643835616438356,0.0759493670886076,0.9340659340659341,-0.03409090909090909,1.0897435897435896,0.04294478527607362,1.1643835616438356,0.0759493670886076,1.2686567164179106,0.11842105263157894,1.5454545454545454,0.21428571428571427,1.7708333333333333,0.2781954887218045,0.5488721804511278,-0.2912621359223301,0.8021978021978022,-0.10975609756097561,1.0,0.0,0.8021978021978022,-0.10975609756097561,0.9358974358974359,-0.033112582781456956,0.8588235294117647,-0.0759493670886076,1.0895522388059702,0.04285714285714286,1.3272727272727274,0.140625,1.5208333333333333,0.2066115702479339,0.5037593984962406,-0.33,0.7362637362637363,-0.1518987341772152,0.9178082191780822,-0.04285714285714286,0.7362637362637363,-0.1518987341772152,0.8589743589743589,-0.07586206896551724,0.788235294117647,-0.11842105263157894,0.9178082191780822,-0.04285714285714286,1.2181818181818183,0.09836065573770492,1.3958333333333333,0.16521739130434782,0.41353383458646614,-0.4148936170212766,0.6043956043956044,-0.2465753424657534,0.7534246575342466,-0.140625,0.6043956043956044,-0.2465753424657534,0.7051282051282052,-0.17293233082706766,0.6470588235294118,-0.21428571428571427,0.7534246575342466,-0.140625,0.8208955223880597,-0.09836065573770492,1.1458333333333333,0.06796116504854369,0.3609022556390977,-0.4696132596685083,0.5274725274725275,-0.30935251798561153,0.6575342465753424,-0.2066115702479339,0.5274725274725275,-0.30935251798561153,0.6153846153846154,-0.23809523809523808,0.5647058823529412,-0.2781954887218045,0.6575342465753424,-0.2066115702479339,0.7164179104477612,-0.16521739130434782,0.8727272727272727,-0.06796116504854369
5.1,41,47,49,26,25,34,16,34,27,22,1.8846153846153846,0.30666666666666664,1.96,0.32432432432432434,1.4411764705882353,0.18072289156626506,3.0625,0.5076923076923077,1.4411764705882353,0.18072289156626506,1.8148148148148149,0.2894736842105263,2.227272727272727,0.38028169014084506,1.1951219512195121,0.08888888888888889,1.0425531914893618,0.020833333333333332,0.5306122448979592,-0.30666666666666664,1.04,0.0196078431372549,0.7647058823529411,-0.13333333333333333,1.625,0.23809523809523808,0.7647058823529411,-0.13333333333333333,0.9629629629629629,-0.018867924528301886,1.1818181818181819,0.08333333333333333,0.6341463414634146,-0.22388059701492538,0.5531914893617021,-0.2876712328767123,0.5102040816326531,-0.32432432432432434,0.9615384615384616,-0.0196078431372549,0.7352941176470589,-0.15254237288135594,1.5625,0.21951219512195122,0.7352941176470589,-0.15254237288135594,0.9259259259259259,-0.038461538461538464,1.1363636363636365,0.06382978723404255,0.6097560975609756,-0.24242424242424243,0.5319148936170213,-0.3055555555555556,0.6938775510204082,-0.18072289156626506,1.3076923076923077,0.13333333333333333,1.36,0.15254237288135594,2.125,0.36,1.0,0.0,1.2592592592592593,0.11475409836065574,1.5454545454545454,0.21428571428571427,0.8292682926829268,-0.09333333333333334,0.723404255319149,-0.16049382716049382,0.32653061224489793,-0.5076923076923077,0.6153846153846154,-0.23809523809523808,0.64,-0.21951219512195122,0.47058823529411764,-0.36,0.47058823529411764,-0.36,0.5925925925925926,-0.2558139534883721,0.7272727272727273,-0.15789473684210525,0.3902439024390244,-0.43859649122807015,0.3404255319148936,-0.49206349206349204,0.6938775510204082,-0.18072289156626506,1.3076923076923077,0.13333333333333333,1.36,0.15254237288135594,1.0,0.0,2.125,0.36,1.2592592592592593,0.11475409836065574,1.5454545454545454,0.21428571428571427,0.8292682926829268,-0.09333333333333334,0.723404255319149,-0.16049382716049382,0.5510204081632653,-0.2894736842105263,1.0384615384615385,0.018867924528301886,1.08,0.038461538461538464,0.7941176470588235,-0.11475409836065574,1.6875,0.2558139534883721,0.7941176470588235,-0.11475409836065574,1.2272727272727273,0.10204081632653061,0.6585365853658537,-0.20588235294117646,0.574468085106383,-0.2702702702702703,0.4489795918367347,-0.38028169014084506,0.8461538461538461,-0.08333333333333333,0.88,-0.06382978723404255,0.6470588235294118,-0.21428571428571427,1.375,0.15789473684210525,0.6470588235294118,-0.21428571428571427,0.8148148148148148,-0.10204081632653061,0.5365853658536586,-0.30158730158730157,0.46808510638297873,-0.36231884057971014,0.8367346938775511,-0.08888888888888889,1.5769230769230769,0.22388059701492538,1.64,0.24242424242424243,1.2058823529411764,0.09333333333333334,2.5625,0.43859649122807015,1.2058823529411764,0.09333333333333334,1.5185185185185186,0.20588235294117646,1.8636363636363635,0.30158730158730157,0.8723404255319149,-0.06818181818181818,0.9591836734693877,-0.020833333333333332,1.8076923076923077,0.2876712328767123,1.88,0.3055555555555556,1.3823529411764706,0.16049382716049382,2.9375,0.49206349206349204,1.3823529411764706,0.16049382716049382,1.7407407407407407,0.2702702702702703,2.1363636363636362,0.36231884057971014,1.146341463414634,0.06818181818181818
5.08,41,47,49,26,25,34,16,34,27,22,1.8846153846153846,0.30666666666666664,1.96,0.32432432432432434,1.4411764705882353,0.18072289156626506,3.0625,0.5076923076923077,1.4411764705882353,0.18072289156626506,1.8148148148148149,0.2894736842105263,2.227272727272727,0.38028169014084506,1.1951219512195121,0.08888888888888889,1.0425531914893618,0.020833333333333332,0.5306122448979592,-0.30666666666666664,1.04,0.0196078431372549,0.7647058823529411,-0.13333333333333333,1.625,0.23809523809523808,0.7647058823529411,-0.13333333333333333,0.9629629629629629,-0.018867924528301886,1.1818181818181819,0.08333333333333333,0.6341463414634146,-0.22388059701492538,0.5531914893617021,-0.2876712328767123,0.5102040816326531,-0.32432432432432434,0.9615384615384616,-0.0196078431372549,0.7352941176470589,-0.15254237288135594,1.5625,0.21951219512195122,0.7352941176470589,-0.15254237288135594,0.9259259259259259,-0.038461538461538464,1.1363636363636365,0.06382978723404255,0.6097560975609756,-0.24242424242424243,0.5319148936170213,-0.3055555555555556,0.6938775510204082,-0.18072289156626506,1.3076923076923077,0.13333333333333333,1.36,0.15254237288135594,2.125,0.36,1.0,0.0,1.2592592592592593,0.11475409836065574,1.5454545454545454,0.21428571428571427,0.8292682926829268,-0.09333333333333334,0.723404255319149,-0.16049382716049382,0.32653061224489793,-0.5076923076923077,0.6153846153846154,-0.23809523809523808,0.64,-0.21951219512195122,0.47058823529411764,-0.36,0.47058823529411764,-0.36,0.5925925925925926,-0.2558139534883721,0.7272727272727273,-0.15789473684210525,0.3902439024390244,-0.43859649122807015,0.3404255319148936,-0.49206349206349204,0.6938775510204082,-0.18072289156626506,1.3076923076923077,0.13333333333333333,1.36,0.15254237288135594,1.0,0.0,2.125,0.36,1.2592592592592593,0.11475409836065574,1.5454545454545454,0.21428571428571427,0.8292682926829268,-0.09333333333333334,0.723404255319149,-0.16049382716049382,0.5510204081632653,-0.2894736842105263,1.0384615384615385,0.018867924528301886,1.08,0.038461538461538464,0.7941176470588235,-0.11475409836065574,1.6875,0.2558139534883721,0.7941176470588235,-0.11475409836065574,1.2272727272727273,0.10204081632653061,0.6585365853658537,-0.20588235294117646,0.574468085106383,-0.2702702702702703,0.4489795918367347,-0.38028169014084506,0.8461538461538461,-0.08333333333333333,0.88,-0.06382978723404255,0.6470588235294118,-0.21428571428571427,1.375,0.15789473684210525,0.6470588235294118,-0.21428571428571427,0.8148148148148148,-0.10204081632653061,0.5365853658536586,-0.30158730158730157,0.46808510638297873,-0.36231884057971014,0.8367346938775511,-0.08888888888888889,1.5769230769230769,0.22388059701492538,1.64,0.24242424242424243,1.2058823529411764,0.09333333333333334,2.5625,0.43859649122807015,1.2058823529411764,0.09333333333333334,1.5185185185185186,0.20588235294117646,1.8636363636363635,0.30158730158730157,0.8723404255319149,-0.06818181818181818,0.9591836734693877,-0.020833333333333332,1.8076923076923077,0.2876712328767123,1.88,0.3055555555555556,1.3823529411764706,0.16049382716049382,2.9375,0.49206349206349204,1.3823529411764706,0.16049382716049382,1.7407407407407407,0.2702702702702703,2.1363636363636362,0.36231884057971014,1.146341463414634,0.06818181818181818
5.31,23,29,27,40,49,65,38,35,40,20,0.675,-0.19402985074626866,0.5510204081632653,-0.2894736842105263,0.4153846153846154,-0.41304347826086957,0.7105263157894737,-0.16923076923076924,0.7714285714285715,-0.12903225806451613,0.675,-0.19402985074626866,1.35,0.14893617021276595,1.173913043478261,0.08,0.9310344827586207,-0.03571428571428571,1.4814814814814814,0.19402985074626866,0.8163265306122449,-0.10112359550561797,0.6153846153846154,-0.23809523809523808,1.0526315789473684,0.02564102564102564,1.1428571428571428,0.06666666666666667,1.0,0.0,2.0,0.3333333333333333,1.7391304347826086,0.2698412698412698,1.3793103448275863,0.15942028985507245,1.8148148148148149,0.2894736842105263,1.225,0.10112359550561797,0.7538461538461538,-0.14035087719298245,1.2894736842105263,0.12643678160919541,1.4,0.16666666666666666,1.225,0.10112359550561797,2.45,0.42028985507246375,2.130434782608696,0.3611111111111111,1.6896551724137931,0.2564102564102564,2.4074074074074074,0.41304347826086957,1.625,0.23809523809523808,1.3265306122448979,0.14035087719298245,1.7105263157894737,0.2621359223300971,1.8571428571428572,0.3,1.625,0.23809523809523808,3.25,0.5294117647058824,2.8260869565217392,0.4772727272727273,2.2413793103448274,0.3829787234042553,1.4074074074074074,0.16923076923076924,0.95,-0.02564102564102564,0.7755102040816326,-0.12643678160919541,0.5846153846153846,-0.2621359223300971,1.0857142857142856,0.0410958904109589,0.95,-0.02564102564102564,1.9,0.3103448275862069,1.6521739130434783,0.2459016393442623,1.3103448275862069,0.13432835820895522,1.2962962962962963,0.12903225806451613,0.875,-0.06666666666666667,0.7142857142857143,-0.16666666666666666,0.5384615384615384,-0.3,0.9210526315789473,-0.0410958904109589,0.875,-0.06666666666666667,1.75,0.2727272727272727,1.5217391304347827,0.20689655172413793,1.206896551724138,0.09375,1.4814814814814814,0.19402985074626866,1.0,0.0,0.8163265306122449,-0.10112359550561797,0.6153846153846154,-0.23809523809523808,1.0526315789473684,0.02564102564102564,1.1428571428571428,0.06666666666666667,2.0,0.3333333333333333,1.7391304347826086,0.2698412698412698,1.3793103448275863,0.15942028985507245,0.7407407407407407,-0.14893617021276595,0.5,-0.3333333333333333,0.40816326530612246,-0.42028985507246375,0.3076923076923077,-0.5294117647058824,0.5263157894736842,-0.3103448275862069,0.5714285714285714,-0.2727272727272727,0.5,-0.3333333333333333,0.8695652173913043,-0.06976744186046512,0.6896551724137931,-0.1836734693877551,0.8518518518518519,-0.08,0.575,-0.2698412698412698,0.46938775510204084,-0.3611111111111111,0.35384615384615387,-0.4772727272727273,0.6052631578947368,-0.2459016393442623,0.6571428571428571,-0.20689655172413793,0.575,-0.2698412698412698,1.15,0.06976744186046512,0.7931034482758621,-0.11538461538461539,1.0740740740740742,0.03571428571428571,0.725,-0.15942028985507245,0.5918367346938775,-0.2564102564102564,0.4461538461538462,-0.3829787234042553,0.7631578947368421,-0.13432835820895522,0.8285714285714286,-0.09375,0.725,-0.15942028985507245,1.45,0.1836734693877551,1.2608695652173914,0.11538461538461539
5.04,23,29,27,40,49,65,38,35,40,20,0.675,-0.19402985074626866,0.5510204081632653,-0.2894736842105263,0.4153846153846154,-0.41304347826086957,0.7105263157894737,-0.16923076923076924,0.7714285714285715,-0.12903225806451613,0.675,-0.19402985074626866,1.35,0.14893617021276595,1.173913043478261,0.08,0.9310344827586207,-0.03571428571428571,1.4814814814814814,0.19402985074626866,0.8163265306122449,-0.10112359550561797,0.6153846153846154,-0.23809523809523808,1.0526315789473684,0.02564102564102564,1.1428571428571428,0.06666666666666667,1.0,0.0,2.0,0.3333333333333333,1.7391304347826086,0.2698412698412698,1.3793103448275863,0.15942028985507245,1.8148148148148149,0.2894736842105263,1.225,0.10112359550561797,0.7538461538461538,-0.14035087719298245,1.2894736842105263,0.12643678160919541,1.4,0.16666666666666666,1.225,0.10112359550561797,2.45,0.42028985507246375,2.130434782608696,0.3611111111111111,1.6896551724137931,0.2564102564102564,2.4074074074074074,0.41304347826086957,1.625,0.23809523809523808,1.3265306122448979,0.14035087719298245,1.7105263157894737,0.2621359223300971,1.8571428571428572,0.3,1.625,0.23809523809523808,3.25,0.5294117647058824,2.8260869565217392,0.4772727272727273,2.2413793103448274,0.3829787234042553,1.4074074074074074,0.16923076923076924,0.95,-0.02564102564102564,0.7755102040816326,-0.12643678160919541,0.5846153846153846,-0.2621359223300971,1.0857142857142856,0.0410958904109589,0.95,-0.02564102564102564,1.9,0.3103448275862069,1.6521739130434783,0.2459016393442623,1.3103448275862069,0.13432835820895522,1.2962962962962963,0.12903225806451613,0.875,-0.06666666666666667,0.7142857142857143,-0.16666666666666666,0.5384615384615384,-0.3,0.9210526315789473,-0.0410958904109589,0.875,-0.06666666666666667,1.75,0.2727272727272727,1.5217391304347827,0.20689655172413793,1.206896551724138,0.09375,1.4814814814814814,0.19402985074626866,1.0,0.0,0.8163265306122449,-0.10112359550561797,0.6153846153846154,-0.23809523809523808,1.0526315789473684,0.02564102564102564,1.1428571428571428,0.06666666666666667,2.0,0.3333333333333333,1.7391304347826086,0.2698412698412698,1.3793103448275863,0.15942028985507245,0.7407407407407407,-0.14893617021276595,0.5,-0.3333333333333333,0.40816326530612246,-0.42028985507246375,0.3076923076923077,-0.5294117647058824,0.5263157894736842,-0.3103448275862069,0.5714285714285714,-0.2727272727272727,0.5,-0.3333333333333333,0.8695652173913043,-0.06976744186046512,0.6896551724137931,-0.1836734693877551,0.8518518518518519,-0.08,0.575,-0.2698412698412698,0.46938775510204084,-0.3611111111111111,0.35384615384615387,-0.4772727272727273,0.6052631578947368,-0.2459016393442623,0.6571428571428571,-0.20689655172413793,0.575,-0.2698412698412698,1.15,0.06976744186046512,0.7931034482758621,-0.11538461538461539,1.0740740740740742,0.03571428571428571,0.725,-0.15942028985507245,0.5918367346938775,-0.2564102564102564,0.4461538461538462,-0.3829787234042553,0.7631578947368421,-0.13432835820895522,0.8285714285714286,-0.09375,0.725,-0.15942028985507245,1.45,0.1836734693877551,1.2608695652173914,0.11538461538461539
4.21,12,25,63,34,15,30,18,25,11,11,1.8529411764705883,0.29896907216494845,4.2,0.6153846153846154,2.1,0.3548387096774194,3.5,0.5555555555555556,2.52,0.4318181818181818,5.7272727272727275,0.7027027027027027,5.7272727272727275,0.7027027027027027,5.25,0.68,2.52,0.4318181818181818,0.5396825396825397,-0.29896907216494845,2.2666666666666666,0.3877551020408163,1.1333333333333333,0.0625,1.8888888888888888,0.3076923076923077,1.36,0.15254237288135594,3.090909090909091,0.5111111111111111,3.090909090909091,0.5111111111111111,2.8333333333333335,0.4782608695652174,1.36,0.15254237288135594,0.23809523809523808,-0.6153846153846154,0.4411764705882353,-0.3877551020408163,0.5,-0.3333333333333333,0.8333333333333334,-0.09090909090909091,0.6,-0.25,1.3636363636363635,0.15384615384615385,1.3636363636363635,0.15384615384615385,1.25,0.1111111111111111,0.6,-0.25,0.47619047619047616,-0.3548387096774194,0.8823529411764706,-0.0625,2.0,0.3333333333333333,1.6666666666666667,0.25,1.2,0.09090909090909091,2.727272727272727,0.4634146341463415,2.727272727272727,0.4634146341463415,2.5,0.42857142857142855,1.2,0.09090909090909091,0.2857142857142857,-0.5555555555555556,0.5294117647058824,-0.3076923076923077,1.2,0.09090909090909091,0.6,-0.25,0.72,-0.16279069767441862,1.6363636363636365,0.2413793103448276,1.6363636363636365,0.2413793103448276,1.5,0.2,0.72,-0.16279069767441862,0.3968253968253968,-0.4318181818181818,0.7352941176470589,-0.15254237288135594,1.6666666666666667,0.25,0.8333333333333334,-0.09090909090909091,1.3888888888888888,0.16279069767441862,2.272727272727273,0.3888888888888889,2.272727272727273,0.3888888888888889,2.0833333333333335,0.35135135135135137,1.0,0.0,0.1746031746031746,-0.7027027027027027,0.3235294117647059,-0.5111111111111111,0.7333333333333333,-0.15384615384615385,0.36666666666666664,-0.4634146341463415,0.6111111111111112,-0.2413793103448276,0.44,-0.3888888888888889,1.0,0.0,0.9166666666666666,-0.043478260869565216,0.44,-0.3888888888888889,0.1746031746031746,-0.7027027027027027,0.3235294117647059,-0.5111111111111111,0.7333333333333333,-0.15384615384615385,0.36666666666666664,-0.4634146341463415,0.6111111111111112,-0.2413793103448276,0.44,-0.3888888888888889,1.0,0.0,0.9166666666666666,-0.043478260869565216,0.44,-0.3888888888888889,0.19047619047619047,-0.68,0.35294117647058826,-0.4782608695652174,0.8,-0.1111111111111111,0.4,-0.42857142857142855,0.6666666666666666,-0.2,0.48,-0.35135135135135137,1.0909090909090908,0.043478260869565216,1.0909090909090908,0.043478260869565216,0.48,-0.35135135135135137,0.3968253968253968,-0.4318181818181818,0.7352941176470589,-0.15254237288135594,1.6666666666666667,0.25,0.8333333333333334,-0.09090909090909091,1.3888888888888888,0.16279069767441862,1.0,0.0,2.272727272727273,0.3888888888888889,2.272727272727273,0.3888888888888889,2.0833333333333335,0.35135135135135137
3.94,12,25,63,34,15,30,18,25,11,11,1.8529411764705883,0.29896907216494845,4.2,0.6153846153846154,2.1,0.3548387096774194,3.5,0.5555555555555556,2.52,0.4318181818181818,5.7272727272727275,0.7027027027027027,5.7272727272727275,0.7027027027027027,5.25,0.68,2.52,0.4318181818181818,0.5396825396825397,-0.29896907216494845,2.2666666666666666,0.3877551020408163,1.1333333333333333,0.0625,1.8888888888888888,0.3076923076923077,1.36,0.15254237288135594,3.090909090909091,0.5111111111111111,3.090909090909091,0.5111111111111111,2.8333333333333335,0.4782608695652174,1.36,0.15254237288135594,0.23809523809523808,-0.6153846153846154,0.4411764705882353,-0.3877551020408163,0.5,-0.3333333333333333,0.8333333333333334,-0.09090909090909091,0.6,-0.25,1.3636363636363635,0.15384615384615385,1.3636363636363635,0.15384615384615385,1.25,0.1111111111111111,0.6,-0.25,0.47619047619047616,-0.3548387096774194,0.8823529411764706,-0.0625,2.0,0.3333333333333333,1.6666666666666667,0.25,1.2,0.09090909090909091,2.727272727272727,0.4634146341463415,2.727272727272727,0.4634146341463415,2.5,0.42857142857142855,1.2,0.09090909090909091,0.2857142857142857,-0.5555555555555556,0.5294117647058824,-0.3076923076923077,1.2,0.09090909090909091,0.6,-0.25,0.72,-0.16279069767441862,1.6363636363636365,0.2413793103448276,1.6363636363636365,0.2413793103448276,1.5,0.2,0.72,-0.16279069767441862,0.3968253968253968,-0.4318181818181818,0.7352941176470589,-0.15254237288135594,1.6666666666666667,0.25,0.8333333333333334,-0.09090909090909091,1.3888888888888888,0.16279069767441862,2.272727272727273,0.3888888888888889,2.272727272727273,0.3888888888888889,2.0833333333333335,0.35135135135135137,1.0,0.0,0.1746031746031746,-0.7027027027027027,0.3235294117647059,-0.5111111111111111,0.7333333333333333,-0.15384615384615385,0.36666666666666664,-0.4634146341463415,0.6111111111111112,-0.2413793103448276,0.44,-0.3888888888888889,1.0,0.0,0.9166666666666666,-0.043478260869565216,0.44,-0.3888888888888889,0.1746031746031746,-0.7027027027027027,0.3235294117647059,-0.5111111111111111,0.7333333333333333,-0.15384615384615385,0.36666666666666664,-0.4634146341463415,0.6111111111111112,-0.2413793103448276,0.44,-0.3888888888888889,1.0,0.0,0.9166666666666666,-0.043478260869565216,0.44,-0.3888888888888889,0.19047619047619047,-0.68,0.35294117647058826,-0.4782608695652174,0.8,-0.1111111111111111,0.4,-0.42857142857142855,0.6666666666666666,-0.2,0.48,-0.35135135135135137,1.0909090909090908,0.043478260869565216,1.0909090909090908,0.043478260869565216,0.48,-0.35135135135135137,0.3968253968253968,-0.4318181818181818,0.7352941176470589,-0.15254237288135594,1.6666666666666667,0.25,0.8333333333333334,-0.09090909090909091,1.3888888888888888,0.16279069767441862,1.0,0.0,2.272727272727273,0.3888888888888889,2.272727272727273,0.3888888888888889,2.0833333333333335,0.35135135135135137
5.09,85,73,117,83,118,128,106,103,89,93,1.4096385542168675,0.17,0.9915254237288136,-0.00425531914893617,0.9140625,-0.044897959183673466,1.1037735849056605,0.04932735426008968,1.1359223300970873,0.06363636363636363,1.3146067415730338,0.13592233009708737,1.2580645161290323,0.11428571428571428,1.3764705882352941,0.15841584158415842,1.6027397260273972,0.23157894736842105,0.7094017094017094,-0.17,0.7033898305084746,-0.17412935323383086,0.6484375,-0.2132701421800948,0.7830188679245284,-0.12169312169312169,0.8058252427184466,-0.10752688172043011,0.9325842696629213,-0.03488372093023256,0.8924731182795699,-0.056818181818181816,0.9764705882352941,-0.011904761904761904,1.1369863013698631,0.0641025641025641,1.0085470085470085,0.00425531914893617,1.4216867469879517,0.17412935323383086,0.921875,-0.04065040650406504,1.1132075471698113,0.05357142857142857,1.145631067961165,0.06787330316742081,1.3258426966292134,0.14009661835748793,1.2688172043010753,0.11848341232227488,1.388235294117647,0.1625615763546798,1.6164383561643836,0.2356020942408377,1.0940170940170941,0.044897959183673466,1.5421686746987953,0.2132701421800948,1.0847457627118644,0.04065040650406504,1.2075471698113207,0.09401709401709402,1.2427184466019416,0.10822510822510822,1.4382022471910112,0.17972350230414746,1.3763440860215055,0.1583710407239819,1.5058823529411764,0.20187793427230047,1.7534246575342465,0.2736318407960199,0.905982905982906,-0.04932735426008968,1.2771084337349397,0.12169312169312169,0.8983050847457628,-0.05357142857142857,0.828125,-0.09401709401709402,1.029126213592233,0.014354066985645933,1.1910112359550562,0.08717948717948718,1.1397849462365592,0.06532663316582915,1.2470588235294118,0.1099476439790576,1.452054794520548,0.18435754189944134,0.8803418803418803,-0.06363636363636363,1.2409638554216869,0.10752688172043011,0.8728813559322034,-0.06787330316742081,0.8046875,-0.10822510822510822,0.9716981132075472,-0.014354066985645933,1.1573033707865168,0.07291666666666667,1.10752688172043,0.05102040816326531,1.2117647058823529,0.09574468085106383,1.4109589041095891,0.17045454545454544,0.7606837606837606,-0.13592233009708737,1.072289156626506,0.03488372093023256,0.7542372881355932,-0.14009661835748793,0.6953125,-0.17972350230414746,0.839622641509434,-0.08717948717948718,0.8640776699029126,-0.07291666666666667,0.956989247311828,-0.02197802197802198,1.0470588235294118,0.022988505747126436,1.2191780821917808,0.09876543209876543,0.7948717948717948,-0.11428571428571428,1.1204819277108433,0.056818181818181816,0.788135593220339,-0.11848341232227488,0.7265625,-0.1583710407239819,0.8773584905660378,-0.06532663316582915,0.9029126213592233,-0.05102040816326531,1.0449438202247192,0.02197802197802198,1.0941176470588236,0.0449438202247191,1.273972602739726,0.12048192771084337,0.7264957264957265,-0.15841584158415842,1.0240963855421688,0.011904761904761904,0.7203389830508474,-0.1625615763546798,0.6640625,-0.20187793427230047,0.8018867924528302,-0.1099476439790576,0.8252427184466019,-0.09574468085106383,0.9550561797752809,-0.022988505747126436,0.9139784946236559,-0.0449438202247191,1.1643835616438356,0.0759493670886076,0.6239316239316239,-0.23157894736842105,0.8795180722891566,-0.0641025641025641,0.6186440677966102,-0.2356020942408377,0.5703125,-0.2736318407960199,0.6886792452830188,-0.18435754189944134,0.7087378640776699,-0.17045454545454544,0.8202247191011236,-0.09876543209876543,0.7849462365591398,-0.12048192771084337,0.8588235294117647,-0.0759493670886076
4.96,85,73,117,83,118,128,106,103,89,93,1.4096385542168675,0.17,0.9915254237288136,-0.00425531914893617,0.9140625,-0.044897959183673466,1.1037735849056605,0.04932735426008968,1.1359223300970873,0.06363636363636363,1.3146067415730338,0.13592233009708737,1.2580645161290323,0.11428571428571428,1.3764705882352941,0.15841584158415842,1.6027397260273972,0.23157894736842105,0.7094017094017094,-0.17,0.7033898305084746,-0.17412935323383086,0.6484375,-0.2132701421800948,0.7830188679245284,-0.12169312169312169,0.8058252427184466,-0.10752688172043011,0.9325842696629213,-0.03488372093023256,0.8924731182795699,-0.056818181818181816,0.9764705882352941,-0.011904761904761904,1.1369863013698631,0.0641025641025641,1.0085470085470085,0.00425531914893617,1.4216867469879517,0.17412935323383086,0.921875,-0.04065040650406504,1.1132075471698113,0.05357142857142857,1.145631067961165,0.06787330316742081,1.3258426966292134,0.14009661835748793,1.2688172043010753,0.11848341232227488,1.388235294117647,0.1625615763546798,1.6164383561643836,0.2356020942408377,1.0940170940170941,0.044897959183673466,1.5421686746987953,0.2132701421800948,1.0847457627118644,0.04065040650406504,1.2075471698113207,0.09401709401709402,1.2427184466019416,0.10822510822510822,1.4382022471910112,0.17972350230414746,1.3763440860215055,0.1583710407239819,1.5058823529411764,0.20187793427230047,1.7534246575342465,0.2736318407960199,0.905982905982906,-0.04932735426008968,1.2771084337349397,0.12169312169312169,0.8983050847457628,-0.05357142857142857,0.828125,-0.09401709401709402,1.029126213592233,0.014354066985645933,1.1910112359550562,0.08717948717948718,1.1397849462365592,0.06532663316582915,1.2470588235294118,0.1099476439790576,1.452054794520548,0.18435754189944134,0.8803418803418803,-0.06363636363636363,1.2409638554216869,0.10752688172043011,0.8728813559322034,-0.06787330316742081,0.8046875,-0.10822510822510822,0.9716981132075472,-0.014354066985645933,1.1573033707865168,0.07291666666666667,1.10752688172043,0.05102040816326531,1.2117647058823529,0.09574468085106383,1.4109589041095891,0.17045454545454544,0.7606837606837606,-0.13592233009708737,1.072289156626506,0.03488372093023256,0.7542372881355932,-0.14009661835748793,0.6953125,-0.17972350230414746,0.839622641509434,-0.08717948717948718,0.8640776699029126,-0.07291666666666667,0.956989247311828,-0.02197802197802198,1.0470588235294118,0.022988505747126436,1.2191780821917808,0.09876543209876543,0.7948717948717948,-0.11428571428571428,1.1204819277108433,0.056818181818181816,0.788135593220339,-0.11848341232227488,0.7265625,-0.1583710407239819,0.8773584905660378,-0.06532663316582915,0.9029126213592233,-0.05102040816326531,1.0449438202247192,0.02197802197802198,1.0941176470588236,0.0449438202247191,1.273972602739726,0.12048192771084337,0.7264957264957265,-0.15841584158415842,1.0240963855421688,0.011904761904761904,0.7203389830508474,-0.1625615763546798,0.6640625,-0.20187793427230047,0.8018867924528302,-0.1099476439790576,0.8252427184466019,-0.09574468085106383,0.9550561797752809,-0.022988505747126436,0.9139784946236559,-0.0449438202247191,1.1643835616438356,0.0759493670886076,0.6239316239316239,-0.23157894736842105,0.8795180722891566,-0.0641025641025641,0.6186440677966102,-0.2356020942408377,0.5703125,-0.2736318407960199,0.6886792452830188,-0.18435754189944134,0.7087378640776699,-0.17045454545454544,0.8202247191011236,-0.09876543209876543,0.7849462365591398,-0.12048192771084337,0.8588235294117647,-0.0759493670886076
3.95,39,30,158,133,107,112,85,89,59,71,1.1879699248120301,0.0859106529209622,1.4766355140186915,0.19245283018867926,1.4107142857142858,0.17037037037037037,1.8588235294117648,0.3004115226337449,1.7752808988764044,0.2793522267206478,2.6779661016949152,0.45622119815668205,2.2253521126760565,0.3799126637554585,4.051282051282051,0.6040609137055838,5.266666666666667,0.6808510638297872,0.8417721518987342,-0.0859106529209622,1.2429906542056075,0.10833333333333334,1.1875,0.08571428571428572,1.5647058823529412,0.22018348623853212,1.4943820224719102,0.1981981981981982,2.2542372881355934,0.3854166666666667,1.8732394366197183,0.30392156862745096,3.41025641025641,0.5465116279069767,4.433333333333334,0.6319018404907976,0.6772151898734177,-0.19245283018867926,0.8045112781954887,-0.10833333333333334,0.9553571428571429,-0.0228310502283105,1.2588235294117647,0.11458333333333333,1.202247191011236,0.09183673469387756,1.8135593220338984,0.2891566265060241,1.5070422535211268,0.20224719101123595,2.7435897435897436,0.4657534246575342,3.566666666666667,0.5620437956204379,0.7088607594936709,-0.17037037037037037,0.8421052631578947,-0.08571428571428572,1.0467289719626167,0.0228310502283105,1.3176470588235294,0.13705583756345177,1.2584269662921348,0.11442786069651742,1.8983050847457628,0.30994152046783624,1.5774647887323943,0.22404371584699453,2.871794871794872,0.48344370860927155,3.7333333333333334,0.5774647887323944,0.5379746835443038,-0.3004115226337449,0.6390977443609023,-0.22018348623853212,0.794392523364486,-0.11458333333333333,0.7589285714285714,-0.13705583756345177,0.9550561797752809,-0.022988505747126436,1.4406779661016949,0.18055555555555555,1.1971830985915493,0.08974358974358974,2.1794871794871793,0.3709677419354839,2.8333333333333335,0.4782608695652174,0.5632911392405063,-0.2793522267206478,0.6691729323308271,-0.1981981981981982,0.8317757009345794,-0.09183673469387756,0.7946428571428571,-0.11442786069651742,1.0470588235294118,0.022988505747126436,1.5084745762711864,0.20270270270270271,1.2535211267605635,0.1125,2.282051282051282,0.390625,2.966666666666667,0.4957983193277311,0.37341772151898733,-0.45622119815668205,0.44360902255639095,-0.3854166666666667,0.5514018691588785,-0.2891566265060241,0.5267857142857143,-0.30994152046783624,0.6941176470588235,-0.18055555555555555,0.6629213483146067,-0.20270270270270271,0.8309859154929577,-0.09230769230769231,1.5128205128205128,0.20408163265306123,1.9666666666666666,0.3258426966292135,0.44936708860759494,-0.3799126637554585,0.5338345864661654,-0.30392156862745096,0.6635514018691588,-0.20224719101123595,0.6339285714285714,-0.22404371584699453,0.8352941176470589,-0.08974358974358974,0.797752808988764,-0.1125,1.2033898305084745,0.09230769230769231,1.8205128205128205,0.2909090909090909,2.3666666666666667,0.40594059405940597,0.2468354430379747,-0.6040609137055838,0.2932330827067669,-0.5465116279069767,0.3644859813084112,-0.4657534246575342,0.3482142857142857,-0.48344370860927155,0.4588235294117647,-0.3709677419354839,0.43820224719101125,-0.390625,0.6610169491525424,-0.20408163265306123,0.5492957746478874,-0.2909090909090909,1.3,0.13043478260869565,0.189873417721519,-0.6808510638297872,0.22556390977443608,-0.6319018404907976,0.2803738317757009,-0.5620437956204379,0.26785714285714285,-0.5774647887323944,0.35294117647058826,-0.4782608695652174,0.33707865168539325,-0.4957983193277311,0.5084745762711864,-0.3258426966292135,0.4225352112676056,-0.40594059405940597,0.7692307692307693,-0.13043478260869565
4.91,39,30,158,133,107,112,85,89,59,71,1.1879699248120301,0.0859106529209622,1.4766355140186915,0.19245283018867926,1.4107142857142858,0.17037037037037037,1.8588235294117648,0.3004115226337449,1.7752808988764044,0.2793522267206478,2.6779661016949152,0.45622119815668205,2.2253521126760565,0.3799126637554585,4.051282051282051,0.6040609137055838,5.266666666666667,0.6808510638297872,0.8417721518987342,-0.0859106529209622,1.2429906542056075,0.10833333333333334,1.1875,0.08571428571428572,1.5647058823529412,0.22018348623853212,1.4943820224719102,0.1981981981981982,2.2542372881355934,0.3854166666666667,1.8732394366197183,0.30392156862745096,3.41025641025641,0.5465116279069767,4.433333333333334,0.6319018404907976,0.6772151898734177,-0.19245283018867926,0.8045112781954887,-0.10833333333333334,0.9553571428571429,-0.0228310502283105,1.2588235294117647,0.11458333333333333,1.202247191011236,0.09183673469387756,1.8135593220338984,0.2891566265060241,1.5070422535211268,0.20224719101123595,2.7435897435897436,0.4657534246575342,3.566666666666667,0.5620437956204379,0.7088607594936709,-0.17037037037037037,0.8421052631578947,-0.08571428571428572,1.0467289719626167,0.0228310502283105,1.3176470588235294,0.13705583756345177,1.2584269662921348,0.11442786069651742,1.8983050847457628,0.30994152046783624,1.5774647887323943,0.22404371584699453,2.871794871794872,0.48344370860927155,3.7333333333333334,0.5774647887323944,0.5379746835443038,-0.3004115226337449,0.6390977443609023,-0.22018348623853212,0.794392523364486,-0.11458333333333333,0.7589285714285714,-0.13705583756345177,0.9550561797752809,-0.022988505747126436,1.4406779661016949,0.18055555555555555,1.1971830985915493,0.08974358974358974,2.1794871794871793,0.3709677419354839,2.8333333333333335,0.4782608695652174,0.5632911392405063,-0.2793522267206478,0.6691729323308271,-0.1981981981981982,0.8317757009345794,-0.09183673469387756,0.7946428571428571,-0.11442786069651742,1.0470588235294118,0.022988505747126436,1.5084745762711864,0.20270270270270271,1.2535211267605635,0.1125,2.282051282051282,0.390625,2.966666666666667,0.4957983193277311,0.37341772151898733,-0.45622119815668205,0.44360902255639095,-0.3854166666666667,0.5514018691588785,-0.2891566265060241,0.5267857142857143,-0.30994152046783624,0.6941176470588235,-0.18055555555555555,0.6629213483146067,-0.20270270270270271,0.8309859154929577,-0.09230769230769231,1.5128205128205128,0.20408163265306123,1.9666666666666666,0.3258426966292135,0.44936708860759494,-0.3799126637554585,0.5338345864661654,-0.30392156862745096,0.6635514018691588,-0.20224719101123595,0.6339285714285714,-0.22404371584699453,0.8352941176470589,-0.08974358974358974,0.797752808988764,-0.1125,1.2033898305084745,0.09230769230769231,1.8205128205128205,0.2909090909090909,2.3666666666666667,0.40594059405940597,0.2468354430379747,-0.6040609137055838,0.2932330827067669,-0.5465116279069767,0.3644859813084112,-0.4657534246575342,0.3482142857142857,-0.48344370860927155,0.4588235294117647,-0.3709677419354839,0.43820224719101125,-0.390625,0.6610169491525424,-0.20408163265306123,0.5492957746478874,-0.2909090909090909,1.3,0.13043478260869565,0.189873417721519,-0.6808510638297872,0.22556390977443608,-0.6319018404907976,0.2803738317757009,-0.5620437956204379,0.26785714285714285,-0.5774647887323944,0.35294117647058826,-0.4782608695652174,0.33707865168539325,-0.4957983193277311,0.5084745762711864,-0.3258426966292135,0.4225352112676056,-0.40594059405940597,0.7692307692307693,-0.13043478260869565
4.93,3441,2314,5937,5338,5067,5315,5007,4829,5028,4622,1.112214312476583,0.053126385809312636,1.1716992303137952,0.07906215921483097,1.117027281279398,0.055279061500177744,1.1857399640503294,0.0849780701754386,1.2294470904949264,0.10291658926249303,1.1807875894988067,0.08290013679890561,1.2845088706187797,0.12453830855194621,1.7253705318221446,0.26615483045425464,2.565687121866897,0.43909829111622833,0.899107293245747,-0.053126385809312636,1.0534833234655614,0.02604517059106199,1.0043273753527753,0.002159016239556932,1.066107449570601,0.0319961333977767,1.1054048457237524,0.05006393233008754,1.0616547334924422,0.02990546015820953,1.1549112938122026,0.07188755020080322,1.5512932287125836,0.21608383642783915,2.306828003457217,0.3951907997909043,0.8534613441131885,-0.07906215921483097,0.9492319220681903,-0.02604517059106199,0.9533396048918156,-0.02388749759198613,1.011983223487118,0.005955926146515783,1.0492855663698488,0.024050121261115602,1.0077565632458234,0.003863298662704309,1.0962786672436176,0.04592837238105068,1.4725370531822144,0.191114245416079,2.18971477960242,0.3729846904213521,0.8952332828027624,-0.055279061500177744,0.9956912701386287,-0.002159016239556932,1.0489441484112887,0.02388749759198613,1.061513880567206,0.029839178453788025,1.100641954856078,0.047910094637223975,1.0570803500397772,0.027748235521608818,1.149935093033319,0.06973935795511724,1.5446091252542866,0.21402466879853815,2.296888504753673,0.3933674138157032,0.8433552299140981,-0.0849780701754386,0.9379917572124391,-0.0319961333977767,0.9881586737714624,-0.005955926146515783,0.9420507996237065,-0.029839178453788025,1.0368606336715676,0.018096787311915413,0.9958233890214797,-0.0020926756352765323,1.0832972739073994,0.03998338352892304,1.4551002615518744,0.18536931818181818,2.1637856525496977,0.36784592268815736,0.8133737577901297,-0.10291658926249303,0.9046459348070438,-0.05006393233008754,0.9530294059601342,-0.024050121261115602,0.9085606773283161,-0.047910094637223975,0.9644497703215499,-0.018096787311915413,0.9604216388225935,-0.020188698386933143,1.0447858070099525,0.021902444185800445,1.4033711130485325,0.16783555018137847,2.0868625756266206,0.3520929581408372,0.8468923698837797,-0.08290013679890561,0.941925814911952,-0.02990546015820953,0.9923031379514505,-0.003863298662704309,0.9460018814675447,-0.027748235521608818,1.0041941282204914,0.0020926756352765323,1.041209360115966,0.020188698386933143,1.0878407615750758,0.04207253886010363,1.4612031386224935,0.1873893021608218,2.1728608470181503,0.3696540452192863,0.7785076638032676,-0.12453830855194621,0.8658673660547022,-0.07188755020080322,0.9121768304716795,-0.04592837238105068,0.8696142991533397,-0.06973935795511724,0.9231076492909926,-0.03998338352892304,0.9571339821909298,-0.021902444185800445,0.9192521877486078,-0.04207253886010363,1.3432141819238594,0.14647153664888998,1.9974070872947278,0.33275663206459055,0.5795856493178373,-0.26615483045425464,0.6446234544773324,-0.21608383642783915,0.6791000592066312,-0.191114245416079,0.6474129821260584,-0.21402466879853815,0.6872378669862192,-0.18536931818181818,0.7125698902464278,-0.16783555018137847,0.6843675417661098,-0.1873893021608218,0.7444829078321074,-0.14647153664888998,1.4870354364736387,0.1958297132927889,0.38975913761158837,-0.43909829111622833,0.43349569127013865,-0.3951907997909043,0.45668048154726665,-0.3729846904213521,0.43537158984007523,-0.3933674138157032,0.4621529858198522,-0.36784592268815736,0.47918823773037894,-0.3520929581408372,0.4602227525855211,-0.3696540452192863,0.5006490696668109,-0.33275663206459055,0.6724789305434467,-0.1958297132927889
4.17,3441,2314,5937,5338,5067,5315,5007,4829,5028,4622,1.112214312476583,0.053126385809312636,1.1716992303137952,0.07906215921483097,1.117027281279398,0.055279061500177744,1.1857399640503294,0.0849780701754386,1.2294470904949264,0.10291658926249303,1.1807875894988067,0.08290013679890561,1.2845088706187797,0.12453830855194621,1.7253705318221446,0.26615483045425464,2.565687121866897,0.43909829111622833,0.899107293245747,-0.053126385809312636,1.0534833234655614,0.02604517059106199,1.0043273753527753,0.002159016239556932,1.066107449570601,0.0319961333977767,1.1054048457237524,0.05006393233008754,1.0616547334924422,0.02990546015820953,1.1549112938122026,0.07188755020080322,1.5512932287125836,0.21608383642783915,2.306828003457217,0.3951907997909043,0.8534613441131885,-0.07906215921483097,0.9492319220681903,-0.02604517059106199,0.9533396048918156,-0.02388749759198613,1.011983223487118,0.005955926146515783,1.0492855663698488,0.024050121261115602,1.0077565632458234,0.003863298662704309,1.0962786672436176,0.04592837238105068,1.4725370531822144,0.191114245416079,2.18971477960242,0.3729846904213521,0.8952332828027624,-0.055279061500177744,0.9956912701386287,-0.002159016239556932,1.0489441484112887,0.02388749759198613,1.061513880567206,0.029839178453788025,1.100641954856078,0.047910094637223975,1.0570803500397772,0.027748235521608818,1.149935093033319,0.06973935795511724,1.5446091252542866,0.21402466879853815,2.296888504753673,0.3933674138157032,0.8433552299140981,-0.0849780701754386,0.9379917572124391,-0.0319961333977767,0.9881586737714624,-0.005955926146515783,0.9420507996237065,-0.029839178453788025,1.0368606336715676,0.018096787311915413,0.9958233890214797,-0.0020926756352765323,1.0832972739073994,0.03998338352892304,1.4551002615518744,0.18536931818181818,2.1637856525496977,0.36784592268815736,0.8133737577901297,-0.10291658926249303,0.9046459348070438,-0.05006393233008754,0.9530294059601342,-0.024050121261115602,0.9085606773283161,-0.047910094637223975,0.9644497703215499,-0.018096787311915413,0.9604216388225935,-0.020188698386933143,1.0447858070099525,0.021902444185800445,1.4033711130485325,0.16783555018137847,2.0868625756266206,0.3520929581408372,0.8468923698837797,-0.08290013679890561,0.941925814911952,-0.02990546015820953,0.9923031379514505,-0.003863298662704309,0.9460018814675447,-0.027748235521608818,1.0041941282204914,0.0020926756352765323,1.041209360115966,0.020188698386933143,1.0878407615750758,0.04207253886010363,1.4612031386224935,0.1873893021608218,2.1728608470181503,0.3696540452192863,0.7785076638032676,-0.12453830855194621,0.8658673660547022,-0.07188755020080322,0.9121768304716795,-0.04592837238105068,0.8696142991533397,-0.06973935795511724,0.9231076492909926,-0.03998338352892304,0.9571339821909298,-0.021902444185800445,0.9192521877486078,-0.04207253886010363,1.3432141819238594,0.14647153664888998,1.9974070872947278,0.33275663206459055,0.5795856493178373,-0.26615483045425464,0.6446234544773324,-0.21608383642783915,0.6791000592066312,-0.191114245416079,0.6474129821260584,-0.21402466879853815,0.6872378669862192,-0.18536931818181818,0.7125698902464278,-0.16783555018137847,0.6843675417661098,-0.1873893021608218,0.7444829078321074,-0.14647153664888998,1.4870354364736387,0.1958297132927889,0.38975913761158837,-0.43909829111622833,0.43349569127013865,-0.3951907997909043,0.45668048154726665,-0.3729846904213521,0.43537158984007523,-0.3933674138157032,0.4621529858198522,-0.36784592268815736,0.47918823773037894,-0.3520929581408372,0.4602227525855211,-0.3696540452192863,0.5006490696668109,-0.33275663206459055,0.6724789305434467,-0.1958297132927889
5.6,44,46,76,84,80,69,58,68,53,53,0.9047619047619048,-0.05,0.95,-0.02564102564102564,1.1014492753623188,0.04827586206896552,1.3103448275862069,0.13432835820895522,1.1176470588235294,0.05555555555555555,1.4339622641509433,0.17829457364341086,1.4339622641509433,0.17829457364341086,1.7272727272727273,0.26666666666666666,1.6521739130434783,0.2459016393442623,1.105263157894737,0.05,1.05,0.024390243902439025,1.2173913043478262,0.09803921568627451,1.4482758620689655,0.18309859154929578,1.2352941176470589,0.10526315789473684,1.5849056603773586,0.22627737226277372,1.5849056603773586,0.22627737226277372,1.9090909090909092,0.3125,1.826086956521739,0.2923076923076923,1.0526315789473684,0.02564102564102564,0.9523809523809523,-0.024390243902439025,1.1594202898550725,0.0738255033557047,1.3793103448275863,0.15942028985507245,1.1764705882352942,0.08108108108108109,1.509433962264151,0.20300751879699247,1.509433962264151,0.20300751879699247,1.8181818181818181,0.2903225806451613,1.7391304347826086,0.2698412698412698,0.9078947368421053,-0.04827586206896552,0.8214285714285714,-0.09803921568627451,0.8625,-0.0738255033557047,1.1896551724137931,0.08661417322834646,1.0147058823529411,0.0072992700729927005,1.3018867924528301,0.13114754098360656,1.3018867924528301,0.13114754098360656,1.5681818181818181,0.22123893805309736,1.5,0.2,0.7631578947368421,-0.13432835820895522,0.6904761904761905,-0.18309859154929578,0.725,-0.15942028985507245,0.8405797101449275,-0.08661417322834646,0.8529411764705882,-0.07936507936507936,1.0943396226415094,0.04504504504504504,1.0943396226415094,0.04504504504504504,1.3181818181818181,0.13725490196078433,1.2608695652173914,0.11538461538461539,0.8947368421052632,-0.05555555555555555,0.8095238095238095,-0.10526315789473684,0.85,-0.08108108108108109,0.9855072463768116,-0.0072992700729927005,1.1724137931034482,0.07936507936507936,1.2830188679245282,0.12396694214876033,1.2830188679245282,0.12396694214876033,1.5454545454545454,0.21428571428571427,1.4782608695652173,0.19298245614035087,0.6973684210526315,-0.17829457364341086,0.6309523809523809,-0.22627737226277372,0.6625,-0.20300751879699247,0.7681159420289855,-0.13114754098360656,0.9137931034482759,-0.04504504504504504,0.7794117647058824,-0.12396694214876033,1.0,0.0,1.2045454545454546,0.09278350515463918,1.1521739130434783,0.0707070707070707,0.6973684210526315,-0.17829457364341086,0.6309523809523809,-0.22627737226277372,0.6625,-0.20300751879699247,0.7681159420289855,-0.13114754098360656,0.9137931034482759,-0.04504504504504504,0.7794117647058824,-0.12396694214876033,1.0,0.0,1.2045454545454546,0.09278350515463918,1.1521739130434783,0.0707070707070707,0.5789473684210527,-0.26666666666666666,0.5238095238095238,-0.3125,0.55,-0.2903225806451613,0.6376811594202898,-0.22123893805309736,0.7586206896551724,-0.13725490196078433,0.6470588235294118,-0.21428571428571427,0.8301886792452831,-0.09278350515463918,0.8301886792452831,-0.09278350515463918,0.9565217391304348,-0.022222222222222223,0.6052631578947368,-0.2459016393442623,0.5476190476190477,-0.2923076923076923,0.575,-0.2698412698412698,0.6666666666666666,-0.2,0.7931034482758621,-0.11538461538461539,0.6764705882352942,-0.19298245614035087,0.8679245283018868,-0.0707070707070707,0.8679245283018868,-0.0707070707070707,1.0454545454545454,0.022222222222222223
4.62,44,46,76,84,80,69,58,68,53,53,0.9047619047619048,-0.05,0.95,-0.02564102564102564,1.1014492753623188,0.04827586206896552,1.3103448275862069,0.13432835820895522,1.1176470588235294,0.05555555555555555,1.4339622641509433,0.17829457364341086,1.4339622641509433,0.17829457364341086,1.7272727272727273,0.26666666666666666,1.6521739130434783,0.2459016393442623,1.105263157894737,0.05,1.05,0.024390243902439025,1.2173913043478262,0.09803921568627451,1.4482758620689655,0.18309859154929578,1.2352941176470589,0.10526315789473684,1.5849056603773586,0.22627737226277372,1.5849056603773586,0.22627737226277372,1.9090909090909092,0.3125,1.826086956521739,0.2923076923076923,1.0526315789473684,0.02564102564102564,0.9523809523809523,-0.024390243902439025,1.1594202898550725,0.0738255033557047,1.3793103448275863,0.15942028985507245,1.1764705882352942,0.08108108108108109,1.509433962264151,0.20300751879699247,1.509433962264151,0.20300751879699247,1.8181818181818181,0.2903225806451613,1.7391304347826086,0.2698412698412698,0.9078947368421053,-0.04827586206896552,0.8214285714285714,-0.09803921568627451,0.8625,-0.0738255033557047,1.1896551724137931,0.08661417322834646,1.0147058823529411,0.0072992700729927005,1.3018867924528301,0.13114754098360656,1.3018867924528301,0.13114754098360656,1.5681818181818181,0.22123893805309736,1.5,0.2,0.7631578947368421,-0.13432835820895522,0.6904761904761905,-0.18309859154929578,0.725,-0.15942028985507245,0.8405797101449275,-0.08661417322834646,0.8529411764705882,-0.07936507936507936,1.0943396226415094,0.04504504504504504,1.0943396226415094,0.04504504504504504,1.3181818181818181,0.13725490196078433,1.2608695652173914,0.11538461538461539,0.8947368421052632,-0.05555555555555555,0.8095238095238095,-0.10526315789473684,0.85,-0.08108108108108109,0.9855072463768116,-0.0072992700729927005,1.1724137931034482,0.07936507936507936,1.2830188679245282,0.12396694214876033,1.2830188679245282,0.12396694214876033,1.5454545454545454,0.21428571428571427,1.4782608695652173,0.19298245614035087,0.6973684210526315,-0.17829457364341086,0.6309523809523809,-0.22627737226277372,0.6625,-0.20300751879699247,0.7681159420289855,-0.13114754098360656,0.9137931034482759,-0.04504504504504504,0.7794117647058824,-0.12396694214876033,1.0,0.0,1.2045454545454546,0.09278350515463918,1.1521739130434783,0.0707070707070707,0.6973684210526315,-0.17829457364341086,0.6309523809523809,-0.22627737226277372,0.6625,-0.20300751879699247,0.7681159420289855,-0.13114754098360656,0.9137931034482759,-0.04504504504504504,0.7794117647058824,-0.12396694214876033,1.0,0.0,1.2045454545454546,0.09278350515463918,1.1521739130434783,0.0707070707070707,0.5789473684210527,-0.26666666666666666,0.5238095238095238,-0.3125,0.55,-0.2903225806451613,0.6376811594202898,-0.22123893805309736,0.7586206896551724,-0.13725490196078433,0.6470588235294118,-0.21428571428571427,0.8301886792452831,-0.09278350515463918,0.8301886792452831,-0.09278350515463918,0.9565217391304348,-0.022222222222222223,0.6052631578947368,-0.2459016393442623,0.5476190476190477,-0.2923076923076923,0.575,-0.2698412698412698,0.6666666666666666,-0.2,0.7931034482758621,-0.11538461538461539,0.6764705882352942,-0.19298245614035087,0.8679245283018868,-0.0707070707070707,0.8679245283018868,-0.0707070707070707,1.0454545454545454,0.022222222222222223
6.39,18,17,91,91,75,76,43,48,40,30,1.0,0.0,1.2133333333333334,0.0963855421686747,1.1973684210526316,0.08982035928143713,2.116279069767442,0.3582089552238806,1.8958333333333333,0.30935251798561153,2.275,0.3893129770992366,3.033333333333333,0.5041322314049587,5.055555555555555,0.6697247706422018,5.352941176470588,0.6851851851851852,1.0,0.0,1.2133333333333334,0.0963855421686747,1.1973684210526316,0.08982035928143713,2.116279069767442,0.3582089552238806,1.8958333333333333,0.30935251798561153,2.275,0.3893129770992366,3.033333333333333,0.5041322314049587,5.055555555555555,0.6697247706422018,5.352941176470588,0.6851851851851852,0.8241758241758241,-0.0963855421686747,0.8241758241758241,-0.0963855421686747,0.9868421052631579,-0.006622516556291391,1.744186046511628,0.2711864406779661,1.5625,0.21951219512195122,1.875,0.30434782608695654,2.5,0.42857142857142855,4.166666666666667,0.6129032258064516,4.411764705882353,0.6304347826086957,0.8351648351648352,-0.08982035928143713,0.8351648351648352,-0.08982035928143713,1.0133333333333334,0.006622516556291391,1.7674418604651163,0.2773109243697479,1.5833333333333333,0.22580645161290322,1.9,0.3103448275862069,2.533333333333333,0.4339622641509434,4.222222222222222,0.6170212765957447,4.470588235294118,0.6344086021505376,0.4725274725274725,-0.3582089552238806,0.4725274725274725,-0.3582089552238806,0.5733333333333334,-0.2711864406779661,0.5657894736842105,-0.2773109243697479,0.8958333333333334,-0.054945054945054944,1.075,0.03614457831325301,1.4333333333333333,0.1780821917808219,2.388888888888889,0.4098360655737705,2.5294117647058822,0.43333333333333335,0.5274725274725275,-0.30935251798561153,0.5274725274725275,-0.30935251798561153,0.64,-0.21951219512195122,0.631578947368421,-0.22580645161290322,1.1162790697674418,0.054945054945054944,1.2,0.09090909090909091,1.6,0.23076923076923078,2.6666666666666665,0.45454545454545453,2.823529411764706,0.47692307692307695,0.43956043956043955,-0.3893129770992366,0.43956043956043955,-0.3893129770992366,0.5333333333333333,-0.30434782608695654,0.5263157894736842,-0.3103448275862069,0.9302325581395349,-0.03614457831325301,0.8333333333333334,-0.09090909090909091,1.3333333333333333,0.14285714285714285,2.2222222222222223,0.3793103448275862,2.3529411764705883,0.40350877192982454,0.32967032967032966,-0.5041322314049587,0.32967032967032966,-0.5041322314049587,0.4,-0.42857142857142855,0.39473684210526316,-0.4339622641509434,0.6976744186046512,-0.1780821917808219,0.625,-0.23076923076923078,0.75,-0.14285714285714285,1.6666666666666667,0.25,1.7647058823529411,0.2765957446808511,0.1978021978021978,-0.6697247706422018,0.1978021978021978,-0.6697247706422018,0.24,-0.6129032258064516,0.23684210526315788,-0.6170212765957447,0.4186046511627907,-0.4098360655737705,0.375,-0.45454545454545453,0.45,-0.3793103448275862,0.6,-0.25,1.0588235294117647,0.02857142857142857,0.18681318681318682,-0.6851851851851852,0.18681318681318682,-0.6851851851851852,0.22666666666666666,-0.6304347826086957,0.2236842105263158,-0.6344086021505376,0.3953488372093023,-0.43333333333333335,0.3541666666666667,-0.47692307692307695,0.425,-0.40350877192982454,0.5666666666666667,-0.2765957446808511,0.9444444444444444,-0.02857142857142857
6.41,18,17,91,91,75,76,43,48,40,30,1.0,0.0,1.2133333333333334,0.0963855421686747,1.1973684210526316,0.08982035928143713,2.116279069767442,0.3582089552238806,1.8958333333333333,0.30935251798561153,2.275,0.3893129770992366,3.033333333333333,0.5041322314049587,5.055555555555555,0.6697247706422018,5.352941176470588,0.6851851851851852,1.0,0.0,1.2133333333333334,0.0963855421686747,1.1973684210526316,0.08982035928143713,2.116279069767442,0.3582089552238806,1.8958333333333333,0.30935251798561153,2.275,0.3893129770992366,3.033333333333333,0.5041322314049587,5.055555555555555,0.6697247706422018,5.352941176470588,0.6851851851851852,0.8241758241758241,-0.0963855421686747,0.8241758241758241,-0.0963855421686747,0.9868421052631579,-0.006622516556291391,1.744186046511628,0.2711864406779661,1.5625,0.21951219512195122,1.875,0.30434782608695654,2.5,0.42857142857142855,4.166666666666667,0.6129032258064516,4.411764705882353,0.6304347826086957,0.8351648351648352,-0.08982035928143713,0.8351648351648352,-0.08982035928143713,1.0133333333333334,0.006622516556291391,1.7674418604651163,0.2773109243697479,1.5833333333333333,0.22580645161290322,1.9,0.3103448275862069,2.533333333333333,0.4339622641509434,4.222222222222222,0.6170212765957447,4.470588235294118,0.6344086021505376,0.4725274725274725,-0.3582089552238806,0.4725274725274725,-0.3582089552238806,0.5733333333333334,-0.2711864406779661,0.5657894736842105,-0.2773109243697479,0.8958333333333334,-0.054945054945054944,1.075,0.03614457831325301,1.4333333333333333,0.1780821917808219,2.388888888888889,0.4098360655737705,2.5294117647058822,0.43333333333333335,0.5274725274725275,-0.30935251798561153,0.5274725274725275,-0.30935251798561153,0.64,-0.21951219512195122,0.631578947368421,-0.22580645161290322,1.1162790697674418,0.054945054945054944,1.2,0.09090909090909091,1.6,0.23076923076923078,2.6666666666666665,0.45454545454545453,2.823529411764706,0.47692307692307695,0.43956043956043955,-0.3893129770992366,0.43956043956043955,-0.3893129770992366,0.5333333333333333,-0.30434782608695654,0.5263157894736842,-0.3103448275862069,0.9302325581395349,-0.03614457831325301,0.8333333333333334,-0.09090909090909091,1.3333333333333333,0.14285714285714285,2.2222222222222223,0.3793103448275862,2.3529411764705883,0.40350877192982454,0.32967032967032966,-0.5041322314049587,0.32967032967032966,-0.5041322314049587,0.4,-0.42857142857142855,0.39473684210526316,-0.4339622641509434,0.6976744186046512,-0.1780821917808219,0.625,-0.23076923076923078,0.75,-0.14285714285714285,1.6666666666666667,0.25,1.7647058823529411,0.2765957446808511,0.1978021978021978,-0.6697247706422018,0.1978021978021978,-0.6697247706422018,0.24,-0.6129032258064516,0.23684210526315788,-0.6170212765957447,0.4186046511627907,-0.4098360655737705,0.375,-0.45454545454545453,0.45,-0.3793103448275862,0.6,-0.25,1.0588235294117647,0.02857142857142857,0.18681318681318682,-0.6851851851851852,0.18681318681318682,-0.6851851851851852,0.22666666666666666,-0.6304347826086957,0.2236842105263158,-0.6344086021505376,0.3953488372093023,-0.43333333333333335,0.3541666666666667,-0.47692307692307695,0.425,-0.40350877192982454,0.5666666666666667,-0.2765957446808511,0.9444444444444444,-0.02857142857142857
0.73,87,68,223,206,182,204,143,157,132,128,1.0825242718446602,0.039627039627039624,1.2252747252747254,0.10123456790123457,1.0931372549019607,0.04449648711943794,1.5594405594405594,0.2185792349726776,1.4203821656050954,0.1736842105263158,1.6893939393939394,0.2563380281690141,1.7421875,0.2706552706552707,2.5632183908045976,0.43870967741935485,3.2794117647058822,0.5326460481099656,0.9237668161434978,-0.039627039627039624,1.1318681318681318,0.061855670103092786,1.0098039215686274,0.004878048780487805,1.4405594405594406,0.18051575931232092,1.3121019108280254,0.1349862258953168,1.5606060606060606,0.21893491124260356,1.609375,0.23353293413173654,2.367816091954023,0.4061433447098976,3.0294117647058822,0.5036496350364964,0.8161434977578476,-0.10123456790123457,0.883495145631068,-0.061855670103092786,0.8921568627450981,-0.05699481865284974,1.2727272727272727,0.12,1.1592356687898089,0.07374631268436578,1.378787878787879,0.1592356687898089,1.421875,0.17419354838709677,2.0919540229885056,0.35315985130111527,2.676470588235294,0.456,0.9147982062780269,-0.04449648711943794,0.9902912621359223,-0.004878048780487805,1.120879120879121,0.05699481865284974,1.4265734265734267,0.17579250720461095,1.2993630573248407,0.13019390581717452,1.5454545454545454,0.21428571428571427,1.59375,0.2289156626506024,2.3448275862068964,0.4020618556701031,3.0,0.5,0.6412556053811659,-0.2185792349726776,0.6941747572815534,-0.18051575931232092,0.7857142857142857,-0.12,0.7009803921568627,-0.17579250720461095,0.910828025477707,-0.04666666666666667,1.0833333333333333,0.04,1.1171875,0.055350553505535055,1.6436781609195403,0.24347826086956523,2.1029411764705883,0.35545023696682465,0.7040358744394619,-0.1736842105263158,0.7621359223300971,-0.1349862258953168,0.8626373626373627,-0.07374631268436578,0.7696078431372549,-0.13019390581717452,1.097902097902098,0.04666666666666667,1.1893939393939394,0.08650519031141868,1.2265625,0.10175438596491228,1.8045977011494252,0.28688524590163933,2.3088235294117645,0.39555555555555555,0.5919282511210763,-0.2563380281690141,0.6407766990291263,-0.21893491124260356,0.7252747252747253,-0.1592356687898089,0.6470588235294118,-0.21428571428571427,0.9230769230769231,-0.04,0.8407643312101911,-0.08650519031141868,1.03125,0.015384615384615385,1.5172413793103448,0.2054794520547945,1.9411764705882353,0.32,0.5739910313901345,-0.2706552706552707,0.6213592233009708,-0.23353293413173654,0.7032967032967034,-0.17419354838709677,0.6274509803921569,-0.2289156626506024,0.8951048951048951,-0.055350553505535055,0.8152866242038217,-0.10175438596491228,0.9696969696969697,-0.015384615384615385,1.471264367816092,0.19069767441860466,1.8823529411764706,0.30612244897959184,0.3901345291479821,-0.43870967741935485,0.4223300970873786,-0.4061433447098976,0.47802197802197804,-0.35315985130111527,0.4264705882352941,-0.4020618556701031,0.6083916083916084,-0.24347826086956523,0.554140127388535,-0.28688524590163933,0.6590909090909091,-0.2054794520547945,0.6796875,-0.19069767441860466,1.2794117647058822,0.12258064516129032,0.30493273542600896,-0.5326460481099656,0.3300970873786408,-0.5036496350364964,0.37362637362637363,-0.456,0.3333333333333333,-0.5,0.4755244755244755,-0.35545023696682465,0.43312101910828027,-0.39555555555555555,0.5151515151515151,-0.32,0.53125,-0.30612244897959184,0.7816091954022989,-0.12258064516129032
0.57,87,68,223,206,182,204,143,157,132,128,1.0825242718446602,0.039627039627039624,1.2252747252747254,0.10123456790123457,1.0931372549019607,0.04449648711943794,1.5594405594405594,0.2185792349726776,1.4203821656050954,0.1736842105263158,1.6893939393939394,0.2563380281690141,1.7421875,0.2706552706552707,2.5632183908045976,0.43870967741935485,3.2794117647058822,0.5326460481099656,0.9237668161434978,-0.039627039627039624,1.1318681318681318,0.061855670103092786,1.0098039215686274,0.004878048780487805,1.4405594405594406,0.18051575931232092,1.3121019108280254,0.1349862258953168,1.5606060606060606,0.21893491124260356,1.609375,0.23353293413173654,2.367816091954023,0.4061433447098976,3.0294117647058822,0.5036496350364964,0.8161434977578476,-0.10123456790123457,0.883495145631068,-0.061855670103092786,0.8921568627450981,-0.05699481865284974,1.2727272727272727,0.12,1.1592356687898089,0.07374631268436578,1.378787878787879,0.1592356687898089,1.421875,0.17419354838709677,2.0919540229885056,0.35315985130111527,2.676470588235294,0.456,0.9147982062780269,-0.04449648711943794,0.9902912621359223,-0.004878048780487805,1.120879120879121,0.05699481865284974,1.4265734265734267,0.17579250720461095,1.2993630573248407,0.13019390581717452,1.5454545454545454,0.21428571428571427,1.59375,0.2289156626506024,2.3448275862068964,0.4020618556701031,3.0,0.5,0.6412556053811659,-0.2185792349726776,0.6941747572815534,-0.18051575931232092,0.7857142857142857,-0.12,0.7009803921568627,-0.17579250720461095,0.910828025477707,-0.04666666666666667,1.0833333333333333,0.04,1.1171875,0.055350553505535055,1.6436781609195403,0.24347826086956523,2.1029411764705883,0.35545023696682465,0.7040358744394619,-0.1736842105263158,0.7621359223300971,-0.1349862258953168,0.8626373626373627,-0.07374631268436578,0.7696078431372549,-0.13019390581717452,1.097902097902098,0.04666666666666667,1.1893939393939394,0.08650519031141868,1.2265625,0.10175438596491228,1.8045977011494252,0.28688524590163933,2.3088235294117645,0.39555555555555555,0.5919282511210763,-0.2563380281690141,0.6407766990291263,-0.21893491124260356,0.7252747252747253,-0.1592356687898089,0.6470588235294118,-0.21428571428571427,0.9230769230769231,-0.04,0.8407643312101911,-0.08650519031141868,1.03125,0.015384615384615385,1.5172413793103448,0.2054794520547945,1.9411764705882353,0.32,0.5739910313901345,-0.2706552706552707,0.6213592233009708,-0.23353293413173654,0.7032967032967034,-0.17419354838709677,0.6274509803921569,-0.2289156626506024,0.8951048951048951,-0.055350553505535055,0.8152866242038217,-0.10175438596491228,0.9696969696969697,-0.015384615384615385,1.471264367816092,0.19069767441860466,1.8823529411764706,0.30612244897959184,0.3901345291479821,-0.43870967741935485,0.4223300970873786,-0.4061433447098976,0.47802197802197804,-0.35315985130111527,0.4264705882352941,-0.4020618556701031,0.6083916083916084,-0.24347826086956523,0.554140127388535,-0.28688524590163933,0.6590909090909091,-0.2054794520547945,0.6796875,-0.19069767441860466,1.2794117647058822,0.12258064516129032,0.30493273542600896,-0.5326460481099656,0.3300970873786408,-0.5036496350364964,0.37362637362637363,-0.456,0.3333333333333333,-0.5,0.4755244755244755,-0.35545023696682465,0.43312101910828027,-0.39555555555555555,0.5151515151515151,-0.32,0.53125,-0.30612244897959184,0.7816091954022989,-0.12258064516129032
0.14,972,842,1121,1161,1203,1316,1112,1189,1057,1134,0.9655469422911284,-0.017528483786152498,0.9318370739817123,-0.035283993115318414,0.851823708206687,-0.08001641362330734,1.0080935251798562,0.004030452306314375,0.9428090832632464,-0.02943722943722944,1.0605487228003785,0.02938475665748393,0.9885361552028219,-0.005764966740576497,1.1532921810699588,0.07118967988533206,1.331353919239905,0.14212939378502293,1.0356824264049955,0.017528483786152498,0.9650872817955112,-0.017766497461928935,0.8822188449848024,-0.06257569640694388,1.044064748201439,0.02155741311042675,0.9764507989907485,-0.011914893617021277,1.098391674550615,0.046889089269612265,1.0238095238095237,0.011764705882352941,1.1944444444444444,0.08860759493670886,1.3788598574821853,0.15926110833749377,1.073148974130241,0.035283993115318414,1.0361757105943152,0.017766497461928935,0.9141337386018237,-0.044859071059944425,1.0818345323741008,0.039308855291576676,1.0117746005046258,0.005852842809364548,1.1381267738883634,0.06460176991150443,1.060846560846561,0.029525032092426188,1.2376543209876543,0.10620689655172413,1.4287410926365796,0.1765281173594132,1.1739518287243533,0.08001641362330734,1.1335055986218776,0.06257569640694388,1.0939318370739817,0.044859071059944425,1.183453237410072,0.08401976935749589,1.106812447434819,0.05069860279441118,1.2450331125827814,0.10914454277286136,1.1604938271604939,0.07428571428571429,1.353909465020576,0.15034965034965034,1.5629453681710215,0.2196478220574606,0.991971454058876,-0.004030452306314375,0.9577950043066322,-0.02155741311042675,0.9243557772236076,-0.039308855291576676,0.8449848024316109,-0.08401976935749589,0.9352396972245585,-0.03346371142981312,1.0520340586565753,0.025357307514983864,0.9805996472663139,-0.009795191451469279,1.1440329218106995,0.0671785028790787,1.3206650831353919,0.13817809621289662,1.0606601248884924,0.02943722943722944,1.0241171403962102,0.011914893617021277,0.9883624272651704,-0.005852842809364548,0.9034954407294833,-0.05069860279441118,1.0692446043165467,0.03346371142981312,1.1248817407757805,0.058771148708815675,1.0485008818342152,0.023676280671545414,1.2232510288065843,0.1004164738546969,1.4121140142517814,0.1708517971442639,0.9429081177520071,-0.02938475665748393,0.9104220499569337,-0.046889089269612265,0.8786367414796342,-0.06460176991150443,0.8031914893617021,-0.10914454277286136,0.9505395683453237,-0.025357307514983864,0.8889823380992431,-0.058771148708815675,0.9320987654320988,-0.03514376996805112,1.087448559670782,0.04189255791030064,1.2553444180522566,0.11321748288572933,1.0115967885816235,0.005764966740576497,0.9767441860465116,-0.011764705882352941,0.942643391521197,-0.029525032092426188,0.8617021276595744,-0.07428571428571429,1.0197841726618706,0.009795191451469279,0.9537426408746846,-0.023676280671545414,1.0728476821192052,0.03514376996805112,1.1666666666666667,0.07692307692307693,1.3467933491686461,0.14777327935222673,0.8670829616413916,-0.07118967988533206,0.8372093023255814,-0.08860759493670886,0.8079800498753117,-0.10620689655172413,0.7386018237082067,-0.15034965034965034,0.8741007194244604,-0.0671785028790787,0.8174936921783011,-0.1004164738546969,0.9195837275307474,-0.04189255791030064,0.8571428571428571,-0.07692307692307693,1.154394299287411,0.07166482910694598,0.7511150758251561,-0.14212939378502293,0.7252368647717485,-0.15926110833749377,0.6999168744804655,-0.1765281173594132,0.6398176291793313,-0.2196478220574606,0.7571942446043165,-0.13817809621289662,0.7081581160639192,-0.1708517971442639,0.7965941343424787,-0.11321748288572933,0.7425044091710759,-0.14777327935222673,0.8662551440329218,-0.07166482910694598
0.13,972,842,1121,1161,1203,1316,1112,1189,1057,1134,0.9655469422911284,-0.017528483786152498,0.9318370739817123,-0.035283993115318414,0.851823708206687,-0.08001641362330734,1.0080935251798562,0.004030452306314375,0.9428090832632464,-0.02943722943722944,1.0605487228003785,0.02938475665748393,0.9885361552028219,-0.005764966740576497,1.1532921810699588,0.07118967988533206,1.331353919239905,0.14212939378502293,1.0356824264049955,0.017528483786152498,0.9650872817955112,-0.017766497461928935,0.8822188449848024,-0.06257569640694388,1.044064748201439,0.02155741311042675,0.9764507989907485,-0.011914893617021277,1.098391674550615,0.046889089269612265,1.0238095238095237,0.011764705882352941,1.1944444444444444,0.08860759493670886,1.3788598574821853,0.15926110833749377,1.073148974130241,0.035283993115318414,1.0361757105943152,0.017766497461928935,0.9141337386018237,-0.044859071059944425,1.0818345323741008,0.039308855291576676,1.0117746005046258,0.005852842809364548,1.1381267738883634,0.06460176991150443,1.060846560846561,0.029525032092426188,1.2376543209876543,0.10620689655172413,1.4287410926365796,0.1765281173594132,1.1739518287243533,0.08001641362330734,1.1335055986218776,0.06257569640694388,1.0939318370739817,0.044859071059944425,1.183453237410072,0.08401976935749589,1.106812447434819,0.05069860279441118,1.2450331125827814,0.10914454277286136,1.1604938271604939,0.07428571428571429,1.353909465020576,0.15034965034965034,1.5629453681710215,0.2196478220574606,0.991971454058876,-0.004030452306314375,0.9577950043066322,-0.02155741311042675,0.9243557772236076,-0.039308855291576676,0.8449848024316109,-0.08401976935749589,0.9352396972245585,-0.03346371142981312,1.0520340586565753,0.025357307514983864,0.9805996472663139,-0.009795191451469279,1.1440329218106995,0.0671785028790787,1.3206650831353919,0.13817809621289662,1.0606601248884924,0.02943722943722944,1.0241171403962102,0.011914893617021277,0.9883624272651704,-0.005852842809364548,0.9034954407294833,-0.05069860279441118,1.0692446043165467,0.03346371142981312,1.1248817407757805,0.058771148708815675,1.0485008818342152,0.023676280671545414,1.2232510288065843,0.1004164738546969,1.4121140142517814,0.1708517971442639,0.9429081177520071,-0.02938475665748393,0.9104220499569337,-0.046889089269612265,0.8786367414796342,-0.06460176991150443,0.8031914893617021,-0.10914454277286136,0.9505395683453237,-0.025357307514983864,0.8889823380992431,-0.058771148708815675,0.9320987654320988,-0.03514376996805112,1.087448559670782,0.04189255791030064,1.2553444180522566,0.11321748288572933,1.0115967885816235,0.005764966740576497,0.9767441860465116,-0.011764705882352941,0.942643391521197,-0.029525032092426188,0.8617021276595744,-0.07428571428571429,1.0197841726618706,0.009795191451469279,0.9537426408746846,-0.023676280671545414,1.0728476821192052,0.03514376996805112,1.1666666666666667,0.07692307692307693,1.3467933491686461,0.14777327935222673,0.8670829616413916,-0.07118967988533206,0.8372093023255814,-0.08860759493670886,0.8079800498753117,-0.10620689655172413,0.7386018237082067,-0.15034965034965034,0.8741007194244604,-0.0671785028790787,0.8174936921783011,-0.1004164738546969,0.9195837275307474,-0.04189255791030064,0.8571428571428571,-0.07692307692307693,1.154394299287411,0.07166482910694598,0.7511150758251561,-0.14212939378502293,0.7252368647717485,-0.15926110833749377,0.6999168744804655,-0.1765281173594132,0.6398176291793313,-0.2196478220574606,0.7571942446043165,-0.13817809621289662,0.7081581160639192,-0.1708517971442639,0.7965941343424787,-0.11321748288572933,0.7425044091710759,-0.14777327935222673,0.8662551440329218,-0.07166482910694598
3.13,11,24,64,35,22,30,22,28,16,5,1.8285714285714285,0.29292929292929293,2.909090909090909,0.4883720930232558,2.1333333333333333,0.3617021276595745,2.909090909090909,0.4883720930232558,2.2857142857142856,0.391304347826087,4.0,0.6,12.8,0.855072463768116,5.818181818181818,0.7066666666666667,2.6666666666666665,0.45454545454545453,0.546875,-0.29292929292929293,1.5909090909090908,0.22807017543859648,1.1666666666666667,0.07692307692307693,1.5909090909090908,0.22807017543859648,1.25,0.1111111111111111,2.1875,0.37254901960784315,7.0,0.75,3.1818181818181817,0.5217391304347826,1.4583333333333333,0.1864406779661017,0.34375,-0.4883720930232558,0.6285714285714286,-0.22807017543859648,0.7333333333333333,-0.15384615384615385,1.0,0.0,0.7857142857142857,-0.12,1.375,0.15789473684210525,4.4,0.6296296296296297,2.0,0.3333333333333333,0.9166666666666666,-0.043478260869565216,0.46875,-0.3617021276595745,0.8571428571428571,-0.07692307692307693,1.3636363636363635,0.15384615384615385,1.3636363636363635,0.15384615384615385,1.0714285714285714,0.034482758620689655,1.875,0.30434782608695654,6.0,0.7142857142857143,2.727272727272727,0.4634146341463415,1.25,0.1111111111111111,0.34375,-0.4883720930232558,0.6285714285714286,-0.22807017543859648,1.0,0.0,0.7333333333333333,-0.15384615384615385,0.7857142857142857,-0.12,1.375,0.15789473684210525,4.4,0.6296296296296297,2.0,0.3333333333333333,0.9166666666666666,-0.043478260869565216,0.4375,-0.391304347826087,0.8,-0.1111111111111111,1.2727272727272727,0.12,0.9333333333333333,-0.034482758620689655,1.2727272727272727,0.12,1.75,0.2727272727272727,5.6,0.696969696969697,2.5454545454545454,0.4358974358974359,1.1666666666666667,0.07692307692307693,0.25,-0.6,0.45714285714285713,-0.37254901960784315,0.7272727272727273,-0.15789473684210525,0.5333333333333333,-0.30434782608695654,0.7272727272727273,-0.15789473684210525,0.5714285714285714,-0.2727272727272727,3.2,0.5238095238095238,1.4545454545454546,0.18518518518518517,0.6666666666666666,-0.2,0.078125,-0.855072463768116,0.14285714285714285,-0.75,0.22727272727272727,-0.6296296296296297,0.16666666666666666,-0.7142857142857143,0.22727272727272727,-0.6296296296296297,0.17857142857142858,-0.696969696969697,0.3125,-0.5238095238095238,0.45454545454545453,-0.375,0.20833333333333334,-0.6551724137931034,0.171875,-0.7066666666666667,0.3142857142857143,-0.5217391304347826,0.5,-0.3333333333333333,0.36666666666666664,-0.4634146341463415,0.5,-0.3333333333333333,0.39285714285714285,-0.4358974358974359,0.6875,-0.18518518518518517,2.2,0.375,0.4583333333333333,-0.37142857142857144,0.375,-0.45454545454545453,0.6857142857142857,-0.1864406779661017,1.0909090909090908,0.043478260869565216,0.8,-0.1111111111111111,1.0909090909090908,0.043478260869565216,0.8571428571428571,-0.07692307692307693,1.5,0.2,4.8,0.6551724137931034,2.1818181818181817,0.37142857142857144
3.29,11,24,64,35,22,30,22,28,16,5,1.8285714285714285,0.29292929292929293,2.909090909090909,0.4883720930232558,2.1333333333333333,0.3617021276595745,2.909090909090909,0.4883720930232558,2.2857142857142856,0.391304347826087,4.0,0.6,12.8,0.855072463768116,5.818181818181818,0.7066666666666667,2.6666666666666665,0.45454545454545453,0.546875,-0.29292929292929293,1.5909090909090908,0.22807017543859648,1.1666666666666667,0.07692307692307693,1.5909090909090908,0.22807017543859648,1.25,0.1111111111111111,2.1875,0.37254901960784315,7.0,0.75,3.1818181818181817,0.5217391304347826,1.4583333333333333,0.1864406779661017,0.34375,-0.4883720930232558,0.6285714285714286,-0.22807017543859648,0.7333333333333333,-0.15384615384615385,1.0,0.0,0.7857142857142857,-0.12,1.375,0.15789473684210525,4.4,0.6296296296296297,2.0,0.3333333333333333,0.9166666666666666,-0.043478260869565216,0.46875,-0.3617021276595745,0.8571428571428571,-0.07692307692307693,1.3636363636363635,0.15384615384615385,1.3636363636363635,0.15384615384615385,1.0714285714285714,0.034482758620689655,1.875,0.30434782608695654,6.0,0.7142857142857143,2.727272727272727,0.4634146341463415,1.25,0.1111111111111111,0.34375,-0.4883720930232558,0.6285714285714286,-0.22807017543859648,1.0,0.0,0.7333333333333333,-0.15384615384615385,0.7857142857142857,-0.12,1.375,0.15789473684210525,4.4,0.6296296296296297,2.0,0.3333333333333333,0.9166666666666666,-0.043478260869565216,0.4375,-0.391304347826087,0.8,-0.1111111111111111,1.2727272727272727,0.12,0.9333333333333333,-0.034482758620689655,1.2727272727272727,0.12,1.75,0.2727272727272727,5.6,0.696969696969697,2.5454545454545454,0.4358974358974359,1.1666666666666667,0.07692307692307693,0.25,-0.6,0.45714285714285713,-0.37254901960784315,0.7272727272727273,-0.15789473684210525,0.5333333333333333,-0.30434782608695654,0.7272727272727273,-0.15789473684210525,0.5714285714285714,-0.2727272727272727,3.2,0.5238095238095238,1.4545454545454546,0.18518518518518517,0.6666666666666666,-0.2,0.078125,-0.855072463768116,0.14285714285714285,-0.75,0.22727272727272727,-0.6296296296296297,0.16666666666666666,-0.7142857142857143,0.22727272727272727,-0.6296296296296297,0.17857142857142858,-0.696969696969697,0.3125,-0.5238095238095238,0.45454545454545453,-0.375,0.20833333333333334,-0.6551724137931034,0.171875,-0.7066666666666667,0.3142857142857143,-0.5217391304347826,0.5,-0.3333333333333333,0.36666666666666664,-0.4634146341463415,0.5,-0.3333333333333333,0.39285714285714285,-0.4358974358974359,0.6875,-0.18518518518518517,2.2,0.375,0.4583333333333333,-0.37142857142857144,0.375,-0.45454545454545453,0.6857142857142857,-0.1864406779661017,1.0909090909090908,0.043478260869565216,0.8,-0.1111111111111111,1.0909090909090908,0.043478260869565216,0.8571428571428571,-0.07692307692307693,1.5,0.2,4.8,0.6551724137931034,2.1818181818181817,0.37142857142857144
2.38,6,8,91,55,61,48,33,41,32,11,1.6545454545454545,0.2465753424657534,1.4918032786885247,0.19736842105263158,1.8958333333333333,0.30935251798561153,2.757575757575758,0.46774193548387094,2.2195121951219514,0.3787878787878788,2.84375,0.4796747967479675,8.272727272727273,0.7843137254901961,15.166666666666666,0.8762886597938144,11.375,0.8383838383838383,0.6043956043956044,-0.2465753424657534,0.9016393442622951,-0.05172413793103448,1.1458333333333333,0.06796116504854369,1.6666666666666667,0.25,1.3414634146341464,0.14583333333333334,1.71875,0.26436781609195403,5.0,0.6666666666666666,9.166666666666666,0.8032786885245902,6.875,0.746031746031746,0.6703296703296703,-0.19736842105263158,1.1090909090909091,0.05172413793103448,1.2708333333333333,0.11926605504587157,1.8484848484848484,0.2978723404255319,1.4878048780487805,0.19607843137254902,1.90625,0.3118279569892473,5.545454545454546,0.6944444444444444,10.166666666666666,0.8208955223880597,7.625,0.7681159420289855,0.5274725274725275,-0.30935251798561153,0.8727272727272727,-0.06796116504854369,0.7868852459016393,-0.11926605504587157,1.4545454545454546,0.18518518518518517,1.170731707317073,0.07865168539325842,1.5,0.2,4.363636363636363,0.6271186440677966,8.0,0.7777777777777778,6.0,0.7142857142857143,0.3626373626373626,-0.46774193548387094,0.6,-0.25,0.5409836065573771,-0.2978723404255319,0.6875,-0.18518518518518517,0.8048780487804879,-0.10810810810810811,1.03125,0.015384615384615385,3.0,0.5,5.5,0.6923076923076923,4.125,0.6097560975609756,0.45054945054945056,-0.3787878787878788,0.7454545454545455,-0.14583333333333334,0.6721311475409836,-0.19607843137254902,0.8541666666666666,-0.07865168539325842,1.2424242424242424,0.10810810810810811,1.28125,0.1232876712328767,3.727272727272727,0.5769230769230769,6.833333333333333,0.7446808510638298,5.125,0.673469387755102,0.3516483516483517,-0.4796747967479675,0.5818181818181818,-0.26436781609195403,0.5245901639344263,-0.3118279569892473,0.6666666666666666,-0.2,0.9696969696969697,-0.015384615384615385,0.7804878048780488,-0.1232876712328767,2.909090909090909,0.4883720930232558,5.333333333333333,0.6842105263157895,4.0,0.6,0.12087912087912088,-0.7843137254901961,0.2,-0.6666666666666666,0.18032786885245902,-0.6944444444444444,0.22916666666666666,-0.6271186440677966,0.3333333333333333,-0.5,0.2682926829268293,-0.5769230769230769,0.34375,-0.4883720930232558,1.8333333333333333,0.29411764705882354,1.375,0.15789473684210525,0.06593406593406594,-0.8762886597938144,0.10909090909090909,-0.8032786885245902,0.09836065573770492,-0.8208955223880597,0.125,-0.7777777777777778,0.18181818181818182,-0.6923076923076923,0.14634146341463414,-0.7446808510638298,0.1875,-0.6842105263157895,0.5454545454545454,-0.29411764705882354,0.75,-0.14285714285714285,0.08791208791208792,-0.8383838383838383,0.14545454545454545,-0.746031746031746,0.13114754098360656,-0.7681159420289855,0.16666666666666666,-0.7142857142857143,0.24242424242424243,-0.6097560975609756,0.1951219512195122,-0.673469387755102,0.25,-0.6,0.7272727272727273,-0.15789473684210525,1.3333333333333333,0.14285714285714285
3.24,6,8,91,55,61,48,33,41,32,11,1.6545454545454545,0.2465753424657534,1.4918032786885247,0.19736842105263158,1.8958333333333333,0.30935251798561153,2.757575757575758,0.46774193548387094,2.2195121951219514,0.3787878787878788,2.84375,0.4796747967479675,8.272727272727273,0.7843137254901961,15.166666666666666,0.8762886597938144,11.375,0.8383838383838383,0.6043956043956044,-0.2465753424657534,0.9016393442622951,-0.05172413793103448,1.1458333333333333,0.06796116504854369,1.6666666666666667,0.25,1.3414634146341464,0.14583333333333334,1.71875,0.26436781609195403,5.0,0.6666666666666666,9.166666666666666,0.8032786885245902,6.875,0.746031746031746,0.6703296703296703,-0.19736842105263158,1.1090909090909091,0.05172413793103448,1.2708333333333333,0.11926605504587157,1.8484848484848484,0.2978723404255319,1.4878048780487805,0.19607843137254902,1.90625,0.3118279569892473,5.545454545454546,0.6944444444444444,10.166666666666666,0.8208955223880597,7.625,0.7681159420289855,0.5274725274725275,-0.30935251798561153,0.8727272727272727,-0.06796116504854369,0.7868852459016393,-0.11926605504587157,1.4545454545454546,0.18518518518518517,1.170731707317073,0.07865168539325842,1.5,0.2,4.363636363636363,0.6271186440677966,8.0,0.7777777777777778,6.0,0.7142857142857143,0.3626373626373626,-0.46774193548387094,0.6,-0.25,0.5409836065573771,-0.2978723404255319,0.6875,-0.18518518518518517,0.8048780487804879,-0.10810810810810811,1.03125,0.015384615384615385,3.0,0.5,5.5,0.6923076923076923,4.125,0.6097560975609756,0.45054945054945056,-0.3787878787878788,0.7454545454545455,-0.14583333333333334,0.6721311475409836,-0.19607843137254902,0.8541666666666666,-0.07865168539325842,1.2424242424242424,0.10810810810810811,1.28125,0.1232876712328767,3.727272727272727,0.5769230769230769,6.833333333333333,0.7446808510638298,5.125,0.673469387755102,0.3516483516483517,-0.4796747967479675,0.5818181818181818,-0.26436781609195403,0.5245901639344263,-0.3118279569892473,0.6666666666666666,-0.2,0.9696969696969697,-0.015384615384615385,0.7804878048780488,-0.1232876712328767,2.909090909090909,0.4883720930232558,5.333333333333333,0.6842105263157895,4.0,0.6,0.12087912087912088,-0.7843137254901961,0.2,-0.6666666666666666,0.18032786885245902,-0.6944444444444444,0.22916666666666666,-0.6271186440677966,0.3333333333333333,-0.5,0.2682926829268293,-0.5769230769230769,0.34375,-0.4883720930232558,1.8333333333333333,0.29411764705882354,1.375,0.15789473684210525,0.06593406593406594,-0.8762886597938144,0.10909090909090909,-0.8032786885245902,0.09836065573770492,-0.8208955223880597,0.125,-0.7777777777777778,0.18181818181818182,-0.6923076923076923,0.14634146341463414,-0.7446808510638298,0.1875,-0.6842105263157895,0.5454545454545454,-0.29411764705882354,0.75,-0.14285714285714285,0.08791208791208792,-0.8383838383838383,0.14545454545454545,-0.746031746031746,0.13114754098360656,-0.7681159420289855,0.16666666666666666,-0.7142857142857143,0.24242424242424243,-0.6097560975609756,0.1951219512195122,-0.673469387755102,0.25,-0.6,0.7272727272727273,-0.15789473684210525,1.3333333333333333,0.14285714285714285
4.58,30,36,96,86,72,63,50,45,51,51,1.1162790697674418,0.054945054945054944,1.3333333333333333,0.14285714285714285,1.5238095238095237,0.20754716981132076,1.92,0.3150684931506849,2.1333333333333333,0.3617021276595745,1.8823529411764706,0.30612244897959184,1.8823529411764706,0.30612244897959184,3.2,0.5238095238095238,2.6666666666666665,0.45454545454545453,0.8958333333333334,-0.054945054945054944,1.1944444444444444,0.08860759493670886,1.3650793650793651,0.15436241610738255,1.72,0.2647058823529412,1.9111111111111112,0.31297709923664124,1.6862745098039216,0.25547445255474455,1.6862745098039216,0.25547445255474455,2.8666666666666667,0.4827586206896552,2.388888888888889,0.4098360655737705,0.75,-0.14285714285714285,0.8372093023255814,-0.08860759493670886,1.1428571428571428,0.06666666666666667,1.44,0.18032786885245902,1.6,0.23076923076923078,1.411764705882353,0.17073170731707318,1.411764705882353,0.17073170731707318,2.4,0.4117647058823529,2.0,0.3333333333333333,0.65625,-0.20754716981132076,0.7325581395348837,-0.15436241610738255,0.875,-0.06666666666666667,1.26,0.11504424778761062,1.4,0.16666666666666666,1.2352941176470589,0.10526315789473684,1.2352941176470589,0.10526315789473684,2.1,0.3548387096774194,1.75,0.2727272727272727,0.5208333333333334,-0.3150684931506849,0.5813953488372093,-0.2647058823529412,0.6944444444444444,-0.18032786885245902,0.7936507936507936,-0.11504424778761062,1.1111111111111112,0.05263157894736842,0.9803921568627451,-0.009900990099009901,0.9803921568627451,-0.009900990099009901,1.6666666666666667,0.25,1.3888888888888888,0.16279069767441862,0.46875,-0.3617021276595745,0.5232558139534884,-0.31297709923664124,0.625,-0.23076923076923078,0.7142857142857143,-0.16666666666666666,0.9,-0.05263157894736842,0.8823529411764706,-0.0625,0.8823529411764706,-0.0625,1.5,0.2,1.25,0.1111111111111111,0.53125,-0.30612244897959184,0.5930232558139535,-0.25547445255474455,0.7083333333333334,-0.17073170731707318,0.8095238095238095,-0.10526315789473684,1.02,0.009900990099009901,1.1333333333333333,0.0625,1.0,0.0,1.7,0.25925925925925924,1.4166666666666667,0.1724137931034483,0.53125,-0.30612244897959184,0.5930232558139535,-0.25547445255474455,0.7083333333333334,-0.17073170731707318,0.8095238095238095,-0.10526315789473684,1.02,0.009900990099009901,1.1333333333333333,0.0625,1.0,0.0,1.7,0.25925925925925924,1.4166666666666667,0.1724137931034483,0.3125,-0.5238095238095238,0.3488372093023256,-0.4827586206896552,0.4166666666666667,-0.4117647058823529,0.47619047619047616,-0.3548387096774194,0.6,-0.25,0.6666666666666666,-0.2,0.5882352941176471,-0.25925925925925924,0.5882352941176471,-0.25925925925925924,0.8333333333333334,-0.09090909090909091,0.375,-0.45454545454545453,0.4186046511627907,-0.4098360655737705,0.5,-0.3333333333333333,0.5714285714285714,-0.2727272727272727,0.72,-0.16279069767441862,0.8,-0.1111111111111111,0.7058823529411765,-0.1724137931034483,0.7058823529411765,-0.1724137931034483,1.2,0.09090909090909091
3.58,56,57,121,90,80,83,81,86,68,62,1.3444444444444446,0.14691943127962084,1.5125,0.20398009950248755,1.4578313253012047,0.18627450980392157,1.4938271604938271,0.19801980198019803,1.4069767441860466,0.16908212560386474,1.7794117647058822,0.2804232804232804,1.9516129032258065,0.3224043715846995,2.1607142857142856,0.3672316384180791,2.1228070175438596,0.3595505617977528,0.743801652892562,-0.14691943127962084,1.125,0.058823529411764705,1.0843373493975903,0.04046242774566474,1.1111111111111112,0.05263157894736842,1.0465116279069768,0.022727272727272728,1.3235294117647058,0.13924050632911392,1.4516129032258065,0.18421052631578946,1.6071428571428572,0.2328767123287671,1.5789473684210527,0.22448979591836735,0.6611570247933884,-0.20398009950248755,0.8888888888888888,-0.058823529411764705,0.963855421686747,-0.018404907975460124,0.9876543209876543,-0.006211180124223602,0.9302325581395349,-0.03614457831325301,1.1764705882352942,0.08108108108108109,1.2903225806451613,0.1267605633802817,1.4285714285714286,0.17647058823529413,1.4035087719298245,0.1678832116788321,0.6859504132231405,-0.18627450980392157,0.9222222222222223,-0.04046242774566474,1.0375,0.018404907975460124,1.0246913580246915,0.012195121951219513,0.9651162790697675,-0.01775147928994083,1.2205882352941178,0.09933774834437085,1.3387096774193548,0.14482758620689656,1.4821428571428572,0.19424460431654678,1.456140350877193,0.18571428571428572,0.6694214876033058,-0.19801980198019803,0.9,-0.05263157894736842,1.0125,0.006211180124223602,0.9759036144578314,-0.012195121951219513,0.9418604651162791,-0.029940119760479042,1.1911764705882353,0.087248322147651,1.3064516129032258,0.13286713286713286,1.4464285714285714,0.18248175182481752,1.4210526315789473,0.17391304347826086,0.7107438016528925,-0.16908212560386474,0.9555555555555556,-0.022727272727272728,1.075,0.03614457831325301,1.036144578313253,0.01775147928994083,1.0617283950617284,0.029940119760479042,1.2647058823529411,0.11688311688311688,1.3870967741935485,0.16216216216216217,1.5357142857142858,0.2112676056338028,1.5087719298245614,0.20279720279720279,0.5619834710743802,-0.2804232804232804,0.7555555555555555,-0.13924050632911392,0.85,-0.08108108108108109,0.8192771084337349,-0.09933774834437085,0.8395061728395061,-0.087248322147651,0.7906976744186046,-0.11688311688311688,1.096774193548387,0.046153846153846156,1.2142857142857142,0.0967741935483871,1.1929824561403508,0.088,0.512396694214876,-0.3224043715846995,0.6888888888888889,-0.18421052631578946,0.775,-0.1267605633802817,0.7469879518072289,-0.14482758620689656,0.7654320987654321,-0.13286713286713286,0.7209302325581395,-0.16216216216216217,0.9117647058823529,-0.046153846153846156,1.1071428571428572,0.05084745762711865,1.087719298245614,0.04201680672268908,0.4628099173553719,-0.3672316384180791,0.6222222222222222,-0.2328767123287671,0.7,-0.17647058823529413,0.6746987951807228,-0.19424460431654678,0.691358024691358,-0.18248175182481752,0.6511627906976745,-0.2112676056338028,0.8235294117647058,-0.0967741935483871,0.9032258064516129,-0.05084745762711865,0.9824561403508771,-0.008849557522123894,0.47107438016528924,-0.3595505617977528,0.6333333333333333,-0.22448979591836735,0.7125,-0.1678832116788321,0.6867469879518072,-0.18571428571428572,0.7037037037037037,-0.17391304347826086,0.6627906976744186,-0.20279720279720279,0.8382352941176471,-0.088,0.9193548387096774,-0.04201680672268908,1.0178571428571428,0.008849557522123894
4.38,56,57,121,90,80,83,81,86,68,62,1.3444444444444446,0.14691943127962084,1.5125,0.20398009950248755,1.4578313253012047,0.18627450980392157,1.4938271604938271,0.19801980198019803,1.4069767441860466,0.16908212560386474,1.7794117647058822,0.2804232804232804,1.9516129032258065,0.3224043715846995,2.1607142857142856,0.3672316384180791,2.1228070175438596,0.3595505617977528,0.743801652892562,-0.14691943127962084,1.125,0.058823529411764705,1.0843373493975903,0.04046242774566474,1.1111111111111112,0.05263157894736842,1.0465116279069768,0.022727272727272728,1.3235294117647058,0.13924050632911392,1.4516129032258065,0.18421052631578946,1.6071428571428572,0.2328767123287671,1.5789473684210527,0.22448979591836735,0.6611570247933884,-0.20398009950248755,0.8888888888888888,-0.058823529411764705,0.963855421686747,-0.018404907975460124,0.9876543209876543,-0.006211180124223602,0.9302325581395349,-0.03614457831325301,1.1764705882352942,0.08108108108108109,1.2903225806451613,0.1267605633802817,1.4285714285714286,0.17647058823529413,1.4035087719298245,0.1678832116788321,0.6859504132231405,-0.18627450980392157,0.9222222222222223,-0.04046242774566474,1.0375,0.018404907975460124,1.0246913580246915,0.012195121951219513,0.9651162790697675,-0.01775147928994083,1.2205882352941178,0.09933774834437085,1.3387096774193548,0.14482758620689656,1.4821428571428572,0.19424460431654678,1.456140350877193,0.18571428571428572,0.6694214876033058,-0.19801980198019803,0.9,-0.05263157894736842,1.0125,0.006211180124223602,0.9759036144578314,-0.012195121951219513,0.9418604651162791,-0.029940119760479042,1.1911764705882353,0.087248322147651,1.3064516129032258,0.13286713286713286,1.4464285714285714,0.18248175182481752,1.4210526315789473,0.17391304347826086,0.7107438016528925,-0.16908212560386474,0.9555555555555556,-0.022727272727272728,1.075,0.03614457831325301,1.036144578313253,0.01775147928994083,1.0617283950617284,0.029940119760479042,1.2647058823529411,0.11688311688311688,1.3870967741935485,0.16216216216216217,1.5357142857142858,0.2112676056338028,1.5087719298245614,0.20279720279720279,0.5619834710743802,-0.2804232804232804,0.7555555555555555,-0.13924050632911392,0.85,-0.08108108108108109,0.8192771084337349,-0.09933774834437085,0.8395061728395061,-0.087248322147651,0.7906976744186046,-0.11688311688311688,1.096774193548387,0.046153846153846156,1.2142857142857142,0.0967741935483871,1.1929824561403508,0.088,0.512396694214876,-0.3224043715846995,0.6888888888888889,-0.18421052631578946,0.775,-0.1267605633802817,0.7469879518072289,-0.14482758620689656,0.7654320987654321,-0.13286713286713286,0.7209302325581395,-0.16216216216216217,0.9117647058823529,-0.046153846153846156,1.1071428571428572,0.05084745762711865,1.087719298245614,0.04201680672268908,0.4628099173553719,-0.3672316384180791,0.6222222222222222,-0.2328767123287671,0.7,-0.17647058823529413,0.6746987951807228,-0.19424460431654678,0.691358024691358,-0.18248175182481752,0.6511627906976745,-0.2112676056338028,0.8235294117647058,-0.0967741935483871,0.9032258064516129,-0.05084745762711865,0.9824561403508771,-0.008849557522123894,0.47107438016528924,-0.3595505617977528,0.6333333333333333,-0.22448979591836735,0.7125,-0.1678832116788321,0.6867469879518072,-0.18571428571428572,0.7037037037037037,-0.17391304347826086,0.6627906976744186,-0.20279720279720279,0.8382352941176471,-0.088,0.9193548387096774,-0.04201680672268908,1.0178571428571428,0.008849557522123894
4.93,4,4,52,52,51,68,39,36,38,12,1.0,0.0,1.0196078431372548,0.009708737864077669,0.7647058823529411,-0.13333333333333333,1.3333333333333333,0.14285714285714285,1.4444444444444444,0.18181818181818182,1.368421052631579,0.15555555555555556,4.333333333333333,0.625,13.0,0.8571428571428571,13.0,0.8571428571428571,1.0,0.0,1.0196078431372548,0.009708737864077669,0.7647058823529411,-0.13333333333333333,1.3333333333333333,0.14285714285714285,1.4444444444444444,0.18181818181818182,1.368421052631579,0.15555555555555556,4.333333333333333,0.625,13.0,0.8571428571428571,13.0,0.8571428571428571,0.9807692307692307,-0.009708737864077669,0.9807692307692307,-0.009708737864077669,0.75,-0.14285714285714285,1.3076923076923077,0.13333333333333333,1.4166666666666667,0.1724137931034483,1.3421052631578947,0.14606741573033707,4.25,0.6190476190476191,12.75,0.8545454545454545,12.75,0.8545454545454545,1.3076923076923077,0.13333333333333333,1.3076923076923077,0.13333333333333333,1.3333333333333333,0.14285714285714285,1.7435897435897436,0.27102803738317754,1.8888888888888888,0.3076923076923077,1.7894736842105263,0.2830188679245283,5.666666666666667,0.7,17.0,0.8888888888888888,17.0,0.8888888888888888,0.75,-0.14285714285714285,0.75,-0.14285714285714285,0.7647058823529411,-0.13333333333333333,0.5735294117647058,-0.27102803738317754,1.0833333333333333,0.04,1.0263157894736843,0.012987012987012988,3.25,0.5294117647058824,9.75,0.813953488372093,9.75,0.813953488372093,0.6923076923076923,-0.18181818181818182,0.6923076923076923,-0.18181818181818182,0.7058823529411765,-0.1724137931034483,0.5294117647058824,-0.3076923076923077,0.9230769230769231,-0.04,0.9473684210526315,-0.02702702702702703,3.0,0.5,9.0,0.8,9.0,0.8,0.7307692307692307,-0.15555555555555556,0.7307692307692307,-0.15555555555555556,0.7450980392156863,-0.14606741573033707,0.5588235294117647,-0.2830188679245283,0.9743589743589743,-0.012987012987012988,1.0555555555555556,0.02702702702702703,3.1666666666666665,0.52,9.5,0.8095238095238095,9.5,0.8095238095238095,0.23076923076923078,-0.625,0.23076923076923078,-0.625,0.23529411764705882,-0.6190476190476191,0.17647058823529413,-0.7,0.3076923076923077,-0.5294117647058824,0.3333333333333333,-0.5,0.3157894736842105,-0.52,3.0,0.5,3.0,0.5,0.07692307692307693,-0.8571428571428571,0.07692307692307693,-0.8571428571428571,0.0784313725490196,-0.8545454545454545,0.058823529411764705,-0.8888888888888888,0.10256410256410256,-0.813953488372093,0.1111111111111111,-0.8,0.10526315789473684,-0.8095238095238095,0.3333333333333333,-0.5,1.0,0.0,0.07692307692307693,-0.8571428571428571,0.07692307692307693,-0.8571428571428571,0.0784313725490196,-0.8545454545454545,0.058823529411764705,-0.8888888888888888,0.10256410256410256,-0.813953488372093,0.1111111111111111,-0.8,0.10526315789473684,-0.8095238095238095,0.3333333333333333,-0.5,1.0,0.0
5.68,4,4,52,52,51,68,39,36,38,12,1.0,0.0,1.0196078431372548,0.009708737864077669,0.7647058823529411,-0.13333333333333333,1.3333333333333333,0.14285714285714285,1.4444444444444444,0.18181818181818182,1.368421052631579,0.15555555555555556,4.333333333333333,0.625,13.0,0.8571428571428571,13.0,0.8571428571428571,1.0,0.0,1.0196078431372548,0.009708737864077669,0.7647058823529411,-0.13333333333333333,1.3333333333333333,0.14285714285714285,1.4444444444444444,0.18181818181818182,1.368421052631579,0.15555555555555556,4.333333333333333,0.625,13.0,0.8571428571428571,13.0,0.8571428571428571,0.9807692307692307,-0.009708737864077669,0.9807692307692307,-0.009708737864077669,0.75,-0.14285714285714285,1.3076923076923077,0.13333333333333333,1.4166666666666667,0.1724137931034483,1.3421052631578947,0.14606741573033707,4.25,0.6190476190476191,12.75,0.8545454545454545,12.75,0.8545454545454545,1.3076923076923077,0.13333333333333333,1.3076923076923077,0.13333333333333333,1.3333333333333333,0.14285714285714285,1.7435897435897436,0.27102803738317754,1.8888888888888888,0.3076923076923077,1.7894736842105263,0.2830188679245283,5.666666666666667,0.7,17.0,0.8888888888888888,17.0,0.8888888888888888,0.75,-0.14285714285714285,0.75,-0.14285714285714285,0.7647058823529411,-0.13333333333333333,0.5735294117647058,-0.27102803738317754,1.0833333333333333,0.04,1.0263157894736843,0.012987012987012988,3.25,0.5294117647058824,9.75,0.813953488372093,9.75,0.813953488372093,0.6923076923076923,-0.18181818181818182,0.6923076923076923,-0.18181818181818182,0.7058823529411765,-0.1724137931034483,0.5294117647058824,-0.3076923076923077,0.9230769230769231,-0.04,0.9473684210526315,-0.02702702702702703,3.0,0.5,9.0,0.8,9.0,0.8,0.7307692307692307,-0.15555555555555556,0.7307692307692307,-0.15555555555555556,0.7450980392156863,-0.14606741573033707,0.5588235294117647,-0.2830188679245283,0.9743589743589743,-0.012987012987012988,1.0555555555555556,0.02702702702702703,3.1666666666666665,0.52,9.5,0.8095238095238095,9.5,0.8095238095238095,0.23076923076923078,-0.625,0.23076923076923078,-0.625,0.23529411764705882,-0.6190476190476191,0.17647058823529413,-0.7,0.3076923076923077,-0.5294117647058824,0.3333333333333333,-0.5,0.3157894736842105,-0.52,3.0,0.5,3.0,0.5,0.07692307692307693,-0.8571428571428571,0.07692307692307693,-0.8571428571428571,0.0784313725490196,-0.8545454545454545,0.058823529411764705,-0.8888888888888888,0.10256410256410256,-0.813953488372093,0.1111111111111111,-0.8,0.10526315789473684,-0.8095238095238095,0.3333333333333333,-0.5,1.0,0.0,0.07692307692307693,-0.8571428571428571,0.07692307692307693,-0.8571428571428571,0.0784313725490196,-0.8545454545454545,0.058823529411764705,-0.8888888888888888,0.10256410256410256,-0.813953488372093,0.1111111111111111,-0.8,0.10526315789473684,-0.8095238095238095,0.3333333333333333,-0.5,1.0,0.0
5.09,92,76,178,149,138,150,116,134,116,102,1.1946308724832215,0.08868501529051988,1.289855072463768,0.12658227848101267,1.1866666666666668,0.08536585365853659,1.5344827586206897,0.2108843537414966,1.328358208955224,0.14102564102564102,1.5344827586206897,0.2108843537414966,1.7450980392156863,0.2714285714285714,1.934782608695652,0.31851851851851853,2.3421052631578947,0.4015748031496063,0.8370786516853933,-0.08868501529051988,1.0797101449275361,0.03832752613240418,0.9933333333333333,-0.0033444816053511705,1.2844827586206897,0.12452830188679245,1.1119402985074627,0.053003533568904596,1.2844827586206897,0.12452830188679245,1.4607843137254901,0.18725099601593626,1.6195652173913044,0.23651452282157676,1.9605263157894737,0.3244444444444444,0.7752808988764045,-0.12658227848101267,0.9261744966442953,-0.03832752613240418,0.92,-0.041666666666666664,1.1896551724137931,0.08661417322834646,1.0298507462686568,0.014705882352941176,1.1896551724137931,0.08661417322834646,1.3529411764705883,0.15,1.5,0.2,1.8157894736842106,0.2897196261682243,0.8426966292134831,-0.08536585365853659,1.0067114093959733,0.0033444816053511705,1.0869565217391304,0.041666666666666664,1.293103448275862,0.12781954887218044,1.1194029850746268,0.056338028169014086,1.293103448275862,0.12781954887218044,1.4705882352941178,0.19047619047619047,1.6304347826086956,0.2396694214876033,1.9736842105263157,0.3274336283185841,0.651685393258427,-0.2108843537414966,0.7785234899328859,-0.12452830188679245,0.8405797101449275,-0.08661417322834646,0.7733333333333333,-0.12781954887218044,0.8656716417910447,-0.072,1.0,0.0,1.1372549019607843,0.06422018348623854,1.2608695652173914,0.11538461538461539,1.5263157894736843,0.20833333333333334,0.7528089887640449,-0.14102564102564102,0.8993288590604027,-0.053003533568904596,0.9710144927536232,-0.014705882352941176,0.8933333333333333,-0.056338028169014086,1.1551724137931034,0.072,1.1551724137931034,0.072,1.3137254901960784,0.13559322033898305,1.4565217391304348,0.18584070796460178,1.763157894736842,0.2761904761904762,0.651685393258427,-0.2108843537414966,0.7785234899328859,-0.12452830188679245,0.8405797101449275,-0.08661417322834646,0.7733333333333333,-0.12781954887218044,1.0,0.0,0.8656716417910447,-0.072,1.1372549019607843,0.06422018348623854,1.2608695652173914,0.11538461538461539,1.5263157894736843,0.20833333333333334,0.5730337078651685,-0.2714285714285714,0.6845637583892618,-0.18725099601593626,0.7391304347826086,-0.15,0.68,-0.19047619047619047,0.8793103448275862,-0.06422018348623854,0.7611940298507462,-0.13559322033898305,0.8793103448275862,-0.06422018348623854,1.108695652173913,0.05154639175257732,1.3421052631578947,0.14606741573033707,0.5168539325842697,-0.31851851851851853,0.6174496644295302,-0.23651452282157676,0.6666666666666666,-0.2,0.6133333333333333,-0.2396694214876033,0.7931034482758621,-0.11538461538461539,0.6865671641791045,-0.18584070796460178,0.7931034482758621,-0.11538461538461539,0.9019607843137255,-0.05154639175257732,1.2105263157894737,0.09523809523809523,0.42696629213483145,-0.4015748031496063,0.5100671140939598,-0.3244444444444444,0.5507246376811594,-0.2897196261682243,0.5066666666666667,-0.3274336283185841,0.6551724137931034,-0.20833333333333334,0.5671641791044776,-0.2761904761904762,0.6551724137931034,-0.20833333333333334,0.7450980392156863,-0.14606741573033707,0.8260869565217391,-0.09523809523809523
6.93,92,76,178,149,138,150,116,134,116,102,1.1946308724832215,0.08868501529051988,1.289855072463768,0.12658227848101267,1.1866666666666668,0.08536585365853659,1.5344827586206897,0.2108843537414966,1.328358208955224,0.14102564102564102,1.5344827586206897,0.2108843537414966,1.7450980392156863,0.2714285714285714,1.934782608695652,0.31851851851851853,2.3421052631578947,0.4015748031496063,0.8370786516853933,-0.08868501529051988,1.0797101449275361,0.03832752613240418,0.9933333333333333,-0.0033444816053511705,1.2844827586206897,0.12452830188679245,1.1119402985074627,0.053003533568904596,1.2844827586206897,0.12452830188679245,1.4607843137254901,0.18725099601593626,1.6195652173913044,0.23651452282157676,1.9605263157894737,0.3244444444444444,0.7752808988764045,-0.12658227848101267,0.9261744966442953,-0.03832752613240418,0.92,-0.041666666666666664,1.1896551724137931,0.08661417322834646,1.0298507462686568,0.014705882352941176,1.1896551724137931,0.08661417322834646,1.3529411764705883,0.15,1.5,0.2,1.8157894736842106,0.2897196261682243,0.8426966292134831,-0.08536585365853659,1.0067114093959733,0.0033444816053511705,1.0869565217391304,0.041666666666666664,1.293103448275862,0.12781954887218044,1.1194029850746268,0.056338028169014086,1.293103448275862,0.12781954887218044,1.4705882352941178,0.19047619047619047,1.6304347826086956,0.2396694214876033,1.9736842105263157,0.3274336283185841,0.651685393258427,-0.2108843537414966,0.7785234899328859,-0.12452830188679245,0.8405797101449275,-0.08661417322834646,0.7733333333333333,-0.12781954887218044,0.8656716417910447,-0.072,1.0,0.0,1.1372549019607843,0.06422018348623854,1.2608695652173914,0.11538461538461539,1.5263157894736843,0.20833333333333334,0.7528089887640449,-0.14102564102564102,0.8993288590604027,-0.053003533568904596,0.9710144927536232,-0.014705882352941176,0.8933333333333333,-0.056338028169014086,1.1551724137931034,0.072,1.1551724137931034,0.072,1.3137254901960784,0.13559322033898305,1.4565217391304348,0.18584070796460178,1.763157894736842,0.2761904761904762,0.651685393258427,-0.2108843537414966,0.7785234899328859,-0.12452830188679245,0.8405797101449275,-0.08661417322834646,0.7733333333333333,-0.12781954887218044,1.0,0.0,0.8656716417910447,-0.072,1.1372549019607843,0.06422018348623854,1.2608695652173914,0.11538461538461539,1.5263157894736843,0.20833333333333334,0.5730337078651685,-0.2714285714285714,0.6845637583892618,-0.18725099601593626,0.7391304347826086,-0.15,0.68,-0.19047619047619047,0.8793103448275862,-0.06422018348623854,0.7611940298507462,-0.13559322033898305,0.8793103448275862,-0.06422018348623854,1.108695652173913,0.05154639175257732,1.3421052631578947,0.14606741573033707,0.5168539325842697,-0.31851851851851853,0.6174496644295302,-0.23651452282157676,0.6666666666666666,-0.2,0.6133333333333333,-0.2396694214876033,0.7931034482758621,-0.11538461538461539,0.6865671641791045,-0.18584070796460178,0.7931034482758621,-0.11538461538461539,0.9019607843137255,-0.05154639175257732,1.2105263157894737,0.09523809523809523,0.42696629213483145,-0.4015748031496063,0.5100671140939598,-0.3244444444444444,0.5507246376811594,-0.2897196261682243,0.5066666666666667,-0.3274336283185841,0.6551724137931034,-0.20833333333333334,0.5671641791044776,-0.2761904761904762,0.6551724137931034,-0.20833333333333334,0.7450980392156863,-0.14606741573033707,0.8260869565217391,-0.09523809523809523
10.96,437,402,510,574,589,635,534,549,513,505,0.8885017421602788,-0.05904059040590406,0.865874363327674,-0.0718835304822566,0.8031496062992126,-0.1091703056768559,0.9550561797752809,-0.022988505747126436,0.9289617486338798,-0.036827195467422094,0.9941520467836257,-0.002932551319648094,1.00990099009901,0.0049261083743842365,1.1670480549199085,0.07708553326293559,1.2686567164179106,0.11842105263157894,1.1254901960784314,0.05904059040590406,0.9745331069609507,-0.012897678417884782,0.9039370078740158,-0.050454921422663356,1.0749063670411985,0.036101083032490974,1.0455373406193078,0.02226179875333927,1.1189083820662769,0.05611775528978841,1.1366336633663365,0.0639481000926784,1.3135011441647597,0.13550939663699307,1.427860696517413,0.1762295081967213,1.1549019607843136,0.0718835304822566,1.0261324041811846,0.012897678417884782,0.9275590551181102,-0.03758169934640523,1.1029962546816479,0.048975957257346395,1.0728597449908925,0.0351493848857645,1.1481481481481481,0.06896551724137931,1.1663366336633663,0.07678244972577697,1.3478260869565217,0.14814814814814814,1.4651741293532339,0.18869828456104945,1.2450980392156863,0.1091703056768559,1.1062717770034842,0.050454921422663356,1.0780984719864177,0.03758169934640523,1.1891385767790261,0.08639863130881095,1.156648451730419,0.07263513513513513,1.2378167641325537,0.10627177700348432,1.2574257425742574,0.11403508771929824,1.4530892448512587,0.18470149253731344,1.5796019900497513,0.22468659594985535,1.0470588235294118,0.022988505747126436,0.9303135888501742,-0.036101083032490974,0.9066213921901528,-0.048975957257346395,0.8409448818897638,-0.08639863130881095,0.9726775956284153,-0.013850415512465374,1.04093567251462,0.02005730659025788,1.0574257425742575,0.02791145332050048,1.2219679633867278,0.09989701338825953,1.328358208955224,0.14102564102564102,1.076470588235294,0.036827195467422094,0.9564459930313589,-0.02226179875333927,0.9320882852292021,-0.0351493848857645,0.8645669291338582,-0.07263513513513513,1.0280898876404494,0.013850415512465374,1.0701754385964912,0.03389830508474576,1.0871287128712872,0.04174573055028463,1.2562929061784898,0.11359026369168357,1.3656716417910448,0.15457413249211358,1.0058823529411764,0.002932551319648094,0.8937282229965157,-0.05611775528978841,0.8709677419354839,-0.06896551724137931,0.8078740157480315,-0.10627177700348432,0.9606741573033708,-0.02005730659025788,0.9344262295081968,-0.03389830508474576,1.0158415841584159,0.007858546168958742,1.173913043478261,0.08,1.2761194029850746,0.12131147540983607,0.9901960784313726,-0.0049261083743842365,0.8797909407665505,-0.0639481000926784,0.8573853989813243,-0.07678244972577697,0.7952755905511811,-0.11403508771929824,0.9456928838951311,-0.02791145332050048,0.9198542805100182,-0.04174573055028463,0.9844054580896686,-0.007858546168958742,1.1556064073226544,0.07218683651804671,1.256218905472637,0.11356119073869901,0.8568627450980392,-0.07708553326293559,0.7613240418118467,-0.13550939663699307,0.7419354838709677,-0.14814814814814814,0.6881889763779527,-0.18470149253731344,0.8183520599250936,-0.09989701338825953,0.7959927140255009,-0.11359026369168357,0.8518518518518519,-0.08,0.8653465346534653,-0.07218683651804671,1.0870646766169154,0.041716328963051254,0.788235294117647,-0.11842105263157894,0.7003484320557491,-0.1762295081967213,0.6825127334465195,-0.18869828456104945,0.6330708661417322,-0.22468659594985535,0.7528089887640449,-0.14102564102564102,0.73224043715847,-0.15457413249211358,0.783625730994152,-0.12131147540983607,0.7960396039603961,-0.11356119073869901,0.919908466819222,-0.041716328963051254
10.76,437,402,510,574,589,635,534,549,513,505,0.8885017421602788,-0.05904059040590406,0.865874363327674,-0.0718835304822566,0.8031496062992126,-0.1091703056768559,0.9550561797752809,-0.022988505747126436,0.9289617486338798,-0.036827195467422094,0.9941520467836257,-0.002932551319648094,1.00990099009901,0.0049261083743842365,1.1670480549199085,0.07708553326293559,1.2686567164179106,0.11842105263157894,1.1254901960784314,0.05904059040590406,0.9745331069609507,-0.012897678417884782,0.9039370078740158,-0.050454921422663356,1.0749063670411985,0.036101083032490974,1.0455373406193078,0.02226179875333927,1.1189083820662769,0.05611775528978841,1.1366336633663365,0.0639481000926784,1.3135011441647597,0.13550939663699307,1.427860696517413,0.1762295081967213,1.1549019607843136,0.0718835304822566,1.0261324041811846,0.012897678417884782,0.9275590551181102,-0.03758169934640523,1.1029962546816479,0.048975957257346395,1.0728597449908925,0.0351493848857645,1.1481481481481481,0.06896551724137931,1.1663366336633663,0.07678244972577697,1.3478260869565217,0.14814814814814814,1.4651741293532339,0.18869828456104945,1.2450980392156863,0.1091703056768559,1.1062717770034842,0.050454921422663356,1.0780984719864177,0.03758169934640523,1.1891385767790261,0.08639863130881095,1.156648451730419,0.07263513513513513,1.2378167641325537,0.10627177700348432,1.2574257425742574,0.11403508771929824,1.4530892448512587,0.18470149253731344,1.5796019900497513,0.22468659594985535,1.0470588235294118,0.022988505747126436,0.9303135888501742,-0.036101083032490974,0.9066213921901528,-0.048975957257346395,0.8409448818897638,-0.08639863130881095,0.9726775956284153,-0.013850415512465374,1.04093567251462,0.02005730659025788,1.0574257425742575,0.02791145332050048,1.2219679633867278,0.09989701338825953,1.328358208955224,0.14102564102564102,1.076470588235294,0.036827195467422094,0.9564459930313589,-0.02226179875333927,0.9320882852292021,-0.0351493848857645,0.8645669291338582,-0.07263513513513513,1.0280898876404494,0.013850415512465374,1.0701754385964912,0.03389830508474576,1.0871287128712872,0.04174573055028463,1.2562929061784898,0.11359026369168357,1.3656716417910448,0.15457413249211358,1.0058823529411764,0.002932551319648094,0.8937282229965157,-0.05611775528978841,0.8709677419354839,-0.06896551724137931,0.8078740157480315,-0.10627177700348432,0.9606741573033708,-0.02005730659025788,0.9344262295081968,-0.03389830508474576,1.0158415841584159,0.007858546168958742,1.173913043478261,0.08,1.2761194029850746,0.12131147540983607,0.9901960784313726,-0.0049261083743842365,0.8797909407665505,-0.0639481000926784,0.8573853989813243,-0.07678244972577697,0.7952755905511811,-0.11403508771929824,0.9456928838951311,-0.02791145332050048,0.9198542805100182,-0.04174573055028463,0.9844054580896686,-0.007858546168958742,1.1556064073226544,0.07218683651804671,1.256218905472637,0.11356119073869901,0.8568627450980392,-0.07708553326293559,0.7613240418118467,-0.13550939663699307,0.7419354838709677,-0.14814814814814814,0.6881889763779527,-0.18470149253731344,0.8183520599250936,-0.09989701338825953,0.7959927140255009,-0.11359026369168357,0.8518518518518519,-0.08,0.8653465346534653,-0.07218683651804671,1.0870646766169154,0.041716328963051254,0.788235294117647,-0.11842105263157894,0.7003484320557491,-0.1762295081967213,0.6825127334465195,-0.18869828456104945,0.6330708661417322,-0.22468659594985535,0.7528089887640449,-0.14102564102564102,0.73224043715847,-0.15457413249211358,0.783625730994152,-0.12131147540983607,0.7960396039603961,-0.11356119073869901,0.919908466819222,-0.041716328963051254
3.05,637,573,706,747,746,803,721,727,650,688,0.9451137884872824,-0.028217481073640742,0.9463806970509383,-0.027548209366391185,0.8792029887920298,-0.06428098078197482,0.9791955617198336,-0.01051156271899089,0.9711141678129298,-0.01465457083042568,1.0861538461538462,0.04129793510324484,1.0261627906976745,0.01291248206599713,1.108320251177394,0.05137751303052867,1.2321116928446771,0.10398749022673964,1.0580736543909348,0.028217481073640742,1.0013404825737264,0.0006697923643670462,0.9302615193026152,-0.03612903225806452,1.0360610263522885,0.017711171662125342,1.0275103163686383,0.013568521031207599,1.1492307692307693,0.06943450250536864,1.0857558139534884,0.04111498257839721,1.1726844583987441,0.07947976878612717,1.3036649214659686,0.1318181818181818,1.0566572237960339,0.027548209366391185,0.998661311914324,-0.0006697923643670462,0.9290161892901619,-0.036797934151065206,1.0346740638002774,0.017041581458759374,1.0261348005502062,0.012898845892735914,1.1476923076923078,0.06876790830945559,1.0843023255813953,0.040446304044630406,1.1711145996860282,0.07881417208966016,1.3019197207678883,0.13115996967399546,1.1373937677053825,0.06428098078197482,1.0749665327978581,0.03612903225806452,1.0764075067024128,0.036797934151065206,1.1137309292649098,0.05380577427821522,1.1045392022008254,0.04967320261437908,1.2353846153846153,0.10529938059187888,1.1671511627906976,0.07712944332662643,1.260596546310832,0.11527777777777778,1.4013961605584642,0.16715116279069767,1.0212464589235128,0.01051156271899089,0.965194109772423,-0.017711171662125342,0.9664879356568364,-0.017041581458759374,0.8978829389788294,-0.05380577427821522,0.9917469050894085,-0.004143646408839779,1.1092307692307692,0.051787016776075855,1.0479651162790697,0.0234208658623137,1.1318681318681318,0.061855670103092786,1.2582897033158813,0.1143740340030912,1.0297450424929178,0.01465457083042568,0.9732262382864793,-0.013568521031207599,0.9745308310991957,-0.012898845892735914,0.9053549190535491,-0.04967320261437908,1.0083217753120666,0.004143646408839779,1.1184615384615384,0.05591866376180102,1.056686046511628,0.02756183745583039,1.141287284144427,0.06598240469208211,1.268760907504363,0.11846153846153847,0.9206798866855525,-0.04129793510324484,0.8701472556894244,-0.06943450250536864,0.871313672922252,-0.06876790830945559,0.8094645080946451,-0.10529938059187888,0.9015256588072122,-0.051787016776075855,0.8940852819807428,-0.05591866376180102,0.9447674418604651,-0.028400597907324365,1.0204081632653061,0.010101010101010102,1.1343804537521816,0.06295993458708095,0.9745042492917847,-0.01291248206599713,0.9210174029451138,-0.04111498257839721,0.9222520107238605,-0.040446304044630406,0.8567870485678705,-0.07712944332662643,0.9542302357836339,-0.0234208658623137,0.9463548830811555,-0.02756183745583039,1.0584615384615386,0.028400597907324365,1.0800627943485086,0.038490566037735846,1.2006980802792322,0.09119746233148295,0.9022662889518414,-0.05137751303052867,0.8527443105756358,-0.07947976878612717,0.853887399463807,-0.07881417208966016,0.7932752179327521,-0.11527777777777778,0.883495145631068,-0.061855670103092786,0.8762035763411279,-0.06598240469208211,0.98,-0.010101010101010102,0.9258720930232558,-0.038490566037735846,1.111692844677138,0.05289256198347107,0.8116147308781869,-0.10398749022673964,0.7670682730923695,-0.1318181818181818,0.7680965147453083,-0.13115996967399546,0.7135740971357409,-0.16715116279069767,0.7947295423023578,-0.1143740340030912,0.7881705639614855,-0.11846153846153847,0.8815384615384615,-0.06295993458708095,0.8328488372093024,-0.09119746233148295,0.8995290423861853,-0.05289256198347107
4.43,637,573,706,747,746,803,721,727,650,688,0.9451137884872824,-0.028217481073640742,0.9463806970509383,-0.027548209366391185,0.8792029887920298,-0.06428098078197482,0.9791955617198336,-0.01051156271899089,0.9711141678129298,-0.01465457083042568,1.0861538461538462,0.04129793510324484,1.0261627906976745,0.01291248206599713,1.108320251177394,0.05137751303052867,1.2321116928446771,0.10398749022673964,1.0580736543909348,0.028217481073640742,1.0013404825737264,0.0006697923643670462,0.9302615193026152,-0.03612903225806452,1.0360610263522885,0.017711171662125342,1.0275103163686383,0.013568521031207599,1.1492307692307693,0.06943450250536864,1.0857558139534884,0.04111498257839721,1.1726844583987441,0.07947976878612717,1.3036649214659686,0.1318181818181818,1.0566572237960339,0.027548209366391185,0.998661311914324,-0.0006697923643670462,0.9290161892901619,-0.036797934151065206,1.0346740638002774,0.017041581458759374,1.0261348005502062,0.012898845892735914,1.1476923076923078,0.06876790830945559,1.0843023255813953,0.040446304044630406,1.1711145996860282,0.07881417208966016,1.3019197207678883,0.13115996967399546,1.1373937677053825,0.06428098078197482,1.0749665327978581,0.03612903225806452,1.0764075067024128,0.036797934151065206,1.1137309292649098,0.05380577427821522,1.1045392022008254,0.04967320261437908,1.2353846153846153,0.10529938059187888,1.1671511627906976,0.07712944332662643,1.260596546310832,0.11527777777777778,1.4013961605584642,0.16715116279069767,1.0212464589235128,0.01051156271899089,0.965194109772423,-0.017711171662125342,0.9664879356568364,-0.017041581458759374,0.8978829389788294,-0.05380577427821522,0.9917469050894085,-0.004143646408839779,1.1092307692307692,0.051787016776075855,1.0479651162790697,0.0234208658623137,1.1318681318681318,0.061855670103092786,1.2582897033158813,0.1143740340030912,1.0297450424929178,0.01465457083042568,0.9732262382864793,-0.013568521031207599,0.9745308310991957,-0.012898845892735914,0.9053549190535491,-0.04967320261437908,1.0083217753120666,0.004143646408839779,1.1184615384615384,0.05591866376180102,1.056686046511628,0.02756183745583039,1.141287284144427,0.06598240469208211,1.268760907504363,0.11846153846153847,0.9206798866855525,-0.04129793510324484,0.8701472556894244,-0.06943450250536864,0.871313672922252,-0.06876790830945559,0.8094645080946451,-0.10529938059187888,0.9015256588072122,-0.051787016776075855,0.8940852819807428,-0.05591866376180102,0.9447674418604651,-0.028400597907324365,1.0204081632653061,0.010101010101010102,1.1343804537521816,0.06295993458708095,0.9745042492917847,-0.01291248206599713,0.9210174029451138,-0.04111498257839721,0.9222520107238605,-0.040446304044630406,0.8567870485678705,-0.07712944332662643,0.9542302357836339,-0.0234208658623137,0.9463548830811555,-0.02756183745583039,1.0584615384615386,0.028400597907324365,1.0800627943485086,0.038490566037735846,1.2006980802792322,0.09119746233148295,0.9022662889518414,-0.05137751303052867,0.8527443105756358,-0.07947976878612717,0.853887399463807,-0.07881417208966016,0.7932752179327521,-0.11527777777777778,0.883495145631068,-0.061855670103092786,0.8762035763411279,-0.06598240469208211,0.98,-0.010101010101010102,0.9258720930232558,-0.038490566037735846,1.111692844677138,0.05289256198347107,0.8116147308781869,-0.10398749022673964,0.7670682730923695,-0.1318181818181818,0.7680965147453083,-0.13115996967399546,0.7135740971357409,-0.16715116279069767,0.7947295423023578,-0.1143740340030912,0.7881705639614855,-0.11846153846153847,0.8815384615384615,-0.06295993458708095,0.8328488372093024,-0.09119746233148295,0.8995290423861853,-0.05289256198347107
8.08,100,65,312,270,211,216,195,204,168,159,1.1555555555555554,0.07216494845360824,1.4786729857819905,0.1931166347992352,1.4444444444444444,0.18181818181818182,1.6,0.23076923076923078,1.5294117647058822,0.20930232558139536,1.8571428571428572,0.3,1.9622641509433962,0.3248407643312102,3.12,0.5145631067961165,4.8,0.6551724137931034,0.8653846153846154,-0.07216494845360824,1.2796208530805686,0.12266112266112267,1.25,0.1111111111111111,1.3846153846153846,0.16129032258064516,1.3235294117647058,0.13924050632911392,1.6071428571428572,0.2328767123287671,1.6981132075471699,0.25874125874125875,2.7,0.4594594594594595,4.153846153846154,0.6119402985074627,0.6762820512820513,-0.1931166347992352,0.7814814814814814,-0.12266112266112267,0.9768518518518519,-0.0117096018735363,1.082051282051282,0.03940886699507389,1.0343137254901962,0.016867469879518072,1.255952380952381,0.11345646437994723,1.3270440251572326,0.14054054054054055,2.11,0.35691318327974275,3.246153846153846,0.5289855072463768,0.6923076923076923,-0.18181818181818182,0.8,-0.1111111111111111,1.0236966824644549,0.0117096018735363,1.1076923076923078,0.051094890510948905,1.0588235294117647,0.02857142857142857,1.2857142857142858,0.125,1.3584905660377358,0.152,2.16,0.3670886075949367,3.3230769230769233,0.5373665480427047,0.625,-0.23076923076923078,0.7222222222222222,-0.16129032258064516,0.9241706161137441,-0.03940886699507389,0.9027777777777778,-0.051094890510948905,0.9558823529411765,-0.022556390977443608,1.1607142857142858,0.0743801652892562,1.2264150943396226,0.1016949152542373,1.95,0.3220338983050847,3.0,0.5,0.6538461538461539,-0.20930232558139536,0.7555555555555555,-0.13924050632911392,0.966824644549763,-0.016867469879518072,0.9444444444444444,-0.02857142857142857,1.0461538461538462,0.022556390977443608,1.2142857142857142,0.0967741935483871,1.2830188679245282,0.12396694214876033,2.04,0.34210526315789475,3.1384615384615384,0.516728624535316,0.5384615384615384,-0.3,0.6222222222222222,-0.2328767123287671,0.7962085308056872,-0.11345646437994723,0.7777777777777778,-0.125,0.8615384615384616,-0.0743801652892562,0.8235294117647058,-0.0967741935483871,1.0566037735849056,0.027522935779816515,1.68,0.2537313432835821,2.5846153846153848,0.44206008583690987,0.5096153846153846,-0.3248407643312102,0.5888888888888889,-0.25874125874125875,0.7535545023696683,-0.14054054054054055,0.7361111111111112,-0.152,0.8153846153846154,-0.1016949152542373,0.7794117647058824,-0.12396694214876033,0.9464285714285714,-0.027522935779816515,1.59,0.2277992277992278,2.4461538461538463,0.41964285714285715,0.32051282051282054,-0.5145631067961165,0.37037037037037035,-0.4594594594594595,0.47393364928909953,-0.35691318327974275,0.46296296296296297,-0.3670886075949367,0.5128205128205128,-0.3220338983050847,0.49019607843137253,-0.34210526315789475,0.5952380952380952,-0.2537313432835821,0.6289308176100629,-0.2277992277992278,1.5384615384615385,0.21212121212121213,0.20833333333333334,-0.6551724137931034,0.24074074074074073,-0.6119402985074627,0.3080568720379147,-0.5289855072463768,0.30092592592592593,-0.5373665480427047,0.3333333333333333,-0.5,0.31862745098039214,-0.516728624535316,0.3869047619047619,-0.44206008583690987,0.4088050314465409,-0.41964285714285715,0.65,-0.21212121212121213
3.78,100,65,312,270,211,216,195,204,168,159,1.1555555555555554,0.07216494845360824,1.4786729857819905,0.1931166347992352,1.4444444444444444,0.18181818181818182,1.6,0.23076923076923078,1.5294117647058822,0.20930232558139536,1.8571428571428572,0.3,1.9622641509433962,0.3248407643312102,3.12,0.5145631067961165,4.8,0.6551724137931034,0.8653846153846154,-0.07216494845360824,1.2796208530805686,0.12266112266112267,1.25,0.1111111111111111,1.3846153846153846,0.16129032258064516,1.3235294117647058,0.13924050632911392,1.6071428571428572,0.2328767123287671,1.6981132075471699,0.25874125874125875,2.7,0.4594594594594595,4.153846153846154,0.6119402985074627,0.6762820512820513,-0.1931166347992352,0.7814814814814814,-0.12266112266112267,0.9768518518518519,-0.0117096018735363,1.082051282051282,0.03940886699507389,1.0343137254901962,0.016867469879518072,1.255952380952381,0.11345646437994723,1.3270440251572326,0.14054054054054055,2.11,0.35691318327974275,3.246153846153846,0.5289855072463768,0.6923076923076923,-0.18181818181818182,0.8,-0.1111111111111111,1.0236966824644549,0.0117096018735363,1.1076923076923078,0.051094890510948905,1.0588235294117647,0.02857142857142857,1.2857142857142858,0.125,1.3584905660377358,0.152,2.16,0.3670886075949367,3.3230769230769233,0.5373665480427047,0.625,-0.23076923076923078,0.7222222222222222,-0.16129032258064516,0.9241706161137441,-0.03940886699507389,0.9027777777777778,-0.051094890510948905,0.9558823529411765,-0.022556390977443608,1.1607142857142858,0.0743801652892562,1.2264150943396226,0.1016949152542373,1.95,0.3220338983050847,3.0,0.5,0.6538461538461539,-0.20930232558139536,0.7555555555555555,-0.13924050632911392,0.966824644549763,-0.016867469879518072,0.9444444444444444,-0.02857142857142857,1.0461538461538462,0.022556390977443608,1.2142857142857142,0.0967741935483871,1.2830188679245282,0.12396694214876033,2.04,0.34210526315789475,3.1384615384615384,0.516728624535316,0.5384615384615384,-0.3,0.6222222222222222,-0.2328767123287671,0.7962085308056872,-0.11345646437994723,0.7777777777777778,-0.125,0.8615384615384616,-0.0743801652892562,0.8235294117647058,-0.0967741935483871,1.0566037735849056,0.027522935779816515,1.68,0.2537313432835821,2.5846153846153848,0.44206008583690987,0.5096153846153846,-0.3248407643312102,0.5888888888888889,-0.25874125874125875,0.7535545023696683,-0.14054054054054055,0.7361111111111112,-0.152,0.8153846153846154,-0.1016949152542373,0.7794117647058824,-0.12396694214876033,0.9464285714285714,-0.027522935779816515,1.59,0.2277992277992278,2.4461538461538463,0.41964285714285715,0.32051282051282054,-0.5145631067961165,0.37037037037037035,-0.4594594594594595,0.47393364928909953,-0.35691318327974275,0.46296296296296297,-0.3670886075949367,0.5128205128205128,-0.3220338983050847,0.49019607843137253,-0.34210526315789475,0.5952380952380952,-0.2537313432835821,0.6289308176100629,-0.2277992277992278,1.5384615384615385,0.21212121212121213,0.20833333333333334,-0.6551724137931034,0.24074074074074073,-0.6119402985074627,0.3080568720379147,-0.5289855072463768,0.30092592592592593,-0.5373665480427047,0.3333333333333333,-0.5,0.31862745098039214,-0.516728624535316,0.3869047619047619,-0.44206008583690987,0.4088050314465409,-0.41964285714285715,0.65,-0.21212121212121213
7.24,889,835,1022,1011,994,1039,945,969,904,922,1.0108803165182987,0.0054107230693556324,1.028169014084507,0.013888888888888888,0.983638113570741,-0.008248423095584668,1.0814814814814815,0.03914590747330961,1.0546955624355006,0.026619789050728277,1.1305309734513274,0.0612668743509865,1.1084598698481563,0.051440329218107,1.1496062992125984,0.0695970695970696,1.2239520958083832,0.10070005385029618,0.9892367906066536,-0.0054107230693556324,1.017102615694165,0.008478802992518703,0.973051010587103,-0.013658536585365854,1.0698412698412698,0.03374233128834356,1.043343653250774,0.021212121212121213,1.1183628318584071,0.05587467362924282,1.096529284164859,0.04604242110708743,1.1372328458942633,0.06421052631578947,1.2107784431137725,0.09534127843986999,0.9726027397260274,-0.013888888888888888,0.9831849653808111,-0.008478802992518703,0.9566891241578441,-0.022134776192818496,1.0518518518518518,0.02527075812274368,1.0257997936016512,0.01273560876209883,1.0995575221238938,0.04741833508956796,1.0780911062906724,0.037578288100208766,1.1181102362204725,0.055762081784386616,1.1904191616766466,0.08693275013668672,1.0166340508806262,0.008248423095584668,1.0276953511374876,0.013658536585365854,1.045271629778672,0.022134776192818496,1.0994708994708995,0.047379032258064516,1.0722394220846234,0.0348605577689243,1.1493362831858407,0.06948018528049409,1.1268980477223427,0.05966343702192759,1.1687289088863893,0.07780082987551867,1.244311377245509,0.10885805763073639,0.9246575342465754,-0.03914590747330961,0.9347181008902077,-0.03374233128834356,0.9507042253521126,-0.02527075812274368,0.9095283926852743,-0.047379032258064516,0.9752321981424149,-0.012539184952978056,1.045353982300885,0.022174148188209845,1.024945770065076,0.012319228709159078,1.062992125984252,0.030534351145038167,1.1317365269461077,0.06179775280898876,0.9481409001956947,-0.026619789050728277,0.9584569732937686,-0.021212121212121213,0.9748490945674044,-0.01273560876209883,0.9326275264677575,-0.0348605577689243,1.0253968253968253,0.012539184952978056,1.0719026548672566,0.034703683929524824,1.0509761388286334,0.024854574299312534,1.0899887514060742,0.04305705059203445,1.1604790419161677,0.07427937915742794,0.8845401174168297,-0.0612668743509865,0.8941641938674579,-0.05587467362924282,0.9094567404426559,-0.04741833508956796,0.8700673724735323,-0.06948018528049409,0.9566137566137566,-0.022174148188209845,0.932920536635707,-0.034703683929524824,0.9804772234273319,-0.009857612267250822,1.0168728908886389,0.008365867261572783,1.0826347305389221,0.039677975848188614,0.9021526418786693,-0.051440329218107,0.9119683481701286,-0.04604242110708743,0.9275653923541247,-0.037578288100208766,0.8873917228103946,-0.05966343702192759,0.9756613756613757,-0.012319228709159078,0.9514963880288958,-0.024854574299312534,1.0199115044247788,0.009857612267250822,1.0371203599550056,0.018221976808393152,1.1041916167664672,0.04951622083096187,0.8698630136986302,-0.0695970695970696,0.8793273986152325,-0.06421052631578947,0.8943661971830986,-0.055762081784386616,0.8556304138594802,-0.07780082987551867,0.9407407407407408,-0.030534351145038167,0.9174406604747162,-0.04305705059203445,0.9834070796460177,-0.008365867261572783,0.9642082429501084,-0.018221976808393152,1.0646706586826347,0.031322505800464036,0.8170254403131115,-0.10070005385029618,0.8259149357072205,-0.09534127843986999,0.8400402414486922,-0.08693275013668672,0.8036573628488932,-0.10885805763073639,0.8835978835978836,-0.06179775280898876,0.8617131062951496,-0.07427937915742794,0.9236725663716814,-0.039677975848188614,0.9056399132321041,-0.04951622083096187,0.9392575928008999,-0.031322505800464036
5.48,889,835,1022,1011,994,1039,945,969,904,922,1.0108803165182987,0.0054107230693556324,1.028169014084507,0.013888888888888888,0.983638113570741,-0.008248423095584668,1.0814814814814815,0.03914590747330961,1.0546955624355006,0.026619789050728277,1.1305309734513274,0.0612668743509865,1.1084598698481563,0.051440329218107,1.1496062992125984,0.0695970695970696,1.2239520958083832,0.10070005385029618,0.9892367906066536,-0.0054107230693556324,1.017102615694165,0.008478802992518703,0.973051010587103,-0.013658536585365854,1.0698412698412698,0.03374233128834356,1.043343653250774,0.021212121212121213,1.1183628318584071,0.05587467362924282,1.096529284164859,0.04604242110708743,1.1372328458942633,0.06421052631578947,1.2107784431137725,0.09534127843986999,0.9726027397260274,-0.013888888888888888,0.9831849653808111,-0.008478802992518703,0.9566891241578441,-0.022134776192818496,1.0518518518518518,0.02527075812274368,1.0257997936016512,0.01273560876209883,1.0995575221238938,0.04741833508956796,1.0780911062906724,0.037578288100208766,1.1181102362204725,0.055762081784386616,1.1904191616766466,0.08693275013668672,1.0166340508806262,0.008248423095584668,1.0276953511374876,0.013658536585365854,1.045271629778672,0.022134776192818496,1.0994708994708995,0.047379032258064516,1.0722394220846234,0.0348605577689243,1.1493362831858407,0.06948018528049409,1.1268980477223427,0.05966343702192759,1.1687289088863893,0.07780082987551867,1.244311377245509,0.10885805763073639,0.9246575342465754,-0.03914590747330961,0.9347181008902077,-0.03374233128834356,0.9507042253521126,-0.02527075812274368,0.9095283926852743,-0.047379032258064516,0.9752321981424149,-0.012539184952978056,1.045353982300885,0.022174148188209845,1.024945770065076,0.012319228709159078,1.062992125984252,0.030534351145038167,1.1317365269461077,0.06179775280898876,0.9481409001956947,-0.026619789050728277,0.9584569732937686,-0.021212121212121213,0.9748490945674044,-0.01273560876209883,0.9326275264677575,-0.0348605577689243,1.0253968253968253,0.012539184952978056,1.0719026548672566,0.034703683929524824,1.0509761388286334,0.024854574299312534,1.0899887514060742,0.04305705059203445,1.1604790419161677,0.07427937915742794,0.8845401174168297,-0.0612668743509865,0.8941641938674579,-0.05587467362924282,0.9094567404426559,-0.04741833508956796,0.8700673724735323,-0.06948018528049409,0.9566137566137566,-0.022174148188209845,0.932920536635707,-0.034703683929524824,0.9804772234273319,-0.009857612267250822,1.0168728908886389,0.008365867261572783,1.0826347305389221,0.039677975848188614,0.9021526418786693,-0.051440329218107,0.9119683481701286,-0.04604242110708743,0.9275653923541247,-0.037578288100208766,0.8873917228103946,-0.05966343702192759,0.9756613756613757,-0.012319228709159078,0.9514963880288958,-0.024854574299312534,1.0199115044247788,0.009857612267250822,1.0371203599550056,0.018221976808393152,1.1041916167664672,0.04951622083096187,0.8698630136986302,-0.0695970695970696,0.8793273986152325,-0.06421052631578947,0.8943661971830986,-0.055762081784386616,0.8556304138594802,-0.07780082987551867,0.9407407407407408,-0.030534351145038167,0.9174406604747162,-0.04305705059203445,0.9834070796460177,-0.008365867261572783,0.9642082429501084,-0.018221976808393152,1.0646706586826347,0.031322505800464036,0.8170254403131115,-0.10070005385029618,0.8259149357072205,-0.09534127843986999,0.8400402414486922,-0.08693275013668672,0.8036573628488932,-0.10885805763073639,0.8835978835978836,-0.06179775280898876,0.8617131062951496,-0.07427937915742794,0.9236725663716814,-0.039677975848188614,0.9056399132321041,-0.04951622083096187,0.9392575928008999,-0.031322505800464036
4.6,45,36,139,96,67,73,62,63,53,50,1.4479166666666667,0.1829787234042553,2.074626865671642,0.34951456310679613,1.904109589041096,0.3113207547169811,2.2419354838709675,0.38308457711442784,2.2063492063492065,0.37623762376237624,2.6226415094339623,0.4479166666666667,2.78,0.4708994708994709,3.088888888888889,0.5108695652173914,3.861111111111111,0.5885714285714285,0.6906474820143885,-0.1829787234042553,1.4328358208955223,0.17791411042944785,1.3150684931506849,0.13609467455621302,1.5483870967741935,0.21518987341772153,1.5238095238095237,0.20754716981132076,1.8113207547169812,0.28859060402684567,1.92,0.3150684931506849,2.1333333333333333,0.3617021276595745,2.6666666666666665,0.45454545454545453,0.48201438848920863,-0.34951456310679613,0.6979166666666666,-0.17791411042944785,0.9178082191780822,-0.04285714285714286,1.0806451612903225,0.03875968992248062,1.0634920634920635,0.03076923076923077,1.2641509433962264,0.11666666666666667,1.34,0.1452991452991453,1.488888888888889,0.19642857142857142,1.8611111111111112,0.30097087378640774,0.5251798561151079,-0.3113207547169811,0.7604166666666666,-0.13609467455621302,1.0895522388059702,0.04285714285714286,1.1774193548387097,0.08148148148148149,1.1587301587301588,0.07352941176470588,1.3773584905660377,0.15873015873015872,1.46,0.18699186991869918,1.6222222222222222,0.23728813559322035,2.0277777777777777,0.3394495412844037,0.4460431654676259,-0.38308457711442784,0.6458333333333334,-0.21518987341772153,0.9253731343283582,-0.03875968992248062,0.8493150684931506,-0.08148148148148149,0.9841269841269841,-0.008,1.169811320754717,0.0782608695652174,1.24,0.10714285714285714,1.3777777777777778,0.1588785046728972,1.7222222222222223,0.2653061224489796,0.45323741007194246,-0.37623762376237624,0.65625,-0.20754716981132076,0.9402985074626866,-0.03076923076923077,0.863013698630137,-0.07352941176470588,1.0161290322580645,0.008,1.1886792452830188,0.08620689655172414,1.26,0.11504424778761062,1.4,0.16666666666666666,1.75,0.2727272727272727,0.381294964028777,-0.4479166666666667,0.5520833333333334,-0.28859060402684567,0.7910447761194029,-0.11666666666666667,0.726027397260274,-0.15873015873015872,0.8548387096774194,-0.0782608695652174,0.8412698412698413,-0.08620689655172414,1.06,0.02912621359223301,1.1777777777777778,0.08163265306122448,1.4722222222222223,0.19101123595505617,0.3597122302158273,-0.4708994708994709,0.5208333333333334,-0.3150684931506849,0.746268656716418,-0.1452991452991453,0.684931506849315,-0.18699186991869918,0.8064516129032258,-0.10714285714285714,0.7936507936507936,-0.11504424778761062,0.9433962264150944,-0.02912621359223301,1.1111111111111112,0.05263157894736842,1.3888888888888888,0.16279069767441862,0.3237410071942446,-0.5108695652173914,0.46875,-0.3617021276595745,0.6716417910447762,-0.19642857142857142,0.6164383561643836,-0.23728813559322035,0.7258064516129032,-0.1588785046728972,0.7142857142857143,-0.16666666666666666,0.8490566037735849,-0.08163265306122448,0.9,-0.05263157894736842,1.25,0.1111111111111111,0.2589928057553957,-0.5885714285714285,0.375,-0.45454545454545453,0.5373134328358209,-0.30097087378640774,0.4931506849315068,-0.3394495412844037,0.5806451612903226,-0.2653061224489796,0.5714285714285714,-0.2727272727272727,0.6792452830188679,-0.19101123595505617,0.72,-0.16279069767441862,0.8,-0.1111111111111111
3.07,45,36,139,96,67,73,62,63,53,50,1.4479166666666667,0.1829787234042553,2.074626865671642,0.34951456310679613,1.904109589041096,0.3113207547169811,2.2419354838709675,0.38308457711442784,2.2063492063492065,0.37623762376237624,2.6226415094339623,0.4479166666666667,2.78,0.4708994708994709,3.088888888888889,0.5108695652173914,3.861111111111111,0.5885714285714285,0.6906474820143885,-0.1829787234042553,1.4328358208955223,0.17791411042944785,1.3150684931506849,0.13609467455621302,1.5483870967741935,0.21518987341772153,1.5238095238095237,0.20754716981132076,1.8113207547169812,0.28859060402684567,1.92,0.3150684931506849,2.1333333333333333,0.3617021276595745,2.6666666666666665,0.45454545454545453,0.48201438848920863,-0.34951456310679613,0.6979166666666666,-0.17791411042944785,0.9178082191780822,-0.04285714285714286,1.0806451612903225,0.03875968992248062,1.0634920634920635,0.03076923076923077,1.2641509433962264,0.11666666666666667,1.34,0.1452991452991453,1.488888888888889,0.19642857142857142,1.8611111111111112,0.30097087378640774,0.5251798561151079,-0.3113207547169811,0.7604166666666666,-0.13609467455621302,1.0895522388059702,0.04285714285714286,1.1774193548387097,0.08148148148148149,1.1587301587301588,0.07352941176470588,1.3773584905660377,0.15873015873015872,1.46,0.18699186991869918,1.6222222222222222,0.23728813559322035,2.0277777777777777,0.3394495412844037,0.4460431654676259,-0.38308457711442784,0.6458333333333334,-0.21518987341772153,0.9253731343283582,-0.03875968992248062,0.8493150684931506,-0.08148148148148149,0.9841269841269841,-0.008,1.169811320754717,0.0782608695652174,1.24,0.10714285714285714,1.3777777777777778,0.1588785046728972,1.7222222222222223,0.2653061224489796,0.45323741007194246,-0.37623762376237624,0.65625,-0.20754716981132076,0.9402985074626866,-0.03076923076923077,0.863013698630137,-0.07352941176470588,1.0161290322580645,0.008,1.1886792452830188,0.08620689655172414,1.26,0.11504424778761062,1.4,0.16666666666666666,1.75,0.2727272727272727,0.381294964028777,-0.4479166666666667,0.5520833333333334,-0.28859060402684567,0.7910447761194029,-0.11666666666666667,0.726027397260274,-0.15873015873015872,0.8548387096774194,-0.0782608695652174,0.8412698412698413,-0.08620689655172414,1.06,0.02912621359223301,1.1777777777777778,0.08163265306122448,1.4722222222222223,0.19101123595505617,0.3597122302158273,-0.4708994708994709,0.5208333333333334,-0.3150684931506849,0.746268656716418,-0.1452991452991453,0.684931506849315,-0.18699186991869918,0.8064516129032258,-0.10714285714285714,0.7936507936507936,-0.11504424778761062,0.9433962264150944,-0.02912621359223301,1.1111111111111112,0.05263157894736842,1.3888888888888888,0.16279069767441862,0.3237410071942446,-0.5108695652173914,0.46875,-0.3617021276595745,0.6716417910447762,-0.19642857142857142,0.6164383561643836,-0.23728813559322035,0.7258064516129032,-0.1588785046728972,0.7142857142857143,-0.16666666666666666,0.8490566037735849,-0.08163265306122448,0.9,-0.05263157894736842,1.25,0.1111111111111111,0.2589928057553957,-0.5885714285714285,0.375,-0.45454545454545453,0.5373134328358209,-0.30097087378640774,0.4931506849315068,-0.3394495412844037,0.5806451612903226,-0.2653061224489796,0.5714285714285714,-0.2727272727272727,0.6792452830188679,-0.19101123595505617,0.72,-0.16279069767441862,0.8,-0.1111111111111111
4.02,18,33,105,68,41,43,30,30,21,26,1.5441176470588236,0.2138728323699422,2.5609756097560976,0.4383561643835616,2.441860465116279,0.4189189189189189,3.5,0.5555555555555556,3.5,0.5555555555555556,5.0,0.6666666666666666,4.038461538461538,0.6030534351145038,5.833333333333333,0.7073170731707317,3.1818181818181817,0.5217391304347826,0.6476190476190476,-0.2138728323699422,1.6585365853658536,0.24770642201834864,1.5813953488372092,0.22522522522522523,2.2666666666666666,0.3877551020408163,2.2666666666666666,0.3877551020408163,3.238095238095238,0.5280898876404494,2.6153846153846154,0.44680851063829785,3.7777777777777777,0.5813953488372093,2.0606060606060606,0.3465346534653465,0.3904761904761905,-0.4383561643835616,0.6029411764705882,-0.24770642201834864,0.9534883720930233,-0.023809523809523808,1.3666666666666667,0.15492957746478872,1.3666666666666667,0.15492957746478872,1.9523809523809523,0.3225806451612903,1.5769230769230769,0.22388059701492538,2.2777777777777777,0.3898305084745763,1.2424242424242424,0.10810810810810811,0.4095238095238095,-0.4189189189189189,0.6323529411764706,-0.22522522522522523,1.048780487804878,0.023809523809523808,1.4333333333333333,0.1780821917808219,1.4333333333333333,0.1780821917808219,2.0476190476190474,0.34375,1.6538461538461537,0.2463768115942029,2.388888888888889,0.4098360655737705,1.303030303030303,0.13157894736842105,0.2857142857142857,-0.5555555555555556,0.4411764705882353,-0.3877551020408163,0.7317073170731707,-0.15492957746478872,0.6976744186046512,-0.1780821917808219,1.0,0.0,1.4285714285714286,0.17647058823529413,1.1538461538461537,0.07142857142857142,1.6666666666666667,0.25,0.9090909090909091,-0.047619047619047616,0.2857142857142857,-0.5555555555555556,0.4411764705882353,-0.3877551020408163,0.7317073170731707,-0.15492957746478872,0.6976744186046512,-0.1780821917808219,1.0,0.0,1.4285714285714286,0.17647058823529413,1.1538461538461537,0.07142857142857142,1.6666666666666667,0.25,0.9090909090909091,-0.047619047619047616,0.2,-0.6666666666666666,0.3088235294117647,-0.5280898876404494,0.5121951219512195,-0.3225806451612903,0.4883720930232558,-0.34375,0.7,-0.17647058823529413,0.7,-0.17647058823529413,0.8076923076923077,-0.10638297872340426,1.1666666666666667,0.07692307692307693,0.6363636363636364,-0.2222222222222222,0.24761904761904763,-0.6030534351145038,0.38235294117647056,-0.44680851063829785,0.6341463414634146,-0.22388059701492538,0.6046511627906976,-0.2463768115942029,0.8666666666666667,-0.07142857142857142,0.8666666666666667,-0.07142857142857142,1.2380952380952381,0.10638297872340426,1.4444444444444444,0.18181818181818182,0.7878787878787878,-0.11864406779661017,0.17142857142857143,-0.7073170731707317,0.2647058823529412,-0.5813953488372093,0.43902439024390244,-0.3898305084745763,0.4186046511627907,-0.4098360655737705,0.6,-0.25,0.6,-0.25,0.8571428571428571,-0.07692307692307693,0.6923076923076923,-0.18181818181818182,0.5454545454545454,-0.29411764705882354,0.3142857142857143,-0.5217391304347826,0.4852941176470588,-0.3465346534653465,0.8048780487804879,-0.10810810810810811,0.7674418604651163,-0.13157894736842105,1.1,0.047619047619047616,1.1,0.047619047619047616,1.5714285714285714,0.2222222222222222,1.2692307692307692,0.11864406779661017,1.8333333333333333,0.29411764705882354
3.01,569,547,586,599,576,645,598,641,548,596,0.9782971619365609,-0.010970464135021098,1.0173611111111112,0.008605851979345954,0.9085271317829458,-0.0479285134037368,0.979933110367893,-0.010135135135135136,0.9141965678627145,-0.04482477587612062,1.0693430656934306,0.03350970017636684,0.9832214765100671,-0.008460236886632826,1.0298769771528997,0.01471861471861472,1.0712979890310785,0.03442188879082083,1.022184300341297,0.010970464135021098,1.0399305555555556,0.01957446808510638,0.9286821705426357,-0.03697749196141479,1.0016722408026757,0.000835421888053467,0.9344773790951638,-0.03387096774193549,1.0930656934306568,0.044463818657367045,1.00503355704698,0.002510460251046025,1.0527240773286468,0.025684931506849314,1.0950639853747715,0.04537521815008726,0.9829351535836177,-0.008605851979345954,0.9616026711185309,-0.01957446808510638,0.8930232558139535,-0.056511056511056514,0.9632107023411371,-0.018739352640545145,0.8985959438377535,-0.05341002465078061,1.051094890510949,0.02491103202846975,0.9664429530201343,-0.017064846416382253,1.0123022847100176,0.00611353711790393,1.053016453382084,0.025823686553873553,1.1006825938566553,0.0479285134037368,1.0767946577629381,0.03697749196141479,1.1197916666666667,0.056511056511056514,1.0785953177257526,0.03781174577634755,1.0062402496099845,0.003110419906687403,1.177007299270073,0.08130762782900251,1.082214765100671,0.0394842868654311,1.133567662565905,0.06260296540362438,1.1791590493601463,0.08221476510067115,1.0204778156996588,0.010135135135135136,0.998330550918197,-0.000835421888053467,1.0381944444444444,0.018739352640545145,0.9271317829457364,-0.03781174577634755,0.9329173166926678,-0.03470540758676352,1.0912408759124088,0.04363001745200698,1.0033557046979866,0.0016750418760469012,1.0509666080843585,0.024850042844901457,1.093235831809872,0.0445414847161572,1.0938566552901023,0.04482477587612062,1.0701168614357262,0.03387096774193549,1.1128472222222223,0.05341002465078061,0.993798449612403,-0.003110419906687403,1.0719063545150502,0.03470540758676352,1.1697080291970803,0.0782169890664424,1.075503355704698,0.03637833468067906,1.1265377855887522,0.05950413223140496,1.1718464351005484,0.07912457912457913,0.9351535836177475,-0.03350970017636684,0.9148580968280468,-0.044463818657367045,0.9513888888888888,-0.02491103202846975,0.8496124031007752,-0.08130762782900251,0.9163879598662207,-0.04363001745200698,0.8549141965678627,-0.0782169890664424,0.9194630872483222,-0.04195804195804196,0.9630931458699473,-0.018800358102059087,1.0018281535648994,0.0009132420091324201,1.0170648464163823,0.008460236886632826,0.994991652754591,-0.002510460251046025,1.0347222222222223,0.017064846416382253,0.924031007751938,-0.0394842868654311,0.9966555183946488,-0.0016750418760469012,0.9297971918876755,-0.03637833468067906,1.0875912408759123,0.04195804195804196,1.047451669595782,0.02317596566523605,1.089579524680073,0.04286964129483815,0.9709897610921502,-0.01471861471861472,0.9499165275459098,-0.025684931506849314,0.9878472222222222,-0.00611353711790393,0.8821705426356589,-0.06260296540362438,0.9515050167224081,-0.024850042844901457,0.8876755070202809,-0.05950413223140496,1.0383211678832116,0.018800358102059087,0.9546979865771812,-0.02317596566523605,1.040219378427788,0.01971326164874552,0.9334470989761092,-0.03442188879082083,0.9131886477462438,-0.04537521815008726,0.9496527777777778,-0.025823686553873553,0.8480620155038759,-0.08221476510067115,0.9147157190635451,-0.0445414847161572,0.8533541341653667,-0.07912457912457913,0.9981751824817519,-0.0009132420091324201,0.9177852348993288,-0.04286964129483815,0.961335676625659,-0.01971326164874552
3.1,569,547,586,599,576,645,598,641,548,596,0.9782971619365609,-0.010970464135021098,1.0173611111111112,0.008605851979345954,0.9085271317829458,-0.0479285134037368,0.979933110367893,-0.010135135135135136,0.9141965678627145,-0.04482477587612062,1.0693430656934306,0.03350970017636684,0.9832214765100671,-0.008460236886632826,1.0298769771528997,0.01471861471861472,1.0712979890310785,0.03442188879082083,1.022184300341297,0.010970464135021098,1.0399305555555556,0.01957446808510638,0.9286821705426357,-0.03697749196141479,1.0016722408026757,0.000835421888053467,0.9344773790951638,-0.03387096774193549,1.0930656934306568,0.044463818657367045,1.00503355704698,0.002510460251046025,1.0527240773286468,0.025684931506849314,1.0950639853747715,0.04537521815008726,0.9829351535836177,-0.008605851979345954,0.9616026711185309,-0.01957446808510638,0.8930232558139535,-0.056511056511056514,0.9632107023411371,-0.018739352640545145,0.8985959438377535,-0.05341002465078061,1.051094890510949,0.02491103202846975,0.9664429530201343,-0.017064846416382253,1.0123022847100176,0.00611353711790393,1.053016453382084,0.025823686553873553,1.1006825938566553,0.0479285134037368,1.0767946577629381,0.03697749196141479,1.1197916666666667,0.056511056511056514,1.0785953177257526,0.03781174577634755,1.0062402496099845,0.003110419906687403,1.177007299270073,0.08130762782900251,1.082214765100671,0.0394842868654311,1.133567662565905,0.06260296540362438,1.1791590493601463,0.08221476510067115,1.0204778156996588,0.010135135135135136,0.998330550918197,-0.000835421888053467,1.0381944444444444,0.018739352640545145,0.9271317829457364,-0.03781174577634755,0.9329173166926678,-0.03470540758676352,1.0912408759124088,0.04363001745200698,1.0033557046979866,0.0016750418760469012,1.0509666080843585,0.024850042844901457,1.093235831809872,0.0445414847161572,1.0938566552901023,0.04482477587612062,1.0701168614357262,0.03387096774193549,1.1128472222222223,0.05341002465078061,0.993798449612403,-0.003110419906687403,1.0719063545150502,0.03470540758676352,1.1697080291970803,0.0782169890664424,1.075503355704698,0.03637833468067906,1.1265377855887522,0.05950413223140496,1.1718464351005484,0.07912457912457913,0.9351535836177475,-0.03350970017636684,0.9148580968280468,-0.044463818657367045,0.9513888888888888,-0.02491103202846975,0.8496124031007752,-0.08130762782900251,0.9163879598662207,-0.04363001745200698,0.8549141965678627,-0.0782169890664424,0.9194630872483222,-0.04195804195804196,0.9630931458699473,-0.018800358102059087,1.0018281535648994,0.0009132420091324201,1.0170648464163823,0.008460236886632826,0.994991652754591,-0.002510460251046025,1.0347222222222223,0.017064846416382253,0.924031007751938,-0.0394842868654311,0.9966555183946488,-0.0016750418760469012,0.9297971918876755,-0.03637833468067906,1.0875912408759123,0.04195804195804196,1.047451669595782,0.02317596566523605,1.089579524680073,0.04286964129483815,0.9709897610921502,-0.01471861471861472,0.9499165275459098,-0.025684931506849314,0.9878472222222222,-0.00611353711790393,0.8821705426356589,-0.06260296540362438,0.9515050167224081,-0.024850042844901457,0.8876755070202809,-0.05950413223140496,1.0383211678832116,0.018800358102059087,0.9546979865771812,-0.02317596566523605,1.040219378427788,0.01971326164874552,0.9334470989761092,-0.03442188879082083,0.9131886477462438,-0.04537521815008726,0.9496527777777778,-0.025823686553873553,0.8480620155038759,-0.08221476510067115,0.9147157190635451,-0.0445414847161572,0.8533541341653667,-0.07912457912457913,0.9981751824817519,-0.0009132420091324201,0.9177852348993288,-0.04286964129483815,0.961335676625659,-0.01971326164874552
3.25,14,23,122,85,54,50,26,30,17,13,1.4352941176470588,0.178743961352657,2.259259259259259,0.38636363636363635,2.44,0.4186046511627907,4.6923076923076925,0.6486486486486487,4.066666666666666,0.6052631578947368,7.176470588235294,0.7553956834532374,9.384615384615385,0.8074074074074075,8.714285714285714,0.7941176470588235,5.304347826086956,0.6827586206896552,0.6967213114754098,-0.178743961352657,1.5740740740740742,0.22302158273381295,1.7,0.25925925925925924,3.269230769230769,0.5315315315315315,2.8333333333333335,0.4782608695652174,5.0,0.6666666666666666,6.538461538461538,0.7346938775510204,6.071428571428571,0.7171717171717171,3.6956521739130435,0.5740740740740741,0.4426229508196721,-0.38636363636363635,0.6352941176470588,-0.22302158273381295,1.08,0.038461538461538464,2.076923076923077,0.35,1.8,0.2857142857142857,3.176470588235294,0.5211267605633803,4.153846153846154,0.6119402985074627,3.857142857142857,0.5882352941176471,2.347826086956522,0.4025974025974026,0.4098360655737705,-0.4186046511627907,0.5882352941176471,-0.25925925925925924,0.9259259259259259,-0.038461538461538464,1.9230769230769231,0.3157894736842105,1.6666666666666667,0.25,2.9411764705882355,0.4925373134328358,3.8461538461538463,0.5873015873015873,3.5714285714285716,0.5625,2.1739130434782608,0.3698630136986301,0.21311475409836064,-0.6486486486486487,0.3058823529411765,-0.5315315315315315,0.48148148148148145,-0.35,0.52,-0.3157894736842105,0.8666666666666667,-0.07142857142857142,1.5294117647058822,0.20930232558139536,2.0,0.3333333333333333,1.8571428571428572,0.3,1.1304347826086956,0.061224489795918366,0.2459016393442623,-0.6052631578947368,0.35294117647058826,-0.4782608695652174,0.5555555555555556,-0.2857142857142857,0.6,-0.25,1.1538461538461537,0.07142857142857142,1.7647058823529411,0.2765957446808511,2.3076923076923075,0.3953488372093023,2.142857142857143,0.36363636363636365,1.3043478260869565,0.1320754716981132,0.13934426229508196,-0.7553956834532374,0.2,-0.6666666666666666,0.3148148148148148,-0.5211267605633803,0.34,-0.4925373134328358,0.6538461538461539,-0.20930232558139536,0.5666666666666667,-0.2765957446808511,1.3076923076923077,0.13333333333333333,1.2142857142857142,0.0967741935483871,0.7391304347826086,-0.15,0.10655737704918032,-0.8074074074074075,0.15294117647058825,-0.7346938775510204,0.24074074074074073,-0.6119402985074627,0.26,-0.5873015873015873,0.5,-0.3333333333333333,0.43333333333333335,-0.3953488372093023,0.7647058823529411,-0.13333333333333333,0.9285714285714286,-0.037037037037037035,0.5652173913043478,-0.2777777777777778,0.11475409836065574,-0.7941176470588235,0.16470588235294117,-0.7171717171717171,0.25925925925925924,-0.5882352941176471,0.28,-0.5625,0.5384615384615384,-0.3,0.4666666666666667,-0.36363636363636365,0.8235294117647058,-0.0967741935483871,1.0769230769230769,0.037037037037037035,0.6086956521739131,-0.24324324324324326,0.1885245901639344,-0.6827586206896552,0.27058823529411763,-0.5740740740740741,0.42592592592592593,-0.4025974025974026,0.46,-0.3698630136986301,0.8846153846153846,-0.061224489795918366,0.7666666666666667,-0.1320754716981132,1.3529411764705883,0.15,1.7692307692307692,0.2777777777777778,1.6428571428571428,0.24324324324324326
3.23,14,23,122,85,54,50,26,30,17,13,1.4352941176470588,0.178743961352657,2.259259259259259,0.38636363636363635,2.44,0.4186046511627907,4.6923076923076925,0.6486486486486487,4.066666666666666,0.6052631578947368,7.176470588235294,0.7553956834532374,9.384615384615385,0.8074074074074075,8.714285714285714,0.7941176470588235,5.304347826086956,0.6827586206896552,0.6967213114754098,-0.178743961352657,1.5740740740740742,0.22302158273381295,1.7,0.25925925925925924,3.269230769230769,0.5315315315315315,2.8333333333333335,0.4782608695652174,5.0,0.6666666666666666,6.538461538461538,0.7346938775510204,6.071428571428571,0.7171717171717171,3.6956521739130435,0.5740740740740741,0.4426229508196721,-0.38636363636363635,0.6352941176470588,-0.22302158273381295,1.08,0.038461538461538464,2.076923076923077,0.35,1.8,0.2857142857142857,3.176470588235294,0.5211267605633803,4.153846153846154,0.6119402985074627,3.857142857142857,0.5882352941176471,2.347826086956522,0.4025974025974026,0.4098360655737705,-0.4186046511627907,0.5882352941176471,-0.25925925925925924,0.9259259259259259,-0.038461538461538464,1.9230769230769231,0.3157894736842105,1.6666666666666667,0.25,2.9411764705882355,0.4925373134328358,3.8461538461538463,0.5873015873015873,3.5714285714285716,0.5625,2.1739130434782608,0.3698630136986301,0.21311475409836064,-0.6486486486486487,0.3058823529411765,-0.5315315315315315,0.48148148148148145,-0.35,0.52,-0.3157894736842105,0.8666666666666667,-0.07142857142857142,1.5294117647058822,0.20930232558139536,2.0,0.3333333333333333,1.8571428571428572,0.3,1.1304347826086956,0.061224489795918366,0.2459016393442623,-0.6052631578947368,0.35294117647058826,-0.4782608695652174,0.5555555555555556,-0.2857142857142857,0.6,-0.25,1.1538461538461537,0.07142857142857142,1.7647058823529411,0.2765957446808511,2.3076923076923075,0.3953488372093023,2.142857142857143,0.36363636363636365,1.3043478260869565,0.1320754716981132,0.13934426229508196,-0.7553956834532374,0.2,-0.6666666666666666,0.3148148148148148,-0.5211267605633803,0.34,-0.4925373134328358,0.6538461538461539,-0.20930232558139536,0.5666666666666667,-0.2765957446808511,1.3076923076923077,0.13333333333333333,1.2142857142857142,0.0967741935483871,0.7391304347826086,-0.15,0.10655737704918032,-0.8074074074074075,0.15294117647058825,-0.7346938775510204,0.24074074074074073,-0.6119402985074627,0.26,-0.5873015873015873,0.5,-0.3333333333333333,0.43333333333333335,-0.3953488372093023,0.7647058823529411,-0.13333333333333333,0.9285714285714286,-0.037037037037037035,0.5652173913043478,-0.2777777777777778,0.11475409836065574,-0.7941176470588235,0.16470588235294117,-0.7171717171717171,0.25925925925925924,-0.5882352941176471,0.28,-0.5625,0.5384615384615384,-0.3,0.4666666666666667,-0.36363636363636365,0.8235294117647058,-0.0967741935483871,1.0769230769230769,0.037037037037037035,0.6086956521739131,-0.24324324324324326,0.1885245901639344,-0.6827586206896552,0.27058823529411763,-0.5740740740740741,0.42592592592592593,-0.4025974025974026,0.46,-0.3698630136986301,0.8846153846153846,-0.061224489795918366,0.7666666666666667,-0.1320754716981132,1.3529411764705883,0.15,1.7692307692307692,0.2777777777777778,1.6428571428571428,0.24324324324324326
3.16,53,72,55,58,50,55,60,49,43,50,0.9482758620689655,-0.02654867256637168,1.1,0.047619047619047616,1.0,0.0,0.9166666666666666,-0.043478260869565216,1.1224489795918366,0.057692307692307696,1.2790697674418605,0.12244897959183673,1.1,0.047619047619047616,1.0377358490566038,0.018518518518518517,0.7638888888888888,-0.13385826771653545,1.0545454545454545,0.02654867256637168,1.16,0.07407407407407407,1.0545454545454545,0.02654867256637168,0.9666666666666667,-0.01694915254237288,1.183673469387755,0.08411214953271028,1.3488372093023255,0.1485148514851485,1.16,0.07407407407407407,1.0943396226415094,0.04504504504504504,0.8055555555555556,-0.1076923076923077,0.9090909090909091,-0.047619047619047616,0.8620689655172413,-0.07407407407407407,0.9090909090909091,-0.047619047619047616,0.8333333333333334,-0.09090909090909091,1.0204081632653061,0.010101010101010102,1.1627906976744187,0.07526881720430108,1.0,0.0,0.9433962264150944,-0.02912621359223301,0.6944444444444444,-0.18032786885245902,1.0,0.0,0.9482758620689655,-0.02654867256637168,1.1,0.047619047619047616,0.9166666666666666,-0.043478260869565216,1.1224489795918366,0.057692307692307696,1.2790697674418605,0.12244897959183673,1.1,0.047619047619047616,1.0377358490566038,0.018518518518518517,0.7638888888888888,-0.13385826771653545,1.0909090909090908,0.043478260869565216,1.0344827586206897,0.01694915254237288,1.2,0.09090909090909091,1.0909090909090908,0.043478260869565216,1.2244897959183674,0.10091743119266056,1.3953488372093024,0.1650485436893204,1.2,0.09090909090909091,1.1320754716981132,0.061946902654867256,0.8333333333333334,-0.09090909090909091,0.8909090909090909,-0.057692307692307696,0.8448275862068966,-0.08411214953271028,0.98,-0.010101010101010102,0.8909090909090909,-0.057692307692307696,0.8166666666666667,-0.10091743119266056,1.1395348837209303,0.06521739130434782,0.98,-0.010101010101010102,0.9245283018867925,-0.0392156862745098,0.6805555555555556,-0.19008264462809918,0.7818181818181819,-0.12244897959183673,0.7413793103448276,-0.1485148514851485,0.86,-0.07526881720430108,0.7818181818181819,-0.12244897959183673,0.7166666666666667,-0.1650485436893204,0.8775510204081632,-0.06521739130434782,0.86,-0.07526881720430108,0.8113207547169812,-0.10416666666666667,0.5972222222222222,-0.25217391304347825,0.9090909090909091,-0.047619047619047616,0.8620689655172413,-0.07407407407407407,1.0,0.0,0.9090909090909091,-0.047619047619047616,0.8333333333333334,-0.09090909090909091,1.0204081632653061,0.010101010101010102,1.1627906976744187,0.07526881720430108,0.9433962264150944,-0.02912621359223301,0.6944444444444444,-0.18032786885245902,0.9636363636363636,-0.018518518518518517,0.9137931034482759,-0.04504504504504504,1.06,0.02912621359223301,0.9636363636363636,-0.018518518518518517,0.8833333333333333,-0.061946902654867256,1.0816326530612246,0.0392156862745098,1.2325581395348837,0.10416666666666667,1.06,0.02912621359223301,0.7361111111111112,-0.152,1.309090909090909,0.13385826771653545,1.2413793103448276,0.1076923076923077,1.44,0.18032786885245902,1.309090909090909,0.13385826771653545,1.2,0.09090909090909091,1.469387755102041,0.19008264462809918,1.6744186046511629,0.25217391304347825,1.44,0.18032786885245902,1.3584905660377358,0.152
3.15,53,72,55,58,50,55,60,49,43,50,0.9482758620689655,-0.02654867256637168,1.1,0.047619047619047616,1.0,0.0,0.9166666666666666,-0.043478260869565216,1.1224489795918366,0.057692307692307696,1.2790697674418605,0.12244897959183673,1.1,0.047619047619047616,1.0377358490566038,0.018518518518518517,0.7638888888888888,-0.13385826771653545,1.0545454545454545,0.02654867256637168,1.16,0.07407407407407407,1.0545454545454545,0.02654867256637168,0.9666666666666667,-0.01694915254237288,1.183673469387755,0.08411214953271028,1.3488372093023255,0.1485148514851485,1.16,0.07407407407407407,1.0943396226415094,0.04504504504504504,0.8055555555555556,-0.1076923076923077,0.9090909090909091,-0.047619047619047616,0.8620689655172413,-0.07407407407407407,0.9090909090909091,-0.047619047619047616,0.8333333333333334,-0.09090909090909091,1.0204081632653061,0.010101010101010102,1.1627906976744187,0.07526881720430108,1.0,0.0,0.9433962264150944,-0.02912621359223301,0.6944444444444444,-0.18032786885245902,1.0,0.0,0.9482758620689655,-0.02654867256637168,1.1,0.047619047619047616,0.9166666666666666,-0.043478260869565216,1.1224489795918366,0.057692307692307696,1.2790697674418605,0.12244897959183673,1.1,0.047619047619047616,1.0377358490566038,0.018518518518518517,0.7638888888888888,-0.13385826771653545,1.0909090909090908,0.043478260869565216,1.0344827586206897,0.01694915254237288,1.2,0.09090909090909091,1.0909090909090908,0.043478260869565216,1.2244897959183674,0.10091743119266056,1.3953488372093024,0.1650485436893204,1.2,0.09090909090909091,1.1320754716981132,0.061946902654867256,0.8333333333333334,-0.09090909090909091,0.8909090909090909,-0.057692307692307696,0.8448275862068966,-0.08411214953271028,0.98,-0.010101010101010102,0.8909090909090909,-0.057692307692307696,0.8166666666666667,-0.10091743119266056,1.1395348837209303,0.06521739130434782,0.98,-0.010101010101010102,0.9245283018867925,-0.0392156862745098,0.6805555555555556,-0.19008264462809918,0.7818181818181819,-0.12244897959183673,0.7413793103448276,-0.1485148514851485,0.86,-0.07526881720430108,0.7818181818181819,-0.12244897959183673,0.7166666666666667,-0.1650485436893204,0.8775510204081632,-0.06521739130434782,0.86,-0.07526881720430108,0.8113207547169812,-0.10416666666666667,0.5972222222222222,-0.25217391304347825,0.9090909090909091,-0.047619047619047616,0.8620689655172413,-0.07407407407407407,1.0,0.0,0.9090909090909091,-0.047619047619047616,0.8333333333333334,-0.09090909090909091,1.0204081632653061,0.010101010101010102,1.1627906976744187,0.07526881720430108,0.9433962264150944,-0.02912621359223301,0.6944444444444444,-0.18032786885245902,0.9636363636363636,-0.018518518518518517,0.9137931034482759,-0.04504504504504504,1.06,0.02912621359223301,0.9636363636363636,-0.018518518518518517,0.8833333333333333,-0.061946902654867256,1.0816326530612246,0.0392156862745098,1.2325581395348837,0.10416666666666667,1.06,0.02912621359223301,0.7361111111111112,-0.152,1.309090909090909,0.13385826771653545,1.2413793103448276,0.1076923076923077,1.44,0.18032786885245902,1.309090909090909,0.13385826771653545,1.2,0.09090909090909091,1.469387755102041,0.19008264462809918,1.6744186046511629,0.25217391304347825,1.44,0.18032786885245902,1.3584905660377358,0.152
2.6,27,36,35,28,28,28,17,37,17,23,1.25,0.1111111111111111,1.25,0.1111111111111111,1.25,0.1111111111111111,2.0588235294117645,0.34615384615384615,0.9459459459459459,-0.027777777777777776,2.0588235294117645,0.34615384615384615,1.5217391304347827,0.20689655172413793,1.2962962962962963,0.12903225806451613,0.9722222222222222,-0.014084507042253521,0.8,-0.1111111111111111,1.0,0.0,1.0,0.0,1.6470588235294117,0.24444444444444444,0.7567567567567568,-0.13846153846153847,1.6470588235294117,0.24444444444444444,1.2173913043478262,0.09803921568627451,1.037037037037037,0.01818181818181818,0.7777777777777778,-0.125,0.8,-0.1111111111111111,1.0,0.0,1.0,0.0,1.6470588235294117,0.24444444444444444,0.7567567567567568,-0.13846153846153847,1.6470588235294117,0.24444444444444444,1.2173913043478262,0.09803921568627451,1.037037037037037,0.01818181818181818,0.7777777777777778,-0.125,0.8,-0.1111111111111111,1.0,0.0,1.0,0.0,1.6470588235294117,0.24444444444444444,0.7567567567567568,-0.13846153846153847,1.6470588235294117,0.24444444444444444,1.2173913043478262,0.09803921568627451,1.037037037037037,0.01818181818181818,0.7777777777777778,-0.125,0.4857142857142857,-0.34615384615384615,0.6071428571428571,-0.24444444444444444,0.6071428571428571,-0.24444444444444444,0.6071428571428571,-0.24444444444444444,0.4594594594594595,-0.37037037037037035,1.0,0.0,0.7391304347826086,-0.15,0.6296296296296297,-0.22727272727272727,0.4722222222222222,-0.3584905660377358,1.0571428571428572,0.027777777777777776,1.3214285714285714,0.13846153846153847,1.3214285714285714,0.13846153846153847,1.3214285714285714,0.13846153846153847,2.176470588235294,0.37037037037037035,2.176470588235294,0.37037037037037035,1.608695652173913,0.23333333333333334,1.3703703703703705,0.15625,1.0277777777777777,0.0136986301369863,0.4857142857142857,-0.34615384615384615,0.6071428571428571,-0.24444444444444444,0.6071428571428571,-0.24444444444444444,0.6071428571428571,-0.24444444444444444,1.0,0.0,0.4594594594594595,-0.37037037037037035,0.7391304347826086,-0.15,0.6296296296296297,-0.22727272727272727,0.4722222222222222,-0.3584905660377358,0.6571428571428571,-0.20689655172413793,0.8214285714285714,-0.09803921568627451,0.8214285714285714,-0.09803921568627451,0.8214285714285714,-0.09803921568627451,1.3529411764705883,0.15,0.6216216216216216,-0.23333333333333334,1.3529411764705883,0.15,0.8518518518518519,-0.08,0.6388888888888888,-0.22033898305084745,0.7714285714285715,-0.12903225806451613,0.9642857142857143,-0.01818181818181818,0.9642857142857143,-0.01818181818181818,0.9642857142857143,-0.01818181818181818,1.588235294117647,0.22727272727272727,0.7297297297297297,-0.15625,1.588235294117647,0.22727272727272727,1.173913043478261,0.08,0.75,-0.14285714285714285,1.0285714285714285,0.014084507042253521,1.2857142857142858,0.125,1.2857142857142858,0.125,1.2857142857142858,0.125,2.1176470588235294,0.3584905660377358,0.972972972972973,-0.0136986301369863,2.1176470588235294,0.3584905660377358,1.565217391304348,0.22033898305084745,1.3333333333333333,0.14285714285714285
2.62,27,36,35,28,28,28,17,37,17,23,1.25,0.1111111111111111,1.25,0.1111111111111111,1.25,0.1111111111111111,2.0588235294117645,0.34615384615384615,0.9459459459459459,-0.027777777777777776,2.0588235294117645,0.34615384615384615,1.5217391304347827,0.20689655172413793,1.2962962962962963,0.12903225806451613,0.9722222222222222,-0.014084507042253521,0.8,-0.1111111111111111,1.0,0.0,1.0,0.0,1.6470588235294117,0.24444444444444444,0.7567567567567568,-0.13846153846153847,1.6470588235294117,0.24444444444444444,1.2173913043478262,0.09803921568627451,1.037037037037037,0.01818181818181818,0.7777777777777778,-0.125,0.8,-0.1111111111111111,1.0,0.0,1.0,0.0,1.6470588235294117,0.24444444444444444,0.7567567567567568,-0.13846153846153847,1.6470588235294117,0.24444444444444444,1.2173913043478262,0.09803921568627451,1.037037037037037,0.01818181818181818,0.7777777777777778,-0.125,0.8,-0.1111111111111111,1.0,0.0,1.0,0.0,1.6470588235294117,0.24444444444444444,0.7567567567567568,-0.13846153846153847,1.6470588235294117,0.24444444444444444,1.2173913043478262,0.09803921568627451,1.037037037037037,0.01818181818181818,0.7777777777777778,-0.125,0.4857142857142857,-0.34615384615384615,0.6071428571428571,-0.24444444444444444,0.6071428571428571,-0.24444444444444444,0.6071428571428571,-0.24444444444444444,0.4594594594594595,-0.37037037037037035,1.0,0.0,0.7391304347826086,-0.15,0.6296296296296297,-0.22727272727272727,0.4722222222222222,-0.3584905660377358,1.0571428571428572,0.027777777777777776,1.3214285714285714,0.13846153846153847,1.3214285714285714,0.13846153846153847,1.3214285714285714,0.13846153846153847,2.176470588235294,0.37037037037037035,2.176470588235294,0.37037037037037035,1.608695652173913,0.23333333333333334,1.3703703703703705,0.15625,1.0277777777777777,0.0136986301369863,0.4857142857142857,-0.34615384615384615,0.6071428571428571,-0.24444444444444444,0.6071428571428571,-0.24444444444444444,0.6071428571428571,-0.24444444444444444,1.0,0.0,0.4594594594594595,-0.37037037037037035,0.7391304347826086,-0.15,0.6296296296296297,-0.22727272727272727,0.4722222222222222,-0.3584905660377358,0.6571428571428571,-0.20689655172413793,0.8214285714285714,-0.09803921568627451,0.8214285714285714,-0.09803921568627451,0.8214285714285714,-0.09803921568627451,1.3529411764705883,0.15,0.6216216216216216,-0.23333333333333334,1.3529411764705883,0.15,0.8518518518518519,-0.08,0.6388888888888888,-0.22033898305084745,0.7714285714285715,-0.12903225806451613,0.9642857142857143,-0.01818181818181818,0.9642857142857143,-0.01818181818181818,0.9642857142857143,-0.01818181818181818,1.588235294117647,0.22727272727272727,0.7297297297297297,-0.15625,1.588235294117647,0.22727272727272727,1.173913043478261,0.08,0.75,-0.14285714285714285,1.0285714285714285,0.014084507042253521,1.2857142857142858,0.125,1.2857142857142858,0.125,1.2857142857142858,0.125,2.1176470588235294,0.3584905660377358,0.972972972972973,-0.0136986301369863,2.1176470588235294,0.3584905660377358,1.565217391304348,0.22033898305084745,1.3333333333333333,0.14285714285714285
4.28,71,59,88,95,87,85,82,82,72,63,0.9263157894736842,-0.03825136612021858,1.0114942528735633,0.005714285714285714,1.035294117647059,0.017341040462427744,1.0731707317073171,0.03529411764705882,1.0731707317073171,0.03529411764705882,1.2222222222222223,0.1,1.3968253968253967,0.16556291390728478,1.2394366197183098,0.1069182389937107,1.4915254237288136,0.19727891156462585,1.0795454545454546,0.03825136612021858,1.0919540229885059,0.04395604395604396,1.1176470588235294,0.05555555555555555,1.1585365853658536,0.07344632768361582,1.1585365853658536,0.07344632768361582,1.3194444444444444,0.1377245508982036,1.507936507936508,0.20253164556962025,1.3380281690140845,0.14457831325301204,1.6101694915254237,0.23376623376623376,0.9886363636363636,-0.005714285714285714,0.9157894736842105,-0.04395604395604396,1.0235294117647058,0.011627906976744186,1.0609756097560976,0.029585798816568046,1.0609756097560976,0.029585798816568046,1.2083333333333333,0.09433962264150944,1.380952380952381,0.16,1.2253521126760563,0.10126582278481013,1.4745762711864407,0.1917808219178082,0.9659090909090909,-0.017341040462427744,0.8947368421052632,-0.05555555555555555,0.9770114942528736,-0.011627906976744186,1.0365853658536586,0.017964071856287425,1.0365853658536586,0.017964071856287425,1.1805555555555556,0.08280254777070063,1.3492063492063493,0.14864864864864866,1.1971830985915493,0.08974358974358974,1.4406779661016949,0.18055555555555555,0.9318181818181818,-0.03529411764705882,0.8631578947368421,-0.07344632768361582,0.9425287356321839,-0.029585798816568046,0.9647058823529412,-0.017964071856287425,1.0,0.0,1.1388888888888888,0.06493506493506493,1.3015873015873016,0.1310344827586207,1.1549295774647887,0.0718954248366013,1.3898305084745763,0.16312056737588654,0.9318181818181818,-0.03529411764705882,0.8631578947368421,-0.07344632768361582,0.9425287356321839,-0.029585798816568046,0.9647058823529412,-0.017964071856287425,1.0,0.0,1.1388888888888888,0.06493506493506493,1.3015873015873016,0.1310344827586207,1.1549295774647887,0.0718954248366013,1.3898305084745763,0.16312056737588654,0.8181818181818182,-0.1,0.7578947368421053,-0.1377245508982036,0.8275862068965517,-0.09433962264150944,0.8470588235294118,-0.08280254777070063,0.8780487804878049,-0.06493506493506493,0.8780487804878049,-0.06493506493506493,1.1428571428571428,0.06666666666666667,1.0140845070422535,0.006993006993006993,1.2203389830508475,0.09923664122137404,0.7159090909090909,-0.16556291390728478,0.6631578947368421,-0.20253164556962025,0.7241379310344828,-0.16,0.7411764705882353,-0.14864864864864866,0.7682926829268293,-0.1310344827586207,0.7682926829268293,-0.1310344827586207,0.875,-0.06666666666666667,0.8873239436619719,-0.05970149253731343,1.0677966101694916,0.03278688524590164,0.8068181818181818,-0.1069182389937107,0.7473684210526316,-0.14457831325301204,0.8160919540229885,-0.10126582278481013,0.8352941176470589,-0.08974358974358974,0.8658536585365854,-0.0718954248366013,0.8658536585365854,-0.0718954248366013,0.9861111111111112,-0.006993006993006993,1.126984126984127,0.05970149253731343,1.2033898305084745,0.09230769230769231,0.6704545454545454,-0.19727891156462585,0.6210526315789474,-0.23376623376623376,0.6781609195402298,-0.1917808219178082,0.6941176470588235,-0.18055555555555555,0.7195121951219512,-0.16312056737588654,0.7195121951219512,-0.16312056737588654,0.8194444444444444,-0.09923664122137404,0.9365079365079365,-0.03278688524590164,0.8309859154929577,-0.09230769230769231
4.89,71,59,88,95,87,85,82,82,72,63,0.9263157894736842,-0.03825136612021858,1.0114942528735633,0.005714285714285714,1.035294117647059,0.017341040462427744,1.0731707317073171,0.03529411764705882,1.0731707317073171,0.03529411764705882,1.2222222222222223,0.1,1.3968253968253967,0.16556291390728478,1.2394366197183098,0.1069182389937107,1.4915254237288136,0.19727891156462585,1.0795454545454546,0.03825136612021858,1.0919540229885059,0.04395604395604396,1.1176470588235294,0.05555555555555555,1.1585365853658536,0.07344632768361582,1.1585365853658536,0.07344632768361582,1.3194444444444444,0.1377245508982036,1.507936507936508,0.20253164556962025,1.3380281690140845,0.14457831325301204,1.6101694915254237,0.23376623376623376,0.9886363636363636,-0.005714285714285714,0.9157894736842105,-0.04395604395604396,1.0235294117647058,0.011627906976744186,1.0609756097560976,0.029585798816568046,1.0609756097560976,0.029585798816568046,1.2083333333333333,0.09433962264150944,1.380952380952381,0.16,1.2253521126760563,0.10126582278481013,1.4745762711864407,0.1917808219178082,0.9659090909090909,-0.017341040462427744,0.8947368421052632,-0.05555555555555555,0.9770114942528736,-0.011627906976744186,1.0365853658536586,0.017964071856287425,1.0365853658536586,0.017964071856287425,1.1805555555555556,0.08280254777070063,1.3492063492063493,0.14864864864864866,1.1971830985915493,0.08974358974358974,1.4406779661016949,0.18055555555555555,0.9318181818181818,-0.03529411764705882,0.8631578947368421,-0.07344632768361582,0.9425287356321839,-0.029585798816568046,0.9647058823529412,-0.017964071856287425,1.0,0.0,1.1388888888888888,0.06493506493506493,1.3015873015873016,0.1310344827586207,1.1549295774647887,0.0718954248366013,1.3898305084745763,0.16312056737588654,0.9318181818181818,-0.03529411764705882,0.8631578947368421,-0.07344632768361582,0.9425287356321839,-0.029585798816568046,0.9647058823529412,-0.017964071856287425,1.0,0.0,1.1388888888888888,0.06493506493506493,1.3015873015873016,0.1310344827586207,1.1549295774647887,0.0718954248366013,1.3898305084745763,0.16312056737588654,0.8181818181818182,-0.1,0.7578947368421053,-0.1377245508982036,0.8275862068965517,-0.09433962264150944,0.8470588235294118,-0.08280254777070063,0.8780487804878049,-0.06493506493506493,0.8780487804878049,-0.06493506493506493,1.1428571428571428,0.06666666666666667,1.0140845070422535,0.006993006993006993,1.2203389830508475,0.09923664122137404,0.7159090909090909,-0.16556291390728478,0.6631578947368421,-0.20253164556962025,0.7241379310344828,-0.16,0.7411764705882353,-0.14864864864864866,0.7682926829268293,-0.1310344827586207,0.7682926829268293,-0.1310344827586207,0.875,-0.06666666666666667,0.8873239436619719,-0.05970149253731343,1.0677966101694916,0.03278688524590164,0.8068181818181818,-0.1069182389937107,0.7473684210526316,-0.14457831325301204,0.8160919540229885,-0.10126582278481013,0.8352941176470589,-0.08974358974358974,0.8658536585365854,-0.0718954248366013,0.8658536585365854,-0.0718954248366013,0.9861111111111112,-0.006993006993006993,1.126984126984127,0.05970149253731343,1.2033898305084745,0.09230769230769231,0.6704545454545454,-0.19727891156462585,0.6210526315789474,-0.23376623376623376,0.6781609195402298,-0.1917808219178082,0.6941176470588235,-0.18055555555555555,0.7195121951219512,-0.16312056737588654,0.7195121951219512,-0.16312056737588654,0.8194444444444444,-0.09923664122137404,0.9365079365079365,-0.03278688524590164,0.8309859154929577,-0.09230769230769231
3.53,47,51,67,61,57,64,52,47,42,47,1.098360655737705,0.046875,1.1754385964912282,0.08064516129032258,1.046875,0.022900763358778626,1.2884615384615385,0.12605042016806722,1.425531914893617,0.17543859649122806,1.5952380952380953,0.22935779816513763,1.425531914893617,0.17543859649122806,1.425531914893617,0.17543859649122806,1.3137254901960784,0.13559322033898305,0.9104477611940298,-0.046875,1.0701754385964912,0.03389830508474576,0.953125,-0.024,1.1730769230769231,0.07964601769911504,1.297872340425532,0.12962962962962962,1.4523809523809523,0.18446601941747573,1.297872340425532,0.12962962962962962,1.297872340425532,0.12962962962962962,1.196078431372549,0.08928571428571429,0.8507462686567164,-0.08064516129032258,0.9344262295081968,-0.03389830508474576,0.890625,-0.05785123966942149,1.0961538461538463,0.045871559633027525,1.2127659574468086,0.09615384615384616,1.3571428571428572,0.15151515151515152,1.2127659574468086,0.09615384615384616,1.2127659574468086,0.09615384615384616,1.1176470588235294,0.05555555555555555,0.9552238805970149,-0.022900763358778626,1.0491803278688525,0.024,1.1228070175438596,0.05785123966942149,1.2307692307692308,0.10344827586206896,1.3617021276595744,0.15315315315315314,1.5238095238095237,0.20754716981132076,1.3617021276595744,0.15315315315315314,1.3617021276595744,0.15315315315315314,1.2549019607843137,0.11304347826086956,0.7761194029850746,-0.12605042016806722,0.8524590163934426,-0.07964601769911504,0.9122807017543859,-0.045871559633027525,0.8125,-0.10344827586206896,1.1063829787234043,0.050505050505050504,1.2380952380952381,0.10638297872340426,1.1063829787234043,0.050505050505050504,1.1063829787234043,0.050505050505050504,1.0196078431372548,0.009708737864077669,0.7014925373134329,-0.17543859649122806,0.7704918032786885,-0.12962962962962962,0.8245614035087719,-0.09615384615384616,0.734375,-0.15315315315315314,0.9038461538461539,-0.050505050505050504,1.119047619047619,0.056179775280898875,1.0,0.0,1.0,0.0,0.9215686274509803,-0.04081632653061224,0.6268656716417911,-0.22935779816513763,0.6885245901639344,-0.18446601941747573,0.7368421052631579,-0.15151515151515152,0.65625,-0.20754716981132076,0.8076923076923077,-0.10638297872340426,0.8936170212765957,-0.056179775280898875,0.8936170212765957,-0.056179775280898875,0.8936170212765957,-0.056179775280898875,0.8235294117647058,-0.0967741935483871,0.7014925373134329,-0.17543859649122806,0.7704918032786885,-0.12962962962962962,0.8245614035087719,-0.09615384615384616,0.734375,-0.15315315315315314,0.9038461538461539,-0.050505050505050504,1.0,0.0,1.119047619047619,0.056179775280898875,1.0,0.0,0.9215686274509803,-0.04081632653061224,0.7014925373134329,-0.17543859649122806,0.7704918032786885,-0.12962962962962962,0.8245614035087719,-0.09615384615384616,0.734375,-0.15315315315315314,0.9038461538461539,-0.050505050505050504,1.0,0.0,1.119047619047619,0.056179775280898875,1.0,0.0,0.9215686274509803,-0.04081632653061224,0.7611940298507462,-0.13559322033898305,0.8360655737704918,-0.08928571428571429,0.8947368421052632,-0.05555555555555555,0.796875,-0.11304347826086956,0.9807692307692307,-0.009708737864077669,1.0851063829787233,0.04081632653061224,1.2142857142857142,0.0967741935483871,1.0851063829787233,0.04081632653061224,1.0851063829787233,0.04081632653061224
3.62,47,51,67,61,57,64,52,47,42,47,1.098360655737705,0.046875,1.1754385964912282,0.08064516129032258,1.046875,0.022900763358778626,1.2884615384615385,0.12605042016806722,1.425531914893617,0.17543859649122806,1.5952380952380953,0.22935779816513763,1.425531914893617,0.17543859649122806,1.425531914893617,0.17543859649122806,1.3137254901960784,0.13559322033898305,0.9104477611940298,-0.046875,1.0701754385964912,0.03389830508474576,0.953125,-0.024,1.1730769230769231,0.07964601769911504,1.297872340425532,0.12962962962962962,1.4523809523809523,0.18446601941747573,1.297872340425532,0.12962962962962962,1.297872340425532,0.12962962962962962,1.196078431372549,0.08928571428571429,0.8507462686567164,-0.08064516129032258,0.9344262295081968,-0.03389830508474576,0.890625,-0.05785123966942149,1.0961538461538463,0.045871559633027525,1.2127659574468086,0.09615384615384616,1.3571428571428572,0.15151515151515152,1.2127659574468086,0.09615384615384616,1.2127659574468086,0.09615384615384616,1.1176470588235294,0.05555555555555555,0.9552238805970149,-0.022900763358778626,1.0491803278688525,0.024,1.1228070175438596,0.05785123966942149,1.2307692307692308,0.10344827586206896,1.3617021276595744,0.15315315315315314,1.5238095238095237,0.20754716981132076,1.3617021276595744,0.15315315315315314,1.3617021276595744,0.15315315315315314,1.2549019607843137,0.11304347826086956,0.7761194029850746,-0.12605042016806722,0.8524590163934426,-0.07964601769911504,0.9122807017543859,-0.045871559633027525,0.8125,-0.10344827586206896,1.1063829787234043,0.050505050505050504,1.2380952380952381,0.10638297872340426,1.1063829787234043,0.050505050505050504,1.1063829787234043,0.050505050505050504,1.0196078431372548,0.009708737864077669,0.7014925373134329,-0.17543859649122806,0.7704918032786885,-0.12962962962962962,0.8245614035087719,-0.09615384615384616,0.734375,-0.15315315315315314,0.9038461538461539,-0.050505050505050504,1.119047619047619,0.056179775280898875,1.0,0.0,1.0,0.0,0.9215686274509803,-0.04081632653061224,0.6268656716417911,-0.22935779816513763,0.6885245901639344,-0.18446601941747573,0.7368421052631579,-0.15151515151515152,0.65625,-0.20754716981132076,0.8076923076923077,-0.10638297872340426,0.8936170212765957,-0.056179775280898875,0.8936170212765957,-0.056179775280898875,0.8936170212765957,-0.056179775280898875,0.8235294117647058,-0.0967741935483871,0.7014925373134329,-0.17543859649122806,0.7704918032786885,-0.12962962962962962,0.8245614035087719,-0.09615384615384616,0.734375,-0.15315315315315314,0.9038461538461539,-0.050505050505050504,1.0,0.0,1.119047619047619,0.056179775280898875,1.0,0.0,0.9215686274509803,-0.04081632653061224,0.7014925373134329,-0.17543859649122806,0.7704918032786885,-0.12962962962962962,0.8245614035087719,-0.09615384615384616,0.734375,-0.15315315315315314,0.9038461538461539,-0.050505050505050504,1.0,0.0,1.119047619047619,0.056179775280898875,1.0,0.0,0.9215686274509803,-0.04081632653061224,0.7611940298507462,-0.13559322033898305,0.8360655737704918,-0.08928571428571429,0.8947368421052632,-0.05555555555555555,0.796875,-0.11304347826086956,0.9807692307692307,-0.009708737864077669,1.0851063829787233,0.04081632653061224,1.2142857142857142,0.0967741935483871,1.0851063829787233,0.04081632653061224,1.0851063829787233,0.04081632653061224
3.44,12,11,61,33,17,29,17,19,6,12,1.8484848484848484,0.2978723404255319,3.588235294117647,0.5641025641025641,2.103448275862069,0.35555555555555557,3.588235294117647,0.5641025641025641,3.210526315789474,0.525,10.166666666666666,0.8208955223880597,5.083333333333333,0.6712328767123288,5.083333333333333,0.6712328767123288,5.545454545454546,0.6944444444444444,0.5409836065573771,-0.2978723404255319,1.9411764705882353,0.32,1.1379310344827587,0.06451612903225806,1.9411764705882353,0.32,1.736842105263158,0.2692307692307692,5.5,0.6923076923076923,2.75,0.4666666666666667,2.75,0.4666666666666667,3.0,0.5,0.2786885245901639,-0.5641025641025641,0.5151515151515151,-0.32,0.5862068965517241,-0.2608695652173913,1.0,0.0,0.8947368421052632,-0.05555555555555555,2.8333333333333335,0.4782608695652174,1.4166666666666667,0.1724137931034483,1.4166666666666667,0.1724137931034483,1.5454545454545454,0.21428571428571427,0.47540983606557374,-0.35555555555555557,0.8787878787878788,-0.06451612903225806,1.7058823529411764,0.2608695652173913,1.7058823529411764,0.2608695652173913,1.5263157894736843,0.20833333333333334,4.833333333333333,0.6571428571428571,2.4166666666666665,0.4146341463414634,2.4166666666666665,0.4146341463414634,2.6363636363636362,0.45,0.2786885245901639,-0.5641025641025641,0.5151515151515151,-0.32,1.0,0.0,0.5862068965517241,-0.2608695652173913,0.8947368421052632,-0.05555555555555555,2.8333333333333335,0.4782608695652174,1.4166666666666667,0.1724137931034483,1.4166666666666667,0.1724137931034483,1.5454545454545454,0.21428571428571427,0.3114754098360656,-0.525,0.5757575757575758,-0.2692307692307692,1.1176470588235294,0.05555555555555555,0.6551724137931034,-0.20833333333333334,1.1176470588235294,0.05555555555555555,3.1666666666666665,0.52,1.5833333333333333,0.22580645161290322,1.5833333333333333,0.22580645161290322,1.7272727272727273,0.26666666666666666,0.09836065573770492,-0.8208955223880597,0.18181818181818182,-0.6923076923076923,0.35294117647058826,-0.4782608695652174,0.20689655172413793,-0.6571428571428571,0.35294117647058826,-0.4782608695652174,0.3157894736842105,-0.52,0.5,-0.3333333333333333,0.5,-0.3333333333333333,0.5454545454545454,-0.29411764705882354,0.19672131147540983,-0.6712328767123288,0.36363636363636365,-0.4666666666666667,0.7058823529411765,-0.1724137931034483,0.41379310344827586,-0.4146341463414634,0.7058823529411765,-0.1724137931034483,0.631578947368421,-0.22580645161290322,2.0,0.3333333333333333,1.0,0.0,1.0909090909090908,0.043478260869565216,0.19672131147540983,-0.6712328767123288,0.36363636363636365,-0.4666666666666667,0.7058823529411765,-0.1724137931034483,0.41379310344827586,-0.4146341463414634,0.7058823529411765,-0.1724137931034483,0.631578947368421,-0.22580645161290322,2.0,0.3333333333333333,1.0,0.0,1.0909090909090908,0.043478260869565216,0.18032786885245902,-0.6944444444444444,0.3333333333333333,-0.5,0.6470588235294118,-0.21428571428571427,0.3793103448275862,-0.45,0.6470588235294118,-0.21428571428571427,0.5789473684210527,-0.26666666666666666,1.8333333333333333,0.29411764705882354,0.9166666666666666,-0.043478260869565216,0.9166666666666666,-0.043478260869565216
3.72,12,11,61,33,17,29,17,19,6,12,1.8484848484848484,0.2978723404255319,3.588235294117647,0.5641025641025641,2.103448275862069,0.35555555555555557,3.588235294117647,0.5641025641025641,3.210526315789474,0.525,10.166666666666666,0.8208955223880597,5.083333333333333,0.6712328767123288,5.083333333333333,0.6712328767123288,5.545454545454546,0.6944444444444444,0.5409836065573771,-0.2978723404255319,1.9411764705882353,0.32,1.1379310344827587,0.06451612903225806,1.9411764705882353,0.32,1.736842105263158,0.2692307692307692,5.5,0.6923076923076923,2.75,0.4666666666666667,2.75,0.4666666666666667,3.0,0.5,0.2786885245901639,-0.5641025641025641,0.5151515151515151,-0.32,0.5862068965517241,-0.2608695652173913,1.0,0.0,0.8947368421052632,-0.05555555555555555,2.8333333333333335,0.4782608695652174,1.4166666666666667,0.1724137931034483,1.4166666666666667,0.1724137931034483,1.5454545454545454,0.21428571428571427,0.47540983606557374,-0.35555555555555557,0.8787878787878788,-0.06451612903225806,1.7058823529411764,0.2608695652173913,1.7058823529411764,0.2608695652173913,1.5263157894736843,0.20833333333333334,4.833333333333333,0.6571428571428571,2.4166666666666665,0.4146341463414634,2.4166666666666665,0.4146341463414634,2.6363636363636362,0.45,0.2786885245901639,-0.5641025641025641,0.5151515151515151,-0.32,1.0,0.0,0.5862068965517241,-0.2608695652173913,0.8947368421052632,-0.05555555555555555,2.8333333333333335,0.4782608695652174,1.4166666666666667,0.1724137931034483,1.4166666666666667,0.1724137931034483,1.5454545454545454,0.21428571428571427,0.3114754098360656,-0.525,0.5757575757575758,-0.2692307692307692,1.1176470588235294,0.05555555555555555,0.6551724137931034,-0.20833333333333334,1.1176470588235294,0.05555555555555555,3.1666666666666665,0.52,1.5833333333333333,0.22580645161290322,1.5833333333333333,0.22580645161290322,1.7272727272727273,0.26666666666666666,0.09836065573770492,-0.8208955223880597,0.18181818181818182,-0.6923076923076923,0.35294117647058826,-0.4782608695652174,0.20689655172413793,-0.6571428571428571,0.35294117647058826,-0.4782608695652174,0.3157894736842105,-0.52,0.5,-0.3333333333333333,0.5,-0.3333333333333333,0.5454545454545454,-0.29411764705882354,0.19672131147540983,-0.6712328767123288,0.36363636363636365,-0.4666666666666667,0.7058823529411765,-0.1724137931034483,0.41379310344827586,-0.4146341463414634,0.7058823529411765,-0.1724137931034483,0.631578947368421,-0.22580645161290322,2.0,0.3333333333333333,1.0,0.0,1.0909090909090908,0.043478260869565216,0.19672131147540983,-0.6712328767123288,0.36363636363636365,-0.4666666666666667,0.7058823529411765,-0.1724137931034483,0.41379310344827586,-0.4146341463414634,0.7058823529411765,-0.1724137931034483,0.631578947368421,-0.22580645161290322,2.0,0.3333333333333333,1.0,0.0,1.0909090909090908,0.043478260869565216,0.18032786885245902,-0.6944444444444444,0.3333333333333333,-0.5,0.6470588235294118,-0.21428571428571427,0.3793103448275862,-0.45,0.6470588235294118,-0.21428571428571427,0.5789473684210527,-0.26666666666666666,1.8333333333333333,0.29411764705882354,0.9166666666666666,-0.043478260869565216,0.9166666666666666,-0.043478260869565216
3.51,27,38,120,81,70,62,50,50,41,29,1.4814814814814814,0.19402985074626866,1.7142857142857142,0.2631578947368421,1.935483870967742,0.31868131868131866,2.4,0.4117647058823529,2.4,0.4117647058823529,2.926829268292683,0.4906832298136646,4.137931034482759,0.610738255033557,4.444444444444445,0.6326530612244898,3.1578947368421053,0.5189873417721519,0.675,-0.19402985074626866,1.1571428571428573,0.0728476821192053,1.3064516129032258,0.13286713286713286,1.62,0.2366412213740458,1.62,0.2366412213740458,1.975609756097561,0.32786885245901637,2.793103448275862,0.4727272727272727,3.0,0.5,2.1315789473684212,0.36134453781512604,0.5833333333333334,-0.2631578947368421,0.8641975308641975,-0.0728476821192053,1.1290322580645162,0.06060606060606061,1.4,0.16666666666666666,1.4,0.16666666666666666,1.7073170731707317,0.26126126126126126,2.413793103448276,0.41414141414141414,2.5925925925925926,0.44329896907216493,1.8421052631578947,0.2962962962962963,0.5166666666666667,-0.31868131868131866,0.7654320987654321,-0.13286713286713286,0.8857142857142857,-0.06060606060606061,1.24,0.10714285714285714,1.24,0.10714285714285714,1.5121951219512195,0.20388349514563106,2.1379310344827585,0.3626373626373626,2.2962962962962963,0.39325842696629215,1.631578947368421,0.24,0.4166666666666667,-0.4117647058823529,0.6172839506172839,-0.2366412213740458,0.7142857142857143,-0.16666666666666666,0.8064516129032258,-0.10714285714285714,1.0,0.0,1.2195121951219512,0.0989010989010989,1.7241379310344827,0.26582278481012656,1.8518518518518519,0.2987012987012987,1.3157894736842106,0.13636363636363635,0.4166666666666667,-0.4117647058823529,0.6172839506172839,-0.2366412213740458,0.7142857142857143,-0.16666666666666666,0.8064516129032258,-0.10714285714285714,1.0,0.0,1.2195121951219512,0.0989010989010989,1.7241379310344827,0.26582278481012656,1.8518518518518519,0.2987012987012987,1.3157894736842106,0.13636363636363635,0.3416666666666667,-0.4906832298136646,0.5061728395061729,-0.32786885245901637,0.5857142857142857,-0.26126126126126126,0.6612903225806451,-0.20388349514563106,0.82,-0.0989010989010989,0.82,-0.0989010989010989,1.4137931034482758,0.17142857142857143,1.5185185185185186,0.20588235294117646,1.0789473684210527,0.0379746835443038,0.24166666666666667,-0.610738255033557,0.35802469135802467,-0.4727272727272727,0.4142857142857143,-0.41414141414141414,0.46774193548387094,-0.3626373626373626,0.58,-0.26582278481012656,0.58,-0.26582278481012656,0.7073170731707317,-0.17142857142857143,1.0740740740740742,0.03571428571428571,0.7631578947368421,-0.13432835820895522,0.225,-0.6326530612244898,0.3333333333333333,-0.5,0.38571428571428573,-0.44329896907216493,0.43548387096774194,-0.39325842696629215,0.54,-0.2987012987012987,0.54,-0.2987012987012987,0.6585365853658537,-0.20588235294117646,0.9310344827586207,-0.03571428571428571,0.7105263157894737,-0.16923076923076924,0.31666666666666665,-0.5189873417721519,0.4691358024691358,-0.36134453781512604,0.5428571428571428,-0.2962962962962963,0.6129032258064516,-0.24,0.76,-0.13636363636363635,0.76,-0.13636363636363635,0.926829268292683,-0.0379746835443038,1.3103448275862069,0.13432835820895522,1.4074074074074074,0.16923076923076924
0.0,27,38,120,81,70,62,50,50,41,29,1.4814814814814814,0.19402985074626866,1.7142857142857142,0.2631578947368421,1.935483870967742,0.31868131868131866,2.4,0.4117647058823529,2.4,0.4117647058823529,2.926829268292683,0.4906832298136646,4.137931034482759,0.610738255033557,4.444444444444445,0.6326530612244898,3.1578947368421053,0.5189873417721519,0.675,-0.19402985074626866,1.1571428571428573,0.0728476821192053,1.3064516129032258,0.13286713286713286,1.62,0.2366412213740458,1.62,0.2366412213740458,1.975609756097561,0.32786885245901637,2.793103448275862,0.4727272727272727,3.0,0.5,2.1315789473684212,0.36134453781512604,0.5833333333333334,-0.2631578947368421,0.8641975308641975,-0.0728476821192053,1.1290322580645162,0.06060606060606061,1.4,0.16666666666666666,1.4,0.16666666666666666,1.7073170731707317,0.26126126126126126,2.413793103448276,0.41414141414141414,2.5925925925925926,0.44329896907216493,1.8421052631578947,0.2962962962962963,0.5166666666666667,-0.31868131868131866,0.7654320987654321,-0.13286713286713286,0.8857142857142857,-0.06060606060606061,1.24,0.10714285714285714,1.24,0.10714285714285714,1.5121951219512195,0.20388349514563106,2.1379310344827585,0.3626373626373626,2.2962962962962963,0.39325842696629215,1.631578947368421,0.24,0.4166666666666667,-0.4117647058823529,0.6172839506172839,-0.2366412213740458,0.7142857142857143,-0.16666666666666666,0.8064516129032258,-0.10714285714285714,1.0,0.0,1.2195121951219512,0.0989010989010989,1.7241379310344827,0.26582278481012656,1.8518518518518519,0.2987012987012987,1.3157894736842106,0.13636363636363635,0.4166666666666667,-0.4117647058823529,0.6172839506172839,-0.2366412213740458,0.7142857142857143,-0.16666666666666666,0.8064516129032258,-0.10714285714285714,1.0,0.0,1.2195121951219512,0.0989010989010989,1.7241379310344827,0.26582278481012656,1.8518518518518519,0.2987012987012987,1.3157894736842106,0.13636363636363635,0.3416666666666667,-0.4906832298136646,0.5061728395061729,-0.32786885245901637,0.5857142857142857,-0.26126126126126126,0.6612903225806451,-0.20388349514563106,0.82,-0.0989010989010989,0.82,-0.0989010989010989,1.4137931034482758,0.17142857142857143,1.5185185185185186,0.20588235294117646,1.0789473684210527,0.0379746835443038,0.24166666666666667,-0.610738255033557,0.35802469135802467,-0.4727272727272727,0.4142857142857143,-0.41414141414141414,0.46774193548387094,-0.3626373626373626,0.58,-0.26582278481012656,0.58,-0.26582278481012656,0.7073170731707317,-0.17142857142857143,1.0740740740740742,0.03571428571428571,0.7631578947368421,-0.13432835820895522,0.225,-0.6326530612244898,0.3333333333333333,-0.5,0.38571428571428573,-0.44329896907216493,0.43548387096774194,-0.39325842696629215,0.54,-0.2987012987012987,0.54,-0.2987012987012987,0.6585365853658537,-0.20588235294117646,0.9310344827586207,-0.03571428571428571,0.7105263157894737,-0.16923076923076924,0.31666666666666665,-0.5189873417721519,0.4691358024691358,-0.36134453781512604,0.5428571428571428,-0.2962962962962963,0.6129032258064516,-0.24,0.76,-0.13636363636363635,0.76,-0.13636363636363635,0.926829268292683,-0.0379746835443038,1.3103448275862069,0.13432835820895522,1.4074074074074074,0.16923076923076924
0.0,32,37,60,62,51,53,39,31,29,38,0.967741935483871,-0.01639344262295082,1.1764705882352942,0.08108108108108109,1.1320754716981132,0.061946902654867256,1.5384615384615385,0.21212121212121213,1.935483870967742,0.31868131868131866,2.0689655172413794,0.34831460674157305,1.5789473684210527,0.22448979591836735,1.875,0.30434782608695654,1.6216216216216217,0.23711340206185566,1.0333333333333334,0.01639344262295082,1.2156862745098038,0.09734513274336283,1.169811320754717,0.0782608695652174,1.5897435897435896,0.22772277227722773,2.0,0.3333333333333333,2.1379310344827585,0.3626373626373626,1.631578947368421,0.24,1.9375,0.3191489361702128,1.6756756756756757,0.25252525252525254,0.85,-0.08108108108108109,0.8225806451612904,-0.09734513274336283,0.9622641509433962,-0.019230769230769232,1.3076923076923077,0.13333333333333333,1.6451612903225807,0.24390243902439024,1.7586206896551724,0.275,1.3421052631578947,0.14606741573033707,1.59375,0.2289156626506024,1.3783783783783783,0.1590909090909091,0.8833333333333333,-0.061946902654867256,0.8548387096774194,-0.0782608695652174,1.0392156862745099,0.019230769230769232,1.358974358974359,0.15217391304347827,1.7096774193548387,0.2619047619047619,1.8275862068965518,0.2926829268292683,1.394736842105263,0.16483516483516483,1.65625,0.24705882352941178,1.4324324324324325,0.17777777777777778,0.65,-0.21212121212121213,0.6290322580645161,-0.22772277227722773,0.7647058823529411,-0.13333333333333333,0.7358490566037735,-0.15217391304347827,1.2580645161290323,0.11428571428571428,1.3448275862068966,0.14705882352941177,1.0263157894736843,0.012987012987012988,1.21875,0.09859154929577464,1.054054054054054,0.02631578947368421,0.5166666666666667,-0.31868131868131866,0.5,-0.3333333333333333,0.6078431372549019,-0.24390243902439024,0.5849056603773585,-0.2619047619047619,0.7948717948717948,-0.11428571428571428,1.0689655172413792,0.03333333333333333,0.8157894736842105,-0.10144927536231885,0.96875,-0.015873015873015872,0.8378378378378378,-0.08823529411764706,0.48333333333333334,-0.34831460674157305,0.46774193548387094,-0.3626373626373626,0.5686274509803921,-0.275,0.5471698113207547,-0.2926829268292683,0.7435897435897436,-0.14705882352941177,0.9354838709677419,-0.03333333333333333,0.7631578947368421,-0.13432835820895522,0.90625,-0.04918032786885246,0.7837837837837838,-0.12121212121212122,0.6333333333333333,-0.22448979591836735,0.6129032258064516,-0.24,0.7450980392156863,-0.14606741573033707,0.7169811320754716,-0.16483516483516483,0.9743589743589743,-0.012987012987012988,1.2258064516129032,0.10144927536231885,1.3103448275862069,0.13432835820895522,1.1875,0.08571428571428572,1.027027027027027,0.013333333333333334,0.5333333333333333,-0.30434782608695654,0.5161290322580645,-0.3191489361702128,0.6274509803921569,-0.2289156626506024,0.6037735849056604,-0.24705882352941178,0.8205128205128205,-0.09859154929577464,1.032258064516129,0.015873015873015872,1.103448275862069,0.04918032786885246,0.8421052631578947,-0.08571428571428572,0.8648648648648649,-0.07246376811594203,0.6166666666666667,-0.23711340206185566,0.5967741935483871,-0.25252525252525254,0.7254901960784313,-0.1590909090909091,0.6981132075471698,-0.17777777777777778,0.9487179487179487,-0.02631578947368421,1.1935483870967742,0.08823529411764706,1.2758620689655173,0.12121212121212122,0.9736842105263158,-0.013333333333333334,1.15625,0.07246376811594203
3.0,32,37,60,62,51,53,39,31,29,38,0.967741935483871,-0.01639344262295082,1.1764705882352942,0.08108108108108109,1.1320754716981132,0.061946902654867256,1.5384615384615385,0.21212121212121213,1.935483870967742,0.31868131868131866,2.0689655172413794,0.34831460674157305,1.5789473684210527,0.22448979591836735,1.875,0.30434782608695654,1.6216216216216217,0.23711340206185566,1.0333333333333334,0.01639344262295082,1.2156862745098038,0.09734513274336283,1.169811320754717,0.0782608695652174,1.5897435897435896,0.22772277227722773,2.0,0.3333333333333333,2.1379310344827585,0.3626373626373626,1.631578947368421,0.24,1.9375,0.3191489361702128,1.6756756756756757,0.25252525252525254,0.85,-0.08108108108108109,0.8225806451612904,-0.09734513274336283,0.9622641509433962,-0.019230769230769232,1.3076923076923077,0.13333333333333333,1.6451612903225807,0.24390243902439024,1.7586206896551724,0.275,1.3421052631578947,0.14606741573033707,1.59375,0.2289156626506024,1.3783783783783783,0.1590909090909091,0.8833333333333333,-0.061946902654867256,0.8548387096774194,-0.0782608695652174,1.0392156862745099,0.019230769230769232,1.358974358974359,0.15217391304347827,1.7096774193548387,0.2619047619047619,1.8275862068965518,0.2926829268292683,1.394736842105263,0.16483516483516483,1.65625,0.24705882352941178,1.4324324324324325,0.17777777777777778,0.65,-0.21212121212121213,0.6290322580645161,-0.22772277227722773,0.7647058823529411,-0.13333333333333333,0.7358490566037735,-0.15217391304347827,1.2580645161290323,0.11428571428571428,1.3448275862068966,0.14705882352941177,1.0263157894736843,0.012987012987012988,1.21875,0.09859154929577464,1.054054054054054,0.02631578947368421,0.5166666666666667,-0.31868131868131866,0.5,-0.3333333333333333,0.6078431372549019,-0.24390243902439024,0.5849056603773585,-0.2619047619047619,0.7948717948717948,-0.11428571428571428,1.0689655172413792,0.03333333333333333,0.8157894736842105,-0.10144927536231885,0.96875,-0.015873015873015872,0.8378378378378378,-0.08823529411764706,0.48333333333333334,-0.34831460674157305,0.46774193548387094,-0.3626373626373626,0.5686274509803921,-0.275,0.5471698113207547,-0.2926829268292683,0.7435897435897436,-0.14705882352941177,0.9354838709677419,-0.03333333333333333,0.7631578947368421,-0.13432835820895522,0.90625,-0.04918032786885246,0.7837837837837838,-0.12121212121212122,0.6333333333333333,-0.22448979591836735,0.6129032258064516,-0.24,0.7450980392156863,-0.14606741573033707,0.7169811320754716,-0.16483516483516483,0.9743589743589743,-0.012987012987012988,1.2258064516129032,0.10144927536231885,1.3103448275862069,0.13432835820895522,1.1875,0.08571428571428572,1.027027027027027,0.013333333333333334,0.5333333333333333,-0.30434782608695654,0.5161290322580645,-0.3191489361702128,0.6274509803921569,-0.2289156626506024,0.6037735849056604,-0.24705882352941178,0.8205128205128205,-0.09859154929577464,1.032258064516129,0.015873015873015872,1.103448275862069,0.04918032786885246,0.8421052631578947,-0.08571428571428572,0.8648648648648649,-0.07246376811594203,0.6166666666666667,-0.23711340206185566,0.5967741935483871,-0.25252525252525254,0.7254901960784313,-0.1590909090909091,0.6981132075471698,-0.17777777777777778,0.9487179487179487,-0.02631578947368421,1.1935483870967742,0.08823529411764706,1.2758620689655173,0.12121212121212122,0.9736842105263158,-0.013333333333333334,1.15625,0.07246376811594203
2.72,24,19,77,69,69,53,27,32,37,13,1.1159420289855073,0.0547945205479452,1.1159420289855073,0.0547945205479452,1.4528301886792452,0.18461538461538463,2.8518518518518516,0.4807692307692308,2.40625,0.41284403669724773,2.081081081081081,0.3508771929824561,5.923076923076923,0.7111111111111111,3.2083333333333335,0.5247524752475248,4.052631578947368,0.6041666666666666,0.8961038961038961,-0.0547945205479452,1.0,0.0,1.3018867924528301,0.13114754098360656,2.5555555555555554,0.4375,2.15625,0.36633663366336633,1.864864864864865,0.3018867924528302,5.3076923076923075,0.6829268292682927,2.875,0.4838709677419355,3.6315789473684212,0.5681818181818182,0.8961038961038961,-0.0547945205479452,1.0,0.0,1.3018867924528301,0.13114754098360656,2.5555555555555554,0.4375,2.15625,0.36633663366336633,1.864864864864865,0.3018867924528302,5.3076923076923075,0.6829268292682927,2.875,0.4838709677419355,3.6315789473684212,0.5681818181818182,0.6883116883116883,-0.18461538461538463,0.7681159420289855,-0.13114754098360656,0.7681159420289855,-0.13114754098360656,1.962962962962963,0.325,1.65625,0.24705882352941178,1.4324324324324325,0.17777777777777778,4.076923076923077,0.6060606060606061,2.2083333333333335,0.37662337662337664,2.789473684210526,0.4722222222222222,0.35064935064935066,-0.4807692307692308,0.391304347826087,-0.4375,0.391304347826087,-0.4375,0.5094339622641509,-0.325,0.84375,-0.0847457627118644,0.7297297297297297,-0.15625,2.076923076923077,0.35,1.125,0.058823529411764705,1.4210526315789473,0.17391304347826086,0.4155844155844156,-0.41284403669724773,0.463768115942029,-0.36633663366336633,0.463768115942029,-0.36633663366336633,0.6037735849056604,-0.24705882352941178,1.1851851851851851,0.0847457627118644,0.8648648648648649,-0.07246376811594203,2.4615384615384617,0.4222222222222222,1.3333333333333333,0.14285714285714285,1.6842105263157894,0.2549019607843137,0.4805194805194805,-0.3508771929824561,0.5362318840579711,-0.3018867924528302,0.5362318840579711,-0.3018867924528302,0.6981132075471698,-0.17777777777777778,1.3703703703703705,0.15625,1.15625,0.07246376811594203,2.8461538461538463,0.48,1.5416666666666667,0.21311475409836064,1.9473684210526316,0.32142857142857145,0.16883116883116883,-0.7111111111111111,0.18840579710144928,-0.6829268292682927,0.18840579710144928,-0.6829268292682927,0.24528301886792453,-0.6060606060606061,0.48148148148148145,-0.35,0.40625,-0.4222222222222222,0.35135135135135137,-0.48,0.5416666666666666,-0.2972972972972973,0.6842105263157895,-0.1875,0.3116883116883117,-0.5247524752475248,0.34782608695652173,-0.4838709677419355,0.34782608695652173,-0.4838709677419355,0.4528301886792453,-0.37662337662337664,0.8888888888888888,-0.058823529411764705,0.75,-0.14285714285714285,0.6486486486486487,-0.21311475409836064,1.8461538461538463,0.2972972972972973,1.263157894736842,0.11627906976744186,0.24675324675324675,-0.6041666666666666,0.2753623188405797,-0.5681818181818182,0.2753623188405797,-0.5681818181818182,0.3584905660377358,-0.4722222222222222,0.7037037037037037,-0.17391304347826086,0.59375,-0.2549019607843137,0.5135135135135135,-0.32142857142857145,1.4615384615384615,0.1875,0.7916666666666666,-0.11627906976744186
2.39,24,19,77,69,69,53,27,32,37,13,1.1159420289855073,0.0547945205479452,1.1159420289855073,0.0547945205479452,1.4528301886792452,0.18461538461538463,2.8518518518518516,0.4807692307692308,2.40625,0.41284403669724773,2.081081081081081,0.3508771929824561,5.923076923076923,0.7111111111111111,3.2083333333333335,0.5247524752475248,4.052631578947368,0.6041666666666666,0.8961038961038961,-0.0547945205479452,1.0,0.0,1.3018867924528301,0.13114754098360656,2.5555555555555554,0.4375,2.15625,0.36633663366336633,1.864864864864865,0.3018867924528302,5.3076923076923075,0.6829268292682927,2.875,0.4838709677419355,3.6315789473684212,0.5681818181818182,0.8961038961038961,-0.0547945205479452,1.0,0.0,1.3018867924528301,0.13114754098360656,2.5555555555555554,0.4375,2.15625,0.36633663366336633,1.864864864864865,0.3018867924528302,5.3076923076923075,0.6829268292682927,2.875,0.4838709677419355,3.6315789473684212,0.5681818181818182,0.6883116883116883,-0.18461538461538463,0.7681159420289855,-0.13114754098360656,0.7681159420289855,-0.13114754098360656,1.962962962962963,0.325,1.65625,0.24705882352941178,1.4324324324324325,0.17777777777777778,4.076923076923077,0.6060606060606061,2.2083333333333335,0.37662337662337664,2.789473684210526,0.4722222222222222,0.35064935064935066,-0.4807692307692308,0.391304347826087,-0.4375,0.391304347826087,-0.4375,0.5094339622641509,-0.325,0.84375,-0.0847457627118644,0.7297297297297297,-0.15625,2.076923076923077,0.35,1.125,0.058823529411764705,1.4210526315789473,0.17391304347826086,0.4155844155844156,-0.41284403669724773,0.463768115942029,-0.36633663366336633,0.463768115942029,-0.36633663366336633,0.6037735849056604,-0.24705882352941178,1.1851851851851851,0.0847457627118644,0.8648648648648649,-0.07246376811594203,2.4615384615384617,0.4222222222222222,1.3333333333333333,0.14285714285714285,1.6842105263157894,0.2549019607843137,0.4805194805194805,-0.3508771929824561,0.5362318840579711,-0.3018867924528302,0.5362318840579711,-0.3018867924528302,0.6981132075471698,-0.17777777777777778,1.3703703703703705,0.15625,1.15625,0.07246376811594203,2.8461538461538463,0.48,1.5416666666666667,0.21311475409836064,1.9473684210526316,0.32142857142857145,0.16883116883116883,-0.7111111111111111,0.18840579710144928,-0.6829268292682927,0.18840579710144928,-0.6829268292682927,0.24528301886792453,-0.6060606060606061,0.48148148148148145,-0.35,0.40625,-0.4222222222222222,0.35135135135135137,-0.48,0.5416666666666666,-0.2972972972972973,0.6842105263157895,-0.1875,0.3116883116883117,-0.5247524752475248,0.34782608695652173,-0.4838709677419355,0.34782608695652173,-0.4838709677419355,0.4528301886792453,-0.37662337662337664,0.8888888888888888,-0.058823529411764705,0.75,-0.14285714285714285,0.6486486486486487,-0.21311475409836064,1.8461538461538463,0.2972972972972973,1.263157894736842,0.11627906976744186,0.24675324675324675,-0.6041666666666666,0.2753623188405797,-0.5681818181818182,0.2753623188405797,-0.5681818181818182,0.3584905660377358,-0.4722222222222222,0.7037037037037037,-0.17391304347826086,0.59375,-0.2549019607843137,0.5135135135135135,-0.32142857142857145,1.4615384615384615,0.1875,0.7916666666666666,-0.11627906976744186
4.24,59,62,74,80,72,70,48,66,43,46,0.925,-0.03896103896103896,1.0277777777777777,0.0136986301369863,1.0571428571428572,0.027777777777777776,1.5416666666666667,0.21311475409836064,1.121212121212121,0.05714285714285714,1.7209302325581395,0.26495726495726496,1.608695652173913,0.23333333333333334,1.2542372881355932,0.11278195488721804,1.1935483870967742,0.08823529411764706,1.0810810810810811,0.03896103896103896,1.1111111111111112,0.05263157894736842,1.1428571428571428,0.06666666666666667,1.6666666666666667,0.25,1.2121212121212122,0.0958904109589041,1.8604651162790697,0.3008130081300813,1.7391304347826086,0.2698412698412698,1.3559322033898304,0.1510791366906475,1.2903225806451613,0.1267605633802817,0.972972972972973,-0.0136986301369863,0.9,-0.05263157894736842,1.0285714285714285,0.014084507042253521,1.5,0.2,1.0909090909090908,0.043478260869565216,1.6744186046511629,0.25217391304347825,1.565217391304348,0.22033898305084745,1.2203389830508475,0.09923664122137404,1.1612903225806452,0.07462686567164178,0.9459459459459459,-0.027777777777777776,0.875,-0.06666666666666667,0.9722222222222222,-0.014084507042253521,1.4583333333333333,0.1864406779661017,1.0606060606060606,0.029411764705882353,1.627906976744186,0.23893805309734514,1.5217391304347827,0.20689655172413793,1.1864406779661016,0.08527131782945736,1.1290322580645162,0.06060606060606061,0.6486486486486487,-0.21311475409836064,0.6,-0.25,0.6666666666666666,-0.2,0.6857142857142857,-0.1864406779661017,0.7272727272727273,-0.15789473684210525,1.1162790697674418,0.054945054945054944,1.0434782608695652,0.02127659574468085,0.8135593220338984,-0.102803738317757,0.7741935483870968,-0.12727272727272726,0.8918918918918919,-0.05714285714285714,0.825,-0.0958904109589041,0.9166666666666666,-0.043478260869565216,0.9428571428571428,-0.029411764705882353,1.375,0.15789473684210525,1.5348837209302326,0.21100917431192662,1.434782608695652,0.17857142857142858,1.11864406779661,0.056,1.064516129032258,0.03125,0.581081081081081,-0.26495726495726496,0.5375,-0.3008130081300813,0.5972222222222222,-0.25217391304347825,0.6142857142857143,-0.23893805309734514,0.8958333333333334,-0.054945054945054944,0.6515151515151515,-0.21100917431192662,0.9347826086956522,-0.033707865168539325,0.7288135593220338,-0.1568627450980392,0.6935483870967742,-0.18095238095238095,0.6216216216216216,-0.23333333333333334,0.575,-0.2698412698412698,0.6388888888888888,-0.22033898305084745,0.6571428571428571,-0.20689655172413793,0.9583333333333334,-0.02127659574468085,0.696969696969697,-0.17857142857142858,1.069767441860465,0.033707865168539325,0.7796610169491526,-0.12380952380952381,0.7419354838709677,-0.14814814814814814,0.7972972972972973,-0.11278195488721804,0.7375,-0.1510791366906475,0.8194444444444444,-0.09923664122137404,0.8428571428571429,-0.08527131782945736,1.2291666666666667,0.102803738317757,0.8939393939393939,-0.056,1.372093023255814,0.1568627450980392,1.2826086956521738,0.12380952380952381,0.9516129032258065,-0.024793388429752067,0.8378378378378378,-0.08823529411764706,0.775,-0.1267605633802817,0.8611111111111112,-0.07462686567164178,0.8857142857142857,-0.06060606060606061,1.2916666666666667,0.12727272727272726,0.9393939393939394,-0.03125,1.441860465116279,0.18095238095238095,1.3478260869565217,0.14814814814814814,1.0508474576271187,0.024793388429752067
4.24,34,37,28,61,46,37,11,22,28,12,0.45901639344262296,-0.3707865168539326,0.6086956521739131,-0.24324324324324326,0.7567567567567568,-0.13846153846153847,2.5454545454545454,0.4358974358974359,1.2727272727272727,0.12,1.0,0.0,2.3333333333333335,0.4,0.8235294117647058,-0.0967741935483871,0.7567567567567568,-0.13846153846153847,2.1785714285714284,0.3707865168539326,1.326086956521739,0.14018691588785046,1.6486486486486487,0.24489795918367346,5.545454545454546,0.6944444444444444,2.772727272727273,0.46987951807228917,2.1785714285714284,0.3707865168539326,5.083333333333333,0.6712328767123288,1.7941176470588236,0.28421052631578947,1.6486486486486487,0.24489795918367346,1.6428571428571428,0.24324324324324326,0.7540983606557377,-0.14018691588785046,1.2432432432432432,0.10843373493975904,4.181818181818182,0.6140350877192983,2.090909090909091,0.35294117647058826,1.6428571428571428,0.24324324324324326,3.8333333333333335,0.5862068965517241,1.3529411764705883,0.15,1.2432432432432432,0.10843373493975904,1.3214285714285714,0.13846153846153847,0.6065573770491803,-0.24489795918367346,0.8043478260869565,-0.10843373493975904,3.3636363636363638,0.5416666666666666,1.6818181818181819,0.2542372881355932,1.3214285714285714,0.13846153846153847,3.0833333333333335,0.5102040816326531,1.088235294117647,0.04225352112676056,1.0,0.0,0.39285714285714285,-0.4358974358974359,0.18032786885245902,-0.6944444444444444,0.2391304347826087,-0.6140350877192983,0.2972972972972973,-0.5416666666666666,0.5,-0.3333333333333333,0.39285714285714285,-0.4358974358974359,0.9166666666666666,-0.043478260869565216,0.3235294117647059,-0.5111111111111111,0.2972972972972973,-0.5416666666666666,0.7857142857142857,-0.12,0.36065573770491804,-0.46987951807228917,0.4782608695652174,-0.35294117647058826,0.5945945945945946,-0.2542372881355932,2.0,0.3333333333333333,0.7857142857142857,-0.12,1.8333333333333333,0.29411764705882354,0.6470588235294118,-0.21428571428571427,0.5945945945945946,-0.2542372881355932,1.0,0.0,0.45901639344262296,-0.3707865168539326,0.6086956521739131,-0.24324324324324326,0.7567567567567568,-0.13846153846153847,2.5454545454545454,0.4358974358974359,1.2727272727272727,0.12,2.3333333333333335,0.4,0.8235294117647058,-0.0967741935483871,0.7567567567567568,-0.13846153846153847,0.42857142857142855,-0.4,0.19672131147540983,-0.6712328767123288,0.2608695652173913,-0.5862068965517241,0.32432432432432434,-0.5102040816326531,1.0909090909090908,0.043478260869565216,0.5454545454545454,-0.29411764705882354,0.42857142857142855,-0.4,0.35294117647058826,-0.4782608695652174,0.32432432432432434,-0.5102040816326531,1.2142857142857142,0.0967741935483871,0.5573770491803278,-0.28421052631578947,0.7391304347826086,-0.15,0.918918918918919,-0.04225352112676056,3.090909090909091,0.5111111111111111,1.5454545454545454,0.21428571428571427,1.2142857142857142,0.0967741935483871,2.8333333333333335,0.4782608695652174,0.918918918918919,-0.04225352112676056,1.3214285714285714,0.13846153846153847,0.6065573770491803,-0.24489795918367346,0.8043478260869565,-0.10843373493975904,1.0,0.0,3.3636363636363638,0.5416666666666666,1.6818181818181819,0.2542372881355932,1.3214285714285714,0.13846153846153847,3.0833333333333335,0.5102040816326531,1.088235294117647,0.04225352112676056
3.06,34,37,28,61,46,37,11,22,28,12,0.45901639344262296,-0.3707865168539326,0.6086956521739131,-0.24324324324324326,0.7567567567567568,-0.13846153846153847,2.5454545454545454,0.4358974358974359,1.2727272727272727,0.12,1.0,0.0,2.3333333333333335,0.4,0.8235294117647058,-0.0967741935483871,0.7567567567567568,-0.13846153846153847,2.1785714285714284,0.3707865168539326,1.326086956521739,0.14018691588785046,1.6486486486486487,0.24489795918367346,5.545454545454546,0.6944444444444444,2.772727272727273,0.46987951807228917,2.1785714285714284,0.3707865168539326,5.083333333333333,0.6712328767123288,1.7941176470588236,0.28421052631578947,1.6486486486486487,0.24489795918367346,1.6428571428571428,0.24324324324324326,0.7540983606557377,-0.14018691588785046,1.2432432432432432,0.10843373493975904,4.181818181818182,0.6140350877192983,2.090909090909091,0.35294117647058826,1.6428571428571428,0.24324324324324326,3.8333333333333335,0.5862068965517241,1.3529411764705883,0.15,1.2432432432432432,0.10843373493975904,1.3214285714285714,0.13846153846153847,0.6065573770491803,-0.24489795918367346,0.8043478260869565,-0.10843373493975904,3.3636363636363638,0.5416666666666666,1.6818181818181819,0.2542372881355932,1.3214285714285714,0.13846153846153847,3.0833333333333335,0.5102040816326531,1.088235294117647,0.04225352112676056,1.0,0.0,0.39285714285714285,-0.4358974358974359,0.18032786885245902,-0.6944444444444444,0.2391304347826087,-0.6140350877192983,0.2972972972972973,-0.5416666666666666,0.5,-0.3333333333333333,0.39285714285714285,-0.4358974358974359,0.9166666666666666,-0.043478260869565216,0.3235294117647059,-0.5111111111111111,0.2972972972972973,-0.5416666666666666,0.7857142857142857,-0.12,0.36065573770491804,-0.46987951807228917,0.4782608695652174,-0.35294117647058826,0.5945945945945946,-0.2542372881355932,2.0,0.3333333333333333,0.7857142857142857,-0.12,1.8333333333333333,0.29411764705882354,0.6470588235294118,-0.21428571428571427,0.5945945945945946,-0.2542372881355932,1.0,0.0,0.45901639344262296,-0.3707865168539326,0.6086956521739131,-0.24324324324324326,0.7567567567567568,-0.13846153846153847,2.5454545454545454,0.4358974358974359,1.2727272727272727,0.12,2.3333333333333335,0.4,0.8235294117647058,-0.0967741935483871,0.7567567567567568,-0.13846153846153847,0.42857142857142855,-0.4,0.19672131147540983,-0.6712328767123288,0.2608695652173913,-0.5862068965517241,0.32432432432432434,-0.5102040816326531,1.0909090909090908,0.043478260869565216,0.5454545454545454,-0.29411764705882354,0.42857142857142855,-0.4,0.35294117647058826,-0.4782608695652174,0.32432432432432434,-0.5102040816326531,1.2142857142857142,0.0967741935483871,0.5573770491803278,-0.28421052631578947,0.7391304347826086,-0.15,0.918918918918919,-0.04225352112676056,3.090909090909091,0.5111111111111111,1.5454545454545454,0.21428571428571427,1.2142857142857142,0.0967741935483871,2.8333333333333335,0.4782608695652174,0.918918918918919,-0.04225352112676056,1.3214285714285714,0.13846153846153847,0.6065573770491803,-0.24489795918367346,0.8043478260869565,-0.10843373493975904,1.0,0.0,3.3636363636363638,0.5416666666666666,1.6818181818181819,0.2542372881355932,1.3214285714285714,0.13846153846153847,3.0833333333333335,0.5102040816326531,1.088235294117647,0.04225352112676056
5.86,12,15,112,83,60,57,28,25,26,12,1.3493975903614457,0.14871794871794872,1.8666666666666667,0.3023255813953488,1.9649122807017543,0.3254437869822485,4.0,0.6,4.48,0.635036496350365,4.3076923076923075,0.6231884057971014,9.333333333333334,0.8064516129032258,9.333333333333334,0.8064516129032258,7.466666666666667,0.7637795275590551,0.7410714285714286,-0.14871794871794872,1.3833333333333333,0.16083916083916083,1.456140350877193,0.18571428571428572,2.9642857142857144,0.4954954954954955,3.32,0.5370370370370371,3.1923076923076925,0.5229357798165137,6.916666666666667,0.7473684210526316,6.916666666666667,0.7473684210526316,5.533333333333333,0.6938775510204082,0.5357142857142857,-0.3023255813953488,0.7228915662650602,-0.16083916083916083,1.0526315789473684,0.02564102564102564,2.142857142857143,0.36363636363636365,2.4,0.4117647058823529,2.3076923076923075,0.3953488372093023,5.0,0.6666666666666666,5.0,0.6666666666666666,4.0,0.6,0.5089285714285714,-0.3254437869822485,0.6867469879518072,-0.18571428571428572,0.95,-0.02564102564102564,2.0357142857142856,0.3411764705882353,2.28,0.3902439024390244,2.1923076923076925,0.37349397590361444,4.75,0.6521739130434783,4.75,0.6521739130434783,3.8,0.5833333333333334,0.25,-0.6,0.3373493975903614,-0.4954954954954955,0.4666666666666667,-0.36363636363636365,0.49122807017543857,-0.3411764705882353,1.12,0.05660377358490566,1.0769230769230769,0.037037037037037035,2.3333333333333335,0.4,2.3333333333333335,0.4,1.8666666666666667,0.3023255813953488,0.22321428571428573,-0.635036496350365,0.30120481927710846,-0.5370370370370371,0.4166666666666667,-0.4117647058823529,0.43859649122807015,-0.3902439024390244,0.8928571428571429,-0.05660377358490566,0.9615384615384616,-0.0196078431372549,2.0833333333333335,0.35135135135135137,2.0833333333333335,0.35135135135135137,1.6666666666666667,0.25,0.23214285714285715,-0.6231884057971014,0.3132530120481928,-0.5229357798165137,0.43333333333333335,-0.3953488372093023,0.45614035087719296,-0.37349397590361444,0.9285714285714286,-0.037037037037037035,1.04,0.0196078431372549,2.1666666666666665,0.3684210526315789,2.1666666666666665,0.3684210526315789,1.7333333333333334,0.2682926829268293,0.10714285714285714,-0.8064516129032258,0.14457831325301204,-0.7473684210526316,0.2,-0.6666666666666666,0.21052631578947367,-0.6521739130434783,0.42857142857142855,-0.4,0.48,-0.35135135135135137,0.46153846153846156,-0.3684210526315789,1.0,0.0,0.8,-0.1111111111111111,0.10714285714285714,-0.8064516129032258,0.14457831325301204,-0.7473684210526316,0.2,-0.6666666666666666,0.21052631578947367,-0.6521739130434783,0.42857142857142855,-0.4,0.48,-0.35135135135135137,0.46153846153846156,-0.3684210526315789,1.0,0.0,0.8,-0.1111111111111111,0.13392857142857142,-0.7637795275590551,0.18072289156626506,-0.6938775510204082,0.25,-0.6,0.2631578947368421,-0.5833333333333334,0.5357142857142857,-0.3023255813953488,0.6,-0.25,0.5769230769230769,-0.2682926829268293,1.25,0.1111111111111111,1.25,0.1111111111111111
3.52,12,15,112,83,60,57,28,25,26,12,1.3493975903614457,0.14871794871794872,1.8666666666666667,0.3023255813953488,1.9649122807017543,0.3254437869822485,4.0,0.6,4.48,0.635036496350365,4.3076923076923075,0.6231884057971014,9.333333333333334,0.8064516129032258,9.333333333333334,0.8064516129032258,7.466666666666667,0.7637795275590551,0.7410714285714286,-0.14871794871794872,1.3833333333333333,0.16083916083916083,1.456140350877193,0.18571428571428572,2.9642857142857144,0.4954954954954955,3.32,0.5370370370370371,3.1923076923076925,0.5229357798165137,6.916666666666667,0.7473684210526316,6.916666666666667,0.7473684210526316,5.533333333333333,0.6938775510204082,0.5357142857142857,-0.3023255813953488,0.7228915662650602,-0.16083916083916083,1.0526315789473684,0.02564102564102564,2.142857142857143,0.36363636363636365,2.4,0.4117647058823529,2.3076923076923075,0.3953488372093023,5.0,0.6666666666666666,5.0,0.6666666666666666,4.0,0.6,0.5089285714285714,-0.3254437869822485,0.6867469879518072,-0.18571428571428572,0.95,-0.02564102564102564,2.0357142857142856,0.3411764705882353,2.28,0.3902439024390244,2.1923076923076925,0.37349397590361444,4.75,0.6521739130434783,4.75,0.6521739130434783,3.8,0.5833333333333334,0.25,-0.6,0.3373493975903614,-0.4954954954954955,0.4666666666666667,-0.36363636363636365,0.49122807017543857,-0.3411764705882353,1.12,0.05660377358490566,1.0769230769230769,0.037037037037037035,2.3333333333333335,0.4,2.3333333333333335,0.4,1.8666666666666667,0.3023255813953488,0.22321428571428573,-0.635036496350365,0.30120481927710846,-0.5370370370370371,0.4166666666666667,-0.4117647058823529,0.43859649122807015,-0.3902439024390244,0.8928571428571429,-0.05660377358490566,0.9615384615384616,-0.0196078431372549,2.0833333333333335,0.35135135135135137,2.0833333333333335,0.35135135135135137,1.6666666666666667,0.25,0.23214285714285715,-0.6231884057971014,0.3132530120481928,-0.5229357798165137,0.43333333333333335,-0.3953488372093023,0.45614035087719296,-0.37349397590361444,0.9285714285714286,-0.037037037037037035,1.04,0.0196078431372549,2.1666666666666665,0.3684210526315789,2.1666666666666665,0.3684210526315789,1.7333333333333334,0.2682926829268293,0.10714285714285714,-0.8064516129032258,0.14457831325301204,-0.7473684210526316,0.2,-0.6666666666666666,0.21052631578947367,-0.6521739130434783,0.42857142857142855,-0.4,0.48,-0.35135135135135137,0.46153846153846156,-0.3684210526315789,1.0,0.0,0.8,-0.1111111111111111,0.10714285714285714,-0.8064516129032258,0.14457831325301204,-0.7473684210526316,0.2,-0.6666666666666666,0.21052631578947367,-0.6521739130434783,0.42857142857142855,-0.4,0.48,-0.35135135135135137,0.46153846153846156,-0.3684210526315789,1.0,0.0,0.8,-0.1111111111111111,0.13392857142857142,-0.7637795275590551,0.18072289156626506,-0.6938775510204082,0.25,-0.6,0.2631578947368421,-0.5833333333333334,0.5357142857142857,-0.3023255813953488,0.6,-0.25,0.5769230769230769,-0.2682926829268293,1.25,0.1111111111111111,1.25,0.1111111111111111
3.38,21,21,117,90,69,80,28,40,35,8,1.3,0.13043478260869565,1.6956521739130435,0.25806451612903225,1.4625,0.18781725888324874,4.178571428571429,0.6137931034482759,2.925,0.49044585987261147,3.342857142857143,0.5394736842105263,14.625,0.872,5.571428571428571,0.6956521739130435,5.571428571428571,0.6956521739130435,0.7692307692307693,-0.13043478260869565,1.3043478260869565,0.1320754716981132,1.125,0.058823529411764705,3.2142857142857144,0.5254237288135594,2.25,0.38461538461538464,2.5714285714285716,0.44,11.25,0.8367346938775511,4.285714285714286,0.6216216216216216,4.285714285714286,0.6216216216216216,0.5897435897435898,-0.25806451612903225,0.7666666666666667,-0.1320754716981132,0.8625,-0.0738255033557047,2.4642857142857144,0.422680412371134,1.725,0.26605504587155965,1.9714285714285715,0.3269230769230769,8.625,0.7922077922077922,3.2857142857142856,0.5333333333333333,3.2857142857142856,0.5333333333333333,0.6837606837606838,-0.18781725888324874,0.8888888888888888,-0.058823529411764705,1.1594202898550725,0.0738255033557047,2.857142857142857,0.48148148148148145,2.0,0.3333333333333333,2.2857142857142856,0.391304347826087,10.0,0.8181818181818182,3.8095238095238093,0.5841584158415841,3.8095238095238093,0.5841584158415841,0.23931623931623933,-0.6137931034482759,0.3111111111111111,-0.5254237288135594,0.4057971014492754,-0.422680412371134,0.35,-0.48148148148148145,0.7,-0.17647058823529413,0.8,-0.1111111111111111,3.5,0.5555555555555556,1.3333333333333333,0.14285714285714285,1.3333333333333333,0.14285714285714285,0.3418803418803419,-0.49044585987261147,0.4444444444444444,-0.38461538461538464,0.5797101449275363,-0.26605504587155965,0.5,-0.3333333333333333,1.4285714285714286,0.17647058823529413,1.1428571428571428,0.06666666666666667,5.0,0.6666666666666666,1.9047619047619047,0.3114754098360656,1.9047619047619047,0.3114754098360656,0.29914529914529914,-0.5394736842105263,0.3888888888888889,-0.44,0.5072463768115942,-0.3269230769230769,0.4375,-0.391304347826087,1.25,0.1111111111111111,0.875,-0.06666666666666667,4.375,0.627906976744186,1.6666666666666667,0.25,1.6666666666666667,0.25,0.06837606837606838,-0.872,0.08888888888888889,-0.8367346938775511,0.11594202898550725,-0.7922077922077922,0.1,-0.8181818181818182,0.2857142857142857,-0.5555555555555556,0.2,-0.6666666666666666,0.22857142857142856,-0.627906976744186,0.38095238095238093,-0.4482758620689655,0.38095238095238093,-0.4482758620689655,0.1794871794871795,-0.6956521739130435,0.23333333333333334,-0.6216216216216216,0.30434782608695654,-0.5333333333333333,0.2625,-0.5841584158415841,0.75,-0.14285714285714285,0.525,-0.3114754098360656,0.6,-0.25,2.625,0.4482758620689655,1.0,0.0,0.1794871794871795,-0.6956521739130435,0.23333333333333334,-0.6216216216216216,0.30434782608695654,-0.5333333333333333,0.2625,-0.5841584158415841,0.75,-0.14285714285714285,0.525,-0.3114754098360656,0.6,-0.25,2.625,0.4482758620689655,1.0,0.0
4.07,21,21,117,90,69,80,28,40,35,8,1.3,0.13043478260869565,1.6956521739130435,0.25806451612903225,1.4625,0.18781725888324874,4.178571428571429,0.6137931034482759,2.925,0.49044585987261147,3.342857142857143,0.5394736842105263,14.625,0.872,5.571428571428571,0.6956521739130435,5.571428571428571,0.6956521739130435,0.7692307692307693,-0.13043478260869565,1.3043478260869565,0.1320754716981132,1.125,0.058823529411764705,3.2142857142857144,0.5254237288135594,2.25,0.38461538461538464,2.5714285714285716,0.44,11.25,0.8367346938775511,4.285714285714286,0.6216216216216216,4.285714285714286,0.6216216216216216,0.5897435897435898,-0.25806451612903225,0.7666666666666667,-0.1320754716981132,0.8625,-0.0738255033557047,2.4642857142857144,0.422680412371134,1.725,0.26605504587155965,1.9714285714285715,0.3269230769230769,8.625,0.7922077922077922,3.2857142857142856,0.5333333333333333,3.2857142857142856,0.5333333333333333,0.6837606837606838,-0.18781725888324874,0.8888888888888888,-0.058823529411764705,1.1594202898550725,0.0738255033557047,2.857142857142857,0.48148148148148145,2.0,0.3333333333333333,2.2857142857142856,0.391304347826087,10.0,0.8181818181818182,3.8095238095238093,0.5841584158415841,3.8095238095238093,0.5841584158415841,0.23931623931623933,-0.6137931034482759,0.3111111111111111,-0.5254237288135594,0.4057971014492754,-0.422680412371134,0.35,-0.48148148148148145,0.7,-0.17647058823529413,0.8,-0.1111111111111111,3.5,0.5555555555555556,1.3333333333333333,0.14285714285714285,1.3333333333333333,0.14285714285714285,0.3418803418803419,-0.49044585987261147,0.4444444444444444,-0.38461538461538464,0.5797101449275363,-0.26605504587155965,0.5,-0.3333333333333333,1.4285714285714286,0.17647058823529413,1.1428571428571428,0.06666666666666667,5.0,0.6666666666666666,1.9047619047619047,0.3114754098360656,1.9047619047619047,0.3114754098360656,0.29914529914529914,-0.5394736842105263,0.3888888888888889,-0.44,0.5072463768115942,-0.3269230769230769,0.4375,-0.391304347826087,1.25,0.1111111111111111,0.875,-0.06666666666666667,4.375,0.627906976744186,1.6666666666666667,0.25,1.6666666666666667,0.25,0.06837606837606838,-0.872,0.08888888888888889,-0.8367346938775511,0.11594202898550725,-0.7922077922077922,0.1,-0.8181818181818182,0.2857142857142857,-0.5555555555555556,0.2,-0.6666666666666666,0.22857142857142856,-0.627906976744186,0.38095238095238093,-0.4482758620689655,0.38095238095238093,-0.4482758620689655,0.1794871794871795,-0.6956521739130435,0.23333333333333334,-0.6216216216216216,0.30434782608695654,-0.5333333333333333,0.2625,-0.5841584158415841,0.75,-0.14285714285714285,0.525,-0.3114754098360656,0.6,-0.25,2.625,0.4482758620689655,1.0,0.0,0.1794871794871795,-0.6956521739130435,0.23333333333333334,-0.6216216216216216,0.30434782608695654,-0.5333333333333333,0.2625,-0.5841584158415841,0.75,-0.14285714285714285,0.525,-0.3114754098360656,0.6,-0.25,2.625,0.4482758620689655,1.0,0.0
8.02,13,7,139,122,113,113,44,58,50,25,1.139344262295082,0.06513409961685823,1.2300884955752212,0.10317460317460317,1.2300884955752212,0.10317460317460317,3.159090909090909,0.5191256830601093,2.396551724137931,0.41116751269035534,2.78,0.4708994708994709,5.56,0.6951219512195121,10.692307692307692,0.8289473684210527,19.857142857142858,0.9041095890410958,0.8776978417266187,-0.06513409961685823,1.079646017699115,0.03829787234042553,1.079646017699115,0.03829787234042553,2.772727272727273,0.46987951807228917,2.103448275862069,0.35555555555555557,2.44,0.4186046511627907,4.88,0.6598639455782312,9.384615384615385,0.8074074074074075,17.428571428571427,0.8914728682170543,0.8129496402877698,-0.10317460317460317,0.9262295081967213,-0.03829787234042553,1.0,0.0,2.5681818181818183,0.4394904458598726,1.9482758620689655,0.3216374269005848,2.26,0.38650306748466257,4.52,0.6376811594202898,8.692307692307692,0.7936507936507936,16.142857142857142,0.8833333333333333,0.8129496402877698,-0.10317460317460317,0.9262295081967213,-0.03829787234042553,1.0,0.0,2.5681818181818183,0.4394904458598726,1.9482758620689655,0.3216374269005848,2.26,0.38650306748466257,4.52,0.6376811594202898,8.692307692307692,0.7936507936507936,16.142857142857142,0.8833333333333333,0.31654676258992803,-0.5191256830601093,0.36065573770491804,-0.46987951807228917,0.3893805309734513,-0.4394904458598726,0.3893805309734513,-0.4394904458598726,0.7586206896551724,-0.13725490196078433,0.88,-0.06382978723404255,1.76,0.2753623188405797,3.3846153846153846,0.543859649122807,6.285714285714286,0.7254901960784313,0.4172661870503597,-0.41116751269035534,0.47540983606557374,-0.35555555555555557,0.5132743362831859,-0.3216374269005848,0.5132743362831859,-0.3216374269005848,1.3181818181818181,0.13725490196078433,1.16,0.07407407407407407,2.32,0.39759036144578314,4.461538461538462,0.6338028169014085,8.285714285714286,0.7846153846153846,0.3597122302158273,-0.4708994708994709,0.4098360655737705,-0.4186046511627907,0.4424778761061947,-0.38650306748466257,0.4424778761061947,-0.38650306748466257,1.1363636363636365,0.06382978723404255,0.8620689655172413,-0.07407407407407407,2.0,0.3333333333333333,3.8461538461538463,0.5873015873015873,7.142857142857143,0.7543859649122807,0.17985611510791366,-0.6951219512195121,0.20491803278688525,-0.6598639455782312,0.22123893805309736,-0.6376811594202898,0.22123893805309736,-0.6376811594202898,0.5681818181818182,-0.2753623188405797,0.43103448275862066,-0.39759036144578314,0.5,-0.3333333333333333,1.9230769230769231,0.3157894736842105,3.5714285714285716,0.5625,0.09352517985611511,-0.8289473684210527,0.10655737704918032,-0.8074074074074075,0.11504424778761062,-0.7936507936507936,0.11504424778761062,-0.7936507936507936,0.29545454545454547,-0.543859649122807,0.22413793103448276,-0.6338028169014085,0.26,-0.5873015873015873,0.52,-0.3157894736842105,1.8571428571428572,0.3,0.050359712230215826,-0.9041095890410958,0.05737704918032787,-0.8914728682170543,0.061946902654867256,-0.8833333333333333,0.061946902654867256,-0.8833333333333333,0.1590909090909091,-0.7254901960784313,0.1206896551724138,-0.7846153846153846,0.14,-0.7543859649122807,0.28,-0.5625,0.5384615384615384,-0.3
7.26,13,7,139,122,113,113,44,58,50,25,1.139344262295082,0.06513409961685823,1.2300884955752212,0.10317460317460317,1.2300884955752212,0.10317460317460317,3.159090909090909,0.5191256830601093,2.396551724137931,0.41116751269035534,2.78,0.4708994708994709,5.56,0.6951219512195121,10.692307692307692,0.8289473684210527,19.857142857142858,0.9041095890410958,0.8776978417266187,-0.06513409961685823,1.079646017699115,0.03829787234042553,1.079646017699115,0.03829787234042553,2.772727272727273,0.46987951807228917,2.103448275862069,0.35555555555555557,2.44,0.4186046511627907,4.88,0.6598639455782312,9.384615384615385,0.8074074074074075,17.428571428571427,0.8914728682170543,0.8129496402877698,-0.10317460317460317,0.9262295081967213,-0.03829787234042553,1.0,0.0,2.5681818181818183,0.4394904458598726,1.9482758620689655,0.3216374269005848,2.26,0.38650306748466257,4.52,0.6376811594202898,8.692307692307692,0.7936507936507936,16.142857142857142,0.8833333333333333,0.8129496402877698,-0.10317460317460317,0.9262295081967213,-0.03829787234042553,1.0,0.0,2.5681818181818183,0.4394904458598726,1.9482758620689655,0.3216374269005848,2.26,0.38650306748466257,4.52,0.6376811594202898,8.692307692307692,0.7936507936507936,16.142857142857142,0.8833333333333333,0.31654676258992803,-0.5191256830601093,0.36065573770491804,-0.46987951807228917,0.3893805309734513,-0.4394904458598726,0.3893805309734513,-0.4394904458598726,0.7586206896551724,-0.13725490196078433,0.88,-0.06382978723404255,1.76,0.2753623188405797,3.3846153846153846,0.543859649122807,6.285714285714286,0.7254901960784313,0.4172661870503597,-0.41116751269035534,0.47540983606557374,-0.35555555555555557,0.5132743362831859,-0.3216374269005848,0.5132743362831859,-0.3216374269005848,1.3181818181818181,0.13725490196078433,1.16,0.07407407407407407,2.32,0.39759036144578314,4.461538461538462,0.6338028169014085,8.285714285714286,0.7846153846153846,0.3597122302158273,-0.4708994708994709,0.4098360655737705,-0.4186046511627907,0.4424778761061947,-0.38650306748466257,0.4424778761061947,-0.38650306748466257,1.1363636363636365,0.06382978723404255,0.8620689655172413,-0.07407407407407407,2.0,0.3333333333333333,3.8461538461538463,0.5873015873015873,7.142857142857143,0.7543859649122807,0.17985611510791366,-0.6951219512195121,0.20491803278688525,-0.6598639455782312,0.22123893805309736,-0.6376811594202898,0.22123893805309736,-0.6376811594202898,0.5681818181818182,-0.2753623188405797,0.43103448275862066,-0.39759036144578314,0.5,-0.3333333333333333,1.9230769230769231,0.3157894736842105,3.5714285714285716,0.5625,0.09352517985611511,-0.8289473684210527,0.10655737704918032,-0.8074074074074075,0.11504424778761062,-0.7936507936507936,0.11504424778761062,-0.7936507936507936,0.29545454545454547,-0.543859649122807,0.22413793103448276,-0.6338028169014085,0.26,-0.5873015873015873,0.52,-0.3157894736842105,1.8571428571428572,0.3,0.050359712230215826,-0.9041095890410958,0.05737704918032787,-0.8914728682170543,0.061946902654867256,-0.8833333333333333,0.061946902654867256,-0.8833333333333333,0.1590909090909091,-0.7254901960784313,0.1206896551724138,-0.7846153846153846,0.14,-0.7543859649122807,0.28,-0.5625,0.5384615384615384,-0.3
2.54,92,75,131,151,142,130,93,88,100,86,0.8675496688741722,-0.07092198581560284,0.9225352112676056,-0.040293040293040296,1.0076923076923077,0.0038314176245210726,1.4086021505376345,0.16964285714285715,1.4886363636363635,0.1963470319634703,1.31,0.1341991341991342,1.5232558139534884,0.2073732718894009,1.423913043478261,0.17488789237668162,1.7466666666666666,0.27184466019417475,1.1526717557251909,0.07092198581560284,1.0633802816901408,0.030716723549488054,1.1615384615384616,0.07473309608540925,1.6236559139784945,0.23770491803278687,1.7159090909090908,0.26359832635983266,1.51,0.20318725099601595,1.755813953488372,0.2742616033755274,1.641304347826087,0.24279835390946503,2.013333333333333,0.336283185840708,1.083969465648855,0.040293040293040296,0.9403973509933775,-0.030716723549488054,1.0923076923076922,0.04411764705882353,1.5268817204301075,0.20851063829787234,1.6136363636363635,0.23478260869565218,1.42,0.17355371900826447,1.6511627906976745,0.24561403508771928,1.5434782608695652,0.21367521367521367,1.8933333333333333,0.3087557603686636,0.9923664122137404,-0.0038314176245210726,0.8609271523178808,-0.07473309608540925,0.9154929577464789,-0.04411764705882353,1.3978494623655915,0.16591928251121077,1.4772727272727273,0.1926605504587156,1.3,0.13043478260869565,1.5116279069767442,0.2037037037037037,1.4130434782608696,0.17117117117117117,1.7333333333333334,0.2682926829268293,0.7099236641221374,-0.16964285714285715,0.6158940397350994,-0.23770491803278687,0.6549295774647887,-0.20851063829787234,0.7153846153846154,-0.16591928251121077,1.0568181818181819,0.027624309392265192,0.93,-0.03626943005181347,1.0813953488372092,0.03910614525139665,1.0108695652173914,0.005405405405405406,1.24,0.10714285714285714,0.6717557251908397,-0.1963470319634703,0.5827814569536424,-0.26359832635983266,0.6197183098591549,-0.23478260869565218,0.676923076923077,-0.1926605504587156,0.946236559139785,-0.027624309392265192,0.88,-0.06382978723404255,1.0232558139534884,0.011494252873563218,0.9565217391304348,-0.022222222222222223,1.1733333333333333,0.07975460122699386,0.7633587786259542,-0.1341991341991342,0.6622516556291391,-0.20318725099601595,0.704225352112676,-0.17355371900826447,0.7692307692307693,-0.13043478260869565,1.075268817204301,0.03626943005181347,1.1363636363636365,0.06382978723404255,1.1627906976744187,0.07526881720430108,1.0869565217391304,0.041666666666666664,1.3333333333333333,0.14285714285714285,0.6564885496183206,-0.2073732718894009,0.5695364238410596,-0.2742616033755274,0.6056338028169014,-0.24561403508771928,0.6615384615384615,-0.2037037037037037,0.9247311827956989,-0.03910614525139665,0.9772727272727273,-0.011494252873563218,0.86,-0.07526881720430108,0.9347826086956522,-0.033707865168539325,1.1466666666666667,0.06832298136645963,0.7022900763358778,-0.17488789237668162,0.609271523178808,-0.24279835390946503,0.647887323943662,-0.21367521367521367,0.7076923076923077,-0.17117117117117117,0.989247311827957,-0.005405405405405406,1.0454545454545454,0.022222222222222223,0.92,-0.041666666666666664,1.069767441860465,0.033707865168539325,1.2266666666666666,0.10179640718562874,0.5725190839694656,-0.27184466019417475,0.4966887417218543,-0.336283185840708,0.528169014084507,-0.3087557603686636,0.5769230769230769,-0.2682926829268293,0.8064516129032258,-0.10714285714285714,0.8522727272727273,-0.07975460122699386,0.75,-0.14285714285714285,0.872093023255814,-0.06832298136645963,0.8152173913043478,-0.10179640718562874
2.94,46,41,176,145,130,126,70,83,71,62,1.2137931034482758,0.09657320872274143,1.353846153846154,0.1503267973856209,1.3968253968253967,0.16556291390728478,2.5142857142857142,0.43089430894308944,2.1204819277108435,0.3590733590733591,2.4788732394366195,0.4251012145748988,2.838709677419355,0.4789915966386555,3.8260869565217392,0.5855855855855856,4.2926829268292686,0.6221198156682027,0.8238636363636364,-0.09657320872274143,1.1153846153846154,0.05454545454545454,1.1507936507936507,0.07011070110701106,2.0714285714285716,0.3488372093023256,1.7469879518072289,0.2719298245614035,2.0422535211267605,0.3425925925925926,2.338709677419355,0.40096618357487923,3.152173913043478,0.518324607329843,3.5365853658536586,0.5591397849462365,0.7386363636363636,-0.1503267973856209,0.896551724137931,-0.05454545454545454,1.0317460317460319,0.015625,1.8571428571428572,0.3,1.5662650602409638,0.22065727699530516,1.8309859154929577,0.2935323383084577,2.096774193548387,0.3541666666666667,2.8260869565217392,0.4772727272727273,3.1707317073170733,0.52046783625731,0.7159090909090909,-0.16556291390728478,0.8689655172413793,-0.07011070110701106,0.9692307692307692,-0.015625,1.8,0.2857142857142857,1.5180722891566265,0.20574162679425836,1.7746478873239437,0.27918781725888325,2.032258064516129,0.3404255319148936,2.739130434782609,0.46511627906976744,3.073170731707317,0.5089820359281437,0.3977272727272727,-0.43089430894308944,0.4827586206896552,-0.3488372093023256,0.5384615384615384,-0.3,0.5555555555555556,-0.2857142857142857,0.8433734939759037,-0.08496732026143791,0.9859154929577465,-0.0070921985815602835,1.1290322580645162,0.06060606060606061,1.5217391304347827,0.20689655172413793,1.7073170731707317,0.26126126126126126,0.4715909090909091,-0.3590733590733591,0.5724137931034483,-0.2719298245614035,0.6384615384615384,-0.22065727699530516,0.6587301587301587,-0.20574162679425836,1.1857142857142857,0.08496732026143791,1.1690140845070423,0.07792207792207792,1.3387096774193548,0.14482758620689656,1.8043478260869565,0.2868217054263566,2.024390243902439,0.3387096774193548,0.4034090909090909,-0.4251012145748988,0.4896551724137931,-0.3425925925925926,0.5461538461538461,-0.2935323383084577,0.5634920634920635,-0.27918781725888325,1.0142857142857142,0.0070921985815602835,0.8554216867469879,-0.07792207792207792,1.1451612903225807,0.06766917293233082,1.5434782608695652,0.21367521367521367,1.7317073170731707,0.26785714285714285,0.3522727272727273,-0.4789915966386555,0.42758620689655175,-0.40096618357487923,0.47692307692307695,-0.3541666666666667,0.49206349206349204,-0.3404255319148936,0.8857142857142857,-0.06060606060606061,0.7469879518072289,-0.14482758620689656,0.8732394366197183,-0.06766917293233082,1.3478260869565217,0.14814814814814814,1.5121951219512195,0.20388349514563106,0.26136363636363635,-0.5855855855855856,0.31724137931034485,-0.518324607329843,0.35384615384615387,-0.4772727272727273,0.36507936507936506,-0.46511627906976744,0.6571428571428571,-0.20689655172413793,0.5542168674698795,-0.2868217054263566,0.647887323943662,-0.21367521367521367,0.7419354838709677,-0.14814814814814814,1.1219512195121952,0.05747126436781609,0.23295454545454544,-0.6221198156682027,0.2827586206896552,-0.5591397849462365,0.3153846153846154,-0.52046783625731,0.3253968253968254,-0.5089820359281437,0.5857142857142857,-0.26126126126126126,0.4939759036144578,-0.3387096774193548,0.5774647887323944,-0.26785714285714285,0.6612903225806451,-0.20388349514563106,0.8913043478260869,-0.05747126436781609
3.52,46,41,176,145,130,126,70,83,71,62,1.2137931034482758,0.09657320872274143,1.353846153846154,0.1503267973856209,1.3968253968253967,0.16556291390728478,2.5142857142857142,0.43089430894308944,2.1204819277108435,0.3590733590733591,2.4788732394366195,0.4251012145748988,2.838709677419355,0.4789915966386555,3.8260869565217392,0.5855855855855856,4.2926829268292686,0.6221198156682027,0.8238636363636364,-0.09657320872274143,1.1153846153846154,0.05454545454545454,1.1507936507936507,0.07011070110701106,2.0714285714285716,0.3488372093023256,1.7469879518072289,0.2719298245614035,2.0422535211267605,0.3425925925925926,2.338709677419355,0.40096618357487923,3.152173913043478,0.518324607329843,3.5365853658536586,0.5591397849462365,0.7386363636363636,-0.1503267973856209,0.896551724137931,-0.05454545454545454,1.0317460317460319,0.015625,1.8571428571428572,0.3,1.5662650602409638,0.22065727699530516,1.8309859154929577,0.2935323383084577,2.096774193548387,0.3541666666666667,2.8260869565217392,0.4772727272727273,3.1707317073170733,0.52046783625731,0.7159090909090909,-0.16556291390728478,0.8689655172413793,-0.07011070110701106,0.9692307692307692,-0.015625,1.8,0.2857142857142857,1.5180722891566265,0.20574162679425836,1.7746478873239437,0.27918781725888325,2.032258064516129,0.3404255319148936,2.739130434782609,0.46511627906976744,3.073170731707317,0.5089820359281437,0.3977272727272727,-0.43089430894308944,0.4827586206896552,-0.3488372093023256,0.5384615384615384,-0.3,0.5555555555555556,-0.2857142857142857,0.8433734939759037,-0.08496732026143791,0.9859154929577465,-0.0070921985815602835,1.1290322580645162,0.06060606060606061,1.5217391304347827,0.20689655172413793,1.7073170731707317,0.26126126126126126,0.4715909090909091,-0.3590733590733591,0.5724137931034483,-0.2719298245614035,0.6384615384615384,-0.22065727699530516,0.6587301587301587,-0.20574162679425836,1.1857142857142857,0.08496732026143791,1.1690140845070423,0.07792207792207792,1.3387096774193548,0.14482758620689656,1.8043478260869565,0.2868217054263566,2.024390243902439,0.3387096774193548,0.4034090909090909,-0.4251012145748988,0.4896551724137931,-0.3425925925925926,0.5461538461538461,-0.2935323383084577,0.5634920634920635,-0.27918781725888325,1.0142857142857142,0.0070921985815602835,0.8554216867469879,-0.07792207792207792,1.1451612903225807,0.06766917293233082,1.5434782608695652,0.21367521367521367,1.7317073170731707,0.26785714285714285,0.3522727272727273,-0.4789915966386555,0.42758620689655175,-0.40096618357487923,0.47692307692307695,-0.3541666666666667,0.49206349206349204,-0.3404255319148936,0.8857142857142857,-0.06060606060606061,0.7469879518072289,-0.14482758620689656,0.8732394366197183,-0.06766917293233082,1.3478260869565217,0.14814814814814814,1.5121951219512195,0.20388349514563106,0.26136363636363635,-0.5855855855855856,0.31724137931034485,-0.518324607329843,0.35384615384615387,-0.4772727272727273,0.36507936507936506,-0.46511627906976744,0.6571428571428571,-0.20689655172413793,0.5542168674698795,-0.2868217054263566,0.647887323943662,-0.21367521367521367,0.7419354838709677,-0.14814814814814814,1.1219512195121952,0.05747126436781609,0.23295454545454544,-0.6221198156682027,0.2827586206896552,-0.5591397849462365,0.3153846153846154,-0.52046783625731,0.3253968253968254,-0.5089820359281437,0.5857142857142857,-0.26126126126126126,0.4939759036144578,-0.3387096774193548,0.5774647887323944,-0.26785714285714285,0.6612903225806451,-0.20388349514563106,0.8913043478260869,-0.05747126436781609
2.98,65,58,126,140,130,104,72,71,61,52,0.9,-0.05263157894736842,0.9692307692307692,-0.015625,1.2115384615384615,0.09565217391304348,1.75,0.2727272727272727,1.7746478873239437,0.27918781725888325,2.0655737704918034,0.34759358288770054,2.423076923076923,0.4157303370786517,1.9384615384615385,0.3193717277486911,2.1724137931034484,0.3695652173913043,1.1111111111111112,0.05263157894736842,1.0769230769230769,0.037037037037037035,1.3461538461538463,0.14754098360655737,1.9444444444444444,0.32075471698113206,1.971830985915493,0.32701421800947866,2.2950819672131146,0.39303482587064675,2.6923076923076925,0.4583333333333333,2.1538461538461537,0.36585365853658536,2.413793103448276,0.41414141414141414,1.0317460317460319,0.015625,0.9285714285714286,-0.037037037037037035,1.25,0.1111111111111111,1.8055555555555556,0.2871287128712871,1.8309859154929577,0.2935323383084577,2.1311475409836067,0.3612565445026178,2.5,0.42857142857142855,2.0,0.3333333333333333,2.2413793103448274,0.3829787234042553,0.8253968253968254,-0.09565217391304348,0.7428571428571429,-0.14754098360655737,0.8,-0.1111111111111111,1.4444444444444444,0.18181818181818182,1.4647887323943662,0.18857142857142858,1.7049180327868851,0.2606060606060606,2.0,0.3333333333333333,1.6,0.23076923076923078,1.793103448275862,0.2839506172839506,0.5714285714285714,-0.2727272727272727,0.5142857142857142,-0.32075471698113206,0.5538461538461539,-0.2871287128712871,0.6923076923076923,-0.18181818181818182,1.0140845070422535,0.006993006993006993,1.180327868852459,0.08270676691729323,1.3846153846153846,0.16129032258064516,1.1076923076923078,0.051094890510948905,1.2413793103448276,0.1076923076923077,0.5634920634920635,-0.27918781725888325,0.5071428571428571,-0.32701421800947866,0.5461538461538461,-0.2935323383084577,0.6826923076923077,-0.18857142857142858,0.9861111111111112,-0.006993006993006993,1.1639344262295082,0.07575757575757576,1.3653846153846154,0.15447154471544716,1.0923076923076922,0.04411764705882353,1.2241379310344827,0.10077519379844961,0.48412698412698413,-0.34759358288770054,0.4357142857142857,-0.39303482587064675,0.46923076923076923,-0.3612565445026178,0.5865384615384616,-0.2606060606060606,0.8472222222222222,-0.08270676691729323,0.8591549295774648,-0.07575757575757576,1.1730769230769231,0.07964601769911504,0.9384615384615385,-0.031746031746031744,1.0517241379310345,0.025210084033613446,0.4126984126984127,-0.4157303370786517,0.37142857142857144,-0.4583333333333333,0.4,-0.42857142857142855,0.5,-0.3333333333333333,0.7222222222222222,-0.16129032258064516,0.7323943661971831,-0.15447154471544716,0.8524590163934426,-0.07964601769911504,0.8,-0.1111111111111111,0.896551724137931,-0.05454545454545454,0.5158730158730159,-0.3193717277486911,0.4642857142857143,-0.36585365853658536,0.5,-0.3333333333333333,0.625,-0.23076923076923078,0.9027777777777778,-0.051094890510948905,0.9154929577464789,-0.04411764705882353,1.0655737704918034,0.031746031746031744,1.25,0.1111111111111111,1.1206896551724137,0.056910569105691054,0.4603174603174603,-0.3695652173913043,0.4142857142857143,-0.41414141414141414,0.4461538461538462,-0.3829787234042553,0.5576923076923077,-0.2839506172839506,0.8055555555555556,-0.1076923076923077,0.8169014084507042,-0.10077519379844961,0.9508196721311475,-0.025210084033613446,1.1153846153846154,0.05454545454545454,0.8923076923076924,-0.056910569105691054
2.97,65,58,126,140,130,104,72,71,61,52,0.9,-0.05263157894736842,0.9692307692307692,-0.015625,1.2115384615384615,0.09565217391304348,1.75,0.2727272727272727,1.7746478873239437,0.27918781725888325,2.0655737704918034,0.34759358288770054,2.423076923076923,0.4157303370786517,1.9384615384615385,0.3193717277486911,2.1724137931034484,0.3695652173913043,1.1111111111111112,0.05263157894736842,1.0769230769230769,0.037037037037037035,1.3461538461538463,0.14754098360655737,1.9444444444444444,0.32075471698113206,1.971830985915493,0.32701421800947866,2.2950819672131146,0.39303482587064675,2.6923076923076925,0.4583333333333333,2.1538461538461537,0.36585365853658536,2.413793103448276,0.41414141414141414,1.0317460317460319,0.015625,0.9285714285714286,-0.037037037037037035,1.25,0.1111111111111111,1.8055555555555556,0.2871287128712871,1.8309859154929577,0.2935323383084577,2.1311475409836067,0.3612565445026178,2.5,0.42857142857142855,2.0,0.3333333333333333,2.2413793103448274,0.3829787234042553,0.8253968253968254,-0.09565217391304348,0.7428571428571429,-0.14754098360655737,0.8,-0.1111111111111111,1.4444444444444444,0.18181818181818182,1.4647887323943662,0.18857142857142858,1.7049180327868851,0.2606060606060606,2.0,0.3333333333333333,1.6,0.23076923076923078,1.793103448275862,0.2839506172839506,0.5714285714285714,-0.2727272727272727,0.5142857142857142,-0.32075471698113206,0.5538461538461539,-0.2871287128712871,0.6923076923076923,-0.18181818181818182,1.0140845070422535,0.006993006993006993,1.180327868852459,0.08270676691729323,1.3846153846153846,0.16129032258064516,1.1076923076923078,0.051094890510948905,1.2413793103448276,0.1076923076923077,0.5634920634920635,-0.27918781725888325,0.5071428571428571,-0.32701421800947866,0.5461538461538461,-0.2935323383084577,0.6826923076923077,-0.18857142857142858,0.9861111111111112,-0.006993006993006993,1.1639344262295082,0.07575757575757576,1.3653846153846154,0.15447154471544716,1.0923076923076922,0.04411764705882353,1.2241379310344827,0.10077519379844961,0.48412698412698413,-0.34759358288770054,0.4357142857142857,-0.39303482587064675,0.46923076923076923,-0.3612565445026178,0.5865384615384616,-0.2606060606060606,0.8472222222222222,-0.08270676691729323,0.8591549295774648,-0.07575757575757576,1.1730769230769231,0.07964601769911504,0.9384615384615385,-0.031746031746031744,1.0517241379310345,0.025210084033613446,0.4126984126984127,-0.4157303370786517,0.37142857142857144,-0.4583333333333333,0.4,-0.42857142857142855,0.5,-0.3333333333333333,0.7222222222222222,-0.16129032258064516,0.7323943661971831,-0.15447154471544716,0.8524590163934426,-0.07964601769911504,0.8,-0.1111111111111111,0.896551724137931,-0.05454545454545454,0.5158730158730159,-0.3193717277486911,0.4642857142857143,-0.36585365853658536,0.5,-0.3333333333333333,0.625,-0.23076923076923078,0.9027777777777778,-0.051094890510948905,0.9154929577464789,-0.04411764705882353,1.0655737704918034,0.031746031746031744,1.25,0.1111111111111111,1.1206896551724137,0.056910569105691054,0.4603174603174603,-0.3695652173913043,0.4142857142857143,-0.41414141414141414,0.4461538461538462,-0.3829787234042553,0.5576923076923077,-0.2839506172839506,0.8055555555555556,-0.1076923076923077,0.8169014084507042,-0.10077519379844961,0.9508196721311475,-0.025210084033613446,1.1153846153846154,0.05454545454545454,0.8923076923076924,-0.056910569105691054
