Actual,B11,B12,B2,B3,B4,B5,B6,B7,B8,B8A,NDCI,RATIO_B2_B3,ND_B2_B3,RATIO_B2_B4,ND_B2_B4,RATIO_B2_B5,ND_B2_B5,RATIO_B2_B6,ND_B2_B6,RATIO_B2_B7,ND_B2_B7,RATIO_B2_B8,ND_B2_B8,RATIO_B3_B2,ND_B3_B2,RATIO_B3_B4,ND_B3_B4,RATIO_B3_B5,ND_B3_B5,RATIO_B3_B6,ND_B3_B6,RATIO_B3_B7,ND_B3_B7,RATIO_B3_B8,ND_B3_B8,RATIO_B4_B2,ND_B4_B2,RATIO_B4_B3,ND_B4_B3,RATIO_B4_B5,ND_B4_B5,RATIO_B4_B6,ND_B4_B6,RATIO_B4_B7,ND_B4_B7,RATIO_B4_B8,ND_B4_B8,RATIO_B5_B2,ND_B5_B2,RATIO_B5_B3,ND_B5_B3,RATIO_B5_B4,ND_B5_B4,RATIO_B5_B6,ND_B5_B6,RATIO_B5_B7,ND_B5_B7,RATIO_B5_B8,ND_B5_B8,RATIO_B6_B2,ND_B6_B2,RATIO_B6_B3,ND_B6_B3,RATIO_B6_B4,ND_B6_B4,RATIO_B6_B5,ND_B6_B5,RATIO_B6_B7,ND_B6_B7,RATIO_B6_B8,ND_B6_B8,RATIO_B7_B2,ND_B7_B2,RATIO_B7_B3,ND_B7_B3,RATIO_B7_B4,ND_B7_B4,RATIO_B7_B5,ND_B7_B5,RATIO_B7_B6,ND_B7_B6,RATIO_B7_B8,ND_B7_B8,RATIO_B8_B2,ND_B8_B2,RATIO_B8_B3,ND_B8_B3,RATIO_B8_B4,ND_B8_B4,RATIO_B8_B5,ND_B8_B5,RATIO_B8_B6,ND_B8_B6,RATIO_B8_B7,ND_B8_B7
1.92,860,750,982,1104,1045,1017,834,819,826,822,-0.013579049,0.8894927536231884,-0.058485139022051776,0.939712918660287,-0.031080414405525406,0.9655850540806293,-0.017508754377188594,1.1774580335731415,0.08149779735682819,1.199023199023199,0.09050527484730705,1.188861985472155,0.08628318584070796,1.124236252545825,0.058485139022051776,1.0564593301435408,0.027454630060493253,1.0855457227138643,0.04101838755304102,1.3237410071942446,0.1393188854489164,1.347985347985348,0.1482059282371295,1.3365617433414043,0.14404145077720207,1.0641547861507128,0.031080414405525406,0.9465579710144928,-0.027454630060493253,1.0275319567354966,0.013579049466537343,1.2529976019184652,0.11229377328366152,1.2759462759462759,0.12124463519313304,1.265133171912833,0.11704970603955105,1.035641547861507,0.017508754377188594,0.9211956521739131,-0.04101838755304102,0.9732057416267943,-0.013579049466537343,1.2194244604316546,0.09886547811993517,1.2417582417582418,0.10784313725490197,1.2312348668280872,0.10363537710255019,0.8492871690427699,-0.08149779735682819,0.7554347826086957,-0.1393188854489164,0.7980861244019138,-0.11229377328366152,0.8200589970501475,-0.09886547811993517,1.0183150183150182,0.009074410163339383,1.0096852300242132,0.004819277108433735,0.8340122199592668,-0.09050527484730705,0.7418478260869565,-0.1482059282371295,0.783732057416268,-0.12124463519313304,0.8053097345132744,-0.10784313725490197,0.9820143884892086,-0.009074410163339383,0.9915254237288136,-0.00425531914893617,0.8411405295315683,-0.08628318584070796,0.7481884057971014,-0.14404145077720207,0.7904306220095694,-0.11704970603955105,0.8121927236971485,-0.10363537710255019,0.9904076738609112,-0.004819277108433735,1.0085470085470085,0.00425531914893617
3.93,873,768,1001,994,1002,1002,900,802,837,831,0.0,1.0070422535211268,0.0035087719298245615,0.999001996007984,-0.0004992511233150275,0.999001996007984,-0.0004992511233150275,1.1122222222222222,0.05312993161493951,1.2481296758104738,0.11037160288408208,1.1959378733572281,0.08922742110990206,0.993006993006993,-0.0035087719298245615,0.9920159680638723,-0.004008016032064128,0.9920159680638723,-0.004008016032064128,1.1044444444444443,0.04963041182682154,1.2394014962593516,0.10690423162583519,1.1875746714456392,0.08574549426542873,1.000999000999001,0.0004992511233150275,1.0080482897384306,0.004008016032064128,1.0,0.0,1.1133333333333333,0.05362776025236593,1.2493765586034913,0.11086474501108648,1.1971326164874552,0.08972267536704731,1.000999000999001,0.0004992511233150275,1.0080482897384306,0.004008016032064128,1.0,0.0,1.1133333333333333,0.05362776025236593,1.2493765586034913,0.11086474501108648,1.1971326164874552,0.08972267536704731,0.8991008991008991,-0.05312993161493951,0.9054325955734407,-0.04963041182682154,0.8982035928143712,-0.05362776025236593,0.8982035928143712,-0.05362776025236593,1.1221945137157108,0.057579318448883664,1.075268817204301,0.03626943005181347,0.8011988011988012,-0.11037160288408208,0.806841046277666,-0.10690423162583519,0.8003992015968064,-0.11086474501108648,0.8003992015968064,-0.11086474501108648,0.8911111111111111,-0.057579318448883664,0.9581839904420549,-0.021354484441732765,0.8361638361638362,-0.08922742110990206,0.8420523138832998,-0.08574549426542873,0.8353293413173652,-0.08972267536704731,0.8353293413173652,-0.08972267536704731,0.93,-0.03626943005181347,1.0436408977556109,0.021354484441732765
2.83,674,600,628,697,758,849,741,705,577,684,0.056627256,0.9010043041606887,-0.052075471698113204,0.8284960422163589,-0.09379509379509379,0.7396937573616019,-0.14962762356127285,0.8475033738191633,-0.08254200146092038,0.8907801418439716,-0.05776444111027757,1.0883882149046793,0.04232365145228216,1.1098726114649682,0.052075471698113204,0.9195250659630607,-0.04192439862542955,0.8209658421672555,-0.09831824062095731,0.9406207827260459,-0.030598052851182198,0.9886524822695035,-0.005706134094151213,1.2079722703639515,0.09419152276295134,1.2070063694267517,0.09379509379509379,1.0875179340028693,0.04192439862542955,0.8928150765606596,-0.0566272557560672,1.0229419703103915,0.01134089392928619,1.075177304964539,0.036226930963773066,1.3136915077989602,0.1355805243445693,1.3519108280254777,0.14962762356127285,1.218077474892396,0.09831824062095731,1.1200527704485488,0.0566272557560672,1.145748987854251,0.06792452830188679,1.2042553191489362,0.09266409266409266,1.4714038128249567,0.19074333800841514,1.179936305732484,0.08254200146092038,1.0631276901004305,0.030598052851182198,0.9775725593667546,-0.01134089392928619,0.872791519434629,-0.06792452830188679,1.0510638297872341,0.024896265560165973,1.2842287694974004,0.1244309559939302,1.122611464968153,0.05776444111027757,1.011477761836442,0.005706134094151213,0.9300791556728232,-0.036226930963773066,0.8303886925795053,-0.09266409266409266,0.951417004048583,-0.024896265560165973,1.2218370883882148,0.0998439937597504,0.9187898089171974,-0.04232365145228216,0.8278335724533716,-0.09419152276295134,0.7612137203166227,-0.1355805243445693,0.6796230859835101,-0.19074333800841514,0.7786774628879892,-0.1244309559939302,0.8184397163120567,-0.0998439937597504
5.86,57,67,7,47,69,99,16,34,31,18,0.178571429,0.14893617021276595,-0.7407407407407407,0.10144927536231885,-0.8157894736842105,0.0707070707070707,-0.8679245283018868,0.4375,-0.391304347826087,0.20588235294117646,-0.6585365853658537,0.22580645161290322,-0.631578947368421,6.714285714285714,0.7407407407407407,0.6811594202898551,-0.1896551724137931,0.47474747474747475,-0.3561643835616438,2.9375,0.49206349206349204,1.3823529411764706,0.16049382716049382,1.5161290322580645,0.20512820512820512,9.857142857142858,0.8157894736842105,1.4680851063829787,0.1896551724137931,0.696969696969697,-0.17857142857142858,4.3125,0.6235294117647059,2.0294117647058822,0.33980582524271846,2.225806451612903,0.38,14.142857142857142,0.8679245283018868,2.106382978723404,0.3561643835616438,1.434782608695652,0.17857142857142858,6.1875,0.7217391304347827,2.911764705882353,0.48872180451127817,3.193548387096774,0.5230769230769231,2.2857142857142856,0.391304347826087,0.3404255319148936,-0.49206349206349204,0.2318840579710145,-0.6235294117647059,0.16161616161616163,-0.7217391304347827,0.47058823529411764,-0.36,0.5161290322580645,-0.3191489361702128,4.857142857142857,0.6585365853658537,0.723404255319149,-0.16049382716049382,0.4927536231884058,-0.33980582524271846,0.3434343434343434,-0.48872180451127817,2.125,0.36,1.096774193548387,0.046153846153846156,4.428571428571429,0.631578947368421,0.6595744680851063,-0.20512820512820512,0.4492753623188406,-0.38,0.31313131313131315,-0.5230769230769231,1.9375,0.3191489361702128,0.9117647058823529,-0.046153846153846156
1.65,595,522,799,997,840,764,587,593,619,554,-0.047381546,0.8014042126379137,-0.11024498886414254,0.9511904761904761,-0.025015253203172667,1.0458115183246073,0.022392834293026232,1.3611584327086883,0.15295815295815296,1.3473861720067453,0.14798850574712644,1.2907915993537964,0.12693935119887165,1.2478097622027535,0.11024498886414254,1.186904761904762,0.085465432770822,1.3049738219895288,0.13231118682566723,1.698466780238501,0.2588383838383838,1.6812816188870152,0.2540880503144654,1.6106623586429725,0.23391089108910892,1.0513141426783479,0.025015253203172667,0.8425275827482447,-0.085465432770822,1.0994764397905759,0.04738154613466334,1.4310051107325383,0.17729502452697968,1.4165261382799326,0.17236566643405443,1.35702746365105,0.1514736120630569,0.9561952440550688,-0.022392834293026232,0.7662988966900702,-0.13231118682566723,0.9095238095238095,-0.04738154613466334,1.301533219761499,0.13101406365655072,1.2883642495784149,0.1260132645541636,1.234248788368336,0.10484454085321765,0.7346683354192741,-0.15295815295815296,0.5887662988966901,-0.2588383838383838,0.6988095238095238,-0.17729502452697968,0.768324607329843,-0.13101406365655072,0.9898819561551433,-0.005084745762711864,0.9483037156704361,-0.026533996683250415,0.7421777221526908,-0.14798850574712644,0.5947843530591775,-0.2540880503144654,0.705952380952381,-0.17236566643405443,0.7761780104712042,-0.1260132645541636,1.010221465076661,0.005084745762711864,0.9579967689822294,-0.02145214521452145,0.7747183979974969,-0.12693935119887165,0.6208625877632898,-0.23391089108910892,0.736904761904762,-0.1514736120630569,0.8102094240837696,-0.10484454085321765,1.0545144804088586,0.026533996683250415,1.0438448566610454,0.02145214521452145
1.99,1126,996,1361,1486,1365,1338,1188,1142,1141,1108,-0.009988901,0.9158815612382234,-0.04390586582367404,0.9970695970695971,-0.001467351430667645,1.0171898355754858,0.008521674694331233,1.1456228956228955,0.06786975284425265,1.191768826619965,0.08749500599280863,1.1928133216476775,0.08792965627498002,1.091844232182219,0.04390586582367404,1.0886446886446886,0.04244124868467204,1.1106128550074739,0.05240793201133145,1.2508417508417509,0.11144353029169783,1.3012259194395797,0.1308980213089802,1.3023663453111305,0.13132851161020176,1.002939015429831,0.001467351430667645,0.9185733512786003,-0.04244124868467204,1.0201793721973094,0.009988901220865706,1.148989898989899,0.06933019976498238,1.1952714535901927,0.08895093737534902,1.196319018404908,0.0893854748603352,0.9831006612784717,-0.008521674694331233,0.9004037685060565,-0.05240793201133145,0.9802197802197802,-0.009988901220865706,1.1262626262626263,0.05938242280285035,1.1716287215411558,0.07903225806451612,1.1726555652936022,0.07946752722872126,0.8728875826598089,-0.06786975284425265,0.7994616419919246,-0.11144353029169783,0.8703296703296703,-0.06933019976498238,0.8878923766816144,-0.05938242280285035,1.0402802101576183,0.019742489270386267,1.0411919368974583,0.020180334907685702,0.8390889052167524,-0.08749500599280863,0.7685060565275909,-0.1308980213089802,0.8366300366300367,-0.08895093737534902,0.8535127055306427,-0.07903225806451612,0.9612794612794613,-0.019742489270386267,1.0008764241893076,0.0004380201489268506,0.8383541513592946,-0.08792965627498002,0.7678331090174967,-0.13132851161020176,0.8358974358974359,-0.0893854748603352,0.8527653213751868,-0.07946752722872126,0.9604377104377104,-0.020180334907685702,0.999124343257443,-0.0004380201489268506
3.4,1006,923,1514,1697,1443,1449,1082,1071,984,1018,0.002074689,0.8921626399528579,-0.05699159140454687,1.0492030492030493,0.024010821778829895,1.0448585231193928,0.021937225784677692,1.399260628465804,0.16640986132511557,1.4136321195144725,0.17137330754352031,1.5386178861788617,0.2121697357886309,1.1208718626155878,0.05699159140454687,1.176022176022176,0.08089171974522293,1.1711525189786058,0.07883026064844247,1.5683918669131238,0.22130262684418855,1.584500466853408,0.22615606936416185,1.7245934959349594,0.2659455427079448,0.9531043593130779,-0.024010821778829895,0.850324101355333,-0.08089171974522293,0.9958592132505176,-0.002074688796680498,1.3336414048059149,0.14297029702970296,1.3473389355742298,0.14797136038186157,1.4664634146341464,0.18912237330037082,0.9570673712021136,-0.021937225784677692,0.8538597525044196,-0.07883026064844247,1.004158004158004,0.002074688796680498,1.3391866913123844,0.14500197550375346,1.3529411764705883,0.15,1.4725609756097562,0.19112207151664612,0.714663143989432,-0.16640986132511557,0.637595757218621,-0.22130262684418855,0.7498267498267498,-0.14297029702970296,0.7467218771566597,-0.14500197550375346,1.0102707749766573,0.005109150023223409,1.0995934959349594,0.04743465634075508,0.7073976221928666,-0.17137330754352031,0.6311137301119623,-0.22615606936416185,0.7422037422037422,-0.14797136038186157,0.7391304347826086,-0.15,0.9898336414048059,-0.005109150023223409,1.0884146341463414,0.042335766423357665,0.6499339498018494,-0.2121697357886309,0.5798467884502062,-0.2659455427079448,0.681912681912682,-0.18912237330037082,0.6790890269151139,-0.19112207151664612,0.9094269870609981,-0.04743465634075508,0.9187675070028011,-0.042335766423357665
5.0,117,73,604,487,380,415,381,388,295,298,0.044025157,1.2402464065708418,0.10724106324472961,1.5894736842105264,0.22764227642276422,1.455421686746988,0.18547595682041218,1.5853018372703411,0.2263959390862944,1.556701030927835,0.21774193548387097,2.047457627118644,0.3437152391546162,0.8062913907284768,-0.10724106324472961,1.2815789473684212,0.12341407151095732,1.1734939759036145,0.07982261640798226,1.2782152230971129,0.12211981566820276,1.2551546391752577,0.11314285714285714,1.6508474576271186,0.24552429667519182,0.6291390728476821,-0.22764227642276422,0.7802874743326489,-0.12341407151095732,0.9156626506024096,-0.0440251572327044,0.9973753280839895,-0.001314060446780552,0.979381443298969,-0.010416666666666666,1.2881355932203389,0.1259259259259259,0.6870860927152318,-0.18547595682041218,0.8521560574948666,-0.07982261640798226,1.0921052631578947,0.0440251572327044,1.0892388451443569,0.04271356783919598,1.0695876288659794,0.033623910336239106,1.4067796610169492,0.16901408450704225,0.6307947019867549,-0.2263959390862944,0.7823408624229979,-0.12211981566820276,1.0026315789473683,0.001314060446780552,0.9180722891566265,-0.04271356783919598,0.9819587628865979,-0.009102730819245773,1.2915254237288136,0.12721893491124261,0.6423841059602649,-0.21774193548387097,0.7967145790554415,-0.11314285714285714,1.0210526315789474,0.010416666666666666,0.9349397590361446,-0.033623910336239106,1.0183727034120735,0.009102730819245773,1.3152542372881355,0.13616398243045388,0.48841059602649006,-0.3437152391546162,0.6057494866529775,-0.24552429667519182,0.7763157894736842,-0.1259259259259259,0.7108433734939759,-0.16901408450704225,0.7742782152230971,-0.12721893491124261,0.7603092783505154,-0.13616398243045388
5.12,45,49,32,16,55,66,11,9,4,12,0.090909091,2.0,0.3333333333333333,0.5818181818181818,-0.26436781609195403,0.48484848484848486,-0.3469387755102041,2.909090909090909,0.4883720930232558,3.5555555555555554,0.5609756097560976,8.0,0.7777777777777778,0.5,-0.3333333333333333,0.2909090909090909,-0.5492957746478874,0.24242424242424243,-0.6097560975609756,1.4545454545454546,0.18518518518518517,1.7777777777777777,0.28,4.0,0.6,1.71875,0.26436781609195403,3.4375,0.5492957746478874,0.8333333333333334,-0.09090909090909091,5.0,0.6666666666666666,6.111111111111111,0.71875,13.75,0.864406779661017,2.0625,0.3469387755102041,4.125,0.6097560975609756,1.2,0.09090909090909091,6.0,0.7142857142857143,7.333333333333333,0.76,16.5,0.8857142857142857,0.34375,-0.4883720930232558,0.6875,-0.18518518518518517,0.2,-0.6666666666666666,0.16666666666666666,-0.7142857142857143,1.2222222222222223,0.1,2.75,0.4666666666666667,0.28125,-0.5609756097560976,0.5625,-0.28,0.16363636363636364,-0.71875,0.13636363636363635,-0.76,0.8181818181818182,-0.1,2.25,0.38461538461538464,0.125,-0.7777777777777778,0.25,-0.6,0.07272727272727272,-0.864406779661017,0.06060606060606061,-0.8857142857142857,0.36363636363636365,-0.4666666666666667,0.4444444444444444,-0.38461538461538464
3.3,38,42,47,37,57,55,21,38,35,30,-0.017857143,1.2702702702702702,0.11904761904761904,0.8245614035087719,-0.09615384615384616,0.8545454545454545,-0.0784313725490196,2.238095238095238,0.38235294117647056,1.236842105263158,0.10588235294117647,1.3428571428571427,0.14634146341463414,0.7872340425531915,-0.11904761904761904,0.6491228070175439,-0.2127659574468085,0.6727272727272727,-0.1956521739130435,1.7619047619047619,0.27586206896551724,0.9736842105263158,-0.013333333333333334,1.0571428571428572,0.027777777777777776,1.2127659574468086,0.09615384615384616,1.5405405405405406,0.2127659574468085,1.0363636363636364,0.017857142857142856,2.7142857142857144,0.46153846153846156,1.5,0.2,1.6285714285714286,0.2391304347826087,1.1702127659574468,0.0784313725490196,1.4864864864864864,0.1956521739130435,0.9649122807017544,-0.017857142857142856,2.619047619047619,0.4473684210526316,1.4473684210526316,0.1827956989247312,1.5714285714285714,0.2222222222222222,0.44680851063829785,-0.38235294117647056,0.5675675675675675,-0.27586206896551724,0.3684210526315789,-0.46153846153846156,0.38181818181818183,-0.4473684210526316,0.5526315789473685,-0.288135593220339,0.6,-0.25,0.8085106382978723,-0.10588235294117647,1.027027027027027,0.013333333333333334,0.6666666666666666,-0.2,0.6909090909090909,-0.1827956989247312,1.8095238095238095,0.288135593220339,1.0857142857142856,0.0410958904109589,0.7446808510638298,-0.14634146341463414,0.9459459459459459,-0.027777777777777776,0.6140350877192983,-0.2391304347826087,0.6363636363636364,-0.2222222222222222,1.6666666666666667,0.25,0.9210526315789473,-0.0410958904109589
4.52,36,26,59,38,90,103,57,92,53,60,0.067357513,1.5526315789473684,0.21649484536082475,0.6555555555555556,-0.2080536912751678,0.5728155339805825,-0.2716049382716049,1.0350877192982457,0.017241379310344827,0.6413043478260869,-0.2185430463576159,1.1132075471698113,0.05357142857142857,0.6440677966101694,-0.21649484536082475,0.4222222222222222,-0.40625,0.36893203883495146,-0.46099290780141844,0.6666666666666666,-0.2,0.41304347826086957,-0.4153846153846154,0.7169811320754716,-0.16483516483516483,1.5254237288135593,0.2080536912751678,2.3684210526315788,0.40625,0.8737864077669902,-0.06735751295336788,1.5789473684210527,0.22448979591836735,0.9782608695652174,-0.01098901098901099,1.6981132075471699,0.25874125874125875,1.7457627118644068,0.2716049382716049,2.710526315789474,0.46099290780141844,1.1444444444444444,0.06735751295336788,1.8070175438596492,0.2875,1.1195652173913044,0.05641025641025641,1.9433962264150944,0.32051282051282054,0.9661016949152542,-0.017241379310344827,1.5,0.2,0.6333333333333333,-0.22448979591836735,0.5533980582524272,-0.2875,0.6195652173913043,-0.2348993288590604,1.0754716981132075,0.03636363636363636,1.5593220338983051,0.2185430463576159,2.4210526315789473,0.4153846153846154,1.0222222222222221,0.01098901098901099,0.8932038834951457,-0.05641025641025641,1.6140350877192982,0.2348993288590604,1.7358490566037736,0.2689655172413793,0.8983050847457628,-0.05357142857142857,1.394736842105263,0.16483516483516483,0.5888888888888889,-0.25874125874125875,0.5145631067961165,-0.32051282051282054,0.9298245614035088,-0.03636363636363636,0.5760869565217391,-0.2689655172413793
4.5,29,17,34,81,85,110,68,79,61,48,0.128205128,0.41975308641975306,-0.40869565217391307,0.4,-0.42857142857142855,0.3090909090909091,-0.5277777777777778,0.5,-0.3333333333333333,0.43037974683544306,-0.39823008849557523,0.5573770491803278,-0.28421052631578947,2.3823529411764706,0.40869565217391307,0.9529411764705882,-0.024096385542168676,0.7363636363636363,-0.1518324607329843,1.1911764705882353,0.087248322147651,1.0253164556962024,0.0125,1.3278688524590163,0.14084507042253522,2.5,0.42857142857142855,1.0493827160493827,0.024096385542168676,0.7727272727272727,-0.1282051282051282,1.25,0.1111111111111111,1.0759493670886076,0.036585365853658534,1.3934426229508197,0.1643835616438356,3.235294117647059,0.5277777777777778,1.3580246913580247,0.1518324607329843,1.2941176470588236,0.1282051282051282,1.6176470588235294,0.23595505617977527,1.3924050632911393,0.164021164021164,1.8032786885245902,0.28654970760233917,2.0,0.3333333333333333,0.8395061728395061,-0.087248322147651,0.8,-0.1111111111111111,0.6181818181818182,-0.23595505617977527,0.8607594936708861,-0.07482993197278912,1.1147540983606556,0.05426356589147287,2.323529411764706,0.39823008849557523,0.9753086419753086,-0.0125,0.9294117647058824,-0.036585365853658534,0.7181818181818181,-0.164021164021164,1.161764705882353,0.07482993197278912,1.2950819672131149,0.12857142857142856,1.7941176470588236,0.28421052631578947,0.7530864197530864,-0.14084507042253522,0.7176470588235294,-0.1643835616438356,0.5545454545454546,-0.28654970760233917,0.8970588235294118,-0.05426356589147287,0.7721518987341772,-0.12857142857142856
2.81,30,26,53,50,83,74,23,19,18,25,-0.057324841,1.06,0.02912621359223301,0.6385542168674698,-0.22058823529411764,0.7162162162162162,-0.16535433070866143,2.3043478260869565,0.39473684210526316,2.789473684210526,0.4722222222222222,2.9444444444444446,0.49295774647887325,0.9433962264150944,-0.02912621359223301,0.6024096385542169,-0.24812030075187969,0.6756756756756757,-0.1935483870967742,2.1739130434782608,0.3698630136986301,2.6315789473684212,0.4492753623188406,2.7777777777777777,0.47058823529411764,1.5660377358490567,0.22058823529411764,1.66,0.24812030075187969,1.1216216216216217,0.05732484076433121,3.608695652173913,0.5660377358490566,4.368421052631579,0.6274509803921569,4.611111111111111,0.6435643564356436,1.3962264150943395,0.16535433070866143,1.48,0.1935483870967742,0.891566265060241,-0.05732484076433121,3.217391304347826,0.5257731958762887,3.8947368421052633,0.5913978494623656,4.111111111111111,0.6086956521739131,0.4339622641509434,-0.39473684210526316,0.46,-0.3698630136986301,0.27710843373493976,-0.5660377358490566,0.3108108108108108,-0.5257731958762887,1.2105263157894737,0.09523809523809523,1.2777777777777777,0.12195121951219512,0.3584905660377358,-0.4722222222222222,0.38,-0.4492753623188406,0.2289156626506024,-0.6274509803921569,0.25675675675675674,-0.5913978494623656,0.8260869565217391,-0.09523809523809523,1.0555555555555556,0.02702702702702703,0.33962264150943394,-0.49295774647887325,0.36,-0.47058823529411764,0.21686746987951808,-0.6435643564356436,0.24324324324324326,-0.6086956521739131,0.782608695652174,-0.12195121951219512,0.9473684210526315,-0.02702702702702703
2.05,50,46,168,253,189,139,8,11,1,0,-0.152439024,0.6640316205533597,-0.20190023752969122,0.8888888888888888,-0.058823529411764705,1.20863309352518,0.09446254071661238,21.0,0.9090909090909091,15.272727272727273,0.8770949720670391,168.0,0.9881656804733728,1.505952380952381,0.20190023752969122,1.3386243386243386,0.14479638009049775,1.8201438848920863,0.29081632653061223,31.625,0.9386973180076629,23.0,0.9166666666666666,253.0,0.9921259842519685,1.125,0.058823529411764705,0.7470355731225297,-0.14479638009049775,1.3597122302158273,0.1524390243902439,23.625,0.9187817258883249,17.181818181818183,0.89,189.0,0.9894736842105263,0.8273809523809523,-0.09446254071661238,0.549407114624506,-0.29081632653061223,0.7354497354497355,-0.1524390243902439,17.375,0.891156462585034,12.636363636363637,0.8533333333333334,139.0,0.9857142857142858,0.047619047619047616,-0.9090909090909091,0.03162055335968379,-0.9386973180076629,0.042328042328042326,-0.9187817258883249,0.05755395683453238,-0.891156462585034,0.7272727272727273,-0.15789473684210525,8.0,0.7777777777777778,0.06547619047619048,-0.8770949720670391,0.043478260869565216,-0.9166666666666666,0.0582010582010582,-0.89,0.07913669064748201,-0.8533333333333334,1.375,0.15789473684210525,11.0,0.8333333333333334,0.005952380952380952,-0.9881656804733728,0.003952569169960474,-0.9921259842519685,0.005291005291005291,-0.9894736842105263,0.007194244604316547,-0.9857142857142858,0.125,-0.7777777777777778,0.09090909090909091,-0.8333333333333334
1.9,52,49,133,230,171,115,7,19,38,12,-0.195804196,0.5782608695652174,-0.26721763085399447,0.7777777777777778,-0.125,1.1565217391304348,0.07258064516129033,19.0,0.9,7.0,0.75,3.5,0.5555555555555556,1.7293233082706767,0.26721763085399447,1.345029239766082,0.14713216957605985,2.0,0.3333333333333333,32.857142857142854,0.9409282700421941,12.105263157894736,0.8473895582329317,6.052631578947368,0.7164179104477612,1.2857142857142858,0.125,0.7434782608695653,-0.14713216957605985,1.4869565217391305,0.1958041958041958,24.428571428571427,0.9213483146067416,9.0,0.8,4.5,0.6363636363636364,0.8646616541353384,-0.07258064516129033,0.5,-0.3333333333333333,0.672514619883041,-0.1958041958041958,16.428571428571427,0.8852459016393442,6.052631578947368,0.7164179104477612,3.026315789473684,0.5032679738562091,0.05263157894736842,-0.9,0.030434782608695653,-0.9409282700421941,0.04093567251461988,-0.9213483146067416,0.06086956521739131,-0.8852459016393442,0.3684210526315789,-0.46153846153846156,0.18421052631578946,-0.6888888888888889,0.14285714285714285,-0.75,0.08260869565217391,-0.8473895582329317,0.1111111111111111,-0.8,0.16521739130434782,-0.7164179104477612,2.7142857142857144,0.46153846153846156,0.5,-0.3333333333333333,0.2857142857142857,-0.5555555555555556,0.16521739130434782,-0.7164179104477612,0.2222222222222222,-0.6363636363636364,0.33043478260869563,-0.5032679738562091,5.428571428571429,0.6888888888888889,2.0,0.3333333333333333
1.4,128,78,371,442,282,250,172,178,157,151,-0.060150376,0.8393665158371041,-0.08733087330873308,1.3156028368794326,0.1362940275650842,1.484,0.19484702093397746,2.1569767441860463,0.3664825046040516,2.0842696629213484,0.35154826958105645,2.3630573248407645,0.4053030303030303,1.1913746630727762,0.08733087330873308,1.5673758865248226,0.22099447513812154,1.768,0.2774566473988439,2.5697674418604652,0.43973941368078173,2.4831460674157304,0.4258064516129032,2.8152866242038215,0.4757929883138564,0.7601078167115903,-0.1362940275650842,0.6380090497737556,-0.22099447513812154,1.128,0.06015037593984962,1.6395348837209303,0.2422907488986784,1.5842696629213484,0.22608695652173913,1.7961783439490446,0.2847380410022779,0.6738544474393531,-0.19484702093397746,0.5656108597285068,-0.2774566473988439,0.8865248226950354,-0.06015037593984962,1.4534883720930232,0.1848341232227488,1.404494382022472,0.16822429906542055,1.5923566878980893,0.2285012285012285,0.4636118598382749,-0.3664825046040516,0.3891402714932127,-0.43973941368078173,0.6099290780141844,-0.2422907488986784,0.688,-0.1848341232227488,0.9662921348314607,-0.017142857142857144,1.0955414012738853,0.04559270516717325,0.4797843665768194,-0.35154826958105645,0.40271493212669685,-0.4258064516129032,0.6312056737588653,-0.22608695652173913,0.712,-0.16822429906542055,1.0348837209302326,0.017142857142857144,1.1337579617834395,0.0626865671641791,0.42318059299191374,-0.4053030303030303,0.3552036199095023,-0.4757929883138564,0.5567375886524822,-0.2847380410022779,0.628,-0.2285012285012285,0.9127906976744186,-0.04559270516717325,0.8820224719101124,-0.0626865671641791
1.6,356,317,666,767,651,562,357,337,334,337,-0.073371805,0.8683181225554107,-0.07048150732728542,1.023041474654378,0.011389521640091117,1.1850533807829182,0.08469055374592833,1.865546218487395,0.3020527859237537,1.9762611275964392,0.32801595214356927,1.9940119760479043,0.332,1.1516516516516517,0.07048150732728542,1.1781874039938556,0.08180535966149506,1.3647686832740213,0.1542513167795335,2.1484593837535013,0.36476868327402134,2.2759643916913945,0.3894927536231884,2.2964071856287425,0.3932788374205268,0.9774774774774775,-0.011389521640091117,0.848761408083442,-0.08180535966149506,1.1583629893238434,0.07337180544105523,1.8235294117647058,0.2916666666666667,1.9317507418397626,0.31781376518218624,1.9491017964071857,0.3218274111675127,0.8438438438438438,-0.08469055374592833,0.7327249022164276,-0.1542513167795335,0.8632872503840245,-0.07337180544105523,1.5742296918767507,0.22306855277475518,1.6676557863501484,0.25027808676307006,1.6826347305389222,0.2544642857142857,0.536036036036036,-0.3020527859237537,0.4654498044328553,-0.36476868327402134,0.5483870967741935,-0.2916666666666667,0.6352313167259787,-0.22306855277475518,1.0593471810089021,0.02881844380403458,1.0688622754491017,0.03328509406657019,0.506006006006006,-0.32801595214356927,0.439374185136897,-0.3894927536231884,0.5176651305683564,-0.31781376518218624,0.599644128113879,-0.25027808676307006,0.9439775910364145,-0.02881844380403458,1.0089820359281436,0.004470938897168405,0.5015015015015015,-0.332,0.43546284224250326,-0.3932788374205268,0.5130568356374808,-0.3218274111675127,0.594306049822064,-0.2544642857142857,0.9355742296918768,-0.03328509406657019,0.9910979228486647,-0.004470938897168405
1.77,167,150,231,325,242,199,93,97,116,95,-0.097505669,0.7107692307692308,-0.16906474820143885,0.9545454545454546,-0.023255813953488372,1.1608040201005025,0.07441860465116279,2.4838709677419355,0.42592592592592593,2.381443298969072,0.40853658536585363,1.9913793103448276,0.3314121037463977,1.406926406926407,0.16906474820143885,1.3429752066115703,0.14638447971781304,1.6331658291457287,0.24045801526717558,3.4946236559139785,0.5550239234449761,3.350515463917526,0.5402843601895735,2.8017241379310347,0.47392290249433106,1.0476190476190477,0.023255813953488372,0.7446153846153846,-0.14638447971781304,1.2160804020100502,0.09750566893424037,2.6021505376344085,0.44477611940298506,2.4948453608247423,0.4277286135693215,2.086206896551724,0.35195530726256985,0.8614718614718615,-0.07441860465116279,0.6123076923076923,-0.24045801526717558,0.8223140495867769,-0.09750566893424037,2.139784946236559,0.363013698630137,2.051546391752577,0.34459459459459457,1.7155172413793103,0.2634920634920635,0.4025974025974026,-0.42592592592592593,0.28615384615384615,-0.5550239234449761,0.384297520661157,-0.44477611940298506,0.46733668341708545,-0.363013698630137,0.9587628865979382,-0.021052631578947368,0.8017241379310345,-0.11004784688995216,0.4199134199134199,-0.40853658536585363,0.29846153846153844,-0.5402843601895735,0.40082644628099173,-0.4277286135693215,0.48743718592964824,-0.34459459459459457,1.043010752688172,0.021052631578947368,0.8362068965517241,-0.0892018779342723,0.5021645021645021,-0.3314121037463977,0.3569230769230769,-0.47392290249433106,0.4793388429752066,-0.35195530726256985,0.5829145728643216,-0.2634920634920635,1.2473118279569892,0.11004784688995216,1.1958762886597938,0.0892018779342723
1.76,647,564,857,904,836,809,728,737,745,693,-0.016413374,0.9480088495575221,-0.02668938103350369,1.0251196172248804,0.012404016538688719,1.0593325092707047,0.028811524609843937,1.1771978021978022,0.08138801261829653,1.162822252374491,0.07528230865746549,1.1503355704697986,0.06991260923845194,1.0548424737456243,0.02668938103350369,1.0813397129186604,0.03908045977011494,1.1174289245982694,0.05545826036193812,1.2417582417582418,0.10784313725490197,1.2265943012211669,0.10176721511273613,1.2134228187919462,0.09642207398423287,0.9754959159859977,-0.012404016538688719,0.9247787610619469,-0.03908045977011494,1.0333745364647713,0.01641337386018237,1.1483516483516483,0.06905370843989769,1.1343283582089552,0.06293706293706294,1.1221476510067114,0.05755850727387729,0.9439906651108518,-0.028811524609843937,0.8949115044247787,-0.05545826036193812,0.9677033492822966,-0.01641337386018237,1.1112637362637363,0.052700065061808715,1.0976933514246947,0.04657179818887452,1.0859060402684564,0.04118404118404118,0.8494749124854143,-0.08138801261829653,0.8053097345132744,-0.10784313725490197,0.8708133971291866,-0.06905370843989769,0.899876390605686,-0.052700065061808715,0.9877883310719131,-0.0061433447098976105,0.9771812080536912,-0.011541072640868975,0.8599766627771295,-0.07528230865746549,0.8152654867256637,-0.10176721511273613,0.881578947368421,-0.06293706293706294,0.9110012360939431,-0.04657179818887452,1.0123626373626373,0.0061433447098976105,0.9892617449664429,-0.005398110661268556,0.8693115519253208,-0.06991260923845194,0.8241150442477876,-0.09642207398423287,0.8911483253588517,-0.05755850727387729,0.9208899876390606,-0.04118404118404118,1.0233516483516483,0.011541072640868975,1.010854816824966,0.005398110661268556
1.56,630,556,813,933,806,769,697,671,733,652,-0.023492063,0.8713826366559485,-0.06872852233676977,1.0086848635235732,0.004323656578134651,1.0572171651495448,0.02781289506953224,1.1664275466284075,0.07682119205298013,1.2116244411326378,0.09568733153638814,1.1091405184174625,0.0517464424320828,1.1476014760147601,0.06872852233676977,1.1575682382133996,0.07303047728579644,1.213263979193758,0.0963572267920094,1.338593974175036,0.14478527607361963,1.3904619970193741,0.1633416458852868,1.2728512960436562,0.12004801920768307,0.991389913899139,-0.004323656578134651,0.8638799571275455,-0.07303047728579644,1.048114434330299,0.02349206349206349,1.156384505021521,0.07252162341982701,1.2011922503725783,0.09140148950575491,1.0995907230559345,0.04743339831059129,0.9458794587945879,-0.02781289506953224,0.8242229367631297,-0.0963572267920094,0.9540942928039702,-0.02349206349206349,1.103299856527977,0.04911323328785812,1.1460506706408347,0.06805555555555555,1.049113233287858,0.023968042609853527,0.8573185731857319,-0.07682119205298013,0.7470525187566989,-0.14478527607361963,0.8647642679900744,-0.07252162341982701,0.9063719115734721,-0.04911323328785812,1.0387481371087928,0.019005847953216373,0.9508867667121419,-0.025174825174825177,0.8253382533825339,-0.09568733153638814,0.7191854233654876,-0.1633416458852868,0.8325062034739454,-0.09140148950575491,0.8725617685305592,-0.06805555555555555,0.9626972740315638,-0.019005847953216373,0.9154160982264665,-0.04415954415954416,0.9015990159901599,-0.0517464424320828,0.7856377277599143,-0.12004801920768307,0.9094292803970223,-0.04743339831059129,0.953185955786736,-0.023968042609853527,1.0516499282639886,0.025174825174825177,1.0923994038748137,0.04415954415954416
1.8,715,669,861,905,833,818,703,708,732,665,-0.009085403,0.9513812154696133,-0.02491506228765572,1.0336134453781514,0.01652892561983471,1.0525672371638142,0.02561048243001787,1.22475106685633,0.1010230179028133,1.2161016949152543,0.09751434034416825,1.1762295081967213,0.08097928436911488,1.051103368176539,0.02491506228765572,1.0864345738295318,0.04142692750287687,1.1063569682151588,0.05049332559489263,1.2873399715504978,0.1256218905472637,1.2782485875706215,0.12213267203967762,1.2363387978142077,0.10568112400733048,0.967479674796748,-0.01652892561983471,0.9204419889502763,-0.04142692750287687,1.0183374083129584,0.009085402786190187,1.1849217638691323,0.08463541666666667,1.176553672316384,0.08111615833874107,1.1379781420765027,0.0645367412140575,0.9500580720092915,-0.02561048243001787,0.9038674033149171,-0.05049332559489263,0.9819927971188476,-0.009085402786190187,1.1635846372688479,0.07560815253122946,1.155367231638418,0.07208387942332896,1.1174863387978142,0.05548387096774193,0.8164924506387921,-0.1010230179028133,0.7767955801104972,-0.1256218905472637,0.843937575030012,-0.08463541666666667,0.8594132029339854,-0.07560815253122946,0.9929378531073446,-0.003543586109142452,0.9603825136612022,-0.020209059233449476,0.8222996515679443,-0.09751434034416825,0.7823204419889502,-0.12213267203967762,0.8499399759903962,-0.08111615833874107,0.8655256723716381,-0.07208387942332896,1.0071123755334281,0.003543586109142452,0.9672131147540983,-0.016666666666666666,0.8501742160278746,-0.08097928436911488,0.8088397790055248,-0.10568112400733048,0.8787515006002401,-0.0645367412140575,0.8948655256723717,-0.05548387096774193,1.0412517780938833,0.020209059233449476,1.0338983050847457,0.016666666666666666
4.18,943,853,1048,1134,1113,1189,1128,1116,1090,1089,0.03301477,0.9241622574955908,-0.03941338221814849,0.9415992812219227,-0.03007866728366497,0.8814129520605551,-0.06303084488153778,0.9290780141843972,-0.03676470588235294,0.9390681003584229,-0.031423290203327174,0.9614678899082569,-0.019644527595884004,1.08206106870229,0.03941338221814849,1.0188679245283019,0.009345794392523364,0.9537426408746846,-0.023676280671545414,1.0053191489361701,0.002652519893899204,1.0161290322580645,0.008,1.0403669724770641,0.019784172661870502,1.0620229007633588,0.03007866728366497,0.9814814814814815,-0.009345794392523364,0.936080740117746,-0.03301476976542137,0.9867021276595744,-0.006693440428380187,0.9973118279569892,-0.0013458950201884253,1.0211009174311927,0.01044030866999546,1.1345419847328244,0.06303084488153778,1.0485008818342152,0.023676280671545414,1.0682839173405212,0.03301476976542137,1.054078014184397,0.026327147173068624,1.0654121863799284,0.0316702819956616,1.0908256880733944,0.0434401053093462,1.0763358778625953,0.03676470588235294,0.9947089947089947,-0.002652519893899204,1.013477088948787,0.006693440428380187,0.9486963835155593,-0.026327147173068624,1.010752688172043,0.0053475935828877,1.034862385321101,0.017132551848512173,1.0648854961832062,0.031423290203327174,0.9841269841269841,-0.008,1.0026954177897573,0.0013458950201884253,0.9386038687973086,-0.0316702819956616,0.9893617021276596,-0.0053475935828877,1.0238532110091743,0.011786038077969175,1.0400763358778626,0.019644527595884004,0.9611992945326279,-0.019784172661870502,0.9793351302785265,-0.01044030866999546,0.9167367535744323,-0.0434401053093462,0.9663120567375887,-0.017132551848512173,0.9767025089605734,-0.011786038077969175
3.16,575,512,646,680,663,706,556,580,524,537,0.031409788,0.95,-0.02564102564102564,0.9743589743589743,-0.012987012987012988,0.9150141643059491,-0.04437869822485207,1.1618705035971224,0.07487520798668885,1.1137931034482758,0.053833605220228384,1.2328244274809161,0.10427350427350428,1.0526315789473684,0.02564102564102564,1.0256410256410255,0.012658227848101266,0.9631728045325779,-0.01875901875901876,1.223021582733813,0.10032362459546926,1.1724137931034482,0.07936507936507936,1.297709923664122,0.12956810631229235,1.0263157894736843,0.012987012987012988,0.975,-0.012658227848101266,0.9390934844192634,-0.031409788166544925,1.1924460431654675,0.08777686628383921,1.143103448275862,0.0667739340305712,1.265267175572519,0.11710193765796124,1.0928792569659442,0.04437869822485207,1.0382352941176471,0.01875901875901876,1.0648567119155354,0.031409788166544925,1.2697841726618706,0.11885895404120443,1.217241379310345,0.09797822706065319,1.3473282442748091,0.14796747967479676,0.8606811145510835,-0.07487520798668885,0.8176470588235294,-0.10032362459546926,0.8386123680241327,-0.08777686628383921,0.7875354107648725,-0.11885895404120443,0.9586206896551724,-0.02112676056338028,1.0610687022900764,0.02962962962962963,0.8978328173374613,-0.053833605220228384,0.8529411764705882,-0.07936507936507936,0.8748114630467572,-0.0667739340305712,0.8215297450424929,-0.09797822706065319,1.0431654676258992,0.02112676056338028,1.1068702290076335,0.050724637681159424,0.8111455108359134,-0.10427350427350428,0.7705882352941177,-0.12956810631229235,0.7903469079939668,-0.11710193765796124,0.7422096317280453,-0.14796747967479676,0.9424460431654677,-0.02962962962962963,0.903448275862069,-0.050724637681159424
2.93,924,839,875,945,991,1085,881,908,831,858,0.045279383,0.9259259259259259,-0.038461538461538464,0.8829465186680121,-0.06216505894962487,0.8064516129032258,-0.10714285714285714,0.9931895573212258,-0.003416856492027335,0.9636563876651982,-0.018508132361189006,1.05294825511432,0.02579132473622509,1.08,0.038461538461538464,0.9535822401614531,-0.023760330578512397,0.8709677419354839,-0.06896551724137931,1.072644721906924,0.03504928806133625,1.0407488986784141,0.019967620075553156,1.1371841155234657,0.06418918918918919,1.1325714285714286,0.06216505894962487,1.0486772486772487,0.023760330578512397,0.9133640552995391,-0.04527938342967245,1.1248581157775255,0.05876068376068376,1.091409691629956,0.04370721432332807,1.1925391095066185,0.08781558726673985,1.24,0.10714285714285714,1.1481481481481481,0.06896551724137931,1.094853683148335,0.04527938342967245,1.2315550510783202,0.10376398779247202,1.1949339207048457,0.08881083793276467,1.305655836341757,0.1325678496868476,1.006857142857143,0.003416856492027335,0.9322751322751323,-0.03504928806133625,0.8890010090817356,-0.05876068376068376,0.8119815668202764,-0.10376398779247202,0.9702643171806168,-0.01509223029625489,1.0601684717208182,0.029205607476635514,1.0377142857142858,0.018508132361189006,0.9608465608465608,-0.019967620075553156,0.9162462159434914,-0.04370721432332807,0.8368663594470046,-0.08881083793276467,1.0306469920544836,0.01509223029625489,1.09265944645006,0.04427832087406555,0.9497142857142857,-0.02579132473622509,0.8793650793650793,-0.06418918918918919,0.8385469223007064,-0.08781558726673985,0.7658986175115208,-0.1325678496868476,0.9432463110102156,-0.029205607476635514,0.9151982378854625,-0.04427832087406555
2.14,578,515,476,511,562,582,434,535,398,450,0.017482517,0.9315068493150684,-0.03546099290780142,0.8469750889679716,-0.08285163776493257,0.8178694158075601,-0.1001890359168242,1.096774193548387,0.046153846153846156,0.8897196261682243,-0.058358061325420374,1.1959798994974875,0.08924485125858124,1.0735294117647058,0.03546099290780142,0.9092526690391459,-0.047530288909599254,0.8780068728522337,-0.06495882891125343,1.1774193548387097,0.08148148148148149,0.9551401869158879,-0.022944550669216062,1.2839195979899498,0.12431243124312431,1.180672268907563,0.08285163776493257,1.0998043052837574,0.047530288909599254,0.9656357388316151,-0.017482517482517484,1.294930875576037,0.1285140562248996,1.050467289719626,0.024612579762989972,1.4120603015075377,0.17083333333333334,1.2226890756302522,0.1001890359168242,1.1389432485322897,0.06495882891125343,1.0355871886120998,0.017482517482517484,1.3410138248847927,0.14566929133858267,1.0878504672897196,0.04207699194270367,1.4623115577889447,0.18775510204081633,0.9117647058823529,-0.046153846153846156,0.8493150684931506,-0.08148148148148149,0.7722419928825622,-0.1285140562248996,0.7457044673539519,-0.14566929133858267,0.811214953271028,-0.1042311661506708,1.0904522613065326,0.04326923076923077,1.1239495798319328,0.058358061325420374,1.0469667318982387,0.022944550669216062,0.9519572953736655,-0.024612579762989972,0.9192439862542955,-0.04207699194270367,1.2327188940092166,0.1042311661506708,1.3442211055276383,0.14683815648445875,0.8361344537815126,-0.08924485125858124,0.7788649706457925,-0.12431243124312431,0.708185053380783,-0.17083333333333334,0.6838487972508591,-0.18775510204081633,0.9170506912442397,-0.04326923076923077,0.7439252336448599,-0.14683815648445875
6.0,748,676,990,976,931,1020,955,945,857,895,0.045617632,1.014344262295082,0.007121057985757884,1.0633727175080558,0.03071317022384175,0.9705882352941176,-0.014925373134328358,1.036649214659686,0.017994858611825194,1.0476190476190477,0.023255813953488372,1.1551925320886816,0.07200866269626421,0.9858585858585859,-0.007121057985757884,1.0483351235230935,0.023597273203985317,0.9568627450980393,-0.022044088176352707,1.0219895287958116,0.010875194199896427,1.0328042328042328,0.016137428422696512,1.1388564760793465,0.06492089470812876,0.9404040404040404,-0.03071317022384175,0.9538934426229508,-0.023597273203985317,0.9127450980392157,-0.04561763198359815,0.974869109947644,-0.012725344644750796,0.9851851851851852,-0.007462686567164179,1.0863477246207702,0.04138702460850112,1.0303030303030303,0.014925373134328358,1.0450819672131149,0.022044088176352707,1.095596133190118,0.04561763198359815,1.068062827225131,0.03291139240506329,1.0793650793650793,0.03816793893129771,1.1901983663943991,0.08684070324986681,0.9646464646464646,-0.017994858611825194,0.9784836065573771,-0.010875194199896427,1.0257787325456498,0.012725344644750796,0.9362745098039216,-0.03291139240506329,1.0105820105820107,0.005263157894736842,1.1143523920653442,0.05408388520971302,0.9545454545454546,-0.023255813953488372,0.9682377049180327,-0.016137428422696512,1.0150375939849625,0.007462686567164179,0.9264705882352942,-0.03816793893129771,0.9895287958115183,-0.005263157894736842,1.102683780630105,0.048834628190899,0.8656565656565657,-0.07200866269626421,0.8780737704918032,-0.06492089470812876,0.920515574650913,-0.04138702460850112,0.8401960784313726,-0.08684070324986681,0.8973821989528796,-0.05408388520971302,0.9068783068783068,-0.048834628190899
4.16,377,271,281,301,310,336,304,303,294,327,0.040247678,0.9335548172757475,-0.03436426116838488,0.9064516129032258,-0.049069373942470386,0.8363095238095238,-0.08914100486223663,0.9243421052631579,-0.039316239316239315,0.9273927392739274,-0.03767123287671233,0.95578231292517,-0.022608695652173914,1.0711743772241993,0.03436426116838488,0.9709677419354839,-0.014729950900163666,0.8958333333333334,-0.054945054945054944,0.9901315789473685,-0.0049586776859504135,0.9933993399339934,-0.0033112582781456954,1.0238095238095237,0.011764705882352941,1.103202846975089,0.049069373942470386,1.0299003322259137,0.014729950900163666,0.9226190476190477,-0.04024767801857585,1.019736842105263,0.009771986970684038,1.023102310231023,0.011419249592169658,1.054421768707483,0.026490066225165563,1.195729537366548,0.08914100486223663,1.1162790697674418,0.054945054945054944,1.0838709677419356,0.04024767801857585,1.105263157894737,0.05,1.108910891089109,0.051643192488262914,1.1428571428571428,0.06666666666666667,1.0818505338078293,0.039316239316239315,1.0099667774086378,0.0049586776859504135,0.9806451612903225,-0.009771986970684038,0.9047619047619048,-0.05,1.0033003300330032,0.0016474464579901153,1.034013605442177,0.016722408026755852,1.0782918149466192,0.03767123287671233,1.0066445182724253,0.0033112582781456954,0.9774193548387097,-0.011419249592169658,0.9017857142857143,-0.051643192488262914,0.9967105263157895,-0.0016474464579901153,1.030612244897959,0.01507537688442211,1.0462633451957295,0.022608695652173914,0.9767441860465116,-0.011764705882352941,0.9483870967741935,-0.026490066225165563,0.875,-0.06666666666666667,0.9671052631578947,-0.016722408026755852,0.9702970297029703,-0.01507537688442211
5.06,4315,3480,9696,8854,8112,9108,8538,8460,8606,8377,0.057839721,1.095098260673142,0.04539083557951482,1.1952662721893492,0.0889487870619946,1.064558629776021,0.031269942565411615,1.135628952916374,0.06350773280684435,1.146099290780142,0.0680766688697951,1.1266558215198699,0.0595563326412414,0.9131600660066007,-0.04539083557951482,1.0914694280078896,0.043734527879287985,0.9721124286341678,-0.014140964257877742,1.0370110096041227,0.01816927322907084,1.0465721040189124,0.022756151091602173,1.0288171043458052,0.01420389461626575,0.8366336633663366,-0.0889487870619946,0.9161960695730743,-0.043734527879287985,0.8906455862977603,-0.0578397212543554,0.9501054111033029,-0.025585585585585584,0.9588652482269504,-0.020999275887038378,0.9425981873111783,-0.029548989113530325,0.9393564356435643,-0.031269942565411615,1.0286875988253896,0.014140964257877742,1.1227810650887573,0.0578397212543554,1.066760365425158,0.032301938116286975,1.0765957446808512,0.036885245901639344,1.0583313966999768,0.028339166760754205,0.880569306930693,-0.06350773280684435,0.9643099164219562,-0.01816927322907084,1.0525147928994083,0.025585585585585584,0.9374176548089591,-0.032301938116286975,1.0092198581560283,0.004588775150017649,0.9920985359051824,-0.003966402239850677,0.8725247524752475,-0.0680766688697951,0.9555003388299074,-0.022756151091602173,1.0428994082840237,0.020999275887038378,0.9288537549407114,-0.036885245901639344,0.9908643710470836,-0.004588775150017649,0.9830350917964211,-0.008555021680534396,0.8875825082508251,-0.0595563326412414,0.9719900609893833,-0.01420389461626575,1.060897435897436,0.029548989113530325,0.9448836187966623,-0.028339166760754205,1.0079643944717733,0.003966402239850677,1.01725768321513,0.008555021680534396
4.06,140,107,98,87,108,145,61,97,55,53,0.146245059,1.1264367816091954,0.05945945945945946,0.9074074074074074,-0.04854368932038835,0.6758620689655173,-0.1934156378600823,1.6065573770491803,0.23270440251572327,1.0103092783505154,0.005128205128205128,1.7818181818181817,0.28104575163398693,0.8877551020408163,-0.05945945945945946,0.8055555555555556,-0.1076923076923077,0.6,-0.25,1.4262295081967213,0.17567567567567569,0.8969072164948454,-0.05434782608695652,1.5818181818181818,0.22535211267605634,1.1020408163265305,0.04854368932038835,1.2413793103448276,0.1076923076923077,0.7448275862068966,-0.14624505928853754,1.7704918032786885,0.2781065088757396,1.1134020618556701,0.05365853658536585,1.9636363636363636,0.32515337423312884,1.4795918367346939,0.1934156378600823,1.6666666666666667,0.25,1.3425925925925926,0.14624505928853754,2.377049180327869,0.4077669902912621,1.4948453608247423,0.19834710743801653,2.6363636363636362,0.45,0.6224489795918368,-0.23270440251572327,0.7011494252873564,-0.17567567567567569,0.5648148148148148,-0.2781065088757396,0.4206896551724138,-0.4077669902912621,0.6288659793814433,-0.22784810126582278,1.1090909090909091,0.05172413793103448,0.9897959183673469,-0.005128205128205128,1.1149425287356323,0.05434782608695652,0.8981481481481481,-0.05365853658536585,0.6689655172413793,-0.19834710743801653,1.5901639344262295,0.22784810126582278,1.7636363636363637,0.27631578947368424,0.5612244897959183,-0.28104575163398693,0.632183908045977,-0.22535211267605634,0.5092592592592593,-0.32515337423312884,0.3793103448275862,-0.45,0.9016393442622951,-0.05172413793103448,0.5670103092783505,-0.27631578947368424
2.94,7681,6003,13184,12812,12560,13772,12783,12366,11586,11918,0.046027647,1.0290352794255386,0.014309893829819972,1.0496815286624204,0.024238657551274082,0.9573046761545164,-0.02181332541920166,1.031369787999687,0.015442677244194555,1.0661491185508654,0.032015655577299414,1.1379250819955118,0.06451352442470731,0.9717839805825242,-0.014309893829819972,1.0200636942675159,0.009932208734037521,0.9302933488237003,-0.03611194703581101,1.0022686380348902,0.0011330337956632155,1.0360666343199094,0.017713877194376042,1.1058173657862937,0.05025002049348307,0.9526699029126213,-0.024238657551274082,0.98033093974399,-0.009932208734037521,0.9119953528899216,-0.04602764696946681,0.9825549558006728,-0.008799273961251628,1.0156881772602298,0.007783037791863917,1.084066977386501,0.0403379441729479,1.0445995145631068,0.02181332541920166,1.0749297533562285,0.03611194703581101,1.0964968152866241,0.04602764696946681,1.0773683798795275,0.037243456976087365,1.113698851690118,0.05379141479837784,1.188675988261695,0.0862055367142519,0.9695843446601942,-0.015442677244194555,0.9977364970340306,-0.0011330337956632155,1.0177547770700637,0.008799273961251628,0.9281876270694162,-0.037243456976087365,1.0337214944201845,0.016581176189908148,1.1033143448990161,0.049119783331281544,0.9379550970873787,-0.032015655577299414,0.9651888854199189,-0.017713877194376042,0.9845541401273885,-0.007783037791863917,0.897908800464711,-0.05379141479837784,0.9673785496362356,-0.016581176189908148,1.0673226307612635,0.03256513026052104,0.8787924757281553,-0.06451352442470731,0.9043084608179831,-0.05025002049348307,0.9224522292993631,-0.0403379441729479,0.8412721463839675,-0.0862055367142519,0.9063600093874677,-0.049119783331281544,0.9369238233867054,-0.03256513026052104
1.64,96,81,148,165,148,113,45,53,62,48,-0.134099617,0.896969696969697,-0.054313099041533544,1.0,0.0,1.3097345132743363,0.13409961685823754,3.2888888888888888,0.533678756476684,2.792452830188679,0.472636815920398,2.3870967741935485,0.4095238095238095,1.114864864864865,0.054313099041533544,1.114864864864865,0.054313099041533544,1.4601769911504425,0.18705035971223022,3.6666666666666665,0.5714285714285714,3.1132075471698113,0.5137614678899083,2.661290322580645,0.45374449339207046,1.0,0.0,0.896969696969697,-0.054313099041533544,1.3097345132743363,0.13409961685823754,3.2888888888888888,0.533678756476684,2.792452830188679,0.472636815920398,2.3870967741935485,0.4095238095238095,0.7635135135135135,-0.13409961685823754,0.6848484848484848,-0.18705035971223022,0.7635135135135135,-0.13409961685823754,2.511111111111111,0.43037974683544306,2.1320754716981134,0.3614457831325301,1.8225806451612903,0.2914285714285714,0.30405405405405406,-0.533678756476684,0.2727272727272727,-0.5714285714285714,0.30405405405405406,-0.533678756476684,0.39823008849557523,-0.43037974683544306,0.8490566037735849,-0.08163265306122448,0.7258064516129032,-0.1588785046728972,0.3581081081081081,-0.472636815920398,0.3212121212121212,-0.5137614678899083,0.3581081081081081,-0.472636815920398,0.4690265486725664,-0.3614457831325301,1.1777777777777778,0.08163265306122448,0.8548387096774194,-0.0782608695652174,0.4189189189189189,-0.4095238095238095,0.37575757575757573,-0.45374449339207046,0.4189189189189189,-0.4095238095238095,0.5486725663716814,-0.2914285714285714,1.3777777777777778,0.1588785046728972,1.169811320754717,0.0782608695652174
3.6,62,34,111,76,79,95,45,48,23,34,0.091954023,1.4605263157894737,0.18716577540106952,1.4050632911392404,0.16842105263157894,1.168421052631579,0.07766990291262135,2.466666666666667,0.4230769230769231,2.3125,0.39622641509433965,4.826086956521739,0.6567164179104478,0.6846846846846847,-0.18716577540106952,0.9620253164556962,-0.01935483870967742,0.8,-0.1111111111111111,1.6888888888888889,0.256198347107438,1.5833333333333333,0.22580645161290322,3.3043478260869565,0.5353535353535354,0.7117117117117117,-0.16842105263157894,1.0394736842105263,0.01935483870967742,0.8315789473684211,-0.09195402298850575,1.7555555555555555,0.27419354838709675,1.6458333333333333,0.2440944881889764,3.4347826086956523,0.5490196078431373,0.8558558558558559,-0.07766990291262135,1.25,0.1111111111111111,1.2025316455696202,0.09195402298850575,2.111111111111111,0.35714285714285715,1.9791666666666667,0.32867132867132864,4.130434782608695,0.6101694915254238,0.40540540540540543,-0.4230769230769231,0.5921052631578947,-0.256198347107438,0.569620253164557,-0.27419354838709675,0.47368421052631576,-0.35714285714285715,0.9375,-0.03225806451612903,1.9565217391304348,0.3235294117647059,0.43243243243243246,-0.39622641509433965,0.631578947368421,-0.22580645161290322,0.6075949367088608,-0.2440944881889764,0.5052631578947369,-0.32867132867132864,1.0666666666666667,0.03225806451612903,2.0869565217391304,0.352112676056338,0.2072072072072072,-0.6567164179104478,0.3026315789473684,-0.5353535353535354,0.2911392405063291,-0.5490196078431373,0.24210526315789474,-0.6101694915254238,0.5111111111111111,-0.3235294117647059,0.4791666666666667,-0.352112676056338
2.05,25,15,88,86,67,32,16,34,14,12,-0.353535354,1.0232558139534884,0.011494252873563218,1.3134328358208955,0.13548387096774195,2.75,0.4666666666666667,5.5,0.6923076923076923,2.588235294117647,0.4426229508196721,6.285714285714286,0.7254901960784313,0.9772727272727273,-0.011494252873563218,1.2835820895522387,0.12418300653594772,2.6875,0.4576271186440678,5.375,0.6862745098039216,2.5294117647058822,0.43333333333333335,6.142857142857143,0.72,0.7613636363636364,-0.13548387096774195,0.7790697674418605,-0.12418300653594772,2.09375,0.35353535353535354,4.1875,0.6144578313253012,1.9705882352941178,0.32673267326732675,4.785714285714286,0.654320987654321,0.36363636363636365,-0.4666666666666667,0.37209302325581395,-0.4576271186440678,0.47761194029850745,-0.35353535353535354,2.0,0.3333333333333333,0.9411764705882353,-0.030303030303030304,2.2857142857142856,0.391304347826087,0.18181818181818182,-0.6923076923076923,0.18604651162790697,-0.6862745098039216,0.23880597014925373,-0.6144578313253012,0.5,-0.3333333333333333,0.47058823529411764,-0.36,1.1428571428571428,0.06666666666666667,0.38636363636363635,-0.4426229508196721,0.3953488372093023,-0.43333333333333335,0.5074626865671642,-0.32673267326732675,1.0625,0.030303030303030304,2.125,0.36,2.4285714285714284,0.4166666666666667,0.1590909090909091,-0.7254901960784313,0.16279069767441862,-0.72,0.208955223880597,-0.654320987654321,0.4375,-0.391304347826087,0.875,-0.06666666666666667,0.4117647058823529,-0.4166666666666667
1.84,82,71,64,179,120,84,8,21,18,12,-0.176470588,0.3575418994413408,-0.4732510288065844,0.5333333333333333,-0.30434782608695654,0.7619047619047619,-0.13513513513513514,8.0,0.7777777777777778,3.0476190476190474,0.5058823529411764,3.5555555555555554,0.5609756097560976,2.796875,0.4732510288065844,1.4916666666666667,0.19732441471571907,2.130952380952381,0.3612167300380228,22.375,0.9144385026737968,8.523809523809524,0.79,9.944444444444445,0.817258883248731,1.875,0.30434782608695654,0.6703910614525139,-0.19732441471571907,1.4285714285714286,0.17647058823529413,15.0,0.875,5.714285714285714,0.7021276595744681,6.666666666666667,0.7391304347826086,1.3125,0.13513513513513514,0.4692737430167598,-0.3612167300380228,0.7,-0.17647058823529413,10.5,0.8260869565217391,4.0,0.6,4.666666666666667,0.6470588235294118,0.125,-0.7777777777777778,0.0446927374301676,-0.9144385026737968,0.06666666666666667,-0.875,0.09523809523809523,-0.8260869565217391,0.38095238095238093,-0.4482758620689655,0.4444444444444444,-0.38461538461538464,0.328125,-0.5058823529411764,0.11731843575418995,-0.79,0.175,-0.7021276595744681,0.25,-0.6,2.625,0.4482758620689655,1.1666666666666667,0.07692307692307693,0.28125,-0.5609756097560976,0.1005586592178771,-0.817258883248731,0.15,-0.7391304347826086,0.21428571428571427,-0.6470588235294118,2.25,0.38461538461538464,0.8571428571428571,-0.07692307692307693
1.24,331,305,513,598,447,380,279,301,285,258,-0.081015719,0.8578595317725752,-0.07650765076507651,1.1476510067114094,0.06875,1.35,0.14893617021276595,1.8387096774193548,0.29545454545454547,1.7043189368770764,0.26044226044226043,1.8,0.2857142857142857,1.165692007797271,0.07650765076507651,1.337807606263982,0.1444976076555024,1.5736842105263158,0.2229038854805726,2.14336917562724,0.3637400228050171,1.9867109634551494,0.3303670745272525,2.0982456140350876,0.35447338618346547,0.8713450292397661,-0.06875,0.7474916387959866,-0.1444976076555024,1.1763157894736842,0.08101571946795647,1.6021505376344085,0.23140495867768596,1.4850498338870433,0.19518716577540107,1.568421052631579,0.22131147540983606,0.7407407407407407,-0.14893617021276595,0.6354515050167224,-0.2229038854805726,0.8501118568232662,-0.08101571946795647,1.3620071684587813,0.15326251896813353,1.2624584717607974,0.11600587371512482,1.3333333333333333,0.14285714285714285,0.543859649122807,-0.29545454545454547,0.4665551839464883,-0.3637400228050171,0.6241610738255033,-0.23140495867768596,0.7342105263157894,-0.15326251896813353,0.9269102990033222,-0.03793103448275862,0.9789473684210527,-0.010638297872340425,0.5867446393762183,-0.26044226044226043,0.5033444816053512,-0.3303670745272525,0.6733780760626398,-0.19518716577540107,0.7921052631578948,-0.11600587371512482,1.0788530465949822,0.03793103448275862,1.056140350877193,0.027303754266211604,0.5555555555555556,-0.2857142857142857,0.4765886287625418,-0.35447338618346547,0.6375838926174496,-0.22131147540983606,0.75,-0.14285714285714285,1.021505376344086,0.010638297872340425,0.946843853820598,-0.027303754266211604
1.52,1121,978,1391,1508,1352,1344,1161,1127,1104,1098,-0.002967359,0.9224137931034483,-0.04035874439461883,1.0288461538461537,0.014218009478672985,1.0349702380952381,0.017184643510054845,1.1981050818260122,0.09012539184952978,1.2342502218278615,0.10484511517077046,1.2599637681159421,0.11503006012024049,1.0841121495327102,0.04035874439461883,1.1153846153846154,0.05454545454545454,1.1220238095238095,0.05750350631136045,1.2988802756244617,0.13001124016485574,1.3380656610470274,0.1445920303605313,1.3659420289855073,0.1546707503828484,0.9719626168224299,-0.014218009478672985,0.896551724137931,-0.05454545454545454,1.005952380952381,0.002967359050445104,1.1645133505598622,0.07600477516912058,1.199645075421473,0.09076240419524001,1.2246376811594204,0.10097719869706841,0.9662113587347232,-0.017184643510054845,0.8912466843501327,-0.05750350631136045,0.9940828402366864,-0.002967359050445104,1.1576227390180878,0.07305389221556886,1.1925465838509317,0.08781869688385269,1.2173913043478262,0.09803921568627451,0.8346513299784328,-0.09012539184952978,0.769893899204244,-0.13001124016485574,0.8587278106508875,-0.07600477516912058,0.8638392857142857,-0.07305389221556886,1.0301685891748003,0.01486013986013986,1.0516304347826086,0.025165562913907286,0.8102084831056794,-0.10484511517077046,0.7473474801061007,-0.1445920303605313,0.8335798816568047,-0.09076240419524001,0.8385416666666666,-0.08781869688385269,0.970714900947459,-0.01486013986013986,1.0208333333333333,0.010309278350515464,0.7936736161035226,-0.11503006012024049,0.7320954907161804,-0.1546707503828484,0.8165680473372781,-0.10097719869706841,0.8214285714285714,-0.09803921568627451,0.9509043927648578,-0.025165562913907286,0.9795918367346939,-0.010309278350515464
2.14,1008,902,1216,1282,1152,1149,987,971,991,977,-0.001303781,0.9485179407176287,-0.02642113690952762,1.0555555555555556,0.02702702702702703,1.0583115752828547,0.028329809725158563,1.232016210739615,0.10394916023604175,1.2523171987641606,0.11202560585276634,1.2270433905146316,0.10194834617127323,1.0542763157894737,0.02642113690952762,1.1128472222222223,0.05341002465078061,1.1157528285465623,0.054709995886466474,1.298885511651469,0.13001322168356105,1.3202883625128734,0.1380381713271194,1.2936427850655903,0.12802463704355477,0.9473684210526315,-0.02702702702702703,0.8985959438377535,-0.05341002465078061,1.0026109660574412,0.001303780964797914,1.1671732522796352,0.07713884992987377,1.1864057672502575,0.08525671219971738,1.1624621594349143,0.0751283247783481,0.9449013157894737,-0.028329809725158563,0.8962558502340093,-0.054709995886466474,0.9973958333333334,-0.001303780964797914,1.1641337386018238,0.07584269662921349,1.1833161688980434,0.08396226415094339,1.1594349142280524,0.07383177570093458,0.8116776315789473,-0.10394916023604175,0.7698907956318253,-0.13001322168356105,0.8567708333333334,-0.07713884992987377,0.8590078328981723,-0.07584269662921349,1.0164778578784759,0.008171603677221655,0.9959636730575177,-0.0020222446916076846,0.7985197368421053,-0.11202560585276634,0.7574102964118564,-0.1380381713271194,0.8428819444444444,-0.08525671219971738,0.845082680591819,-0.08396226415094339,0.983789260385005,-0.008171603677221655,0.9798183652875883,-0.010193679918450561,0.8149671052631579,-0.10194834617127323,0.7730109204368175,-0.12802463704355477,0.8602430555555556,-0.0751283247783481,0.8624891209747607,-0.07383177570093458,1.0040526849037488,0.0020222446916076846,1.0205973223480946,0.010193679918450561
1.76,717,669,708,759,734,719,566,594,599,565,-0.010323469,0.932806324110672,-0.034764826175869123,0.9645776566757494,-0.018030513176144243,0.9847009735744089,-0.007708479327259986,1.2508833922261484,0.11145996860282574,1.1919191919191918,0.08755760368663594,1.1819699499165275,0.08339709257842387,1.0720338983050848,0.034764826175869123,1.034059945504087,0.016744809109176157,1.055632823365786,0.02706359945872801,1.3409893992932862,0.14566037735849058,1.2777777777777777,0.12195121951219512,1.2671118530884808,0.11782032400589101,1.036723163841808,0.018030513176144243,0.9670619235836627,-0.016744809109176157,1.0208623087621698,0.01032346868547832,1.2968197879858658,0.12923076923076923,1.2356902356902357,0.10542168674698796,1.2253756260434057,0.10127531882970743,1.015536723163842,0.007708479327259986,0.9472990777338604,-0.02706359945872801,0.9795640326975477,-0.01032346868547832,1.2703180212014133,0.11906614785992217,1.2104377104377104,0.09520182787509521,1.2003338898163607,0.09104704097116843,0.7994350282485876,-0.11145996860282574,0.7457180500658761,-0.14566037735849058,0.771117166212534,-0.12923076923076923,0.7872044506258693,-0.11906614785992217,0.9528619528619529,-0.02413793103448276,0.9449081803005008,-0.02832618025751073,0.8389830508474576,-0.08755760368663594,0.782608695652174,-0.12195121951219512,0.8092643051771117,-0.10542168674698796,0.8261474269819193,-0.09520182787509521,1.0494699646643109,0.02413793103448276,0.991652754590985,-0.004191114836546521,0.846045197740113,-0.08339709257842387,0.7891963109354414,-0.11782032400589101,0.8160762942779292,-0.10127531882970743,0.8331015299026425,-0.09104704097116843,1.058303886925795,0.02832618025751073,1.0084175084175084,0.004191114836546521
2.04,1232,1141,1401,1489,1400,1467,1248,1281,1116,1224,0.023369376,0.9408999328408327,-0.03044982698961938,1.0007142857142857,0.0003570153516601214,0.9550102249488752,-0.02301255230125523,1.1225961538461537,0.057757644394110984,1.0936768149882905,0.0447427293064877,1.2553763440860215,0.11323003575685339,1.0628122769450392,0.03044982698961938,1.0635714285714286,0.03080650744202146,1.0149965916837083,0.007442489851150203,1.1931089743589745,0.08805261234928755,1.1623731459797033,0.07509025270758123,1.3342293906810037,0.14318618042226489,0.9992862241256245,-0.0003570153516601214,0.9402283411685695,-0.03080650744202146,0.9543285616905249,-0.02336937565399372,1.1217948717948718,0.05740181268882175,1.092896174863388,0.044386422976501305,1.2544802867383513,0.11287758346581876,1.0471092077087794,0.02301255230125523,0.9852249832102082,-0.007442489851150203,1.0478571428571428,0.02336937565399372,1.1754807692307692,0.08066298342541436,1.14519906323185,0.06768558951965066,1.314516129032258,0.13588850174216027,0.8907922912205567,-0.057757644394110984,0.8381464069845533,-0.08805261234928755,0.8914285714285715,-0.05740181268882175,0.8507157464212679,-0.08066298342541436,0.9742388758782201,-0.013048635824436536,1.118279569892473,0.05583756345177665,0.9143468950749465,-0.0447427293064877,0.8603089321692411,-0.07509025270758123,0.915,-0.044386422976501305,0.8732106339468303,-0.06768558951965066,1.0264423076923077,0.013048635824436536,1.1478494623655915,0.0688360450563204,0.7965738758029979,-0.11323003575685339,0.7494963062458025,-0.14318618042226489,0.7971428571428572,-0.11287758346581876,0.7607361963190185,-0.13588850174216027,0.8942307692307693,-0.05583756345177665,0.8711943793911007,-0.0688360450563204
1.23,453,401,553,625,550,548,437,427,383,432,-0.001821494,0.8848,-0.06112054329371817,1.0054545454545454,0.0027198549410698096,1.0091240875912408,0.004541326067211626,1.265446224256293,0.11717171717171718,1.2950819672131149,0.12857142857142856,1.443864229765013,0.18162393162393162,1.1301989150090417,0.06112054329371817,1.1363636363636365,0.06382978723404255,1.1405109489051095,0.06564364876385337,1.4302059496567505,0.17702448210922786,1.4637002341920375,0.188212927756654,1.6318537859007833,0.2400793650793651,0.9945750452079566,-0.0027198549410698096,0.88,-0.06382978723404255,1.0036496350364963,0.0018214936247723133,1.2585812356979404,0.11448834853090173,1.288056206088993,0.12589559877175024,1.4360313315926894,0.1789924973204716,0.9909584086799277,-0.004541326067211626,0.8768,-0.06564364876385337,0.9963636363636363,-0.0018214936247723133,1.2540045766590389,0.11269035532994924,1.2833723653395785,0.12410256410256411,1.4308093994778068,0.17722878625134264,0.7902350813743219,-0.11717171717171718,0.6992,-0.17702448210922786,0.7945454545454546,-0.11448834853090173,0.7974452554744526,-0.11269035532994924,1.0234192037470726,0.011574074074074073,1.1409921671018277,0.06585365853658537,0.7721518987341772,-0.12857142857142856,0.6832,-0.188212927756654,0.7763636363636364,-0.12589559877175024,0.7791970802919708,-0.12410256410256411,0.977116704805492,-0.011574074074074073,1.114882506527415,0.05432098765432099,0.6925858951175407,-0.18162393162393162,0.6128,-0.2400793650793651,0.6963636363636364,-0.1789924973204716,0.698905109489051,-0.17722878625134264,0.8764302059496567,-0.06585365853658537,0.8969555035128806,-0.05432098765432099
2.61,98,89,113,65,97,97,36,41,23,25,0.0,1.7384615384615385,0.2696629213483146,1.1649484536082475,0.0761904761904762,1.1649484536082475,0.0761904761904762,3.138888888888889,0.5167785234899329,2.7560975609756095,0.4675324675324675,4.913043478260869,0.6617647058823529,0.5752212389380531,-0.2696629213483146,0.6701030927835051,-0.19753086419753085,0.6701030927835051,-0.19753086419753085,1.8055555555555556,0.2871287128712871,1.5853658536585367,0.22641509433962265,2.8260869565217392,0.4772727272727273,0.8584070796460177,-0.0761904761904762,1.4923076923076923,0.19753086419753085,1.0,0.0,2.6944444444444446,0.45864661654135336,2.3658536585365852,0.4057971014492754,4.217391304347826,0.6166666666666667,0.8584070796460177,-0.0761904761904762,1.4923076923076923,0.19753086419753085,1.0,0.0,2.6944444444444446,0.45864661654135336,2.3658536585365852,0.4057971014492754,4.217391304347826,0.6166666666666667,0.3185840707964602,-0.5167785234899329,0.5538461538461539,-0.2871287128712871,0.3711340206185567,-0.45864661654135336,0.3711340206185567,-0.45864661654135336,0.8780487804878049,-0.06493506493506493,1.565217391304348,0.22033898305084745,0.36283185840707965,-0.4675324675324675,0.6307692307692307,-0.22641509433962265,0.422680412371134,-0.4057971014492754,0.422680412371134,-0.4057971014492754,1.1388888888888888,0.06493506493506493,1.7826086956521738,0.28125,0.20353982300884957,-0.6617647058823529,0.35384615384615387,-0.4772727272727273,0.23711340206185566,-0.6166666666666667,0.23711340206185566,-0.6166666666666667,0.6388888888888888,-0.22033898305084745,0.5609756097560976,-0.28125
1.46,2696,2404,3659,3351,3081,3335,3367,3424,3282,3486,0.039588529,1.0919128618322889,0.043937232524964336,1.1876014281077572,0.0857566765578635,1.0971514242878562,0.046325421790105806,1.0867240867240868,0.041559920296043266,1.0686331775700935,0.03317803190738388,1.1148689823278488,0.05431494021034433,0.9158239956272205,-0.043937232524964336,1.0876338851022396,0.04197761194029851,1.0047976011994002,0.0023930601256356566,0.9952479952479952,-0.0023816612086930635,0.978679906542056,-0.010774907749077491,1.0210237659963437,0.010402532790592492,0.8420333424432905,-0.0857566765578635,0.9194270367054611,-0.04197761194029851,0.9238380809595202,-0.03958852867830424,0.915057915057915,-0.04435483870967742,0.8998247663551402,-0.052728670253651036,0.9387568555758684,-0.031588873173031586,0.9114512161792839,-0.046325421790105806,0.9952253058788422,-0.0023930601256356566,1.0824407659850699,0.03958852867830424,0.9904959904959905,-0.004774694121157864,0.9740070093457944,-0.013167628347388667,1.0161486898232786,0.008009672056823333,0.9201967750751572,-0.041559920296043266,1.004774694121158,0.0023816612086930635,1.0928270042194093,0.04435483870967742,1.0095952023988006,0.004774694121157864,0.9833528037383178,-0.008393461934913856,1.0258988421694089,0.012783877274778163,0.9357748018584313,-0.03317803190738388,1.0217845419277827,0.010774907749077491,1.1113274910743265,0.052728670253651036,1.0266866566716641,0.013167628347388667,1.0169290169290168,0.008393461934913856,1.0432663010359537,0.021175067104085895,0.896966384257994,-0.05431494021034433,0.9794091316025068,-0.010402532790592492,1.065238558909445,0.031588873173031586,0.9841079460269865,-0.008009672056823333,0.9747549747549747,-0.012783877274778163,0.9585280373831776,-0.021175067104085895
1.05,233,193,214,218,247,237,143,194,169,138,-0.020661157,0.981651376146789,-0.009259259259259259,0.8663967611336032,-0.07158351409978309,0.9029535864978903,-0.050997782705099776,1.4965034965034965,0.19887955182072828,1.1030927835051547,0.049019607843137254,1.2662721893491125,0.1174934725848564,1.0186915887850467,0.009259259259259259,0.8825910931174089,-0.06236559139784946,0.919831223628692,-0.041758241758241756,1.5244755244755244,0.2077562326869806,1.1237113402061856,0.05825242718446602,1.2899408284023668,0.12661498708010335,1.1542056074766356,0.07158351409978309,1.1330275229357798,0.06236559139784946,1.0421940928270041,0.02066115702479339,1.7272727272727273,0.26666666666666666,1.2731958762886597,0.12018140589569161,1.4615384615384615,0.1875,1.1074766355140186,0.050997782705099776,1.0871559633027523,0.041758241758241756,0.9595141700404858,-0.02066115702479339,1.6573426573426573,0.24736842105263157,1.2216494845360826,0.09976798143851508,1.4023668639053255,0.16748768472906403,0.6682242990654206,-0.19887955182072828,0.6559633027522935,-0.2077562326869806,0.5789473684210527,-0.26666666666666666,0.6033755274261603,-0.24736842105263157,0.7371134020618557,-0.1513353115727003,0.8461538461538461,-0.08333333333333333,0.9065420560747663,-0.049019607843137254,0.8899082568807339,-0.05825242718446602,0.7854251012145749,-0.12018140589569161,0.8185654008438819,-0.09976798143851508,1.3566433566433567,0.1513353115727003,1.1479289940828403,0.06887052341597796,0.7897196261682243,-0.1174934725848564,0.7752293577981652,-0.12661498708010335,0.6842105263157895,-0.1875,0.7130801687763713,-0.16748768472906403,1.1818181818181819,0.08333333333333333,0.8711340206185567,-0.06887052341597796
0.59,291,182,731,524,364,315,207,166,635,153,-0.072164948,1.3950381679389312,0.1649402390438247,2.008241758241758,0.33515981735159817,2.320634920634921,0.3977055449330784,3.531400966183575,0.55863539445629,4.403614457831325,0.6298773690078038,1.1511811023622047,0.07027818448023426,0.7168262653898769,-0.1649402390438247,1.4395604395604396,0.18018018018018017,1.6634920634920636,0.24910607866507747,2.531400966183575,0.43365253077975374,3.1566265060240966,0.518840579710145,0.8251968503937008,-0.09577221742881795,0.49794801641586867,-0.33515981735159817,0.6946564885496184,-0.18018018018018017,1.1555555555555554,0.07216494845360824,1.7584541062801933,0.27495621716287216,2.1927710843373496,0.37358490566037733,0.573228346456693,-0.27127127127127126,0.43091655266757867,-0.3977055449330784,0.601145038167939,-0.24910607866507747,0.8653846153846154,-0.07216494845360824,1.5217391304347827,0.20689655172413793,1.8975903614457832,0.3097713097713098,0.49606299212598426,-0.3368421052631579,0.28317373461012313,-0.55863539445629,0.3950381679389313,-0.43365253077975374,0.5686813186813187,-0.27495621716287216,0.6571428571428571,-0.20689655172413793,1.2469879518072289,0.10991957104557641,0.32598425196850395,-0.5083135391923991,0.2270861833105335,-0.6298773690078038,0.31679389312977096,-0.518840579710145,0.45604395604395603,-0.37358490566037733,0.526984126984127,-0.3097713097713098,0.8019323671497585,-0.10991957104557641,0.2614173228346457,-0.5855181023720349,0.8686730506155951,-0.07027818448023426,1.2118320610687023,0.09577221742881795,1.7445054945054945,0.27127127127127126,2.015873015873016,0.3368421052631579,3.0676328502415457,0.5083135391923991,3.825301204819277,0.5855181023720349
0.47,118,105,220,271,193,153,54,100,58,66,-0.115606936,0.8118081180811808,-0.10386965376782077,1.1398963730569949,0.06537530266343826,1.4379084967320261,0.17962466487935658,4.074074074074074,0.6058394160583942,2.2,0.375,3.793103448275862,0.5827338129496403,1.231818181818182,0.10386965376782077,1.4041450777202074,0.16810344827586207,1.7712418300653594,0.2783018867924528,5.018518518518518,0.6676923076923077,2.71,0.4609164420485175,4.672413793103448,0.6474164133738601,0.8772727272727273,-0.06537530266343826,0.7121771217712177,-0.16810344827586207,1.261437908496732,0.11560693641618497,3.574074074074074,0.562753036437247,1.93,0.3174061433447099,3.3275862068965516,0.5378486055776892,0.6954545454545454,-0.17962466487935658,0.5645756457564576,-0.2783018867924528,0.7927461139896373,-0.11560693641618497,2.8333333333333335,0.4782608695652174,1.53,0.20948616600790515,2.6379310344827585,0.45023696682464454,0.24545454545454545,-0.6058394160583942,0.1992619926199262,-0.6676923076923077,0.27979274611398963,-0.562753036437247,0.35294117647058826,-0.4782608695652174,0.54,-0.2987012987012987,0.9310344827586207,-0.03571428571428571,0.45454545454545453,-0.375,0.36900369003690037,-0.4609164420485175,0.5181347150259067,-0.3174061433447099,0.6535947712418301,-0.20948616600790515,1.8518518518518519,0.2987012987012987,1.7241379310344827,0.26582278481012656,0.2636363636363636,-0.5827338129496403,0.2140221402214022,-0.6474164133738601,0.3005181347150259,-0.5378486055776892,0.3790849673202614,-0.45023696682464454,1.0740740740740742,0.03571428571428571,0.58,-0.26582278481012656
0.77,58,55,185,279,216,157,42,77,64,70,-0.158176944,0.6630824372759857,-0.2025862068965517,0.8564814814814815,-0.0773067331670823,1.178343949044586,0.08187134502923976,4.404761904761905,0.6299559471365639,2.4025974025974026,0.4122137404580153,2.890625,0.4859437751004016,1.508108108108108,0.2025862068965517,1.2916666666666667,0.12727272727272726,1.7770700636942676,0.2798165137614679,6.642857142857143,0.7383177570093458,3.6233766233766236,0.5674157303370787,4.359375,0.6268221574344023,1.1675675675675676,0.0773067331670823,0.7741935483870968,-0.12727272727272726,1.375796178343949,0.1581769436997319,5.142857142857143,0.6744186046511628,2.8051948051948052,0.47440273037542663,3.375,0.5428571428571428,0.8486486486486486,-0.08187134502923976,0.5627240143369175,-0.2798165137614679,0.7268518518518519,-0.1581769436997319,3.738095238095238,0.5778894472361809,2.038961038961039,0.3418803418803419,2.453125,0.42081447963800905,0.22702702702702704,-0.6299559471365639,0.15053763440860216,-0.7383177570093458,0.19444444444444445,-0.6744186046511628,0.267515923566879,-0.5778894472361809,0.5454545454545454,-0.29411764705882354,0.65625,-0.20754716981132076,0.41621621621621624,-0.4122137404580153,0.27598566308243727,-0.5674157303370787,0.35648148148148145,-0.47440273037542663,0.49044585987261147,-0.3418803418803419,1.8333333333333333,0.29411764705882354,1.203125,0.09219858156028368,0.34594594594594597,-0.4859437751004016,0.22939068100358423,-0.6268221574344023,0.2962962962962963,-0.5428571428571428,0.40764331210191085,-0.42081447963800905,1.5238095238095237,0.20754716981132076,0.8311688311688312,-0.09219858156028368
0.58,13,12,71,161,119,88,1,13,2,20,-0.149758454,0.4409937888198758,-0.3879310344827586,0.5966386554621849,-0.25263157894736843,0.8068181818181818,-0.1069182389937107,71.0,0.9722222222222222,5.461538461538462,0.6904761904761905,35.5,0.9452054794520548,2.267605633802817,0.3879310344827586,1.3529411764705883,0.15,1.8295454545454546,0.2931726907630522,161.0,0.9876543209876543,12.384615384615385,0.8505747126436781,80.5,0.9754601226993865,1.676056338028169,0.25263157894736843,0.7391304347826086,-0.15,1.3522727272727273,0.1497584541062802,119.0,0.9833333333333333,9.153846153846153,0.803030303030303,59.5,0.9669421487603306,1.2394366197183098,0.1069182389937107,0.546583850931677,-0.2931726907630522,0.7394957983193278,-0.1497584541062802,88.0,0.9775280898876404,6.769230769230769,0.7425742574257426,44.0,0.9555555555555556,0.014084507042253521,-0.9722222222222222,0.006211180124223602,-0.9876543209876543,0.008403361344537815,-0.9833333333333333,0.011363636363636364,-0.9775280898876404,0.07692307692307693,-0.8571428571428571,0.5,-0.3333333333333333,0.18309859154929578,-0.6904761904761905,0.08074534161490683,-0.8505747126436781,0.1092436974789916,-0.803030303030303,0.14772727272727273,-0.7425742574257426,13.0,0.8571428571428571,6.5,0.7333333333333333,0.028169014084507043,-0.9452054794520548,0.012422360248447204,-0.9754601226993865,0.01680672268907563,-0.9669421487603306,0.022727272727272728,-0.9555555555555556,2.0,0.3333333333333333,0.15384615384615385,-0.7333333333333333
1.16,179,229,150,198,183,162,169,220,122,215,-0.060869565,0.7575757575757576,-0.13793103448275862,0.819672131147541,-0.0990990990990991,0.9259259259259259,-0.038461538461538464,0.8875739644970414,-0.05956112852664577,0.6818181818181818,-0.1891891891891892,1.2295081967213115,0.10294117647058823,1.32,0.13793103448275862,1.0819672131147542,0.03937007874015748,1.2222222222222223,0.1,1.1715976331360947,0.07901907356948229,0.9,-0.05263157894736842,1.6229508196721312,0.2375,1.22,0.0990990990990991,0.9242424242424242,-0.03937007874015748,1.1296296296296295,0.06086956521739131,1.0828402366863905,0.03977272727272727,0.8318181818181818,-0.09181141439205956,1.5,0.2,1.08,0.038461538461538464,0.8181818181818182,-0.1,0.8852459016393442,-0.06086956521739131,0.9585798816568047,-0.021148036253776436,0.7363636363636363,-0.1518324607329843,1.3278688524590163,0.14084507042253522,1.1266666666666667,0.05956112852664577,0.8535353535353535,-0.07901907356948229,0.9234972677595629,-0.03977272727272727,1.0432098765432098,0.021148036253776436,0.7681818181818182,-0.13110539845758354,1.3852459016393444,0.16151202749140894,1.4666666666666666,0.1891891891891892,1.1111111111111112,0.05263157894736842,1.2021857923497268,0.09181141439205956,1.3580246913580247,0.1518324607329843,1.301775147928994,0.13110539845758354,1.8032786885245902,0.28654970760233917,0.8133333333333334,-0.10294117647058823,0.6161616161616161,-0.2375,0.6666666666666666,-0.2,0.7530864197530864,-0.14084507042253522,0.7218934911242604,-0.16151202749140894,0.5545454545454546,-0.28654970760233917
1.44,112,101,90,256,157,123,22,64,39,61,-0.121428571,0.3515625,-0.4797687861271676,0.5732484076433121,-0.27125506072874495,0.7317073170731707,-0.15492957746478872,4.090909090909091,0.6071428571428571,1.40625,0.16883116883116883,2.3076923076923075,0.3953488372093023,2.8444444444444446,0.4797687861271676,1.6305732484076434,0.2397094430992736,2.0813008130081303,0.35092348284960423,11.636363636363637,0.841726618705036,4.0,0.6,6.564102564102564,0.735593220338983,1.7444444444444445,0.27125506072874495,0.61328125,-0.2397094430992736,1.2764227642276422,0.12142857142857143,7.136363636363637,0.7541899441340782,2.453125,0.42081447963800905,4.0256410256410255,0.6020408163265306,1.3666666666666667,0.15492957746478872,0.48046875,-0.35092348284960423,0.7834394904458599,-0.12142857142857143,5.590909090909091,0.696551724137931,1.921875,0.3155080213903743,3.1538461538461537,0.5185185185185185,0.24444444444444444,-0.6071428571428571,0.0859375,-0.841726618705036,0.14012738853503184,-0.7541899441340782,0.17886178861788618,-0.696551724137931,0.34375,-0.4883720930232558,0.5641025641025641,-0.2786885245901639,0.7111111111111111,-0.16883116883116883,0.25,-0.6,0.40764331210191085,-0.42081447963800905,0.5203252032520326,-0.3155080213903743,2.909090909090909,0.4883720930232558,1.641025641025641,0.24271844660194175,0.43333333333333335,-0.3953488372093023,0.15234375,-0.735593220338983,0.2484076433121019,-0.6020408163265306,0.3170731707317073,-0.5185185185185185,1.7727272727272727,0.2786885245901639,0.609375,-0.24271844660194175
1.4,32,39,65,180,106,54,3,6,4,3,-0.325,0.3611111111111111,-0.46938775510204084,0.6132075471698113,-0.23976608187134502,1.2037037037037037,0.09243697478991597,21.666666666666668,0.9117647058823529,10.833333333333334,0.8309859154929577,16.25,0.8840579710144928,2.769230769230769,0.46938775510204084,1.6981132075471699,0.25874125874125875,3.3333333333333335,0.5384615384615384,60.0,0.9672131147540983,30.0,0.9354838709677419,45.0,0.9565217391304348,1.6307692307692307,0.23976608187134502,0.5888888888888889,-0.25874125874125875,1.962962962962963,0.325,35.333333333333336,0.944954128440367,17.666666666666668,0.8928571428571429,26.5,0.9272727272727272,0.8307692307692308,-0.09243697478991597,0.3,-0.5384615384615384,0.5094339622641509,-0.325,18.0,0.8947368421052632,9.0,0.8,13.5,0.8620689655172413,0.046153846153846156,-0.9117647058823529,0.016666666666666666,-0.9672131147540983,0.02830188679245283,-0.944954128440367,0.05555555555555555,-0.8947368421052632,0.5,-0.3333333333333333,0.75,-0.14285714285714285,0.09230769230769231,-0.8309859154929577,0.03333333333333333,-0.9354838709677419,0.05660377358490566,-0.8928571428571429,0.1111111111111111,-0.8,2.0,0.3333333333333333,1.5,0.2,0.06153846153846154,-0.8840579710144928,0.022222222222222223,-0.9565217391304348,0.03773584905660377,-0.9272727272727272,0.07407407407407407,-0.8620689655172413,1.3333333333333333,0.14285714285714285,0.6666666666666666,-0.2
1.61,111,103,210,354,199,144,58,68,67,65,-0.160349854,0.5932203389830508,-0.2553191489361702,1.0552763819095476,0.02689486552567237,1.4583333333333333,0.1864406779661017,3.6206896551724137,0.5671641791044776,3.088235294117647,0.5107913669064749,3.1343283582089554,0.516245487364621,1.6857142857142857,0.2553191489361702,1.778894472361809,0.28028933092224234,2.4583333333333335,0.42168674698795183,6.103448275862069,0.7184466019417476,5.205882352941177,0.6777251184834123,5.2835820895522385,0.6817102137767221,0.9476190476190476,-0.02689486552567237,0.5621468926553672,-0.28028933092224234,1.3819444444444444,0.16034985422740525,3.4310344827586206,0.5486381322957199,2.926470588235294,0.49063670411985016,2.970149253731343,0.49624060150375937,0.6857142857142857,-0.1864406779661017,0.4067796610169492,-0.42168674698795183,0.7236180904522613,-0.16034985422740525,2.4827586206896552,0.42574257425742573,2.1176470588235294,0.3584905660377358,2.1492537313432836,0.36492890995260663,0.2761904761904762,-0.5671641791044776,0.1638418079096045,-0.7184466019417476,0.2914572864321608,-0.5486381322957199,0.4027777777777778,-0.42574257425742573,0.8529411764705882,-0.07936507936507936,0.8656716417910447,-0.072,0.3238095238095238,-0.5107913669064749,0.192090395480226,-0.6777251184834123,0.3417085427135678,-0.49063670411985016,0.4722222222222222,-0.3584905660377358,1.1724137931034482,0.07936507936507936,1.0149253731343284,0.007407407407407408,0.319047619047619,-0.516245487364621,0.18926553672316385,-0.6817102137767221,0.33668341708542715,-0.49624060150375937,0.4652777777777778,-0.36492890995260663,1.1551724137931034,0.072,0.9852941176470589,-0.007407407407407408
1.47,130,139,186,277,209,179,71,100,101,86,-0.077319588,0.6714801444043321,-0.19654427645788336,0.8899521531100478,-0.05822784810126582,1.0391061452513966,0.019178082191780823,2.619718309859155,0.4474708171206226,1.86,0.3006993006993007,1.8415841584158417,0.2961672473867596,1.489247311827957,0.19654427645788336,1.325358851674641,0.13991769547325103,1.547486033519553,0.2149122807017544,3.9014084507042255,0.5919540229885057,2.77,0.46949602122015915,2.742574257425743,0.4656084656084656,1.1236559139784945,0.05822784810126582,0.7545126353790613,-0.13991769547325103,1.1675977653631284,0.07731958762886598,2.943661971830986,0.4928571428571429,2.09,0.35275080906148865,2.0693069306930694,0.34838709677419355,0.9623655913978495,-0.019178082191780823,0.6462093862815884,-0.2149122807017544,0.8564593301435407,-0.07731958762886598,2.5211267605633805,0.432,1.79,0.2831541218637993,1.7722772277227723,0.2785714285714286,0.3817204301075269,-0.4474708171206226,0.2563176895306859,-0.5919540229885057,0.3397129186602871,-0.4928571428571429,0.39664804469273746,-0.432,0.71,-0.1695906432748538,0.7029702970297029,-0.1744186046511628,0.5376344086021505,-0.3006993006993007,0.36101083032490977,-0.46949602122015915,0.4784688995215311,-0.35275080906148865,0.5586592178770949,-0.2831541218637993,1.408450704225352,0.1695906432748538,0.9900990099009901,-0.004975124378109453,0.543010752688172,-0.2961672473867596,0.36462093862815886,-0.4656084656084656,0.48325358851674644,-0.34838709677419355,0.5642458100558659,-0.2785714285714286,1.4225352112676057,0.1744186046511628,1.01,0.004975124378109453
1.68,276,261,417,520,399,340,222,228,260,239,-0.079837618,0.801923076923077,-0.10992529348986126,1.0451127819548873,0.022058823529411766,1.2264705882352942,0.10171730515191546,1.8783783783783783,0.3051643192488263,1.8289473684210527,0.2930232558139535,1.603846153846154,0.23190546528803546,1.2470023980815348,0.10992529348986126,1.3032581453634084,0.13166485310119697,1.5294117647058822,0.20930232558139536,2.3423423423423424,0.40161725067385445,2.280701754385965,0.39037433155080214,2.0,0.3333333333333333,0.9568345323741008,-0.022058823529411766,0.7673076923076924,-0.13166485310119697,1.173529411764706,0.07983761840324763,1.7972972972972974,0.28502415458937197,1.75,0.2727272727272727,1.5346153846153847,0.2109256449165402,0.815347721822542,-0.10171730515191546,0.6538461538461539,-0.20930232558139536,0.8521303258145363,-0.07983761840324763,1.5315315315315314,0.2099644128113879,1.4912280701754386,0.19718309859154928,1.3076923076923077,0.13333333333333333,0.5323741007194245,-0.3051643192488263,0.4269230769230769,-0.40161725067385445,0.556390977443609,-0.28502415458937197,0.6529411764705882,-0.2099644128113879,0.9736842105263158,-0.013333333333333334,0.8538461538461538,-0.07883817427385892,0.5467625899280576,-0.2930232558139535,0.43846153846153846,-0.39037433155080214,0.5714285714285714,-0.2727272727272727,0.6705882352941176,-0.19718309859154928,1.027027027027027,0.013333333333333334,0.8769230769230769,-0.06557377049180328,0.6235011990407674,-0.23190546528803546,0.5,-0.3333333333333333,0.6516290726817042,-0.2109256449165402,0.7647058823529411,-0.13333333333333333,1.1711711711711712,0.07883817427385892,1.1403508771929824,0.06557377049180328
1.19,252,235,426,526,385,337,218,208,213,194,-0.066481994,0.8098859315589354,-0.10504201680672269,1.1064935064935064,0.05055487053020962,1.2640949554896141,0.11664482306684142,1.9541284403669725,0.32298136645962733,2.048076923076923,0.3438485804416404,2.0,0.3333333333333333,1.2347417840375587,0.10504201680672269,1.3662337662337662,0.15477497255762898,1.5608308605341246,0.2190034762456547,2.4128440366972477,0.41397849462365593,2.5288461538461537,0.4332425068119891,2.4694835680751175,0.42354533152909335,0.903755868544601,-0.05055487053020962,0.7319391634980988,-0.15477497255762898,1.142433234421365,0.0664819944598338,1.7660550458715596,0.2769485903814262,1.8509615384615385,0.2984822934232715,1.807511737089202,0.28762541806020064,0.7910798122065728,-0.11664482306684142,0.6406844106463878,-0.2190034762456547,0.8753246753246753,-0.0664819944598338,1.5458715596330275,0.21441441441441442,1.6201923076923077,0.23669724770642203,1.5821596244131455,0.22545454545454546,0.5117370892018779,-0.32298136645962733,0.4144486692015209,-0.41397849462365593,0.5662337662337662,-0.2769485903814262,0.6468842729970327,-0.21441441441441442,1.0480769230769231,0.023474178403755867,1.0234741784037558,0.01160092807424594,0.48826291079812206,-0.3438485804416404,0.39543726235741444,-0.4332425068119891,0.5402597402597402,-0.2984822934232715,0.6172106824925816,-0.23669724770642203,0.9541284403669725,-0.023474178403755867,0.9765258215962441,-0.011876484560570071,0.5,-0.3333333333333333,0.4049429657794677,-0.42354533152909335,0.5532467532467532,-0.28762541806020064,0.6320474777448071,-0.22545454545454546,0.9770642201834863,-0.01160092807424594,1.0240384615384615,0.011876484560570071
1.52,768,679,1086,1255,1044,1025,839,865,814,842,-0.00918318,0.8653386454183267,-0.0721913712088851,1.0402298850574712,0.01971830985915493,1.0595121951219513,0.028896257697773566,1.294398092967819,0.12831168831168832,1.2554913294797687,0.1132752434648898,1.3341523341523343,0.1431578947368421,1.1556169429097607,0.0721913712088851,1.2021072796934866,0.09177903436276642,1.224390243902439,0.10087719298245613,1.495828367103695,0.19866284622731614,1.4508670520231215,0.18396226415094338,1.5417690417690417,0.21314644755920734,0.9613259668508287,-0.01971830985915493,0.8318725099601594,-0.09177903436276642,1.0185365853658537,0.00918318028032866,1.2443384982121573,0.1088688263409453,1.2069364161849712,0.09376636982713463,1.2825552825552826,0.12378902045209902,0.9438305709023941,-0.028896257697773566,0.8167330677290837,-0.10087719298245613,0.9818007662835249,-0.00918318028032866,1.2216924910607867,0.09978540772532189,1.1849710982658959,0.08465608465608465,1.259213759213759,0.11473626971179988,0.7725598526703499,-0.12831168831168832,0.6685258964143427,-0.19866284622731614,0.803639846743295,-0.1088688263409453,0.8185365853658536,-0.09978540772532189,0.9699421965317919,-0.015258215962441314,1.0307125307125307,0.015124016938898971,0.7965009208103131,-0.1132752434648898,0.6892430278884463,-0.18396226415094338,0.828544061302682,-0.09376636982713463,0.8439024390243902,-0.08465608465608465,1.030989272943981,0.015258215962441314,1.0626535626535627,0.030375223347230494,0.7495395948434622,-0.1431578947368421,0.648605577689243,-0.21314644755920734,0.7796934865900383,-0.12378902045209902,0.7941463414634147,-0.11473626971179988,0.9702026221692491,-0.015124016938898971,0.9410404624277456,-0.030375223347230494
1.91,455,412,647,739,615,564,426,426,487,396,-0.043256997,0.8755074424898511,-0.06637806637806638,1.0520325203252032,0.025356576862123614,1.1471631205673758,0.0685383980181668,1.5187793427230047,0.2059645852749301,1.5187793427230047,0.2059645852749301,1.3285420944558521,0.14109347442680775,1.1421947449768162,0.06637806637806638,1.2016260162601626,0.0915805022156573,1.3102836879432624,0.1343054489639294,1.7347417840375587,0.2686695278969957,1.7347417840375587,0.2686695278969957,1.517453798767967,0.20554649265905384,0.9505409582689336,-0.025356576862123614,0.8322056833558863,-0.0915805022156573,1.0904255319148937,0.043256997455470736,1.443661971830986,0.18155619596541786,1.443661971830986,0.18155619596541786,1.2628336755646816,0.1161524500907441,0.8717156105100463,-0.0685383980181668,0.7631935047361299,-0.1343054489639294,0.9170731707317074,-0.043256997455470736,1.323943661971831,0.1393939393939394,1.323943661971831,0.1393939393939394,1.158110882956879,0.07326355851569934,0.6584234930448223,-0.2059645852749301,0.5764546684709067,-0.2686695278969957,0.6926829268292682,-0.18155619596541786,0.7553191489361702,-0.1393939393939394,1.0,0.0,0.8747433264887063,-0.06681270536692223,0.6584234930448223,-0.2059645852749301,0.5764546684709067,-0.2686695278969957,0.6926829268292682,-0.18155619596541786,0.7553191489361702,-0.1393939393939394,1.0,0.0,0.8747433264887063,-0.06681270536692223,0.7527047913446677,-0.14109347442680775,0.6589986468200271,-0.20554649265905384,0.791869918699187,-0.1161524500907441,0.8634751773049646,-0.07326355851569934,1.1431924882629108,0.06681270536692223,1.1431924882629108,0.06681270536692223
1.26,716,630,1137,1274,1102,1018,779,739,806,741,-0.039622642,0.8924646781789639,-0.05682289506428868,1.0317604355716878,0.01563197856185797,1.1168958742632613,0.05522041763341067,1.4595635430038512,0.18684759916492694,1.5385656292286873,0.21215351812366737,1.4106699751861043,0.17035512094698918,1.1204925241864556,0.05682289506428868,1.1560798548094373,0.0723905723905724,1.2514734774066798,0.11169284467713787,1.6354300385109115,0.24111056989771068,1.7239512855209742,0.265772478887233,1.5806451612903225,0.225,0.969217238346526,-0.01563197856185797,0.8649921507064364,-0.0723905723905724,1.082514734774067,0.03962264150943396,1.4146341463414633,0.1717171717171717,1.4912043301759135,0.19717544812601848,1.3672456575682381,0.15513626834381553,0.8953386103781882,-0.05522041763341067,0.7990580847723705,-0.11169284467713787,0.9237749546279492,-0.03962264150943396,1.306803594351733,0.13299944351697274,1.3775372124492558,0.15879339783722254,1.2630272952853598,0.1162280701754386,0.6851363236587511,-0.18684759916492694,0.6114599686028257,-0.24111056989771068,0.7068965517241379,-0.1717171717171717,0.7652259332023575,-0.13299944351697274,1.054127198917456,0.026350461133069828,0.966501240694789,-0.017034700315457414,0.6499560246262093,-0.21215351812366737,0.5800627943485086,-0.265772478887233,0.6705989110707804,-0.19717544812601848,0.7259332023575639,-0.15879339783722254,0.9486521181001284,-0.026350461133069828,0.9168734491315137,-0.04336569579288026,0.7088830255057168,-0.17035512094698918,0.6326530612244898,-0.225,0.7313974591651543,-0.15513626834381553,0.7917485265225933,-0.1162280701754386,1.0346598202824133,0.017034700315457414,1.090663058186739,0.04336569579288026
1.3,885,803,1226,1351,1154,1154,881,910,888,871,0.0,0.9074759437453738,-0.04850601474582848,1.0623916811091854,0.030252100840336135,1.0623916811091854,0.030252100840336135,1.391600454029512,0.16373991457047934,1.3472527472527474,0.14794007490636704,1.3806306306306306,0.1598864711447493,1.101957585644372,0.04850601474582848,1.1707105719237434,0.07864271457085828,1.1707105719237434,0.07864271457085828,1.5334846765039727,0.21057347670250895,1.4846153846153847,0.19504643962848298,1.5213963963963963,0.20678874497543545,0.9412724306688418,-0.030252100840336135,0.8541820873427091,-0.07864271457085828,1.0,0.0,1.3098751418842225,0.13415233415233416,1.268131868131868,0.1182170542635659,1.2995495495495495,0.13026444662095985,0.9412724306688418,-0.030252100840336135,0.8541820873427091,-0.07864271457085828,1.0,0.0,1.3098751418842225,0.13415233415233416,1.268131868131868,0.1182170542635659,1.2995495495495495,0.13026444662095985,0.7185970636215334,-0.16373991457047934,0.6521095484826055,-0.21057347670250895,0.7634315424610052,-0.13415233415233416,0.7634315424610052,-0.13415233415233416,0.9681318681318681,-0.01619207146845338,0.9921171171171171,-0.00395703787450537,0.7422512234910277,-0.14794007490636704,0.6735751295336787,-0.19504643962848298,0.7885615251299827,-0.1182170542635659,0.7885615251299827,-0.1182170542635659,1.0329171396140748,0.01619207146845338,1.0247747747747749,0.012235817575083427,0.7243066884176182,-0.1598864711447493,0.6572908956328646,-0.20678874497543545,0.7694974003466204,-0.13026444662095985,0.7694974003466204,-0.13026444662095985,1.0079455164585698,0.00395703787450537,0.9758241758241758,-0.012235817575083427
1.2,871,763,1013,1163,1031,989,870,838,878,830,-0.020792079,0.8710232158211522,-0.06893382352941177,0.9825412221144519,-0.008806262230919765,1.0242669362992922,0.011988011988011988,1.164367816091954,0.07594264471587892,1.2088305489260143,0.09454349000540249,1.15375854214123,0.07139079851930195,1.1480750246791709,0.06893382352941177,1.1280310378273521,0.0601640838650866,1.1759352881698686,0.08085501858736059,1.3367816091954023,0.1441219872110182,1.3878281622911695,0.16241879060469766,1.3246013667425969,0.1396374326310632,1.0177690029615005,0.008806262230919765,0.8865004299226139,-0.0601640838650866,1.0424671385237614,0.020792079207920793,1.1850574712643678,0.08469226722777486,1.230310262529833,0.1032637774210808,1.174259681093394,0.08014667365112624,0.9763079960513327,-0.011988011988011988,0.8503869303525365,-0.08085501858736059,0.9592628516003879,-0.020792079207920793,1.1367816091954024,0.06401291016675632,1.1801909307875895,0.08264915161466886,1.1264236902050113,0.05945366898768077,0.8588351431391905,-0.07594264471587892,0.7480653482373173,-0.1441219872110182,0.8438409311348206,-0.08469226722777486,0.8796764408493428,-0.06401291016675632,1.0381861575178997,0.01873536299765808,0.9908883826879271,-0.004576659038901602,0.8272458045409674,-0.09454349000540249,0.7205503009458297,-0.16241879060469766,0.8128031037827352,-0.1032637774210808,0.8473205257836198,-0.08264915161466886,0.9632183908045977,-0.01873536299765808,0.9544419134396356,-0.023310023310023312,0.8667324777887463,-0.07139079851930195,0.7549441100601891,-0.1396374326310632,0.8516003879728419,-0.08014667365112624,0.8877654196157735,-0.05945366898768077,1.0091954022988505,0.004576659038901602,1.0477326968973748,0.023310023310023312
1.39,917,839,1118,1253,1100,1098,950,935,872,914,-0.000909918,0.8922585794094174,-0.05693800084352594,1.0163636363636364,0.008115419296663661,1.018214936247723,0.009025270758122744,1.176842105263158,0.08123791102514506,1.19572192513369,0.08913784705309304,1.2821100917431192,0.12361809045226131,1.1207513416815742,0.05693800084352594,1.1390909090909092,0.06502337441563961,1.1411657559198543,0.06592939174819226,1.3189473684210526,0.13753971856559238,1.3401069518716577,0.1453382084095064,1.436926605504587,0.17929411764705883,0.9838998211091234,-0.008115419296663661,0.8778930566640064,-0.06502337441563961,1.0018214936247722,0.0009099181073703367,1.1578947368421053,0.07317073170731707,1.1764705882352942,0.08108108108108109,1.261467889908257,0.11561866125760649,0.9821109123434705,-0.009025270758122744,0.8762968874700718,-0.06592939174819226,0.9981818181818182,-0.0009099181073703367,1.1557894736842105,0.072265625,1.174331550802139,0.08017707820954255,1.2591743119266054,0.11472081218274112,0.8497316636851521,-0.08123791102514506,0.7581803671189146,-0.13753971856559238,0.8636363636363636,-0.07317073170731707,0.8652094717668488,-0.072265625,1.0160427807486632,0.007957559681697613,1.0894495412844036,0.042810098792535674,0.8363148479427549,-0.08913784705309304,0.7462090981644054,-0.1453382084095064,0.85,-0.08108108108108109,0.8515482695810564,-0.08017707820954255,0.9842105263157894,-0.007957559681697613,1.0722477064220184,0.034864416159380185,0.7799642218246869,-0.12361809045226131,0.6959297685554668,-0.17929411764705883,0.7927272727272727,-0.11561866125760649,0.7941712204007286,-0.11472081218274112,0.9178947368421052,-0.042810098792535674,0.932620320855615,-0.034864416159380185
1.5,810,755,903,1007,933,935,746,766,712,784,0.001070664,0.8967229394240318,-0.05445026178010471,0.9678456591639871,-0.016339869281045753,0.9657754010695188,-0.017410228509249184,1.210455764075067,0.09520921770770163,1.178851174934726,0.08208508088675853,1.2682584269662922,0.11826625386996904,1.115171650055371,0.05445026178010471,1.0793140407288317,0.03814432989690722,1.0770053475935828,0.037075180226570546,1.3498659517426272,0.1488876212207644,1.314621409921671,0.1359278059785674,1.4143258426966292,0.17161140197789412,1.0332225913621262,0.016339869281045753,0.9265143992055611,-0.03814432989690722,0.9978609625668449,-0.0010706638115631692,1.2506702412868633,0.11137581893984515,1.2180156657963446,0.09829311359623308,1.3103932584269662,0.13434650455927052,1.035437430786268,0.017410228509249184,0.9285004965243296,-0.037075180226570546,1.0021436227224008,0.0010706638115631692,1.2533512064343164,0.1124330755502677,1.220626631853786,0.0993533215755438,1.3132022471910112,0.13539769277474195,0.8261351052048727,-0.09520921770770163,0.7408142999006951,-0.1488876212207644,0.7995712754555199,-0.11137581893984515,0.7978609625668449,-0.1124330755502677,0.9738903394255874,-0.013227513227513227,1.047752808988764,0.023319615912208505,0.8482834994462901,-0.08208508088675853,0.7606752730883813,-0.1359278059785674,0.8210075026795284,-0.09829311359623308,0.8192513368983957,-0.0993533215755438,1.0268096514745308,0.013227513227513227,1.0758426966292134,0.036535859269282815,0.7884828349944629,-0.11826625386996904,0.7070506454816285,-0.17161140197789412,0.7631296891747053,-0.13434650455927052,0.7614973262032085,-0.13539769277474195,0.9544235924932976,-0.023319615912208505,0.9295039164490861,-0.036535859269282815
0.98,657,580,816,969,819,824,680,690,641,652,0.003043214,0.8421052631578947,-0.08571428571428572,0.9963369963369964,-0.001834862385321101,0.9902912621359223,-0.004878048780487805,1.2,0.09090909090909091,1.182608695652174,0.08366533864541832,1.2730109204368174,0.12010981468771448,1.1875,0.08571428571428572,1.1831501831501832,0.08389261744966443,1.1759708737864079,0.08087005019520357,1.425,0.17525773195876287,1.4043478260869566,0.16817359855334538,1.5117004680187207,0.20372670807453416,1.0036764705882353,0.001834862385321101,0.8452012383900929,-0.08389261744966443,0.9939320388349514,-0.0030432136335970784,1.2044117647058823,0.09272848565710473,1.1869565217391305,0.08548707753479125,1.2776911076443058,0.12191780821917808,1.0098039215686274,0.004878048780487805,0.8503611971104231,-0.08087005019520357,1.006105006105006,0.0030432136335970784,1.2117647058823529,0.09574468085106383,1.1942028985507247,0.08850726552179657,1.2854914196567864,0.12491467576791809,0.8333333333333334,-0.09090909090909091,0.7017543859649122,-0.17525773195876287,0.8302808302808303,-0.09272848565710473,0.8252427184466019,-0.09574468085106383,0.9855072463768116,-0.0072992700729927005,1.0608424336973479,0.029523088569265707,0.8455882352941176,-0.08366533864541832,0.7120743034055728,-0.16817359855334538,0.8424908424908425,-0.08548707753479125,0.837378640776699,-0.08850726552179657,1.0147058823529411,0.0072992700729927005,1.076443057722309,0.03681442524417731,0.7855392156862745,-0.12010981468771448,0.6615067079463365,-0.20372670807453416,0.7826617826617827,-0.12191780821917808,0.7779126213592233,-0.12491467576791809,0.9426470588235294,-0.029523088569265707,0.9289855072463769,-0.03681442524417731
1.67,139,138,144,194,200,170,65,65,58,33,-0.081081081,0.7422680412371134,-0.14792899408284024,0.72,-0.16279069767441862,0.8470588235294118,-0.08280254777070063,2.2153846153846155,0.37799043062200954,2.2153846153846155,0.37799043062200954,2.4827586206896552,0.42574257425742573,1.3472222222222223,0.14792899408284024,0.97,-0.015228426395939087,1.1411764705882352,0.06593406593406594,2.9846153846153847,0.4980694980694981,2.9846153846153847,0.4980694980694981,3.3448275862068964,0.5396825396825397,1.3888888888888888,0.16279069767441862,1.0309278350515463,0.015228426395939087,1.1764705882352942,0.08108108108108109,3.076923076923077,0.5094339622641509,3.076923076923077,0.5094339622641509,3.4482758620689653,0.5503875968992248,1.1805555555555556,0.08280254777070063,0.8762886597938144,-0.06593406593406594,0.85,-0.08108108108108109,2.6153846153846154,0.44680851063829785,2.6153846153846154,0.44680851063829785,2.9310344827586206,0.49122807017543857,0.4513888888888889,-0.37799043062200954,0.33505154639175255,-0.4980694980694981,0.325,-0.5094339622641509,0.38235294117647056,-0.44680851063829785,1.0,0.0,1.1206896551724137,0.056910569105691054,0.4513888888888889,-0.37799043062200954,0.33505154639175255,-0.4980694980694981,0.325,-0.5094339622641509,0.38235294117647056,-0.44680851063829785,1.0,0.0,1.1206896551724137,0.056910569105691054,0.4027777777777778,-0.42574257425742573,0.29896907216494845,-0.5396825396825397,0.29,-0.5503875968992248,0.3411764705882353,-0.49122807017543857,0.8923076923076924,-0.056910569105691054,0.8923076923076924,-0.056910569105691054
2.32,6209,4606,9504,9058,8624,9407,8838,8677,8430,8376,0.043425212,1.049238242437624,0.02402758323456524,1.1020408163265305,0.04854368932038835,1.0103114701817795,0.0051292898313151074,1.075356415478615,0.03631010794896958,1.0953094387461104,0.04548704691711127,1.1274021352313168,0.05988624958179993,0.9530723905723906,-0.02402758323456524,1.0503246753246753,0.02454473475851148,0.9628999681088551,-0.018900622799891686,1.0248925096175605,0.012293249888243183,1.0439091852022588,0.021482943332393572,1.0744958481613285,0.035910338517840805,0.9074074074074074,-0.04854368932038835,0.9520865533230294,-0.02454473475851148,0.9167641118316148,-0.04342521213465698,0.9757863770083729,-0.01225518268239606,0.9938918981214706,-0.0030634067394948268,1.0230130486358244,0.011375630350650874,0.9897937710437711,-0.0051292898313151074,1.0385294767056745,0.018900622799891686,1.0907931354359925,0.04342521213465698,1.0643810816926906,0.031186626473006303,1.084130459836349,0.040367175403671754,1.1158956109134046,0.054773784829287436,0.9299242424242424,-0.03631010794896958,0.9757120777213513,-0.012293249888243183,1.0248144712430427,0.01225518268239606,0.939513128521314,-0.031186626473006303,1.0185548000460989,0.009192121039109335,1.0483985765124555,0.0236275191104934,0.9129840067340067,-0.04548704691711127,0.9579377345992492,-0.021482943332393572,1.0061456400742115,0.0030634067394948268,0.9223982140958861,-0.040367175403671754,0.9817832088707853,-0.009192121039109335,1.029300118623962,0.014438533933477524,0.8869949494949495,-0.05988624958179993,0.93066902185913,-0.035910338517840805,0.977504638218924,-0.011375630350650874,0.8961411714680557,-0.054773784829287436,0.9538357094365241,-0.0236275191104934,0.9715339403019477,-0.014438533933477524
2.2,460,373,747,748,778,655,557,698,641,511,-0.085833915,0.9986631016042781,-0.0006688963210702341,0.9601542416452442,-0.020327868852459016,1.1404580152671755,0.06562054208273894,1.341113105924596,0.14570552147239263,1.0702005730659025,0.033910034602076124,1.1653666146645867,0.07636887608069164,1.001338688085676,0.0006688963210702341,0.961439588688946,-0.019659239842726082,1.1419847328244275,0.06628652886671418,1.3429084380610412,0.14636015325670498,1.0716332378223496,0.034578146611341634,1.1669266770670828,0.07703383729301656,1.0414993306559572,0.020327868852459016,1.0401069518716577,0.019659239842726082,1.1877862595419848,0.08583391486392185,1.3967684021543985,0.1655430711610487,1.1146131805157593,0.05420054200542006,1.2137285491419656,0.09654686398872446,0.8768406961178046,-0.06562054208273894,0.8756684491978609,-0.06628652886671418,0.8419023136246787,-0.08583391486392185,1.1759425493716338,0.08085808580858085,0.9383954154727794,-0.031781226903178125,1.0218408736349454,0.010802469135802469,0.7456492637215528,-0.14570552147239263,0.7446524064171123,-0.14636015325670498,0.7159383033419023,-0.1655430711610487,0.850381679389313,-0.08085808580858085,0.7979942693409742,-0.11235059760956176,0.8689547581903276,-0.07011686143572621,0.9344042838018741,-0.033910034602076124,0.9331550802139037,-0.034578146611341634,0.897172236503856,-0.05420054200542006,1.0656488549618321,0.031781226903178125,1.2531418312387792,0.11235059760956176,1.0889235569422777,0.04256908140403286,0.85809906291834,-0.07636887608069164,0.856951871657754,-0.07703383729301656,0.8239074550128535,-0.09654686398872446,0.9786259541984733,-0.010802469135802469,1.1508078994614004,0.07011686143572621,0.9183381088825215,-0.04256908140403286
2.2,41,33,113,140,106,90,31,43,37,33,-0.081632653,0.8071428571428572,-0.1067193675889328,1.0660377358490567,0.0319634703196347,1.2555555555555555,0.11330049261083744,3.6451612903225805,0.5694444444444444,2.627906976744186,0.44871794871794873,3.054054054054054,0.5066666666666667,1.238938053097345,0.1067193675889328,1.320754716981132,0.13821138211382114,1.5555555555555556,0.21739130434782608,4.516129032258065,0.6374269005847953,3.255813953488372,0.5300546448087432,3.7837837837837838,0.5819209039548022,0.9380530973451328,-0.0319634703196347,0.7571428571428571,-0.13821138211382114,1.1777777777777778,0.08163265306122448,3.4193548387096775,0.5474452554744526,2.4651162790697674,0.4228187919463087,2.864864864864865,0.4825174825174825,0.7964601769911505,-0.11330049261083744,0.6428571428571429,-0.21739130434782608,0.8490566037735849,-0.08163265306122448,2.903225806451613,0.48760330578512395,2.0930232558139537,0.3533834586466165,2.4324324324324325,0.41732283464566927,0.2743362831858407,-0.5694444444444444,0.22142857142857142,-0.6374269005847953,0.29245283018867924,-0.5474452554744526,0.34444444444444444,-0.48760330578512395,0.7209302325581395,-0.16216216216216217,0.8378378378378378,-0.08823529411764706,0.3805309734513274,-0.44871794871794873,0.30714285714285716,-0.5300546448087432,0.4056603773584906,-0.4228187919463087,0.4777777777777778,-0.3533834586466165,1.3870967741935485,0.16216216216216217,1.162162162162162,0.075,0.3274336283185841,-0.5066666666666667,0.2642857142857143,-0.5819209039548022,0.3490566037735849,-0.4825174825174825,0.4111111111111111,-0.41732283464566927,1.1935483870967742,0.08823529411764706,0.8604651162790697,-0.075
4.87,87,78,57,103,132,158,79,117,107,92,0.089655172,0.5533980582524272,-0.2875,0.4318181818181818,-0.3968253968253968,0.36075949367088606,-0.4697674418604651,0.7215189873417721,-0.16176470588235295,0.48717948717948717,-0.3448275862068966,0.5327102803738317,-0.3048780487804878,1.8070175438596492,0.2875,0.7803030303030303,-0.12340425531914893,0.6518987341772152,-0.210727969348659,1.3037974683544304,0.13186813186813187,0.8803418803418803,-0.06363636363636363,0.9626168224299065,-0.01904761904761905,2.3157894736842106,0.3968253968253968,1.2815533980582525,0.12340425531914893,0.8354430379746836,-0.0896551724137931,1.6708860759493671,0.25118483412322273,1.1282051282051282,0.060240963855421686,1.233644859813084,0.10460251046025104,2.7719298245614037,0.4697674418604651,1.5339805825242718,0.210727969348659,1.196969696969697,0.0896551724137931,2.0,0.3333333333333333,1.3504273504273505,0.14909090909090908,1.4766355140186915,0.19245283018867926,1.3859649122807018,0.16176470588235295,0.7669902912621359,-0.13186813186813187,0.5984848484848485,-0.25118483412322273,0.5,-0.3333333333333333,0.6752136752136753,-0.19387755102040816,0.7383177570093458,-0.15053763440860216,2.0526315789473686,0.3448275862068966,1.1359223300970873,0.06363636363636363,0.8863636363636364,-0.060240963855421686,0.740506329113924,-0.14909090909090908,1.481012658227848,0.19387755102040816,1.0934579439252337,0.044642857142857144,1.8771929824561404,0.3048780487804878,1.0388349514563107,0.01904761904761905,0.8106060606060606,-0.10460251046025104,0.6772151898734177,-0.19245283018867926,1.3544303797468353,0.15053763440860216,0.9145299145299145,-0.044642857142857144
3.74,2986,2682,3828,3630,3285,3526,3442,3314,4306,3243,0.035383938,1.0545454545454545,0.02654867256637168,1.165296803652968,0.07633909742724589,1.0856494611457743,0.04106608648354637,1.1121441022661243,0.053094910591471804,1.1550995775497888,0.07196863623634836,0.8889921040408733,-0.05876567494467667,0.9482758620689655,-0.02654867256637168,1.1050228310502284,0.049891540130151846,1.029495178672717,0.014533258803801007,1.0546194073213249,0.026583710407239818,1.0953530476765239,0.04550691244239631,0.8430097538318625,-0.08518145161290322,0.8581504702194357,-0.07633909742724589,0.9049586776859504,-0.049891540130151846,0.9316505955757232,-0.035383937747760975,0.9543869843114469,-0.02333878400475695,0.9912492456246228,-0.004394605243218669,0.7628889921040408,-0.13450138321696747,0.9211076280041798,-0.04106608648354637,0.9713498622589531,-0.014533258803801007,1.0733637747336378,0.035383937747760975,1.0244044160371877,0.012055109070034443,1.063971031985516,0.030994152046783626,0.8188574082675337,-0.09959141981613892,0.8991640543364682,-0.053094910591471804,0.9482093663911846,-0.026583710407239818,1.04779299847793,0.02333878400475695,0.9761769710720363,-0.012055109070034443,1.0386240193120098,0.018946121965660152,0.7993497445424989,-0.11151264842540011,0.8657262277951933,-0.07196863623634836,0.9129476584022038,-0.04550691244239631,1.0088280060882802,0.004394605243218669,0.9398752127056155,-0.030994152046783626,0.9628123184195235,-0.018946121965660152,0.7696237807710172,-0.13018372703412073,1.1248693834900731,0.05876567494467667,1.1862258953168043,0.08518145161290322,1.310806697108067,0.13450138321696747,1.2212138400453771,0.09959141981613892,1.2510168506682162,0.11151264842540011,1.2993361496680749,0.13018372703412073
3.3,49,47,337,489,278,208,34,54,41,34,-0.144032922,0.689161554192229,-0.18401937046004843,1.2122302158273381,0.0959349593495935,1.6201923076923077,0.23669724770642203,9.911764705882353,0.816711590296496,6.2407407407407405,0.7237851662404092,8.21951219512195,0.783068783068783,1.4510385756676558,0.18401937046004843,1.7589928057553956,0.27509778357235987,2.3509615384615383,0.4031563845050215,14.382352941176471,0.869980879541109,9.055555555555555,0.8011049723756906,11.926829268292684,0.8452830188679246,0.8249258160237388,-0.0959349593495935,0.5685071574642127,-0.27509778357235987,1.3365384615384615,0.1440329218106996,8.176470588235293,0.782051282051282,5.148148148148148,0.6746987951807228,6.780487804878049,0.7429467084639498,0.6172106824925816,-0.23669724770642203,0.42535787321063395,-0.4031563845050215,0.7482014388489209,-0.1440329218106996,6.117647058823529,0.71900826446281,3.8518518518518516,0.5877862595419847,5.073170731707317,0.6706827309236948,0.10089020771513353,-0.816711590296496,0.06952965235173825,-0.869980879541109,0.1223021582733813,-0.782051282051282,0.16346153846153846,-0.71900826446281,0.6296296296296297,-0.22727272727272727,0.8292682926829268,-0.09333333333333334,0.16023738872403562,-0.7237851662404092,0.11042944785276074,-0.8011049723756906,0.19424460431654678,-0.6746987951807228,0.25961538461538464,-0.5877862595419847,1.588235294117647,0.22727272727272727,1.3170731707317074,0.1368421052631579,0.12166172106824925,-0.783068783068783,0.08384458077709611,-0.8452830188679246,0.1474820143884892,-0.7429467084639498,0.1971153846153846,-0.6706827309236948,1.2058823529411764,0.09333333333333334,0.7592592592592593,-0.1368421052631579
2.31,5296,5278,6028,6209,6140,6687,6481,6315,5954,6082,0.042644422,0.970848767917539,-0.014791206995178557,0.9817589576547231,-0.009204470742932281,0.9014505757439809,-0.051828548957923715,0.9301033791081623,-0.03621392597329923,0.9545526524148852,-0.02325204569391558,1.012428619415519,0.006175930562510432,1.0300265428002655,0.014791206995178557,1.0112377850162866,0.005587496963316868,0.9285180200388814,-0.03706575682382134,0.9580311680296251,-0.021434200157604413,0.9832145684877276,-0.008463749600766528,1.0428283506886127,0.020965222395790514,1.0185799601857997,0.009204470742932281,0.9888870993718796,-0.005587496963316868,0.9181994915507702,-0.04264442192250721,0.9473846628606697,-0.027018461294667617,0.9722882026920031,-0.014050582095543959,1.0312395028552235,0.01537952703820076,1.1093231585932315,0.051828548957923715,1.0769850217426316,0.03706575682382134,1.0890879478827362,0.04264442192250721,1.0317852183305045,0.015643985419198057,1.0589073634204276,0.02861098292570374,1.1231105139402082,0.057985918835535166,1.075149303251493,0.03621392597329923,1.0438073763891125,0.021434200157604413,1.0555374592833877,0.027018461294667617,0.9691939584267982,-0.015643985419198057,1.0262866191607285,0.012972804001250391,1.0885119247564663,0.042380377965420185,1.0476111479761114,0.02325204569391558,1.0170719922692866,0.008463749600766528,1.028501628664495,0.014050582095543959,0.9443696724988784,-0.02861098292570374,0.9743866687239624,-0.012972804001250391,1.0606315082297615,0.029423750916945147,0.9877239548772395,-0.006175930562510432,0.958930584635207,-0.020965222395790514,0.9697068403908795,-0.01537952703820076,0.8903843278002094,-0.057985918835535166,0.9186853880573985,-0.042380377965420185,0.9428345209817894,-0.029423750916945147
2.7,715,545,1027,888,685,734,670,661,1081,714,0.03453136,1.1565315315315314,0.07258485639686683,1.4992700729927007,0.19976635514018692,1.3991825613079019,0.16638273708120385,1.5328358208955224,0.2103712433706541,1.5537065052950076,0.21682464454976302,0.9500462534690102,-0.025616698292220113,0.8646543330087634,-0.07258485639686683,1.2963503649635038,0.1290527654164018,1.2098092643051772,0.09494451294697903,1.3253731343283581,0.1399229781771502,1.3434190620272315,0.14654615881213687,0.8214616096207216,-0.09801929913661757,0.6669912366114897,-0.19976635514018692,0.7713963963963963,-0.1290527654164018,0.9332425068119891,-0.03453136011275546,1.0223880597014925,0.01107011070110701,1.0363086232980332,0.017830609212481426,0.633672525439408,-0.22423556058890148,0.7147030185004869,-0.16638273708120385,0.8265765765765766,-0.09494451294697903,1.0715328467153284,0.03453136011275546,1.0955223880597016,0.045584045584045586,1.1104387291981845,0.052329749103942655,0.6790009250693803,-0.19118457300275482,0.6523855890944499,-0.2103712433706541,0.7545045045045045,-0.1399229781771502,0.9781021897810219,-0.01107011070110701,0.9128065395095368,-0.045584045584045586,1.0136157337367624,0.0067618332081141996,0.6197964847363552,-0.23472301541976015,0.6436222005842259,-0.21682464454976302,0.7443693693693694,-0.14654615881213687,0.964963503649635,-0.017830609212481426,0.9005449591280654,-0.052329749103942655,0.9865671641791045,-0.0067618332081141996,0.6114708603145236,-0.24110218140068887,1.0525803310613437,0.025616698292220113,1.2173423423423424,0.09801929913661757,1.578102189781022,0.22423556058890148,1.4727520435967303,0.19118457300275482,1.6134328358208956,0.23472301541976015,1.6354009077155824,0.24110218140068887
2.38,245,211,470,521,423,402,311,325,320,284,-0.025454545,0.9021113243761996,-0.05146316851664985,1.1111111111111112,0.05263157894736842,1.1691542288557213,0.0779816513761468,1.5112540192926045,0.20358514724711907,1.4461538461538461,0.18238993710691823,1.46875,0.189873417721519,1.1085106382978724,0.05146316851664985,1.2316784869976358,0.1038135593220339,1.2960199004975124,0.12892741061755147,1.67524115755627,0.25240384615384615,1.603076923076923,0.23167848699763594,1.628125,0.2390011890606421,0.9,-0.05263157894736842,0.8119001919385797,-0.1038135593220339,1.0522388059701493,0.025454545454545455,1.360128617363344,0.15258855585831063,1.3015384615384615,0.13101604278074866,1.321875,0.1386271870794078,0.8553191489361702,-0.0779816513761468,0.7715930902111324,-0.12892741061755147,0.950354609929078,-0.025454545454545455,1.292604501607717,0.1276297335203366,1.236923076923077,0.10591471801925723,1.25625,0.11357340720221606,0.6617021276595745,-0.20358514724711907,0.5969289827255279,-0.25240384615384615,0.735224586288416,-0.15258855585831063,0.7736318407960199,-0.1276297335203366,0.9569230769230769,-0.0220125786163522,0.971875,-0.014263074484944533,0.6914893617021277,-0.18238993710691823,0.6238003838771593,-0.23167848699763594,0.7683215130023641,-0.13101604278074866,0.8084577114427861,-0.10591471801925723,1.045016077170418,0.0220125786163522,1.015625,0.007751937984496124,0.6808510638297872,-0.189873417721519,0.6142034548944337,-0.2390011890606421,0.7565011820330969,-0.1386271870794078,0.7960199004975125,-0.11357340720221606,1.0289389067524115,0.014263074484944533,0.9846153846153847,-0.007751937984496124
1.9,267,235,399,549,429,342,236,211,238,201,-0.112840467,0.726775956284153,-0.15822784810126583,0.9300699300699301,-0.036231884057971016,1.1666666666666667,0.07692307692307693,1.6906779661016949,0.2566929133858268,1.8909952606635072,0.3081967213114754,1.6764705882352942,0.25274725274725274,1.3759398496240602,0.15822784810126583,1.2797202797202798,0.12269938650306748,1.605263157894737,0.23232323232323232,2.3262711864406778,0.39872611464968155,2.6018957345971563,0.44473684210526315,2.30672268907563,0.3951715374841169,1.0751879699248121,0.036231884057971016,0.7814207650273224,-0.12269938650306748,1.2543859649122806,0.11284046692607004,1.8177966101694916,0.29022556390977444,2.0331753554502368,0.340625,1.8025210084033614,0.2863568215892054,0.8571428571428571,-0.07692307692307693,0.6229508196721312,-0.23232323232323232,0.7972027972027972,-0.11284046692607004,1.4491525423728813,0.18339100346020762,1.6208530805687205,0.23688969258589512,1.4369747899159664,0.1793103448275862,0.5914786967418546,-0.2566929133858268,0.42987249544626593,-0.39872611464968155,0.5501165501165501,-0.29022556390977444,0.6900584795321637,-0.18339100346020762,1.1184834123222749,0.05592841163310962,0.9915966386554622,-0.004219409282700422,0.5288220551378446,-0.3081967213114754,0.3843351548269581,-0.44473684210526315,0.49184149184149184,-0.340625,0.6169590643274854,-0.23688969258589512,0.8940677966101694,-0.05592841163310962,0.8865546218487395,-0.060133630289532294,0.5964912280701754,-0.25274725274725274,0.4335154826958106,-0.3951715374841169,0.5547785547785548,-0.2863568215892054,0.695906432748538,-0.1793103448275862,1.0084745762711864,0.004219409282700422,1.127962085308057,0.060133630289532294
2.48,401,370,549,626,579,512,401,391,435,364,-0.061411549,0.8769968051118211,-0.06553191489361702,0.9481865284974094,-0.026595744680851064,1.072265625,0.034872761545711596,1.3690773067331672,0.15578947368421053,1.4040920716112533,0.16808510638297872,1.2620689655172415,0.11585365853658537,1.1402550091074681,0.06553191489361702,1.081174438687392,0.03900414937759336,1.22265625,0.10017574692442882,1.5610972568578554,0.21908471275559882,1.6010230179028133,0.23107177974434612,1.439080459770115,0.18001885014137606,1.0546448087431695,0.026595744680851064,0.9249201277955271,-0.03900414937759336,1.130859375,0.0614115490375802,1.4438902743142146,0.1816326530612245,1.4808184143222507,0.19381443298969073,1.3310344827586207,0.14201183431952663,0.9326047358834244,-0.034872761545711596,0.8178913738019169,-0.10017574692442882,0.8842832469775475,-0.0614115490375802,1.2768079800498753,0.12157721796276014,1.3094629156010231,0.13399778516057587,1.1770114942528735,0.08130939809926083,0.7304189435336976,-0.15578947368421053,0.6405750798722045,-0.21908471275559882,0.6925734024179621,-0.1816326530612245,0.783203125,-0.12157721796276014,1.0255754475703325,0.012626262626262626,0.9218390804597701,-0.04066985645933014,0.7122040072859745,-0.16808510638297872,0.6246006389776357,-0.23107177974434612,0.6753022452504318,-0.19381443298969073,0.763671875,-0.13399778516057587,0.9750623441396509,-0.012626262626262626,0.8988505747126436,-0.053268765133171914,0.7923497267759563,-0.11585365853658537,0.694888178913738,-0.18001885014137606,0.7512953367875648,-0.14201183431952663,0.849609375,-0.08130939809926083,1.084788029925187,0.04066985645933014,1.1125319693094629,0.053268765133171914
2.01,684,606,929,1080,947,876,716,680,758,691,-0.038946791,0.8601851851851852,-0.07516177202588352,0.9809926082365364,-0.009594882729211088,1.0605022831050228,0.029362880886426593,1.297486033519553,0.12948328267477205,1.3661764705882353,0.15475450590428838,1.225593667546174,0.1013633669235329,1.16254036598493,0.07516177202588352,1.1404435058078142,0.06561420818944252,1.2328767123287672,0.10429447852760736,1.5083798882681565,0.2026726057906459,1.588235294117647,0.22727272727272727,1.424802110817942,0.17519042437431992,1.0193756727664156,0.009594882729211088,0.8768518518518519,-0.06561420818944252,1.0810502283105023,0.038946791003839826,1.3226256983240223,0.13890559230306676,1.3926470588235293,0.16410571604179472,1.2493403693931397,0.11085043988269795,0.9429494079655544,-0.029362880886426593,0.8111111111111111,-0.10429447852760736,0.925026399155227,-0.038946791003839826,1.223463687150838,0.10050251256281408,1.2882352941176471,0.12596401028277635,1.1556728232189974,0.07221542227662178,0.7707212055974165,-0.12948328267477205,0.662962962962963,-0.2026726057906459,0.7560718057022175,-0.13890559230306676,0.817351598173516,-0.10050251256281408,1.0529411764705883,0.025787965616045846,0.9445910290237467,-0.028493894165535955,0.7319698600645855,-0.15475450590428838,0.6296296296296297,-0.22727272727272727,0.7180570221752904,-0.16410571604179472,0.776255707762557,-0.12596401028277635,0.9497206703910615,-0.025787965616045846,0.8970976253298153,-0.054242002781641166,0.8159311087190527,-0.1013633669235329,0.7018518518518518,-0.17519042437431992,0.8004223864836325,-0.11085043988269795,0.865296803652968,-0.07221542227662178,1.058659217877095,0.028493894165535955,1.1147058823529412,0.054242002781641166
5.0,2149,2562,1723,1751,1789,2138,2414,2669,1924,2824,0.088871912,0.9840091376356368,-0.008059873344847437,0.9631078814980436,-0.01879271070615034,0.8058933582787652,-0.10748510748510748,0.7137531068765535,-0.16702924824752235,0.6455601348819783,-0.21539162112932606,0.8955301455301455,-0.05511379215793803,1.016250725478816,0.008059873344847437,0.9787590832867524,-0.010734463276836158,0.8189897100093545,-0.09951144253021342,0.7253521126760564,-0.15918367346938775,0.6560509554140127,-0.2076923076923077,0.91008316008316,-0.04707482993197279,1.0383052814857807,0.01879271070615034,1.02170188463735,0.010734463276836158,0.8367633302151544,-0.08887191240132417,0.7410936205468103,-0.14870330716155128,0.6702884975646309,-0.19739793629430238,0.9298336798336798,-0.036358739563695126,1.240858966918166,0.10748510748510748,1.2210165619645916,0.09951144253021342,1.1950810508664058,0.08887191240132417,0.8856669428334715,-0.06063268892794376,0.8010490820532035,-0.11046390680257957,1.1112266112266111,0.05268340718857706,1.4010446894950668,0.16702924824752235,1.3786407766990292,0.15918367346938775,1.349357182783678,0.14870330716155128,1.1290926099158092,0.06063268892794376,0.9044585987261147,-0.05016722408026756,1.2546777546777548,0.11295527893038267,1.5490423679628555,0.21539162112932606,1.5242718446601942,0.2076923076923077,1.4918949133594186,0.19739793629430238,1.2483629560336764,0.11046390680257957,1.1056338028169015,0.05016722408026756,1.387214137214137,0.16220335292836927,1.1166569936157864,0.05511379215793803,1.0988006853226728,0.04707482993197279,1.0754611514812744,0.036358739563695126,0.8999064546304958,-0.05268340718857706,0.7970173985086992,-0.11295527893038267,0.7208692394155114,-0.16220335292836927
2.43,1059,949,1306,1437,1284,1270,1074,1055,1035,1040,-0.005481597,0.9088378566457899,-0.047757929274516955,1.017133956386293,0.008494208494208495,1.0283464566929135,0.013975155279503106,1.2160148975791434,0.09747899159663866,1.2379146919431279,0.10631088521812791,1.2618357487922705,0.11576249466040153,1.1003062787136293,0.047757929274516955,1.1191588785046729,0.05622932745314223,1.131496062992126,0.061691909863317324,1.3379888268156424,0.14456391875746716,1.362085308056872,0.15329052969502407,1.3884057971014492,0.16262135922330098,0.9831546707503829,-0.008494208494208495,0.8935281837160751,-0.05622932745314223,1.0110236220472442,0.00548159749412686,1.1955307262569832,0.089058524173028,1.2170616113744075,0.09790508764429243,1.2405797101449276,0.1073738680465718,0.9724349157733537,-0.013975155279503106,0.883785664578984,-0.061691909863317324,0.9890965732087228,-0.00548159749412686,1.1824953445065176,0.08361774744027303,1.2037914691943128,0.09247311827956989,1.2270531400966183,0.1019522776572668,0.8223583460949464,-0.09747899159663866,0.7473903966597077,-0.14456391875746716,0.8364485981308412,-0.089058524173028,0.8456692913385827,-0.08361774744027303,1.0180094786729859,0.008924377642085486,1.03768115942029,0.01849217638691323,0.8078101071975498,-0.10631088521812791,0.7341684064022269,-0.15329052969502407,0.8216510903426791,-0.09790508764429243,0.8307086614173228,-0.09247311827956989,0.9823091247672253,-0.008924377642085486,1.0193236714975846,0.009569377990430622,0.7924961715160797,-0.11576249466040153,0.7202505219206681,-0.16262135922330098,0.8060747663551402,-0.1073738680465718,0.8149606299212598,-0.1019522776572668,0.9636871508379888,-0.01849217638691323,0.981042654028436,-0.009569377990430622
2.13,141,126,293,325,244,215,175,151,152,174,-0.063180828,0.9015384615384615,-0.05177993527508091,1.2008196721311475,0.09124767225325885,1.3627906976744186,0.15354330708661418,1.6742857142857144,0.25213675213675213,1.9403973509933774,0.31981981981981983,1.9276315789473684,0.31685393258426964,1.1092150170648465,0.05177993527508091,1.3319672131147542,0.14235500878734622,1.5116279069767442,0.2037037037037037,1.8571428571428572,0.3,2.152317880794702,0.36554621848739494,2.138157894736842,0.36268343815513626,0.8327645051194539,-0.09124767225325885,0.7507692307692307,-0.14235500878734622,1.1348837209302325,0.06318082788671024,1.3942857142857144,0.16467780429594273,1.6158940397350994,0.23544303797468355,1.605263157894737,0.23232323232323232,0.7337883959044369,-0.15354330708661418,0.6615384615384615,-0.2037037037037037,0.8811475409836066,-0.06318082788671024,1.2285714285714286,0.10256410256410256,1.423841059602649,0.17486338797814208,1.4144736842105263,0.17166212534059946,0.5972696245733788,-0.25213675213675213,0.5384615384615384,-0.3,0.7172131147540983,-0.16467780429594273,0.813953488372093,-0.10256410256410256,1.1589403973509933,0.0736196319018405,1.1513157894736843,0.07033639143730887,0.515358361774744,-0.31981981981981983,0.4646153846153846,-0.36554621848739494,0.6188524590163934,-0.23544303797468355,0.7023255813953488,-0.17486338797814208,0.8628571428571429,-0.0736196319018405,0.993421052631579,-0.0033003300330033004,0.5187713310580204,-0.31685393258426964,0.4676923076923077,-0.36268343815513626,0.6229508196721312,-0.23232323232323232,0.7069767441860465,-0.17166212534059946,0.8685714285714285,-0.07033639143730887,1.0066225165562914,0.0033003300330033004
3.75,891,861,1174,1287,1115,1115,958,970,835,928,0.0,0.9121989121989122,-0.04591629418935392,1.052914798206278,0.025775447793796417,1.052914798206278,0.025775447793796417,1.2254697286012526,0.10131332082551595,1.2103092783505154,0.09514925373134328,1.4059880239520959,0.16874066699850673,1.096252129471891,0.04591629418935392,1.1542600896860986,0.07160699417152373,1.1542600896860986,0.07160699417152373,1.3434237995824634,0.1465478841870824,1.3268041237113402,0.14045192733717324,1.5413173652694612,0.21300659754948162,0.9497444633730835,-0.025775447793796417,0.8663558663558664,-0.07160699417152373,1.0,0.0,1.163883089770355,0.07573564881813796,1.1494845360824741,0.06954436450839328,1.3353293413173652,0.14358974358974358,0.9497444633730835,-0.025775447793796417,0.8663558663558664,-0.07160699417152373,1.0,0.0,1.163883089770355,0.07573564881813796,1.1494845360824741,0.06954436450839328,1.3353293413173652,0.14358974358974358,0.8160136286201022,-0.10131332082551595,0.7443667443667443,-0.1465478841870824,0.8591928251121076,-0.07573564881813796,0.8591928251121076,-0.07573564881813796,0.9876288659793815,-0.006224066390041493,1.1473053892215568,0.06860011154489683,0.8262350936967632,-0.09514925373134328,0.7536907536907537,-0.14045192733717324,0.8699551569506726,-0.06954436450839328,0.8699551569506726,-0.06954436450839328,1.0125260960334028,0.006224066390041493,1.1616766467065869,0.07479224376731301,0.7112436115843271,-0.16874066699850673,0.6487956487956488,-0.21300659754948162,0.7488789237668162,-0.14358974358974358,0.7488789237668162,-0.14358974358974358,0.8716075156576201,-0.06860011154489683,0.8608247422680413,-0.07479224376731301
2.24,167,141,130,151,135,144,58,62,48,68,0.032258065,0.8609271523178808,-0.07473309608540925,0.9629629629629629,-0.018867924528301886,0.9027777777777778,-0.051094890510948905,2.2413793103448274,0.3829787234042553,2.096774193548387,0.3541666666666667,2.7083333333333335,0.4606741573033708,1.1615384615384616,0.07473309608540925,1.1185185185185185,0.055944055944055944,1.0486111111111112,0.023728813559322035,2.603448275862069,0.4449760765550239,2.435483870967742,0.41784037558685444,3.1458333333333335,0.5175879396984925,1.0384615384615385,0.018867924528301886,0.8940397350993378,-0.055944055944055944,0.9375,-0.03225806451612903,2.3275862068965516,0.39896373056994816,2.1774193548387095,0.37055837563451777,2.8125,0.47540983606557374,1.1076923076923078,0.051094890510948905,0.9536423841059603,-0.023728813559322035,1.0666666666666667,0.03225806451612903,2.4827586206896552,0.42574257425742573,2.3225806451612905,0.39805825242718446,3.0,0.5,0.4461538461538462,-0.3829787234042553,0.3841059602649007,-0.4449760765550239,0.42962962962962964,-0.39896373056994816,0.4027777777777778,-0.42574257425742573,0.9354838709677419,-0.03333333333333333,1.2083333333333333,0.09433962264150944,0.47692307692307695,-0.3541666666666667,0.4105960264900662,-0.41784037558685444,0.45925925925925926,-0.37055837563451777,0.4305555555555556,-0.39805825242718446,1.0689655172413792,0.03333333333333333,1.2916666666666667,0.12727272727272726,0.36923076923076925,-0.4606741573033708,0.31788079470198677,-0.5175879396984925,0.35555555555555557,-0.47540983606557374,0.3333333333333333,-0.5,0.8275862068965517,-0.09433962264150944,0.7741935483870968,-0.12727272727272726
2.32,579,517,681,780,690,694,575,562,500,550,0.002890173,0.8730769230769231,-0.06776180698151951,0.9869565217391304,-0.006564551422319475,0.9812680115273775,-0.009454545454545455,1.1843478260869564,0.08439490445859872,1.2117437722419928,0.09573612228479485,1.362,0.15325994919559696,1.145374449339207,0.06776180698151951,1.1304347826086956,0.061224489795918366,1.1239193083573487,0.05834464043419267,1.3565217391304347,0.15129151291512916,1.387900355871886,0.16244411326378538,1.56,0.21875,1.013215859030837,0.006564551422319475,0.8846153846153846,-0.061224489795918366,0.9942363112391931,-0.002890173410404624,1.2,0.09090909090909091,1.2277580071174377,0.10223642172523961,1.38,0.15966386554621848,1.0190895741556534,0.009454545454545455,0.8897435897435897,-0.05834464043419267,1.0057971014492753,0.002890173410404624,1.2069565217391305,0.0937746256895193,1.2348754448398576,0.10509554140127389,1.388,0.1624790619765494,0.8443465491923642,-0.08439490445859872,0.7371794871794872,-0.15129151291512916,0.8333333333333334,-0.09090909090909091,0.8285302593659942,-0.0937746256895193,1.0231316725978647,0.011433597185576077,1.15,0.06976744186046512,0.8252569750367107,-0.09573612228479485,0.7205128205128205,-0.16244411326378538,0.8144927536231884,-0.10223642172523961,0.8097982708933718,-0.10509554140127389,0.9773913043478261,-0.011433597185576077,1.124,0.0583804143126177,0.7342143906020558,-0.15325994919559696,0.6410256410256411,-0.21875,0.7246376811594203,-0.15966386554621848,0.7204610951008645,-0.1624790619765494,0.8695652173913043,-0.06976744186046512,0.8896797153024911,-0.0583804143126177
3.61,4025,3708,5412,4651,4110,4355,4230,4089,4866,4020,0.028942705,1.1636207267254355,0.07562357149955282,1.3167883211678832,0.13673597983616886,1.2427095292766934,0.10822156240401351,1.2794326241134752,0.12258867454884878,1.3235509904622158,0.13924850015787812,1.1122071516646115,0.05312317571511967,0.8593865484109386,-0.07562357149955282,1.1316301703163016,0.06175094167332496,1.0679678530424799,0.03286697757050855,1.0995271867612293,0.047404571557257066,1.1374419173392027,0.0643020594965675,0.9558158651870119,-0.022591152674162025,0.7594235033259423,-0.13673597983616886,0.8836809288325091,-0.06175094167332496,0.9437428243398392,-0.028942705256940343,0.9716312056737588,-0.014388489208633094,1.0051357300073367,0.002561287961946579,0.8446362515413071,-0.08422459893048129,0.8046932742054693,-0.10822156240401351,0.9363577725220382,-0.03286697757050855,1.059610705596107,0.028942705256940343,1.029550827423168,0.014560279557367502,1.0650525800929322,0.031501657981999054,0.8949856144677353,-0.05541698297364711,0.7815964523281597,-0.12258867454884878,0.9094818318641152,-0.047404571557257066,1.0291970802919708,0.014388489208633094,0.9712973593570609,-0.014560279557367502,1.0344827586206897,0.01694915254237288,0.8692971639950678,-0.06992084432717678,0.7555432372505543,-0.13924850015787812,0.8791657708019781,-0.0643020594965675,0.9948905109489051,-0.002561287961946579,0.9389207807118255,-0.031501657981999054,0.9666666666666667,-0.01694915254237288,0.8403205918618989,-0.08676716917922948,0.8991130820399114,-0.05312317571511967,1.0462266179316275,0.022591152674162025,1.183941605839416,0.08422459893048129,1.1173363949483353,0.05541698297364711,1.150354609929078,0.06992084432717678,1.19002201027146,0.08676716917922948
3.5,1105,761,2027,1545,1327,1686,1606,1447,1746,1243,0.119150348,1.3119741100323625,0.1349384098544233,1.5275056518462697,0.20870602265951102,1.2022538552787663,0.0918394828979262,1.2621419676214196,0.1158821910266997,1.4008293020041465,0.1669545192861255,1.1609392898052693,0.07447654386429897,0.7622101628021707,-0.1349384098544233,1.1642803315749812,0.07590529247910864,0.9163701067615658,-0.0436397400185701,0.9620174346201743,-0.019358933671850206,1.0677263303386317,0.032754010695187165,0.8848797250859106,-0.061075660893345485,0.6546620621608288,-0.20870602265951102,0.8588996763754045,-0.07590529247910864,0.7870699881376038,-0.1191503484898772,0.8262764632627646,-0.09512444595976816,0.917069799585349,-0.043258832011535686,0.7600229095074456,-0.13634884477709078,0.8317710902812038,-0.0918394828979262,1.09126213592233,0.0436397400185701,1.2705350414468726,0.1191503484898772,1.049813200498132,0.024301336573511544,1.1651693158258465,0.07628471113948293,0.9656357388316151,-0.017482517482517484,0.7923038973852985,-0.1158821910266997,1.0394822006472493,0.019358933671850206,1.2102486812358704,0.09512444595976816,0.9525504151838672,-0.024301336573511544,1.1098825155494125,0.052079921388797905,0.9198167239404352,-0.041766109785202864,0.7138628515046868,-0.1669545192861255,0.9365695792880259,-0.032754010695187165,1.0904295403165034,0.043258832011535686,0.858244365361803,-0.07628471113948293,0.9009962640099627,-0.052079921388797905,0.8287514318442154,-0.09364234262449107,0.8613714849531328,-0.07447654386429897,1.1300970873786407,0.061075660893345485,1.3157498116051243,0.13634884477709078,1.0355871886120998,0.017482517482517484,1.087173100871731,0.041766109785202864,1.2066344160331721,0.09364234262449107
2.99,59,47,160,143,162,154,54,85,77,49,-0.025316456,1.118881118881119,0.056105610561056105,0.9876543209876543,-0.006211180124223602,1.0389610389610389,0.01910828025477707,2.962962962962963,0.4953271028037383,1.8823529411764706,0.30612244897959184,2.0779220779220777,0.350210970464135,0.89375,-0.056105610561056105,0.8827160493827161,-0.06229508196721312,0.9285714285714286,-0.037037037037037035,2.6481481481481484,0.4517766497461929,1.6823529411764706,0.2543859649122807,1.8571428571428572,0.3,1.0125,0.006211180124223602,1.132867132867133,0.06229508196721312,1.051948051948052,0.02531645569620253,3.0,0.5,1.9058823529411764,0.3117408906882591,2.103896103896104,0.35564853556485354,0.9625,-0.01910828025477707,1.0769230769230769,0.037037037037037035,0.9506172839506173,-0.02531645569620253,2.8518518518518516,0.4807692307692308,1.811764705882353,0.28870292887029286,2.0,0.3333333333333333,0.3375,-0.4953271028037383,0.3776223776223776,-0.4517766497461929,0.3333333333333333,-0.5,0.35064935064935066,-0.4807692307692308,0.6352941176470588,-0.22302158273381295,0.7012987012987013,-0.17557251908396945,0.53125,-0.30612244897959184,0.5944055944055944,-0.2543859649122807,0.5246913580246914,-0.3117408906882591,0.551948051948052,-0.28870292887029286,1.5740740740740742,0.22302158273381295,1.103896103896104,0.04938271604938271,0.48125,-0.350210970464135,0.5384615384615384,-0.3,0.47530864197530864,-0.35564853556485354,0.5,-0.3333333333333333,1.4259259259259258,0.17557251908396945,0.9058823529411765,-0.04938271604938271
2.19,53,54,93,87,113,95,26,36,42,29,-0.086538462,1.0689655172413792,0.03333333333333333,0.8230088495575221,-0.0970873786407767,0.9789473684210527,-0.010638297872340425,3.576923076923077,0.5630252100840336,2.5833333333333335,0.4418604651162791,2.2142857142857144,0.37777777777777777,0.9354838709677419,-0.03333333333333333,0.7699115044247787,-0.13,0.9157894736842105,-0.04395604395604396,3.3461538461538463,0.5398230088495575,2.4166666666666665,0.4146341463414634,2.0714285714285716,0.3488372093023256,1.2150537634408602,0.0970873786407767,1.2988505747126438,0.13,1.1894736842105262,0.08653846153846154,4.346153846153846,0.6258992805755396,3.138888888888889,0.5167785234899329,2.6904761904761907,0.45806451612903226,1.021505376344086,0.010638297872340425,1.0919540229885059,0.04395604395604396,0.8407079646017699,-0.08653846153846154,3.6538461538461537,0.5702479338842975,2.638888888888889,0.45038167938931295,2.261904761904762,0.38686131386861317,0.27956989247311825,-0.5630252100840336,0.2988505747126437,-0.5398230088495575,0.23008849557522124,-0.6258992805755396,0.2736842105263158,-0.5702479338842975,0.7222222222222222,-0.16129032258064516,0.6190476190476191,-0.23529411764705882,0.3870967741935484,-0.4418604651162791,0.41379310344827586,-0.4146341463414634,0.3185840707964602,-0.5167785234899329,0.37894736842105264,-0.45038167938931295,1.3846153846153846,0.16129032258064516,0.8571428571428571,-0.07692307692307693,0.45161290322580644,-0.37777777777777777,0.4827586206896552,-0.3488372093023256,0.37168141592920356,-0.45806451612903226,0.4421052631578947,-0.38686131386861317,1.6153846153846154,0.23529411764705882,1.1666666666666667,0.07692307692307693
3.13,33,39,35,68,108,119,45,48,44,43,0.04845815,0.5147058823529411,-0.32038834951456313,0.32407407407407407,-0.5104895104895105,0.29411764705882354,-0.5454545454545454,0.7777777777777778,-0.125,0.7291666666666666,-0.1566265060240964,0.7954545454545454,-0.11392405063291139,1.9428571428571428,0.32038834951456313,0.6296296296296297,-0.22727272727272727,0.5714285714285714,-0.2727272727272727,1.511111111111111,0.20353982300884957,1.4166666666666667,0.1724137931034483,1.5454545454545454,0.21428571428571427,3.085714285714286,0.5104895104895105,1.588235294117647,0.22727272727272727,0.907563025210084,-0.048458149779735685,2.4,0.4117647058823529,2.25,0.38461538461538464,2.4545454545454546,0.42105263157894735,3.4,0.5454545454545454,1.75,0.2727272727272727,1.1018518518518519,0.048458149779735685,2.6444444444444444,0.45121951219512196,2.4791666666666665,0.4251497005988024,2.7045454545454546,0.4601226993865031,1.2857142857142858,0.125,0.6617647058823529,-0.20353982300884957,0.4166666666666667,-0.4117647058823529,0.37815126050420167,-0.45121951219512196,0.9375,-0.03225806451612903,1.0227272727272727,0.011235955056179775,1.3714285714285714,0.1566265060240964,0.7058823529411765,-0.1724137931034483,0.4444444444444444,-0.38461538461538464,0.40336134453781514,-0.4251497005988024,1.0666666666666667,0.03225806451612903,1.0909090909090908,0.043478260869565216,1.2571428571428571,0.11392405063291139,0.6470588235294118,-0.21428571428571427,0.4074074074074074,-0.42105263157894735,0.3697478991596639,-0.4601226993865031,0.9777777777777777,-0.011235955056179775,0.9166666666666666,-0.043478260869565216
2.4,100,66,330,484,478,555,290,363,329,302,0.074540174,0.6818181818181818,-0.1891891891891892,0.6903765690376569,-0.18316831683168316,0.5945945945945946,-0.2542372881355932,1.1379310344827587,0.06451612903225806,0.9090909090909091,-0.047619047619047616,1.0030395136778116,0.0015174506828528073,1.4666666666666666,0.1891891891891892,1.0125523012552302,0.006237006237006237,0.872072072072072,-0.068334937439846,1.6689655172413793,0.25064599483204136,1.3333333333333333,0.14285714285714285,1.4711246200607904,0.1906519065190652,1.4484848484848485,0.18316831683168316,0.987603305785124,-0.006237006237006237,0.8612612612612612,-0.07454017424975799,1.6482758620689655,0.24479166666666666,1.3168044077134986,0.1367419738406659,1.452887537993921,0.18463444857496902,1.6818181818181819,0.2542372881355932,1.146694214876033,0.068334937439846,1.1610878661087867,0.07454017424975799,1.9137931034482758,0.3136094674556213,1.5289256198347108,0.20915032679738563,1.6869300911854104,0.25565610859728505,0.8787878787878788,-0.06451612903225806,0.5991735537190083,-0.25064599483204136,0.606694560669456,-0.24479166666666666,0.5225225225225225,-0.3136094674556213,0.7988980716253443,-0.11179173047473201,0.8814589665653495,-0.0630048465266559,1.1,0.047619047619047616,0.75,-0.14285714285714285,0.7594142259414226,-0.1367419738406659,0.654054054054054,-0.20915032679738563,1.2517241379310344,0.11179173047473201,1.1033434650455927,0.049132947976878616,0.996969696969697,-0.0015174506828528073,0.6797520661157025,-0.1906519065190652,0.6882845188284519,-0.18463444857496902,0.5927927927927928,-0.25565610859728505,1.1344827586206896,0.0630048465266559,0.90633608815427,-0.049132947976878616
2.13,101,110,85,175,156,125,7,30,28,30,-0.110320285,0.4857142857142857,-0.34615384615384615,0.5448717948717948,-0.2946058091286307,0.68,-0.19047619047619047,12.142857142857142,0.8478260869565217,2.8333333333333335,0.4782608695652174,3.0357142857142856,0.504424778761062,2.0588235294117645,0.34615384615384615,1.1217948717948718,0.05740181268882175,1.4,0.16666666666666666,25.0,0.9230769230769231,5.833333333333333,0.7073170731707317,6.25,0.7241379310344828,1.8352941176470587,0.2946058091286307,0.8914285714285715,-0.05740181268882175,1.248,0.1103202846975089,22.285714285714285,0.9141104294478528,5.2,0.6774193548387096,5.571428571428571,0.6956521739130435,1.4705882352941178,0.19047619047619047,0.7142857142857143,-0.16666666666666666,0.8012820512820513,-0.1103202846975089,17.857142857142858,0.8939393939393939,4.166666666666667,0.6129032258064516,4.464285714285714,0.6339869281045751,0.08235294117647059,-0.8478260869565217,0.04,-0.9230769230769231,0.04487179487179487,-0.9141104294478528,0.056,-0.8939393939393939,0.23333333333333334,-0.6216216216216216,0.25,-0.6,0.35294117647058826,-0.4782608695652174,0.17142857142857143,-0.7073170731707317,0.19230769230769232,-0.6774193548387096,0.24,-0.6129032258064516,4.285714285714286,0.6216216216216216,1.0714285714285714,0.034482758620689655,0.32941176470588235,-0.504424778761062,0.16,-0.7241379310344828,0.1794871794871795,-0.6956521739130435,0.224,-0.6339869281045751,4.0,0.6,0.9333333333333333,-0.034482758620689655
1.1,297,256,412,560,373,335,255,282,250,273,-0.053672316,0.7357142857142858,-0.1522633744855967,1.1045576407506703,0.049681528662420385,1.2298507462686568,0.10307898259705489,1.615686274509804,0.2353823088455772,1.4609929078014185,0.1873198847262248,1.648,0.24471299093655588,1.3592233009708738,0.1522633744855967,1.5013404825737264,0.20042872454448016,1.671641791044776,0.25139664804469275,2.196078431372549,0.37423312883435583,1.9858156028368794,0.33016627078384797,2.24,0.38271604938271603,0.9053398058252428,-0.049681528662420385,0.6660714285714285,-0.20042872454448016,1.1134328358208956,0.05367231638418079,1.4627450980392156,0.18789808917197454,1.322695035460993,0.13893129770992366,1.492,0.19743178170144463,0.8131067961165048,-0.10307898259705489,0.5982142857142857,-0.25139664804469275,0.8981233243967829,-0.05367231638418079,1.3137254901960784,0.13559322033898305,1.1879432624113475,0.08589951377633712,1.34,0.1452991452991453,0.6189320388349514,-0.2353823088455772,0.45535714285714285,-0.37423312883435583,0.6836461126005362,-0.18789808917197454,0.7611940298507462,-0.13559322033898305,0.9042553191489362,-0.05027932960893855,1.02,0.009900990099009901,0.6844660194174758,-0.1873198847262248,0.5035714285714286,-0.33016627078384797,0.7560321715817694,-0.13893129770992366,0.8417910447761194,-0.08589951377633712,1.1058823529411765,0.05027932960893855,1.128,0.06015037593984962,0.6067961165048543,-0.24471299093655588,0.44642857142857145,-0.38271604938271603,0.6702412868632708,-0.19743178170144463,0.746268656716418,-0.1452991452991453,0.9803921568627451,-0.009900990099009901,0.8865248226950354,-0.06015037593984962
1.81,232,220,379,457,390,346,187,198,209,195,-0.059782609,0.8293216630196937,-0.09330143540669857,0.9717948717948718,-0.014304291287386216,1.0953757225433527,0.04551724137931035,2.0267379679144386,0.3392226148409894,1.9141414141414141,0.31369150779896016,1.813397129186603,0.2891156462585034,1.2058047493403694,0.09330143540669857,1.1717948717948719,0.07910271546635184,1.3208092485549132,0.1382316313823163,2.443850267379679,0.4192546583850932,2.308080808080808,0.39541984732824426,2.186602870813397,0.37237237237237236,1.029023746701847,0.014304291287386216,0.8533916849015317,-0.07910271546635184,1.1271676300578035,0.059782608695652176,2.085561497326203,0.35181975736568455,1.9696969696969697,0.32653061224489793,1.8660287081339713,0.3021702838063439,0.9129287598944591,-0.04551724137931035,0.7571115973741794,-0.1382316313823163,0.8871794871794871,-0.059782608695652176,1.8502673796791445,0.29831144465290804,1.7474747474747474,0.27205882352941174,1.6555023923444976,0.24684684684684685,0.49340369393139843,-0.3392226148409894,0.40919037199124725,-0.4192546583850932,0.4794871794871795,-0.35181975736568455,0.5404624277456648,-0.29831144465290804,0.9444444444444444,-0.02857142857142857,0.8947368421052632,-0.05555555555555555,0.5224274406332454,-0.31369150779896016,0.43326039387308535,-0.39541984732824426,0.5076923076923077,-0.32653061224489793,0.5722543352601156,-0.27205882352941174,1.0588235294117647,0.02857142857142857,0.9473684210526315,-0.02702702702702703,0.5514511873350924,-0.2891156462585034,0.4573304157549234,-0.37237237237237236,0.5358974358974359,-0.3021702838063439,0.6040462427745664,-0.24684684684684685,1.1176470588235294,0.05555555555555555,1.0555555555555556,0.02702702702702703
1.76,174,163,301,378,332,270,148,160,181,151,-0.102990033,0.7962962962962963,-0.1134020618556701,0.9066265060240963,-0.04897314375987362,1.114814814814815,0.0542907180385289,2.0337837837837838,0.34075723830734966,1.88125,0.30585683297180044,1.6629834254143647,0.24896265560165975,1.255813953488372,0.1134020618556701,1.1385542168674698,0.0647887323943662,1.4,0.16666666666666666,2.554054054054054,0.4372623574144487,2.3625,0.4052044609665427,2.088397790055249,0.35241502683363146,1.1029900332225913,0.04897314375987362,0.8783068783068783,-0.0647887323943662,1.2296296296296296,0.10299003322259136,2.2432432432432434,0.38333333333333336,2.075,0.34959349593495936,1.8342541436464088,0.29434697855750486,0.8970099667774086,-0.0542907180385289,0.7142857142857143,-0.16666666666666666,0.8132530120481928,-0.10299003322259136,1.8243243243243243,0.291866028708134,1.6875,0.2558139534883721,1.4917127071823204,0.1973392461197339,0.49169435215946844,-0.34075723830734966,0.3915343915343915,-0.4372623574144487,0.4457831325301205,-0.38333333333333336,0.5481481481481482,-0.291866028708134,0.925,-0.03896103896103896,0.8176795580110497,-0.10030395136778116,0.53156146179402,-0.30585683297180044,0.42328042328042326,-0.4052044609665427,0.4819277108433735,-0.34959349593495936,0.5925925925925926,-0.2558139534883721,1.0810810810810811,0.03896103896103896,0.8839779005524862,-0.06158357771260997,0.6013289036544851,-0.24896265560165975,0.47883597883597884,-0.35241502683363146,0.5451807228915663,-0.29434697855750486,0.6703703703703704,-0.1973392461197339,1.222972972972973,0.10030395136778116,1.13125,0.06158357771260997
1.2,525,466,787,884,714,644,473,500,492,466,-0.051546392,0.8902714932126696,-0.058049072411729505,1.1022408963585435,0.04863424383744171,1.2220496894409938,0.09993011879804332,1.6638477801268499,0.2492063492063492,1.574,0.222999222999223,1.5995934959349594,0.23064894448788115,1.1232528589580686,0.058049072411729505,1.2380952380952381,0.10638297872340426,1.3726708074534162,0.15706806282722513,1.8689217758985202,0.30287398673544585,1.768,0.2774566473988439,1.7967479674796747,0.28488372093023256,0.9072426937738246,-0.04863424383744171,0.8076923076923077,-0.10638297872340426,1.108695652173913,0.05154639175257732,1.5095137420718816,0.2030328559393429,1.428,0.17627677100494235,1.451219512195122,0.18407960199004975,0.818297331639136,-0.09993011879804332,0.7285067873303167,-0.15706806282722513,0.9019607843137255,-0.05154639175257732,1.3615221987315012,0.153088630259624,1.288,0.1258741258741259,1.3089430894308942,0.13380281690140844,0.6010165184243964,-0.2492063492063492,0.5350678733031674,-0.30287398673544585,0.6624649859943977,-0.2030328559393429,0.734472049689441,-0.153088630259624,0.946,-0.02774922918807811,0.9613821138211383,-0.019689119170984457,0.6353240152477764,-0.222999222999223,0.5656108597285068,-0.2774566473988439,0.7002801120448179,-0.17627677100494235,0.7763975155279503,-0.1258741258741259,1.0570824524312896,0.02774922918807811,1.016260162601626,0.008064516129032258,0.625158831003812,-0.23064894448788115,0.5565610859728507,-0.28488372093023256,0.6890756302521008,-0.18407960199004975,0.7639751552795031,-0.13380281690140844,1.040169133192389,0.019689119170984457,0.984,-0.008064516129032258
1.34,1072,938,1587,1680,1415,1380,1189,1160,1125,1125,-0.012522361,0.9446428571428571,-0.028466483011937556,1.1215547703180213,0.05729513657561625,1.15,0.06976744186046512,1.334735071488646,0.14337175792507204,1.368103448275862,0.15544230069166362,1.4106666666666667,0.17035398230088494,1.0586011342155008,0.028466483011937556,1.187279151943463,0.08562197092084006,1.2173913043478262,0.09803921568627451,1.4129520605550883,0.17113976995468805,1.4482758620689655,0.18309859154929578,1.4933333333333334,0.19786096256684493,0.8916194076874606,-0.05729513657561625,0.8422619047619048,-0.08562197092084006,1.0253623188405796,0.012522361359570662,1.190075693860387,0.08678955453149001,1.2198275862068966,0.09902912621359224,1.2577777777777779,0.1141732283464567,0.8695652173913043,-0.06976744186046512,0.8214285714285714,-0.09803921568627451,0.9752650176678446,-0.012522361359570662,1.1606391925988226,0.07434799532892176,1.1896551724137931,0.08661417322834646,1.2266666666666666,0.10179640718562874,0.7492123503465659,-0.14337175792507204,0.7077380952380953,-0.17113976995468805,0.8402826855123675,-0.08678955453149001,0.8615942028985507,-0.07434799532892176,1.025,0.012345679012345678,1.056888888888889,0.027657735522904063,0.7309388783868935,-0.15544230069166362,0.6904761904761905,-0.18309859154929578,0.8197879858657244,-0.09902912621359224,0.8405797101449275,-0.08661417322834646,0.975609756097561,-0.012345679012345678,1.031111111111111,0.015317286652078774,0.7088846880907372,-0.17035398230088494,0.6696428571428571,-0.19786096256684493,0.7950530035335689,-0.1141732283464567,0.8152173913043478,-0.10179640718562874,0.9461732548359967,-0.027657735522904063,0.9698275862068966,-0.015317286652078774
1.44,850,751,1022,1068,943,964,780,817,753,764,0.011012061,0.9569288389513109,-0.02200956937799043,1.0837751855779427,0.04020356234096692,1.0601659751037344,0.02920443101711984,1.3102564102564103,0.13429522752497225,1.2509179926560587,0.11147362697117999,1.3572377158034528,0.15154929577464787,1.0450097847358122,0.02200956937799043,1.1325556733828208,0.062158130283441075,1.107883817427386,0.051181102362204724,1.3692307692307693,0.15584415584415584,1.307221542227662,0.13315649867374005,1.4183266932270917,0.17298187808896212,0.9227005870841487,-0.04020356234096692,0.8829588014981273,-0.062158130283441075,0.9782157676348547,-0.01101206082852648,1.208974358974359,0.09460243760882182,1.1542227662178703,0.0715909090909091,1.252324037184595,0.11202830188679246,0.9432485322896281,-0.02920443101711984,0.9026217228464419,-0.051181102362204724,1.0222693531283138,0.01101206082852648,1.235897435897436,0.10550458715596331,1.1799265605875153,0.08253790005614824,1.2802124833997344,0.12288875946418171,0.7632093933463796,-0.13429522752497225,0.7303370786516854,-0.15584415584415584,0.8271474019088016,-0.09460243760882182,0.8091286307053942,-0.10550458715596331,0.9547123623011016,-0.023168440826549782,1.0358565737051793,0.01761252446183953,0.799412915851272,-0.11147362697117999,0.7649812734082397,-0.13315649867374005,0.8663838812301167,-0.0715909090909091,0.8475103734439834,-0.08253790005614824,1.0474358974358975,0.023168440826549782,1.0849933598937582,0.04076433121019108,0.7367906066536204,-0.15154929577464787,0.7050561797752809,-0.17298187808896212,0.7985153764581124,-0.11202830188679246,0.7811203319502075,-0.12288875946418171,0.9653846153846154,-0.01761252446183953,0.9216646266829865,-0.04076433121019108
1.64,1380,1330,1545,1673,1414,1474,1467,1584,1232,1628,0.020775623,0.9234907352062164,-0.039776258545680544,1.0926449787835926,0.04427171341669483,1.048168249660787,0.023517721099701887,1.0531697341513293,0.025896414342629483,0.9753787878787878,-0.012464046021093002,1.2540584415584415,0.11271155923658624,1.0828478964401294,0.039776258545680544,1.183168316831683,0.08390022675736962,1.1350067842605156,0.06323482681919289,1.1404226312201773,0.06560509554140127,1.0561868686868687,0.027325759901750075,1.3579545454545454,0.15180722891566265,0.915210355987055,-0.04427171341669483,0.8451882845188284,-0.08390022675736962,0.9592944369063772,-0.02077562326869806,0.9638718473074301,-0.018396390142311696,0.8926767676767676,-0.05670446964643095,1.1477272727272727,0.06878306878306878,0.9540453074433657,-0.023517721099701887,0.8810520023909145,-0.06323482681919289,1.0424328147100423,0.02077562326869806,1.0047716428084525,0.0023801428085685142,0.9305555555555556,-0.03597122302158273,1.1964285714285714,0.08943089430894309,0.9495145631067962,-0.025896414342629483,0.8768679019725045,-0.06560509554140127,1.0374823196605374,0.018396390142311696,0.9952510176390773,-0.0023801428085685142,0.9261363636363636,-0.038348082595870206,1.1907467532467533,0.08706928492034087,1.025242718446602,0.012464046021093002,0.9468021518230724,-0.027325759901750075,1.1202263083451203,0.05670446964643095,1.0746268656716418,0.03597122302158273,1.0797546012269938,0.038348082595870206,1.2857142857142858,0.125,0.7974110032362459,-0.11271155923658624,0.7364016736401674,-0.15180722891566265,0.8712871287128713,-0.06878306878306878,0.835820895522388,-0.08943089430894309,0.8398091342876619,-0.08706928492034087,0.7777777777777778,-0.125
1.38,924,816,1006,1101,1005,989,872,867,793,829,-0.008024072,0.9137148047229791,-0.045087802562885616,1.0009950248756219,0.0004972650422675286,1.0171890798786654,0.008521303258145364,1.1536697247706422,0.07135250266240682,1.160322952710496,0.07421249332621463,1.2686002522068096,0.11839911061700945,1.0944333996023856,0.045087802562885616,1.0955223880597016,0.045584045584045586,1.1132457027300304,0.053588516746411484,1.2626146788990826,0.11606690319310695,1.2698961937716262,0.11890243902439024,1.3883984867591426,0.16261879619852165,0.9990059642147118,-0.0004972650422675286,0.9128065395095368,-0.045584045584045586,1.0161779575328616,0.00802407221664995,1.1525229357798166,0.07085775173148641,1.1591695501730104,0.07371794871794872,1.2673392181588903,0.11790878754171301,0.9831013916500994,-0.008521303258145364,0.8982742960944596,-0.053588516746411484,0.9840796019900497,-0.00802407221664995,1.1341743119266054,0.06286942504030091,1.140715109573241,0.06573275862068965,1.2471626733921817,0.10998877665544332,0.8667992047713717,-0.07135250266240682,0.7920072661217076,-0.11606690319310695,0.8676616915422886,-0.07085775173148641,0.8816986855409504,-0.06286942504030091,1.0057670126874279,0.002875215641173088,1.0996216897856241,0.04744744744744745,0.8618290258449304,-0.07421249332621463,0.7874659400544959,-0.11890243902439024,0.8626865671641791,-0.07371794871794872,0.8766430738119313,-0.06573275862068965,0.9942660550458715,-0.002875215641173088,1.0933165195460277,0.04457831325301205,0.7882703777335984,-0.11839911061700945,0.7202543142597638,-0.16261879619852165,0.7890547263681592,-0.11790878754171301,0.8018200202224469,-0.10998877665544332,0.9094036697247706,-0.04744744744744745,0.9146482122260668,-0.04457831325301205
1.9,1703,1458,1568,1631,1628,1864,2006,2136,1733,2194,0.067583047,0.9613733905579399,-0.019693654266958426,0.9631449631449631,-0.01877346683354193,0.8412017167381974,-0.08624708624708624,0.7816550348953141,-0.1225517627308338,0.7340823970037453,-0.15334773218142547,0.9047893825735719,-0.04998485307482581,1.0401785714285714,0.019693654266958426,1.0018427518427517,0.0009205277692543725,0.875,-0.06666666666666667,0.8130608175473579,-0.10310695628265054,0.7635767790262172,-0.13405893283780196,0.9411425274091172,-0.03032104637336504,1.038265306122449,0.01877346683354193,0.9981606376456161,-0.0009205277692543725,0.8733905579399142,-0.06758304696449026,0.8115653040877367,-0.10401761144744083,0.7621722846441947,-0.13496280552603612,0.9394114252740912,-0.031240702171972626,1.1887755102040816,0.08624708624708624,1.1428571428571428,0.06666666666666667,1.144963144963145,0.06758304696449026,0.9292123629112662,-0.03669250645994832,0.8726591760299626,-0.068,1.0755914598961338,0.036419238254100636,1.2793367346938775,0.1225517627308338,1.2299202942979768,0.10310695628265054,1.2321867321867321,0.10401761144744083,1.0761802575107295,0.03669250645994832,0.9391385767790262,-0.031385803959439885,1.1575302942873629,0.07301417491307836,1.3622448979591837,0.15334773218142547,1.3096259963212753,0.13405893283780196,1.3120393120393121,0.13496280552603612,1.145922746781116,0.068,1.0648055832502492,0.031385803959439885,1.2325447201384883,0.10416128198500904,1.1052295918367347,0.04998485307482581,1.0625383200490497,0.03032104637336504,1.0644963144963144,0.031240702171972626,0.9297210300429185,-0.036419238254100636,0.8639082751744765,-0.07301417491307836,0.8113295880149812,-0.10416128198500904
3.07,2469,2207,2285,2506,2434,2656,2753,2698,2580,2636,0.043614931,0.9118116520351157,-0.04612815696096848,0.938783894823336,-0.03157448611994067,0.860316265060241,-0.07508601497672536,0.830003632401017,-0.09289400555776102,0.8469236471460341,-0.08288179811358619,0.8856589147286822,-0.06063720452209661,1.0967177242888402,0.04612815696096848,1.029580936729663,0.014574898785425101,0.9435240963855421,-0.02905850445563735,0.9102796948783146,-0.046967104012169615,0.9288361749444033,-0.03689469638739431,0.9713178294573643,-0.014549744396382226,1.0652078774617069,0.03157448611994067,0.9712689545091779,-0.014574898785425101,0.9164156626506024,-0.04361493123772102,0.8841264075553941,-0.061499903605166766,0.9021497405485545,-0.05144193296960249,0.9434108527131783,-0.029118468288791385,1.162363238512035,0.07508601497672536,1.059856344772546,0.02905850445563735,1.0912078882497946,0.04361493123772102,0.9647657101343988,-0.017933074505453873,0.9844329132690882,-0.007844602166604408,1.0294573643410854,0.014514896867838044,1.2048140043763675,0.09289400555776102,1.0985634477254589,0.046967104012169615,1.1310599835661463,0.061499903605166766,1.0365210843373494,0.017933074505453873,1.0203854707190512,0.01008989176297927,1.0670542635658915,0.032439527470466904,1.1807439824945296,0.08288179811358619,1.0766161213088588,0.03689469638739431,1.1084634346754314,0.05144193296960249,1.0158132530120483,0.007844602166604408,0.9800217944061025,-0.01008989176297927,1.0457364341085271,0.02235695339143615,1.1291028446389497,0.06063720452209661,1.0295291300877893,0.014549744396382226,1.0599835661462613,0.029118468288791385,0.9713855421686747,-0.014514896867838044,0.9371594624046494,-0.032439527470466904,0.9562638991845812,-0.02235695339143615
1.5,883,799,1173,1300,1124,1083,967,950,909,948,-0.018577254,0.9023076923076923,-0.05135463000404367,1.043594306049822,0.02133217239878102,1.0831024930747923,0.0398936170212766,1.2130299896587384,0.09626168224299066,1.2347368421052631,0.10504003768252473,1.2904290429042904,0.12680115273775217,1.1082693947144076,0.05135463000404367,1.1565836298932384,0.07260726072607261,1.2003693444136658,0.09106168694922366,1.344364012409514,0.14689016321129245,1.368421052631579,0.15555555555555556,1.4301430143014302,0.17700316885468537,0.9582267689684569,-0.02133217239878102,0.8646153846153846,-0.07260726072607261,1.0378578024007388,0.018577254191209785,1.1623578076525336,0.07508369201339073,1.1831578947368422,0.08389585342333655,1.2365236523652365,0.1057550418101328,0.9232736572890026,-0.0398936170212766,0.833076923076923,-0.09106168694922366,0.9635231316725978,-0.018577254191209785,1.1199586349534643,0.05658536585365854,1.14,0.06542056074766354,1.1914191419141915,0.08734939759036145,0.824381926683717,-0.09626168224299066,0.7438461538461538,-0.14689016321129245,0.8603202846975089,-0.07508369201339073,0.8928901200369345,-0.05658536585365854,1.0178947368421052,0.008868022952529996,1.0638063806380638,0.03091684434968017,0.8098891730605285,-0.10504003768252473,0.7307692307692307,-0.15555555555555556,0.8451957295373665,-0.08389585342333655,0.8771929824561403,-0.06542056074766354,0.9824198552223371,-0.008868022952529996,1.045104510451045,0.022054868208714364,0.7749360613810742,-0.12680115273775217,0.6992307692307692,-0.17700316885468537,0.8087188612099644,-0.1057550418101328,0.8393351800554016,-0.08734939759036145,0.9400206825232679,-0.03091684434968017,0.9568421052631579,-0.022054868208714364
1.7,649,575,806,853,751,786,681,723,729,675,0.022771633,0.9449003516998827,-0.028330319469559977,1.0732356857523302,0.035324341682723186,1.025445292620865,0.01256281407035176,1.183553597650514,0.08406186953597848,1.1147994467496543,0.05428384565075212,1.1056241426611797,0.0501628664495114,1.0583126550868487,0.028330319469559977,1.1358189081225034,0.06359102244389027,1.0852417302798982,0.04087858450274558,1.2525697503671072,0.1121251629726206,1.1798063623789765,0.08248730964467005,1.1700960219478738,0.07838179519595449,0.9317617866004962,-0.035324341682723186,0.88042203985932,-0.06359102244389027,0.955470737913486,-0.02277163305139883,1.1027900146842877,0.04888268156424581,1.0387275242047027,0.018995929443690638,1.0301783264746227,0.014864864864864866,0.9751861042183623,-0.01256281407035176,0.9214536928487691,-0.04087858450274558,1.0466045272969373,0.02277163305139883,1.1541850220264318,0.07157464212678936,1.0871369294605808,0.041749502982107355,1.0781893004115226,0.03762376237623762,0.8449131513647643,-0.08406186953597848,0.798358733880422,-0.1121251629726206,0.9067909454061251,-0.04888268156424581,0.8664122137404581,-0.07157464212678936,0.941908713692946,-0.029914529914529916,0.934156378600823,-0.03404255319148936,0.8970223325062034,-0.05428384565075212,0.8475967174677609,-0.08248730964467005,0.96271637816245,-0.018995929443690638,0.9198473282442748,-0.041749502982107355,1.0616740088105727,0.029914529914529916,0.9917695473251029,-0.004132231404958678,0.9044665012406948,-0.0501628664495114,0.854630715123095,-0.07838179519595449,0.9707057256990679,-0.014864864864864866,0.9274809160305344,-0.03762376237623762,1.0704845814977975,0.03404255319148936,1.008298755186722,0.004132231404958678
2.18,38,29,184,120,100,102,70,97,66,77,0.00990099,1.5333333333333334,0.21052631578947367,1.84,0.29577464788732394,1.803921568627451,0.2867132867132867,2.6285714285714286,0.44881889763779526,1.8969072164948453,0.3096085409252669,2.787878787878788,0.472,0.6521739130434783,-0.21052631578947367,1.2,0.09090909090909091,1.1764705882352942,0.08108108108108109,1.7142857142857142,0.2631578947368421,1.2371134020618557,0.10599078341013825,1.8181818181818181,0.2903225806451613,0.5434782608695652,-0.29577464788732394,0.8333333333333334,-0.09090909090909091,0.9803921568627451,-0.009900990099009901,1.4285714285714286,0.17647058823529413,1.0309278350515463,0.015228426395939087,1.5151515151515151,0.20481927710843373,0.5543478260869565,-0.2867132867132867,0.85,-0.08108108108108109,1.02,0.009900990099009901,1.457142857142857,0.18604651162790697,1.0515463917525774,0.02512562814070352,1.5454545454545454,0.21428571428571427,0.3804347826086957,-0.44881889763779526,0.5833333333333334,-0.2631578947368421,0.7,-0.17647058823529413,0.6862745098039216,-0.18604651162790697,0.7216494845360825,-0.16167664670658682,1.0606060606060606,0.029411764705882353,0.5271739130434783,-0.3096085409252669,0.8083333333333333,-0.10599078341013825,0.97,-0.015228426395939087,0.9509803921568627,-0.02512562814070352,1.3857142857142857,0.16167664670658682,1.4696969696969697,0.1901840490797546,0.358695652173913,-0.472,0.55,-0.2903225806451613,0.66,-0.20481927710843373,0.6470588235294118,-0.21428571428571427,0.9428571428571428,-0.029411764705882353,0.6804123711340206,-0.1901840490797546
3.74,58,39,86,104,114,106,63,56,65,65,-0.036363636,0.8269230769230769,-0.09473684210526316,0.7543859649122807,-0.14,0.8113207547169812,-0.10416666666666667,1.3650793650793651,0.15436241610738255,1.5357142857142858,0.2112676056338028,1.323076923076923,0.1390728476821192,1.2093023255813953,0.09473684210526316,0.9122807017543859,-0.045871559633027525,0.9811320754716981,-0.009523809523809525,1.6507936507936507,0.24550898203592814,1.8571428571428572,0.3,1.6,0.23076923076923078,1.3255813953488371,0.14,1.0961538461538463,0.045871559633027525,1.0754716981132075,0.03636363636363636,1.8095238095238095,0.288135593220339,2.0357142857142856,0.3411764705882353,1.7538461538461538,0.2737430167597765,1.2325581395348837,0.10416666666666667,1.0192307692307692,0.009523809523809525,0.9298245614035088,-0.03636363636363636,1.6825396825396826,0.25443786982248523,1.8928571428571428,0.30864197530864196,1.6307692307692307,0.23976608187134502,0.7325581395348837,-0.15436241610738255,0.6057692307692307,-0.24550898203592814,0.5526315789473685,-0.288135593220339,0.5943396226415094,-0.25443786982248523,1.125,0.058823529411764705,0.9692307692307692,-0.015625,0.6511627906976745,-0.2112676056338028,0.5384615384615384,-0.3,0.49122807017543857,-0.3411764705882353,0.5283018867924528,-0.30864197530864196,0.8888888888888888,-0.058823529411764705,0.8615384615384616,-0.0743801652892562,0.7558139534883721,-0.1390728476821192,0.625,-0.23076923076923078,0.5701754385964912,-0.2737430167597765,0.6132075471698113,-0.23976608187134502,1.0317460317460319,0.015625,1.1607142857142858,0.0743801652892562
1.93,69,56,226,224,190,159,79,97,87,81,-0.088825215,1.0089285714285714,0.0044444444444444444,1.1894736842105262,0.08653846153846154,1.421383647798742,0.17402597402597403,2.8607594936708862,0.4819672131147541,2.329896907216495,0.3993808049535604,2.5977011494252875,0.4440894568690096,0.9911504424778761,-0.0044444444444444444,1.1789473684210525,0.0821256038647343,1.4088050314465408,0.16971279373368145,2.8354430379746836,0.47854785478547857,2.3092783505154637,0.3956386292834891,2.574712643678161,0.4405144694533762,0.8407079646017699,-0.08653846153846154,0.8482142857142857,-0.0821256038647343,1.1949685534591195,0.08882521489971347,2.4050632911392404,0.41263940520446096,1.958762886597938,0.3240418118466899,2.1839080459770117,0.37184115523465705,0.7035398230088495,-0.17402597402597403,0.7098214285714286,-0.16971279373368145,0.8368421052631579,-0.08882521489971347,2.0126582278481013,0.33613445378151263,1.6391752577319587,0.2421875,1.8275862068965518,0.2926829268292683,0.3495575221238938,-0.4819672131147541,0.35267857142857145,-0.47854785478547857,0.41578947368421054,-0.41263940520446096,0.4968553459119497,-0.33613445378151263,0.8144329896907216,-0.10227272727272728,0.9080459770114943,-0.04819277108433735,0.42920353982300885,-0.3993808049535604,0.4330357142857143,-0.3956386292834891,0.5105263157894737,-0.3240418118466899,0.610062893081761,-0.2421875,1.2278481012658229,0.10227272727272728,1.1149425287356323,0.05434782608695652,0.38495575221238937,-0.4440894568690096,0.38839285714285715,-0.4405144694533762,0.45789473684210524,-0.37184115523465705,0.5471698113207547,-0.2926829268292683,1.1012658227848102,0.04819277108433735,0.8969072164948454,-0.05434782608695652
1.03,21,35,42,117,97,58,17,30,21,23,-0.251612903,0.358974358974359,-0.4716981132075472,0.4329896907216495,-0.39568345323741005,0.7241379310344828,-0.16,2.4705882352941178,0.423728813559322,1.4,0.16666666666666666,2.0,0.3333333333333333,2.7857142857142856,0.4716981132075472,1.2061855670103092,0.09345794392523364,2.0172413793103448,0.33714285714285713,6.882352941176471,0.746268656716418,3.9,0.5918367346938775,5.571428571428571,0.6956521739130435,2.3095238095238093,0.39568345323741005,0.8290598290598291,-0.09345794392523364,1.6724137931034482,0.25161290322580643,5.705882352941177,0.7017543859649122,3.2333333333333334,0.5275590551181102,4.619047619047619,0.6440677966101694,1.380952380952381,0.16,0.49572649572649574,-0.33714285714285713,0.5979381443298969,-0.25161290322580643,3.411764705882353,0.5466666666666666,1.9333333333333333,0.3181818181818182,2.761904761904762,0.46835443037974683,0.40476190476190477,-0.423728813559322,0.1452991452991453,-0.746268656716418,0.17525773195876287,-0.7017543859649122,0.29310344827586204,-0.5466666666666666,0.5666666666666667,-0.2765957446808511,0.8095238095238095,-0.10526315789473684,0.7142857142857143,-0.16666666666666666,0.2564102564102564,-0.5918367346938775,0.30927835051546393,-0.5275590551181102,0.5172413793103449,-0.3181818181818182,1.7647058823529411,0.2765957446808511,1.4285714285714286,0.17647058823529413,0.5,-0.3333333333333333,0.1794871794871795,-0.6956521739130435,0.21649484536082475,-0.6440677966101694,0.3620689655172414,-0.46835443037974683,1.2352941176470589,0.10526315789473684,0.7,-0.17647058823529413
1.28,158,135,68,183,200,171,127,140,135,107,-0.078167116,0.37158469945355194,-0.4581673306772908,0.34,-0.4925373134328358,0.39766081871345027,-0.4309623430962343,0.5354330708661418,-0.30256410256410254,0.4857142857142857,-0.34615384615384615,0.5037037037037037,-0.33004926108374383,2.6911764705882355,0.4581673306772908,0.915,-0.044386422976501305,1.0701754385964912,0.03389830508474576,1.4409448818897639,0.18064516129032257,1.3071428571428572,0.13312693498452013,1.3555555555555556,0.1509433962264151,2.9411764705882355,0.4925373134328358,1.092896174863388,0.044386422976501305,1.1695906432748537,0.07816711590296496,1.5748031496062993,0.22324159021406728,1.4285714285714286,0.17647058823529413,1.4814814814814814,0.19402985074626866,2.514705882352941,0.4309623430962343,0.9344262295081968,-0.03389830508474576,0.855,-0.07816711590296496,1.3464566929133859,0.1476510067114094,1.2214285714285715,0.09967845659163987,1.2666666666666666,0.11764705882352941,1.8676470588235294,0.30256410256410254,0.6939890710382514,-0.18064516129032257,0.635,-0.22324159021406728,0.7426900584795322,-0.1476510067114094,0.9071428571428571,-0.04868913857677903,0.9407407407407408,-0.030534351145038167,2.0588235294117645,0.34615384615384615,0.7650273224043715,-0.13312693498452013,0.7,-0.17647058823529413,0.8187134502923976,-0.09967845659163987,1.1023622047244095,0.04868913857677903,1.037037037037037,0.01818181818181818,1.9852941176470589,0.33004926108374383,0.7377049180327869,-0.1509433962264151,0.675,-0.19402985074626866,0.7894736842105263,-0.11764705882352941,1.062992125984252,0.030534351145038167,0.9642857142857143,-0.01818181818181818
